customer_id,segment,is_active,signup_date,country,acquisition_channel,plan,subscription_status,current_mrr,total_revenue,latest_usage_frequency,usage_trend,latest_nps,support_ticket_count,failed_payment_count,churn_risk_score,churn_risk_band,revenue_at_risk,main_driver,recommended_action,health_status,revenue_segment,usage_segment,risk_segment,nps_segment
CUST-a07cc8f7,Mid-Market,False,2026-02-23 21:53:56,Canada,Outbound Sales,Basic,Canceled,0.0,147.0,11.0,Declining,,0.0,0.0,0.0,Low,0.0,None,No action required,Healthy,Mid Value,No Usage,Low Risk,No NPS
CUST-4eccd2dc,Enterprise,True,2025-12-03 15:58:30,Australia,Paid Social,Basic,Active,49.0,294.0,119.0,Declining,0.0,1.0,0.0,0.2,Medium,0.0,Low NPS,No action required,Watch,Mid Value,No Usage,Low Risk,Detractor
CUST-4a794178,Mid-Market,True,2026-02-25 09:14:42,Germany,Referral,Pro,Active,199.0,398.0,167.33333333333334,Declining,,0.0,1.0,0.4,High,199.0,Failed Payments,Automated Payment Recovery — Failed Transaction,At Risk,Mid Value,No Usage,Low Risk,No NPS
CUST-60a69ed7,Startup,True,2026-04-07 05:59:59,Canada,Paid Social,Premium,Active,499.0,998.0,195.0,Declining,,1.0,0.0,0.0,Low,0.0,None,No action required,Healthy,Mid Value,No Usage,Low Risk,No NPS
CUST-8d3c56ad,SMB,False,2025-01-07 00:39:48,UK,Outbound Sales,Premium,Canceled,0.0,1996.0,131.125,Declining,,4.0,0.0,0.0,Low,0.0,None,No action required,Healthy,Enterprise Value,No Usage,Low Risk,No NPS
CUST-67b36926,Startup,True,2024-10-09 03:14:52,Germany,Organic Search,Pro,Active,199.0,3582.0,382.8421052631579,Declining,8.0,3.0,1.0,0.6000000000000001,High,199.0,Failed Payments,Automated Payment Recovery — Failed Transaction,At Risk,Enterprise Value,No Usage,Low Risk,Passive
CUST-e53bb614,Startup,False,2025-06-26 05:58:41,UK,Direct,Premium,Canceled,0.0,4990.0,77.0,Declining,,5.0,1.0,0.0,Low,0.0,None,Automated Payment Recovery — Failed Transaction,Healthy,Enterprise Value,No Usage,Low Risk,No NPS
CUST-cff0fb9f,SMB,True,2025-03-13 11:13:50,UK,Outbound Sales,Pro,Past Due,199.0,2189.0,456.57142857142856,Declining,,1.0,3.0,0.4,High,0.0,Failed Payments,Automated Payment Recovery — Failed Transaction,At Risk,Enterprise Value,No Usage,Low Risk,No NPS
CUST-1d6d4546,Startup,False,2025-11-16 05:00:18,USA,Organic Search,Premium,Canceled,0.0,2495.0,36.5,Declining,,1.0,0.0,0.0,Low,0.0,None,No action required,Healthy,Enterprise Value,No Usage,Low Risk,No NPS
CUST-157548fe,Startup,False,2025-03-08 10:41:38,Australia,Referral,Pro,Canceled,0.0,398.0,222.14285714285714,Declining,,3.0,0.0,0.0,Low,0.0,None,No action required,Healthy,Mid Value,No Usage,Low Risk,No NPS
CUST-d8eea41c,SMB,False,2025-04-11 02:41:51,Germany,Paid Social,Pro,Canceled,0.0,398.0,365.6923076923077,Declining,6.0,3.0,0.0,0.0,Low,0.0,None,No action required,Healthy,Mid Value,No Usage,Low Risk,Detractor
CUST-9e152d50,SMB,True,2025-02-09 14:07:08,UK,Paid Social,Premium,Past Due,499.0,7485.0,25.533333333333335,Declining,,4.0,0.0,0.2,Medium,0.0,High Support Burden,Past-Due Account Escalation,Watch,Enterprise Value,No Usage,Low Risk,No NPS
CUST-fed1b9aa,SMB,True,2025-05-09 03:24:43,USA,Paid Social,Basic,Active,49.0,588.0,98.5,Declining,,2.0,0.0,0.0,Low,0.0,None,No action required,Healthy,Mid Value,No Usage,Low Risk,No NPS
CUST-cc51e181,SMB,False,2024-08-27 11:11:59,Canada,Referral,Premium,Canceled,0.0,998.0,313.6190476190476,No Data,10.0,4.0,0.0,0.0,Low,0.0,None,No action required,Healthy,Mid Value,No Usage,Low Risk,Promoter
CUST-a4c00b65,SMB,True,2025-01-08 23:18:07,Germany,Organic Search,Pro,Active,199.0,3184.0,50.0,Declining,,4.0,0.0,0.2,Medium,0.0,High Support Burden,No action required,Watch,Enterprise Value,No Usage,Low Risk,No NPS
CUST-1293971b,SMB,True,2025-09-30 05:24:42,UK,Referral,Basic,Active,49.0,294.0,526.75,Declining,,1.0,1.0,0.4,High,49.0,Failed Payments,Automated Payment Recovery — Failed Transaction,At Risk,Mid Value,No Usage,Low Risk,No NPS
CUST-2312a5f5,Startup,True,2025-01-09 13:31:25,Australia,Paid Social,Basic,Active,49.0,735.0,104.5,Declining,,5.0,1.0,0.6000000000000001,High,49.0,Failed Payments,Automated Payment Recovery — Failed Transaction,At Risk,Mid Value,No Usage,Low Risk,No NPS
CUST-f0b4634e,Startup,False,2025-08-25 02:11:24,USA,Outbound Sales,Basic,Canceled,0.0,245.0,48.333333333333336,No Data,,0.0,0.0,0.0,Low,0.0,None,No action required,Healthy,Mid Value,No Usage,Low Risk,No NPS
CUST-8c9a6e0e,Enterprise,True,2024-07-04 16:21:45,UK,Direct,Pro,Active,199.0,4577.0,433.6363636363636,Declining,10.0,4.0,0.0,0.2,Medium,0.0,High Support Burden,No action required,Watch,Enterprise Value,No Usage,Low Risk,Promoter
CUST-6579ef42,SMB,True,2024-10-16 12:32:47,Australia,Referral,Premium,Active,499.0,9481.0,59.68421052631579,Declining,,5.0,0.0,0.2,Medium,0.0,High Support Burden,No action required,Watch,Enterprise Value,No Usage,Low Risk,No NPS
CUST-64f26197,Enterprise,False,2024-12-08 15:45:07,UK,Referral,Basic,Canceled,0.0,686.0,165.05882352941177,No Data,9.0,1.0,1.0,0.0,Low,0.0,None,Automated Payment Recovery — Failed Transaction,Healthy,Mid Value,No Usage,Low Risk,Promoter
CUST-1986c02d,SMB,True,2024-06-29 08:32:53,Germany,Organic Search,Premium,Active,499.0,10978.0,231.7826086956522,Declining,7.0,5.0,1.0,0.6000000000000001,High,499.0,Failed Payments,Automated Payment Recovery — Failed Transaction,At Risk,Enterprise Value,No Usage,Low Risk,Passive
CUST-393f2efd,SMB,False,2025-08-09 01:28:29,Germany,Organic Search,Premium,Canceled,0.0,3493.0,109.33333333333333,Declining,,2.0,0.0,0.0,Low,0.0,None,No action required,Healthy,Enterprise Value,No Usage,Low Risk,No NPS
CUST-0d35638f,Startup,True,2024-06-15 17:42:49,Germany,Referral,Basic,Active,49.0,1029.0,411.1304347826087,Declining,7.0,2.0,2.0,0.4,High,49.0,Failed Payments,Automated Payment Recovery — Failed Transaction,At Risk,Enterprise Value,No Usage,Low Risk,Passive
CUST-d1e8f192,SMB,True,2025-09-14 15:23:03,USA,Paid Social,Premium,Active,499.0,3493.0,331.875,Declining,,1.0,1.0,0.4,High,499.0,Failed Payments,Automated Payment Recovery — Failed Transaction,At Risk,Enterprise Value,No Usage,Low Risk,No NPS
CUST-39c5c936,Startup,True,2025-06-01 13:59:47,Germany,Direct,Enterprise,Active,1999.0,23988.0,455.27272727272725,Declining,,0.0,0.0,0.0,Low,0.0,None,No action required,Healthy,Enterprise Value,No Usage,Low Risk,No NPS
CUST-25504fb1,Startup,True,2025-12-02 03:51:08,Australia,Organic Search,Premium,Active,499.0,2994.0,268.6,Declining,8.0,1.0,0.0,0.0,Low,0.0,None,No action required,Healthy,Enterprise Value,No Usage,Low Risk,Passive
CUST-0e4dcb34,Mid-Market,False,2025-06-15 00:03:04,UK,Paid Social,Premium,Canceled,0.0,2994.0,113.16666666666667,Increasing,3.0,4.0,1.0,0.0,Low,0.0,None,Automated Payment Recovery — Failed Transaction,Healthy,Enterprise Value,No Usage,Low Risk,Detractor
CUST-15443e30,Startup,True,2025-05-09 06:04:19,Canada,Outbound Sales,Enterprise,Active,1999.0,23988.0,38.916666666666664,Declining,,5.0,0.0,0.2,Medium,0.0,High Support Burden,No action required,Watch,Enterprise Value,No Usage,Low Risk,No NPS
CUST-b08ba3df,SMB,True,2024-08-29 06:33:53,Australia,Organic Search,Pro,Active,199.0,3980.0,284.14285714285717,Declining,,1.0,1.0,0.4,High,199.0,Failed Payments,Automated Payment Recovery — Failed Transaction,At Risk,Enterprise Value,No Usage,Low Risk,No NPS
CUST-20f561ee,SMB,True,2025-08-04 22:50:21,Australia,Paid Social,Basic,Active,49.0,490.0,388.1111111111111,Declining,10.0,1.0,0.0,0.0,Low,0.0,None,No action required,Healthy,Mid Value,No Usage,Low Risk,Promoter
CUST-838d92f2,SMB,True,2025-04-24 07:02:44,Germany,Paid Social,Premium,Active,499.0,5988.0,165.23076923076923,Declining,,2.0,1.0,0.4,High,499.0,Failed Payments,Automated Payment Recovery — Failed Transaction,At Risk,Enterprise Value,No Usage,Low Risk,No NPS
CUST-a83a44f1,Startup,True,2025-09-20 14:36:51,USA,Direct,Pro,Active,199.0,1592.0,199.125,Declining,9.0,4.0,0.0,0.2,Medium,0.0,High Support Burden,No action required,Watch,Enterprise Value,No Usage,Low Risk,Promoter
CUST-bf7862a2,Startup,True,2025-05-12 17:48:32,UK,Direct,Pro,Past Due,199.0,2388.0,51.666666666666664,Declining,,1.0,0.0,0.0,Low,0.0,None,Past-Due Account Escalation,Healthy,Enterprise Value,No Usage,Low Risk,No NPS
CUST-e3043802,Startup,True,2025-09-16 02:11:20,USA,Outbound Sales,Basic,Active,49.0,392.0,193.375,Declining,8.0,4.0,0.0,0.2,Medium,0.0,High Support Burden,No action required,Watch,Mid Value,No Usage,Low Risk,Passive
CUST-effd6b96,Startup,False,2025-08-05 20:34:58,UK,Paid Social,Premium,Canceled,0.0,998.0,123.66666666666667,Declining,,1.0,0.0,0.0,Low,0.0,None,No action required,Healthy,Mid Value,No Usage,Low Risk,No NPS
CUST-14f64b4e,Startup,True,2024-09-08 04:51:30,UK,Paid Social,Basic,Active,49.0,1029.0,20.75,Declining,,0.0,0.0,0.0,Low,0.0,None,No action required,Healthy,Enterprise Value,No Usage,Low Risk,No NPS
CUST-22b52c4f,Startup,True,2025-08-10 03:33:42,USA,Direct,Enterprise,Active,1999.0,17991.0,20.666666666666668,Declining,7.0,0.0,0.0,0.0,Low,0.0,None,No action required,Healthy,Enterprise Value,No Usage,Low Risk,Passive
CUST-18972023,Startup,True,2026-04-28 12:27:45,Australia,Organic Search,Basic,Active,49.0,49.0,89.0,Declining,,0.0,0.0,0.0,Low,0.0,None,No action required,Healthy,Low Value,No Usage,Low Risk,No NPS
CUST-ab3fce0e,Startup,False,2025-10-31 14:25:55,UK,Organic Search,Basic,Canceled,0.0,294.0,330.14285714285717,No Data,,1.0,1.0,0.0,Low,0.0,None,Automated Payment Recovery — Failed Transaction,Healthy,Mid Value,No Usage,Low Risk,No NPS
CUST-2bec3482,SMB,True,2025-01-11 20:25:55,USA,Referral,Pro,Active,199.0,3184.0,508.6875,Declining,,4.0,0.0,0.2,Medium,0.0,High Support Burden,No action required,Watch,Enterprise Value,No Usage,Low Risk,No NPS
CUST-f33cdeae,Mid-Market,True,2025-04-20 08:14:31,UK,Direct,Basic,Active,49.0,637.0,338.9230769230769,Declining,,2.0,0.0,0.0,Low,0.0,None,No action required,Healthy,Mid Value,No Usage,Low Risk,No NPS
CUST-d3049f0d,Startup,True,2026-04-05 00:43:18,Canada,Referral,Pro,Active,199.0,398.0,294.0,Declining,,1.0,0.0,0.0,Low,0.0,None,No action required,Healthy,Mid Value,No Usage,Low Risk,No NPS
CUST-7e569d59,SMB,False,2024-10-01 10:07:17,Australia,Direct,Enterprise,Canceled,0.0,5997.0,123.0,Declining,4.0,1.0,1.0,0.0,Low,0.0,None,Automated Payment Recovery — Failed Transaction,Healthy,Enterprise Value,No Usage,Low Risk,Detractor
CUST-4b5db9a2,SMB,True,2026-01-18 11:32:37,Germany,Outbound Sales,Premium,Past Due,499.0,1996.0,359.5,Declining,,1.0,0.0,0.0,Low,0.0,None,Past-Due Account Escalation,Healthy,Enterprise Value,No Usage,Low Risk,No NPS
CUST-c85f1218,Startup,False,2024-11-19 04:27:50,UK,Paid Social,Basic,Canceled,0.0,245.0,258.55555555555554,Declining,,1.0,0.0,0.0,Low,0.0,None,No action required,Healthy,Mid Value,No Usage,Low Risk,No NPS
CUST-da6178a8,SMB,True,2025-07-29 23:10:13,Canada,Outbound Sales,Basic,Active,49.0,441.0,233.2,Declining,9.0,2.0,1.0,0.4,High,49.0,Failed Payments,Automated Payment Recovery — Failed Transaction,At Risk,Mid Value,No Usage,Low Risk,Promoter
CUST-3f3afc58,SMB,True,2026-01-03 04:30:02,Germany,Direct,Premium,Active,499.0,2495.0,250.25,Declining,,4.0,0.0,0.2,Medium,0.0,High Support Burden,No action required,Watch,Enterprise Value,No Usage,Low Risk,No NPS
CUST-c5619696,Startup,False,2025-05-13 23:06:43,Germany,Paid Social,Enterprise,Canceled,0.0,9995.0,160.91666666666666,Declining,,4.0,0.0,0.0,Low,0.0,None,No action required,Healthy,Enterprise Value,No Usage,Low Risk,No NPS
CUST-c8cee490,Startup,True,2026-04-15 14:57:18,UK,Organic Search,Pro,Active,199.0,199.0,297.0,Declining,,0.0,0.0,0.0,Low,0.0,None,No action required,Healthy,Mid Value,No Usage,Low Risk,No NPS
CUST-f56ac543,SMB,False,2026-04-27 20:58:51,USA,Organic Search,Pro,Canceled,0.0,199.0,2.0,Declining,,0.0,0.0,0.0,Low,0.0,None,No action required,Healthy,Mid Value,No Usage,Low Risk,No NPS
CUST-f28c57a7,Startup,False,2026-04-18 08:44:07,UK,Referral,Basic,Canceled,0.0,98.0,0.0,No Data,,0.0,0.0,0.0,Low,0.0,None,No action required,Healthy,Low Value,No Usage,Low Risk,No NPS
CUST-fc0f2afe,Startup,False,2026-03-16 23:15:28,Canada,Direct,Premium,Canceled,0.0,998.0,2.5,No Data,0.0,0.0,0.0,0.0,Low,0.0,None,No action required,Healthy,Mid Value,No Usage,Low Risk,Detractor
CUST-3ff607db,Mid-Market,True,2024-06-05 03:09:48,Germany,Direct,Pro,Active,199.0,4776.0,394.4347826086956,Declining,7.0,5.0,0.0,0.2,Medium,0.0,High Support Burden,No action required,Watch,Enterprise Value,No Usage,Low Risk,Passive
CUST-a2fa3106,Enterprise,False,2026-03-24 18:30:34,UK,Organic Search,Basic,Canceled,0.0,98.0,2.5,Declining,,1.0,0.0,0.0,Low,0.0,None,No action required,Healthy,Low Value,No Usage,Low Risk,No NPS
CUST-f7565743,Startup,True,2025-07-01 05:01:18,USA,Outbound Sales,Basic,Active,49.0,490.0,279.1,Declining,,1.0,1.0,0.4,High,49.0,Failed Payments,Automated Payment Recovery — Failed Transaction,At Risk,Mid Value,No Usage,Low Risk,No NPS
CUST-c17cd44f,SMB,False,2026-04-17 14:18:20,UK,Paid Social,Premium,Canceled,0.0,499.0,0.0,No Data,,0.0,0.0,0.0,Low,0.0,None,No action required,Healthy,Mid Value,No Usage,Low Risk,No NPS
CUST-c36e825d,SMB,True,2026-02-13 05:19:28,Australia,Outbound Sales,Basic,Active,49.0,98.0,259.6666666666667,Declining,,1.0,1.0,0.4,High,49.0,Failed Payments,Automated Payment Recovery — Failed Transaction,At Risk,Low Value,No Usage,Low Risk,No NPS
CUST-b732bac9,SMB,False,2024-09-11 20:46:54,USA,Outbound Sales,Basic,Canceled,0.0,343.0,420.45,Declining,3.0,0.0,2.0,0.0,Low,0.0,None,Automated Payment Recovery — Failed Transaction,Healthy,Mid Value,No Usage,Low Risk,Detractor
CUST-b6091d18,SMB,True,2026-02-26 10:19:21,Canada,Organic Search,Pro,Active,199.0,597.0,80.0,Declining,,1.0,0.0,0.0,Low,0.0,None,No action required,Healthy,Mid Value,No Usage,Low Risk,No NPS
CUST-f968ffd4,SMB,True,2025-11-25 00:04:43,Germany,Organic Search,Basic,Active,49.0,294.0,392.2857142857143,Stable,,5.0,0.0,0.2,Medium,0.0,High Support Burden,No action required,Watch,Mid Value,No Usage,Low Risk,No NPS
CUST-729d52cd,SMB,True,2024-12-27 18:01:20,UK,Organic Search,Basic,Past Due,49.0,833.0,54.470588235294116,Declining,,5.0,0.0,0.2,Medium,0.0,High Support Burden,Past-Due Account Escalation,Watch,Mid Value,No Usage,Low Risk,No NPS
CUST-252158d6,SMB,False,2026-01-19 18:05:07,USA,Referral,Premium,Canceled,0.0,998.0,105.5,Declining,,1.0,0.0,0.0,Low,0.0,None,No action required,Healthy,Mid Value,No Usage,Low Risk,No NPS
CUST-241c7a18,SMB,True,2024-06-16 04:59:17,Australia,Outbound Sales,Premium,Active,499.0,10978.0,292.0869565217391,Declining,10.0,0.0,0.0,0.0,Low,0.0,None,No action required,Healthy,Enterprise Value,No Usage,Low Risk,Promoter
CUST-5e25bac8,Startup,True,2025-12-01 19:18:33,USA,Direct,Premium,Active,499.0,2994.0,14.8,Declining,,1.0,0.0,0.0,Low,0.0,None,No action required,Healthy,Enterprise Value,No Usage,Low Risk,No NPS
CUST-95341009,Mid-Market,False,2025-10-07 19:59:13,Australia,Paid Social,Premium,Canceled,0.0,1996.0,17.0,Declining,6.0,2.0,1.0,0.0,Low,0.0,None,Automated Payment Recovery — Failed Transaction,Healthy,Enterprise Value,No Usage,Low Risk,Detractor
CUST-21a01016,Startup,True,2025-05-27 17:19:28,Canada,Referral,Pro,Active,199.0,1592.0,513.5,Declining,,2.0,1.0,0.4,High,199.0,Failed Payments,Automated Payment Recovery — Failed Transaction,At Risk,Enterprise Value,No Usage,Low Risk,No NPS
CUST-1fae17f0,SMB,True,2024-05-24 23:44:49,Germany,Direct,Premium,Active,499.0,9980.0,24.083333333333332,Declining,10.0,0.0,4.0,0.4,High,499.0,Failed Payments,Automated Payment Recovery — Failed Transaction,At Risk,Enterprise Value,No Usage,Low Risk,Promoter
CUST-0e46328d,Startup,True,2024-11-18 23:52:44,Canada,Outbound Sales,Basic,Active,49.0,833.0,449.72222222222223,Declining,,5.0,1.0,0.6000000000000001,High,49.0,Failed Payments,Automated Payment Recovery — Failed Transaction,At Risk,Mid Value,No Usage,Low Risk,No NPS
CUST-73c54221,SMB,True,2026-01-01 16:45:13,UK,Organic Search,Pro,Active,199.0,995.0,348.25,Declining,,3.0,0.0,0.2,Medium,0.0,High Support Burden,No action required,Watch,Mid Value,No Usage,Low Risk,No NPS
CUST-37b0c21c,Startup,True,2026-01-12 08:18:51,USA,Outbound Sales,Enterprise,Active,1999.0,5997.0,206.0,Declining,,0.0,0.0,0.0,Low,0.0,None,No action required,Healthy,Enterprise Value,No Usage,Low Risk,No NPS
CUST-257d1f12,Startup,True,2025-04-03 14:55:47,Australia,Paid Social,Basic,Active,49.0,637.0,412.9230769230769,Declining,,4.0,1.0,0.6000000000000001,High,49.0,Failed Payments,Automated Payment Recovery — Failed Transaction,At Risk,Mid Value,No Usage,Low Risk,No NPS
CUST-31ac8ccb,SMB,True,2024-09-16 21:09:26,Australia,Referral,Basic,Active,49.0,980.0,491.45,Declining,,2.0,0.0,0.0,Low,0.0,None,No action required,Healthy,Mid Value,No Usage,Low Risk,No NPS
CUST-82ab6acd,Startup,True,2025-11-25 03:38:59,USA,Referral,Pro,Active,199.0,1194.0,371.6666666666667,Declining,8.0,1.0,0.0,0.0,Low,0.0,None,No action required,Healthy,Enterprise Value,No Usage,Low Risk,Passive
CUST-23274d83,SMB,False,2026-01-27 12:26:06,USA,Paid Social,Basic,Canceled,0.0,98.0,225.25,Declining,,2.0,0.0,0.0,Low,0.0,None,No action required,Healthy,Low Value,No Usage,Low Risk,No NPS
CUST-e494e648,SMB,True,2024-06-07 22:16:35,UK,Direct,Basic,Active,49.0,1078.0,225.2608695652174,Declining,8.0,5.0,2.0,0.6000000000000001,High,49.0,Failed Payments,Automated Payment Recovery — Failed Transaction,At Risk,Enterprise Value,No Usage,Low Risk,Passive
CUST-93c34c18,Enterprise,True,2025-10-26 23:47:32,Canada,Direct,Premium,Active,499.0,3493.0,54.42857142857143,Declining,,2.0,0.0,0.0,Low,0.0,None,No action required,Healthy,Enterprise Value,No Usage,Low Risk,No NPS
CUST-33a7d928,SMB,False,2025-01-15 01:15:11,Australia,Referral,Enterprise,Canceled,0.0,3998.0,236.75,No Data,6.0,5.0,1.0,0.0,Low,0.0,None,Automated Payment Recovery — Failed Transaction,Healthy,Enterprise Value,No Usage,Low Risk,Detractor
CUST-06fd7a27,SMB,True,2024-10-11 01:00:54,UK,Referral,Pro,Active,199.0,3781.0,319.8421052631579,Declining,,0.0,0.0,0.0,Low,0.0,None,No action required,Healthy,Enterprise Value,No Usage,Low Risk,No NPS
CUST-7347a208,SMB,True,2024-07-21 01:49:46,Canada,Organic Search,Basic,Active,49.0,980.0,416.90909090909093,Declining,,2.0,2.0,0.4,High,49.0,Failed Payments,Automated Payment Recovery — Failed Transaction,At Risk,Mid Value,No Usage,Low Risk,No NPS
CUST-4b3ac455,Startup,False,2024-10-07 15:44:37,UK,Direct,Basic,Canceled,0.0,588.0,29.42105263157895,Declining,,2.0,0.0,0.0,Low,0.0,None,No action required,Healthy,Mid Value,No Usage,Low Risk,No NPS
CUST-8acbcead,Mid-Market,False,2024-05-29 16:18:48,Australia,Paid Social,Premium,Canceled,0.0,4491.0,457.0416666666667,Declining,,4.0,0.0,0.0,Low,0.0,None,No action required,Healthy,Enterprise Value,No Usage,Low Risk,No NPS
CUST-3d9964f1,SMB,False,2025-07-18 11:32:11,USA,Direct,Pro,Canceled,0.0,1791.0,165.3,Declining,,2.0,1.0,0.0,Low,0.0,None,Automated Payment Recovery — Failed Transaction,Healthy,Enterprise Value,No Usage,Low Risk,No NPS
CUST-e8e5e21e,SMB,False,2025-10-05 01:52:09,USA,Organic Search,Basic,Canceled,0.0,245.0,310.42857142857144,Declining,4.0,4.0,0.0,0.0,Low,0.0,None,No action required,Healthy,Mid Value,No Usage,Low Risk,Detractor
CUST-374c23c6,Mid-Market,False,2025-03-15 19:43:59,Canada,Referral,Pro,Canceled,0.0,2189.0,146.0,No Data,,5.0,1.0,0.0,Low,0.0,None,Automated Payment Recovery — Failed Transaction,Healthy,Enterprise Value,No Usage,Low Risk,No NPS
CUST-c442d9cb,SMB,True,2025-01-29 13:01:15,Germany,Referral,Basic,Active,49.0,686.0,334.25,Declining,,5.0,1.0,0.6000000000000001,High,49.0,Failed Payments,Automated Payment Recovery — Failed Transaction,At Risk,Mid Value,No Usage,Low Risk,No NPS
CUST-8c295b27,Startup,False,2024-10-18 02:51:01,Canada,Organic Search,Pro,Canceled,0.0,1791.0,11.894736842105264,Declining,2.0,1.0,1.0,0.0,Low,0.0,None,Automated Payment Recovery — Failed Transaction,Healthy,Enterprise Value,No Usage,Low Risk,Detractor
CUST-b5b7994b,SMB,True,2024-12-14 21:20:29,Germany,Paid Social,Premium,Active,499.0,8483.0,310.2352941176471,Declining,,0.0,0.0,0.0,Low,0.0,None,No action required,Healthy,Enterprise Value,No Usage,Low Risk,No NPS
CUST-ebce25dd,Mid-Market,False,2025-01-02 11:06:53,UK,Referral,Pro,Canceled,0.0,2388.0,368.25,Declining,,3.0,1.0,0.0,Low,0.0,None,Automated Payment Recovery — Failed Transaction,Healthy,Enterprise Value,No Usage,Low Risk,No NPS
CUST-470da9cf,SMB,True,2025-01-21 12:50:35,UK,Outbound Sales,Pro,Active,199.0,2985.0,268.0,Declining,10.0,3.0,1.0,0.6000000000000001,High,199.0,Failed Payments,Automated Payment Recovery — Failed Transaction,At Risk,Enterprise Value,No Usage,Low Risk,Promoter
CUST-f8cb164d,Enterprise,True,2026-02-12 05:42:37,Australia,Referral,Basic,Active,49.0,147.0,327.3333333333333,Declining,,1.0,0.0,0.0,Low,0.0,None,No action required,Healthy,Mid Value,No Usage,Low Risk,No NPS
CUST-d5305f3f,Startup,True,2024-05-11 04:07:16,Germany,Outbound Sales,Premium,Active,499.0,11477.0,302.4166666666667,Declining,7.0,4.0,0.0,0.2,Medium,0.0,High Support Burden,No action required,Watch,Enterprise Value,No Usage,Low Risk,Passive
CUST-7d902217,Mid-Market,False,2024-06-18 12:21:42,Australia,Organic Search,Pro,Canceled,0.0,3781.0,258.0,Declining,,1.0,2.0,0.0,Low,0.0,None,Automated Payment Recovery — Failed Transaction,Healthy,Enterprise Value,No Usage,Low Risk,No NPS
CUST-fb96cfa6,SMB,True,2026-04-11 21:52:41,USA,Organic Search,Basic,Active,49.0,49.0,551.0,Declining,,0.0,0.0,0.0,Low,0.0,None,No action required,Healthy,Low Value,No Usage,Low Risk,No NPS
CUST-2dea305b,Startup,False,2025-08-23 15:53:21,Germany,Referral,Pro,Canceled,0.0,597.0,115.55555555555556,No Data,,4.0,0.0,0.0,Low,0.0,None,No action required,Healthy,Mid Value,No Usage,Low Risk,No NPS
CUST-1361be65,SMB,False,2026-01-07 04:21:23,Canada,Direct,Basic,Canceled,0.0,98.0,12.25,Declining,,0.0,0.0,0.0,Low,0.0,None,No action required,Healthy,Low Value,No Usage,Low Risk,No NPS
CUST-0ff1a569,Startup,True,2024-08-15 09:26:17,USA,Outbound Sales,Premium,Active,499.0,9481.0,47.23809523809524,Declining,,1.0,1.0,0.4,High,499.0,Failed Payments,Automated Payment Recovery — Failed Transaction,At Risk,Enterprise Value,No Usage,Low Risk,No NPS
CUST-51ce21f7,SMB,False,2024-12-18 23:25:21,USA,Paid Social,Pro,Canceled,0.0,597.0,189.47058823529412,Declining,,0.0,0.0,0.0,Low,0.0,None,No action required,Healthy,Mid Value,No Usage,Low Risk,No NPS
CUST-67f15de7,Startup,False,2024-12-02 22:12:37,Canada,Referral,Enterprise,Canceled,0.0,25987.0,121.6470588235294,Declining,,4.0,1.0,0.0,Low,0.0,None,Automated Payment Recovery — Failed Transaction,Healthy,Enterprise Value,No Usage,Low Risk,No NPS
CUST-79cc65e2,SMB,True,2024-12-31 19:58:51,USA,Paid Social,Basic,Past Due,49.0,833.0,82.29411764705883,Declining,8.0,5.0,0.0,0.2,Medium,0.0,High Support Burden,Past-Due Account Escalation,Watch,Mid Value,No Usage,Low Risk,Passive
CUST-210315c9,Startup,True,2024-11-30 07:43:33,Germany,Referral,Premium,Active,499.0,8483.0,404.6666666666667,Declining,,1.0,1.0,0.4,High,499.0,Failed Payments,Automated Payment Recovery — Failed Transaction,At Risk,Enterprise Value,No Usage,Low Risk,No NPS
CUST-89eea1da,Mid-Market,True,2025-07-05 15:44:54,Australia,Direct,Pro,Active,199.0,2189.0,182.8,Declining,9.0,1.0,0.0,0.0,Low,0.0,None,No action required,Healthy,Enterprise Value,No Usage,Low Risk,Promoter
CUST-41cf9720,Mid-Market,True,2026-04-05 23:54:14,USA,Direct,Premium,Active,499.0,998.0,321.0,Declining,,0.0,0.0,0.0,Low,0.0,None,No action required,Healthy,Mid Value,No Usage,Low Risk,No NPS
CUST-b2782c86,Mid-Market,True,2025-10-05 09:31:11,Germany,Direct,Basic,Active,49.0,343.0,18.142857142857142,Declining,,1.0,1.0,0.4,High,49.0,Failed Payments,Automated Payment Recovery — Failed Transaction,At Risk,Mid Value,No Usage,Low Risk,No NPS
CUST-12c3511e,Startup,False,2025-06-06 22:08:37,UK,Direct,Pro,Canceled,0.0,597.0,270.6363636363636,Declining,4.0,3.0,0.0,0.0,Low,0.0,None,No action required,Healthy,Mid Value,No Usage,Low Risk,Detractor
CUST-28186478,Startup,True,2025-07-03 17:03:42,Germany,Organic Search,Premium,Active,499.0,4990.0,262.5,Declining,10.0,1.0,1.0,0.4,High,499.0,Failed Payments,Automated Payment Recovery — Failed Transaction,At Risk,Enterprise Value,No Usage,Low Risk,Promoter
CUST-002c8f91,Startup,False,2025-01-21 23:30:27,Australia,Organic Search,Basic,Canceled,0.0,539.0,407.1875,Declining,6.0,2.0,1.0,0.0,Low,0.0,None,Automated Payment Recovery — Failed Transaction,Healthy,Mid Value,No Usage,Low Risk,Detractor
CUST-18cccd08,Enterprise,True,2026-04-02 20:09:52,Germany,Outbound Sales,Basic,Active,49.0,98.0,67.0,Declining,,0.0,0.0,0.0,Low,0.0,None,No action required,Healthy,Low Value,No Usage,Low Risk,No NPS
CUST-6f9fd9b0,Startup,True,2025-06-12 01:05:25,Canada,Paid Social,Pro,Active,199.0,2189.0,206.9090909090909,Declining,,5.0,0.0,0.2,Medium,0.0,High Support Burden,No action required,Watch,Enterprise Value,No Usage,Low Risk,No NPS
CUST-54a0ea95,SMB,False,2026-02-04 19:47:11,Australia,Referral,Pro,Canceled,0.0,796.0,68.33333333333333,Declining,,1.0,0.0,0.0,Low,0.0,None,No action required,Healthy,Mid Value,No Usage,Low Risk,No NPS
CUST-6b84f5cb,SMB,False,2024-06-15 23:46:52,UK,Referral,Basic,Canceled,0.0,980.0,402.4347826086956,Declining,,2.0,0.0,0.0,Low,0.0,None,No action required,Healthy,Mid Value,No Usage,Low Risk,No NPS
CUST-a71e33a2,Mid-Market,True,2026-03-18 22:15:03,Canada,Organic Search,Basic,Active,49.0,98.0,389.5,Declining,,0.0,0.0,0.0,Low,0.0,None,No action required,Healthy,Low Value,No Usage,Low Risk,No NPS
CUST-d0597e51,Startup,True,2026-02-10 12:43:48,Germany,Referral,Basic,Past Due,49.0,147.0,253.66666666666666,Declining,10.0,0.0,0.0,0.0,Low,0.0,None,Past-Due Account Escalation,Healthy,Mid Value,No Usage,Low Risk,Promoter
CUST-11fe014c,Mid-Market,True,2025-02-16 13:38:49,Australia,Organic Search,Premium,Active,499.0,6487.0,240.8,Declining,,1.0,2.0,0.4,High,499.0,Failed Payments,Automated Payment Recovery — Failed Transaction,At Risk,Enterprise Value,No Usage,Low Risk,No NPS
CUST-3a2f46a8,SMB,True,2025-07-01 16:27:50,UK,Outbound Sales,Pro,Active,199.0,2189.0,266.8,Declining,,0.0,0.0,0.0,Low,0.0,None,No action required,Healthy,Enterprise Value,No Usage,Low Risk,No NPS
CUST-d4954121,Startup,True,2024-06-07 11:21:48,Canada,Paid Social,Premium,Active,499.0,9980.0,424.5217391304348,Declining,,2.0,4.0,0.4,High,499.0,Failed Payments,Automated Payment Recovery — Failed Transaction,At Risk,Enterprise Value,No Usage,Low Risk,No NPS
CUST-d0540de0,Mid-Market,True,2025-07-10 20:01:51,UK,Outbound Sales,Enterprise,Active,1999.0,17991.0,244.2,Declining,,4.0,0.0,0.2,Medium,0.0,High Support Burden,No action required,Watch,Enterprise Value,No Usage,Low Risk,No NPS
CUST-98250881,SMB,True,2026-02-13 10:10:57,Germany,Direct,Pro,Active,199.0,597.0,420.3333333333333,Declining,,0.0,0.0,0.0,Low,0.0,None,No action required,Healthy,Mid Value,No Usage,Low Risk,No NPS
CUST-29532b87,SMB,False,2026-01-01 00:38:08,UK,Direct,Basic,Canceled,0.0,98.0,123.25,Declining,,0.0,0.0,0.0,Low,0.0,None,No action required,Healthy,Low Value,No Usage,Low Risk,No NPS
CUST-697fb224,SMB,True,2026-02-27 09:20:19,USA,Direct,Basic,Active,49.0,147.0,341.0,Declining,,0.0,0.0,0.0,Low,0.0,None,No action required,Healthy,Mid Value,No Usage,Low Risk,No NPS
CUST-e3d81fb5,SMB,True,2025-11-28 00:19:31,Canada,Outbound Sales,Basic,Active,49.0,245.0,185.71428571428572,Stable,,1.0,1.0,0.4,High,49.0,Failed Payments,Automated Payment Recovery — Failed Transaction,At Risk,Mid Value,No Usage,Low Risk,No NPS
CUST-f4e40638,SMB,True,2025-10-05 17:29:40,UK,Referral,Enterprise,Past Due,1999.0,15992.0,66.14285714285714,Declining,7.0,3.0,0.0,0.2,Medium,0.0,High Support Burden,Past-Due Account Escalation,Watch,Enterprise Value,No Usage,Low Risk,Passive
CUST-82bb2dde,Startup,False,2024-05-22 21:36:00,Germany,Paid Social,Pro,Canceled,0.0,1990.0,109.5,No Data,3.0,1.0,0.0,0.0,Low,0.0,None,No action required,Healthy,Enterprise Value,No Usage,Low Risk,Detractor
CUST-873655c3,SMB,False,2025-01-27 13:59:02,Germany,Direct,Basic,Canceled,0.0,490.0,97.1875,Declining,,4.0,0.0,0.0,Low,0.0,None,No action required,Healthy,Mid Value,No Usage,Low Risk,No NPS
CUST-77d9bbc4,SMB,True,2025-07-30 06:14:28,UK,Direct,Basic,Active,49.0,343.0,351.8,Declining,,2.0,3.0,0.4,High,49.0,Failed Payments,Automated Payment Recovery — Failed Transaction,At Risk,Mid Value,No Usage,Low Risk,No NPS
CUST-99f70836,Startup,False,2025-12-28 01:35:20,Germany,Direct,Pro,Canceled,0.0,796.0,102.6,Declining,,1.0,0.0,0.0,Low,0.0,None,No action required,Healthy,Mid Value,No Usage,Low Risk,No NPS
CUST-b8d5d65d,SMB,True,2024-05-08 14:13:04,Australia,Paid Social,Pro,Active,199.0,4776.0,431.75,Declining,8.0,0.0,0.0,0.0,Low,0.0,None,No action required,Healthy,Enterprise Value,No Usage,Low Risk,Passive
CUST-12ad2a90,SMB,True,2024-09-09 21:27:58,Australia,Direct,Basic,Active,49.0,882.0,82.4,Declining,,4.0,2.0,0.6000000000000001,High,49.0,Failed Payments,Automated Payment Recovery — Failed Transaction,At Risk,Mid Value,No Usage,Low Risk,No NPS
CUST-cfb9eb6b,SMB,True,2024-07-22 21:46:08,Australia,Paid Social,Enterprise,Active,1999.0,39980.0,260.5,Declining,,3.0,2.0,0.6000000000000001,High,1999.0,Failed Payments,Automated Payment Recovery — Failed Transaction,At Risk,Enterprise Value,No Usage,Low Risk,No NPS
CUST-76e2586a,SMB,True,2025-04-02 02:18:23,USA,Direct,Pro,Active,199.0,2786.0,141.46153846153845,Declining,8.0,4.0,0.0,0.2,Medium,0.0,High Support Burden,No action required,Watch,Enterprise Value,No Usage,Low Risk,Passive
CUST-94f9c8ec,SMB,False,2024-12-05 14:50:00,UK,Outbound Sales,Basic,Canceled,0.0,539.0,112.76470588235294,Declining,2.0,3.0,0.0,0.0,Low,0.0,None,No action required,Healthy,Mid Value,No Usage,Low Risk,Detractor
CUST-9ad7f12d,Startup,False,2025-11-16 13:26:27,USA,Outbound Sales,Premium,Canceled,0.0,1497.0,91.0,Declining,,2.0,0.0,0.0,Low,0.0,None,No action required,Healthy,Enterprise Value,No Usage,Low Risk,No NPS
CUST-0ce5278a,Startup,True,2026-01-06 09:19:27,Germany,Paid Social,Basic,Active,49.0,245.0,13.5,Declining,,0.0,0.0,0.0,Low,0.0,None,No action required,Healthy,Mid Value,No Usage,Low Risk,No NPS
CUST-70bf715e,SMB,True,2025-02-06 12:45:35,USA,Outbound Sales,Enterprise,Active,1999.0,29985.0,32.86666666666667,Declining,,0.0,1.0,0.4,High,1999.0,Failed Payments,Automated Payment Recovery — Failed Transaction,At Risk,Enterprise Value,No Usage,Low Risk,No NPS
CUST-2ff35a77,SMB,True,2026-04-07 22:29:42,Germany,Paid Social,Enterprise,Active,1999.0,1999.0,241.0,Declining,,0.0,1.0,0.4,High,1999.0,Failed Payments,Automated Payment Recovery — Failed Transaction,At Risk,Enterprise Value,No Usage,Low Risk,No NPS
CUST-a2d06777,SMB,True,2024-10-02 05:44:02,Germany,Outbound Sales,Premium,Active,499.0,9980.0,159.47368421052633,Declining,,5.0,0.0,0.2,Medium,0.0,High Support Burden,No action required,Watch,Enterprise Value,No Usage,Low Risk,No NPS
CUST-9b950050,Startup,True,2025-11-22 20:37:30,Canada,Outbound Sales,Premium,Active,499.0,2994.0,342.6666666666667,Declining,,1.0,0.0,0.0,Low,0.0,None,No action required,Healthy,Enterprise Value,No Usage,Low Risk,No NPS
CUST-7b59527e,Enterprise,True,2024-11-09 13:28:08,Australia,Paid Social,Basic,Past Due,49.0,784.0,353.77777777777777,Declining,10.0,5.0,2.0,0.6000000000000001,High,0.0,Failed Payments,Automated Payment Recovery — Failed Transaction,At Risk,Mid Value,No Usage,Low Risk,Promoter
CUST-a2855369,SMB,True,2025-06-20 11:48:47,Germany,Referral,Enterprise,Active,1999.0,21989.0,170.27272727272728,Declining,,2.0,0.0,0.0,Low,0.0,None,No action required,Healthy,Enterprise Value,No Usage,Low Risk,No NPS
CUST-b280ea0c,SMB,True,2025-09-29 21:52:58,Canada,Outbound Sales,Pro,Past Due,199.0,1592.0,231.125,Declining,,3.0,0.0,0.2,Medium,0.0,High Support Burden,Past-Due Account Escalation,Watch,Enterprise Value,No Usage,Low Risk,No NPS
CUST-83b6174e,SMB,True,2025-07-25 17:11:22,Australia,Direct,Premium,Active,499.0,4491.0,468.0,Declining,,3.0,1.0,0.6000000000000001,High,499.0,Failed Payments,Automated Payment Recovery — Failed Transaction,At Risk,Enterprise Value,No Usage,Low Risk,No NPS
CUST-4c370882,Startup,True,2025-02-12 15:46:00,Germany,Referral,Enterprise,Active,1999.0,25987.0,160.66666666666666,Declining,,3.0,1.0,0.6000000000000001,High,1999.0,Failed Payments,Automated Payment Recovery — Failed Transaction,At Risk,Enterprise Value,No Usage,Low Risk,No NPS
CUST-8812ecaa,Mid-Market,False,2026-01-04 23:41:06,Germany,Paid Social,Enterprise,Canceled,0.0,5997.0,19.25,Declining,1.0,1.0,0.0,0.0,Low,0.0,None,No action required,Healthy,Enterprise Value,No Usage,Low Risk,Detractor
CUST-7585c993,Startup,True,2025-12-02 21:54:36,USA,Referral,Premium,Active,499.0,2994.0,391.4,Declining,,0.0,0.0,0.0,Low,0.0,None,No action required,Healthy,Enterprise Value,No Usage,Low Risk,No NPS
CUST-3e941003,Mid-Market,False,2024-12-14 00:53:21,USA,Organic Search,Basic,Canceled,0.0,245.0,22.058823529411764,Declining,0.0,2.0,1.0,0.0,Low,0.0,None,Automated Payment Recovery — Failed Transaction,Healthy,Mid Value,No Usage,Low Risk,Detractor
CUST-a5b9e2d2,Startup,True,2025-10-09 14:22:09,Australia,Organic Search,Enterprise,Active,1999.0,13993.0,431.0,Declining,,0.0,0.0,0.0,Low,0.0,None,No action required,Healthy,Enterprise Value,No Usage,Low Risk,No NPS
CUST-52d3a722,Mid-Market,False,2025-03-26 20:19:12,Germany,Outbound Sales,Pro,Canceled,0.0,597.0,87.21428571428571,Declining,3.0,4.0,0.0,0.0,Low,0.0,None,No action required,Healthy,Mid Value,No Usage,Low Risk,Detractor
CUST-d55633d5,Enterprise,False,2025-07-14 23:39:31,UK,Outbound Sales,Enterprise,Canceled,0.0,5997.0,130.5,Declining,,3.0,0.0,0.0,Low,0.0,None,No action required,Healthy,Enterprise Value,No Usage,Low Risk,No NPS
CUST-269c8bb3,Startup,True,2024-11-09 08:47:26,USA,Direct,Pro,Active,199.0,3383.0,353.0,Declining,10.0,3.0,1.0,0.6000000000000001,High,199.0,Failed Payments,Automated Payment Recovery — Failed Transaction,At Risk,Enterprise Value,No Usage,Low Risk,Promoter
CUST-18f6746b,Startup,True,2025-03-16 15:10:24,Australia,Referral,Basic,Active,49.0,637.0,160.28571428571428,Declining,,4.0,1.0,0.6000000000000001,High,49.0,Failed Payments,Automated Payment Recovery — Failed Transaction,At Risk,Mid Value,No Usage,Low Risk,No NPS
CUST-641f052f,Startup,False,2026-03-31 03:32:47,Germany,Organic Search,Basic,Canceled,0.0,98.0,3.0,Declining,,0.0,0.0,0.0,Low,0.0,None,No action required,Healthy,Low Value,No Usage,Low Risk,No NPS
CUST-95921fac,SMB,True,2025-12-23 02:19:15,Germany,Outbound Sales,Pro,Active,199.0,796.0,460.6,Declining,,1.0,1.0,0.4,High,199.0,Failed Payments,Automated Payment Recovery — Failed Transaction,At Risk,Mid Value,No Usage,Low Risk,No NPS
CUST-4f381d83,Startup,True,2024-09-22 20:57:29,UK,Referral,Premium,Active,499.0,9481.0,454.3,Declining,,0.0,1.0,0.4,High,499.0,Failed Payments,Automated Payment Recovery — Failed Transaction,At Risk,Enterprise Value,No Usage,Low Risk,No NPS
CUST-05913c5b,Enterprise,True,2024-07-29 13:12:24,Australia,Outbound Sales,Basic,Active,49.0,1029.0,398.8181818181818,Declining,10.0,2.0,1.0,0.4,High,49.0,Failed Payments,Automated Payment Recovery — Failed Transaction,At Risk,Enterprise Value,No Usage,Low Risk,Promoter
CUST-1eaf0934,Startup,True,2024-06-29 15:16:23,Germany,Outbound Sales,Pro,Active,199.0,3980.0,61.391304347826086,Declining,,1.0,2.0,0.4,High,199.0,Failed Payments,Automated Payment Recovery — Failed Transaction,At Risk,Enterprise Value,No Usage,Low Risk,No NPS
CUST-480c2bf3,SMB,True,2025-11-27 20:56:46,USA,Organic Search,Basic,Active,49.0,294.0,237.66666666666666,Declining,,3.0,0.0,0.2,Medium,0.0,High Support Burden,No action required,Watch,Mid Value,No Usage,Low Risk,No NPS
CUST-6fe49841,Startup,False,2026-04-09 07:18:06,UK,Organic Search,Premium,Canceled,0.0,499.0,0.0,No Data,,0.0,1.0,0.0,Low,0.0,None,Automated Payment Recovery — Failed Transaction,Healthy,Mid Value,No Usage,Low Risk,No NPS
CUST-e1a70fb3,Startup,True,2026-01-23 22:33:57,Australia,Outbound Sales,Pro,Active,199.0,796.0,280.5,Declining,,1.0,0.0,0.0,Low,0.0,None,No action required,Healthy,Mid Value,No Usage,Low Risk,No NPS
CUST-f9282818,Startup,True,2026-01-28 12:24:15,UK,Paid Social,Basic,Active,49.0,196.0,31.0,Declining,,1.0,0.0,0.0,Low,0.0,None,No action required,Healthy,Mid Value,No Usage,Low Risk,No NPS
CUST-b2374eba,SMB,False,2025-08-31 20:10:36,USA,Outbound Sales,Basic,Canceled,0.0,343.0,244.0,Declining,,2.0,1.0,0.0,Low,0.0,None,Automated Payment Recovery — Failed Transaction,Healthy,Mid Value,No Usage,Low Risk,No NPS
CUST-485037d0,SMB,True,2025-10-29 16:31:54,Australia,Outbound Sales,Basic,Active,49.0,343.0,354.85714285714283,Declining,,2.0,0.0,0.0,Low,0.0,None,No action required,Healthy,Mid Value,No Usage,Low Risk,No NPS
CUST-390aad33,Startup,False,2026-02-21 20:21:23,UK,Direct,Pro,Canceled,0.0,398.0,115.0,Declining,,3.0,0.0,0.0,Low,0.0,None,No action required,Healthy,Mid Value,No Usage,Low Risk,No NPS
CUST-5582fbd4,SMB,True,2026-01-22 06:15:27,Canada,Direct,Basic,Active,49.0,196.0,179.25,Declining,,0.0,0.0,0.0,Low,0.0,None,No action required,Healthy,Mid Value,No Usage,Low Risk,No NPS
CUST-fa064337,Startup,True,2025-08-03 05:30:21,USA,Direct,Basic,Active,49.0,441.0,127.11111111111111,Declining,,2.0,0.0,0.0,Low,0.0,None,No action required,Healthy,Mid Value,No Usage,Low Risk,No NPS
CUST-d2c3ccf3,Startup,False,2026-01-05 02:58:58,USA,Paid Social,Enterprise,Canceled,0.0,5997.0,41.75,No Data,9.0,1.0,1.0,0.0,Low,0.0,None,Automated Payment Recovery — Failed Transaction,Healthy,Enterprise Value,No Usage,Low Risk,Promoter
CUST-01c1b3af,Mid-Market,True,2026-04-22 06:48:26,USA,Paid Social,Premium,Active,499.0,499.0,554.0,Declining,,0.0,0.0,0.0,Low,0.0,None,No action required,Healthy,Mid Value,No Usage,Low Risk,No NPS
CUST-c53a589d,Startup,False,2024-10-27 06:25:28,Canada,Outbound Sales,Pro,Canceled,0.0,2786.0,178.10526315789474,Declining,,4.0,1.0,0.0,Low,0.0,None,Automated Payment Recovery — Failed Transaction,Healthy,Enterprise Value,No Usage,Low Risk,No NPS
CUST-91afd737,SMB,False,2025-06-06 01:44:26,Canada,Direct,Enterprise,Canceled,0.0,17991.0,300.0,No Data,4.0,2.0,1.0,0.0,Low,0.0,None,Automated Payment Recovery — Failed Transaction,Healthy,Enterprise Value,No Usage,Low Risk,Detractor
CUST-d7165763,Startup,False,2025-09-28 00:38:20,Germany,Paid Social,Basic,Canceled,0.0,196.0,52.125,Declining,5.0,2.0,0.0,0.0,Low,0.0,None,No action required,Healthy,Mid Value,No Usage,Low Risk,Detractor
CUST-2f40beef,Startup,True,2024-10-02 06:31:34,UK,Organic Search,Pro,Active,199.0,3781.0,13.631578947368421,Declining,0.0,4.0,1.0,0.8,Critical,199.0,Low NPS,Automated Payment Recovery — Failed Transaction,Critical,Enterprise Value,No Usage,Low Risk,Detractor
CUST-a4a5bf48,Mid-Market,False,2025-09-23 01:59:01,Germany,Outbound Sales,Pro,Canceled,0.0,597.0,8.5,Declining,,3.0,0.0,0.0,Low,0.0,None,No action required,Healthy,Mid Value,No Usage,Low Risk,No NPS
CUST-3426af85,SMB,True,2025-01-19 17:17:14,UK,Referral,Pro,Past Due,199.0,2985.0,188.625,Declining,,2.0,1.0,0.4,High,0.0,Failed Payments,Automated Payment Recovery — Failed Transaction,At Risk,Enterprise Value,No Usage,Low Risk,No NPS
CUST-23827ded,Startup,True,2025-10-26 03:40:08,Canada,Outbound Sales,Basic,Past Due,49.0,343.0,11.857142857142858,Declining,,4.0,0.0,0.2,Medium,0.0,High Support Burden,Past-Due Account Escalation,Watch,Mid Value,No Usage,Low Risk,No NPS
CUST-3f4fa17d,SMB,False,2024-10-03 03:18:52,Canada,Referral,Pro,Canceled,0.0,1592.0,25.57894736842105,Declining,,0.0,0.0,0.0,Low,0.0,None,No action required,Healthy,Enterprise Value,No Usage,Low Risk,No NPS
CUST-ac1c73a7,SMB,True,2026-04-23 23:06:25,Germany,Direct,Pro,Active,199.0,199.0,425.0,Declining,,1.0,0.0,0.0,Low,0.0,None,No action required,Healthy,Mid Value,No Usage,Low Risk,No NPS
CUST-fb94d4a9,SMB,False,2024-07-27 01:19:10,Australia,Referral,Premium,Canceled,0.0,998.0,250.6818181818182,Declining,0.0,4.0,0.0,0.0,Low,0.0,None,No action required,Healthy,Mid Value,No Usage,Low Risk,Detractor
CUST-1c2cd049,SMB,False,2025-01-28 14:05:10,Germany,Direct,Basic,Canceled,0.0,147.0,271.75,Declining,,1.0,0.0,0.0,Low,0.0,None,No action required,Healthy,Mid Value,No Usage,Low Risk,No NPS
CUST-395defca,SMB,False,2025-03-05 16:24:05,UK,Organic Search,Basic,Canceled,0.0,588.0,278.2857142857143,Declining,,4.0,1.0,0.0,Low,0.0,None,Automated Payment Recovery — Failed Transaction,Healthy,Mid Value,No Usage,Low Risk,No NPS
CUST-9a3b48e9,SMB,True,2025-08-19 07:49:18,Germany,Referral,Basic,Active,49.0,392.0,138.55555555555554,Declining,,1.0,1.0,0.4,High,49.0,Failed Payments,Automated Payment Recovery — Failed Transaction,At Risk,Mid Value,No Usage,Low Risk,No NPS
CUST-05d63ff4,SMB,False,2025-08-07 13:03:46,USA,Outbound Sales,Basic,Canceled,0.0,147.0,360.55555555555554,Declining,2.0,2.0,0.0,0.0,Low,0.0,None,No action required,Healthy,Mid Value,No Usage,Low Risk,Detractor
CUST-7ecb117c,Startup,True,2025-04-26 08:34:40,UK,Direct,Pro,Past Due,199.0,2388.0,477.9230769230769,Declining,8.0,5.0,0.0,0.2,Medium,0.0,High Support Burden,Past-Due Account Escalation,Watch,Enterprise Value,No Usage,Low Risk,Passive
CUST-6ad3dab4,Mid-Market,False,2025-05-17 17:39:50,UK,Outbound Sales,Basic,Canceled,0.0,49.0,79.5,Declining,,2.0,1.0,0.0,Low,0.0,None,Automated Payment Recovery — Failed Transaction,Healthy,Low Value,No Usage,Low Risk,No NPS
CUST-30abdbd5,Mid-Market,True,2025-02-13 16:26:14,Australia,Paid Social,Premium,Active,499.0,6487.0,362.8666666666667,Declining,10.0,5.0,0.0,0.2,Medium,0.0,High Support Burden,No action required,Watch,Enterprise Value,No Usage,Low Risk,Promoter
CUST-50106902,Enterprise,True,2024-07-22 09:03:45,Canada,Direct,Basic,Past Due,49.0,931.0,108.9090909090909,Declining,7.0,5.0,2.0,0.6000000000000001,High,0.0,Failed Payments,Automated Payment Recovery — Failed Transaction,At Risk,Mid Value,No Usage,Low Risk,Passive
CUST-6f768d39,Mid-Market,True,2025-09-06 21:27:29,UK,Referral,Basic,Active,49.0,441.0,238.875,Declining,8.0,5.0,0.0,0.2,Medium,0.0,High Support Burden,No action required,Watch,Mid Value,No Usage,Low Risk,Passive
CUST-a5d80f22,SMB,True,2024-08-07 07:38:59,Canada,Direct,Pro,Active,199.0,3980.0,133.33333333333334,Declining,,1.0,1.0,0.4,High,199.0,Failed Payments,Automated Payment Recovery — Failed Transaction,At Risk,Enterprise Value,No Usage,Low Risk,No NPS
CUST-1cf2bfe8,Startup,True,2026-04-10 23:59:32,Germany,Outbound Sales,Basic,Active,49.0,49.0,537.0,Declining,,0.0,0.0,0.0,Low,0.0,None,No action required,Healthy,Low Value,No Usage,Low Risk,No NPS
CUST-cb4993fd,Startup,False,2026-04-14 20:47:06,USA,Organic Search,Pro,Canceled,0.0,199.0,1.0,Declining,,0.0,0.0,0.0,Low,0.0,None,No action required,Healthy,Mid Value,No Usage,Low Risk,No NPS
CUST-e3d76283,Mid-Market,True,2024-05-16 22:23:18,Australia,Direct,Pro,Active,199.0,4378.0,311.375,Declining,,5.0,1.0,0.6000000000000001,High,199.0,Failed Payments,Automated Payment Recovery — Failed Transaction,At Risk,Enterprise Value,No Usage,Low Risk,No NPS
CUST-71b72754,Startup,True,2025-01-18 11:11:51,Canada,Referral,Basic,Active,49.0,784.0,476.375,Declining,8.0,2.0,0.0,0.0,Low,0.0,None,No action required,Healthy,Mid Value,No Usage,Low Risk,Passive
CUST-f82b9461,Startup,True,2025-11-26 05:45:34,UK,Paid Social,Basic,Active,49.0,294.0,497.6666666666667,Declining,,1.0,0.0,0.0,Low,0.0,None,No action required,Healthy,Mid Value,No Usage,Low Risk,No NPS
CUST-d7976cee,SMB,True,2025-04-02 02:50:48,Canada,Organic Search,Basic,Active,49.0,686.0,272.61538461538464,Declining,,3.0,0.0,0.2,Medium,0.0,High Support Burden,No action required,Watch,Mid Value,No Usage,Low Risk,No NPS
CUST-4508c30d,Startup,True,2024-08-08 06:52:59,UK,Paid Social,Basic,Active,49.0,1029.0,437.23809523809524,Declining,,2.0,1.0,0.4,High,49.0,Failed Payments,Automated Payment Recovery — Failed Transaction,At Risk,Enterprise Value,No Usage,Low Risk,No NPS
CUST-76129672,Startup,True,2024-06-15 13:54:28,Canada,Direct,Basic,Active,49.0,1029.0,211.0,Declining,,1.0,2.0,0.4,High,49.0,Failed Payments,Automated Payment Recovery — Failed Transaction,At Risk,Enterprise Value,No Usage,Low Risk,No NPS
CUST-07db41f2,SMB,True,2025-07-08 01:50:47,UK,Outbound Sales,Basic,Past Due,49.0,441.0,175.6,Declining,,1.0,0.0,0.0,Low,0.0,None,Past-Due Account Escalation,Healthy,Mid Value,No Usage,Low Risk,No NPS
CUST-8fc2cf72,SMB,True,2025-06-10 12:10:03,Germany,Outbound Sales,Basic,Active,49.0,392.0,12.0,Declining,7.0,3.0,2.0,0.6000000000000001,High,49.0,Failed Payments,Automated Payment Recovery — Failed Transaction,At Risk,Mid Value,No Usage,Low Risk,Passive
CUST-32156fa6,Startup,True,2024-07-12 11:13:57,UK,Referral,Pro,Active,199.0,4179.0,482.04545454545456,Declining,,1.0,1.0,0.4,High,199.0,Failed Payments,Automated Payment Recovery — Failed Transaction,At Risk,Enterprise Value,No Usage,Low Risk,No NPS
CUST-8840b251,Startup,True,2026-04-20 10:42:04,UK,Outbound Sales,Pro,Active,199.0,199.0,454.0,Declining,,0.0,0.0,0.0,Low,0.0,None,No action required,Healthy,Mid Value,No Usage,Low Risk,No NPS
CUST-8c1f7550,Enterprise,True,2025-10-20 07:17:18,USA,Organic Search,Pro,Active,199.0,1393.0,511.85714285714283,Declining,,1.0,0.0,0.0,Low,0.0,None,No action required,Healthy,Enterprise Value,No Usage,Low Risk,No NPS
CUST-e71a1c4d,Startup,False,2024-11-29 11:22:44,UK,Outbound Sales,Basic,Canceled,0.0,98.0,229.05555555555554,Declining,9.0,1.0,0.0,0.0,Low,0.0,None,No action required,Healthy,Low Value,No Usage,Low Risk,Promoter
CUST-92903394,Startup,False,2025-07-09 02:10:46,USA,Referral,Basic,Canceled,0.0,147.0,16.7,Declining,6.0,4.0,0.0,0.0,Low,0.0,None,No action required,Healthy,Mid Value,No Usage,Low Risk,Detractor
CUST-84a7174e,Startup,True,2025-02-07 23:22:42,Australia,Direct,Premium,Past Due,499.0,6986.0,130.93333333333334,Declining,,5.0,1.0,0.6000000000000001,High,0.0,Failed Payments,Automated Payment Recovery — Failed Transaction,At Risk,Enterprise Value,No Usage,Low Risk,No NPS
CUST-42b59214,Startup,False,2025-09-19 12:31:55,USA,Direct,Pro,Canceled,0.0,1393.0,31.625,Declining,,3.0,1.0,0.0,Low,0.0,None,Automated Payment Recovery — Failed Transaction,Healthy,Enterprise Value,No Usage,Low Risk,No NPS
CUST-ec953494,Startup,True,2025-01-29 03:40:20,Germany,Outbound Sales,Premium,Active,499.0,7485.0,25.375,Declining,,3.0,1.0,0.6000000000000001,High,499.0,Failed Payments,Automated Payment Recovery — Failed Transaction,At Risk,Enterprise Value,No Usage,Low Risk,No NPS
CUST-e3e3592f,Mid-Market,True,2026-04-27 19:49:11,USA,Paid Social,Basic,Active,49.0,49.0,206.0,Declining,,0.0,0.0,0.0,Low,0.0,None,No action required,Healthy,Low Value,No Usage,Low Risk,No NPS
CUST-a5913280,SMB,False,2025-01-17 07:35:58,Australia,Direct,Pro,Canceled,0.0,1194.0,379.875,No Data,1.0,1.0,0.0,0.0,Low,0.0,None,No action required,Healthy,Enterprise Value,No Usage,Low Risk,Detractor
CUST-a6d8914a,Startup,True,2025-07-04 15:14:26,Germany,Outbound Sales,Pro,Active,199.0,2189.0,197.5,Declining,10.0,1.0,0.0,0.0,Low,0.0,None,No action required,Healthy,Enterprise Value,No Usage,Low Risk,Promoter
CUST-75e56eed,Startup,False,2025-05-05 03:52:42,Canada,Referral,Basic,Canceled,0.0,441.0,75.16666666666667,Declining,1.0,0.0,1.0,0.0,Low,0.0,None,Automated Payment Recovery — Failed Transaction,Healthy,Mid Value,No Usage,Low Risk,Detractor
CUST-ca4038c8,SMB,True,2025-01-10 03:35:09,Canada,Outbound Sales,Pro,Active,199.0,2786.0,50.375,Declining,,0.0,2.0,0.4,High,199.0,Failed Payments,Automated Payment Recovery — Failed Transaction,At Risk,Enterprise Value,No Usage,Low Risk,No NPS
CUST-b2e8a8b6,SMB,True,2025-02-03 19:59:47,USA,Direct,Pro,Active,199.0,3184.0,372.6666666666667,Declining,,2.0,0.0,0.0,Low,0.0,None,No action required,Healthy,Enterprise Value,No Usage,Low Risk,No NPS
CUST-1fed86cc,Startup,True,2025-05-31 21:23:37,USA,Referral,Basic,Active,49.0,441.0,135.83333333333334,Declining,,3.0,1.0,0.6000000000000001,High,49.0,Failed Payments,Automated Payment Recovery — Failed Transaction,At Risk,Mid Value,No Usage,Low Risk,No NPS
CUST-a2e57157,SMB,False,2025-11-18 00:52:20,Australia,Outbound Sales,Basic,Canceled,0.0,98.0,180.83333333333334,No Data,1.0,0.0,2.0,0.0,Low,0.0,None,Automated Payment Recovery — Failed Transaction,Healthy,Low Value,No Usage,Low Risk,Detractor
CUST-0892ede8,Startup,True,2026-04-23 01:01:09,Australia,Organic Search,Premium,Active,499.0,499.0,375.0,Declining,,0.0,0.0,0.0,Low,0.0,None,No action required,Healthy,Mid Value,No Usage,Low Risk,No NPS
CUST-97ccc3a6,Startup,False,2025-06-29 18:41:20,UK,Referral,Enterprise,Canceled,0.0,5997.0,26.818181818181817,Declining,3.0,3.0,0.0,0.0,Low,0.0,None,No action required,Healthy,Enterprise Value,No Usage,Low Risk,Detractor
CUST-ef12da28,Startup,True,2025-12-12 20:03:24,Australia,Organic Search,Basic,Active,49.0,245.0,122.0,Declining,,0.0,0.0,0.0,Low,0.0,None,No action required,Healthy,Mid Value,No Usage,Low Risk,No NPS
CUST-2cdb970f,SMB,True,2025-12-29 19:16:45,UK,Paid Social,Basic,Active,49.0,245.0,254.0,Declining,9.0,1.0,0.0,0.0,Low,0.0,None,No action required,Healthy,Mid Value,No Usage,Low Risk,Promoter
CUST-8f01812d,SMB,True,2024-10-24 12:23:15,Germany,Referral,Basic,Active,49.0,833.0,99.89473684210526,Declining,10.0,1.0,2.0,0.4,High,49.0,Failed Payments,Automated Payment Recovery — Failed Transaction,At Risk,Mid Value,No Usage,Low Risk,Promoter
CUST-55c1c32d,SMB,True,2025-04-10 21:50:43,USA,Organic Search,Pro,Past Due,199.0,2388.0,216.76923076923077,Declining,,4.0,0.0,0.2,Medium,0.0,High Support Burden,Past-Due Account Escalation,Watch,Enterprise Value,No Usage,Low Risk,No NPS
CUST-04bc0165,SMB,False,2025-09-30 01:12:11,Germany,Direct,Basic,Canceled,0.0,245.0,159.25,No Data,,1.0,1.0,0.0,Low,0.0,None,Automated Payment Recovery — Failed Transaction,Healthy,Mid Value,No Usage,Low Risk,No NPS
CUST-459ef861,SMB,True,2024-08-12 03:57:41,Australia,Direct,Enterprise,Active,1999.0,41979.0,289.0952380952381,Declining,,3.0,0.0,0.2,Medium,0.0,High Support Burden,No action required,Watch,Enterprise Value,No Usage,Low Risk,No NPS
CUST-9ff16df5,SMB,False,2025-06-23 15:20:53,Germany,Paid Social,Basic,Canceled,0.0,98.0,404.3636363636364,No Data,,4.0,1.0,0.0,Low,0.0,None,Automated Payment Recovery — Failed Transaction,Healthy,Low Value,No Usage,Low Risk,No NPS
CUST-db254b81,Mid-Market,False,2025-06-14 07:01:54,Germany,Referral,Basic,Canceled,0.0,245.0,263.3636363636364,Declining,1.0,2.0,0.0,0.0,Low,0.0,None,No action required,Healthy,Mid Value,No Usage,Low Risk,Detractor
CUST-a58cce88,SMB,True,2025-12-17 20:16:23,Germany,Referral,Pro,Active,199.0,995.0,436.0,Declining,,2.0,0.0,0.0,Low,0.0,None,No action required,Healthy,Mid Value,No Usage,Low Risk,No NPS
CUST-88f7f923,SMB,True,2025-10-15 05:20:17,Australia,Referral,Premium,Active,499.0,3493.0,473.85714285714283,Declining,,2.0,0.0,0.0,Low,0.0,None,No action required,Healthy,Enterprise Value,No Usage,Low Risk,No NPS
CUST-27f71e62,SMB,True,2026-01-29 23:45:18,Germany,Paid Social,Pro,Active,199.0,796.0,332.25,Declining,,2.0,0.0,0.0,Low,0.0,None,No action required,Healthy,Mid Value,No Usage,Low Risk,No NPS
CUST-1db39510,SMB,True,2025-02-03 18:09:55,UK,Referral,Pro,Active,199.0,2786.0,69.13333333333334,Declining,7.0,5.0,1.0,0.6000000000000001,High,199.0,Failed Payments,Automated Payment Recovery — Failed Transaction,At Risk,Enterprise Value,No Usage,Low Risk,Passive
CUST-2cb96aa1,Startup,True,2026-01-21 18:46:08,Australia,Direct,Enterprise,Past Due,1999.0,7996.0,254.25,Declining,,0.0,0.0,0.0,Low,0.0,None,Past-Due Account Escalation,Healthy,Enterprise Value,No Usage,Low Risk,No NPS
CUST-45f05476,Startup,True,2025-02-05 14:30:22,Germany,Organic Search,Basic,Active,49.0,735.0,433.26666666666665,Declining,,0.0,1.0,0.4,High,49.0,Failed Payments,Automated Payment Recovery — Failed Transaction,At Risk,Mid Value,No Usage,Low Risk,No NPS
CUST-0a06a41b,Mid-Market,True,2024-06-05 18:43:33,Australia,Direct,Premium,Active,499.0,11477.0,336.5652173913044,Declining,,3.0,1.0,0.6000000000000001,High,499.0,Failed Payments,Automated Payment Recovery — Failed Transaction,At Risk,Enterprise Value,No Usage,Low Risk,No NPS
CUST-fa0d3e3e,Startup,True,2024-06-10 16:12:40,Canada,Direct,Basic,Active,49.0,1078.0,472.7391304347826,Declining,8.0,0.0,0.0,0.0,Low,0.0,None,No action required,Healthy,Enterprise Value,No Usage,Low Risk,Passive
CUST-04d2b634,SMB,True,2025-03-27 12:03:36,UK,Organic Search,Premium,Active,499.0,6487.0,64.85714285714286,Declining,,5.0,0.0,0.2,Medium,0.0,High Support Burden,No action required,Watch,Enterprise Value,No Usage,Low Risk,No NPS
CUST-b52b7229,Startup,True,2025-08-07 14:56:16,Germany,Direct,Pro,Active,199.0,1592.0,413.6666666666667,Declining,,2.0,2.0,0.4,High,199.0,Failed Payments,Automated Payment Recovery — Failed Transaction,At Risk,Enterprise Value,No Usage,Low Risk,No NPS
CUST-48ea0520,SMB,True,2025-04-24 05:37:54,Canada,Paid Social,Basic,Active,49.0,637.0,356.15384615384613,Declining,,2.0,0.0,0.0,Low,0.0,None,No action required,Healthy,Mid Value,No Usage,Low Risk,No NPS
CUST-70013441,Startup,False,2025-01-23 03:34:45,Canada,Organic Search,Premium,Canceled,0.0,6986.0,424.4375,Declining,,2.0,0.0,0.0,Low,0.0,None,No action required,Healthy,Enterprise Value,No Usage,Low Risk,No NPS
CUST-5cf28984,Startup,True,2024-06-02 21:26:40,Australia,Direct,Basic,Active,49.0,1078.0,314.0869565217391,Declining,,2.0,2.0,0.4,High,49.0,Failed Payments,Automated Payment Recovery — Failed Transaction,At Risk,Enterprise Value,No Usage,Low Risk,No NPS
CUST-75fb96a4,Startup,True,2025-02-06 03:59:07,Canada,Outbound Sales,Basic,Active,49.0,686.0,376.06666666666666,Declining,,3.0,2.0,0.6000000000000001,High,49.0,Failed Payments,Automated Payment Recovery — Failed Transaction,At Risk,Mid Value,No Usage,Low Risk,No NPS
CUST-045b5c6a,Startup,False,2025-07-20 09:54:44,UK,Direct,Pro,Canceled,0.0,1990.0,312.2,Declining,,5.0,0.0,0.0,Low,0.0,None,No action required,Healthy,Enterprise Value,No Usage,Low Risk,No NPS
CUST-b25b991a,Mid-Market,True,2024-07-14 09:53:04,UK,Paid Social,Basic,Active,49.0,931.0,64.54545454545455,Declining,7.0,4.0,2.0,0.6000000000000001,High,49.0,Failed Payments,Automated Payment Recovery — Failed Transaction,At Risk,Mid Value,No Usage,Low Risk,Passive
CUST-1847564d,SMB,True,2025-06-05 01:08:42,USA,Referral,Pro,Active,199.0,1990.0,158.63636363636363,Declining,,0.0,2.0,0.4,High,199.0,Failed Payments,Automated Payment Recovery — Failed Transaction,At Risk,Enterprise Value,No Usage,Low Risk,No NPS
CUST-10f295c4,Startup,True,2025-04-18 14:49:34,UK,Direct,Basic,Active,49.0,588.0,255.30769230769232,Declining,,5.0,1.0,0.6000000000000001,High,49.0,Failed Payments,Automated Payment Recovery — Failed Transaction,At Risk,Mid Value,No Usage,Low Risk,No NPS
CUST-2d24aeb0,SMB,True,2025-06-29 21:10:53,Canada,Referral,Basic,Active,49.0,539.0,393.3636363636364,Declining,,0.0,0.0,0.0,Low,0.0,None,No action required,Healthy,Mid Value,No Usage,Low Risk,No NPS
CUST-d0f6655e,Startup,True,2025-10-24 06:38:23,UK,Outbound Sales,Basic,Active,49.0,343.0,195.0,Declining,,2.0,0.0,0.0,Low,0.0,None,No action required,Healthy,Mid Value,No Usage,Low Risk,No NPS
CUST-39bae39b,Mid-Market,True,2024-09-26 04:10:26,Australia,Direct,Basic,Active,49.0,833.0,165.5,Declining,,3.0,2.0,0.6000000000000001,High,49.0,Failed Payments,Automated Payment Recovery — Failed Transaction,At Risk,Mid Value,No Usage,Low Risk,No NPS
CUST-10df7b4d,SMB,True,2025-11-13 20:12:16,USA,Organic Search,Pro,Past Due,199.0,995.0,353.3333333333333,Declining,,3.0,1.0,0.6000000000000001,High,0.0,Failed Payments,Automated Payment Recovery — Failed Transaction,At Risk,Mid Value,No Usage,Low Risk,No NPS
CUST-1c36a977,SMB,True,2024-05-30 15:25:09,Canada,Referral,Premium,Active,499.0,11976.0,280.5,Declining,,0.0,0.0,0.0,Low,0.0,None,No action required,Healthy,Enterprise Value,No Usage,Low Risk,No NPS
CUST-c48f09e0,SMB,False,2024-10-21 22:37:48,USA,Outbound Sales,Enterprise,Canceled,0.0,35982.0,24.94736842105263,Declining,3.0,4.0,0.0,0.0,Low,0.0,None,No action required,Healthy,Enterprise Value,No Usage,Low Risk,Detractor
CUST-b40964f3,Startup,False,2025-01-08 09:31:36,Canada,Organic Search,Premium,Canceled,0.0,7485.0,325.0625,Declining,0.0,0.0,1.0,0.0,Low,0.0,None,Automated Payment Recovery — Failed Transaction,Healthy,Enterprise Value,No Usage,Low Risk,Detractor
CUST-bb268ae6,SMB,True,2025-10-11 12:06:34,Australia,Organic Search,Basic,Active,49.0,294.0,144.0,Declining,,1.0,1.0,0.4,High,49.0,Failed Payments,Automated Payment Recovery — Failed Transaction,At Risk,Mid Value,No Usage,Low Risk,No NPS
CUST-225426fb,SMB,False,2024-11-12 07:04:33,USA,Organic Search,Pro,Canceled,0.0,597.0,408.6666666666667,Declining,,1.0,0.0,0.0,Low,0.0,None,No action required,Healthy,Mid Value,No Usage,Low Risk,No NPS
CUST-a62e08c3,SMB,True,2025-08-22 18:49:39,Germany,Organic Search,Basic,Active,49.0,441.0,381.1111111111111,Declining,,4.0,0.0,0.2,Medium,0.0,High Support Burden,No action required,Watch,Mid Value,No Usage,Low Risk,No NPS
CUST-a5a397c9,SMB,True,2025-09-04 17:26:07,Canada,Direct,Basic,Past Due,49.0,441.0,63.875,Declining,,3.0,0.0,0.2,Medium,0.0,High Support Burden,Past-Due Account Escalation,Watch,Mid Value,No Usage,Low Risk,No NPS
CUST-1a75e1e2,Startup,False,2025-01-31 22:38:30,Germany,Direct,Pro,Canceled,0.0,995.0,280.4375,Declining,2.0,0.0,0.0,0.0,Low,0.0,None,No action required,Healthy,Mid Value,No Usage,Low Risk,Detractor
CUST-4ce1d78c,Enterprise,True,2025-12-27 14:08:18,USA,Direct,Basic,Past Due,49.0,245.0,194.4,Declining,10.0,1.0,0.0,0.0,Low,0.0,None,Past-Due Account Escalation,Healthy,Mid Value,No Usage,Low Risk,Promoter
CUST-0621a120,SMB,True,2025-10-22 01:42:37,Germany,Outbound Sales,Basic,Past Due,49.0,343.0,446.0,Declining,,0.0,0.0,0.0,Low,0.0,None,Past-Due Account Escalation,Healthy,Mid Value,No Usage,Low Risk,No NPS
CUST-1e68979c,SMB,True,2024-05-08 17:34:47,Germany,Outbound Sales,Enterprise,Active,1999.0,45977.0,306.0416666666667,Declining,9.0,2.0,2.0,0.4,High,1999.0,Failed Payments,Automated Payment Recovery — Failed Transaction,At Risk,Enterprise Value,No Usage,Low Risk,Promoter
CUST-739b99b6,Startup,True,2024-10-12 09:20:55,USA,Outbound Sales,Pro,Active,199.0,3582.0,162.89473684210526,Declining,,2.0,0.0,0.0,Low,0.0,None,No action required,Healthy,Enterprise Value,No Usage,Low Risk,No NPS
CUST-385ee64c,SMB,False,2025-11-17 02:56:47,Australia,Paid Social,Pro,Canceled,0.0,597.0,215.83333333333334,Declining,,1.0,1.0,0.0,Low,0.0,None,Automated Payment Recovery — Failed Transaction,Healthy,Mid Value,No Usage,Low Risk,No NPS
CUST-53cd160c,Startup,False,2026-02-23 18:09:15,Germany,Outbound Sales,Basic,Canceled,0.0,147.0,26.0,No Data,,2.0,0.0,0.0,Low,0.0,None,No action required,Healthy,Mid Value,No Usage,Low Risk,No NPS
CUST-6f4c65d6,Startup,False,2024-12-05 12:33:12,Germany,Direct,Basic,Canceled,0.0,539.0,154.7058823529412,Declining,3.0,1.0,0.0,0.0,Low,0.0,None,No action required,Healthy,Mid Value,No Usage,Low Risk,Detractor
CUST-200e7ffc,SMB,False,2024-09-03 22:40:21,Australia,Direct,Premium,Canceled,0.0,1497.0,132.95,Declining,,3.0,0.0,0.0,Low,0.0,None,No action required,Healthy,Enterprise Value,No Usage,Low Risk,No NPS
CUST-381412c1,SMB,True,2024-10-05 18:01:44,Germany,Paid Social,Basic,Active,49.0,931.0,315.63157894736844,Declining,,2.0,0.0,0.0,Low,0.0,None,No action required,Healthy,Mid Value,No Usage,Low Risk,No NPS
CUST-1be98686,SMB,True,2024-11-18 15:52:49,Germany,Paid Social,Pro,Active,199.0,3582.0,423.22222222222223,Declining,,4.0,0.0,0.2,Medium,0.0,High Support Burden,No action required,Watch,Enterprise Value,No Usage,Low Risk,No NPS
CUST-02f5590b,SMB,True,2025-08-14 10:32:43,Germany,Outbound Sales,Basic,Active,49.0,441.0,54.888888888888886,Declining,,3.0,0.0,0.2,Medium,0.0,High Support Burden,No action required,Watch,Mid Value,No Usage,Low Risk,No NPS
CUST-3dc1d8a9,Startup,True,2026-01-19 10:57:39,UK,Referral,Pro,Active,199.0,796.0,153.5,Declining,,0.0,0.0,0.0,Low,0.0,None,No action required,Healthy,Mid Value,No Usage,Low Risk,No NPS
CUST-3574d946,Startup,True,2024-08-04 14:58:29,Australia,Paid Social,Basic,Active,49.0,980.0,169.85714285714286,Declining,,1.0,2.0,0.4,High,49.0,Failed Payments,Automated Payment Recovery — Failed Transaction,At Risk,Mid Value,No Usage,Low Risk,No NPS
CUST-2f56f6fd,Mid-Market,False,2025-07-19 16:30:54,Germany,Organic Search,Premium,Canceled,0.0,1996.0,244.3,No Data,1.0,0.0,1.0,0.0,Low,0.0,None,Automated Payment Recovery — Failed Transaction,Healthy,Enterprise Value,No Usage,Low Risk,Detractor
CUST-a828d88f,Mid-Market,True,2026-02-06 23:17:45,Australia,Direct,Premium,Active,499.0,1996.0,329.3333333333333,Declining,,1.0,0.0,0.0,Low,0.0,None,No action required,Healthy,Enterprise Value,No Usage,Low Risk,No NPS
CUST-d9ee5046,SMB,True,2025-08-05 15:43:22,Canada,Organic Search,Premium,Active,499.0,4491.0,318.77777777777777,Declining,,1.0,1.0,0.4,High,499.0,Failed Payments,Automated Payment Recovery — Failed Transaction,At Risk,Enterprise Value,No Usage,Low Risk,No NPS
CUST-975b7b01,Startup,True,2024-11-23 00:44:56,Canada,Direct,Basic,Active,49.0,833.0,45.666666666666664,Declining,7.0,4.0,1.0,0.6000000000000001,High,49.0,Failed Payments,Automated Payment Recovery — Failed Transaction,At Risk,Mid Value,No Usage,Low Risk,Passive
CUST-9dedf808,SMB,True,2025-05-13 23:02:20,Germany,Direct,Premium,Active,499.0,5489.0,503.75,Declining,,4.0,1.0,0.6000000000000001,High,499.0,Failed Payments,Automated Payment Recovery — Failed Transaction,At Risk,Enterprise Value,No Usage,Low Risk,No NPS
CUST-f8fb1ecf,Mid-Market,False,2024-11-02 12:14:00,Australia,Paid Social,Pro,Canceled,0.0,2388.0,56.55555555555556,Declining,,4.0,0.0,0.0,Low,0.0,None,No action required,Healthy,Enterprise Value,No Usage,Low Risk,No NPS
CUST-fd42933e,Startup,True,2026-03-03 10:15:43,Australia,Paid Social,Basic,Active,49.0,98.0,206.0,Declining,,1.0,0.0,0.0,Low,0.0,None,No action required,Healthy,Low Value,No Usage,Low Risk,No NPS
CUST-16fd33b4,Startup,True,2025-02-12 05:45:12,Australia,Organic Search,Pro,Active,199.0,2985.0,316.0,Declining,1.0,1.0,0.0,0.2,Medium,0.0,Low NPS,No action required,Watch,Enterprise Value,No Usage,Low Risk,Detractor
CUST-12268b19,Enterprise,False,2024-07-04 11:47:30,UK,Direct,Basic,Canceled,0.0,196.0,245.0909090909091,Declining,,0.0,0.0,0.0,Low,0.0,None,No action required,Healthy,Mid Value,No Usage,Low Risk,No NPS
CUST-5d983e75,Startup,True,2024-05-17 10:29:28,Canada,Organic Search,Basic,Past Due,49.0,1127.0,409.7916666666667,Declining,,3.0,1.0,0.6000000000000001,High,0.0,Failed Payments,Automated Payment Recovery — Failed Transaction,At Risk,Enterprise Value,No Usage,Low Risk,No NPS
CUST-35a1af68,Startup,True,2025-06-02 23:51:53,Australia,Referral,Premium,Active,499.0,5988.0,242.8181818181818,Declining,,3.0,0.0,0.2,Medium,0.0,High Support Burden,No action required,Watch,Enterprise Value,No Usage,Low Risk,No NPS
CUST-39c8797c,SMB,True,2024-09-18 04:48:25,Australia,Organic Search,Basic,Active,49.0,980.0,285.7,Declining,,2.0,0.0,0.0,Low,0.0,None,No action required,Healthy,Mid Value,No Usage,Low Risk,No NPS
CUST-3df46b96,Mid-Market,False,2024-12-31 23:44:51,UK,Outbound Sales,Pro,Canceled,0.0,597.0,63.23529411764706,Declining,5.0,4.0,0.0,0.0,Low,0.0,None,No action required,Healthy,Mid Value,No Usage,Low Risk,Detractor
CUST-1eca5402,Mid-Market,True,2024-12-22 21:06:21,UK,Organic Search,Basic,Past Due,49.0,784.0,501.52941176470586,Declining,,5.0,0.0,0.2,Medium,0.0,High Support Burden,Past-Due Account Escalation,Watch,Mid Value,No Usage,Low Risk,No NPS
CUST-38da02df,Mid-Market,False,2024-08-05 12:58:22,Australia,Outbound Sales,Premium,Canceled,0.0,3992.0,376.8095238095238,Declining,,0.0,1.0,0.0,Low,0.0,None,Automated Payment Recovery — Failed Transaction,Healthy,Enterprise Value,No Usage,Low Risk,No NPS
CUST-ec770be1,Startup,False,2026-02-14 07:49:16,USA,Outbound Sales,Enterprise,Canceled,0.0,5997.0,118.33333333333333,Declining,,0.0,0.0,0.0,Low,0.0,None,No action required,Healthy,Enterprise Value,No Usage,Low Risk,No NPS
CUST-ad20f27e,Startup,True,2024-07-12 16:55:19,Australia,Outbound Sales,Premium,Active,499.0,10479.0,83.22727272727273,Declining,,1.0,1.0,0.4,High,499.0,Failed Payments,Automated Payment Recovery — Failed Transaction,At Risk,Enterprise Value,No Usage,Low Risk,No NPS
CUST-595ad990,Mid-Market,False,2024-08-16 05:39:04,Australia,Referral,Basic,Canceled,0.0,539.0,435.3333333333333,Declining,1.0,3.0,1.0,0.0,Low,0.0,None,Automated Payment Recovery — Failed Transaction,Healthy,Mid Value,No Usage,Low Risk,Detractor
CUST-aed85c86,SMB,False,2025-08-15 21:11:52,UK,Organic Search,Basic,Canceled,0.0,441.0,39.22222222222222,Declining,1.0,0.0,0.0,0.0,Low,0.0,None,No action required,Healthy,Mid Value,No Usage,Low Risk,Detractor
CUST-8771648f,Mid-Market,False,2025-01-20 20:48:42,UK,Organic Search,Pro,Canceled,0.0,597.0,245.625,Declining,4.0,4.0,0.0,0.0,Low,0.0,None,No action required,Healthy,Mid Value,No Usage,Low Risk,Detractor
CUST-9bfeaf09,Mid-Market,False,2025-07-20 23:45:25,Australia,Referral,Basic,Canceled,0.0,294.0,45.9,Declining,,0.0,0.0,0.0,Low,0.0,None,No action required,Healthy,Mid Value,No Usage,Low Risk,No NPS
CUST-bcd07dbd,Startup,True,2024-12-06 06:45:45,Australia,Direct,Basic,Active,49.0,833.0,331.7647058823529,Declining,,2.0,1.0,0.4,High,49.0,Failed Payments,Automated Payment Recovery — Failed Transaction,At Risk,Mid Value,No Usage,Low Risk,No NPS
CUST-9916440a,SMB,True,2025-01-15 10:36:51,Australia,Paid Social,Pro,Active,199.0,2985.0,458.625,Declining,6.0,2.0,0.0,0.2,Medium,0.0,Low NPS,No action required,Watch,Enterprise Value,No Usage,Low Risk,Detractor
CUST-07c6a0ab,SMB,True,2025-10-01 04:54:09,UK,Organic Search,Pro,Active,199.0,1393.0,134.42857142857142,Declining,,4.0,1.0,0.6000000000000001,High,199.0,Failed Payments,Automated Payment Recovery — Failed Transaction,At Risk,Enterprise Value,No Usage,Low Risk,No NPS
CUST-281af038,SMB,True,2024-07-10 10:17:27,Australia,Paid Social,Enterprise,Active,1999.0,37981.0,375.0,Declining,10.0,4.0,1.0,0.6000000000000001,High,1999.0,Failed Payments,Automated Payment Recovery — Failed Transaction,At Risk,Enterprise Value,No Usage,Low Risk,Promoter
CUST-5b17f869,Startup,True,2025-03-03 04:28:13,Australia,Referral,Basic,Active,49.0,735.0,239.28571428571428,Declining,,0.0,0.0,0.0,Low,0.0,None,No action required,Healthy,Mid Value,No Usage,Low Risk,No NPS
CUST-a06933a8,SMB,False,2025-05-24 19:32:07,Germany,Direct,Basic,Canceled,0.0,392.0,276.0833333333333,Declining,,4.0,2.0,0.0,Low,0.0,None,Automated Payment Recovery — Failed Transaction,Healthy,Mid Value,No Usage,Low Risk,No NPS
CUST-4f5c984d,Startup,False,2026-05-02 09:21:18,USA,Direct,Basic,Canceled,0.0,49.0,0.0,,,0.0,0.0,0.0,Low,0.0,None,No action required,Healthy,Low Value,No Usage,Low Risk,No NPS
CUST-c248e070,SMB,True,2024-05-20 23:27:23,Canada,Direct,Enterprise,Active,1999.0,45977.0,150.83333333333334,Declining,10.0,5.0,1.0,0.6000000000000001,High,1999.0,Failed Payments,Automated Payment Recovery — Failed Transaction,At Risk,Enterprise Value,No Usage,Low Risk,Promoter
CUST-f05429de,Startup,False,2024-09-20 15:37:50,USA,Referral,Premium,Canceled,0.0,5489.0,206.6,Declining,4.0,4.0,0.0,0.0,Low,0.0,None,No action required,Healthy,Enterprise Value,No Usage,Low Risk,Detractor
CUST-58517ba4,Startup,False,2025-12-06 15:21:06,Germany,Outbound Sales,Premium,Canceled,0.0,2495.0,143.4,Declining,,1.0,0.0,0.0,Low,0.0,None,No action required,Healthy,Enterprise Value,No Usage,Low Risk,No NPS
CUST-7ba5eb94,Mid-Market,True,2025-10-01 00:29:03,Canada,Outbound Sales,Enterprise,Active,1999.0,13993.0,245.875,Stable,,1.0,0.0,0.0,Low,0.0,None,No action required,Healthy,Enterprise Value,No Usage,Low Risk,No NPS
CUST-30a813ac,SMB,True,2024-10-17 04:58:58,Australia,Paid Social,Pro,Active,199.0,3781.0,433.2105263157895,Declining,7.0,0.0,0.0,0.0,Low,0.0,None,No action required,Healthy,Enterprise Value,No Usage,Low Risk,Passive
CUST-4c73002d,Startup,True,2025-05-30 00:24:08,Germany,Outbound Sales,Pro,Active,199.0,2388.0,186.6153846153846,Stable,,5.0,0.0,0.2,Medium,0.0,High Support Burden,No action required,Watch,Enterprise Value,No Usage,Low Risk,No NPS
CUST-f9733209,Startup,False,2025-08-21 14:24:22,Australia,Outbound Sales,Basic,Canceled,0.0,98.0,139.22222222222223,Declining,,5.0,0.0,0.0,Low,0.0,None,No action required,Healthy,Low Value,No Usage,Low Risk,No NPS
CUST-253a8c4e,SMB,True,2025-03-15 10:45:17,UK,Direct,Pro,Active,199.0,2786.0,388.14285714285717,Declining,10.0,3.0,0.0,0.2,Medium,0.0,High Support Burden,No action required,Watch,Enterprise Value,No Usage,Low Risk,Promoter
CUST-8f614fa8,SMB,True,2025-06-29 23:54:23,Germany,Direct,Pro,Active,199.0,1990.0,264.27272727272725,Declining,8.0,3.0,1.0,0.6000000000000001,High,199.0,Failed Payments,Automated Payment Recovery — Failed Transaction,At Risk,Enterprise Value,No Usage,Low Risk,Passive
CUST-bbeb6ca0,Startup,True,2024-07-24 02:35:08,UK,Paid Social,Pro,Active,199.0,4378.0,479.5,Declining,,4.0,0.0,0.2,Medium,0.0,High Support Burden,No action required,Watch,Enterprise Value,No Usage,Low Risk,No NPS
CUST-9b8bf8aa,SMB,False,2025-05-06 04:48:11,Germany,Organic Search,Enterprise,Canceled,0.0,9995.0,109.75,Declining,,5.0,1.0,0.0,Low,0.0,None,Automated Payment Recovery — Failed Transaction,Healthy,Enterprise Value,No Usage,Low Risk,No NPS
CUST-b449ab24,Enterprise,False,2026-05-07 10:20:41,Germany,Paid Social,Enterprise,Canceled,0.0,0.0,0.0,,,0.0,1.0,0.0,Low,0.0,None,Automated Payment Recovery — Failed Transaction,Healthy,No Revenue,No Usage,Low Risk,No NPS
CUST-8021db8b,Startup,False,2025-07-06 00:57:01,UK,Paid Social,Premium,Canceled,0.0,3493.0,112.2,Declining,3.0,4.0,0.0,0.0,Low,0.0,None,No action required,Healthy,Enterprise Value,No Usage,Low Risk,Detractor
CUST-1568ca8a,SMB,False,2025-06-19 14:55:41,Canada,Referral,Premium,Canceled,0.0,1996.0,49.81818181818182,Declining,,1.0,1.0,0.0,Low,0.0,None,Automated Payment Recovery — Failed Transaction,Healthy,Enterprise Value,No Usage,Low Risk,No NPS
CUST-72549b3c,SMB,False,2024-12-18 22:45:54,USA,Referral,Pro,Canceled,0.0,2587.0,247.58823529411765,No Data,4.0,4.0,0.0,0.0,Low,0.0,None,No action required,Healthy,Enterprise Value,No Usage,Low Risk,Detractor
CUST-e3ac997b,Mid-Market,False,2024-11-19 11:31:34,Australia,Paid Social,Basic,Canceled,0.0,490.0,392.77777777777777,Declining,2.0,3.0,1.0,0.0,Low,0.0,None,Automated Payment Recovery — Failed Transaction,Healthy,Mid Value,No Usage,Low Risk,Detractor
CUST-368659eb,Enterprise,False,2026-01-02 17:44:39,Germany,Paid Social,Basic,Canceled,0.0,147.0,177.5,Declining,,3.0,0.0,0.0,Low,0.0,None,No action required,Healthy,Mid Value,No Usage,Low Risk,No NPS
CUST-c5dce991,SMB,False,2024-07-20 02:32:07,Australia,Paid Social,Pro,Canceled,0.0,3184.0,92.63636363636364,Declining,,5.0,2.0,0.0,Low,0.0,None,Automated Payment Recovery — Failed Transaction,Healthy,Enterprise Value,No Usage,Low Risk,No NPS
CUST-4c76a787,Startup,True,2025-04-29 19:41:44,UK,Outbound Sales,Premium,Active,499.0,5489.0,341.0,Declining,,1.0,2.0,0.4,High,499.0,Failed Payments,Automated Payment Recovery — Failed Transaction,At Risk,Enterprise Value,No Usage,Low Risk,No NPS
CUST-e323b3df,SMB,True,2025-09-21 17:29:04,Australia,Referral,Basic,Active,49.0,392.0,426.0,Declining,,0.0,0.0,0.0,Low,0.0,None,No action required,Healthy,Mid Value,No Usage,Low Risk,No NPS
CUST-5267af3a,SMB,True,2025-06-23 15:06:59,UK,Paid Social,Enterprise,Active,1999.0,21989.0,339.6363636363636,Declining,,0.0,0.0,0.0,Low,0.0,None,No action required,Healthy,Enterprise Value,No Usage,Low Risk,No NPS
CUST-cf28f116,SMB,True,2025-06-19 14:08:18,Australia,Direct,Basic,Past Due,49.0,490.0,181.27272727272728,Declining,0.0,2.0,1.0,0.6000000000000001,High,0.0,Low NPS,Automated Payment Recovery — Failed Transaction,At Risk,Mid Value,No Usage,Low Risk,Detractor
CUST-0dd5708f,SMB,True,2026-05-05 22:59:41,USA,Direct,Basic,Active,49.0,49.0,0.0,,,0.0,0.0,0.6,High,49.0,Usage Decline,SMB Re-engagement Offer — High Churn Risk,At Risk,Low Value,No Usage,Low Risk,No NPS
CUST-dd981b81,Startup,True,2025-06-25 06:10:47,USA,Outbound Sales,Pro,Active,199.0,2189.0,442.6363636363636,Declining,,1.0,0.0,0.0,Low,0.0,None,No action required,Healthy,Enterprise Value,No Usage,Low Risk,No NPS
CUST-8c8491e8,SMB,False,2025-08-24 12:32:52,USA,Outbound Sales,Basic,Canceled,0.0,49.0,318.55555555555554,Declining,,3.0,0.0,0.0,Low,0.0,None,No action required,Healthy,Low Value,No Usage,Low Risk,No NPS
CUST-07494671,SMB,False,2026-05-04 05:35:22,USA,Organic Search,Basic,Canceled,0.0,49.0,0.0,,,1.0,0.0,0.0,Low,0.0,None,No action required,Healthy,Low Value,No Usage,Low Risk,No NPS
CUST-896ee212,Startup,False,2026-02-01 17:21:47,USA,Organic Search,Basic,Canceled,0.0,98.0,70.0,Declining,,0.0,0.0,0.0,Low,0.0,None,No action required,Healthy,Low Value,No Usage,Low Risk,No NPS
CUST-8600900e,SMB,True,2026-03-08 01:42:43,USA,Organic Search,Premium,Active,499.0,1497.0,85.0,Declining,,1.0,0.0,0.0,Low,0.0,None,No action required,Healthy,Enterprise Value,No Usage,Low Risk,No NPS
CUST-53f0fd40,Mid-Market,True,2025-02-14 20:17:22,UK,Outbound Sales,Pro,Active,199.0,2786.0,74.66666666666667,Declining,,2.0,1.0,0.4,High,199.0,Failed Payments,Automated Payment Recovery — Failed Transaction,At Risk,Enterprise Value,No Usage,Low Risk,No NPS
CUST-c4348b86,SMB,True,2024-07-21 03:30:03,Germany,Outbound Sales,Pro,Active,199.0,3781.0,389.72727272727275,Declining,,0.0,1.0,0.4,High,199.0,Failed Payments,Automated Payment Recovery — Failed Transaction,At Risk,Enterprise Value,No Usage,Low Risk,No NPS
CUST-fb11a701,SMB,True,2024-06-24 21:18:34,Australia,Outbound Sales,Pro,Active,199.0,4179.0,407.4782608695652,Declining,,3.0,2.0,0.6000000000000001,High,199.0,Failed Payments,Automated Payment Recovery — Failed Transaction,At Risk,Enterprise Value,No Usage,Low Risk,No NPS
CUST-469f5824,SMB,True,2025-06-10 22:15:13,USA,Direct,Basic,Active,49.0,490.0,358.45454545454544,Declining,,0.0,1.0,0.4,High,49.0,Failed Payments,Automated Payment Recovery — Failed Transaction,At Risk,Mid Value,No Usage,Low Risk,No NPS
CUST-d5fc1c8d,SMB,True,2025-12-30 04:11:06,UK,Outbound Sales,Enterprise,Past Due,1999.0,9995.0,48.6,Declining,,0.0,0.0,0.0,Low,0.0,None,Past-Due Account Escalation,Healthy,Enterprise Value,No Usage,Low Risk,No NPS
CUST-23598ab7,Startup,False,2026-01-25 16:04:38,UK,Direct,Basic,Canceled,0.0,98.0,36.5,Declining,,0.0,0.0,0.0,Low,0.0,None,No action required,Healthy,Low Value,No Usage,Low Risk,No NPS
CUST-ceb1a1d7,SMB,False,2025-05-28 01:40:58,UK,Organic Search,Enterprise,Canceled,0.0,7996.0,305.6666666666667,Declining,,0.0,0.0,0.0,Low,0.0,None,No action required,Healthy,Enterprise Value,No Usage,Low Risk,No NPS
CUST-cc3da635,SMB,True,2025-01-07 09:36:43,Germany,Organic Search,Pro,Active,199.0,3383.0,438.5,Declining,,5.0,0.0,0.2,Medium,0.0,High Support Burden,No action required,Watch,Enterprise Value,No Usage,Low Risk,No NPS
CUST-4d4bcad4,Startup,True,2024-12-20 02:20:39,Australia,Organic Search,Enterprise,Active,1999.0,31984.0,65.29411764705883,Declining,9.0,0.0,0.0,0.0,Low,0.0,None,No action required,Healthy,Enterprise Value,No Usage,Low Risk,Promoter
CUST-f7c27cb5,SMB,True,2024-09-05 15:35:58,Germany,Paid Social,Basic,Active,49.0,980.0,113.6,Declining,10.0,5.0,1.0,0.6000000000000001,High,49.0,Failed Payments,Automated Payment Recovery — Failed Transaction,At Risk,Mid Value,No Usage,Low Risk,Promoter
CUST-f7a162ca,Startup,True,2024-09-08 20:59:55,Canada,Paid Social,Pro,Active,199.0,3980.0,419.15,Declining,9.0,2.0,1.0,0.4,High,199.0,Failed Payments,Automated Payment Recovery — Failed Transaction,At Risk,Enterprise Value,No Usage,Low Risk,Promoter
CUST-777cb48a,SMB,False,2024-10-05 07:30:08,UK,Referral,Basic,Canceled,0.0,294.0,374.1578947368421,Declining,4.0,5.0,0.0,0.0,Low,0.0,None,No action required,Healthy,Mid Value,No Usage,Low Risk,Detractor
CUST-a7107470,SMB,True,2024-10-25 21:59:20,Canada,Referral,Basic,Past Due,49.0,931.0,207.73684210526315,Declining,,2.0,0.0,0.0,Low,0.0,None,Past-Due Account Escalation,Healthy,Mid Value,No Usage,Low Risk,No NPS
CUST-3c8ebac5,Startup,True,2025-04-18 08:43:43,USA,Referral,Pro,Active,199.0,2189.0,50.30769230769231,Declining,,1.0,1.0,0.4,High,199.0,Failed Payments,Automated Payment Recovery — Failed Transaction,At Risk,Enterprise Value,No Usage,Low Risk,No NPS
CUST-5c355706,SMB,True,2025-12-12 09:25:43,USA,Paid Social,Basic,Active,49.0,196.0,213.6,Declining,6.0,0.0,1.0,0.6000000000000001,High,49.0,Low NPS,Automated Payment Recovery — Failed Transaction,At Risk,Mid Value,No Usage,Low Risk,Detractor
CUST-1785b660,SMB,True,2024-08-21 17:26:22,Germany,Paid Social,Pro,Active,199.0,3980.0,383.57142857142856,Declining,8.0,1.0,0.0,0.0,Low,0.0,None,No action required,Healthy,Enterprise Value,No Usage,Low Risk,Passive
CUST-a0f2fb65,SMB,True,2025-08-27 12:05:19,Australia,Referral,Basic,Past Due,49.0,441.0,516.1111111111111,Declining,,3.0,0.0,0.2,Medium,0.0,High Support Burden,Past-Due Account Escalation,Watch,Mid Value,No Usage,Low Risk,No NPS
CUST-8ecd77bb,SMB,False,2026-01-20 10:40:24,Canada,Referral,Basic,Canceled,0.0,147.0,231.75,Declining,6.0,4.0,0.0,0.0,Low,0.0,None,No action required,Healthy,Mid Value,No Usage,Low Risk,Detractor
CUST-d26a7eff,Startup,True,2024-11-13 16:13:22,Australia,Outbound Sales,Premium,Active,499.0,8483.0,230.11111111111111,Declining,9.0,4.0,1.0,0.6000000000000001,High,499.0,Failed Payments,Automated Payment Recovery — Failed Transaction,At Risk,Enterprise Value,No Usage,Low Risk,Promoter
CUST-8fae7682,Mid-Market,True,2026-02-10 08:14:43,Germany,Referral,Pro,Active,199.0,398.0,316.6666666666667,Declining,,2.0,1.0,0.4,High,199.0,Failed Payments,Automated Payment Recovery — Failed Transaction,At Risk,Mid Value,No Usage,Low Risk,No NPS
CUST-52b3bf45,SMB,True,2024-06-18 20:06:40,USA,Outbound Sales,Pro,Active,199.0,4179.0,90.65217391304348,Declining,9.0,4.0,0.0,0.2,Medium,0.0,High Support Burden,No action required,Watch,Enterprise Value,No Usage,Low Risk,Promoter
CUST-653cfeaf,Mid-Market,True,2024-11-27 18:20:32,Australia,Direct,Pro,Active,199.0,3383.0,493.6111111111111,Declining,0.0,3.0,0.0,0.4,High,199.0,Low NPS,No action required,At Risk,Enterprise Value,No Usage,Low Risk,Detractor
CUST-0fbbd2e8,Startup,False,2025-02-27 15:12:09,Australia,Paid Social,Premium,Canceled,0.0,3493.0,310.46666666666664,Declining,,5.0,1.0,0.0,Low,0.0,None,Automated Payment Recovery — Failed Transaction,Healthy,Enterprise Value,No Usage,Low Risk,No NPS
CUST-820f1ab0,SMB,True,2024-09-25 03:21:18,USA,Referral,Basic,Active,49.0,931.0,78.9,Declining,10.0,2.0,1.0,0.4,High,49.0,Failed Payments,Automated Payment Recovery — Failed Transaction,At Risk,Mid Value,No Usage,Low Risk,Promoter
CUST-8b95d79f,Startup,True,2025-09-26 23:16:06,Canada,Paid Social,Pro,Active,199.0,1393.0,366.5,Declining,,4.0,1.0,0.6000000000000001,High,199.0,Failed Payments,Automated Payment Recovery — Failed Transaction,At Risk,Enterprise Value,No Usage,Low Risk,No NPS
CUST-921032b2,SMB,True,2024-09-01 07:34:13,USA,Paid Social,Enterprise,Active,1999.0,37981.0,81.15,Declining,,1.0,2.0,0.4,High,1999.0,Failed Payments,Automated Payment Recovery — Failed Transaction,At Risk,Enterprise Value,No Usage,Low Risk,No NPS
CUST-940f6416,Startup,True,2025-06-23 20:17:05,Australia,Paid Social,Premium,Active,499.0,5489.0,188.63636363636363,Declining,8.0,2.0,0.0,0.0,Low,0.0,None,No action required,Healthy,Enterprise Value,No Usage,Low Risk,Passive
CUST-75884b94,Startup,True,2025-06-06 19:20:26,Canada,Direct,Pro,Active,199.0,2189.0,354.8181818181818,Declining,8.0,5.0,0.0,0.2,Medium,0.0,High Support Burden,No action required,Watch,Enterprise Value,No Usage,Low Risk,Passive
CUST-43a0ce45,Startup,True,2025-09-07 04:29:18,Canada,Organic Search,Pro,Active,199.0,1791.0,229.875,Declining,10.0,0.0,0.0,0.0,Low,0.0,None,No action required,Healthy,Enterprise Value,No Usage,Low Risk,Promoter
CUST-fa7d9654,Startup,True,2024-11-09 15:30:27,USA,Referral,Premium,Active,499.0,8982.0,416.44444444444446,Declining,,3.0,0.0,0.2,Medium,0.0,High Support Burden,No action required,Watch,Enterprise Value,No Usage,Low Risk,No NPS
CUST-557422e6,SMB,False,2024-10-08 03:06:15,Australia,Organic Search,Pro,Canceled,0.0,2786.0,222.57894736842104,No Data,,5.0,0.0,0.0,Low,0.0,None,No action required,Healthy,Enterprise Value,No Usage,Low Risk,No NPS
CUST-4f5ca6e5,SMB,True,2024-12-28 18:24:49,Germany,Organic Search,Basic,Past Due,49.0,833.0,305.2352941176471,Declining,9.0,4.0,0.0,0.2,Medium,0.0,High Support Burden,Past-Due Account Escalation,Watch,Mid Value,No Usage,Low Risk,Promoter
CUST-421c11b1,SMB,False,2026-03-06 01:19:03,Australia,Organic Search,Basic,Canceled,0.0,98.0,2.5,No Data,,2.0,0.0,0.0,Low,0.0,None,No action required,Healthy,Low Value,No Usage,Low Risk,No NPS
CUST-7cc11a95,Mid-Market,True,2025-06-25 21:41:36,UK,Paid Social,Premium,Active,499.0,4990.0,312.90909090909093,Declining,,0.0,1.0,0.4,High,499.0,Failed Payments,Automated Payment Recovery — Failed Transaction,At Risk,Enterprise Value,No Usage,Low Risk,No NPS
CUST-3c82bab1,SMB,False,2024-06-27 06:39:07,Germany,Outbound Sales,Basic,Canceled,0.0,735.0,392.17391304347825,Declining,1.0,1.0,0.0,0.0,Low,0.0,None,No action required,Healthy,Mid Value,No Usage,Low Risk,Detractor
CUST-d495b985,SMB,False,2026-04-05 05:46:59,Canada,Paid Social,Premium,Canceled,0.0,998.0,4.0,Declining,,0.0,0.0,0.0,Low,0.0,None,No action required,Healthy,Mid Value,No Usage,Low Risk,No NPS
CUST-87e2b64f,SMB,True,2025-10-28 08:19:20,Germany,Paid Social,Basic,Active,49.0,294.0,205.85714285714286,Declining,,0.0,1.0,0.4,High,49.0,Failed Payments,Automated Payment Recovery — Failed Transaction,At Risk,Mid Value,No Usage,Low Risk,No NPS
CUST-5e26171b,SMB,False,2025-05-14 17:21:29,Canada,Organic Search,Pro,Canceled,0.0,995.0,47.166666666666664,Declining,6.0,0.0,1.0,0.0,Low,0.0,None,Automated Payment Recovery — Failed Transaction,Healthy,Mid Value,No Usage,Low Risk,Detractor
CUST-20e8e835,Startup,True,2025-12-19 12:27:04,Canada,Paid Social,Basic,Active,49.0,245.0,352.0,Declining,,1.0,0.0,0.0,Low,0.0,None,No action required,Healthy,Mid Value,No Usage,Low Risk,No NPS
CUST-e9c000e8,SMB,False,2026-01-09 04:20:37,Germany,Organic Search,Basic,Canceled,0.0,98.0,69.75,Declining,,0.0,0.0,0.0,Low,0.0,None,No action required,Healthy,Low Value,No Usage,Low Risk,No NPS
CUST-2b5ee006,Startup,True,2025-03-31 15:41:23,Canada,Outbound Sales,Enterprise,Active,1999.0,25987.0,388.0,Declining,7.0,1.0,1.0,0.4,High,1999.0,Failed Payments,Automated Payment Recovery — Failed Transaction,At Risk,Enterprise Value,No Usage,Low Risk,Passive
CUST-b01a91eb,Startup,True,2025-11-26 15:21:00,Canada,Referral,Premium,Past Due,499.0,2994.0,240.0,Declining,,0.0,0.0,0.0,Low,0.0,None,Past-Due Account Escalation,Healthy,Enterprise Value,No Usage,Low Risk,No NPS
CUST-4893d265,Startup,True,2025-09-06 20:10:36,UK,Organic Search,Pro,Active,199.0,1791.0,220.0,Declining,,3.0,0.0,0.2,Medium,0.0,High Support Burden,No action required,Watch,Enterprise Value,No Usage,Low Risk,No NPS
CUST-7e94a4d4,Startup,False,2025-05-22 15:07:35,Australia,Outbound Sales,Pro,Canceled,0.0,796.0,371.8333333333333,Declining,3.0,5.0,1.0,0.0,Low,0.0,None,Automated Payment Recovery — Failed Transaction,Healthy,Mid Value,No Usage,Low Risk,Detractor
CUST-e1a510a8,Startup,True,2025-06-14 18:01:54,Australia,Referral,Pro,Active,199.0,1990.0,406.90909090909093,Declining,1.0,1.0,1.0,0.6000000000000001,High,199.0,Low NPS,Automated Payment Recovery — Failed Transaction,At Risk,Enterprise Value,No Usage,Low Risk,Detractor
CUST-34a0e933,Startup,True,2024-07-07 00:45:02,UK,Direct,Pro,Active,199.0,4378.0,94.27272727272727,Declining,,1.0,0.0,0.0,Low,0.0,None,No action required,Healthy,Enterprise Value,No Usage,Low Risk,No NPS
CUST-2d15f874,Startup,False,2025-11-01 02:32:00,Germany,Organic Search,Pro,Canceled,0.0,796.0,209.33333333333334,No Data,5.0,2.0,0.0,0.0,Low,0.0,None,No action required,Healthy,Mid Value,No Usage,Low Risk,Detractor
CUST-63df3232,Mid-Market,False,2026-02-25 12:07:28,USA,Organic Search,Basic,Canceled,0.0,98.0,166.33333333333334,Declining,,0.0,0.0,0.0,Low,0.0,None,No action required,Healthy,Low Value,No Usage,Low Risk,No NPS
CUST-cd61f08a,SMB,True,2025-02-03 10:07:54,USA,Direct,Pro,Active,199.0,3184.0,104.73333333333333,Declining,,4.0,0.0,0.2,Medium,0.0,High Support Burden,No action required,Watch,Enterprise Value,No Usage,Low Risk,No NPS
CUST-10189bb1,SMB,True,2026-02-06 04:35:54,USA,Direct,Premium,Active,499.0,1996.0,87.0,Declining,,1.0,0.0,0.0,Low,0.0,None,No action required,Healthy,Enterprise Value,No Usage,Low Risk,No NPS
CUST-02dee19e,Mid-Market,True,2025-05-01 05:19:03,UK,Organic Search,Enterprise,Active,1999.0,21989.0,467.1666666666667,Declining,,1.0,1.0,0.4,High,1999.0,Failed Payments,Automated Payment Recovery — Failed Transaction,At Risk,Enterprise Value,No Usage,Low Risk,No NPS
CUST-9036a783,Startup,True,2024-09-29 17:44:07,UK,Direct,Basic,Active,49.0,931.0,337.0,Declining,,1.0,1.0,0.4,High,49.0,Failed Payments,Automated Payment Recovery — Failed Transaction,At Risk,Mid Value,No Usage,Low Risk,No NPS
CUST-6f52debb,Startup,True,2025-03-26 09:49:14,Canada,Paid Social,Premium,Past Due,499.0,6986.0,245.0,Declining,6.0,0.0,0.0,0.2,Medium,0.0,Low NPS,Past-Due Account Escalation,Watch,Enterprise Value,No Usage,Low Risk,Detractor
CUST-29cb4bc4,Startup,False,2026-01-23 02:19:23,USA,Referral,Pro,Canceled,0.0,398.0,45.75,Declining,,1.0,1.0,0.0,Low,0.0,None,Automated Payment Recovery — Failed Transaction,Healthy,Mid Value,No Usage,Low Risk,No NPS
CUST-869583e6,Mid-Market,True,2025-12-29 20:16:47,Germany,Referral,Pro,Active,199.0,995.0,11.4,Declining,,0.0,0.0,0.0,Low,0.0,None,No action required,Healthy,Mid Value,No Usage,Low Risk,No NPS
CUST-19717f1e,Startup,True,2026-03-29 03:49:33,Germany,Referral,Basic,Active,49.0,98.0,353.0,Declining,,0.0,0.0,0.0,Low,0.0,None,No action required,Healthy,Low Value,No Usage,Low Risk,No NPS
CUST-0421d102,Startup,True,2026-04-16 10:10:23,USA,Paid Social,Pro,Active,199.0,199.0,367.0,Declining,,0.0,0.0,0.0,Low,0.0,None,No action required,Healthy,Mid Value,No Usage,Low Risk,No NPS
CUST-85140b1c,Startup,True,2026-02-01 19:55:36,USA,Direct,Basic,Active,49.0,98.0,108.0,Declining,,0.0,2.0,0.4,High,49.0,Failed Payments,Automated Payment Recovery — Failed Transaction,At Risk,Low Value,No Usage,Low Risk,No NPS
CUST-eb632adf,Startup,True,2024-07-16 22:48:15,USA,Outbound Sales,Basic,Active,49.0,980.0,478.95454545454544,Declining,,2.0,1.0,0.4,High,49.0,Failed Payments,Automated Payment Recovery — Failed Transaction,At Risk,Mid Value,No Usage,Low Risk,No NPS
CUST-c6e6948e,Startup,True,2025-04-29 20:50:19,UK,Direct,Premium,Past Due,499.0,6487.0,446.15384615384613,Declining,,2.0,0.0,0.0,Low,0.0,None,Past-Due Account Escalation,Healthy,Enterprise Value,No Usage,Low Risk,No NPS
CUST-58bc0e3f,SMB,True,2025-03-03 00:44:18,UK,Organic Search,Premium,Active,499.0,6986.0,443.07142857142856,Declining,,5.0,1.0,0.6000000000000001,High,499.0,Failed Payments,Automated Payment Recovery — Failed Transaction,At Risk,Enterprise Value,No Usage,Low Risk,No NPS
CUST-39c02ed4,Startup,False,2026-03-23 00:55:36,UK,Referral,Pro,Canceled,0.0,199.0,3.0,Declining,,1.0,0.0,0.0,Low,0.0,None,No action required,Healthy,Mid Value,No Usage,Low Risk,No NPS
CUST-2c81fc6c,SMB,True,2025-01-30 09:39:43,Australia,Direct,Enterprise,Active,1999.0,31984.0,468.25,Declining,,3.0,0.0,0.2,Medium,0.0,High Support Burden,No action required,Watch,Enterprise Value,No Usage,Low Risk,No NPS
CUST-63ff6eae,Enterprise,False,2024-11-27 08:56:27,Germany,Outbound Sales,Basic,Canceled,0.0,882.0,159.72222222222223,No Data,,1.0,0.0,0.0,Low,0.0,None,No action required,Healthy,Mid Value,No Usage,Low Risk,No NPS
CUST-d72aa413,Startup,False,2025-06-06 04:29:49,Germany,Organic Search,Basic,Canceled,0.0,245.0,41.36363636363637,Declining,,2.0,1.0,0.0,Low,0.0,None,Automated Payment Recovery — Failed Transaction,Healthy,Mid Value,No Usage,Low Risk,No NPS
CUST-86eb9733,SMB,True,2026-01-31 05:56:15,Canada,Paid Social,Pro,Past Due,199.0,796.0,24.0,Declining,,1.0,0.0,0.0,Low,0.0,None,Past-Due Account Escalation,Healthy,Mid Value,No Usage,Low Risk,No NPS
CUST-92365cdd,Startup,False,2026-01-28 07:19:07,UK,Paid Social,Basic,Canceled,0.0,147.0,86.75,Declining,,0.0,0.0,0.0,Low,0.0,None,No action required,Healthy,Mid Value,No Usage,Low Risk,No NPS
CUST-5b818179,SMB,True,2024-09-12 08:45:09,Australia,Outbound Sales,Basic,Active,49.0,931.0,433.5,Declining,8.0,4.0,1.0,0.6000000000000001,High,49.0,Failed Payments,Automated Payment Recovery — Failed Transaction,At Risk,Mid Value,No Usage,Low Risk,Passive
CUST-28575fc5,Startup,True,2025-08-08 05:07:06,Australia,Organic Search,Basic,Active,49.0,441.0,499.3333333333333,Declining,9.0,3.0,1.0,0.6000000000000001,High,49.0,Failed Payments,Automated Payment Recovery — Failed Transaction,At Risk,Mid Value,No Usage,Low Risk,Promoter
CUST-133f3a90,SMB,False,2026-02-08 16:10:47,Germany,Referral,Basic,Canceled,0.0,98.0,115.33333333333333,Declining,,1.0,0.0,0.0,Low,0.0,None,No action required,Healthy,Low Value,No Usage,Low Risk,No NPS
CUST-61e2d5bb,Startup,True,2025-05-26 20:46:13,UK,Direct,Premium,Active,499.0,4990.0,406.0833333333333,Declining,,0.0,1.0,0.4,High,499.0,Failed Payments,Automated Payment Recovery — Failed Transaction,At Risk,Enterprise Value,No Usage,Low Risk,No NPS
CUST-86bce810,Startup,True,2024-09-15 22:25:52,Canada,Organic Search,Basic,Active,49.0,931.0,172.3,Declining,,4.0,1.0,0.6000000000000001,High,49.0,Failed Payments,Automated Payment Recovery — Failed Transaction,At Risk,Mid Value,No Usage,Low Risk,No NPS
CUST-6af6de79,Mid-Market,False,2025-05-03 12:18:02,UK,Paid Social,Pro,Canceled,0.0,1194.0,28.666666666666668,No Data,,0.0,2.0,0.0,Low,0.0,None,Automated Payment Recovery — Failed Transaction,Healthy,Enterprise Value,No Usage,Low Risk,No NPS
CUST-68803630,SMB,True,2025-01-07 07:03:12,USA,Outbound Sales,Basic,Active,49.0,784.0,320.0,Declining,1.0,4.0,1.0,0.8,Critical,49.0,Low NPS,Automated Payment Recovery — Failed Transaction,Critical,Mid Value,No Usage,Low Risk,Detractor
CUST-e2e7fb0b,Startup,True,2025-01-14 15:19:16,UK,Outbound Sales,Pro,Active,199.0,2786.0,245.4375,Declining,0.0,2.0,2.0,0.6000000000000001,High,199.0,Low NPS,Automated Payment Recovery — Failed Transaction,At Risk,Enterprise Value,No Usage,Low Risk,Detractor
CUST-9d156c6b,SMB,False,2024-09-17 19:12:41,USA,Direct,Basic,Canceled,0.0,147.0,354.05,Declining,,1.0,0.0,0.0,Low,0.0,None,No action required,Healthy,Mid Value,No Usage,Low Risk,No NPS
CUST-453bec4d,Mid-Market,True,2024-12-20 14:35:03,USA,Outbound Sales,Premium,Active,499.0,8483.0,215.47058823529412,Declining,,0.0,0.0,0.0,Low,0.0,None,No action required,Healthy,Enterprise Value,No Usage,Low Risk,No NPS
CUST-d0c81333,SMB,True,2025-07-04 00:12:53,Canada,Outbound Sales,Pro,Past Due,199.0,2189.0,69.63636363636364,Stable,7.0,1.0,0.0,0.0,Low,0.0,None,Past-Due Account Escalation,Healthy,Enterprise Value,No Usage,Low Risk,Passive
CUST-8d0bbd00,SMB,True,2024-08-08 10:14:01,Germany,Organic Search,Basic,Active,49.0,1029.0,220.42857142857142,Declining,,5.0,0.0,0.2,Medium,0.0,High Support Burden,No action required,Watch,Enterprise Value,No Usage,Low Risk,No NPS
CUST-5cf11397,Startup,True,2024-07-08 14:29:45,UK,Referral,Pro,Active,199.0,4179.0,406.1818181818182,Declining,,3.0,2.0,0.6000000000000001,High,199.0,Failed Payments,Automated Payment Recovery — Failed Transaction,At Risk,Enterprise Value,No Usage,Low Risk,No NPS
CUST-86834069,Startup,True,2024-12-12 12:17:17,USA,Direct,Basic,Active,49.0,784.0,46.88235294117647,Declining,7.0,2.0,0.0,0.0,Low,0.0,None,No action required,Healthy,Mid Value,No Usage,Low Risk,Passive
CUST-36b79217,SMB,False,2025-11-02 01:36:58,UK,Organic Search,Pro,Canceled,0.0,199.0,114.66666666666667,No Data,,4.0,1.0,0.0,Low,0.0,None,Automated Payment Recovery — Failed Transaction,Healthy,Mid Value,No Usage,Low Risk,No NPS
CUST-fb7ccfe1,SMB,True,2025-11-22 13:17:27,Germany,Referral,Basic,Active,49.0,294.0,255.16666666666666,Declining,8.0,2.0,0.0,0.0,Low,0.0,None,No action required,Healthy,Mid Value,No Usage,Low Risk,Passive
CUST-4bf53012,Startup,True,2025-09-21 05:27:48,Germany,Organic Search,Enterprise,Past Due,1999.0,15992.0,450.375,Declining,,4.0,0.0,0.2,Medium,0.0,High Support Burden,Past-Due Account Escalation,Watch,Enterprise Value,No Usage,Low Risk,No NPS
CUST-d997f391,SMB,False,2025-02-06 09:24:16,Australia,Organic Search,Basic,Canceled,0.0,588.0,247.13333333333333,Declining,3.0,1.0,1.0,0.0,Low,0.0,None,Automated Payment Recovery — Failed Transaction,Healthy,Mid Value,No Usage,Low Risk,Detractor
CUST-e4f386c7,Mid-Market,False,2024-11-25 08:44:43,Germany,Outbound Sales,Pro,Canceled,0.0,3184.0,430.6666666666667,Declining,0.0,3.0,0.0,0.0,Low,0.0,None,No action required,Healthy,Enterprise Value,No Usage,Low Risk,Detractor
CUST-a011c7f1,Startup,True,2025-08-01 02:43:04,Canada,Referral,Basic,Active,49.0,490.0,396.8888888888889,Declining,2.0,1.0,0.0,0.2,Medium,0.0,Low NPS,No action required,Watch,Mid Value,No Usage,Low Risk,Detractor
CUST-34790521,Startup,True,2024-09-06 20:00:27,USA,Direct,Basic,Active,49.0,980.0,199.2,Declining,1.0,5.0,0.0,0.4,High,49.0,Low NPS,No action required,At Risk,Mid Value,No Usage,Low Risk,Detractor
CUST-576a6834,Startup,True,2024-09-27 21:31:36,Australia,Direct,Pro,Active,199.0,3781.0,164.75,Declining,,5.0,1.0,0.6000000000000001,High,199.0,Failed Payments,Automated Payment Recovery — Failed Transaction,At Risk,Enterprise Value,No Usage,Low Risk,No NPS
CUST-ffac4fbf,Startup,True,2025-08-24 04:52:53,Canada,Referral,Enterprise,Active,1999.0,17991.0,90.11111111111111,Declining,8.0,4.0,0.0,0.2,Medium,0.0,High Support Burden,No action required,Watch,Enterprise Value,No Usage,Low Risk,Passive
CUST-b80da206,SMB,True,2026-02-08 06:33:16,UK,Outbound Sales,Basic,Active,49.0,196.0,487.0,Declining,,0.0,0.0,0.0,Low,0.0,None,No action required,Healthy,Mid Value,No Usage,Low Risk,No NPS
CUST-a89aa326,Startup,True,2025-04-18 09:32:55,USA,Paid Social,Basic,Active,49.0,588.0,193.69230769230768,Declining,,0.0,1.0,0.4,High,49.0,Failed Payments,Automated Payment Recovery — Failed Transaction,At Risk,Mid Value,No Usage,Low Risk,No NPS
CUST-9ca0dce5,SMB,False,2025-12-31 08:02:51,Germany,Organic Search,Basic,Canceled,0.0,147.0,219.4,Declining,,1.0,0.0,0.0,Low,0.0,None,No action required,Healthy,Mid Value,No Usage,Low Risk,No NPS
CUST-a63e2459,Mid-Market,False,2025-04-25 15:49:35,USA,Outbound Sales,Basic,Canceled,0.0,343.0,358.53846153846155,Declining,1.0,2.0,0.0,0.0,Low,0.0,None,No action required,Healthy,Mid Value,No Usage,Low Risk,Detractor
CUST-3973e310,SMB,True,2025-07-29 19:27:19,UK,Referral,Basic,Active,49.0,490.0,202.4,Declining,,1.0,0.0,0.0,Low,0.0,None,No action required,Healthy,Mid Value,No Usage,Low Risk,No NPS
CUST-7d29f900,SMB,True,2025-09-06 23:07:11,Australia,Organic Search,Pro,Active,199.0,1393.0,55.75,Declining,7.0,5.0,2.0,0.6000000000000001,High,199.0,Failed Payments,Automated Payment Recovery — Failed Transaction,At Risk,Enterprise Value,No Usage,Low Risk,Passive
CUST-c310eb04,Startup,True,2025-02-04 02:38:22,Australia,Direct,Basic,Active,49.0,784.0,420.3333333333333,Declining,,3.0,0.0,0.2,Medium,0.0,High Support Burden,No action required,Watch,Mid Value,No Usage,Low Risk,No NPS
CUST-e667d33f,Mid-Market,True,2024-08-24 21:17:14,Australia,Paid Social,Basic,Active,49.0,980.0,13.380952380952381,Declining,3.0,5.0,1.0,0.8,Critical,49.0,Low NPS,Automated Payment Recovery — Failed Transaction,Critical,Mid Value,No Usage,Low Risk,Detractor
CUST-abe1dd1e,Mid-Market,True,2024-07-14 18:36:24,Germany,Direct,Premium,Active,499.0,9980.0,311.54545454545456,Declining,,2.0,2.0,0.4,High,499.0,Failed Payments,Automated Payment Recovery — Failed Transaction,At Risk,Enterprise Value,No Usage,Low Risk,No NPS
CUST-5f690e82,SMB,False,2025-11-15 01:47:03,Canada,Referral,Basic,Canceled,0.0,147.0,318.3333333333333,No Data,,3.0,0.0,0.0,Low,0.0,None,No action required,Healthy,Mid Value,No Usage,Low Risk,No NPS
CUST-a3f05d61,SMB,True,2025-02-20 18:32:24,Canada,Organic Search,Basic,Active,49.0,686.0,88.4,Declining,,0.0,0.0,0.0,Low,0.0,None,No action required,Healthy,Mid Value,No Usage,Low Risk,No NPS
CUST-3e1317e7,Startup,True,2025-11-20 06:23:03,USA,Referral,Basic,Active,49.0,245.0,157.0,Declining,,0.0,0.0,0.0,Low,0.0,None,No action required,Healthy,Mid Value,No Usage,Low Risk,No NPS
CUST-0c79fd1f,SMB,False,2025-07-20 04:13:06,Germany,Organic Search,Pro,Canceled,0.0,199.0,222.2,Declining,,1.0,0.0,0.0,Low,0.0,None,No action required,Healthy,Mid Value,No Usage,Low Risk,No NPS
CUST-80cd4335,Startup,True,2025-06-26 15:34:34,Australia,Outbound Sales,Basic,Active,49.0,490.0,122.9090909090909,Declining,,0.0,1.0,0.4,High,49.0,Failed Payments,Automated Payment Recovery — Failed Transaction,At Risk,Mid Value,No Usage,Low Risk,No NPS
CUST-0d133dfc,SMB,True,2025-11-22 08:57:17,Australia,Paid Social,Pro,Active,199.0,1194.0,40.5,Declining,9.0,2.0,0.0,0.0,Low,0.0,None,No action required,Healthy,Enterprise Value,No Usage,Low Risk,Promoter
CUST-c9dd9b90,SMB,True,2024-05-30 23:35:09,UK,Outbound Sales,Basic,Active,49.0,1029.0,153.29166666666666,Declining,,5.0,2.0,0.6000000000000001,High,49.0,Failed Payments,Automated Payment Recovery — Failed Transaction,At Risk,Enterprise Value,No Usage,Low Risk,No NPS
CUST-81df718a,Startup,True,2025-08-28 23:19:33,UK,Outbound Sales,Pro,Active,199.0,1791.0,277.22222222222223,Declining,,4.0,0.0,0.2,Medium,0.0,High Support Burden,No action required,Watch,Enterprise Value,No Usage,Low Risk,No NPS
CUST-794977b4,SMB,False,2025-12-12 21:57:09,Australia,Referral,Basic,Canceled,0.0,147.0,71.8,Declining,,0.0,0.0,0.0,Low,0.0,None,No action required,Healthy,Mid Value,No Usage,Low Risk,No NPS
CUST-f2d7de45,Startup,True,2024-12-05 19:38:37,Australia,Paid Social,Pro,Active,199.0,3383.0,156.88235294117646,Declining,,3.0,0.0,0.2,Medium,0.0,High Support Burden,No action required,Watch,Enterprise Value,No Usage,Low Risk,No NPS
CUST-2847936c,SMB,True,2025-09-24 05:30:37,Germany,Organic Search,Premium,Active,499.0,3992.0,339.25,Declining,,1.0,0.0,0.0,Low,0.0,None,No action required,Healthy,Enterprise Value,No Usage,Low Risk,No NPS
CUST-12fc3781,SMB,True,2024-09-07 22:41:08,Canada,Organic Search,Pro,Active,199.0,3781.0,69.65,Declining,,2.0,0.0,0.0,Low,0.0,None,No action required,Healthy,Enterprise Value,No Usage,Low Risk,No NPS
CUST-d46d5b57,Startup,False,2024-09-02 16:43:54,UK,Direct,Basic,Canceled,0.0,735.0,357.4,Declining,,5.0,2.0,0.0,Low,0.0,None,Automated Payment Recovery — Failed Transaction,Healthy,Mid Value,No Usage,Low Risk,No NPS
CUST-cc4bd76f,Mid-Market,True,2024-07-17 16:35:25,Canada,Organic Search,Basic,Active,49.0,1029.0,482.54545454545456,Declining,9.0,2.0,1.0,0.4,High,49.0,Failed Payments,Automated Payment Recovery — Failed Transaction,At Risk,Enterprise Value,No Usage,Low Risk,Promoter
CUST-6410fec5,Mid-Market,True,2025-03-09 04:16:50,Germany,Referral,Basic,Active,49.0,686.0,298.35714285714283,Declining,5.0,4.0,0.0,0.4,High,49.0,Low NPS,No action required,At Risk,Mid Value,No Usage,Low Risk,Detractor
CUST-de7e4fce,Startup,True,2026-01-20 08:47:46,Australia,Outbound Sales,Basic,Active,49.0,196.0,387.5,Declining,10.0,0.0,0.0,0.0,Low,0.0,None,No action required,Healthy,Mid Value,No Usage,Low Risk,Promoter
CUST-54af7a95,Mid-Market,True,2026-03-13 03:52:25,Canada,Outbound Sales,Basic,Active,49.0,98.0,121.5,Declining,,0.0,0.0,0.0,Low,0.0,None,No action required,Healthy,Low Value,No Usage,Low Risk,No NPS
CUST-767089f3,Startup,True,2025-03-18 14:41:48,Australia,Outbound Sales,Premium,Active,499.0,6986.0,211.07142857142858,Declining,7.0,3.0,0.0,0.2,Medium,0.0,High Support Burden,No action required,Watch,Enterprise Value,No Usage,Low Risk,Passive
CUST-3d61e833,SMB,True,2024-09-16 02:47:17,Australia,Paid Social,Basic,Active,49.0,735.0,163.3,Declining,,2.0,5.0,0.4,High,49.0,Failed Payments,Automated Payment Recovery — Failed Transaction,At Risk,Mid Value,No Usage,Low Risk,No NPS
CUST-13b8c521,Startup,True,2024-12-16 15:30:00,USA,Organic Search,Pro,Active,199.0,3184.0,181.7058823529412,Declining,,4.0,0.0,0.2,Medium,0.0,High Support Burden,No action required,Watch,Enterprise Value,No Usage,Low Risk,No NPS
CUST-6272decb,Startup,True,2026-04-24 01:06:59,Canada,Referral,Pro,Past Due,199.0,199.0,546.0,Declining,,0.0,0.0,0.0,Low,0.0,None,Past-Due Account Escalation,Healthy,Mid Value,No Usage,Low Risk,No NPS
CUST-371efbb7,Startup,False,2026-01-28 01:21:10,Canada,Paid Social,Pro,Canceled,0.0,597.0,131.0,Declining,,1.0,0.0,0.0,Low,0.0,None,No action required,Healthy,Mid Value,No Usage,Low Risk,No NPS
CUST-2f72cd77,Startup,True,2025-06-16 19:13:27,Australia,Direct,Basic,Active,49.0,539.0,14.090909090909092,Declining,7.0,1.0,0.0,0.0,Low,0.0,None,No action required,Healthy,Mid Value,No Usage,Low Risk,Passive
CUST-5d8454e6,SMB,True,2025-01-01 06:21:44,Germany,Referral,Premium,Active,499.0,7984.0,28.625,Declining,9.0,1.0,1.0,0.4,High,499.0,Failed Payments,Automated Payment Recovery — Failed Transaction,At Risk,Enterprise Value,No Usage,Low Risk,Promoter
CUST-fff42b5f,Startup,True,2025-05-27 22:21:16,USA,Referral,Basic,Active,49.0,588.0,375.5,Declining,7.0,0.0,0.0,0.0,Low,0.0,None,No action required,Healthy,Mid Value,No Usage,Low Risk,Passive
CUST-5fa6c1ff,Mid-Market,False,2025-11-27 11:25:07,Australia,Referral,Premium,Canceled,0.0,998.0,82.0,No Data,4.0,1.0,0.0,0.0,Low,0.0,None,No action required,Healthy,Mid Value,No Usage,Low Risk,Detractor
CUST-c01f14b8,SMB,True,2024-11-08 01:24:36,UK,Outbound Sales,Premium,Past Due,499.0,8982.0,189.38888888888889,Declining,8.0,3.0,0.0,0.2,Medium,0.0,High Support Burden,Past-Due Account Escalation,Watch,Enterprise Value,No Usage,Low Risk,Passive
CUST-a5addeef,SMB,False,2025-08-23 11:33:47,UK,Referral,Premium,Canceled,0.0,2495.0,285.22222222222223,Declining,,0.0,0.0,0.0,Low,0.0,None,No action required,Healthy,Enterprise Value,No Usage,Low Risk,No NPS
CUST-64a133a1,SMB,False,2025-07-14 01:19:54,USA,Organic Search,Pro,Canceled,0.0,597.0,124.2,Declining,,5.0,0.0,0.0,Low,0.0,None,No action required,Healthy,Mid Value,No Usage,Low Risk,No NPS
CUST-45fe449c,Mid-Market,True,2024-09-30 15:03:51,Germany,Referral,Basic,Active,49.0,931.0,350.3,Declining,7.0,4.0,1.0,0.6000000000000001,High,49.0,Failed Payments,Automated Payment Recovery — Failed Transaction,At Risk,Mid Value,No Usage,Low Risk,Passive
CUST-ce6dffd2,Startup,False,2025-01-03 23:39:52,Australia,Outbound Sales,Basic,Canceled,0.0,784.0,227.9375,Declining,6.0,0.0,0.0,0.0,Low,0.0,None,No action required,Healthy,Mid Value,No Usage,Low Risk,Detractor
CUST-2786c0ee,Startup,True,2026-01-12 03:14:31,Canada,Referral,Pro,Active,199.0,796.0,463.75,Declining,,1.0,0.0,0.0,Low,0.0,None,No action required,Healthy,Mid Value,No Usage,Low Risk,No NPS
CUST-1e10058b,Startup,True,2025-01-23 07:00:56,USA,Direct,Basic,Active,49.0,686.0,93.625,Declining,,3.0,2.0,0.6000000000000001,High,49.0,Failed Payments,Automated Payment Recovery — Failed Transaction,At Risk,Mid Value,No Usage,Low Risk,No NPS
CUST-b0dc4c0e,Mid-Market,False,2025-09-25 20:27:47,Germany,Direct,Premium,Canceled,0.0,3493.0,232.125,Declining,,3.0,0.0,0.0,Low,0.0,None,No action required,Healthy,Enterprise Value,No Usage,Low Risk,No NPS
CUST-326697ff,Startup,False,2024-10-02 02:20:35,Canada,Outbound Sales,Basic,Canceled,0.0,686.0,442.94736842105266,No Data,2.0,5.0,0.0,0.0,Low,0.0,None,No action required,Healthy,Mid Value,No Usage,Low Risk,Detractor
CUST-baae0571,SMB,True,2024-07-06 09:43:17,UK,Organic Search,Basic,Active,49.0,1029.0,493.3181818181818,Declining,,0.0,2.0,0.4,High,49.0,Failed Payments,Automated Payment Recovery — Failed Transaction,At Risk,Enterprise Value,No Usage,Low Risk,No NPS
CUST-c926a6d7,SMB,True,2024-06-16 23:19:16,UK,Organic Search,Basic,Active,49.0,1078.0,455.39130434782606,Declining,,4.0,0.0,0.2,Medium,0.0,High Support Burden,No action required,Watch,Enterprise Value,No Usage,Low Risk,No NPS
CUST-81e08ae1,SMB,True,2026-03-31 18:07:01,Canada,Paid Social,Basic,Active,49.0,98.0,149.0,Declining,,0.0,0.0,0.0,Low,0.0,None,No action required,Healthy,Low Value,No Usage,Low Risk,No NPS
CUST-8ba0aac4,SMB,False,2025-07-10 05:58:36,USA,Outbound Sales,Pro,Canceled,0.0,199.0,110.1,Declining,1.0,3.0,1.0,0.0,Low,0.0,None,Automated Payment Recovery — Failed Transaction,Healthy,Mid Value,No Usage,Low Risk,Detractor
CUST-fc9d957b,Startup,True,2025-07-04 06:22:21,UK,Referral,Premium,Active,499.0,5489.0,428.0,Declining,,4.0,0.0,0.2,Medium,0.0,High Support Burden,No action required,Watch,Enterprise Value,No Usage,Low Risk,No NPS
CUST-72ce1717,SMB,True,2025-10-26 02:03:38,Australia,Outbound Sales,Pro,Active,199.0,1393.0,279.2857142857143,Declining,,2.0,0.0,0.0,Low,0.0,None,No action required,Healthy,Enterprise Value,No Usage,Low Risk,No NPS
CUST-01dc4018,SMB,True,2026-03-02 08:21:39,Canada,Paid Social,Premium,Active,499.0,1497.0,510.0,Declining,,0.0,0.0,0.0,Low,0.0,None,No action required,Healthy,Enterprise Value,No Usage,Low Risk,No NPS
CUST-7932a1e3,Mid-Market,True,2025-03-24 08:05:03,Canada,Outbound Sales,Premium,Active,499.0,6487.0,494.64285714285717,Declining,,0.0,1.0,0.4,High,499.0,Failed Payments,Automated Payment Recovery — Failed Transaction,At Risk,Enterprise Value,No Usage,Low Risk,No NPS
CUST-f7c1bf73,Mid-Market,False,2024-09-15 12:43:32,UK,Outbound Sales,Premium,Canceled,0.0,4491.0,379.95,Declining,,1.0,0.0,0.0,Low,0.0,None,No action required,Healthy,Enterprise Value,No Usage,Low Risk,No NPS
CUST-820adf0a,Enterprise,True,2025-03-17 15:43:04,USA,Paid Social,Basic,Active,49.0,588.0,390.2142857142857,Declining,9.0,3.0,1.0,0.6000000000000001,High,49.0,Failed Payments,Automated Payment Recovery — Failed Transaction,At Risk,Mid Value,No Usage,Low Risk,Promoter
CUST-32a51f59,Startup,False,2025-02-24 19:36:37,Australia,Organic Search,Premium,Canceled,0.0,5489.0,70.8,Declining,,2.0,1.0,0.0,Low,0.0,None,Automated Payment Recovery — Failed Transaction,Healthy,Enterprise Value,No Usage,Low Risk,No NPS
CUST-be6c0338,Enterprise,True,2026-03-11 14:18:52,USA,Referral,Basic,Active,49.0,98.0,166.5,Declining,,0.0,0.0,0.0,Low,0.0,None,No action required,Healthy,Low Value,No Usage,Low Risk,No NPS
CUST-a2649b20,Mid-Market,False,2025-09-06 19:28:54,Germany,Paid Social,Basic,Canceled,0.0,98.0,61.625,Declining,,2.0,0.0,0.0,Low,0.0,None,No action required,Healthy,Low Value,No Usage,Low Risk,No NPS
CUST-3a76f556,SMB,True,2025-10-11 17:35:54,Germany,Direct,Pro,Active,199.0,1393.0,392.85714285714283,Declining,,1.0,0.0,0.0,Low,0.0,None,No action required,Healthy,Enterprise Value,No Usage,Low Risk,No NPS
CUST-d2b7c299,Startup,True,2025-12-04 17:58:43,UK,Organic Search,Basic,Active,49.0,245.0,130.0,Declining,,1.0,1.0,0.4,High,49.0,Failed Payments,Automated Payment Recovery — Failed Transaction,At Risk,Mid Value,No Usage,Low Risk,No NPS
CUST-07cf040b,Startup,True,2025-08-11 07:34:16,UK,Direct,Basic,Active,49.0,441.0,358.22222222222223,Declining,4.0,0.0,0.0,0.2,Medium,0.0,Low NPS,No action required,Watch,Mid Value,No Usage,Low Risk,Detractor
CUST-27767125,Startup,True,2026-02-05 14:47:39,UK,Organic Search,Basic,Active,49.0,196.0,314.0,Declining,,0.0,0.0,0.0,Low,0.0,None,No action required,Healthy,Mid Value,No Usage,Low Risk,No NPS
CUST-54d8602a,Startup,True,2026-02-23 03:30:30,Germany,Referral,Basic,Active,49.0,147.0,284.6666666666667,Declining,,0.0,0.0,0.0,Low,0.0,None,No action required,Healthy,Mid Value,No Usage,Low Risk,No NPS
CUST-942e7df6,SMB,False,2025-07-20 13:41:40,USA,Referral,Enterprise,Canceled,0.0,13993.0,199.9,No Data,,5.0,0.0,0.0,Low,0.0,None,No action required,Healthy,Enterprise Value,No Usage,Low Risk,No NPS
CUST-41270615,Mid-Market,True,2025-09-21 23:40:28,USA,Outbound Sales,Basic,Active,49.0,343.0,234.375,Declining,,0.0,0.0,0.0,Low,0.0,None,No action required,Healthy,Mid Value,No Usage,Low Risk,No NPS
CUST-cf23fc8d,Startup,True,2024-10-24 14:07:51,UK,Direct,Basic,Active,49.0,931.0,174.05263157894737,Declining,9.0,5.0,0.0,0.2,Medium,0.0,High Support Burden,No action required,Watch,Mid Value,No Usage,Low Risk,Promoter
CUST-ad4da9cc,Startup,True,2025-05-10 05:15:26,Australia,Organic Search,Pro,Active,199.0,2388.0,21.833333333333332,Declining,,4.0,0.0,0.2,Medium,0.0,High Support Burden,No action required,Watch,Enterprise Value,No Usage,Low Risk,No NPS
CUST-79fb01bf,Startup,True,2024-09-26 16:37:12,USA,Referral,Basic,Active,49.0,735.0,226.0,Declining,7.0,2.0,4.0,0.4,High,49.0,Failed Payments,Automated Payment Recovery — Failed Transaction,At Risk,Mid Value,No Usage,Low Risk,Passive
CUST-4fe61954,Startup,True,2024-12-13 20:16:23,Germany,Paid Social,Enterprise,Active,1999.0,27986.0,27.88235294117647,Declining,6.0,0.0,2.0,0.6000000000000001,High,1999.0,Low NPS,Automated Payment Recovery — Failed Transaction,At Risk,Enterprise Value,No Usage,Low Risk,Detractor
CUST-e52439c2,Startup,False,2024-06-22 00:10:02,Canada,Referral,Basic,Canceled,0.0,931.0,182.875,Declining,,5.0,1.0,0.0,Low,0.0,None,Automated Payment Recovery — Failed Transaction,Healthy,Mid Value,No Usage,Low Risk,No NPS
CUST-c447434b,Startup,False,2026-02-25 07:49:43,Canada,Paid Social,Pro,Canceled,0.0,398.0,130.33333333333334,Declining,,0.0,0.0,0.0,Low,0.0,None,No action required,Healthy,Mid Value,No Usage,Low Risk,No NPS
CUST-5281147c,Startup,True,2026-02-28 18:17:13,Canada,Organic Search,Pro,Active,199.0,597.0,77.33333333333333,Declining,,0.0,0.0,0.0,Low,0.0,None,No action required,Healthy,Mid Value,No Usage,Low Risk,No NPS
CUST-a48d523f,Startup,True,2025-09-13 11:06:24,Australia,Referral,Enterprise,Active,1999.0,15992.0,164.5,Declining,7.0,0.0,0.0,0.0,Low,0.0,None,No action required,Healthy,Enterprise Value,No Usage,Low Risk,Passive
CUST-b262c7e6,Startup,True,2024-11-26 04:05:21,UK,Referral,Pro,Active,199.0,3383.0,84.16666666666667,Declining,3.0,1.0,1.0,0.6000000000000001,High,199.0,Low NPS,Automated Payment Recovery — Failed Transaction,At Risk,Enterprise Value,No Usage,Low Risk,Detractor
CUST-c80ec20a,Startup,True,2026-04-17 21:02:46,Germany,Organic Search,Premium,Active,499.0,0.0,72.0,Declining,,0.0,0.0,0.0,Low,0.0,None,No action required,Healthy,No Revenue,No Usage,Low Risk,No NPS
CUST-f630b7cb,Mid-Market,True,2024-05-31 01:09:33,Australia,Referral,Basic,Active,49.0,1078.0,159.625,Declining,7.0,2.0,2.0,0.4,High,49.0,Failed Payments,Automated Payment Recovery — Failed Transaction,At Risk,Enterprise Value,No Usage,Low Risk,Passive
CUST-326272c2,Startup,True,2025-07-06 01:03:13,Germany,Paid Social,Basic,Active,49.0,490.0,38.1,Declining,10.0,1.0,0.0,0.0,Low,0.0,None,No action required,Healthy,Mid Value,No Usage,Low Risk,Promoter
CUST-6aa56b12,Enterprise,True,2025-06-16 18:11:38,Germany,Referral,Basic,Active,49.0,539.0,39.0,Declining,,1.0,0.0,0.0,Low,0.0,None,No action required,Healthy,Mid Value,No Usage,Low Risk,No NPS
CUST-93f866c4,SMB,True,2025-05-18 21:26:23,UK,Direct,Premium,Active,499.0,5988.0,451.8333333333333,Declining,,0.0,0.0,0.0,Low,0.0,None,No action required,Healthy,Enterprise Value,No Usage,Low Risk,No NPS
CUST-74a4f3b6,Startup,False,2025-06-05 12:55:33,Canada,Outbound Sales,Basic,Canceled,0.0,196.0,230.8181818181818,Declining,,0.0,0.0,0.0,Low,0.0,None,No action required,Healthy,Mid Value,No Usage,Low Risk,No NPS
CUST-de60050e,SMB,True,2024-10-25 08:34:55,UK,Paid Social,Basic,Active,49.0,882.0,124.57894736842105,Declining,,5.0,1.0,0.6000000000000001,High,49.0,Failed Payments,Automated Payment Recovery — Failed Transaction,At Risk,Mid Value,No Usage,Low Risk,No NPS
CUST-8814ab84,SMB,True,2025-02-20 00:47:05,Australia,Direct,Basic,Past Due,49.0,637.0,189.8,Declining,,2.0,1.0,0.4,High,0.0,Failed Payments,Automated Payment Recovery — Failed Transaction,At Risk,Mid Value,No Usage,Low Risk,No NPS
CUST-db5c39e2,SMB,True,2025-02-12 00:07:19,Australia,Organic Search,Basic,Active,49.0,686.0,202.0,Stable,,2.0,1.0,0.4,High,49.0,Failed Payments,Automated Payment Recovery — Failed Transaction,At Risk,Mid Value,No Usage,Low Risk,No NPS
CUST-affe792d,Mid-Market,True,2025-02-14 07:44:45,Australia,Paid Social,Basic,Active,49.0,588.0,242.73333333333332,Declining,10.0,1.0,1.0,0.4,High,49.0,Failed Payments,Automated Payment Recovery — Failed Transaction,At Risk,Mid Value,No Usage,Low Risk,Promoter
CUST-1146373a,Startup,False,2024-12-01 00:02:30,UK,Outbound Sales,Enterprise,Canceled,0.0,13993.0,228.22222222222223,Declining,4.0,5.0,0.0,0.0,Low,0.0,None,No action required,Healthy,Enterprise Value,No Usage,Low Risk,Detractor
CUST-4964b2a0,Mid-Market,False,2024-09-19 11:23:30,Germany,Outbound Sales,Pro,Canceled,0.0,3980.0,304.3,Declining,4.0,2.0,0.0,0.0,Low,0.0,None,No action required,Healthy,Enterprise Value,No Usage,Low Risk,Detractor
CUST-a8f092de,Mid-Market,False,2026-04-05 23:40:49,Germany,Organic Search,Pro,Canceled,0.0,199.0,2.0,Declining,,0.0,0.0,0.0,Low,0.0,None,No action required,Healthy,Mid Value,No Usage,Low Risk,No NPS
CUST-77c27dd5,SMB,True,2024-09-02 23:47:37,USA,Organic Search,Premium,Active,499.0,10479.0,75.8,Declining,,2.0,0.0,0.0,Low,0.0,None,No action required,Healthy,Enterprise Value,No Usage,Low Risk,No NPS
CUST-eb8582f4,Startup,False,2025-09-19 15:38:25,Australia,Paid Social,Basic,Canceled,0.0,147.0,228.125,Declining,,0.0,0.0,0.0,Low,0.0,None,No action required,Healthy,Mid Value,No Usage,Low Risk,No NPS
CUST-8eabee1b,Startup,True,2025-03-21 20:29:28,Germany,Referral,Basic,Active,49.0,539.0,347.7142857142857,Declining,9.0,2.0,2.0,0.4,High,49.0,Failed Payments,Automated Payment Recovery — Failed Transaction,At Risk,Mid Value,No Usage,Low Risk,Promoter
CUST-afe1817f,Mid-Market,False,2025-01-07 14:09:03,USA,Organic Search,Basic,Canceled,0.0,196.0,277.6875,Declining,1.0,3.0,0.0,0.0,Low,0.0,None,No action required,Healthy,Mid Value,No Usage,Low Risk,Detractor
CUST-f9ab9616,SMB,True,2025-08-24 01:19:52,Germany,Referral,Basic,Active,49.0,441.0,135.0,Declining,9.0,4.0,0.0,0.2,Medium,0.0,High Support Burden,No action required,Watch,Mid Value,No Usage,Low Risk,Promoter
CUST-00ccbaaf,SMB,False,2025-12-06 17:23:44,Australia,Direct,Pro,Canceled,0.0,398.0,86.8,Declining,,1.0,0.0,0.0,Low,0.0,None,No action required,Healthy,Mid Value,No Usage,Low Risk,No NPS
CUST-fb21ad28,Startup,False,2025-02-19 15:34:37,Canada,Outbound Sales,Basic,Canceled,0.0,392.0,408.1333333333333,Declining,6.0,1.0,0.0,0.0,Low,0.0,None,No action required,Healthy,Mid Value,No Usage,Low Risk,Detractor
CUST-c02249c3,Startup,False,2024-05-13 19:11:03,Australia,Referral,Basic,Canceled,0.0,735.0,55.541666666666664,Declining,,3.0,0.0,0.0,Low,0.0,None,No action required,Healthy,Mid Value,No Usage,Low Risk,No NPS
CUST-3d1aae80,SMB,True,2025-02-27 13:14:38,UK,Outbound Sales,Pro,Active,199.0,2786.0,301.53333333333336,Declining,7.0,4.0,0.0,0.2,Medium,0.0,High Support Burden,No action required,Watch,Enterprise Value,No Usage,Low Risk,Passive
CUST-223b638a,SMB,True,2026-01-11 13:00:36,Germany,Referral,Enterprise,Active,1999.0,7996.0,300.25,Declining,,1.0,0.0,0.0,Low,0.0,None,No action required,Healthy,Enterprise Value,No Usage,Low Risk,No NPS
CUST-295b22d6,SMB,False,2026-01-18 17:10:38,Germany,Direct,Premium,Canceled,0.0,499.0,124.5,Declining,,1.0,1.0,0.0,Low,0.0,None,Automated Payment Recovery — Failed Transaction,Healthy,Mid Value,No Usage,Low Risk,No NPS
CUST-fe33c02f,Startup,True,2026-03-11 15:33:05,UK,Organic Search,Premium,Active,499.0,998.0,246.5,Declining,,0.0,0.0,0.0,Low,0.0,None,No action required,Healthy,Mid Value,No Usage,Low Risk,No NPS
CUST-f041083f,SMB,False,2026-02-25 02:37:46,UK,Direct,Premium,Canceled,0.0,998.0,132.66666666666666,Declining,1.0,2.0,0.0,0.0,Low,0.0,None,No action required,Healthy,Mid Value,No Usage,Low Risk,Detractor
CUST-01bbc282,SMB,True,2025-03-12 13:46:49,Canada,Organic Search,Basic,Active,49.0,637.0,356.14285714285717,Declining,,0.0,1.0,0.4,High,49.0,Failed Payments,Automated Payment Recovery — Failed Transaction,At Risk,Mid Value,No Usage,Low Risk,No NPS
CUST-19467c1d,SMB,True,2025-05-25 15:52:16,Germany,Organic Search,Premium,Active,499.0,5988.0,79.08333333333333,Declining,,2.0,0.0,0.0,Low,0.0,None,No action required,Healthy,Enterprise Value,No Usage,Low Risk,No NPS
CUST-ee7d4a62,SMB,False,2024-08-22 08:11:27,Germany,Outbound Sales,Basic,Canceled,0.0,98.0,13.952380952380953,Declining,,1.0,0.0,0.0,Low,0.0,None,No action required,Healthy,Low Value,No Usage,Low Risk,No NPS
CUST-e66dbb81,Startup,True,2025-04-20 12:40:04,Canada,Direct,Pro,Active,199.0,2587.0,158.92307692307693,Declining,,3.0,0.0,0.2,Medium,0.0,High Support Burden,No action required,Watch,Enterprise Value,No Usage,Low Risk,No NPS
CUST-98b8d898,SMB,True,2024-10-27 11:30:27,USA,Referral,Pro,Active,199.0,3582.0,279.1578947368421,Declining,,3.0,0.0,0.2,Medium,0.0,High Support Burden,No action required,Watch,Enterprise Value,No Usage,Low Risk,No NPS
CUST-7a1637ad,Startup,True,2025-11-22 20:37:37,Canada,Direct,Basic,Active,49.0,245.0,371.3333333333333,Declining,,2.0,1.0,0.4,High,49.0,Failed Payments,Automated Payment Recovery — Failed Transaction,At Risk,Mid Value,No Usage,Low Risk,No NPS
CUST-18ba9afa,Startup,True,2025-01-20 18:23:26,Australia,Outbound Sales,Premium,Past Due,499.0,7984.0,309.1875,Declining,,0.0,0.0,0.0,Low,0.0,None,Past-Due Account Escalation,Healthy,Enterprise Value,No Usage,Low Risk,No NPS
CUST-93a589a8,SMB,False,2024-07-22 09:37:20,Germany,Organic Search,Enterprise,Canceled,0.0,21989.0,279.54545454545456,Declining,,1.0,1.0,0.0,Low,0.0,None,Automated Payment Recovery — Failed Transaction,Healthy,Enterprise Value,No Usage,Low Risk,No NPS
CUST-e418053f,SMB,True,2024-09-28 21:46:35,UK,Outbound Sales,Basic,Active,49.0,833.0,471.2,Declining,,0.0,1.0,0.4,High,49.0,Failed Payments,Automated Payment Recovery — Failed Transaction,At Risk,Mid Value,No Usage,Low Risk,No NPS
CUST-999acb7c,Startup,False,2024-07-17 14:57:08,Australia,Paid Social,Premium,Canceled,0.0,7485.0,246.5909090909091,Declining,,2.0,0.0,0.0,Low,0.0,None,No action required,Healthy,Enterprise Value,No Usage,Low Risk,No NPS
CUST-340ab226,SMB,False,2025-04-09 18:15:07,Germany,Paid Social,Basic,Canceled,0.0,392.0,340.3076923076923,Declining,,4.0,0.0,0.0,Low,0.0,None,No action required,Healthy,Mid Value,No Usage,Low Risk,No NPS
CUST-edc469d6,SMB,True,2025-08-15 06:23:20,Canada,Referral,Pro,Active,199.0,1592.0,308.44444444444446,Declining,10.0,3.0,0.0,0.2,Medium,0.0,High Support Burden,No action required,Watch,Enterprise Value,No Usage,Low Risk,Promoter
CUST-8259c960,Startup,False,2025-07-01 15:00:47,Australia,Outbound Sales,Pro,Canceled,0.0,2189.0,363.8,Declining,,5.0,0.0,0.0,Low,0.0,None,No action required,Healthy,Enterprise Value,No Usage,Low Risk,No NPS
CUST-e761dda1,Enterprise,True,2026-04-27 04:16:23,Germany,Referral,Pro,Active,199.0,199.0,433.0,Declining,,0.0,0.0,0.0,Low,0.0,None,No action required,Healthy,Mid Value,No Usage,Low Risk,No NPS
CUST-01d5ceaa,Mid-Market,True,2025-03-10 04:22:29,USA,Referral,Enterprise,Active,1999.0,23988.0,371.35714285714283,Declining,,0.0,2.0,0.4,High,1999.0,Failed Payments,Automated Payment Recovery — Failed Transaction,At Risk,Enterprise Value,No Usage,Low Risk,No NPS
CUST-baa4b6b3,SMB,False,2026-04-30 22:41:43,USA,Paid Social,Premium,Canceled,0.0,499.0,0.0,No Data,,0.0,1.0,0.0,Low,0.0,None,Automated Payment Recovery — Failed Transaction,Healthy,Mid Value,No Usage,Low Risk,No NPS
CUST-9ed70364,Startup,True,2024-11-17 13:46:13,UK,Referral,Premium,Active,499.0,8982.0,77.77777777777777,Declining,,3.0,0.0,0.2,Medium,0.0,High Support Burden,No action required,Watch,Enterprise Value,No Usage,Low Risk,No NPS
CUST-120b89e4,Mid-Market,True,2025-12-06 12:24:42,Germany,Paid Social,Basic,Active,49.0,294.0,245.6,Declining,,1.0,0.0,0.0,Low,0.0,None,No action required,Healthy,Mid Value,No Usage,Low Risk,No NPS
CUST-2e09394c,Enterprise,True,2025-09-10 16:10:22,USA,Organic Search,Enterprise,Past Due,1999.0,13993.0,451.875,Declining,,2.0,1.0,0.4,High,0.0,Failed Payments,Automated Payment Recovery — Failed Transaction,At Risk,Enterprise Value,No Usage,Low Risk,No NPS
CUST-64bc8e30,Mid-Market,True,2025-12-25 03:21:10,Canada,Outbound Sales,Basic,Active,49.0,245.0,194.6,Declining,,0.0,0.0,0.0,Low,0.0,None,No action required,Healthy,Mid Value,No Usage,Low Risk,No NPS
CUST-4b727c7b,Mid-Market,True,2024-06-06 00:06:11,Germany,Referral,Premium,Active,499.0,11477.0,488.0416666666667,Stable,6.0,3.0,1.0,0.8,Critical,499.0,Low NPS,Automated Payment Recovery — Failed Transaction,Critical,Enterprise Value,No Usage,Low Risk,Detractor
CUST-06954d24,Enterprise,False,2024-06-13 19:20:25,Canada,Paid Social,Basic,Canceled,0.0,686.0,131.47826086956522,No Data,,3.0,1.0,0.0,Low,0.0,None,Automated Payment Recovery — Failed Transaction,Healthy,Mid Value,No Usage,Low Risk,No NPS
CUST-c39f3524,SMB,True,2024-05-19 13:19:21,Canada,Direct,Basic,Active,49.0,1127.0,16.666666666666668,Declining,7.0,0.0,1.0,0.4,High,49.0,Failed Payments,Automated Payment Recovery — Failed Transaction,At Risk,Enterprise Value,No Usage,Low Risk,Passive
CUST-6ae6dcdf,SMB,True,2024-06-25 10:47:19,USA,Referral,Pro,Active,199.0,4577.0,192.82608695652175,Declining,,1.0,0.0,0.0,Low,0.0,None,No action required,Healthy,Enterprise Value,No Usage,Low Risk,No NPS
CUST-6c618d00,SMB,True,2024-05-15 17:42:06,Germany,Organic Search,Basic,Active,49.0,1127.0,442.5,Declining,,3.0,1.0,0.6000000000000001,High,49.0,Failed Payments,Automated Payment Recovery — Failed Transaction,At Risk,Enterprise Value,No Usage,Low Risk,No NPS
CUST-1417fc7c,SMB,True,2024-05-15 12:55:50,Australia,Organic Search,Basic,Active,49.0,1127.0,477.375,Declining,,0.0,1.0,0.4,High,49.0,Failed Payments,Automated Payment Recovery — Failed Transaction,At Risk,Enterprise Value,No Usage,Low Risk,No NPS
CUST-2ea04158,Mid-Market,True,2024-12-27 06:42:53,USA,Direct,Basic,Active,49.0,784.0,419.70588235294116,Declining,,4.0,1.0,0.6000000000000001,High,49.0,Failed Payments,Automated Payment Recovery — Failed Transaction,At Risk,Mid Value,No Usage,Low Risk,No NPS
CUST-61e0e121,SMB,True,2024-05-09 09:37:14,USA,Paid Social,Basic,Active,49.0,1176.0,367.375,Declining,,0.0,0.0,0.0,Low,0.0,None,No action required,Healthy,Enterprise Value,No Usage,Low Risk,No NPS
CUST-3994cebe,SMB,True,2026-01-18 01:30:24,Germany,Referral,Basic,Active,49.0,147.0,245.0,Declining,,1.0,0.0,0.0,Low,0.0,None,No action required,Healthy,Mid Value,No Usage,Low Risk,No NPS
CUST-f10e7132,Startup,True,2026-04-24 16:18:25,Germany,Paid Social,Basic,Active,49.0,49.0,74.0,Declining,,1.0,0.0,0.0,Low,0.0,None,No action required,Healthy,Low Value,No Usage,Low Risk,No NPS
CUST-e7208065,Enterprise,True,2025-11-25 10:56:22,Canada,Organic Search,Pro,Past Due,199.0,1194.0,227.0,Declining,,1.0,0.0,0.0,Low,0.0,None,Past-Due Account Escalation,Healthy,Enterprise Value,No Usage,Low Risk,No NPS
CUST-e501afc8,SMB,True,2026-02-17 18:39:17,Germany,Paid Social,Basic,Active,49.0,147.0,219.66666666666666,Declining,,3.0,0.0,0.2,Medium,0.0,High Support Burden,No action required,Watch,Mid Value,No Usage,Low Risk,No NPS
CUST-03f0b11a,SMB,False,2025-01-26 01:19:16,Canada,Organic Search,Pro,Canceled,0.0,1791.0,12.875,Declining,,5.0,0.0,0.0,Low,0.0,None,No action required,Healthy,Enterprise Value,No Usage,Low Risk,No NPS
CUST-5627fb64,Startup,False,2025-10-27 07:39:25,USA,Paid Social,Basic,Canceled,0.0,147.0,359.14285714285717,Declining,,0.0,0.0,0.0,Low,0.0,None,No action required,Healthy,Mid Value,No Usage,Low Risk,No NPS
CUST-25249848,Startup,True,2026-01-29 18:09:21,UK,Direct,Enterprise,Past Due,1999.0,5997.0,354.5,Declining,4.0,2.0,0.0,0.2,Medium,0.0,Low NPS,Past-Due Account Escalation,Watch,Enterprise Value,No Usage,Low Risk,Detractor
CUST-7be06199,SMB,False,2024-06-28 05:00:01,Australia,Outbound Sales,Premium,Canceled,0.0,6487.0,354.69565217391306,Declining,,2.0,1.0,0.0,Low,0.0,None,Automated Payment Recovery — Failed Transaction,Healthy,Enterprise Value,No Usage,Low Risk,No NPS
CUST-325502d3,SMB,False,2024-05-20 12:30:00,USA,Direct,Basic,Canceled,0.0,588.0,64.375,Declining,5.0,0.0,0.0,0.0,Low,0.0,None,No action required,Healthy,Mid Value,No Usage,Low Risk,Detractor
CUST-67f76a10,Startup,True,2025-03-07 04:02:19,Germany,Direct,Premium,Active,499.0,7485.0,152.85714285714286,Declining,,0.0,0.0,0.0,Low,0.0,None,No action required,Healthy,Enterprise Value,No Usage,Low Risk,No NPS
CUST-e61849a6,Enterprise,True,2025-05-20 01:32:49,Australia,Outbound Sales,Premium,Active,499.0,5489.0,168.41666666666666,Declining,10.0,2.0,1.0,0.4,High,499.0,Failed Payments,Automated Payment Recovery — Failed Transaction,At Risk,Enterprise Value,No Usage,Low Risk,Promoter
CUST-59680fe2,Mid-Market,False,2025-09-22 03:02:53,UK,Outbound Sales,Enterprise,Canceled,0.0,11994.0,356.625,Declining,,1.0,2.0,0.0,Low,0.0,None,Automated Payment Recovery — Failed Transaction,Healthy,Enterprise Value,No Usage,Low Risk,No NPS
CUST-0ecf9dd2,SMB,False,2025-03-21 16:47:34,UK,Referral,Pro,Canceled,0.0,1393.0,141.0,No Data,,5.0,1.0,0.0,Low,0.0,None,Automated Payment Recovery — Failed Transaction,Healthy,Enterprise Value,No Usage,Low Risk,No NPS
CUST-e4444551,Mid-Market,True,2024-06-17 13:42:37,Canada,Referral,Basic,Active,49.0,1127.0,497.0869565217391,Declining,5.0,3.0,0.0,0.4,High,49.0,Low NPS,No action required,At Risk,Enterprise Value,No Usage,Low Risk,Detractor
CUST-03e33ccc,Startup,False,2025-02-21 22:58:10,Australia,Direct,Pro,Canceled,0.0,1791.0,133.26666666666668,Declining,,1.0,0.0,0.0,Low,0.0,None,No action required,Healthy,Enterprise Value,No Usage,Low Risk,No NPS
CUST-1fb78a82,Startup,True,2024-08-18 10:54:11,Canada,Direct,Pro,Active,199.0,4179.0,331.5238095238095,Declining,8.0,1.0,0.0,0.0,Low,0.0,None,No action required,Healthy,Enterprise Value,No Usage,Low Risk,Passive
CUST-0ce0256e,SMB,False,2026-04-11 11:41:48,USA,Organic Search,Pro,Canceled,0.0,199.0,5.0,Declining,,0.0,0.0,0.0,Low,0.0,None,No action required,Healthy,Mid Value,No Usage,Low Risk,No NPS
CUST-042545cd,SMB,False,2025-04-02 00:29:44,Australia,Organic Search,Basic,Canceled,0.0,392.0,288.92857142857144,Declining,,0.0,1.0,0.0,Low,0.0,None,Automated Payment Recovery — Failed Transaction,Healthy,Mid Value,No Usage,Low Risk,No NPS
CUST-c03bf933,Startup,True,2024-12-11 04:30:04,USA,Referral,Premium,Past Due,499.0,8483.0,405.70588235294116,Declining,9.0,1.0,0.0,0.0,Low,0.0,None,Past-Due Account Escalation,Healthy,Enterprise Value,No Usage,Low Risk,Promoter
CUST-5292510e,Startup,False,2025-02-26 04:57:55,Canada,Referral,Enterprise,Canceled,0.0,21989.0,157.4,Declining,3.0,0.0,0.0,0.0,Low,0.0,None,No action required,Healthy,Enterprise Value,No Usage,Low Risk,Detractor
CUST-8daeac0d,Startup,True,2026-01-29 03:33:23,Australia,Organic Search,Basic,Past Due,49.0,196.0,365.5,Declining,,0.0,0.0,0.0,Low,0.0,None,Past-Due Account Escalation,Healthy,Mid Value,No Usage,Low Risk,No NPS
CUST-e70100eb,Startup,True,2025-12-31 20:28:51,Canada,Organic Search,Basic,Active,49.0,196.0,419.8,Declining,,0.0,1.0,0.4,High,49.0,Failed Payments,Automated Payment Recovery — Failed Transaction,At Risk,Mid Value,No Usage,Low Risk,No NPS
CUST-c191aa09,Startup,False,2026-03-10 21:11:56,Australia,Paid Social,Basic,Canceled,0.0,98.0,2.5,Declining,,0.0,0.0,0.0,Low,0.0,None,No action required,Healthy,Low Value,No Usage,Low Risk,No NPS
CUST-bb2bf573,Startup,True,2024-11-29 20:01:02,Canada,Paid Social,Premium,Active,499.0,8483.0,191.66666666666666,Declining,,5.0,1.0,0.6000000000000001,High,499.0,Failed Payments,Automated Payment Recovery — Failed Transaction,At Risk,Enterprise Value,No Usage,Low Risk,No NPS
CUST-06f13f28,Mid-Market,True,2025-05-02 01:20:27,UK,Organic Search,Pro,Active,199.0,2388.0,71.41666666666667,Declining,,5.0,0.0,0.2,Medium,0.0,High Support Burden,No action required,Watch,Enterprise Value,No Usage,Low Risk,No NPS
CUST-5ff1826d,SMB,True,2026-03-29 21:39:41,Canada,Paid Social,Pro,Active,199.0,398.0,184.5,Declining,,0.0,0.0,0.0,Low,0.0,None,No action required,Healthy,Mid Value,No Usage,Low Risk,No NPS
CUST-4839e5ea,Startup,True,2025-01-01 23:15:16,UK,Outbound Sales,Pro,Active,199.0,3184.0,178.125,Declining,,3.0,0.0,0.2,Medium,0.0,High Support Burden,No action required,Watch,Enterprise Value,No Usage,Low Risk,No NPS
CUST-d6f2ff33,SMB,True,2025-04-15 00:48:55,Canada,Referral,Pro,Active,199.0,2189.0,251.3846153846154,Declining,7.0,1.0,1.0,0.4,High,199.0,Failed Payments,Automated Payment Recovery — Failed Transaction,At Risk,Enterprise Value,No Usage,Low Risk,Passive
CUST-39b1bd5d,Startup,False,2024-05-13 05:26:35,Australia,Referral,Basic,Canceled,0.0,343.0,456.5,No Data,4.0,3.0,0.0,0.0,Low,0.0,None,No action required,Healthy,Mid Value,No Usage,Low Risk,Detractor
CUST-f0d03016,Mid-Market,True,2025-01-16 17:48:37,Australia,Organic Search,Pro,Active,199.0,2786.0,440.25,Declining,7.0,1.0,1.0,0.4,High,199.0,Failed Payments,Automated Payment Recovery — Failed Transaction,At Risk,Enterprise Value,No Usage,Low Risk,Passive
CUST-394a0162,Enterprise,True,2025-08-17 13:29:42,Australia,Direct,Premium,Active,499.0,4491.0,380.22222222222223,Declining,5.0,2.0,0.0,0.2,Medium,0.0,Low NPS,No action required,Watch,Enterprise Value,No Usage,Low Risk,Detractor
CUST-3a2fe662,SMB,True,2025-12-26 03:43:54,Germany,Organic Search,Enterprise,Active,1999.0,7996.0,510.4,Declining,,2.0,1.0,0.4,High,1999.0,Failed Payments,Automated Payment Recovery — Failed Transaction,At Risk,Enterprise Value,No Usage,Low Risk,No NPS
CUST-7e0c21da,Enterprise,False,2026-01-15 22:03:58,USA,Paid Social,Enterprise,Canceled,0.0,5997.0,68.75,No Data,,0.0,0.0,0.0,Low,0.0,None,No action required,Healthy,Enterprise Value,No Usage,Low Risk,No NPS
CUST-b29bbc44,Startup,False,2026-03-02 19:27:59,Australia,Direct,Enterprise,Canceled,0.0,3998.0,3.0,Declining,,1.0,0.0,0.0,Low,0.0,None,No action required,Healthy,Enterprise Value,No Usage,Low Risk,No NPS
CUST-bf46b839,Startup,False,2025-05-07 23:10:03,UK,Paid Social,Pro,Canceled,0.0,1990.0,298.0,Declining,,4.0,1.0,0.0,Low,0.0,None,Automated Payment Recovery — Failed Transaction,Healthy,Enterprise Value,No Usage,Low Risk,No NPS
CUST-ec9cd920,Startup,False,2025-05-28 01:15:19,Australia,Outbound Sales,Pro,Canceled,0.0,796.0,81.25,Declining,,2.0,0.0,0.0,Low,0.0,None,No action required,Healthy,Mid Value,No Usage,Low Risk,No NPS
CUST-3a58378f,Startup,False,2025-04-26 01:43:00,Germany,Paid Social,Premium,Canceled,0.0,4491.0,397.15384615384613,Declining,,4.0,0.0,0.0,Low,0.0,None,No action required,Healthy,Enterprise Value,No Usage,Low Risk,No NPS
CUST-2a7aaa3c,SMB,True,2024-06-16 03:22:49,UK,Outbound Sales,Enterprise,Active,1999.0,41979.0,385.7391304347826,Declining,,5.0,1.0,0.6000000000000001,High,1999.0,Failed Payments,Automated Payment Recovery — Failed Transaction,At Risk,Enterprise Value,No Usage,Low Risk,No NPS
CUST-ca80ff3c,SMB,True,2024-06-10 14:20:03,Germany,Outbound Sales,Basic,Active,49.0,1029.0,111.47826086956522,Declining,,3.0,1.0,0.6000000000000001,High,49.0,Failed Payments,Automated Payment Recovery — Failed Transaction,At Risk,Enterprise Value,No Usage,Low Risk,No NPS
CUST-51b20550,SMB,True,2025-11-29 04:58:41,UK,Paid Social,Basic,Active,49.0,294.0,472.3333333333333,Declining,,3.0,0.0,0.2,Medium,0.0,High Support Burden,No action required,Watch,Mid Value,No Usage,Low Risk,No NPS
CUST-557e773b,SMB,False,2025-10-09 19:40:37,Canada,Paid Social,Basic,Canceled,0.0,343.0,30.571428571428573,Declining,,1.0,0.0,0.0,Low,0.0,None,No action required,Healthy,Mid Value,No Usage,Low Risk,No NPS
CUST-8be43d48,SMB,False,2025-09-08 01:21:46,USA,Outbound Sales,Pro,Canceled,0.0,1393.0,315.0,Declining,,2.0,1.0,0.0,Low,0.0,None,Automated Payment Recovery — Failed Transaction,Healthy,Enterprise Value,No Usage,Low Risk,No NPS
CUST-b54e1851,SMB,True,2026-03-31 19:08:24,USA,Direct,Basic,Active,49.0,98.0,239.5,Declining,,1.0,0.0,0.0,Low,0.0,None,No action required,Healthy,Low Value,No Usage,Low Risk,No NPS
CUST-5b739fdd,SMB,False,2025-06-19 10:42:23,Germany,Outbound Sales,Basic,Canceled,0.0,196.0,203.0909090909091,Declining,4.0,5.0,0.0,0.0,Low,0.0,None,No action required,Healthy,Mid Value,No Usage,Low Risk,Detractor
CUST-a826fb49,Startup,True,2025-01-21 21:06:30,USA,Referral,Basic,Active,49.0,686.0,37.5625,Declining,,1.0,2.0,0.4,High,49.0,Failed Payments,Automated Payment Recovery — Failed Transaction,At Risk,Mid Value,No Usage,Low Risk,No NPS
CUST-021fee20,Startup,True,2025-12-07 22:31:06,Germany,Outbound Sales,Basic,Active,49.0,245.0,26.2,Declining,,3.0,0.0,0.2,Medium,0.0,High Support Burden,No action required,Watch,Mid Value,No Usage,Low Risk,No NPS
CUST-fcd6b1ef,SMB,True,2024-07-20 04:05:07,Germany,Direct,Premium,Past Due,499.0,10479.0,306.54545454545456,Declining,,5.0,1.0,0.6000000000000001,High,0.0,Failed Payments,Automated Payment Recovery — Failed Transaction,At Risk,Enterprise Value,No Usage,Low Risk,No NPS
CUST-e2fbc4f3,Startup,True,2025-08-31 14:33:53,Germany,Referral,Basic,Active,49.0,245.0,372.0,Declining,,0.0,1.0,0.4,High,49.0,Failed Payments,Automated Payment Recovery — Failed Transaction,At Risk,Mid Value,No Usage,Low Risk,No NPS
CUST-89733cd2,Startup,True,2024-05-24 11:58:06,USA,Organic Search,Pro,Active,199.0,4179.0,334.2916666666667,Declining,,0.0,2.0,0.4,High,199.0,Failed Payments,Automated Payment Recovery — Failed Transaction,At Risk,Enterprise Value,No Usage,Low Risk,No NPS
CUST-cd170a73,Enterprise,True,2024-06-19 19:16:01,Germany,Organic Search,Pro,Active,199.0,4378.0,27.347826086956523,Declining,,0.0,1.0,0.4,High,199.0,Failed Payments,Automated Payment Recovery — Failed Transaction,At Risk,Enterprise Value,No Usage,Low Risk,No NPS
CUST-36e7f69f,Startup,True,2025-09-03 11:52:28,USA,Direct,Premium,Active,499.0,4491.0,239.0,Declining,,3.0,0.0,0.2,Medium,0.0,High Support Burden,No action required,Watch,Enterprise Value,No Usage,Low Risk,No NPS
CUST-d7bc7d5d,Startup,True,2026-01-17 08:23:13,Germany,Outbound Sales,Basic,Active,49.0,196.0,150.75,Declining,,0.0,0.0,0.0,Low,0.0,None,No action required,Healthy,Mid Value,No Usage,Low Risk,No NPS
CUST-2f545f4d,SMB,False,2025-08-24 10:29:32,Australia,Paid Social,Enterprise,Canceled,0.0,3998.0,52.888888888888886,Declining,0.0,3.0,0.0,0.0,Low,0.0,None,No action required,Healthy,Enterprise Value,No Usage,Low Risk,Detractor
CUST-bdf0fbbd,SMB,False,2024-09-21 15:03:49,Germany,Direct,Pro,Canceled,0.0,1791.0,380.15,Declining,0.0,0.0,1.0,0.0,Low,0.0,None,Automated Payment Recovery — Failed Transaction,Healthy,Enterprise Value,No Usage,Low Risk,Detractor
CUST-1e3ebc67,SMB,False,2025-06-02 12:08:14,UK,Referral,Enterprise,Canceled,0.0,5997.0,269.27272727272725,Declining,,3.0,0.0,0.0,Low,0.0,None,No action required,Healthy,Enterprise Value,No Usage,Low Risk,No NPS
CUST-f2e5ddd1,SMB,True,2025-03-24 03:12:22,Germany,Referral,Enterprise,Active,1999.0,23988.0,213.35714285714286,Declining,1.0,0.0,2.0,0.6000000000000001,High,1999.0,Low NPS,Automated Payment Recovery — Failed Transaction,At Risk,Enterprise Value,No Usage,Low Risk,Detractor
CUST-839a52a7,Enterprise,True,2025-07-03 06:43:44,Canada,Organic Search,Basic,Active,49.0,441.0,84.0,Declining,7.0,2.0,2.0,0.4,High,49.0,Failed Payments,Automated Payment Recovery — Failed Transaction,At Risk,Mid Value,No Usage,Low Risk,Passive
CUST-70d4659a,Startup,False,2024-06-26 17:32:19,Germany,Referral,Basic,Canceled,0.0,931.0,191.0,Declining,,1.0,1.0,0.0,Low,0.0,None,Automated Payment Recovery — Failed Transaction,Healthy,Mid Value,No Usage,Low Risk,No NPS
CUST-b9765b63,Enterprise,True,2024-09-19 09:21:16,UK,Direct,Basic,Active,49.0,882.0,346.4,Declining,,0.0,2.0,0.4,High,49.0,Failed Payments,Automated Payment Recovery — Failed Transaction,At Risk,Mid Value,No Usage,Low Risk,No NPS
CUST-bd88005b,SMB,True,2025-11-21 16:13:12,UK,Referral,Pro,Active,199.0,1194.0,338.5,Declining,,1.0,0.0,0.0,Low,0.0,None,No action required,Healthy,Enterprise Value,No Usage,Low Risk,No NPS
CUST-c51b3360,Startup,True,2024-07-17 13:55:29,USA,Direct,Basic,Active,49.0,980.0,475.6818181818182,Declining,,5.0,0.0,0.2,Medium,0.0,High Support Burden,No action required,Watch,Mid Value,No Usage,Low Risk,No NPS
CUST-b14f6a04,Startup,True,2025-07-27 14:45:37,Australia,Paid Social,Basic,Past Due,49.0,490.0,357.2,Declining,,2.0,0.0,0.0,Low,0.0,None,Past-Due Account Escalation,Healthy,Mid Value,No Usage,Low Risk,No NPS
CUST-809bca7e,SMB,True,2024-05-17 07:45:28,Germany,Organic Search,Pro,Active,199.0,4776.0,256.0833333333333,Declining,,2.0,0.0,0.0,Low,0.0,None,No action required,Healthy,Enterprise Value,No Usage,Low Risk,No NPS
CUST-7589ece5,SMB,True,2025-01-04 05:32:54,USA,Referral,Basic,Active,49.0,784.0,322.5,Declining,,5.0,0.0,0.2,Medium,0.0,High Support Burden,No action required,Watch,Mid Value,No Usage,Low Risk,No NPS
CUST-8d21bf3c,Enterprise,True,2024-05-20 02:23:53,Australia,Direct,Basic,Past Due,49.0,1127.0,205.5,Declining,6.0,1.0,1.0,0.6000000000000001,High,0.0,Low NPS,Automated Payment Recovery — Failed Transaction,At Risk,Enterprise Value,No Usage,Low Risk,Detractor
CUST-d5566758,Startup,True,2025-02-01 01:48:39,Germany,Outbound Sales,Pro,Active,199.0,3184.0,163.93333333333334,Declining,,4.0,0.0,0.2,Medium,0.0,High Support Burden,No action required,Watch,Enterprise Value,No Usage,Low Risk,No NPS
CUST-ad334a19,Enterprise,True,2024-09-01 22:15:49,Canada,Organic Search,Basic,Past Due,49.0,1029.0,77.6,Declining,,5.0,0.0,0.2,Medium,0.0,High Support Burden,Past-Due Account Escalation,Watch,Enterprise Value,No Usage,Low Risk,No NPS
CUST-8b5d58d5,SMB,True,2024-05-14 03:42:05,Germany,Paid Social,Basic,Active,49.0,1127.0,131.41666666666666,Declining,,5.0,0.0,0.2,Medium,0.0,High Support Burden,No action required,Watch,Enterprise Value,No Usage,Low Risk,No NPS
CUST-ecb69a74,Startup,True,2025-11-29 05:57:27,UK,Direct,Pro,Active,199.0,1194.0,306.8333333333333,Declining,,2.0,0.0,0.0,Low,0.0,None,No action required,Healthy,Enterprise Value,No Usage,Low Risk,No NPS
CUST-4472d4ec,Mid-Market,True,2025-11-05 09:22:56,UK,Paid Social,Pro,Active,199.0,1194.0,170.66666666666666,Declining,9.0,0.0,1.0,0.4,High,199.0,Failed Payments,Automated Payment Recovery — Failed Transaction,At Risk,Enterprise Value,No Usage,Low Risk,Promoter
CUST-81d035d1,Startup,True,2024-11-20 06:00:31,Canada,Paid Social,Premium,Active,499.0,7984.0,222.94444444444446,Declining,,1.0,0.0,0.0,Low,0.0,None,No action required,Healthy,Enterprise Value,No Usage,Low Risk,No NPS
CUST-c3377657,Startup,True,2026-01-31 06:49:40,USA,Referral,Pro,Active,199.0,796.0,237.5,Declining,,0.0,0.0,0.0,Low,0.0,None,No action required,Healthy,Mid Value,No Usage,Low Risk,No NPS
CUST-b9e259ea,Mid-Market,True,2026-04-19 07:47:24,Australia,Referral,Pro,Active,199.0,199.0,269.0,Declining,,0.0,0.0,0.0,Low,0.0,None,No action required,Healthy,Mid Value,No Usage,Low Risk,No NPS
CUST-d9095c75,Startup,True,2026-02-26 17:02:16,Germany,Direct,Pro,Active,199.0,597.0,25.0,Declining,,0.0,0.0,0.0,Low,0.0,None,No action required,Healthy,Mid Value,No Usage,Low Risk,No NPS
CUST-1aa37a90,SMB,True,2024-08-02 12:50:47,UK,Outbound Sales,Premium,Active,499.0,10479.0,442.0952380952381,Declining,,3.0,1.0,0.6000000000000001,High,499.0,Failed Payments,Automated Payment Recovery — Failed Transaction,At Risk,Enterprise Value,No Usage,Low Risk,No NPS
CUST-d7e81929,Startup,False,2024-06-30 06:40:20,USA,Direct,Premium,Canceled,0.0,8483.0,216.0,Declining,,2.0,2.0,0.0,Low,0.0,None,Automated Payment Recovery — Failed Transaction,Healthy,Enterprise Value,No Usage,Low Risk,No NPS
CUST-649f982a,SMB,True,2024-10-30 02:25:02,Canada,Outbound Sales,Premium,Active,499.0,9481.0,77.42105263157895,Declining,,3.0,0.0,0.2,Medium,0.0,High Support Burden,No action required,Watch,Enterprise Value,No Usage,Low Risk,No NPS
CUST-348cdf22,Startup,True,2024-06-19 20:13:11,UK,Paid Social,Pro,Active,199.0,3980.0,505.7826086956522,Declining,8.0,3.0,2.0,0.6000000000000001,High,199.0,Failed Payments,Automated Payment Recovery — Failed Transaction,At Risk,Enterprise Value,No Usage,Low Risk,Passive
CUST-18fa4144,SMB,True,2025-05-14 19:28:22,Canada,Organic Search,Basic,Active,49.0,539.0,196.33333333333334,Declining,7.0,3.0,1.0,0.6000000000000001,High,49.0,Failed Payments,Automated Payment Recovery — Failed Transaction,At Risk,Mid Value,No Usage,Low Risk,Passive
CUST-3914335e,Startup,True,2026-03-24 22:08:28,Germany,Direct,Basic,Active,49.0,49.0,335.0,Declining,,0.0,1.0,0.4,High,49.0,Failed Payments,Automated Payment Recovery — Failed Transaction,At Risk,Low Value,No Usage,Low Risk,No NPS
CUST-858ac0b4,Startup,True,2024-09-01 15:11:41,Australia,Direct,Basic,Active,49.0,1029.0,70.25,Declining,,2.0,0.0,0.0,Low,0.0,None,No action required,Healthy,Enterprise Value,No Usage,Low Risk,No NPS
CUST-86e1ef9a,SMB,True,2025-11-20 05:17:40,UK,Outbound Sales,Enterprise,Active,1999.0,11994.0,288.3333333333333,Declining,,0.0,0.0,0.0,Low,0.0,None,No action required,Healthy,Enterprise Value,No Usage,Low Risk,No NPS
CUST-d3f3dfa1,Startup,False,2026-03-02 15:51:42,UK,Paid Social,Pro,Canceled,0.0,398.0,3.0,Declining,,0.0,0.0,0.0,Low,0.0,None,No action required,Healthy,Mid Value,No Usage,Low Risk,No NPS
CUST-ac63e218,SMB,True,2024-06-18 20:06:50,Germany,Paid Social,Premium,Active,499.0,10479.0,457.82608695652175,Declining,,0.0,2.0,0.4,High,499.0,Failed Payments,Automated Payment Recovery — Failed Transaction,At Risk,Enterprise Value,No Usage,Low Risk,No NPS
CUST-3998cedf,Mid-Market,True,2026-03-02 22:55:31,USA,Outbound Sales,Basic,Active,49.0,147.0,9.0,Declining,,1.0,0.0,0.0,Low,0.0,None,No action required,Healthy,Mid Value,No Usage,Low Risk,No NPS
CUST-7aa2fe08,Mid-Market,True,2024-10-30 20:40:17,Australia,Paid Social,Premium,Active,499.0,9481.0,187.68421052631578,Declining,9.0,3.0,0.0,0.2,Medium,0.0,High Support Burden,No action required,Watch,Enterprise Value,No Usage,Low Risk,Promoter
CUST-528c4a9d,SMB,False,2026-01-05 14:50:15,UK,Referral,Basic,Canceled,0.0,147.0,6.25,Declining,,0.0,0.0,0.0,Low,0.0,None,No action required,Healthy,Mid Value,No Usage,Low Risk,No NPS
CUST-60e8efb0,SMB,True,2024-09-04 03:40:58,Australia,Organic Search,Basic,Active,49.0,931.0,255.05,Declining,7.0,0.0,2.0,0.4,High,49.0,Failed Payments,Automated Payment Recovery — Failed Transaction,At Risk,Mid Value,No Usage,Low Risk,Passive
CUST-7f2050fb,Startup,False,2025-06-02 01:23:08,UK,Direct,Basic,Canceled,0.0,294.0,274.72727272727275,No Data,,0.0,0.0,0.0,Low,0.0,None,No action required,Healthy,Mid Value,No Usage,Low Risk,No NPS
CUST-4281d248,Mid-Market,True,2025-10-26 09:10:05,Australia,Organic Search,Pro,Active,199.0,1393.0,199.28571428571428,Declining,,4.0,0.0,0.2,Medium,0.0,High Support Burden,No action required,Watch,Enterprise Value,No Usage,Low Risk,No NPS
CUST-207a785f,Startup,False,2026-04-23 12:42:56,Canada,Direct,Pro,Canceled,0.0,398.0,4.0,Declining,,0.0,0.0,0.0,Low,0.0,None,No action required,Healthy,Mid Value,No Usage,Low Risk,No NPS
CUST-2ff4c622,Mid-Market,False,2026-03-22 18:34:28,UK,Referral,Premium,Canceled,0.0,998.0,0.5,No Data,,1.0,0.0,0.0,Low,0.0,None,No action required,Healthy,Mid Value,No Usage,Low Risk,No NPS
CUST-84129a39,Startup,True,2025-04-05 23:12:37,Australia,Paid Social,Basic,Past Due,49.0,637.0,197.23076923076923,Declining,,5.0,0.0,0.2,Medium,0.0,High Support Burden,Past-Due Account Escalation,Watch,Mid Value,No Usage,Low Risk,No NPS
CUST-1398f3cd,Startup,True,2026-03-18 18:24:51,USA,Outbound Sales,Pro,Active,199.0,398.0,247.5,Declining,,0.0,0.0,0.0,Low,0.0,None,No action required,Healthy,Mid Value,No Usage,Low Risk,No NPS
CUST-bd82bffe,SMB,True,2024-05-28 06:10:14,Canada,Referral,Pro,Active,199.0,4378.0,141.95833333333334,Declining,8.0,0.0,2.0,0.4,High,199.0,Failed Payments,Automated Payment Recovery — Failed Transaction,At Risk,Enterprise Value,No Usage,Low Risk,Passive
CUST-01f3e094,Startup,True,2025-08-22 05:15:52,Canada,Organic Search,Basic,Active,49.0,441.0,337.77777777777777,Declining,7.0,4.0,0.0,0.2,Medium,0.0,High Support Burden,No action required,Watch,Mid Value,No Usage,Low Risk,Passive
CUST-1294007c,Enterprise,False,2026-04-30 17:29:25,USA,Outbound Sales,Premium,Canceled,0.0,998.0,2.0,Declining,,0.0,0.0,0.0,Low,0.0,None,No action required,Healthy,Mid Value,No Usage,Low Risk,No NPS
CUST-a6dde558,Startup,True,2025-12-11 03:52:37,Australia,Paid Social,Premium,Active,499.0,1497.0,149.6,Declining,,2.0,0.0,0.0,Low,0.0,None,No action required,Healthy,Enterprise Value,No Usage,Low Risk,No NPS
CUST-7d51ca71,SMB,True,2025-10-24 22:25:25,Germany,Referral,Premium,Active,499.0,3493.0,421.0,Declining,,0.0,0.0,0.0,Low,0.0,None,No action required,Healthy,Enterprise Value,No Usage,Low Risk,No NPS
CUST-5c38042a,Startup,True,2024-06-03 12:20:27,USA,Outbound Sales,Premium,Active,499.0,10978.0,145.91304347826087,Declining,,1.0,1.0,0.4,High,499.0,Failed Payments,Automated Payment Recovery — Failed Transaction,At Risk,Enterprise Value,No Usage,Low Risk,No NPS
CUST-657eef6a,Enterprise,False,2024-10-26 18:54:20,Australia,Referral,Premium,Canceled,0.0,5489.0,421.36842105263156,Declining,,2.0,0.0,0.0,Low,0.0,None,No action required,Healthy,Enterprise Value,No Usage,Low Risk,No NPS
CUST-fde77ffc,SMB,True,2025-02-01 15:29:39,USA,Referral,Basic,Active,49.0,784.0,337.06666666666666,Declining,9.0,0.0,0.0,0.0,Low,0.0,None,No action required,Healthy,Mid Value,No Usage,Low Risk,Promoter
CUST-24cd437c,Startup,True,2024-07-23 09:15:19,USA,Paid Social,Premium,Active,499.0,9980.0,331.04545454545456,Declining,,2.0,0.0,0.0,Low,0.0,None,No action required,Healthy,Enterprise Value,No Usage,Low Risk,No NPS
CUST-e8e2a726,SMB,True,2024-11-27 01:12:17,UK,Direct,Basic,Active,49.0,882.0,346.1666666666667,Declining,,4.0,0.0,0.2,Medium,0.0,High Support Burden,No action required,Watch,Mid Value,No Usage,Low Risk,No NPS
CUST-ea46107c,Mid-Market,False,2026-03-03 08:59:29,Australia,Outbound Sales,Basic,Canceled,0.0,49.0,1.5,Declining,,0.0,0.0,0.0,Low,0.0,None,No action required,Healthy,Low Value,No Usage,Low Risk,No NPS
CUST-cacda794,Mid-Market,True,2025-05-02 23:18:31,Germany,Paid Social,Basic,Active,49.0,588.0,414.3333333333333,Declining,10.0,2.0,1.0,0.4,High,49.0,Failed Payments,Automated Payment Recovery — Failed Transaction,At Risk,Mid Value,No Usage,Low Risk,Promoter
CUST-9be3ce11,SMB,True,2025-09-19 00:23:08,UK,Referral,Premium,Active,499.0,3493.0,133.0,Stable,10.0,3.0,1.0,0.6000000000000001,High,499.0,Failed Payments,Automated Payment Recovery — Failed Transaction,At Risk,Enterprise Value,No Usage,Low Risk,Promoter
CUST-07b8e47f,SMB,True,2024-12-28 17:54:06,USA,Paid Social,Premium,Active,499.0,8483.0,332.94117647058823,Declining,7.0,2.0,0.0,0.0,Low,0.0,None,No action required,Healthy,Enterprise Value,No Usage,Low Risk,Passive
CUST-b7f95bb4,Mid-Market,True,2024-09-12 00:02:03,USA,Direct,Basic,Active,49.0,931.0,364.76190476190476,Increasing,,4.0,1.0,0.6000000000000001,High,49.0,Failed Payments,Automated Payment Recovery — Failed Transaction,At Risk,Mid Value,No Usage,Low Risk,No NPS
CUST-c53c7f77,SMB,True,2024-07-12 23:37:28,USA,Outbound Sales,Premium,Active,499.0,9481.0,220.86363636363637,Declining,,0.0,3.0,0.4,High,499.0,Failed Payments,Automated Payment Recovery — Failed Transaction,At Risk,Enterprise Value,No Usage,Low Risk,No NPS
CUST-879437c9,Enterprise,False,2025-12-03 02:53:09,Australia,Direct,Enterprise,Canceled,0.0,5997.0,6.4,No Data,1.0,0.0,1.0,0.0,Low,0.0,None,Automated Payment Recovery — Failed Transaction,Healthy,Enterprise Value,No Usage,Low Risk,Detractor
CUST-c1e15434,Startup,False,2025-12-24 09:18:45,Australia,Organic Search,Basic,Canceled,0.0,98.0,53.8,Declining,,1.0,0.0,0.0,Low,0.0,None,No action required,Healthy,Low Value,No Usage,Low Risk,No NPS
CUST-3958ead5,Mid-Market,True,2025-08-05 19:24:44,UK,Outbound Sales,Basic,Active,49.0,490.0,145.77777777777777,Declining,10.0,1.0,0.0,0.0,Low,0.0,None,No action required,Healthy,Mid Value,No Usage,Low Risk,Promoter
CUST-2e0d2fbe,SMB,False,2025-06-03 17:30:22,Germany,Direct,Premium,Canceled,0.0,1497.0,270.72727272727275,Declining,,2.0,0.0,0.0,Low,0.0,None,No action required,Healthy,Enterprise Value,No Usage,Low Risk,No NPS
CUST-3ab47599,Enterprise,True,2024-07-05 21:05:21,UK,Referral,Basic,Active,49.0,1029.0,293.95454545454544,Declining,,3.0,1.0,0.6000000000000001,High,49.0,Failed Payments,Automated Payment Recovery — Failed Transaction,At Risk,Enterprise Value,No Usage,Low Risk,No NPS
CUST-75209176,SMB,False,2025-03-25 21:41:53,Canada,Outbound Sales,Pro,Canceled,0.0,1592.0,339.2857142857143,Declining,,1.0,0.0,0.0,Low,0.0,None,No action required,Healthy,Enterprise Value,No Usage,Low Risk,No NPS
CUST-4c8214a3,Startup,False,2025-12-07 22:30:37,USA,Outbound Sales,Basic,Canceled,0.0,196.0,105.0,Declining,,3.0,0.0,0.0,Low,0.0,None,No action required,Healthy,Mid Value,No Usage,Low Risk,No NPS
CUST-b69f751d,SMB,True,2025-09-21 18:47:56,USA,Paid Social,Pro,Active,199.0,1393.0,212.0,Declining,7.0,2.0,1.0,0.4,High,199.0,Failed Payments,Automated Payment Recovery — Failed Transaction,At Risk,Enterprise Value,No Usage,Low Risk,Passive
CUST-828d60c8,Mid-Market,False,2025-12-09 15:51:23,USA,Referral,Premium,Canceled,0.0,1996.0,22.6,Declining,,2.0,0.0,0.0,Low,0.0,None,No action required,Healthy,Enterprise Value,No Usage,Low Risk,No NPS
CUST-04c697df,Startup,True,2026-04-06 15:41:45,UK,Organic Search,Pro,Active,199.0,199.0,76.0,Declining,,1.0,1.0,0.4,High,199.0,Failed Payments,Automated Payment Recovery — Failed Transaction,At Risk,Mid Value,No Usage,Low Risk,No NPS
CUST-0450b021,Startup,True,2025-10-31 13:12:43,UK,Direct,Premium,Active,499.0,3493.0,288.0,Declining,,0.0,0.0,0.0,Low,0.0,None,No action required,Healthy,Enterprise Value,No Usage,Low Risk,No NPS
CUST-176a2adf,Mid-Market,True,2024-06-19 18:31:45,USA,Paid Social,Premium,Active,499.0,10978.0,267.69565217391306,Declining,7.0,5.0,0.0,0.2,Medium,0.0,High Support Burden,No action required,Watch,Enterprise Value,No Usage,Low Risk,Passive
CUST-364c9b76,Startup,True,2025-12-03 17:47:22,UK,Direct,Premium,Active,499.0,2495.0,171.0,Declining,10.0,0.0,1.0,0.4,High,499.0,Failed Payments,Automated Payment Recovery — Failed Transaction,At Risk,Enterprise Value,No Usage,Low Risk,Promoter
CUST-b571d046,Startup,False,2024-10-10 22:18:57,Australia,Organic Search,Pro,Canceled,0.0,2587.0,215.8421052631579,Declining,,5.0,0.0,0.0,Low,0.0,None,No action required,Healthy,Enterprise Value,No Usage,Low Risk,No NPS
CUST-7b41816c,Mid-Market,False,2024-06-28 17:14:31,Australia,Organic Search,Basic,Canceled,0.0,539.0,25.17391304347826,Declining,,0.0,2.0,0.0,Low,0.0,None,Automated Payment Recovery — Failed Transaction,Healthy,Mid Value,No Usage,Low Risk,No NPS
CUST-26bfed01,Startup,True,2026-01-31 07:49:44,UK,Outbound Sales,Pro,Active,199.0,597.0,62.0,Declining,,0.0,1.0,0.4,High,199.0,Failed Payments,Automated Payment Recovery — Failed Transaction,At Risk,Mid Value,No Usage,Low Risk,No NPS
CUST-acceb627,Startup,False,2025-06-16 01:02:07,USA,Organic Search,Basic,Canceled,0.0,294.0,135.0,Declining,,4.0,0.0,0.0,Low,0.0,None,No action required,Healthy,Mid Value,No Usage,Low Risk,No NPS
CUST-fa06aa5e,SMB,False,2024-09-06 11:58:20,UK,Direct,Premium,Canceled,0.0,5988.0,312.25,Declining,,0.0,0.0,0.0,Low,0.0,None,No action required,Healthy,Enterprise Value,No Usage,Low Risk,No NPS
CUST-29bb5e1a,Mid-Market,True,2025-12-29 23:04:36,UK,Referral,Basic,Active,49.0,196.0,482.2,Declining,,0.0,0.0,0.0,Low,0.0,None,No action required,Healthy,Mid Value,No Usage,Low Risk,No NPS
CUST-888dc4d3,Mid-Market,True,2025-04-05 07:26:19,UK,Referral,Pro,Active,199.0,2786.0,179.3846153846154,Declining,,5.0,0.0,0.2,Medium,0.0,High Support Burden,No action required,Watch,Enterprise Value,No Usage,Low Risk,No NPS
CUST-6bb28005,Startup,True,2025-03-25 22:58:47,Canada,Outbound Sales,Basic,Active,49.0,637.0,498.5,Declining,7.0,0.0,1.0,0.4,High,49.0,Failed Payments,Automated Payment Recovery — Failed Transaction,At Risk,Mid Value,No Usage,Low Risk,Passive
CUST-05ed3232,Startup,True,2025-06-13 02:59:59,Australia,Direct,Premium,Active,499.0,4990.0,19.272727272727273,Declining,8.0,1.0,0.0,0.0,Low,0.0,None,No action required,Healthy,Enterprise Value,No Usage,Low Risk,Passive
CUST-bac60e69,Startup,False,2025-03-21 18:05:27,Germany,Direct,Premium,Canceled,0.0,4491.0,172.78571428571428,Declining,,4.0,1.0,0.0,Low,0.0,None,Automated Payment Recovery — Failed Transaction,Healthy,Enterprise Value,No Usage,Low Risk,No NPS
CUST-3d8bc058,SMB,True,2024-08-05 05:15:58,Germany,Organic Search,Basic,Active,49.0,1029.0,31.476190476190474,Declining,,2.0,1.0,0.4,High,49.0,Failed Payments,Automated Payment Recovery — Failed Transaction,At Risk,Enterprise Value,No Usage,Low Risk,No NPS
CUST-361931c8,Startup,False,2025-04-08 15:34:49,Canada,Direct,Premium,Canceled,0.0,5988.0,203.15384615384616,Declining,,0.0,1.0,0.0,Low,0.0,None,Automated Payment Recovery — Failed Transaction,Healthy,Enterprise Value,No Usage,Low Risk,No NPS
CUST-8ebf7469,SMB,True,2025-10-31 04:28:56,UK,Paid Social,Basic,Active,49.0,343.0,227.57142857142858,Declining,,2.0,0.0,0.0,Low,0.0,None,No action required,Healthy,Mid Value,No Usage,Low Risk,No NPS
CUST-b8b3c3da,SMB,True,2025-05-31 22:55:47,Canada,Organic Search,Pro,Active,199.0,2189.0,38.75,Declining,8.0,4.0,1.0,0.6000000000000001,High,199.0,Failed Payments,Automated Payment Recovery — Failed Transaction,At Risk,Enterprise Value,No Usage,Low Risk,Passive
CUST-eb752058,Mid-Market,True,2025-05-23 08:06:47,Canada,Paid Social,Premium,Active,499.0,5988.0,144.66666666666666,Declining,7.0,1.0,0.0,0.0,Low,0.0,None,No action required,Healthy,Enterprise Value,No Usage,Low Risk,Passive
CUST-9c06615b,Startup,True,2025-11-25 21:37:59,USA,Outbound Sales,Basic,Active,49.0,196.0,277.3333333333333,Declining,3.0,1.0,2.0,0.6000000000000001,High,49.0,Low NPS,Automated Payment Recovery — Failed Transaction,At Risk,Mid Value,No Usage,Low Risk,Detractor
CUST-4014206a,SMB,True,2024-09-20 17:54:58,Australia,Referral,Enterprise,Active,1999.0,39980.0,216.65,Declining,9.0,4.0,0.0,0.2,Medium,0.0,High Support Burden,No action required,Watch,Enterprise Value,No Usage,Low Risk,Promoter
CUST-271deeed,Startup,True,2024-11-26 13:26:03,Germany,Outbound Sales,Basic,Active,49.0,784.0,238.94444444444446,Declining,,4.0,2.0,0.6000000000000001,High,49.0,Failed Payments,Automated Payment Recovery — Failed Transaction,At Risk,Mid Value,No Usage,Low Risk,No NPS
CUST-87787fad,SMB,True,2026-02-11 23:24:31,UK,Referral,Basic,Active,49.0,98.0,31.333333333333332,Declining,,0.0,1.0,0.4,High,49.0,Failed Payments,Automated Payment Recovery — Failed Transaction,At Risk,Low Value,No Usage,Low Risk,No NPS
CUST-892c453c,Enterprise,True,2025-01-26 03:48:51,Germany,Outbound Sales,Enterprise,Active,1999.0,27986.0,483.375,Declining,,4.0,1.0,0.6000000000000001,High,1999.0,Failed Payments,Automated Payment Recovery — Failed Transaction,At Risk,Enterprise Value,No Usage,Low Risk,No NPS
CUST-ac94326c,Mid-Market,True,2026-02-21 16:56:41,Germany,Direct,Basic,Active,49.0,147.0,431.6666666666667,Declining,,1.0,0.0,0.0,Low,0.0,None,No action required,Healthy,Mid Value,No Usage,Low Risk,No NPS
CUST-f19ad626,SMB,False,2025-10-30 05:29:30,Australia,Paid Social,Enterprise,Canceled,0.0,5997.0,107.14285714285714,Declining,,0.0,0.0,0.0,Low,0.0,None,No action required,Healthy,Enterprise Value,No Usage,Low Risk,No NPS
CUST-54dc1511,Startup,True,2024-09-17 09:57:39,Germany,Referral,Enterprise,Active,1999.0,37981.0,163.45,Declining,2.0,2.0,1.0,0.6000000000000001,High,1999.0,Low NPS,Automated Payment Recovery — Failed Transaction,At Risk,Enterprise Value,No Usage,Low Risk,Detractor
CUST-c58071a6,Mid-Market,True,2024-10-29 00:41:28,Germany,Organic Search,Basic,Active,49.0,882.0,103.89473684210526,Declining,9.0,2.0,1.0,0.4,High,49.0,Failed Payments,Automated Payment Recovery — Failed Transaction,At Risk,Mid Value,No Usage,Low Risk,Promoter
CUST-74e29269,Startup,True,2025-01-17 22:24:56,Canada,Paid Social,Pro,Active,199.0,3184.0,182.625,Declining,,0.0,0.0,0.0,Low,0.0,None,No action required,Healthy,Enterprise Value,No Usage,Low Risk,No NPS
CUST-9a5745ac,SMB,True,2026-04-20 07:59:16,Australia,Organic Search,Basic,Active,49.0,49.0,184.0,Declining,,0.0,0.0,0.0,Low,0.0,None,No action required,Healthy,Low Value,No Usage,Low Risk,No NPS
CUST-9336cad7,Startup,False,2026-04-22 04:51:22,USA,Paid Social,Pro,Canceled,0.0,199.0,4.0,Declining,,0.0,0.0,0.0,Low,0.0,None,No action required,Healthy,Mid Value,No Usage,Low Risk,No NPS
CUST-7bb27c13,SMB,True,2025-06-16 15:22:42,UK,Paid Social,Basic,Active,49.0,490.0,447.72727272727275,Declining,,3.0,0.0,0.2,Medium,0.0,High Support Burden,No action required,Watch,Mid Value,No Usage,Low Risk,No NPS
CUST-3386dd93,Startup,True,2024-11-21 02:48:28,Germany,Outbound Sales,Basic,Active,49.0,735.0,458.22222222222223,Declining,,3.0,3.0,0.6000000000000001,High,49.0,Failed Payments,Automated Payment Recovery — Failed Transaction,At Risk,Mid Value,No Usage,Low Risk,No NPS
CUST-d809a622,Startup,False,2024-06-23 17:40:51,UK,Referral,Basic,Canceled,0.0,294.0,265.6521739130435,Declining,,4.0,0.0,0.0,Low,0.0,None,No action required,Healthy,Mid Value,No Usage,Low Risk,No NPS
CUST-a986c669,SMB,True,2025-11-10 22:34:02,USA,Referral,Pro,Active,199.0,1194.0,207.0,Declining,2.0,0.0,0.0,0.2,Medium,0.0,Low NPS,No action required,Watch,Enterprise Value,No Usage,Low Risk,Detractor
CUST-9104153c,Mid-Market,True,2025-06-06 01:41:44,UK,Paid Social,Enterprise,Active,1999.0,23988.0,451.1818181818182,Declining,10.0,4.0,0.0,0.2,Medium,0.0,High Support Burden,No action required,Watch,Enterprise Value,No Usage,Low Risk,Promoter
CUST-27baa4d2,Startup,True,2025-06-12 23:11:52,USA,Direct,Premium,Active,499.0,4491.0,310.6363636363636,Declining,,1.0,1.0,0.4,High,499.0,Failed Payments,Automated Payment Recovery — Failed Transaction,At Risk,Enterprise Value,No Usage,Low Risk,No NPS
CUST-e9c667b7,Startup,True,2025-10-29 20:49:03,Canada,Direct,Premium,Past Due,499.0,3493.0,183.71428571428572,Declining,,2.0,0.0,0.0,Low,0.0,None,Past-Due Account Escalation,Healthy,Enterprise Value,No Usage,Low Risk,No NPS
CUST-a603701d,Enterprise,True,2024-10-31 23:05:38,Germany,Organic Search,Pro,Active,199.0,3184.0,111.21052631578948,Declining,,4.0,2.0,0.6000000000000001,High,199.0,Failed Payments,Automated Payment Recovery — Failed Transaction,At Risk,Enterprise Value,No Usage,Low Risk,No NPS
CUST-74216ecd,Startup,True,2025-06-24 04:19:15,USA,Organic Search,Premium,Active,499.0,4990.0,111.81818181818181,Declining,8.0,1.0,1.0,0.4,High,499.0,Failed Payments,Automated Payment Recovery — Failed Transaction,At Risk,Enterprise Value,No Usage,Low Risk,Passive
CUST-87c799e2,Startup,False,2025-06-26 10:00:20,UK,Outbound Sales,Basic,Canceled,0.0,343.0,244.9090909090909,No Data,,2.0,0.0,0.0,Low,0.0,None,No action required,Healthy,Mid Value,No Usage,Low Risk,No NPS
CUST-d0d2f3fe,Startup,False,2025-04-14 02:27:48,Germany,Paid Social,Premium,Canceled,0.0,2495.0,301.9230769230769,Declining,0.0,4.0,0.0,0.0,Low,0.0,None,No action required,Healthy,Enterprise Value,No Usage,Low Risk,Detractor
CUST-97995af7,Startup,True,2025-11-28 21:50:27,Canada,Organic Search,Enterprise,Active,1999.0,11994.0,299.5,Declining,,1.0,0.0,0.0,Low,0.0,None,No action required,Healthy,Enterprise Value,No Usage,Low Risk,No NPS
CUST-db44eb45,Startup,True,2025-04-22 09:20:54,Germany,Organic Search,Basic,Active,49.0,637.0,15.76923076923077,Declining,,5.0,0.0,0.2,Medium,0.0,High Support Burden,No action required,Watch,Mid Value,No Usage,Low Risk,No NPS
CUST-e8dbb24c,SMB,False,2024-08-28 07:48:21,USA,Paid Social,Pro,Canceled,0.0,3582.0,255.14285714285714,Declining,,2.0,0.0,0.0,Low,0.0,None,No action required,Healthy,Enterprise Value,No Usage,Low Risk,No NPS
CUST-a6326895,SMB,True,2024-09-14 02:44:41,Canada,Outbound Sales,Premium,Active,499.0,9980.0,427.35,Declining,,3.0,0.0,0.2,Medium,0.0,High Support Burden,No action required,Watch,Enterprise Value,No Usage,Low Risk,No NPS
CUST-3f822f08,SMB,False,2025-05-26 10:44:36,UK,Organic Search,Enterprise,Canceled,0.0,3998.0,63.916666666666664,Declining,0.0,4.0,1.0,0.0,Low,0.0,None,Automated Payment Recovery — Failed Transaction,Healthy,Enterprise Value,No Usage,Low Risk,Detractor
CUST-6b6ec232,Startup,False,2024-06-11 11:20:42,Canada,Outbound Sales,Premium,Canceled,0.0,6986.0,110.26086956521739,No Data,,2.0,0.0,0.0,Low,0.0,None,No action required,Healthy,Enterprise Value,No Usage,Low Risk,No NPS
CUST-5f600025,Startup,False,2025-07-23 09:31:53,Canada,Referral,Basic,Canceled,0.0,441.0,53.6,No Data,,4.0,1.0,0.0,Low,0.0,None,Automated Payment Recovery — Failed Transaction,Healthy,Mid Value,No Usage,Low Risk,No NPS
CUST-20e1a009,SMB,True,2025-11-12 09:19:54,Australia,Outbound Sales,Basic,Past Due,49.0,294.0,240.16666666666666,Declining,8.0,2.0,0.0,0.0,Low,0.0,None,Past-Due Account Escalation,Healthy,Mid Value,No Usage,Low Risk,Passive
CUST-66696d77,Startup,True,2025-07-01 01:03:42,Canada,Direct,Basic,Active,49.0,490.0,198.3,Declining,10.0,4.0,0.0,0.2,Medium,0.0,High Support Burden,No action required,Watch,Mid Value,No Usage,Low Risk,Promoter
CUST-1cad3a11,Startup,True,2025-07-13 22:34:16,Canada,Direct,Premium,Past Due,499.0,4491.0,339.7,Declining,,5.0,1.0,0.6000000000000001,High,0.0,Failed Payments,Automated Payment Recovery — Failed Transaction,At Risk,Enterprise Value,No Usage,Low Risk,No NPS
CUST-1193b0d6,SMB,False,2025-03-25 22:20:15,Germany,Outbound Sales,Basic,Canceled,0.0,196.0,193.71428571428572,Declining,4.0,5.0,0.0,0.0,Low,0.0,None,No action required,Healthy,Mid Value,No Usage,Low Risk,Detractor
CUST-2b5d13ff,SMB,True,2025-10-06 20:15:48,UK,Direct,Premium,Active,499.0,3493.0,194.71428571428572,Declining,,4.0,1.0,0.6000000000000001,High,499.0,Failed Payments,Automated Payment Recovery — Failed Transaction,At Risk,Enterprise Value,No Usage,Low Risk,No NPS
CUST-6be32165,SMB,False,2024-07-02 23:09:37,Germany,Referral,Basic,Canceled,0.0,588.0,357.77272727272725,Declining,,1.0,0.0,0.0,Low,0.0,None,No action required,Healthy,Mid Value,No Usage,Low Risk,No NPS
CUST-2cfca522,Mid-Market,True,2025-09-04 03:17:53,Germany,Paid Social,Basic,Past Due,49.0,392.0,40.375,Declining,,3.0,1.0,0.6000000000000001,High,0.0,Failed Payments,Automated Payment Recovery — Failed Transaction,At Risk,Mid Value,No Usage,Low Risk,No NPS
CUST-63d00492,SMB,True,2025-05-23 03:45:53,USA,Direct,Pro,Active,199.0,2388.0,144.58333333333334,Declining,,3.0,0.0,0.2,Medium,0.0,High Support Burden,No action required,Watch,Enterprise Value,No Usage,Low Risk,No NPS
CUST-a1e2738b,Mid-Market,True,2026-01-19 09:10:45,Germany,Direct,Premium,Active,499.0,1996.0,239.25,Declining,,2.0,0.0,0.0,Low,0.0,None,No action required,Healthy,Enterprise Value,No Usage,Low Risk,No NPS
CUST-a5133d37,Mid-Market,True,2024-08-13 21:06:01,Australia,Outbound Sales,Basic,Active,49.0,833.0,120.80952380952381,Declining,9.0,2.0,3.0,0.4,High,49.0,Failed Payments,Automated Payment Recovery — Failed Transaction,At Risk,Mid Value,No Usage,Low Risk,Promoter
CUST-fe6f6cae,SMB,True,2025-10-21 15:40:58,Australia,Referral,Pro,Active,199.0,1194.0,146.42857142857142,Declining,,0.0,0.0,0.0,Low,0.0,None,No action required,Healthy,Enterprise Value,No Usage,Low Risk,No NPS
CUST-7b5782ab,SMB,True,2024-06-07 02:08:00,USA,Paid Social,Pro,Active,199.0,4179.0,441.39130434782606,Declining,,5.0,3.0,0.6000000000000001,High,199.0,Failed Payments,Automated Payment Recovery — Failed Transaction,At Risk,Enterprise Value,No Usage,Low Risk,No NPS
CUST-187d534a,Enterprise,False,2025-12-08 18:27:42,UK,Outbound Sales,Basic,Canceled,0.0,196.0,257.2,Declining,,1.0,1.0,0.0,Low,0.0,None,Automated Payment Recovery — Failed Transaction,Healthy,Mid Value,No Usage,Low Risk,No NPS
CUST-07c52bee,Startup,True,2025-07-18 23:16:43,UK,Outbound Sales,Basic,Active,49.0,441.0,242.1,Declining,,5.0,1.0,0.6000000000000001,High,49.0,Failed Payments,Automated Payment Recovery — Failed Transaction,At Risk,Mid Value,No Usage,Low Risk,No NPS
CUST-d96979bd,SMB,True,2025-01-30 23:33:37,Germany,Referral,Premium,Active,499.0,7984.0,191.0,Declining,,4.0,0.0,0.2,Medium,0.0,High Support Burden,No action required,Watch,Enterprise Value,No Usage,Low Risk,No NPS
CUST-5d59663c,Startup,True,2025-08-10 04:58:52,Germany,Paid Social,Pro,Active,199.0,1592.0,344.6666666666667,Declining,10.0,3.0,1.0,0.6000000000000001,High,199.0,Failed Payments,Automated Payment Recovery — Failed Transaction,At Risk,Enterprise Value,No Usage,Low Risk,Promoter
CUST-023c575b,Startup,False,2024-12-22 00:38:33,Germany,Referral,Basic,Canceled,0.0,784.0,275.8235294117647,Declining,,5.0,0.0,0.0,Low,0.0,None,No action required,Healthy,Mid Value,No Usage,Low Risk,No NPS
CUST-be68a3b0,Mid-Market,False,2024-11-20 00:36:20,UK,Paid Social,Premium,Canceled,0.0,5489.0,45.78947368421053,Declining,1.0,2.0,0.0,0.0,Low,0.0,None,No action required,Healthy,Enterprise Value,No Usage,Low Risk,Detractor
CUST-53ded5c3,SMB,True,2024-09-07 21:50:44,Canada,Referral,Enterprise,Active,1999.0,37981.0,470.9,Declining,,2.0,1.0,0.4,High,1999.0,Failed Payments,Automated Payment Recovery — Failed Transaction,At Risk,Enterprise Value,No Usage,Low Risk,No NPS
CUST-1bdb3171,Enterprise,False,2025-06-06 13:01:03,Australia,Outbound Sales,Pro,Canceled,0.0,1194.0,367.8181818181818,Declining,,2.0,1.0,0.0,Low,0.0,None,Automated Payment Recovery — Failed Transaction,Healthy,Enterprise Value,No Usage,Low Risk,No NPS
CUST-066830da,SMB,False,2024-06-11 15:01:15,Canada,Outbound Sales,Pro,Canceled,0.0,3781.0,39.08695652173913,Declining,3.0,5.0,2.0,0.0,Low,0.0,None,Automated Payment Recovery — Failed Transaction,Healthy,Enterprise Value,No Usage,Low Risk,Detractor
CUST-3840382c,Startup,True,2025-12-10 10:31:12,Canada,Organic Search,Premium,Active,499.0,2495.0,431.2,Declining,,0.0,0.0,0.0,Low,0.0,None,No action required,Healthy,Enterprise Value,No Usage,Low Risk,No NPS
CUST-7cc23e1b,SMB,True,2025-04-01 09:47:24,UK,Direct,Enterprise,Active,1999.0,27986.0,276.3076923076923,Declining,,4.0,0.0,0.2,Medium,0.0,High Support Burden,No action required,Watch,Enterprise Value,No Usage,Low Risk,No NPS
CUST-062d8e36,SMB,True,2026-04-26 14:45:40,Canada,Referral,Premium,Active,499.0,499.0,327.0,Declining,,0.0,0.0,0.0,Low,0.0,None,No action required,Healthy,Mid Value,No Usage,Low Risk,No NPS
CUST-e725748e,SMB,True,2024-06-16 00:38:40,USA,Organic Search,Pro,Active,199.0,4179.0,469.5217391304348,Declining,,2.0,1.0,0.4,High,199.0,Failed Payments,Automated Payment Recovery — Failed Transaction,At Risk,Enterprise Value,No Usage,Low Risk,No NPS
CUST-d01d66e8,Mid-Market,False,2024-07-01 13:14:35,Germany,Direct,Pro,Canceled,0.0,1393.0,126.77272727272727,Declining,0.0,2.0,1.0,0.0,Low,0.0,None,Automated Payment Recovery — Failed Transaction,Healthy,Enterprise Value,No Usage,Low Risk,Detractor
CUST-43708c3b,Startup,True,2025-02-08 15:22:09,USA,Referral,Premium,Active,499.0,7984.0,312.3333333333333,Declining,,1.0,0.0,0.0,Low,0.0,None,No action required,Healthy,Enterprise Value,No Usage,Low Risk,No NPS
CUST-14a1d059,SMB,False,2024-07-26 08:38:20,Australia,Paid Social,Basic,Canceled,0.0,441.0,448.90909090909093,Declining,,0.0,1.0,0.0,Low,0.0,None,Automated Payment Recovery — Failed Transaction,Healthy,Mid Value,No Usage,Low Risk,No NPS
CUST-52d6f3c7,SMB,True,2024-06-07 14:02:08,Germany,Direct,Pro,Active,199.0,4378.0,487.60869565217394,Declining,8.0,0.0,2.0,0.4,High,199.0,Failed Payments,Automated Payment Recovery — Failed Transaction,At Risk,Enterprise Value,No Usage,Low Risk,Passive
CUST-406f53c7,SMB,True,2025-03-03 07:05:19,Canada,Outbound Sales,Premium,Active,499.0,6986.0,414.35714285714283,Declining,9.0,0.0,1.0,0.4,High,499.0,Failed Payments,Automated Payment Recovery — Failed Transaction,At Risk,Enterprise Value,No Usage,Low Risk,Promoter
CUST-92011be6,Startup,True,2025-09-15 03:02:47,Australia,Organic Search,Pro,Active,199.0,1393.0,329.75,Declining,9.0,4.0,1.0,0.6000000000000001,High,199.0,Failed Payments,Automated Payment Recovery — Failed Transaction,At Risk,Enterprise Value,No Usage,Low Risk,Promoter
CUST-e8645d29,Mid-Market,True,2026-03-06 08:44:42,Germany,Direct,Pro,Past Due,199.0,597.0,325.0,Declining,,0.0,0.0,0.0,Low,0.0,None,Past-Due Account Escalation,Healthy,Mid Value,No Usage,Low Risk,No NPS
CUST-ba6ac455,SMB,False,2025-03-08 18:09:12,Canada,Direct,Pro,Canceled,0.0,0.0,279.92857142857144,No Data,,5.0,1.0,0.0,Low,0.0,None,Automated Payment Recovery — Failed Transaction,Healthy,No Revenue,No Usage,Low Risk,No NPS
CUST-79bb7b14,Startup,False,2026-02-08 04:13:46,USA,Outbound Sales,Basic,Canceled,0.0,98.0,122.66666666666667,No Data,,1.0,0.0,0.0,Low,0.0,None,No action required,Healthy,Low Value,No Usage,Low Risk,No NPS
CUST-60c9f39d,SMB,True,2025-03-20 13:32:55,Germany,Referral,Pro,Active,199.0,2587.0,12.285714285714286,Declining,,2.0,0.0,0.0,Low,0.0,None,No action required,Healthy,Enterprise Value,No Usage,Low Risk,No NPS
CUST-3f70a795,Startup,True,2024-09-18 17:34:51,Canada,Paid Social,Premium,Active,499.0,9481.0,227.65,Declining,,2.0,1.0,0.4,High,499.0,Failed Payments,Automated Payment Recovery — Failed Transaction,At Risk,Enterprise Value,No Usage,Low Risk,No NPS
CUST-901e9c23,Startup,True,2026-01-26 12:24:09,USA,Outbound Sales,Basic,Active,49.0,196.0,61.5,Declining,,1.0,0.0,0.0,Low,0.0,None,No action required,Healthy,Mid Value,No Usage,Low Risk,No NPS
CUST-2948ba10,Startup,True,2024-05-08 20:14:00,Australia,Paid Social,Basic,Active,49.0,1029.0,202.70833333333334,Declining,9.0,5.0,3.0,0.6000000000000001,High,49.0,Failed Payments,Automated Payment Recovery — Failed Transaction,At Risk,Enterprise Value,No Usage,Low Risk,Promoter
CUST-92d3b556,Startup,True,2025-10-26 07:08:46,Australia,Referral,Enterprise,Active,1999.0,11994.0,433.57142857142856,Declining,7.0,5.0,1.0,0.6000000000000001,High,1999.0,Failed Payments,Automated Payment Recovery — Failed Transaction,At Risk,Enterprise Value,No Usage,Low Risk,Passive
CUST-24d7d2ff,Startup,True,2024-09-05 06:36:39,Australia,Direct,Basic,Active,49.0,882.0,234.15,Declining,7.0,2.0,3.0,0.4,High,49.0,Failed Payments,Automated Payment Recovery — Failed Transaction,At Risk,Mid Value,No Usage,Low Risk,Passive
CUST-79c7565b,Startup,True,2026-01-28 06:41:51,Australia,Paid Social,Basic,Active,49.0,196.0,38.25,Declining,,1.0,0.0,0.0,Low,0.0,None,No action required,Healthy,Mid Value,No Usage,Low Risk,No NPS
CUST-32604820,Startup,False,2025-05-27 20:42:22,UK,Organic Search,Enterprise,Canceled,0.0,9995.0,49.416666666666664,Declining,1.0,1.0,0.0,0.0,Low,0.0,None,No action required,Healthy,Enterprise Value,No Usage,Low Risk,Detractor
CUST-f073137a,Startup,True,2025-07-23 13:38:29,Germany,Organic Search,Premium,Active,499.0,4491.0,478.9,Declining,,3.0,1.0,0.6000000000000001,High,499.0,Failed Payments,Automated Payment Recovery — Failed Transaction,At Risk,Enterprise Value,No Usage,Low Risk,No NPS
CUST-5962c7a7,Mid-Market,True,2026-05-06 21:57:16,Germany,Outbound Sales,Pro,Active,199.0,199.0,0.0,,,0.0,0.0,0.6,High,199.0,Usage Decline,No action required,At Risk,Mid Value,No Usage,Low Risk,No NPS
CUST-33a9ad5e,Mid-Market,True,2024-12-03 21:29:07,UK,Referral,Premium,Active,499.0,7984.0,252.64705882352942,Declining,,3.0,2.0,0.6000000000000001,High,499.0,Failed Payments,Automated Payment Recovery — Failed Transaction,At Risk,Enterprise Value,No Usage,Low Risk,No NPS
CUST-db09dd5c,SMB,True,2025-04-26 21:56:24,Canada,Outbound Sales,Basic,Active,49.0,588.0,383.0,Declining,,3.0,0.0,0.2,Medium,0.0,High Support Burden,No action required,Watch,Mid Value,No Usage,Low Risk,No NPS
CUST-621c3ee9,Enterprise,True,2025-06-08 04:55:42,Canada,Outbound Sales,Premium,Active,499.0,5489.0,433.3636363636364,Declining,,1.0,1.0,0.4,High,499.0,Failed Payments,Automated Payment Recovery — Failed Transaction,At Risk,Enterprise Value,No Usage,Low Risk,No NPS
CUST-e85e7cc7,SMB,False,2024-06-20 07:49:56,Australia,Outbound Sales,Pro,Canceled,0.0,3184.0,184.82608695652175,Declining,,3.0,0.0,0.0,Low,0.0,None,No action required,Healthy,Enterprise Value,No Usage,Low Risk,No NPS
CUST-bead693e,SMB,False,2025-02-07 02:38:38,USA,Organic Search,Premium,Canceled,0.0,998.0,383.0,Declining,3.0,5.0,1.0,0.0,Low,0.0,None,Automated Payment Recovery — Failed Transaction,Healthy,Mid Value,No Usage,Low Risk,Detractor
CUST-42e59afc,SMB,True,2024-12-19 20:28:32,Canada,Organic Search,Pro,Active,199.0,3184.0,265.3529411764706,Declining,0.0,3.0,0.0,0.4,High,199.0,Low NPS,SMB Re-engagement Offer — High Churn Risk,At Risk,Enterprise Value,No Usage,Low Risk,Detractor
CUST-aac04c27,Startup,True,2024-11-15 23:08:42,USA,Outbound Sales,Pro,Active,199.0,3184.0,479.27777777777777,Declining,9.0,1.0,2.0,0.4,High,199.0,Failed Payments,Automated Payment Recovery — Failed Transaction,At Risk,Enterprise Value,No Usage,Low Risk,Promoter
CUST-220e7a26,Startup,True,2025-08-17 00:04:16,Germany,Organic Search,Pro,Active,199.0,1592.0,72.9,Declining,7.0,5.0,1.0,0.6000000000000001,High,199.0,Failed Payments,Automated Payment Recovery — Failed Transaction,At Risk,Enterprise Value,No Usage,Low Risk,Passive
CUST-d49ac6b2,Mid-Market,False,2024-09-20 16:17:57,USA,Referral,Pro,Canceled,0.0,1194.0,382.75,Declining,,2.0,0.0,0.0,Low,0.0,None,No action required,Healthy,Enterprise Value,No Usage,Low Risk,No NPS
CUST-b2df9d0b,SMB,True,2025-12-21 23:09:28,Germany,Outbound Sales,Premium,Past Due,499.0,2495.0,346.6,Declining,,0.0,0.0,0.0,Low,0.0,None,Past-Due Account Escalation,Healthy,Enterprise Value,No Usage,Low Risk,No NPS
CUST-1784946c,Startup,True,2024-10-08 00:10:48,UK,Organic Search,Pro,Active,199.0,3582.0,432.55,Stable,7.0,2.0,1.0,0.4,High,199.0,Failed Payments,Automated Payment Recovery — Failed Transaction,At Risk,Enterprise Value,No Usage,Low Risk,Passive
CUST-0f7f7063,Mid-Market,True,2025-01-24 02:56:21,UK,Paid Social,Pro,Active,199.0,2388.0,199.375,Declining,,5.0,2.0,0.6000000000000001,High,199.0,Failed Payments,Automated Payment Recovery — Failed Transaction,At Risk,Enterprise Value,No Usage,Low Risk,No NPS
CUST-6c89943a,Startup,True,2026-01-03 19:18:03,Australia,Outbound Sales,Pro,Active,199.0,796.0,265.5,Declining,4.0,1.0,1.0,0.6000000000000001,High,199.0,Low NPS,Automated Payment Recovery — Failed Transaction,At Risk,Mid Value,No Usage,Low Risk,Detractor
CUST-20a05fb1,SMB,True,2026-04-01 20:31:03,Canada,Outbound Sales,Pro,Active,199.0,398.0,300.0,Declining,,2.0,0.0,0.0,Low,0.0,None,No action required,Healthy,Mid Value,No Usage,Low Risk,No NPS
CUST-a6f03d7a,SMB,False,2026-05-04 16:40:16,Australia,Referral,Premium,Canceled,0.0,499.0,0.0,,,1.0,0.0,0.0,Low,0.0,None,No action required,Healthy,Mid Value,No Usage,Low Risk,No NPS
CUST-85f03bbd,Startup,True,2025-05-18 07:38:21,Germany,Direct,Premium,Active,499.0,5988.0,228.08333333333334,Declining,8.0,5.0,0.0,0.2,Medium,0.0,High Support Burden,No action required,Watch,Enterprise Value,No Usage,Low Risk,Passive
CUST-24728d1d,SMB,True,2024-06-14 19:31:48,Australia,Direct,Pro,Active,199.0,4179.0,144.91304347826087,Declining,,4.0,2.0,0.6000000000000001,High,199.0,Failed Payments,Automated Payment Recovery — Failed Transaction,At Risk,Enterprise Value,No Usage,Low Risk,No NPS
CUST-01797a38,Startup,True,2025-01-06 12:25:54,USA,Referral,Enterprise,Active,1999.0,29985.0,453.0625,Declining,7.0,4.0,2.0,0.6000000000000001,High,1999.0,Failed Payments,Automated Payment Recovery — Failed Transaction,At Risk,Enterprise Value,No Usage,Low Risk,Passive
CUST-bea1289a,Startup,False,2025-03-13 23:07:22,Germany,Referral,Premium,Canceled,0.0,3992.0,325.2857142857143,No Data,,5.0,0.0,0.0,Low,0.0,None,No action required,Healthy,Enterprise Value,No Usage,Low Risk,No NPS
CUST-d5140721,Enterprise,False,2026-04-13 23:52:40,UK,Referral,Pro,Canceled,0.0,199.0,2.0,Declining,,0.0,1.0,0.0,Low,0.0,None,Automated Payment Recovery — Failed Transaction,Healthy,Mid Value,No Usage,Low Risk,No NPS
CUST-83b1c9e9,Startup,True,2025-04-01 15:00:11,Canada,Direct,Pro,Active,199.0,2587.0,390.9230769230769,Declining,,3.0,0.0,0.2,Medium,0.0,High Support Burden,No action required,Watch,Enterprise Value,No Usage,Low Risk,No NPS
CUST-4f3a9441,Startup,False,2025-10-28 18:25:39,Germany,Referral,Enterprise,Canceled,0.0,9995.0,172.14285714285714,No Data,3.0,1.0,1.0,0.0,Low,0.0,None,Automated Payment Recovery — Failed Transaction,Healthy,Enterprise Value,No Usage,Low Risk,Detractor
CUST-3663e07d,Mid-Market,True,2025-02-01 06:44:36,Germany,Organic Search,Pro,Active,199.0,3184.0,144.06666666666666,Declining,9.0,2.0,0.0,0.0,Low,0.0,None,No action required,Healthy,Enterprise Value,No Usage,Low Risk,Promoter
CUST-a073f0d8,Startup,True,2024-10-23 16:47:38,USA,Outbound Sales,Premium,Active,499.0,7984.0,220.26315789473685,Declining,,1.0,2.0,0.4,High,499.0,Failed Payments,Automated Payment Recovery — Failed Transaction,At Risk,Enterprise Value,No Usage,Low Risk,No NPS
CUST-194604c9,SMB,True,2026-02-21 07:06:11,Canada,Outbound Sales,Pro,Active,199.0,398.0,330.0,Declining,,0.0,1.0,0.4,High,199.0,Failed Payments,Automated Payment Recovery — Failed Transaction,At Risk,Mid Value,No Usage,Low Risk,No NPS
CUST-9e2b00e4,Startup,True,2025-11-13 13:16:16,UK,Paid Social,Pro,Active,199.0,1194.0,177.5,Declining,,3.0,0.0,0.2,Medium,0.0,High Support Burden,No action required,Watch,Enterprise Value,No Usage,Low Risk,No NPS
CUST-11b786ca,Startup,True,2025-04-11 17:35:26,Germany,Paid Social,Basic,Active,49.0,637.0,359.0,Declining,,3.0,0.0,0.2,Medium,0.0,High Support Burden,No action required,Watch,Mid Value,No Usage,Low Risk,No NPS
CUST-52dceb3a,SMB,True,2024-11-06 18:06:43,Germany,Outbound Sales,Pro,Past Due,199.0,3582.0,307.0,Declining,,0.0,0.0,0.0,Low,0.0,None,Past-Due Account Escalation,Healthy,Enterprise Value,No Usage,Low Risk,No NPS
CUST-addd45b2,Startup,True,2026-01-22 11:37:09,USA,Organic Search,Enterprise,Active,1999.0,7996.0,137.0,Declining,,1.0,0.0,0.0,Low,0.0,None,No action required,Healthy,Enterprise Value,No Usage,Low Risk,No NPS
CUST-43418759,Startup,False,2025-01-06 08:27:34,Australia,Direct,Pro,Canceled,0.0,2587.0,405.25,No Data,,5.0,0.0,0.0,Low,0.0,None,No action required,Healthy,Enterprise Value,No Usage,Low Risk,No NPS
CUST-c20764f0,Startup,True,2026-02-18 14:03:03,UK,Direct,Pro,Active,199.0,597.0,51.666666666666664,Declining,,2.0,0.0,0.0,Low,0.0,None,No action required,Healthy,Mid Value,No Usage,Low Risk,No NPS
CUST-79094bbb,Startup,True,2026-03-23 13:59:39,Canada,Organic Search,Enterprise,Active,1999.0,3998.0,145.5,Declining,,0.0,0.0,0.0,Low,0.0,None,No action required,Healthy,Enterprise Value,No Usage,Low Risk,No NPS
CUST-876ad1f6,Startup,True,2025-11-02 18:01:14,Germany,Direct,Pro,Active,199.0,1393.0,329.8333333333333,Declining,8.0,3.0,0.0,0.2,Medium,0.0,High Support Burden,No action required,Watch,Enterprise Value,No Usage,Low Risk,Passive
CUST-3766b25a,SMB,False,2025-07-12 01:14:57,Germany,Referral,Pro,Canceled,0.0,1194.0,388.3,Declining,4.0,4.0,0.0,0.0,Low,0.0,None,No action required,Healthy,Enterprise Value,No Usage,Low Risk,Detractor
CUST-7fe67da0,Startup,True,2025-04-12 21:43:34,UK,Outbound Sales,Premium,Active,499.0,6487.0,354.38461538461536,Declining,,1.0,0.0,0.0,Low,0.0,None,No action required,Healthy,Enterprise Value,No Usage,Low Risk,No NPS
CUST-5a76d9f2,SMB,True,2025-01-19 12:01:43,Australia,Outbound Sales,Premium,Active,499.0,7984.0,180.3125,Declining,10.0,4.0,0.0,0.2,Medium,0.0,High Support Burden,No action required,Watch,Enterprise Value,No Usage,Low Risk,Promoter
CUST-0501e3bf,SMB,False,2025-11-03 03:07:56,Germany,Organic Search,Basic,Canceled,0.0,147.0,133.83333333333334,Declining,,2.0,0.0,0.0,Low,0.0,None,No action required,Healthy,Mid Value,No Usage,Low Risk,No NPS
CUST-b44475df,Startup,True,2026-03-14 01:09:48,UK,Direct,Pro,Active,199.0,398.0,387.5,Declining,,0.0,0.0,0.0,Low,0.0,None,No action required,Healthy,Mid Value,No Usage,Low Risk,No NPS
CUST-92791f78,SMB,True,2025-12-23 14:21:46,USA,Paid Social,Pro,Active,199.0,796.0,332.6,Declining,8.0,0.0,0.0,0.0,Low,0.0,None,No action required,Healthy,Mid Value,No Usage,Low Risk,Passive
CUST-4d0f9ee3,Enterprise,False,2025-07-14 01:17:23,Australia,Paid Social,Basic,Canceled,0.0,294.0,27.2,Declining,,5.0,0.0,0.0,Low,0.0,None,No action required,Healthy,Mid Value,No Usage,Low Risk,No NPS
CUST-fbd59239,Mid-Market,True,2024-06-03 20:18:56,Canada,Direct,Pro,Active,199.0,4378.0,169.1304347826087,Declining,,3.0,2.0,0.6000000000000001,High,199.0,Failed Payments,Automated Payment Recovery — Failed Transaction,At Risk,Enterprise Value,No Usage,Low Risk,No NPS
CUST-317ee5ef,SMB,True,2025-04-12 10:47:39,Germany,Paid Social,Pro,Active,199.0,2587.0,372.0769230769231,Declining,4.0,2.0,0.0,0.2,Medium,0.0,Low NPS,No action required,Watch,Enterprise Value,No Usage,Low Risk,Detractor
CUST-c0aee559,Startup,True,2024-06-09 00:17:22,UK,Organic Search,Basic,Active,49.0,1078.0,348.1666666666667,Stable,9.0,2.0,1.0,0.4,High,49.0,Failed Payments,Automated Payment Recovery — Failed Transaction,At Risk,Enterprise Value,No Usage,Low Risk,Promoter
CUST-0e434c3f,SMB,True,2025-08-28 09:18:36,USA,Organic Search,Pro,Active,199.0,1791.0,493.3333333333333,Declining,,2.0,0.0,0.0,Low,0.0,None,No action required,Healthy,Enterprise Value,No Usage,Low Risk,No NPS
CUST-91e5e278,Startup,True,2024-09-03 01:31:39,Canada,Direct,Basic,Past Due,49.0,1029.0,343.15,Declining,,2.0,0.0,0.0,Low,0.0,None,Past-Due Account Escalation,Healthy,Enterprise Value,No Usage,Low Risk,No NPS
CUST-8a1f0c26,SMB,True,2025-07-14 05:36:12,UK,Paid Social,Pro,Active,199.0,1791.0,471.8,Declining,,5.0,0.0,0.2,Medium,0.0,High Support Burden,No action required,Watch,Enterprise Value,No Usage,Low Risk,No NPS
CUST-395a9489,Startup,True,2025-10-03 11:38:22,UK,Organic Search,Premium,Active,499.0,3493.0,185.28571428571428,Declining,,4.0,1.0,0.6000000000000001,High,499.0,Failed Payments,Automated Payment Recovery — Failed Transaction,At Risk,Enterprise Value,No Usage,Low Risk,No NPS
CUST-415672dc,SMB,True,2024-05-10 07:32:55,Canada,Organic Search,Premium,Active,499.0,10479.0,456.0416666666667,Declining,3.0,4.0,2.0,0.8,Critical,499.0,Low NPS,Automated Payment Recovery — Failed Transaction,Critical,Enterprise Value,No Usage,Low Risk,Detractor
CUST-620e275e,SMB,False,2025-06-28 00:12:00,USA,Referral,Basic,Canceled,0.0,196.0,198.91666666666666,Declining,2.0,4.0,0.0,0.0,Low,0.0,None,No action required,Healthy,Mid Value,No Usage,Low Risk,Detractor
CUST-403c976e,Startup,True,2024-11-27 07:41:50,USA,Referral,Basic,Active,49.0,882.0,435.6666666666667,Declining,8.0,4.0,0.0,0.2,Medium,0.0,High Support Burden,No action required,Watch,Mid Value,No Usage,Low Risk,Passive
CUST-bb5b4c74,Startup,True,2026-02-17 06:58:12,Australia,Organic Search,Basic,Active,49.0,98.0,448.6666666666667,Declining,,0.0,1.0,0.4,High,49.0,Failed Payments,Automated Payment Recovery — Failed Transaction,At Risk,Low Value,No Usage,Low Risk,No NPS
CUST-596e4744,SMB,False,2025-08-01 02:34:52,Germany,Direct,Pro,Canceled,0.0,796.0,298.8888888888889,Declining,0.0,1.0,0.0,0.0,Low,0.0,None,No action required,Healthy,Mid Value,No Usage,Low Risk,Detractor
CUST-57ea5bcd,Enterprise,True,2025-09-19 09:07:13,Canada,Outbound Sales,Basic,Active,49.0,294.0,171.125,Declining,8.0,0.0,2.0,0.4,High,49.0,Failed Payments,Automated Payment Recovery — Failed Transaction,At Risk,Mid Value,No Usage,Low Risk,Passive
CUST-bce635ca,Mid-Market,True,2025-02-05 08:14:09,Canada,Outbound Sales,Pro,Active,199.0,3184.0,83.33333333333333,Declining,,2.0,0.0,0.0,Low,0.0,None,No action required,Healthy,Enterprise Value,No Usage,Low Risk,No NPS
CUST-9122fc21,Enterprise,False,2025-10-21 02:49:34,Canada,Organic Search,Basic,Canceled,0.0,294.0,44.0,No Data,,1.0,0.0,0.0,Low,0.0,None,No action required,Healthy,Mid Value,No Usage,Low Risk,No NPS
CUST-bb374cc4,Startup,True,2025-12-03 11:44:37,USA,Organic Search,Premium,Past Due,499.0,2994.0,341.2,Declining,,0.0,0.0,0.0,Low,0.0,None,Past-Due Account Escalation,Healthy,Enterprise Value,No Usage,Low Risk,No NPS
CUST-ed719c24,SMB,True,2024-09-16 22:49:26,Germany,Organic Search,Basic,Past Due,49.0,833.0,258.6,Declining,,1.0,3.0,0.4,High,0.0,Failed Payments,Automated Payment Recovery — Failed Transaction,At Risk,Mid Value,No Usage,Low Risk,No NPS
CUST-f4563f48,SMB,False,2025-07-29 05:26:41,Australia,Direct,Basic,Canceled,0.0,147.0,74.5,No Data,,2.0,1.0,0.0,Low,0.0,None,Automated Payment Recovery — Failed Transaction,Healthy,Mid Value,No Usage,Low Risk,No NPS
CUST-949bad21,SMB,True,2024-11-24 09:10:52,UK,Referral,Premium,Active,499.0,8982.0,39.0,Declining,,5.0,0.0,0.2,Medium,0.0,High Support Burden,No action required,Watch,Enterprise Value,No Usage,Low Risk,No NPS
CUST-5bc68721,Mid-Market,True,2024-09-17 06:46:18,UK,Organic Search,Basic,Active,49.0,931.0,399.35,Declining,7.0,1.0,0.0,0.0,Low,0.0,None,No action required,Healthy,Mid Value,No Usage,Low Risk,Passive
CUST-ebc6579b,SMB,True,2026-01-29 13:17:34,Canada,Organic Search,Basic,Active,49.0,196.0,141.75,Declining,,0.0,0.0,0.0,Low,0.0,None,No action required,Healthy,Mid Value,No Usage,Low Risk,No NPS
CUST-c04282ff,SMB,True,2026-05-07 01:33:40,Germany,Paid Social,Pro,Active,199.0,199.0,0.0,,,0.0,0.0,0.6,High,199.0,Usage Decline,SMB Re-engagement Offer — High Churn Risk,At Risk,Mid Value,No Usage,Low Risk,No NPS
CUST-9be6ed6b,SMB,True,2025-04-29 04:48:02,USA,Direct,Pro,Active,199.0,2587.0,104.6923076923077,Declining,8.0,2.0,0.0,0.0,Low,0.0,None,No action required,Healthy,Enterprise Value,No Usage,Low Risk,Passive
CUST-449bd511,SMB,False,2024-09-19 13:34:26,Germany,Organic Search,Premium,Canceled,0.0,8483.0,279.2,Declining,,3.0,2.0,0.0,Low,0.0,None,Automated Payment Recovery — Failed Transaction,Healthy,Enterprise Value,No Usage,Low Risk,No NPS
CUST-607adab2,Startup,True,2025-05-25 09:32:25,Germany,Paid Social,Basic,Active,49.0,588.0,247.75,Declining,9.0,3.0,0.0,0.2,Medium,0.0,High Support Burden,No action required,Watch,Mid Value,No Usage,Low Risk,Promoter
CUST-31ba504f,Mid-Market,False,2024-09-02 16:10:11,USA,Outbound Sales,Pro,Canceled,0.0,597.0,390.95,Declining,4.0,2.0,0.0,0.0,Low,0.0,None,No action required,Healthy,Mid Value,No Usage,Low Risk,Detractor
CUST-62c0fc0b,Startup,True,2024-06-03 08:56:00,Canada,Organic Search,Basic,Active,49.0,1078.0,85.6086956521739,Declining,3.0,5.0,2.0,0.8,Critical,49.0,Low NPS,Automated Payment Recovery — Failed Transaction,Critical,Enterprise Value,No Usage,Low Risk,Detractor
CUST-34f99333,SMB,False,2025-12-01 05:19:29,Germany,Organic Search,Basic,Canceled,0.0,245.0,132.2,Declining,5.0,1.0,0.0,0.0,Low,0.0,None,No action required,Healthy,Mid Value,No Usage,Low Risk,Detractor
CUST-898a71fa,Startup,False,2025-07-21 09:48:01,UK,Paid Social,Premium,Canceled,0.0,4990.0,163.9,Declining,3.0,2.0,0.0,0.0,Low,0.0,None,No action required,Healthy,Enterprise Value,No Usage,Low Risk,Detractor
CUST-83303441,Startup,True,2025-07-21 14:47:31,USA,Direct,Premium,Active,499.0,3493.0,371.1,Declining,7.0,3.0,3.0,0.6000000000000001,High,499.0,Failed Payments,Automated Payment Recovery — Failed Transaction,At Risk,Enterprise Value,No Usage,Low Risk,Passive
CUST-99da545c,Startup,True,2025-05-15 12:57:12,Australia,Organic Search,Basic,Active,49.0,588.0,132.08333333333334,Declining,,1.0,0.0,0.0,Low,0.0,None,No action required,Healthy,Mid Value,No Usage,Low Risk,No NPS
CUST-5d4a3064,Startup,True,2025-05-09 12:33:24,Canada,Outbound Sales,Pro,Active,199.0,2388.0,241.33333333333334,Declining,10.0,4.0,0.0,0.2,Medium,0.0,High Support Burden,No action required,Watch,Enterprise Value,No Usage,Low Risk,Promoter
CUST-5ae3112f,SMB,True,2025-10-04 19:31:09,USA,Organic Search,Basic,Active,49.0,392.0,263.0,Declining,,2.0,0.0,0.0,Low,0.0,None,No action required,Healthy,Mid Value,No Usage,Low Risk,No NPS
CUST-f02d254e,SMB,False,2025-03-01 09:10:54,Australia,Outbound Sales,Premium,Canceled,0.0,2994.0,23.5,Declining,,2.0,0.0,0.0,Low,0.0,None,No action required,Healthy,Enterprise Value,No Usage,Low Risk,No NPS
CUST-4eb50c63,SMB,False,2024-12-03 15:03:33,Australia,Referral,Basic,Canceled,0.0,392.0,303.3529411764706,Declining,,2.0,1.0,0.0,Low,0.0,None,Automated Payment Recovery — Failed Transaction,Healthy,Mid Value,No Usage,Low Risk,No NPS
CUST-65480dc2,SMB,True,2026-03-08 13:54:44,Germany,Referral,Basic,Active,49.0,147.0,288.0,Declining,,0.0,0.0,0.0,Low,0.0,None,No action required,Healthy,Mid Value,No Usage,Low Risk,No NPS
CUST-8584285b,Enterprise,True,2024-11-14 05:42:23,Germany,Outbound Sales,Pro,Active,199.0,3383.0,320.44444444444446,Declining,10.0,5.0,0.0,0.2,Medium,0.0,High Support Burden,No action required,Watch,Enterprise Value,No Usage,Low Risk,Promoter
CUST-e5ae22a8,SMB,True,2025-09-30 04:51:13,Germany,Direct,Pro,Past Due,199.0,1592.0,328.0,Declining,,2.0,0.0,0.0,Low,0.0,None,Past-Due Account Escalation,Healthy,Enterprise Value,No Usage,Low Risk,No NPS
CUST-7bb8add6,Startup,True,2025-03-03 14:37:20,USA,Organic Search,Pro,Active,199.0,2388.0,104.57142857142857,Declining,,0.0,3.0,0.4,High,199.0,Failed Payments,Automated Payment Recovery — Failed Transaction,At Risk,Enterprise Value,No Usage,Low Risk,No NPS
CUST-78b49d93,SMB,True,2025-08-16 07:35:37,USA,Organic Search,Basic,Active,49.0,441.0,281.6666666666667,Declining,,2.0,0.0,0.0,Low,0.0,None,No action required,Healthy,Mid Value,No Usage,Low Risk,No NPS
CUST-0a0ba54b,Startup,False,2024-07-10 06:03:30,Canada,Referral,Basic,Canceled,0.0,343.0,316.40909090909093,Declining,,1.0,0.0,0.0,Low,0.0,None,No action required,Healthy,Mid Value,No Usage,Low Risk,No NPS
CUST-8b36004f,Startup,False,2024-10-09 23:36:49,Germany,Outbound Sales,Pro,Canceled,0.0,2388.0,79.21052631578948,Declining,,3.0,0.0,0.0,Low,0.0,None,No action required,Healthy,Enterprise Value,No Usage,Low Risk,No NPS
CUST-af980b61,Startup,True,2025-03-01 06:48:57,Australia,Organic Search,Basic,Active,49.0,637.0,230.85714285714286,Declining,,1.0,2.0,0.4,High,49.0,Failed Payments,Automated Payment Recovery — Failed Transaction,At Risk,Mid Value,No Usage,Low Risk,No NPS
CUST-8996a7b1,SMB,True,2024-10-15 06:43:40,UK,Organic Search,Premium,Active,499.0,8483.0,372.10526315789474,Declining,,3.0,2.0,0.6000000000000001,High,499.0,Failed Payments,Automated Payment Recovery — Failed Transaction,At Risk,Enterprise Value,No Usage,Low Risk,No NPS
CUST-214f09af,SMB,True,2026-03-01 11:21:24,Canada,Direct,Basic,Past Due,49.0,147.0,90.5,Declining,,0.0,0.0,0.0,Low,0.0,None,Past-Due Account Escalation,Healthy,Mid Value,No Usage,Low Risk,No NPS
CUST-de9d35e8,SMB,True,2025-04-06 17:11:24,USA,Paid Social,Pro,Active,199.0,2786.0,222.69230769230768,Declining,,0.0,0.0,0.0,Low,0.0,None,No action required,Healthy,Enterprise Value,No Usage,Low Risk,No NPS
CUST-4493df28,SMB,True,2026-04-27 17:37:01,Canada,Referral,Pro,Active,199.0,199.0,345.0,Declining,,0.0,0.0,0.0,Low,0.0,None,No action required,Healthy,Mid Value,No Usage,Low Risk,No NPS
CUST-086367e3,Startup,True,2024-08-28 14:21:30,Canada,Referral,Basic,Active,49.0,931.0,361.8095238095238,Declining,9.0,3.0,2.0,0.6000000000000001,High,49.0,Failed Payments,Automated Payment Recovery — Failed Transaction,At Risk,Mid Value,No Usage,Low Risk,Promoter
CUST-d9ae0bcd,SMB,False,2024-10-13 02:59:43,Canada,Paid Social,Pro,Canceled,0.0,796.0,316.2105263157895,Declining,,0.0,1.0,0.0,Low,0.0,None,Automated Payment Recovery — Failed Transaction,Healthy,Mid Value,No Usage,Low Risk,No NPS
CUST-0a941d35,Startup,True,2024-11-11 02:40:04,Canada,Organic Search,Premium,Active,499.0,7485.0,350.3888888888889,Declining,,2.0,1.0,0.4,High,499.0,Failed Payments,Automated Payment Recovery — Failed Transaction,At Risk,Enterprise Value,No Usage,Low Risk,No NPS
CUST-8170aabf,SMB,True,2025-11-19 02:50:00,UK,Direct,Basic,Active,49.0,294.0,376.0,Declining,9.0,1.0,0.0,0.0,Low,0.0,None,No action required,Healthy,Mid Value,No Usage,Low Risk,Promoter
CUST-ad23c7c9,Startup,False,2025-01-29 11:18:05,Germany,Direct,Enterprise,Canceled,0.0,23988.0,339.6875,Declining,,3.0,2.0,0.0,Low,0.0,None,Automated Payment Recovery — Failed Transaction,Healthy,Enterprise Value,No Usage,Low Risk,No NPS
CUST-341cdae5,Startup,False,2024-05-22 22:00:43,Australia,Referral,Pro,Canceled,0.0,1990.0,360.625,Declining,4.0,5.0,0.0,0.0,Low,0.0,None,No action required,Healthy,Enterprise Value,No Usage,Low Risk,Detractor
CUST-e8d2fb76,SMB,True,2024-08-30 20:46:32,Canada,Direct,Basic,Active,49.0,980.0,52.57142857142857,Declining,10.0,4.0,1.0,0.6000000000000001,High,49.0,Failed Payments,Automated Payment Recovery — Failed Transaction,At Risk,Mid Value,No Usage,Low Risk,Promoter
CUST-c0d4c20b,SMB,True,2025-09-04 15:07:02,Canada,Paid Social,Pro,Active,199.0,1791.0,156.375,Declining,,1.0,0.0,0.0,Low,0.0,None,No action required,Healthy,Enterprise Value,No Usage,Low Risk,No NPS
CUST-304ddb28,SMB,True,2024-07-18 19:00:46,Canada,Organic Search,Basic,Active,49.0,980.0,108.22727272727273,Declining,,3.0,2.0,0.6000000000000001,High,49.0,Failed Payments,Automated Payment Recovery — Failed Transaction,At Risk,Mid Value,No Usage,Low Risk,No NPS
CUST-9cc23bdd,Mid-Market,False,2024-07-27 20:34:56,Germany,Paid Social,Premium,Canceled,0.0,8483.0,415.1818181818182,Declining,,3.0,0.0,0.0,Low,0.0,None,No action required,Healthy,Enterprise Value,No Usage,Low Risk,No NPS
CUST-951ee3e3,SMB,False,2026-03-23 05:23:16,USA,Outbound Sales,Premium,Canceled,0.0,998.0,2.0,No Data,,0.0,0.0,0.0,Low,0.0,None,No action required,Healthy,Mid Value,No Usage,Low Risk,No NPS
CUST-e8e9ca82,Mid-Market,True,2024-10-22 22:56:27,USA,Referral,Premium,Active,499.0,9481.0,326.10526315789474,Declining,3.0,5.0,0.0,0.4,High,499.0,Low NPS,No action required,At Risk,Enterprise Value,No Usage,Low Risk,Detractor
CUST-b4cb1440,SMB,True,2025-03-25 13:31:39,UK,Direct,Enterprise,Active,1999.0,25987.0,401.7142857142857,Declining,,2.0,0.0,0.0,Low,0.0,None,No action required,Healthy,Enterprise Value,No Usage,Low Risk,No NPS
CUST-12e20935,SMB,False,2024-07-09 15:21:01,USA,Outbound Sales,Premium,Canceled,0.0,3992.0,48.22727272727273,Declining,,3.0,0.0,0.0,Low,0.0,None,No action required,Healthy,Enterprise Value,No Usage,Low Risk,No NPS
CUST-1670f047,SMB,True,2025-01-14 08:53:39,Canada,Direct,Pro,Active,199.0,2786.0,268.6875,Declining,,1.0,2.0,0.4,High,199.0,Failed Payments,Automated Payment Recovery — Failed Transaction,At Risk,Enterprise Value,No Usage,Low Risk,No NPS
CUST-d27ed070,Startup,True,2025-01-30 06:05:42,Canada,Organic Search,Basic,Active,49.0,735.0,288.625,Declining,,1.0,1.0,0.4,High,49.0,Failed Payments,Automated Payment Recovery — Failed Transaction,At Risk,Mid Value,No Usage,Low Risk,No NPS
CUST-393f21a7,Mid-Market,True,2026-02-09 03:10:34,Canada,Organic Search,Pro,Active,199.0,597.0,444.3333333333333,Declining,,1.0,0.0,0.0,Low,0.0,None,No action required,Healthy,Mid Value,No Usage,Low Risk,No NPS
CUST-668be7ab,Startup,True,2025-12-01 18:47:48,UK,Organic Search,Basic,Active,49.0,294.0,37.4,Declining,,1.0,0.0,0.0,Low,0.0,None,No action required,Healthy,Mid Value,No Usage,Low Risk,No NPS
CUST-f8c8366f,SMB,True,2024-10-03 12:56:35,Canada,Direct,Premium,Active,499.0,8483.0,362.8421052631579,Declining,,0.0,3.0,0.4,High,499.0,Failed Payments,Automated Payment Recovery — Failed Transaction,At Risk,Enterprise Value,No Usage,Low Risk,No NPS
CUST-89c7e47b,SMB,False,2025-12-02 03:32:29,USA,Outbound Sales,Pro,Canceled,0.0,995.0,26.2,Declining,,0.0,0.0,0.0,Low,0.0,None,No action required,Healthy,Mid Value,No Usage,Low Risk,No NPS
CUST-900106cc,Startup,False,2024-08-13 10:13:18,Germany,Organic Search,Basic,Canceled,0.0,588.0,402.0,Declining,,2.0,2.0,0.0,Low,0.0,None,Automated Payment Recovery — Failed Transaction,Healthy,Mid Value,No Usage,Low Risk,No NPS
CUST-907d135d,Enterprise,True,2024-09-01 16:42:26,Germany,Outbound Sales,Basic,Active,49.0,980.0,34.1,Declining,10.0,4.0,1.0,0.6000000000000001,High,49.0,Failed Payments,Automated Payment Recovery — Failed Transaction,At Risk,Mid Value,No Usage,Low Risk,Promoter
CUST-a5a4a466,SMB,True,2026-04-21 07:48:49,Australia,Direct,Basic,Active,49.0,49.0,103.0,Declining,,0.0,0.0,0.0,Low,0.0,None,No action required,Healthy,Low Value,No Usage,Low Risk,No NPS
CUST-5c8129e1,SMB,True,2024-05-13 05:09:05,USA,Outbound Sales,Pro,Active,199.0,4577.0,419.0,Declining,,5.0,0.0,0.2,Medium,0.0,High Support Burden,No action required,Watch,Enterprise Value,No Usage,Low Risk,No NPS
CUST-fdecbfeb,SMB,True,2024-08-21 18:51:22,Canada,Direct,Pro,Past Due,199.0,3980.0,459.2857142857143,Declining,4.0,0.0,1.0,0.6000000000000001,High,0.0,Low NPS,Automated Payment Recovery — Failed Transaction,At Risk,Enterprise Value,No Usage,Low Risk,Detractor
CUST-cf77f9ee,SMB,True,2024-08-06 14:54:54,Germany,Direct,Pro,Active,199.0,3781.0,293.3809523809524,Declining,,0.0,3.0,0.4,High,199.0,Failed Payments,Automated Payment Recovery — Failed Transaction,At Risk,Enterprise Value,No Usage,Low Risk,No NPS
CUST-866da882,SMB,False,2026-01-23 05:22:29,USA,Referral,Pro,Canceled,0.0,597.0,10.5,Declining,,0.0,1.0,0.0,Low,0.0,None,Automated Payment Recovery — Failed Transaction,Healthy,Mid Value,No Usage,Low Risk,No NPS
CUST-826334be,Startup,True,2025-06-22 03:22:02,Germany,Direct,Pro,Active,199.0,1990.0,23.181818181818183,Declining,,1.0,1.0,0.4,High,199.0,Failed Payments,Automated Payment Recovery — Failed Transaction,At Risk,Enterprise Value,No Usage,Low Risk,No NPS
CUST-b21e56d9,SMB,True,2024-11-07 01:37:08,Canada,Direct,Basic,Active,49.0,882.0,150.33333333333334,Declining,,0.0,1.0,0.4,High,49.0,Failed Payments,Automated Payment Recovery — Failed Transaction,At Risk,Mid Value,No Usage,Low Risk,No NPS
CUST-dd83e3c6,SMB,True,2025-11-23 10:02:12,Germany,Paid Social,Basic,Active,49.0,294.0,234.16666666666666,Declining,,2.0,0.0,0.0,Low,0.0,None,No action required,Healthy,Mid Value,No Usage,Low Risk,No NPS
CUST-df462379,SMB,False,2026-05-02 15:45:13,Australia,Organic Search,Pro,Canceled,0.0,199.0,0.0,,,0.0,0.0,0.0,Low,0.0,None,No action required,Healthy,Mid Value,No Usage,Low Risk,No NPS
CUST-9d689971,Startup,False,2025-07-28 01:51:17,Australia,Referral,Pro,Canceled,0.0,796.0,329.3,No Data,,3.0,0.0,0.0,Low,0.0,None,No action required,Healthy,Mid Value,No Usage,Low Risk,No NPS
CUST-d08fb654,Mid-Market,False,2025-08-19 16:58:57,Germany,Referral,Basic,Canceled,0.0,147.0,123.33333333333333,Declining,,3.0,1.0,0.0,Low,0.0,None,Automated Payment Recovery — Failed Transaction,Healthy,Mid Value,No Usage,Low Risk,No NPS
CUST-6319091f,SMB,False,2025-04-01 01:21:47,USA,Referral,Basic,Canceled,0.0,490.0,201.15384615384616,No Data,,1.0,1.0,0.0,Low,0.0,None,Automated Payment Recovery — Failed Transaction,Healthy,Mid Value,No Usage,Low Risk,No NPS
CUST-e868444e,SMB,True,2025-08-20 10:26:59,USA,Paid Social,Basic,Active,49.0,294.0,258.77777777777777,Declining,,3.0,1.0,0.6000000000000001,High,49.0,Failed Payments,Automated Payment Recovery — Failed Transaction,At Risk,Mid Value,No Usage,Low Risk,No NPS
CUST-fd0f23d2,Startup,True,2024-07-25 01:31:11,USA,Direct,Pro,Active,199.0,3980.0,281.8636363636364,Declining,,1.0,0.0,0.0,Low,0.0,None,No action required,Healthy,Enterprise Value,No Usage,Low Risk,No NPS
CUST-9c144b11,SMB,True,2025-06-17 05:25:40,Germany,Organic Search,Basic,Active,49.0,539.0,485.8181818181818,Declining,10.0,0.0,0.0,0.0,Low,0.0,None,No action required,Healthy,Mid Value,No Usage,Low Risk,Promoter
CUST-94124961,SMB,True,2025-10-01 13:28:54,USA,Outbound Sales,Pro,Active,199.0,1194.0,445.14285714285717,Declining,7.0,0.0,1.0,0.4,High,199.0,Failed Payments,Automated Payment Recovery — Failed Transaction,At Risk,Enterprise Value,No Usage,Low Risk,Passive
CUST-fd17317f,SMB,True,2025-07-08 19:16:16,Canada,Direct,Premium,Active,499.0,5489.0,468.7,Declining,,1.0,0.0,0.0,Low,0.0,None,No action required,Healthy,Enterprise Value,No Usage,Low Risk,No NPS
CUST-391fe0b8,Startup,True,2025-09-09 00:11:42,Australia,Paid Social,Basic,Active,49.0,392.0,273.0,Increasing,,3.0,0.0,0.2,Medium,0.0,High Support Burden,No action required,Watch,Mid Value,No Usage,Low Risk,No NPS
CUST-beb88148,SMB,True,2025-12-09 03:18:48,Canada,Direct,Enterprise,Active,1999.0,7996.0,429.8,Declining,,0.0,1.0,0.4,High,1999.0,Failed Payments,Automated Payment Recovery — Failed Transaction,At Risk,Enterprise Value,No Usage,Low Risk,No NPS
CUST-e9f0797f,SMB,True,2025-08-06 14:11:38,USA,Direct,Pro,Active,199.0,1592.0,434.55555555555554,Declining,9.0,2.0,2.0,0.4,High,199.0,Failed Payments,Automated Payment Recovery — Failed Transaction,At Risk,Enterprise Value,No Usage,Low Risk,Promoter
CUST-ca6824c8,Startup,True,2025-01-23 16:40:04,Canada,Paid Social,Pro,Active,199.0,2985.0,458.1875,Declining,,0.0,1.0,0.4,High,199.0,Failed Payments,Automated Payment Recovery — Failed Transaction,At Risk,Enterprise Value,No Usage,Low Risk,No NPS
CUST-81649c0f,Startup,False,2024-10-10 16:36:03,USA,Referral,Pro,Canceled,0.0,2189.0,202.94736842105263,Declining,4.0,2.0,1.0,0.0,Low,0.0,None,Automated Payment Recovery — Failed Transaction,Healthy,Enterprise Value,No Usage,Low Risk,Detractor
CUST-ca6bfe12,SMB,True,2025-07-31 18:45:41,Germany,Referral,Pro,Active,199.0,1990.0,262.1,Declining,,1.0,0.0,0.0,Low,0.0,None,No action required,Healthy,Enterprise Value,No Usage,Low Risk,No NPS
CUST-25484b8a,Startup,True,2025-08-28 03:20:48,Canada,Organic Search,Pro,Active,199.0,1592.0,448.55555555555554,Declining,,3.0,1.0,0.6000000000000001,High,199.0,Failed Payments,Automated Payment Recovery — Failed Transaction,At Risk,Enterprise Value,No Usage,Low Risk,No NPS
CUST-f7278444,SMB,True,2025-07-27 16:08:51,Germany,Organic Search,Pro,Active,199.0,1990.0,383.3,Declining,9.0,0.0,0.0,0.0,Low,0.0,None,No action required,Healthy,Enterprise Value,No Usage,Low Risk,Promoter
CUST-6ff49b70,SMB,True,2024-12-15 20:05:28,Germany,Referral,Basic,Active,49.0,784.0,29.294117647058822,Declining,8.0,3.0,0.0,0.2,Medium,0.0,High Support Burden,No action required,Watch,Mid Value,No Usage,Low Risk,Passive
CUST-552a5331,Enterprise,True,2024-12-30 23:03:12,UK,Outbound Sales,Basic,Active,49.0,735.0,137.88235294117646,Declining,7.0,2.0,1.0,0.4,High,49.0,Failed Payments,Automated Payment Recovery — Failed Transaction,At Risk,Mid Value,No Usage,Low Risk,Passive
CUST-a4a67a8b,Startup,True,2025-08-09 13:25:35,USA,Direct,Basic,Active,49.0,441.0,374.44444444444446,Declining,,1.0,0.0,0.0,Low,0.0,None,No action required,Healthy,Mid Value,No Usage,Low Risk,No NPS
CUST-f55c81cb,Mid-Market,True,2026-01-31 14:07:52,Australia,Outbound Sales,Basic,Active,49.0,196.0,198.0,Declining,,1.0,0.0,0.0,Low,0.0,None,No action required,Healthy,Mid Value,No Usage,Low Risk,No NPS
CUST-86f95a44,SMB,True,2025-01-03 21:55:09,USA,Direct,Basic,Active,49.0,686.0,463.25,Declining,,5.0,1.0,0.6000000000000001,High,49.0,Failed Payments,Automated Payment Recovery — Failed Transaction,At Risk,Mid Value,No Usage,Low Risk,No NPS
CUST-94c16fb1,Mid-Market,True,2026-04-26 21:03:08,Australia,Referral,Basic,Past Due,49.0,49.0,258.0,Declining,,1.0,0.0,0.0,Low,0.0,None,Past-Due Account Escalation,Healthy,Low Value,No Usage,Low Risk,No NPS
CUST-4a080cde,Startup,True,2025-09-21 23:26:21,USA,Organic Search,Premium,Active,499.0,3992.0,331.75,Declining,,2.0,0.0,0.0,Low,0.0,None,No action required,Healthy,Enterprise Value,No Usage,Low Risk,No NPS
CUST-a3aaca07,SMB,True,2025-01-23 05:19:13,Germany,Organic Search,Premium,Active,499.0,5988.0,327.3125,Declining,,2.0,3.0,0.4,High,499.0,Failed Payments,Automated Payment Recovery — Failed Transaction,At Risk,Enterprise Value,No Usage,Low Risk,No NPS
CUST-06474d81,Mid-Market,True,2026-01-02 05:27:31,Canada,Outbound Sales,Enterprise,Active,1999.0,9995.0,83.75,Declining,5.0,0.0,0.0,0.2,Medium,0.0,Low NPS,No action required,Watch,Enterprise Value,No Usage,Low Risk,Detractor
CUST-1872b077,Mid-Market,True,2025-08-05 21:46:44,Canada,Organic Search,Pro,Active,199.0,1791.0,229.33333333333334,Declining,0.0,0.0,1.0,0.6000000000000001,High,199.0,Low NPS,Automated Payment Recovery — Failed Transaction,At Risk,Enterprise Value,No Usage,Low Risk,Detractor
CUST-921962e1,Mid-Market,True,2024-07-03 03:21:27,UK,Referral,Premium,Active,499.0,10978.0,490.59090909090907,Declining,,1.0,0.0,0.0,Low,0.0,None,No action required,Healthy,Enterprise Value,No Usage,Low Risk,No NPS
CUST-5cb8ce40,SMB,True,2025-08-04 21:10:28,Australia,Outbound Sales,Premium,Active,499.0,4990.0,225.11111111111111,Declining,,3.0,0.0,0.2,Medium,0.0,High Support Burden,No action required,Watch,Enterprise Value,No Usage,Low Risk,No NPS
CUST-6d645492,Startup,True,2025-12-21 01:41:40,Australia,Direct,Pro,Active,199.0,995.0,324.4,Declining,,0.0,0.0,0.0,Low,0.0,None,No action required,Healthy,Mid Value,No Usage,Low Risk,No NPS
CUST-a6db66d7,SMB,True,2025-09-26 09:26:30,Australia,Organic Search,Basic,Active,49.0,343.0,316.25,Declining,,1.0,1.0,0.4,High,49.0,Failed Payments,Automated Payment Recovery — Failed Transaction,At Risk,Mid Value,No Usage,Low Risk,No NPS
CUST-19902bad,SMB,True,2024-06-02 18:45:00,Germany,Paid Social,Enterprise,Active,1999.0,39980.0,72.56521739130434,Declining,10.0,1.0,3.0,0.4,High,1999.0,Failed Payments,Automated Payment Recovery — Failed Transaction,At Risk,Enterprise Value,No Usage,Low Risk,Promoter
CUST-9b4cb88e,Startup,False,2026-01-02 01:03:35,Australia,Organic Search,Pro,Canceled,0.0,796.0,230.5,Declining,,1.0,0.0,0.0,Low,0.0,None,No action required,Healthy,Mid Value,No Usage,Low Risk,No NPS
CUST-a46622c9,Enterprise,False,2025-12-29 07:58:05,Canada,Direct,Pro,Canceled,0.0,398.0,120.0,Declining,,1.0,0.0,0.0,Low,0.0,None,No action required,Healthy,Mid Value,No Usage,Low Risk,No NPS
CUST-55b91b2f,SMB,False,2024-09-22 15:21:16,Germany,Outbound Sales,Basic,Canceled,0.0,196.0,93.7,Declining,,2.0,0.0,0.0,Low,0.0,None,No action required,Healthy,Mid Value,No Usage,Low Risk,No NPS
CUST-ebb6a7dc,Startup,True,2025-07-09 00:37:54,USA,Direct,Basic,Active,49.0,441.0,482.0,Declining,,2.0,0.0,0.0,Low,0.0,None,No action required,Healthy,Mid Value,No Usage,Low Risk,No NPS
CUST-3c8fdd24,SMB,True,2026-02-06 14:00:51,Australia,Paid Social,Premium,Active,499.0,1996.0,197.33333333333334,Declining,9.0,2.0,0.0,0.0,Low,0.0,None,No action required,Healthy,Enterprise Value,No Usage,Low Risk,Promoter
CUST-4624c0d3,SMB,True,2025-11-20 13:56:12,Australia,Referral,Pro,Active,199.0,1194.0,465.1666666666667,Declining,9.0,0.0,0.0,0.0,Low,0.0,None,No action required,Healthy,Enterprise Value,No Usage,Low Risk,Promoter
CUST-7abbcaa6,SMB,True,2024-10-03 16:00:59,USA,Organic Search,Basic,Active,49.0,980.0,81.05263157894737,Declining,,2.0,0.0,0.0,Low,0.0,None,No action required,Healthy,Mid Value,No Usage,Low Risk,No NPS
CUST-f9a3545a,SMB,True,2025-04-19 23:12:58,Australia,Outbound Sales,Basic,Active,49.0,637.0,272.15384615384613,Declining,,0.0,0.0,0.0,Low,0.0,None,No action required,Healthy,Mid Value,No Usage,Low Risk,No NPS
CUST-2cfacd80,SMB,True,2025-06-05 06:56:42,USA,Referral,Pro,Active,199.0,2189.0,187.27272727272728,Declining,8.0,5.0,0.0,0.2,Medium,0.0,High Support Burden,No action required,Watch,Enterprise Value,No Usage,Low Risk,Passive
CUST-7ee90e19,Mid-Market,False,2024-06-04 11:48:59,Germany,Direct,Pro,Canceled,0.0,2786.0,399.4347826086956,No Data,4.0,4.0,5.0,0.0,Low,0.0,None,Automated Payment Recovery — Failed Transaction,Healthy,Enterprise Value,No Usage,Low Risk,Detractor
CUST-cc70e8c7,Mid-Market,True,2026-02-10 00:07:44,Canada,Outbound Sales,Basic,Active,49.0,147.0,280.75,Increasing,,1.0,0.0,0.0,Low,0.0,None,No action required,Healthy,Mid Value,No Usage,Low Risk,No NPS
CUST-dd64961f,Mid-Market,False,2025-05-14 12:03:53,USA,Referral,Premium,Canceled,0.0,2495.0,330.1666666666667,Declining,,4.0,2.0,0.0,Low,0.0,None,Automated Payment Recovery — Failed Transaction,Healthy,Enterprise Value,No Usage,Low Risk,No NPS
CUST-a79fd18c,Startup,True,2025-09-15 09:49:58,UK,Outbound Sales,Basic,Active,49.0,294.0,90.125,Declining,,1.0,1.0,0.4,High,49.0,Failed Payments,Automated Payment Recovery — Failed Transaction,At Risk,Mid Value,No Usage,Low Risk,No NPS
CUST-21fdb4a7,Startup,True,2024-12-12 16:23:28,USA,Paid Social,Basic,Active,49.0,784.0,271.0,Declining,6.0,1.0,0.0,0.2,Medium,0.0,Low NPS,No action required,Watch,Mid Value,No Usage,Low Risk,Detractor
CUST-d2ab12e3,Mid-Market,True,2026-03-19 06:23:04,Australia,Paid Social,Pro,Active,199.0,398.0,343.0,Declining,,2.0,0.0,0.0,Low,0.0,None,No action required,Healthy,Mid Value,No Usage,Low Risk,No NPS
CUST-b5824937,Mid-Market,True,2025-06-22 01:40:53,Germany,Organic Search,Basic,Active,49.0,539.0,47.45454545454545,Declining,,4.0,0.0,0.2,Medium,0.0,High Support Burden,No action required,Watch,Mid Value,No Usage,Low Risk,No NPS
CUST-72cb9940,Startup,False,2026-02-25 09:15:18,Germany,Organic Search,Premium,Canceled,0.0,1497.0,140.66666666666666,Declining,,0.0,0.0,0.0,Low,0.0,None,No action required,Healthy,Enterprise Value,No Usage,Low Risk,No NPS
CUST-8050cd77,Mid-Market,True,2024-07-17 10:02:30,USA,Paid Social,Premium,Past Due,499.0,10978.0,340.8636363636364,Declining,,2.0,0.0,0.0,Low,0.0,None,Past-Due Account Escalation,Healthy,Enterprise Value,No Usage,Low Risk,No NPS
CUST-ebd217ce,SMB,True,2025-11-28 12:35:36,Canada,Outbound Sales,Premium,Active,499.0,2994.0,354.0,Declining,,3.0,0.0,0.2,Medium,0.0,High Support Burden,No action required,Watch,Enterprise Value,No Usage,Low Risk,No NPS
CUST-890f1a3a,Startup,False,2024-09-12 04:31:08,UK,Paid Social,Basic,Canceled,0.0,539.0,246.15,No Data,,2.0,0.0,0.0,Low,0.0,None,No action required,Healthy,Mid Value,No Usage,Low Risk,No NPS
CUST-1aaae25a,SMB,True,2025-08-19 13:08:29,Germany,Organic Search,Basic,Active,49.0,392.0,188.44444444444446,Declining,,1.0,1.0,0.4,High,49.0,Failed Payments,Automated Payment Recovery — Failed Transaction,At Risk,Mid Value,No Usage,Low Risk,No NPS
CUST-f79c6f08,Startup,False,2025-03-11 16:45:01,Australia,Paid Social,Basic,Canceled,0.0,686.0,234.64285714285714,Declining,,0.0,0.0,0.0,Low,0.0,None,No action required,Healthy,Mid Value,No Usage,Low Risk,No NPS
CUST-a5c0ab76,Startup,True,2025-08-08 10:48:58,Australia,Paid Social,Pro,Past Due,199.0,1990.0,72.44444444444444,Declining,,2.0,0.0,0.0,Low,0.0,None,Past-Due Account Escalation,Healthy,Enterprise Value,No Usage,Low Risk,No NPS
CUST-72e13ca0,SMB,True,2025-10-13 14:58:47,Canada,Outbound Sales,Premium,Active,499.0,2994.0,320.14285714285717,Declining,9.0,2.0,1.0,0.4,High,499.0,Failed Payments,Automated Payment Recovery — Failed Transaction,At Risk,Enterprise Value,No Usage,Low Risk,Promoter
CUST-dccac442,Enterprise,True,2024-09-20 12:30:38,Germany,Referral,Premium,Active,499.0,7984.0,140.45,Declining,0.0,0.0,4.0,0.6000000000000001,High,499.0,Low NPS,Automated Payment Recovery — Failed Transaction,At Risk,Enterprise Value,No Usage,Low Risk,Detractor
CUST-69054e9c,SMB,True,2026-04-13 17:33:04,USA,Organic Search,Premium,Active,499.0,499.0,52.0,Declining,,0.0,0.0,0.0,Low,0.0,None,No action required,Healthy,Mid Value,No Usage,Low Risk,No NPS
CUST-b3cfb5c8,Startup,True,2025-07-29 15:12:34,Australia,Outbound Sales,Enterprise,Active,1999.0,17991.0,430.7,Declining,,2.0,0.0,0.0,Low,0.0,None,No action required,Healthy,Enterprise Value,No Usage,Low Risk,No NPS
CUST-c9d81e17,Startup,True,2025-02-09 06:42:41,Canada,Paid Social,Premium,Active,499.0,6986.0,55.86666666666667,Declining,,0.0,1.0,0.4,High,499.0,Failed Payments,Automated Payment Recovery — Failed Transaction,At Risk,Enterprise Value,No Usage,Low Risk,No NPS
CUST-2218c1aa,Startup,False,2026-02-08 20:37:11,Germany,Paid Social,Basic,Canceled,0.0,98.0,67.0,Declining,,1.0,0.0,0.0,Low,0.0,None,No action required,Healthy,Low Value,No Usage,Low Risk,No NPS
CUST-af7b790f,Mid-Market,False,2025-11-05 06:52:23,Germany,Referral,Basic,Canceled,0.0,98.0,267.0,Declining,,1.0,0.0,0.0,Low,0.0,None,No action required,Healthy,Low Value,No Usage,Low Risk,No NPS
CUST-c2ae48b4,Startup,True,2024-11-17 17:40:13,Germany,Organic Search,Pro,Past Due,199.0,2985.0,326.22222222222223,Declining,,0.0,1.0,0.4,High,0.0,Failed Payments,Automated Payment Recovery — Failed Transaction,At Risk,Enterprise Value,No Usage,Low Risk,No NPS
CUST-635e12b2,Startup,True,2024-09-10 21:06:43,Germany,Organic Search,Basic,Active,49.0,980.0,498.1,Declining,8.0,4.0,0.0,0.2,Medium,0.0,High Support Burden,No action required,Watch,Mid Value,No Usage,Low Risk,Passive
CUST-610e42d3,Startup,True,2026-02-13 13:27:11,Germany,Direct,Basic,Active,49.0,98.0,312.0,Declining,,1.0,0.0,0.0,Low,0.0,None,No action required,Healthy,Low Value,No Usage,Low Risk,No NPS
CUST-073975b8,Startup,True,2025-10-24 18:55:47,Australia,Organic Search,Pro,Active,199.0,1194.0,254.14285714285714,Declining,,3.0,1.0,0.6000000000000001,High,199.0,Failed Payments,Automated Payment Recovery — Failed Transaction,At Risk,Enterprise Value,No Usage,Low Risk,No NPS
CUST-44e61b12,Startup,True,2025-05-17 14:17:48,Canada,Referral,Premium,Active,499.0,5489.0,144.66666666666666,Declining,,0.0,1.0,0.4,High,499.0,Failed Payments,Automated Payment Recovery — Failed Transaction,At Risk,Enterprise Value,No Usage,Low Risk,No NPS
CUST-efb4b43d,Startup,True,2025-12-13 10:17:03,Germany,Direct,Basic,Active,49.0,245.0,79.8,Declining,,0.0,0.0,0.0,Low,0.0,None,No action required,Healthy,Mid Value,No Usage,Low Risk,No NPS
CUST-ee72e3cc,SMB,True,2026-03-06 15:06:57,UK,Direct,Premium,Active,499.0,1497.0,211.5,Declining,,1.0,0.0,0.0,Low,0.0,None,No action required,Healthy,Enterprise Value,No Usage,Low Risk,No NPS
CUST-90a27133,SMB,True,2024-06-07 21:41:07,UK,Paid Social,Premium,Active,499.0,11477.0,378.0869565217391,Declining,,2.0,1.0,0.4,High,499.0,Failed Payments,Automated Payment Recovery — Failed Transaction,At Risk,Enterprise Value,No Usage,Low Risk,No NPS
CUST-1f55794e,Mid-Market,False,2025-03-13 09:22:03,Canada,Paid Social,Pro,Canceled,0.0,796.0,39.07142857142857,Declining,,0.0,0.0,0.0,Low,0.0,None,No action required,Healthy,Mid Value,No Usage,Low Risk,No NPS
CUST-601d86d4,Startup,True,2025-10-15 15:10:41,USA,Organic Search,Basic,Active,49.0,245.0,298.7142857142857,Declining,7.0,0.0,1.0,0.4,High,49.0,Failed Payments,Automated Payment Recovery — Failed Transaction,At Risk,Mid Value,No Usage,Low Risk,Passive
CUST-c37a7a5d,SMB,True,2026-02-26 14:24:31,USA,Direct,Basic,Active,49.0,98.0,403.0,Declining,,0.0,1.0,0.4,High,49.0,Failed Payments,Automated Payment Recovery — Failed Transaction,At Risk,Low Value,No Usage,Low Risk,No NPS
CUST-8b538339,Startup,True,2025-08-28 08:31:13,USA,Paid Social,Premium,Active,499.0,3992.0,287.55555555555554,Declining,,1.0,0.0,0.0,Low,0.0,None,No action required,Healthy,Enterprise Value,No Usage,Low Risk,No NPS
CUST-9433d555,Startup,True,2025-10-19 04:17:23,UK,Referral,Premium,Active,499.0,2994.0,87.42857142857143,Declining,,1.0,0.0,0.0,Low,0.0,None,No action required,Healthy,Enterprise Value,No Usage,Low Risk,No NPS
CUST-4390bd47,Startup,True,2025-02-06 23:29:13,USA,Paid Social,Premium,Active,499.0,7485.0,45.13333333333333,Declining,9.0,5.0,0.0,0.2,Medium,0.0,High Support Burden,No action required,Watch,Enterprise Value,No Usage,Low Risk,Promoter
CUST-2f73616f,Mid-Market,True,2024-05-23 13:57:07,Australia,Paid Social,Pro,Active,199.0,3980.0,263.75,Declining,,4.0,2.0,0.6000000000000001,High,199.0,Failed Payments,Automated Payment Recovery — Failed Transaction,At Risk,Enterprise Value,No Usage,Low Risk,No NPS
CUST-2cad726b,SMB,False,2024-06-25 05:58:20,Germany,Direct,Basic,Canceled,0.0,343.0,408.2608695652174,Declining,1.0,5.0,1.0,0.0,Low,0.0,None,Automated Payment Recovery — Failed Transaction,Healthy,Mid Value,No Usage,Low Risk,Detractor
CUST-c573ccdc,Mid-Market,True,2025-02-12 15:07:44,UK,Direct,Basic,Active,49.0,637.0,70.2,Declining,,3.0,2.0,0.6000000000000001,High,49.0,Failed Payments,Automated Payment Recovery — Failed Transaction,At Risk,Mid Value,No Usage,Low Risk,No NPS
CUST-652fbe66,Startup,True,2025-09-14 15:15:07,Canada,Outbound Sales,Premium,Active,499.0,3992.0,420.375,Declining,,4.0,0.0,0.2,Medium,0.0,High Support Burden,No action required,Watch,Enterprise Value,No Usage,Low Risk,No NPS
CUST-3fb7af03,Startup,False,2024-08-07 06:44:39,Canada,Referral,Basic,Canceled,0.0,441.0,341.57142857142856,Declining,0.0,5.0,1.0,0.0,Low,0.0,None,Automated Payment Recovery — Failed Transaction,Healthy,Mid Value,No Usage,Low Risk,Detractor
CUST-bdc82266,Startup,False,2024-05-13 18:49:22,Germany,Direct,Basic,Canceled,0.0,1127.0,104.0,Declining,0.0,3.0,0.0,0.0,Low,0.0,None,No action required,Healthy,Enterprise Value,No Usage,Low Risk,Detractor
CUST-9cb7af6e,SMB,True,2025-10-20 00:32:13,UK,Organic Search,Pro,Past Due,199.0,995.0,79.0,Increasing,,0.0,2.0,0.4,High,0.0,Failed Payments,Automated Payment Recovery — Failed Transaction,At Risk,Mid Value,No Usage,Low Risk,No NPS
CUST-0833a4a3,Startup,True,2024-06-30 00:20:38,USA,Referral,Basic,Active,49.0,1127.0,314.875,Increasing,,2.0,0.0,0.0,Low,0.0,None,No action required,Healthy,Enterprise Value,No Usage,Low Risk,No NPS
CUST-3aa84233,Startup,True,2025-01-03 22:33:12,USA,Referral,Basic,Active,49.0,784.0,247.0,Declining,,2.0,1.0,0.4,High,49.0,Failed Payments,Automated Payment Recovery — Failed Transaction,At Risk,Mid Value,No Usage,Low Risk,No NPS
CUST-1344cd0f,SMB,True,2026-04-10 20:30:24,Australia,Direct,Pro,Active,199.0,199.0,30.0,Declining,,0.0,0.0,0.0,Low,0.0,None,No action required,Healthy,Mid Value,No Usage,Low Risk,No NPS
CUST-9747c6eb,Startup,True,2026-01-26 23:46:00,Australia,Referral,Basic,Active,49.0,147.0,69.0,Declining,,0.0,0.0,0.0,Low,0.0,None,No action required,Healthy,Mid Value,No Usage,Low Risk,No NPS
CUST-15ef6802,SMB,True,2025-01-09 10:12:28,USA,Direct,Basic,Active,49.0,686.0,254.0625,Declining,5.0,4.0,1.0,0.8,Critical,49.0,Low NPS,Automated Payment Recovery — Failed Transaction,Critical,Mid Value,No Usage,Low Risk,Detractor
CUST-1aa9bb8a,SMB,True,2024-07-11 09:37:47,Canada,Paid Social,Premium,Active,499.0,9980.0,65.5,Declining,,4.0,1.0,0.6000000000000001,High,499.0,Failed Payments,Automated Payment Recovery — Failed Transaction,At Risk,Enterprise Value,No Usage,Low Risk,No NPS
CUST-fefa1684,Startup,True,2025-07-31 00:03:48,Canada,Outbound Sales,Premium,Active,499.0,3493.0,365.27272727272725,Stable,9.0,3.0,2.0,0.6000000000000001,High,499.0,Failed Payments,Automated Payment Recovery — Failed Transaction,At Risk,Enterprise Value,No Usage,Low Risk,Promoter
CUST-4bf17841,SMB,True,2026-02-06 02:37:39,Australia,Paid Social,Basic,Active,49.0,147.0,250.33333333333334,Declining,,0.0,1.0,0.4,High,49.0,Failed Payments,Automated Payment Recovery — Failed Transaction,At Risk,Mid Value,No Usage,Low Risk,No NPS
CUST-a4513cb6,Startup,True,2025-01-28 02:42:15,Germany,Direct,Premium,Active,499.0,7984.0,44.6875,Declining,,0.0,0.0,0.0,Low,0.0,None,No action required,Healthy,Enterprise Value,No Usage,Low Risk,No NPS
CUST-7c97effe,Startup,True,2025-03-20 12:40:20,USA,Direct,Basic,Active,49.0,686.0,315.85714285714283,Declining,,3.0,0.0,0.2,Medium,0.0,High Support Burden,No action required,Watch,Mid Value,No Usage,Low Risk,No NPS
CUST-ae665b75,SMB,True,2025-06-18 21:50:28,Australia,Paid Social,Pro,Active,199.0,1791.0,364.3636363636364,Declining,,0.0,2.0,0.4,High,199.0,Failed Payments,Automated Payment Recovery — Failed Transaction,At Risk,Enterprise Value,No Usage,Low Risk,No NPS
CUST-c3bbc32c,SMB,True,2024-12-26 12:42:45,Australia,Organic Search,Premium,Active,499.0,8483.0,69.0,Declining,,1.0,0.0,0.0,Low,0.0,None,No action required,Healthy,Enterprise Value,No Usage,Low Risk,No NPS
CUST-62399421,SMB,True,2026-03-20 01:47:38,USA,Organic Search,Premium,Active,499.0,998.0,122.0,Declining,,0.0,0.0,0.0,Low,0.0,None,No action required,Healthy,Mid Value,No Usage,Low Risk,No NPS
CUST-e3b9afa6,SMB,True,2025-09-18 23:30:28,USA,Organic Search,Premium,Active,499.0,2495.0,31.625,Declining,,2.0,3.0,0.4,High,499.0,Failed Payments,Automated Payment Recovery — Failed Transaction,At Risk,Enterprise Value,No Usage,Low Risk,No NPS
CUST-95fda2ae,SMB,True,2024-10-05 17:42:53,Canada,Direct,Basic,Active,49.0,882.0,339.0,Declining,,3.0,1.0,0.6000000000000001,High,49.0,Failed Payments,Automated Payment Recovery — Failed Transaction,At Risk,Mid Value,No Usage,Low Risk,No NPS
CUST-e4326b68,SMB,True,2026-01-09 10:58:49,Germany,Referral,Basic,Active,49.0,196.0,260.75,Declining,,2.0,0.0,0.0,Low,0.0,None,No action required,Healthy,Mid Value,No Usage,Low Risk,No NPS
CUST-dddee22a,Enterprise,True,2025-10-06 11:14:18,Germany,Direct,Premium,Active,499.0,3493.0,97.71428571428571,Declining,10.0,1.0,0.0,0.0,Low,0.0,None,No action required,Healthy,Enterprise Value,No Usage,Low Risk,Promoter
CUST-e5dd0c61,SMB,False,2025-04-19 11:33:43,USA,Referral,Basic,Canceled,0.0,245.0,222.84615384615384,Declining,0.0,4.0,0.0,0.0,Low,0.0,None,No action required,Healthy,Mid Value,No Usage,Low Risk,Detractor
CUST-946eff85,Mid-Market,False,2024-10-06 00:37:48,UK,Paid Social,Basic,Canceled,0.0,98.0,174.73684210526315,Declining,,3.0,0.0,0.0,Low,0.0,None,No action required,Healthy,Low Value,No Usage,Low Risk,No NPS
CUST-296b1437,Startup,True,2024-11-24 20:44:54,Australia,Outbound Sales,Premium,Active,499.0,7485.0,408.05555555555554,Declining,,5.0,3.0,0.6000000000000001,High,499.0,Failed Payments,Automated Payment Recovery — Failed Transaction,At Risk,Enterprise Value,No Usage,Low Risk,No NPS
CUST-5d759af2,Startup,True,2026-02-09 14:35:28,Australia,Referral,Premium,Active,499.0,1497.0,293.0,Declining,,1.0,0.0,0.0,Low,0.0,None,No action required,Healthy,Enterprise Value,No Usage,Low Risk,No NPS
CUST-6c2e1521,SMB,True,2025-12-25 04:51:37,USA,Organic Search,Premium,Active,499.0,2495.0,437.2,Declining,,3.0,0.0,0.2,Medium,0.0,High Support Burden,No action required,Watch,Enterprise Value,No Usage,Low Risk,No NPS
CUST-98a19a71,SMB,True,2024-12-23 20:33:37,UK,Direct,Basic,Active,49.0,735.0,210.52941176470588,Declining,,5.0,2.0,0.6000000000000001,High,49.0,Failed Payments,Automated Payment Recovery — Failed Transaction,At Risk,Mid Value,No Usage,Low Risk,No NPS
CUST-f3870c47,Startup,True,2025-10-29 13:19:11,Canada,Paid Social,Premium,Active,499.0,2994.0,475.0,Declining,7.0,3.0,1.0,0.6000000000000001,High,499.0,Failed Payments,Automated Payment Recovery — Failed Transaction,At Risk,Enterprise Value,No Usage,Low Risk,Passive
CUST-f1b7abde,Startup,False,2024-07-29 14:50:29,USA,Organic Search,Basic,Canceled,0.0,147.0,197.5909090909091,Declining,,0.0,0.0,0.0,Low,0.0,None,No action required,Healthy,Mid Value,No Usage,Low Risk,No NPS
CUST-7eaa8dfc,Startup,True,2025-04-05 12:46:01,USA,Paid Social,Basic,Active,49.0,637.0,282.3076923076923,Declining,10.0,2.0,0.0,0.0,Low,0.0,None,No action required,Healthy,Mid Value,No Usage,Low Risk,Promoter
CUST-83f5d0f2,Startup,True,2024-12-28 07:17:38,Australia,Outbound Sales,Pro,Active,199.0,3184.0,378.4117647058824,Declining,10.0,4.0,1.0,0.6000000000000001,High,199.0,Failed Payments,Automated Payment Recovery — Failed Transaction,At Risk,Enterprise Value,No Usage,Low Risk,Promoter
CUST-6838a723,Mid-Market,False,2026-04-02 09:53:08,USA,Direct,Basic,Canceled,0.0,98.0,0.0,No Data,,0.0,0.0,0.0,Low,0.0,None,No action required,Healthy,Low Value,No Usage,Low Risk,No NPS
CUST-e07275c7,Mid-Market,False,2025-07-08 18:02:04,USA,Direct,Basic,Canceled,0.0,196.0,218.8,Declining,7.0,0.0,0.0,0.0,Low,0.0,None,No action required,Healthy,Mid Value,No Usage,Low Risk,Passive
CUST-0173ea4c,SMB,False,2025-10-24 00:17:18,USA,Outbound Sales,Pro,Canceled,0.0,1393.0,300.625,Declining,,0.0,0.0,0.0,Low,0.0,None,No action required,Healthy,Enterprise Value,No Usage,Low Risk,No NPS
CUST-b713d503,SMB,True,2025-01-11 19:57:03,Australia,Direct,Basic,Active,49.0,784.0,416.375,Declining,9.0,1.0,0.0,0.0,Low,0.0,None,No action required,Healthy,Mid Value,No Usage,Low Risk,Promoter
CUST-5de962ce,SMB,True,2024-07-19 18:28:08,Canada,Referral,Basic,Active,49.0,1029.0,167.27272727272728,Declining,,2.0,1.0,0.4,High,49.0,Failed Payments,Automated Payment Recovery — Failed Transaction,At Risk,Enterprise Value,No Usage,Low Risk,No NPS
CUST-87309b6d,SMB,True,2025-12-24 10:03:57,Canada,Paid Social,Basic,Active,49.0,245.0,205.0,Declining,,0.0,0.0,0.0,Low,0.0,None,No action required,Healthy,Mid Value,No Usage,Low Risk,No NPS
CUST-458003a2,SMB,True,2026-03-18 23:29:28,USA,Organic Search,Pro,Active,199.0,398.0,395.0,Declining,,1.0,0.0,0.0,Low,0.0,None,No action required,Healthy,Mid Value,No Usage,Low Risk,No NPS
CUST-0bcff3c7,Startup,True,2025-12-06 15:54:17,Australia,Outbound Sales,Pro,Active,199.0,1194.0,57.4,Declining,,1.0,0.0,0.0,Low,0.0,None,No action required,Healthy,Enterprise Value,No Usage,Low Risk,No NPS
CUST-aebcd965,Startup,True,2024-09-29 05:47:35,Canada,Referral,Premium,Active,499.0,8982.0,396.65,Declining,,1.0,1.0,0.4,High,499.0,Failed Payments,Automated Payment Recovery — Failed Transaction,At Risk,Enterprise Value,No Usage,Low Risk,No NPS
CUST-ffb4b926,SMB,False,2024-06-22 07:32:22,Canada,Organic Search,Premium,Canceled,0.0,2994.0,441.5652173913044,Declining,,2.0,0.0,0.0,Low,0.0,None,No action required,Healthy,Enterprise Value,No Usage,Low Risk,No NPS
CUST-ea428796,Startup,True,2025-09-06 18:47:36,Canada,Organic Search,Pro,Active,199.0,1592.0,419.75,Declining,10.0,3.0,0.0,0.2,Medium,0.0,High Support Burden,No action required,Watch,Enterprise Value,No Usage,Low Risk,Promoter
CUST-11765a63,SMB,True,2024-08-02 11:16:50,Australia,Outbound Sales,Premium,Active,499.0,9481.0,133.38095238095238,Declining,,2.0,3.0,0.4,High,499.0,Failed Payments,Automated Payment Recovery — Failed Transaction,At Risk,Enterprise Value,No Usage,Low Risk,No NPS
CUST-b3df5ca0,Startup,True,2024-05-26 22:49:16,Australia,Referral,Basic,Active,49.0,1029.0,340.7083333333333,Declining,8.0,4.0,2.0,0.6000000000000001,High,49.0,Failed Payments,Automated Payment Recovery — Failed Transaction,At Risk,Enterprise Value,No Usage,Low Risk,Passive
CUST-3891d61b,Mid-Market,True,2025-02-24 20:40:54,USA,Organic Search,Basic,Active,49.0,637.0,94.0,Declining,,5.0,2.0,0.6000000000000001,High,49.0,Failed Payments,Automated Payment Recovery — Failed Transaction,At Risk,Mid Value,No Usage,Low Risk,No NPS
CUST-84f8c579,Startup,True,2024-09-02 13:30:24,Germany,Organic Search,Premium,Active,499.0,9980.0,379.65,Declining,,5.0,1.0,0.6000000000000001,High,499.0,Failed Payments,Automated Payment Recovery — Failed Transaction,At Risk,Enterprise Value,No Usage,Low Risk,No NPS
CUST-3bfdf691,Startup,True,2024-07-04 21:47:25,Canada,Referral,Basic,Active,49.0,1078.0,454.0,Declining,9.0,0.0,1.0,0.4,High,49.0,Failed Payments,Automated Payment Recovery — Failed Transaction,At Risk,Enterprise Value,No Usage,Low Risk,Promoter
CUST-f10abf18,SMB,True,2024-06-28 16:26:58,Germany,Direct,Enterprise,Active,1999.0,43978.0,232.82608695652175,Declining,10.0,3.0,1.0,0.6000000000000001,High,1999.0,Failed Payments,Automated Payment Recovery — Failed Transaction,At Risk,Enterprise Value,No Usage,Low Risk,Promoter
CUST-67210fc0,Mid-Market,False,2026-04-03 16:00:50,Australia,Organic Search,Pro,Canceled,0.0,199.0,4.0,Declining,,0.0,0.0,0.0,Low,0.0,None,No action required,Healthy,Mid Value,No Usage,Low Risk,No NPS
CUST-1b7f7730,SMB,True,2025-03-31 04:36:24,Australia,Paid Social,Premium,Active,499.0,6487.0,218.21428571428572,Declining,,3.0,1.0,0.6000000000000001,High,499.0,Failed Payments,Automated Payment Recovery — Failed Transaction,At Risk,Enterprise Value,No Usage,Low Risk,No NPS
CUST-3a3277d8,Mid-Market,False,2025-09-27 06:06:28,Australia,Referral,Pro,Canceled,0.0,796.0,18.875,No Data,,2.0,0.0,0.0,Low,0.0,None,No action required,Healthy,Mid Value,No Usage,Low Risk,No NPS
CUST-52b5a324,Mid-Market,True,2024-06-27 07:46:00,Germany,Organic Search,Pro,Active,199.0,4378.0,67.73913043478261,Declining,,1.0,1.0,0.4,High,199.0,Failed Payments,Automated Payment Recovery — Failed Transaction,At Risk,Enterprise Value,No Usage,Low Risk,No NPS
CUST-a855ab31,Startup,True,2025-02-09 00:06:24,Australia,Outbound Sales,Basic,Active,49.0,686.0,199.125,Increasing,8.0,0.0,1.0,0.4,High,49.0,Failed Payments,Automated Payment Recovery — Failed Transaction,At Risk,Mid Value,No Usage,Low Risk,Passive
CUST-9ebf49a9,SMB,True,2025-07-08 00:25:30,USA,Paid Social,Premium,Active,499.0,5489.0,221.54545454545453,Stable,,1.0,0.0,0.0,Low,0.0,None,No action required,Healthy,Enterprise Value,No Usage,Low Risk,No NPS
