intervention_id,recommendation_title,category,target_segment,affected_customers,estimated_revenue_impact,expected_action,suggested_owner,confidence_level,effort_level,priority_score,priority_band
IV-1FDA08FF,Automated Payment Recovery — Failed Transaction,billing_recovery,SMB,1,5997.0,"Trigger dunning sequence: retry payment after 3 days, send payment update email after 5 days, escalate to CSM after 10 days.",Billing Automation,High,Low,5097.45,Critical
IV-9296293D,Automated Payment Recovery — Failed Transaction,billing_recovery,Startup,1,3998.0,"Trigger dunning sequence: retry payment after 3 days, send payment update email after 5 days, escalate to CSM after 10 days.",Billing Automation,High,Low,3398.3,High
IV-1FDE6D6C,Automated Payment Recovery — Failed Transaction,billing_recovery,Mid-Market,1,3998.0,"Trigger dunning sequence: retry payment after 3 days, send payment update email after 5 days, escalate to CSM after 10 days.",Billing Automation,High,Low,3398.3,High
IV-697E1E41,Automated Payment Recovery — Failed Transaction,billing_recovery,SMB,1,3998.0,"Trigger dunning sequence: retry payment after 3 days, send payment update email after 5 days, escalate to CSM after 10 days.",Billing Automation,High,Low,3398.3,High
IV-1C4653F9,Automated Payment Recovery — Failed Transaction,billing_recovery,Startup,1,3998.0,"Trigger dunning sequence: retry payment after 3 days, send payment update email after 5 days, escalate to CSM after 10 days.",Billing Automation,High,Low,3398.3,High
IV-CBF8D405,Automated Payment Recovery — Failed Transaction,billing_recovery,Mid-Market,1,3998.0,"Trigger dunning sequence: retry payment after 3 days, send payment update email after 5 days, escalate to CSM after 10 days.",Billing Automation,High,Low,3398.3,High
IV-0D7317EB,Automated Payment Recovery — Failed Transaction,billing_recovery,SMB,1,3998.0,"Trigger dunning sequence: retry payment after 3 days, send payment update email after 5 days, escalate to CSM after 10 days.",Billing Automation,High,Low,3398.3,High
IV-55955B6E,Automated Payment Recovery — Failed Transaction,billing_recovery,Startup,1,3998.0,"Trigger dunning sequence: retry payment after 3 days, send payment update email after 5 days, escalate to CSM after 10 days.",Billing Automation,High,Low,3398.3,High
IV-821CEC5D,Automated Payment Recovery — Failed Transaction,billing_recovery,SMB,1,3998.0,"Trigger dunning sequence: retry payment after 3 days, send payment update email after 5 days, escalate to CSM after 10 days.",Billing Automation,High,Low,3398.3,High
IV-A6DB86D0,Automated Payment Recovery — Failed Transaction,billing_recovery,SMB,1,3998.0,"Trigger dunning sequence: retry payment after 3 days, send payment update email after 5 days, escalate to CSM after 10 days.",Billing Automation,High,Low,3398.3,High
IV-B53B47E9,Automated Payment Recovery — Failed Transaction,billing_recovery,Mid-Market,1,1999.0,"Trigger dunning sequence: retry payment after 3 days, send payment update email after 5 days, escalate to CSM after 10 days.",Billing Automation,High,Low,1699.15,High
IV-202E7476,Automated Payment Recovery — Failed Transaction,billing_recovery,SMB,1,1999.0,"Trigger dunning sequence: retry payment after 3 days, send payment update email after 5 days, escalate to CSM after 10 days.",Billing Automation,High,Low,1699.15,High
IV-015EE015,Automated Payment Recovery — Failed Transaction,billing_recovery,SMB,1,1999.0,"Trigger dunning sequence: retry payment after 3 days, send payment update email after 5 days, escalate to CSM after 10 days.",Billing Automation,High,Low,1699.15,High
IV-CAB7951C,Automated Payment Recovery — Failed Transaction,billing_recovery,Startup,1,1999.0,"Trigger dunning sequence: retry payment after 3 days, send payment update email after 5 days, escalate to CSM after 10 days.",Billing Automation,High,Low,1699.15,High
IV-F6ABB740,Automated Payment Recovery — Failed Transaction,billing_recovery,Enterprise,1,1999.0,"Trigger dunning sequence: retry payment after 3 days, send payment update email after 5 days, escalate to CSM after 10 days.",Billing Automation,High,Low,1699.15,High
IV-C66FB353,Automated Payment Recovery — Failed Transaction,billing_recovery,SMB,1,1999.0,"Trigger dunning sequence: retry payment after 3 days, send payment update email after 5 days, escalate to CSM after 10 days.",Billing Automation,High,Low,1699.15,High
IV-76EFC1E0,Automated Payment Recovery — Failed Transaction,billing_recovery,SMB,1,1999.0,"Trigger dunning sequence: retry payment after 3 days, send payment update email after 5 days, escalate to CSM after 10 days.",Billing Automation,High,Low,1699.15,High
IV-72C06121,Automated Payment Recovery — Failed Transaction,billing_recovery,SMB,1,1999.0,"Trigger dunning sequence: retry payment after 3 days, send payment update email after 5 days, escalate to CSM after 10 days.",Billing Automation,High,Low,1699.15,High
IV-B00AA749,Automated Payment Recovery — Failed Transaction,billing_recovery,SMB,1,1999.0,"Trigger dunning sequence: retry payment after 3 days, send payment update email after 5 days, escalate to CSM after 10 days.",Billing Automation,High,Low,1699.15,High
IV-B4FCDB01,Automated Payment Recovery — Failed Transaction,billing_recovery,Startup,1,1999.0,"Trigger dunning sequence: retry payment after 3 days, send payment update email after 5 days, escalate to CSM after 10 days.",Billing Automation,High,Low,1699.15,High
IV-4ADCE74B,Automated Payment Recovery — Failed Transaction,billing_recovery,Startup,1,1999.0,"Trigger dunning sequence: retry payment after 3 days, send payment update email after 5 days, escalate to CSM after 10 days.",Billing Automation,High,Low,1699.15,High
IV-9D51DE7E,Automated Payment Recovery — Failed Transaction,billing_recovery,SMB,1,1999.0,"Trigger dunning sequence: retry payment after 3 days, send payment update email after 5 days, escalate to CSM after 10 days.",Billing Automation,High,Low,1699.15,High
IV-85686317,Automated Payment Recovery — Failed Transaction,billing_recovery,Startup,1,1999.0,"Trigger dunning sequence: retry payment after 3 days, send payment update email after 5 days, escalate to CSM after 10 days.",Billing Automation,High,Low,1699.15,High
IV-9E20D0D3,Automated Payment Recovery — Failed Transaction,billing_recovery,Startup,1,1999.0,"Trigger dunning sequence: retry payment after 3 days, send payment update email after 5 days, escalate to CSM after 10 days.",Billing Automation,High,Low,1699.15,High
IV-C33B701A,Automated Payment Recovery — Failed Transaction,billing_recovery,SMB,1,1999.0,"Trigger dunning sequence: retry payment after 3 days, send payment update email after 5 days, escalate to CSM after 10 days.",Billing Automation,High,Low,1699.15,High
IV-28F7C86D,Automated Payment Recovery — Failed Transaction,billing_recovery,SMB,1,1999.0,"Trigger dunning sequence: retry payment after 3 days, send payment update email after 5 days, escalate to CSM after 10 days.",Billing Automation,High,Low,1699.15,High
IV-0BFB7B8C,Automated Payment Recovery — Failed Transaction,billing_recovery,Enterprise,1,1999.0,"Trigger dunning sequence: retry payment after 3 days, send payment update email after 5 days, escalate to CSM after 10 days.",Billing Automation,High,Low,1699.15,High
IV-0ED32C70,Automated Payment Recovery — Failed Transaction,billing_recovery,Enterprise,1,1999.0,"Trigger dunning sequence: retry payment after 3 days, send payment update email after 5 days, escalate to CSM after 10 days.",Billing Automation,High,Low,1699.15,High
IV-ACC82379,Automated Payment Recovery — Failed Transaction,billing_recovery,SMB,1,1999.0,"Trigger dunning sequence: retry payment after 3 days, send payment update email after 5 days, escalate to CSM after 10 days.",Billing Automation,High,Low,1699.15,High
IV-55B6A579,Automated Payment Recovery — Failed Transaction,billing_recovery,Startup,1,1999.0,"Trigger dunning sequence: retry payment after 3 days, send payment update email after 5 days, escalate to CSM after 10 days.",Billing Automation,High,Low,1699.15,High
IV-5E08798C,Automated Payment Recovery — Failed Transaction,billing_recovery,SMB,1,1999.0,"Trigger dunning sequence: retry payment after 3 days, send payment update email after 5 days, escalate to CSM after 10 days.",Billing Automation,High,Low,1699.15,High
IV-B88C967A,Automated Payment Recovery — Failed Transaction,billing_recovery,SMB,1,1999.0,"Trigger dunning sequence: retry payment after 3 days, send payment update email after 5 days, escalate to CSM after 10 days.",Billing Automation,High,Low,1699.15,High
IV-15A21D66,Automated Payment Recovery — Failed Transaction,billing_recovery,Enterprise,1,1999.0,"Trigger dunning sequence: retry payment after 3 days, send payment update email after 5 days, escalate to CSM after 10 days.",Billing Automation,High,Low,1699.15,High
IV-2191D703,Automated Payment Recovery — Failed Transaction,billing_recovery,SMB,1,1999.0,"Trigger dunning sequence: retry payment after 3 days, send payment update email after 5 days, escalate to CSM after 10 days.",Billing Automation,High,Low,1699.15,High
IV-FB58F0AF,Automated Payment Recovery — Failed Transaction,billing_recovery,SMB,1,1999.0,"Trigger dunning sequence: retry payment after 3 days, send payment update email after 5 days, escalate to CSM after 10 days.",Billing Automation,High,Low,1699.15,High
IV-4A405737,Automated Payment Recovery — Failed Transaction,billing_recovery,Startup,1,1999.0,"Trigger dunning sequence: retry payment after 3 days, send payment update email after 5 days, escalate to CSM after 10 days.",Billing Automation,High,Low,1699.15,High
IV-D2B1696F,Automated Payment Recovery — Failed Transaction,billing_recovery,SMB,1,1999.0,"Trigger dunning sequence: retry payment after 3 days, send payment update email after 5 days, escalate to CSM after 10 days.",Billing Automation,High,Low,1699.15,High
IV-38E3C0F3,Past-Due Account Escalation,billing_recovery,SMB,1,1999.0,Escalate to finance for account hold review. Send formal payment demand notice and suspend non-critical features until resolved.,Finance Operations,High,Low,1699.15,High
IV-9234F75D,Past-Due Account Escalation,billing_recovery,Startup,1,1999.0,Escalate to finance for account hold review. Send formal payment demand notice and suspend non-critical features until resolved.,Finance Operations,High,Low,1699.15,High
IV-25DACD4B,Past-Due Account Escalation,billing_recovery,SMB,1,1999.0,Escalate to finance for account hold review. Send formal payment demand notice and suspend non-critical features until resolved.,Finance Operations,High,Low,1699.15,High
IV-81267E31,Past-Due Account Escalation,billing_recovery,Startup,1,1999.0,Escalate to finance for account hold review. Send formal payment demand notice and suspend non-critical features until resolved.,Finance Operations,High,Low,1699.15,High
IV-8BAD64DB,Past-Due Account Escalation,billing_recovery,Enterprise,1,1999.0,Escalate to finance for account hold review. Send formal payment demand notice and suspend non-critical features until resolved.,Finance Operations,High,Low,1699.15,High
IV-0A2833E7,Past-Due Account Escalation,billing_recovery,Startup,1,1999.0,Escalate to finance for account hold review. Send formal payment demand notice and suspend non-critical features until resolved.,Finance Operations,High,Low,1699.15,High
IV-A1197A81,Automated Payment Recovery — Failed Transaction,billing_recovery,SMB,1,1996.0,"Trigger dunning sequence: retry payment after 3 days, send payment update email after 5 days, escalate to CSM after 10 days.",Billing Automation,High,Low,1696.6,High
IV-CB807E61,Automated Payment Recovery — Failed Transaction,billing_recovery,Startup,1,1996.0,"Trigger dunning sequence: retry payment after 3 days, send payment update email after 5 days, escalate to CSM after 10 days.",Billing Automation,High,Low,1696.6,High
IV-05EE5612,Automated Payment Recovery — Failed Transaction,billing_recovery,Enterprise,1,1996.0,"Trigger dunning sequence: retry payment after 3 days, send payment update email after 5 days, escalate to CSM after 10 days.",Billing Automation,High,Low,1696.6,High
IV-05BA4DD7,Proactive Billing Intervention — Payment Risk Driver Detected,billing_recovery,SMB,1,1999.0,Contact customer directly to confirm payment details and offer alternative payment methods before the subscription lapses.,Customer Success Manager,Medium,Low,1299.35,High
IV-B15AD876,Proactive Billing Intervention — Payment Risk Driver Detected,billing_recovery,SMB,1,1999.0,Contact customer directly to confirm payment details and offer alternative payment methods before the subscription lapses.,Customer Success Manager,Medium,Low,1299.35,High
IV-09F03427,Proactive Billing Intervention — Payment Risk Driver Detected,billing_recovery,SMB,1,1999.0,Contact customer directly to confirm payment details and offer alternative payment methods before the subscription lapses.,Customer Success Manager,Medium,Low,1299.35,High
IV-87502C85,Proactive Billing Intervention — Payment Risk Driver Detected,billing_recovery,Startup,1,1999.0,Contact customer directly to confirm payment details and offer alternative payment methods before the subscription lapses.,Customer Success Manager,Medium,Low,1299.35,High
IV-05935772,Proactive Billing Intervention — Payment Risk Driver Detected,billing_recovery,SMB,1,1999.0,Contact customer directly to confirm payment details and offer alternative payment methods before the subscription lapses.,Customer Success Manager,Medium,Low,1299.35,High
IV-E5A2F125,Proactive Billing Intervention — Payment Risk Driver Detected,billing_recovery,SMB,1,1999.0,Contact customer directly to confirm payment details and offer alternative payment methods before the subscription lapses.,Customer Success Manager,Medium,Low,1299.35,High
IV-3AB4F7B2,Proactive Billing Intervention — Payment Risk Driver Detected,billing_recovery,SMB,1,1999.0,Contact customer directly to confirm payment details and offer alternative payment methods before the subscription lapses.,Customer Success Manager,Medium,Low,1299.35,High
IV-BD53F8EF,Proactive Billing Intervention — Payment Risk Driver Detected,billing_recovery,SMB,1,1999.0,Contact customer directly to confirm payment details and offer alternative payment methods before the subscription lapses.,Customer Success Manager,Medium,Low,1299.35,High
IV-9FE22326,Proactive Billing Intervention — Payment Risk Driver Detected,billing_recovery,Startup,1,1999.0,Contact customer directly to confirm payment details and offer alternative payment methods before the subscription lapses.,Customer Success Manager,Medium,Low,1299.35,High
IV-C2958B7F,Proactive Billing Intervention — Payment Risk Driver Detected,billing_recovery,Mid-Market,1,1999.0,Contact customer directly to confirm payment details and offer alternative payment methods before the subscription lapses.,Customer Success Manager,Medium,Low,1299.35,High
IV-85156F9D,Proactive Billing Intervention — Payment Risk Driver Detected,billing_recovery,Startup,1,1999.0,Contact customer directly to confirm payment details and offer alternative payment methods before the subscription lapses.,Customer Success Manager,Medium,Low,1299.35,High
IV-031C3C10,Proactive Billing Intervention — Payment Risk Driver Detected,billing_recovery,Mid-Market,1,1999.0,Contact customer directly to confirm payment details and offer alternative payment methods before the subscription lapses.,Customer Success Manager,Medium,Low,1299.35,High
IV-14339259,Proactive Billing Intervention — Payment Risk Driver Detected,billing_recovery,SMB,1,1999.0,Contact customer directly to confirm payment details and offer alternative payment methods before the subscription lapses.,Customer Success Manager,Medium,Low,1299.35,High
IV-813F3193,Proactive Billing Intervention — Payment Risk Driver Detected,billing_recovery,SMB,1,1999.0,Contact customer directly to confirm payment details and offer alternative payment methods before the subscription lapses.,Customer Success Manager,Medium,Low,1299.35,High
IV-3A01D5B0,Proactive Billing Intervention — Payment Risk Driver Detected,billing_recovery,SMB,1,1999.0,Contact customer directly to confirm payment details and offer alternative payment methods before the subscription lapses.,Customer Success Manager,Medium,Low,1299.35,High
IV-54767376,Proactive Billing Intervention — Payment Risk Driver Detected,billing_recovery,Enterprise,1,1999.0,Contact customer directly to confirm payment details and offer alternative payment methods before the subscription lapses.,Customer Success Manager,Medium,Low,1299.35,High
IV-2DA4AFF0,Proactive Billing Intervention — Payment Risk Driver Detected,billing_recovery,Startup,1,1999.0,Contact customer directly to confirm payment details and offer alternative payment methods before the subscription lapses.,Customer Success Manager,Medium,Low,1299.35,High
IV-291C2085,Proactive Billing Intervention — Payment Risk Driver Detected,billing_recovery,SMB,1,1999.0,Contact customer directly to confirm payment details and offer alternative payment methods before the subscription lapses.,Customer Success Manager,Medium,Low,1299.35,High
IV-5DC3B34D,Proactive Billing Intervention — Payment Risk Driver Detected,billing_recovery,Startup,1,1999.0,Contact customer directly to confirm payment details and offer alternative payment methods before the subscription lapses.,Customer Success Manager,Medium,Low,1299.35,High
IV-DC2B0BFB,Proactive Billing Intervention — Payment Risk Driver Detected,billing_recovery,Startup,1,1999.0,Contact customer directly to confirm payment details and offer alternative payment methods before the subscription lapses.,Customer Success Manager,Medium,Low,1299.35,High
IV-EAFAED30,Proactive Billing Intervention — Payment Risk Driver Detected,billing_recovery,SMB,1,1999.0,Contact customer directly to confirm payment details and offer alternative payment methods before the subscription lapses.,Customer Success Manager,Medium,Low,1299.35,High
IV-7AE18CE6,Proactive Billing Intervention — Payment Risk Driver Detected,billing_recovery,SMB,1,1999.0,Contact customer directly to confirm payment details and offer alternative payment methods before the subscription lapses.,Customer Success Manager,Medium,Low,1299.35,High
IV-80BD0D5D,Proactive Billing Intervention — Payment Risk Driver Detected,billing_recovery,SMB,1,1999.0,Contact customer directly to confirm payment details and offer alternative payment methods before the subscription lapses.,Customer Success Manager,Medium,Low,1299.35,High
IV-C3BACC6A,Automated Payment Recovery — Failed Transaction,billing_recovery,SMB,1,1497.0,"Trigger dunning sequence: retry payment after 3 days, send payment update email after 5 days, escalate to CSM after 10 days.",Billing Automation,High,Low,1272.45,High
IV-A60A60FD,Automated Payment Recovery — Failed Transaction,billing_recovery,Startup,1,1497.0,"Trigger dunning sequence: retry payment after 3 days, send payment update email after 5 days, escalate to CSM after 10 days.",Billing Automation,High,Low,1272.45,High
IV-907847E2,Automated Payment Recovery — Failed Transaction,billing_recovery,Startup,1,1497.0,"Trigger dunning sequence: retry payment after 3 days, send payment update email after 5 days, escalate to CSM after 10 days.",Billing Automation,High,Low,1272.45,High
IV-68F40E31,Automated Payment Recovery — Failed Transaction,billing_recovery,SMB,1,1497.0,"Trigger dunning sequence: retry payment after 3 days, send payment update email after 5 days, escalate to CSM after 10 days.",Billing Automation,High,Low,1272.45,High
IV-DFAC038E,Automated Payment Recovery — Failed Transaction,billing_recovery,SMB,1,1497.0,"Trigger dunning sequence: retry payment after 3 days, send payment update email after 5 days, escalate to CSM after 10 days.",Billing Automation,High,Low,1272.45,High
IV-881DEF6C,Automated Payment Recovery — Failed Transaction,billing_recovery,SMB,1,1497.0,"Trigger dunning sequence: retry payment after 3 days, send payment update email after 5 days, escalate to CSM after 10 days.",Billing Automation,High,Low,1272.45,High
IV-EA72506B,Automated Payment Recovery — Failed Transaction,billing_recovery,SMB,1,1497.0,"Trigger dunning sequence: retry payment after 3 days, send payment update email after 5 days, escalate to CSM after 10 days.",Billing Automation,High,Low,1272.45,High
IV-1DD5CAC2,Automated Payment Recovery — Failed Transaction,billing_recovery,Mid-Market,1,998.0,"Trigger dunning sequence: retry payment after 3 days, send payment update email after 5 days, escalate to CSM after 10 days.",Billing Automation,High,Low,848.3,Medium
IV-99B1EC3C,Automated Payment Recovery — Failed Transaction,billing_recovery,Mid-Market,1,998.0,"Trigger dunning sequence: retry payment after 3 days, send payment update email after 5 days, escalate to CSM after 10 days.",Billing Automation,High,Low,848.3,Medium
IV-2E1360B6,Automated Payment Recovery — Failed Transaction,billing_recovery,SMB,1,998.0,"Trigger dunning sequence: retry payment after 3 days, send payment update email after 5 days, escalate to CSM after 10 days.",Billing Automation,High,Low,848.3,Medium
IV-3522B3D7,Automated Payment Recovery — Failed Transaction,billing_recovery,SMB,1,998.0,"Trigger dunning sequence: retry payment after 3 days, send payment update email after 5 days, escalate to CSM after 10 days.",Billing Automation,High,Low,848.3,Medium
IV-743A1329,Automated Payment Recovery — Failed Transaction,billing_recovery,Startup,1,998.0,"Trigger dunning sequence: retry payment after 3 days, send payment update email after 5 days, escalate to CSM after 10 days.",Billing Automation,High,Low,848.3,Medium
IV-C8366F2B,Automated Payment Recovery — Failed Transaction,billing_recovery,SMB,1,998.0,"Trigger dunning sequence: retry payment after 3 days, send payment update email after 5 days, escalate to CSM after 10 days.",Billing Automation,High,Low,848.3,Medium
IV-3FCA98A2,Automated Payment Recovery — Failed Transaction,billing_recovery,Startup,1,998.0,"Trigger dunning sequence: retry payment after 3 days, send payment update email after 5 days, escalate to CSM after 10 days.",Billing Automation,High,Low,848.3,Medium
IV-6B077FF6,Automated Payment Recovery — Failed Transaction,billing_recovery,Mid-Market,1,998.0,"Trigger dunning sequence: retry payment after 3 days, send payment update email after 5 days, escalate to CSM after 10 days.",Billing Automation,High,Low,848.3,Medium
IV-7804CDC6,Automated Payment Recovery — Failed Transaction,billing_recovery,SMB,1,998.0,"Trigger dunning sequence: retry payment after 3 days, send payment update email after 5 days, escalate to CSM after 10 days.",Billing Automation,High,Low,848.3,Medium
IV-D7C0128F,Automated Payment Recovery — Failed Transaction,billing_recovery,Startup,1,998.0,"Trigger dunning sequence: retry payment after 3 days, send payment update email after 5 days, escalate to CSM after 10 days.",Billing Automation,High,Low,848.3,Medium
IV-F3E295BF,Automated Payment Recovery — Failed Transaction,billing_recovery,Mid-Market,1,998.0,"Trigger dunning sequence: retry payment after 3 days, send payment update email after 5 days, escalate to CSM after 10 days.",Billing Automation,High,Low,848.3,Medium
IV-9C272CCE,Automated Payment Recovery — Failed Transaction,billing_recovery,Startup,1,998.0,"Trigger dunning sequence: retry payment after 3 days, send payment update email after 5 days, escalate to CSM after 10 days.",Billing Automation,High,Low,848.3,Medium
IV-145DB1BA,Automated Payment Recovery — Failed Transaction,billing_recovery,Mid-Market,1,995.0,"Trigger dunning sequence: retry payment after 3 days, send payment update email after 5 days, escalate to CSM after 10 days.",Billing Automation,High,Low,845.75,Medium
IV-6221964D,Automated Payment Recovery — Failed Transaction,billing_recovery,SMB,1,597.0,"Trigger dunning sequence: retry payment after 3 days, send payment update email after 5 days, escalate to CSM after 10 days.",Billing Automation,High,Low,507.45,Medium
IV-AFA647C4,Automated Payment Recovery — Failed Transaction,billing_recovery,Startup,1,597.0,"Trigger dunning sequence: retry payment after 3 days, send payment update email after 5 days, escalate to CSM after 10 days.",Billing Automation,High,Low,507.45,Medium
IV-EA3D5F35,Automated Payment Recovery — Failed Transaction,billing_recovery,SMB,1,597.0,"Trigger dunning sequence: retry payment after 3 days, send payment update email after 5 days, escalate to CSM after 10 days.",Billing Automation,High,Low,507.45,Medium
IV-7A84F8B7,Automated Payment Recovery — Failed Transaction,billing_recovery,SMB,1,597.0,"Trigger dunning sequence: retry payment after 3 days, send payment update email after 5 days, escalate to CSM after 10 days.",Billing Automation,High,Low,507.45,Medium
IV-D9F96984,SMB Re-engagement Offer — High Churn Risk,retention,SMB,1,1999.0,Send personalised in-app re-engagement campaign with 15% discount for 3-month commitment. Follow up with feature tutorial email sequence.,Marketing Automation,Medium,High,433.12,Medium
IV-99B15AE7,SMB Re-engagement Offer — High Churn Risk,retention,SMB,1,1999.0,Send personalised in-app re-engagement campaign with 15% discount for 3-month commitment. Follow up with feature tutorial email sequence.,Marketing Automation,Medium,High,433.12,Medium
IV-71BCA90C,SMB Re-engagement Offer — High Churn Risk,retention,SMB,1,1999.0,Send personalised in-app re-engagement campaign with 15% discount for 3-month commitment. Follow up with feature tutorial email sequence.,Marketing Automation,Medium,High,433.12,Medium
IV-03AF95E2,SMB Re-engagement Offer — High Churn Risk,retention,SMB,1,1999.0,Send personalised in-app re-engagement campaign with 15% discount for 3-month commitment. Follow up with feature tutorial email sequence.,Marketing Automation,Medium,High,433.12,Medium
IV-3D2D8D42,SMB Re-engagement Offer — High Churn Risk,retention,SMB,1,1999.0,Send personalised in-app re-engagement campaign with 15% discount for 3-month commitment. Follow up with feature tutorial email sequence.,Marketing Automation,Medium,High,433.12,Medium
IV-915EB1D1,SMB Re-engagement Offer — High Churn Risk,retention,SMB,1,1999.0,Send personalised in-app re-engagement campaign with 15% discount for 3-month commitment. Follow up with feature tutorial email sequence.,Marketing Automation,Medium,High,433.12,Medium
IV-A0B8B170,SMB Re-engagement Offer — High Churn Risk,retention,SMB,1,1999.0,Send personalised in-app re-engagement campaign with 15% discount for 3-month commitment. Follow up with feature tutorial email sequence.,Marketing Automation,Medium,High,433.12,Medium
IV-69E3019E,SMB Re-engagement Offer — High Churn Risk,retention,SMB,1,1999.0,Send personalised in-app re-engagement campaign with 15% discount for 3-month commitment. Follow up with feature tutorial email sequence.,Marketing Automation,Medium,High,433.12,Medium
IV-0B2AC247,SMB Re-engagement Offer — High Churn Risk,retention,SMB,1,1999.0,Send personalised in-app re-engagement campaign with 15% discount for 3-month commitment. Follow up with feature tutorial email sequence.,Marketing Automation,Medium,High,433.12,Medium
IV-8ADA511E,SMB Re-engagement Offer — High Churn Risk,retention,SMB,1,1999.0,Send personalised in-app re-engagement campaign with 15% discount for 3-month commitment. Follow up with feature tutorial email sequence.,Marketing Automation,Medium,High,433.12,Medium
IV-A3A5FF79,SMB Re-engagement Offer — High Churn Risk,retention,SMB,1,1999.0,Send personalised in-app re-engagement campaign with 15% discount for 3-month commitment. Follow up with feature tutorial email sequence.,Marketing Automation,Medium,High,433.12,Medium
IV-D4DD7B87,SMB Re-engagement Offer — High Churn Risk,retention,SMB,1,1999.0,Send personalised in-app re-engagement campaign with 15% discount for 3-month commitment. Follow up with feature tutorial email sequence.,Marketing Automation,Medium,High,433.12,Medium
IV-12AFC21D,SMB Re-engagement Offer — High Churn Risk,retention,SMB,1,1999.0,Send personalised in-app re-engagement campaign with 15% discount for 3-month commitment. Follow up with feature tutorial email sequence.,Marketing Automation,Medium,High,433.12,Medium
IV-C749129B,SMB Re-engagement Offer — High Churn Risk,retention,SMB,1,1999.0,Send personalised in-app re-engagement campaign with 15% discount for 3-month commitment. Follow up with feature tutorial email sequence.,Marketing Automation,Medium,High,433.12,Medium
IV-F2D21C4D,Automated Payment Recovery — Failed Transaction,billing_recovery,Mid-Market,1,499.0,"Trigger dunning sequence: retry payment after 3 days, send payment update email after 5 days, escalate to CSM after 10 days.",Billing Automation,High,Low,424.15,Medium
IV-B3E521D9,Automated Payment Recovery — Failed Transaction,billing_recovery,Startup,1,499.0,"Trigger dunning sequence: retry payment after 3 days, send payment update email after 5 days, escalate to CSM after 10 days.",Billing Automation,High,Low,424.15,Medium
IV-DFDBA8B0,Automated Payment Recovery — Failed Transaction,billing_recovery,Mid-Market,1,499.0,"Trigger dunning sequence: retry payment after 3 days, send payment update email after 5 days, escalate to CSM after 10 days.",Billing Automation,High,Low,424.15,Medium
IV-31FEDDF7,Automated Payment Recovery — Failed Transaction,billing_recovery,Startup,1,499.0,"Trigger dunning sequence: retry payment after 3 days, send payment update email after 5 days, escalate to CSM after 10 days.",Billing Automation,High,Low,424.15,Medium
IV-7E56B3F0,Automated Payment Recovery — Failed Transaction,billing_recovery,Startup,1,499.0,"Trigger dunning sequence: retry payment after 3 days, send payment update email after 5 days, escalate to CSM after 10 days.",Billing Automation,High,Low,424.15,Medium
IV-529DD279,Automated Payment Recovery — Failed Transaction,billing_recovery,SMB,1,499.0,"Trigger dunning sequence: retry payment after 3 days, send payment update email after 5 days, escalate to CSM after 10 days.",Billing Automation,High,Low,424.15,Medium
IV-2CECD1A5,Automated Payment Recovery — Failed Transaction,billing_recovery,SMB,1,499.0,"Trigger dunning sequence: retry payment after 3 days, send payment update email after 5 days, escalate to CSM after 10 days.",Billing Automation,High,Low,424.15,Medium
IV-0C7AA67A,Automated Payment Recovery — Failed Transaction,billing_recovery,SMB,1,499.0,"Trigger dunning sequence: retry payment after 3 days, send payment update email after 5 days, escalate to CSM after 10 days.",Billing Automation,High,Low,424.15,Medium
IV-CBFF9BB2,Automated Payment Recovery — Failed Transaction,billing_recovery,SMB,1,499.0,"Trigger dunning sequence: retry payment after 3 days, send payment update email after 5 days, escalate to CSM after 10 days.",Billing Automation,High,Low,424.15,Medium
IV-8D2B08ED,Automated Payment Recovery — Failed Transaction,billing_recovery,SMB,1,499.0,"Trigger dunning sequence: retry payment after 3 days, send payment update email after 5 days, escalate to CSM after 10 days.",Billing Automation,High,Low,424.15,Medium
IV-9DBD5D08,Automated Payment Recovery — Failed Transaction,billing_recovery,Startup,1,499.0,"Trigger dunning sequence: retry payment after 3 days, send payment update email after 5 days, escalate to CSM after 10 days.",Billing Automation,High,Low,424.15,Medium
IV-8726F24E,Automated Payment Recovery — Failed Transaction,billing_recovery,Startup,1,499.0,"Trigger dunning sequence: retry payment after 3 days, send payment update email after 5 days, escalate to CSM after 10 days.",Billing Automation,High,Low,424.15,Medium
IV-676DEEAE,Automated Payment Recovery — Failed Transaction,billing_recovery,Startup,1,499.0,"Trigger dunning sequence: retry payment after 3 days, send payment update email after 5 days, escalate to CSM after 10 days.",Billing Automation,High,Low,424.15,Medium
IV-16670B63,Automated Payment Recovery — Failed Transaction,billing_recovery,Startup,1,499.0,"Trigger dunning sequence: retry payment after 3 days, send payment update email after 5 days, escalate to CSM after 10 days.",Billing Automation,High,Low,424.15,Medium
IV-38E28291,Automated Payment Recovery — Failed Transaction,billing_recovery,SMB,1,499.0,"Trigger dunning sequence: retry payment after 3 days, send payment update email after 5 days, escalate to CSM after 10 days.",Billing Automation,High,Low,424.15,Medium
IV-39BBC0E5,Automated Payment Recovery — Failed Transaction,billing_recovery,SMB,1,499.0,"Trigger dunning sequence: retry payment after 3 days, send payment update email after 5 days, escalate to CSM after 10 days.",Billing Automation,High,Low,424.15,Medium
IV-44CAA4AE,Automated Payment Recovery — Failed Transaction,billing_recovery,Mid-Market,1,499.0,"Trigger dunning sequence: retry payment after 3 days, send payment update email after 5 days, escalate to CSM after 10 days.",Billing Automation,High,Low,424.15,Medium
IV-05593A56,Automated Payment Recovery — Failed Transaction,billing_recovery,Startup,1,499.0,"Trigger dunning sequence: retry payment after 3 days, send payment update email after 5 days, escalate to CSM after 10 days.",Billing Automation,High,Low,424.15,Medium
IV-78622956,Automated Payment Recovery — Failed Transaction,billing_recovery,Startup,1,499.0,"Trigger dunning sequence: retry payment after 3 days, send payment update email after 5 days, escalate to CSM after 10 days.",Billing Automation,High,Low,424.15,Medium
IV-95979434,Automated Payment Recovery — Failed Transaction,billing_recovery,Startup,1,499.0,"Trigger dunning sequence: retry payment after 3 days, send payment update email after 5 days, escalate to CSM after 10 days.",Billing Automation,High,Low,424.15,Medium
IV-08868277,Automated Payment Recovery — Failed Transaction,billing_recovery,Mid-Market,1,499.0,"Trigger dunning sequence: retry payment after 3 days, send payment update email after 5 days, escalate to CSM after 10 days.",Billing Automation,High,Low,424.15,Medium
IV-913AE40D,Automated Payment Recovery — Failed Transaction,billing_recovery,Startup,1,499.0,"Trigger dunning sequence: retry payment after 3 days, send payment update email after 5 days, escalate to CSM after 10 days.",Billing Automation,High,Low,424.15,Medium
IV-669E01BC,Automated Payment Recovery — Failed Transaction,billing_recovery,Startup,1,499.0,"Trigger dunning sequence: retry payment after 3 days, send payment update email after 5 days, escalate to CSM after 10 days.",Billing Automation,High,Low,424.15,Medium
IV-CBA45712,Automated Payment Recovery — Failed Transaction,billing_recovery,SMB,1,499.0,"Trigger dunning sequence: retry payment after 3 days, send payment update email after 5 days, escalate to CSM after 10 days.",Billing Automation,High,Low,424.15,Medium
IV-940435D6,Automated Payment Recovery — Failed Transaction,billing_recovery,Startup,1,499.0,"Trigger dunning sequence: retry payment after 3 days, send payment update email after 5 days, escalate to CSM after 10 days.",Billing Automation,High,Low,424.15,Medium
IV-63EFBAC9,Automated Payment Recovery — Failed Transaction,billing_recovery,Mid-Market,1,499.0,"Trigger dunning sequence: retry payment after 3 days, send payment update email after 5 days, escalate to CSM after 10 days.",Billing Automation,High,Low,424.15,Medium
IV-F2148A65,Automated Payment Recovery — Failed Transaction,billing_recovery,Startup,1,499.0,"Trigger dunning sequence: retry payment after 3 days, send payment update email after 5 days, escalate to CSM after 10 days.",Billing Automation,High,Low,424.15,Medium
IV-CAA5D315,Automated Payment Recovery — Failed Transaction,billing_recovery,SMB,1,499.0,"Trigger dunning sequence: retry payment after 3 days, send payment update email after 5 days, escalate to CSM after 10 days.",Billing Automation,High,Low,424.15,Medium
IV-D74BD3A0,Automated Payment Recovery — Failed Transaction,billing_recovery,Startup,1,499.0,"Trigger dunning sequence: retry payment after 3 days, send payment update email after 5 days, escalate to CSM after 10 days.",Billing Automation,High,Low,424.15,Medium
IV-269FEBF0,Automated Payment Recovery — Failed Transaction,billing_recovery,SMB,1,499.0,"Trigger dunning sequence: retry payment after 3 days, send payment update email after 5 days, escalate to CSM after 10 days.",Billing Automation,High,Low,424.15,Medium
IV-DD2460CC,Automated Payment Recovery — Failed Transaction,billing_recovery,Startup,1,499.0,"Trigger dunning sequence: retry payment after 3 days, send payment update email after 5 days, escalate to CSM after 10 days.",Billing Automation,High,Low,424.15,Medium
IV-08665AC2,Automated Payment Recovery — Failed Transaction,billing_recovery,Enterprise,1,499.0,"Trigger dunning sequence: retry payment after 3 days, send payment update email after 5 days, escalate to CSM after 10 days.",Billing Automation,High,Low,424.15,Medium
IV-DA7C36DA,Automated Payment Recovery — Failed Transaction,billing_recovery,Startup,1,499.0,"Trigger dunning sequence: retry payment after 3 days, send payment update email after 5 days, escalate to CSM after 10 days.",Billing Automation,High,Low,424.15,Medium
IV-DB731D8F,Automated Payment Recovery — Failed Transaction,billing_recovery,SMB,1,499.0,"Trigger dunning sequence: retry payment after 3 days, send payment update email after 5 days, escalate to CSM after 10 days.",Billing Automation,High,Low,424.15,Medium
IV-EEE7B071,Automated Payment Recovery — Failed Transaction,billing_recovery,Startup,1,499.0,"Trigger dunning sequence: retry payment after 3 days, send payment update email after 5 days, escalate to CSM after 10 days.",Billing Automation,High,Low,424.15,Medium
IV-734FA800,Automated Payment Recovery — Failed Transaction,billing_recovery,Mid-Market,1,499.0,"Trigger dunning sequence: retry payment after 3 days, send payment update email after 5 days, escalate to CSM after 10 days.",Billing Automation,High,Low,424.15,Medium
IV-78E7D4A2,Automated Payment Recovery — Failed Transaction,billing_recovery,SMB,1,499.0,"Trigger dunning sequence: retry payment after 3 days, send payment update email after 5 days, escalate to CSM after 10 days.",Billing Automation,High,Low,424.15,Medium
IV-D82DFE40,Automated Payment Recovery — Failed Transaction,billing_recovery,Mid-Market,1,499.0,"Trigger dunning sequence: retry payment after 3 days, send payment update email after 5 days, escalate to CSM after 10 days.",Billing Automation,High,Low,424.15,Medium
IV-5CCCC89C,Automated Payment Recovery — Failed Transaction,billing_recovery,SMB,1,499.0,"Trigger dunning sequence: retry payment after 3 days, send payment update email after 5 days, escalate to CSM after 10 days.",Billing Automation,High,Low,424.15,Medium
IV-48387BB7,Automated Payment Recovery — Failed Transaction,billing_recovery,SMB,1,499.0,"Trigger dunning sequence: retry payment after 3 days, send payment update email after 5 days, escalate to CSM after 10 days.",Billing Automation,High,Low,424.15,Medium
IV-D76C7DED,Automated Payment Recovery — Failed Transaction,billing_recovery,Startup,1,499.0,"Trigger dunning sequence: retry payment after 3 days, send payment update email after 5 days, escalate to CSM after 10 days.",Billing Automation,High,Low,424.15,Medium
IV-5A82F5F0,Automated Payment Recovery — Failed Transaction,billing_recovery,Startup,1,499.0,"Trigger dunning sequence: retry payment after 3 days, send payment update email after 5 days, escalate to CSM after 10 days.",Billing Automation,High,Low,424.15,Medium
IV-D6372DE6,Automated Payment Recovery — Failed Transaction,billing_recovery,SMB,1,499.0,"Trigger dunning sequence: retry payment after 3 days, send payment update email after 5 days, escalate to CSM after 10 days.",Billing Automation,High,Low,424.15,Medium
IV-739D1C82,Automated Payment Recovery — Failed Transaction,billing_recovery,Mid-Market,1,499.0,"Trigger dunning sequence: retry payment after 3 days, send payment update email after 5 days, escalate to CSM after 10 days.",Billing Automation,High,Low,424.15,Medium
IV-C73066BD,Automated Payment Recovery — Failed Transaction,billing_recovery,SMB,1,499.0,"Trigger dunning sequence: retry payment after 3 days, send payment update email after 5 days, escalate to CSM after 10 days.",Billing Automation,High,Low,424.15,Medium
IV-2055C0C2,Automated Payment Recovery — Failed Transaction,billing_recovery,SMB,1,499.0,"Trigger dunning sequence: retry payment after 3 days, send payment update email after 5 days, escalate to CSM after 10 days.",Billing Automation,High,Low,424.15,Medium
IV-769E9292,Automated Payment Recovery — Failed Transaction,billing_recovery,Startup,1,499.0,"Trigger dunning sequence: retry payment after 3 days, send payment update email after 5 days, escalate to CSM after 10 days.",Billing Automation,High,Low,424.15,Medium
IV-2FD816BE,Automated Payment Recovery — Failed Transaction,billing_recovery,Startup,1,499.0,"Trigger dunning sequence: retry payment after 3 days, send payment update email after 5 days, escalate to CSM after 10 days.",Billing Automation,High,Low,424.15,Medium
IV-5394BC99,Automated Payment Recovery — Failed Transaction,billing_recovery,Startup,1,499.0,"Trigger dunning sequence: retry payment after 3 days, send payment update email after 5 days, escalate to CSM after 10 days.",Billing Automation,High,Low,424.15,Medium
IV-15337DD7,Automated Payment Recovery — Failed Transaction,billing_recovery,SMB,1,499.0,"Trigger dunning sequence: retry payment after 3 days, send payment update email after 5 days, escalate to CSM after 10 days.",Billing Automation,High,Low,424.15,Medium
IV-78D22859,Automated Payment Recovery — Failed Transaction,billing_recovery,Startup,1,499.0,"Trigger dunning sequence: retry payment after 3 days, send payment update email after 5 days, escalate to CSM after 10 days.",Billing Automation,High,Low,424.15,Medium
IV-924147E8,Automated Payment Recovery — Failed Transaction,billing_recovery,Startup,1,499.0,"Trigger dunning sequence: retry payment after 3 days, send payment update email after 5 days, escalate to CSM after 10 days.",Billing Automation,High,Low,424.15,Medium
IV-D3EFF2CC,Automated Payment Recovery — Failed Transaction,billing_recovery,SMB,1,499.0,"Trigger dunning sequence: retry payment after 3 days, send payment update email after 5 days, escalate to CSM after 10 days.",Billing Automation,High,Low,424.15,Medium
IV-55673EC6,Automated Payment Recovery — Failed Transaction,billing_recovery,Startup,1,499.0,"Trigger dunning sequence: retry payment after 3 days, send payment update email after 5 days, escalate to CSM after 10 days.",Billing Automation,High,Low,424.15,Medium
IV-94558C93,Automated Payment Recovery — Failed Transaction,billing_recovery,SMB,1,499.0,"Trigger dunning sequence: retry payment after 3 days, send payment update email after 5 days, escalate to CSM after 10 days.",Billing Automation,High,Low,424.15,Medium
IV-A72E357D,Automated Payment Recovery — Failed Transaction,billing_recovery,Startup,1,499.0,"Trigger dunning sequence: retry payment after 3 days, send payment update email after 5 days, escalate to CSM after 10 days.",Billing Automation,High,Low,424.15,Medium
IV-3B564BB2,Automated Payment Recovery — Failed Transaction,billing_recovery,SMB,1,499.0,"Trigger dunning sequence: retry payment after 3 days, send payment update email after 5 days, escalate to CSM after 10 days.",Billing Automation,High,Low,424.15,Medium
IV-5EC61B34,Automated Payment Recovery — Failed Transaction,billing_recovery,Startup,1,499.0,"Trigger dunning sequence: retry payment after 3 days, send payment update email after 5 days, escalate to CSM after 10 days.",Billing Automation,High,Low,424.15,Medium
IV-11351AFE,Automated Payment Recovery — Failed Transaction,billing_recovery,Enterprise,1,499.0,"Trigger dunning sequence: retry payment after 3 days, send payment update email after 5 days, escalate to CSM after 10 days.",Billing Automation,High,Low,424.15,Medium
IV-807655B5,Automated Payment Recovery — Failed Transaction,billing_recovery,Startup,1,499.0,"Trigger dunning sequence: retry payment after 3 days, send payment update email after 5 days, escalate to CSM after 10 days.",Billing Automation,High,Low,424.15,Medium
IV-5F3B5A83,Automated Payment Recovery — Failed Transaction,billing_recovery,Startup,1,499.0,"Trigger dunning sequence: retry payment after 3 days, send payment update email after 5 days, escalate to CSM after 10 days.",Billing Automation,High,Low,424.15,Medium
IV-F58D5EE9,Automated Payment Recovery — Failed Transaction,billing_recovery,Startup,1,499.0,"Trigger dunning sequence: retry payment after 3 days, send payment update email after 5 days, escalate to CSM after 10 days.",Billing Automation,High,Low,424.15,Medium
IV-FA1D1969,Automated Payment Recovery — Failed Transaction,billing_recovery,SMB,1,499.0,"Trigger dunning sequence: retry payment after 3 days, send payment update email after 5 days, escalate to CSM after 10 days.",Billing Automation,High,Low,424.15,Medium
IV-DA65BB3B,Past-Due Account Escalation,billing_recovery,SMB,1,499.0,Escalate to finance for account hold review. Send formal payment demand notice and suspend non-critical features until resolved.,Finance Operations,High,Low,424.15,Medium
IV-55973A56,Past-Due Account Escalation,billing_recovery,SMB,1,499.0,Escalate to finance for account hold review. Send formal payment demand notice and suspend non-critical features until resolved.,Finance Operations,High,Low,424.15,Medium
IV-C3BCF23F,Past-Due Account Escalation,billing_recovery,Startup,1,499.0,Escalate to finance for account hold review. Send formal payment demand notice and suspend non-critical features until resolved.,Finance Operations,High,Low,424.15,Medium
IV-BFFCC213,Past-Due Account Escalation,billing_recovery,Startup,1,499.0,Escalate to finance for account hold review. Send formal payment demand notice and suspend non-critical features until resolved.,Finance Operations,High,Low,424.15,Medium
IV-19243BE6,Past-Due Account Escalation,billing_recovery,Startup,1,499.0,Escalate to finance for account hold review. Send formal payment demand notice and suspend non-critical features until resolved.,Finance Operations,High,Low,424.15,Medium
IV-FCBFCDC6,Past-Due Account Escalation,billing_recovery,Startup,1,499.0,Escalate to finance for account hold review. Send formal payment demand notice and suspend non-critical features until resolved.,Finance Operations,High,Low,424.15,Medium
IV-FBA7352F,Past-Due Account Escalation,billing_recovery,SMB,1,499.0,Escalate to finance for account hold review. Send formal payment demand notice and suspend non-critical features until resolved.,Finance Operations,High,Low,424.15,Medium
IV-CFBC7AA1,Past-Due Account Escalation,billing_recovery,Startup,1,499.0,Escalate to finance for account hold review. Send formal payment demand notice and suspend non-critical features until resolved.,Finance Operations,High,Low,424.15,Medium
IV-AFEC3C0B,Past-Due Account Escalation,billing_recovery,Startup,1,499.0,Escalate to finance for account hold review. Send formal payment demand notice and suspend non-critical features until resolved.,Finance Operations,High,Low,424.15,Medium
IV-6D02D15D,Past-Due Account Escalation,billing_recovery,SMB,1,499.0,Escalate to finance for account hold review. Send formal payment demand notice and suspend non-critical features until resolved.,Finance Operations,High,Low,424.15,Medium
IV-8816E9D2,Past-Due Account Escalation,billing_recovery,Startup,1,499.0,Escalate to finance for account hold review. Send formal payment demand notice and suspend non-critical features until resolved.,Finance Operations,High,Low,424.15,Medium
IV-85C8708E,Past-Due Account Escalation,billing_recovery,Startup,1,499.0,Escalate to finance for account hold review. Send formal payment demand notice and suspend non-critical features until resolved.,Finance Operations,High,Low,424.15,Medium
IV-D9215A9D,Past-Due Account Escalation,billing_recovery,SMB,1,499.0,Escalate to finance for account hold review. Send formal payment demand notice and suspend non-critical features until resolved.,Finance Operations,High,Low,424.15,Medium
IV-E806C71E,Past-Due Account Escalation,billing_recovery,Startup,1,499.0,Escalate to finance for account hold review. Send formal payment demand notice and suspend non-critical features until resolved.,Finance Operations,High,Low,424.15,Medium
IV-6A5562C6,Past-Due Account Escalation,billing_recovery,Mid-Market,1,499.0,Escalate to finance for account hold review. Send formal payment demand notice and suspend non-critical features until resolved.,Finance Operations,High,Low,424.15,Medium
IV-3CCEDE83,Automated Payment Recovery — Failed Transaction,billing_recovery,SMB,1,398.0,"Trigger dunning sequence: retry payment after 3 days, send payment update email after 5 days, escalate to CSM after 10 days.",Billing Automation,High,Low,338.3,Medium
IV-E4166D34,Automated Payment Recovery — Failed Transaction,billing_recovery,Mid-Market,1,398.0,"Trigger dunning sequence: retry payment after 3 days, send payment update email after 5 days, escalate to CSM after 10 days.",Billing Automation,High,Low,338.3,Medium
IV-68C31803,Automated Payment Recovery — Failed Transaction,billing_recovery,SMB,1,398.0,"Trigger dunning sequence: retry payment after 3 days, send payment update email after 5 days, escalate to CSM after 10 days.",Billing Automation,High,Low,338.3,Medium
IV-9DD86F09,Automated Payment Recovery — Failed Transaction,billing_recovery,SMB,1,398.0,"Trigger dunning sequence: retry payment after 3 days, send payment update email after 5 days, escalate to CSM after 10 days.",Billing Automation,High,Low,338.3,Medium
IV-8106ADC9,Automated Payment Recovery — Failed Transaction,billing_recovery,Startup,1,398.0,"Trigger dunning sequence: retry payment after 3 days, send payment update email after 5 days, escalate to CSM after 10 days.",Billing Automation,High,Low,338.3,Medium
IV-2D070A48,Automated Payment Recovery — Failed Transaction,billing_recovery,SMB,1,398.0,"Trigger dunning sequence: retry payment after 3 days, send payment update email after 5 days, escalate to CSM after 10 days.",Billing Automation,High,Low,338.3,Medium
IV-31604D76,Automated Payment Recovery — Failed Transaction,billing_recovery,Mid-Market,1,398.0,"Trigger dunning sequence: retry payment after 3 days, send payment update email after 5 days, escalate to CSM after 10 days.",Billing Automation,High,Low,338.3,Medium
IV-DC2A2D45,Automated Payment Recovery — Failed Transaction,billing_recovery,Startup,1,398.0,"Trigger dunning sequence: retry payment after 3 days, send payment update email after 5 days, escalate to CSM after 10 days.",Billing Automation,High,Low,338.3,Medium
IV-55591A39,Automated Payment Recovery — Failed Transaction,billing_recovery,SMB,1,398.0,"Trigger dunning sequence: retry payment after 3 days, send payment update email after 5 days, escalate to CSM after 10 days.",Billing Automation,High,Low,338.3,Medium
IV-07EF7803,Automated Payment Recovery — Failed Transaction,billing_recovery,Startup,1,398.0,"Trigger dunning sequence: retry payment after 3 days, send payment update email after 5 days, escalate to CSM after 10 days.",Billing Automation,High,Low,338.3,Medium
IV-F95D8A2C,Automated Payment Recovery — Failed Transaction,billing_recovery,Mid-Market,1,398.0,"Trigger dunning sequence: retry payment after 3 days, send payment update email after 5 days, escalate to CSM after 10 days.",Billing Automation,High,Low,338.3,Medium
IV-E3DD4154,Automated Payment Recovery — Failed Transaction,billing_recovery,SMB,1,398.0,"Trigger dunning sequence: retry payment after 3 days, send payment update email after 5 days, escalate to CSM after 10 days.",Billing Automation,High,Low,338.3,Medium
IV-33025444,Automated Payment Recovery — Failed Transaction,billing_recovery,Mid-Market,1,398.0,"Trigger dunning sequence: retry payment after 3 days, send payment update email after 5 days, escalate to CSM after 10 days.",Billing Automation,High,Low,338.3,Medium
IV-825ABB3A,Automated Payment Recovery — Failed Transaction,billing_recovery,Startup,1,398.0,"Trigger dunning sequence: retry payment after 3 days, send payment update email after 5 days, escalate to CSM after 10 days.",Billing Automation,High,Low,338.3,Medium
IV-F2027D60,Automated Payment Recovery — Failed Transaction,billing_recovery,SMB,1,398.0,"Trigger dunning sequence: retry payment after 3 days, send payment update email after 5 days, escalate to CSM after 10 days.",Billing Automation,High,Low,338.3,Medium
IV-110A9986,Automated Payment Recovery — Failed Transaction,billing_recovery,Enterprise,1,398.0,"Trigger dunning sequence: retry payment after 3 days, send payment update email after 5 days, escalate to CSM after 10 days.",Billing Automation,High,Low,338.3,Medium
IV-43393FB7,Automated Payment Recovery — Failed Transaction,billing_recovery,Startup,1,398.0,"Trigger dunning sequence: retry payment after 3 days, send payment update email after 5 days, escalate to CSM after 10 days.",Billing Automation,High,Low,338.3,Medium
IV-170B5B60,Automated Payment Recovery — Failed Transaction,billing_recovery,SMB,1,398.0,"Trigger dunning sequence: retry payment after 3 days, send payment update email after 5 days, escalate to CSM after 10 days.",Billing Automation,High,Low,338.3,Medium
IV-199B96BD,Automated Payment Recovery — Failed Transaction,billing_recovery,Startup,1,398.0,"Trigger dunning sequence: retry payment after 3 days, send payment update email after 5 days, escalate to CSM after 10 days.",Billing Automation,High,Low,338.3,Medium
IV-3E7C811E,Automated Payment Recovery — Failed Transaction,billing_recovery,SMB,1,398.0,"Trigger dunning sequence: retry payment after 3 days, send payment update email after 5 days, escalate to CSM after 10 days.",Billing Automation,High,Low,338.3,Medium
IV-D9EFFF7F,Automated Payment Recovery — Failed Transaction,billing_recovery,SMB,1,398.0,"Trigger dunning sequence: retry payment after 3 days, send payment update email after 5 days, escalate to CSM after 10 days.",Billing Automation,High,Low,338.3,Medium
IV-FB3496C6,Automated Payment Recovery — Failed Transaction,billing_recovery,SMB,1,398.0,"Trigger dunning sequence: retry payment after 3 days, send payment update email after 5 days, escalate to CSM after 10 days.",Billing Automation,High,Low,338.3,Medium
IV-E0931C2E,Automated Payment Recovery — Failed Transaction,billing_recovery,Startup,1,398.0,"Trigger dunning sequence: retry payment after 3 days, send payment update email after 5 days, escalate to CSM after 10 days.",Billing Automation,High,Low,338.3,Medium
IV-EAA656A1,Automated Payment Recovery — Failed Transaction,billing_recovery,SMB,1,398.0,"Trigger dunning sequence: retry payment after 3 days, send payment update email after 5 days, escalate to CSM after 10 days.",Billing Automation,High,Low,338.3,Medium
IV-BC640662,Automated Payment Recovery — Failed Transaction,billing_recovery,SMB,1,398.0,"Trigger dunning sequence: retry payment after 3 days, send payment update email after 5 days, escalate to CSM after 10 days.",Billing Automation,High,Low,338.3,Medium
IV-EC94FADB,Automated Payment Recovery — Failed Transaction,billing_recovery,Mid-Market,1,398.0,"Trigger dunning sequence: retry payment after 3 days, send payment update email after 5 days, escalate to CSM after 10 days.",Billing Automation,High,Low,338.3,Medium
IV-4D854820,Proactive Billing Intervention — Payment Risk Driver Detected,billing_recovery,SMB,1,499.0,Contact customer directly to confirm payment details and offer alternative payment methods before the subscription lapses.,Customer Success Manager,Medium,Low,324.35,Medium
IV-6475BFD7,Proactive Billing Intervention — Payment Risk Driver Detected,billing_recovery,SMB,1,499.0,Contact customer directly to confirm payment details and offer alternative payment methods before the subscription lapses.,Customer Success Manager,Medium,Low,324.35,Medium
IV-091DF6A0,Proactive Billing Intervention — Payment Risk Driver Detected,billing_recovery,SMB,1,499.0,Contact customer directly to confirm payment details and offer alternative payment methods before the subscription lapses.,Customer Success Manager,Medium,Low,324.35,Medium
IV-F7F12F68,Proactive Billing Intervention — Payment Risk Driver Detected,billing_recovery,SMB,1,499.0,Contact customer directly to confirm payment details and offer alternative payment methods before the subscription lapses.,Customer Success Manager,Medium,Low,324.35,Medium
IV-C3FD81A7,Proactive Billing Intervention — Payment Risk Driver Detected,billing_recovery,Startup,1,499.0,Contact customer directly to confirm payment details and offer alternative payment methods before the subscription lapses.,Customer Success Manager,Medium,Low,324.35,Medium
IV-FC64F727,Proactive Billing Intervention — Payment Risk Driver Detected,billing_recovery,Startup,1,499.0,Contact customer directly to confirm payment details and offer alternative payment methods before the subscription lapses.,Customer Success Manager,Medium,Low,324.35,Medium
IV-1FB85422,Proactive Billing Intervention — Payment Risk Driver Detected,billing_recovery,Startup,1,499.0,Contact customer directly to confirm payment details and offer alternative payment methods before the subscription lapses.,Customer Success Manager,Medium,Low,324.35,Medium
IV-E8CB57CF,Proactive Billing Intervention — Payment Risk Driver Detected,billing_recovery,Mid-Market,1,499.0,Contact customer directly to confirm payment details and offer alternative payment methods before the subscription lapses.,Customer Success Manager,Medium,Low,324.35,Medium
IV-5B81020C,Proactive Billing Intervention — Payment Risk Driver Detected,billing_recovery,Startup,1,499.0,Contact customer directly to confirm payment details and offer alternative payment methods before the subscription lapses.,Customer Success Manager,Medium,Low,324.35,Medium
IV-42228C00,Proactive Billing Intervention — Payment Risk Driver Detected,billing_recovery,SMB,1,499.0,Contact customer directly to confirm payment details and offer alternative payment methods before the subscription lapses.,Customer Success Manager,Medium,Low,324.35,Medium
IV-86E3E3FB,Proactive Billing Intervention — Payment Risk Driver Detected,billing_recovery,Startup,1,499.0,Contact customer directly to confirm payment details and offer alternative payment methods before the subscription lapses.,Customer Success Manager,Medium,Low,324.35,Medium
IV-09636E04,Proactive Billing Intervention — Payment Risk Driver Detected,billing_recovery,Startup,1,499.0,Contact customer directly to confirm payment details and offer alternative payment methods before the subscription lapses.,Customer Success Manager,Medium,Low,324.35,Medium
IV-190EC64C,Proactive Billing Intervention — Payment Risk Driver Detected,billing_recovery,Mid-Market,1,499.0,Contact customer directly to confirm payment details and offer alternative payment methods before the subscription lapses.,Customer Success Manager,Medium,Low,324.35,Medium
IV-F16251B2,Proactive Billing Intervention — Payment Risk Driver Detected,billing_recovery,SMB,1,499.0,Contact customer directly to confirm payment details and offer alternative payment methods before the subscription lapses.,Customer Success Manager,Medium,Low,324.35,Medium
IV-28C2D8B8,Proactive Billing Intervention — Payment Risk Driver Detected,billing_recovery,SMB,1,499.0,Contact customer directly to confirm payment details and offer alternative payment methods before the subscription lapses.,Customer Success Manager,Medium,Low,324.35,Medium
IV-E500A5DE,Proactive Billing Intervention — Payment Risk Driver Detected,billing_recovery,Startup,1,499.0,Contact customer directly to confirm payment details and offer alternative payment methods before the subscription lapses.,Customer Success Manager,Medium,Low,324.35,Medium
IV-2EE5B73C,Proactive Billing Intervention — Payment Risk Driver Detected,billing_recovery,Startup,1,499.0,Contact customer directly to confirm payment details and offer alternative payment methods before the subscription lapses.,Customer Success Manager,Medium,Low,324.35,Medium
IV-0131E716,Proactive Billing Intervention — Payment Risk Driver Detected,billing_recovery,Startup,1,499.0,Contact customer directly to confirm payment details and offer alternative payment methods before the subscription lapses.,Customer Success Manager,Medium,Low,324.35,Medium
IV-CDAD4D4F,Proactive Billing Intervention — Payment Risk Driver Detected,billing_recovery,Mid-Market,1,499.0,Contact customer directly to confirm payment details and offer alternative payment methods before the subscription lapses.,Customer Success Manager,Medium,Low,324.35,Medium
IV-FD882AEC,Proactive Billing Intervention — Payment Risk Driver Detected,billing_recovery,SMB,1,499.0,Contact customer directly to confirm payment details and offer alternative payment methods before the subscription lapses.,Customer Success Manager,Medium,Low,324.35,Medium
IV-CADCE3FD,Proactive Billing Intervention — Payment Risk Driver Detected,billing_recovery,Startup,1,499.0,Contact customer directly to confirm payment details and offer alternative payment methods before the subscription lapses.,Customer Success Manager,Medium,Low,324.35,Medium
IV-9EAB1177,Proactive Billing Intervention — Payment Risk Driver Detected,billing_recovery,Mid-Market,1,499.0,Contact customer directly to confirm payment details and offer alternative payment methods before the subscription lapses.,Customer Success Manager,Medium,Low,324.35,Medium
IV-3BC040BA,Proactive Billing Intervention — Payment Risk Driver Detected,billing_recovery,SMB,1,499.0,Contact customer directly to confirm payment details and offer alternative payment methods before the subscription lapses.,Customer Success Manager,Medium,Low,324.35,Medium
IV-0F367180,Proactive Billing Intervention — Payment Risk Driver Detected,billing_recovery,Mid-Market,1,499.0,Contact customer directly to confirm payment details and offer alternative payment methods before the subscription lapses.,Customer Success Manager,Medium,Low,324.35,Medium
IV-C4F6DBE3,Proactive Billing Intervention — Payment Risk Driver Detected,billing_recovery,Mid-Market,1,499.0,Contact customer directly to confirm payment details and offer alternative payment methods before the subscription lapses.,Customer Success Manager,Medium,Low,324.35,Medium
IV-DC905394,Proactive Billing Intervention — Payment Risk Driver Detected,billing_recovery,Enterprise,1,499.0,Contact customer directly to confirm payment details and offer alternative payment methods before the subscription lapses.,Customer Success Manager,Medium,Low,324.35,Medium
IV-2B7BBD4D,Proactive Billing Intervention — Payment Risk Driver Detected,billing_recovery,Startup,1,499.0,Contact customer directly to confirm payment details and offer alternative payment methods before the subscription lapses.,Customer Success Manager,Medium,Low,324.35,Medium
IV-E88CE044,Proactive Billing Intervention — Payment Risk Driver Detected,billing_recovery,SMB,1,499.0,Contact customer directly to confirm payment details and offer alternative payment methods before the subscription lapses.,Customer Success Manager,Medium,Low,324.35,Medium
IV-72729AF5,Proactive Billing Intervention — Payment Risk Driver Detected,billing_recovery,SMB,1,499.0,Contact customer directly to confirm payment details and offer alternative payment methods before the subscription lapses.,Customer Success Manager,Medium,Low,324.35,Medium
IV-FC11F770,Proactive Billing Intervention — Payment Risk Driver Detected,billing_recovery,Startup,1,499.0,Contact customer directly to confirm payment details and offer alternative payment methods before the subscription lapses.,Customer Success Manager,Medium,Low,324.35,Medium
IV-E0B34223,Proactive Billing Intervention — Payment Risk Driver Detected,billing_recovery,SMB,1,499.0,Contact customer directly to confirm payment details and offer alternative payment methods before the subscription lapses.,Customer Success Manager,Medium,Low,324.35,Medium
IV-80C52E6A,Proactive Billing Intervention — Payment Risk Driver Detected,billing_recovery,SMB,1,499.0,Contact customer directly to confirm payment details and offer alternative payment methods before the subscription lapses.,Customer Success Manager,Medium,Low,324.35,Medium
IV-F4C661F0,Proactive Billing Intervention — Payment Risk Driver Detected,billing_recovery,Startup,1,499.0,Contact customer directly to confirm payment details and offer alternative payment methods before the subscription lapses.,Customer Success Manager,Medium,Low,324.35,Medium
IV-31124986,Proactive Billing Intervention — Payment Risk Driver Detected,billing_recovery,Startup,1,499.0,Contact customer directly to confirm payment details and offer alternative payment methods before the subscription lapses.,Customer Success Manager,Medium,Low,324.35,Medium
IV-E98EC052,Proactive Billing Intervention — Payment Risk Driver Detected,billing_recovery,Startup,1,499.0,Contact customer directly to confirm payment details and offer alternative payment methods before the subscription lapses.,Customer Success Manager,Medium,Low,324.35,Medium
IV-9DD98C2A,Proactive Billing Intervention — Payment Risk Driver Detected,billing_recovery,SMB,1,499.0,Contact customer directly to confirm payment details and offer alternative payment methods before the subscription lapses.,Customer Success Manager,Medium,Low,324.35,Medium
IV-F515F88F,Proactive Billing Intervention — Payment Risk Driver Detected,billing_recovery,SMB,1,499.0,Contact customer directly to confirm payment details and offer alternative payment methods before the subscription lapses.,Customer Success Manager,Medium,Low,324.35,Medium
IV-5640886A,Proactive Billing Intervention — Payment Risk Driver Detected,billing_recovery,Startup,1,499.0,Contact customer directly to confirm payment details and offer alternative payment methods before the subscription lapses.,Customer Success Manager,Medium,Low,324.35,Medium
IV-9E16E552,Proactive Billing Intervention — Payment Risk Driver Detected,billing_recovery,Startup,1,499.0,Contact customer directly to confirm payment details and offer alternative payment methods before the subscription lapses.,Customer Success Manager,Medium,Low,324.35,Medium
IV-9D10A1EB,Proactive Billing Intervention — Payment Risk Driver Detected,billing_recovery,Mid-Market,1,499.0,Contact customer directly to confirm payment details and offer alternative payment methods before the subscription lapses.,Customer Success Manager,Medium,Low,324.35,Medium
IV-BB9FE0D9,Proactive Billing Intervention — Payment Risk Driver Detected,billing_recovery,Enterprise,1,499.0,Contact customer directly to confirm payment details and offer alternative payment methods before the subscription lapses.,Customer Success Manager,Medium,Low,324.35,Medium
IV-118F1807,Proactive Billing Intervention — Payment Risk Driver Detected,billing_recovery,Startup,1,499.0,Contact customer directly to confirm payment details and offer alternative payment methods before the subscription lapses.,Customer Success Manager,Medium,Low,324.35,Medium
IV-FDE7E7A1,Proactive Billing Intervention — Payment Risk Driver Detected,billing_recovery,Startup,1,499.0,Contact customer directly to confirm payment details and offer alternative payment methods before the subscription lapses.,Customer Success Manager,Medium,Low,324.35,Medium
IV-DAD68CD9,Proactive Billing Intervention — Payment Risk Driver Detected,billing_recovery,SMB,1,499.0,Contact customer directly to confirm payment details and offer alternative payment methods before the subscription lapses.,Customer Success Manager,Medium,Low,324.35,Medium
IV-C079E5DA,Proactive Billing Intervention — Payment Risk Driver Detected,billing_recovery,Startup,1,499.0,Contact customer directly to confirm payment details and offer alternative payment methods before the subscription lapses.,Customer Success Manager,Medium,Low,324.35,Medium
IV-BE5880EB,Proactive Billing Intervention — Payment Risk Driver Detected,billing_recovery,SMB,1,499.0,Contact customer directly to confirm payment details and offer alternative payment methods before the subscription lapses.,Customer Success Manager,Medium,Low,324.35,Medium
IV-4B45556C,Proactive Billing Intervention — Payment Risk Driver Detected,billing_recovery,Startup,1,499.0,Contact customer directly to confirm payment details and offer alternative payment methods before the subscription lapses.,Customer Success Manager,Medium,Low,324.35,Medium
IV-95CE4BE6,Proactive Billing Intervention — Payment Risk Driver Detected,billing_recovery,SMB,1,499.0,Contact customer directly to confirm payment details and offer alternative payment methods before the subscription lapses.,Customer Success Manager,Medium,Low,324.35,Medium
IV-3404B09D,Proactive Billing Intervention — Payment Risk Driver Detected,billing_recovery,SMB,1,499.0,Contact customer directly to confirm payment details and offer alternative payment methods before the subscription lapses.,Customer Success Manager,Medium,Low,324.35,Medium
IV-B61A5E38,Proactive Billing Intervention — Payment Risk Driver Detected,billing_recovery,SMB,1,499.0,Contact customer directly to confirm payment details and offer alternative payment methods before the subscription lapses.,Customer Success Manager,Medium,Low,324.35,Medium
IV-E3603183,Proactive Billing Intervention — Payment Risk Driver Detected,billing_recovery,Enterprise,1,499.0,Contact customer directly to confirm payment details and offer alternative payment methods before the subscription lapses.,Customer Success Manager,Medium,Low,324.35,Medium
IV-5F0C9B3E,Proactive Billing Intervention — Payment Risk Driver Detected,billing_recovery,Startup,1,499.0,Contact customer directly to confirm payment details and offer alternative payment methods before the subscription lapses.,Customer Success Manager,Medium,Low,324.35,Medium
IV-23B05DC4,Proactive Billing Intervention — Payment Risk Driver Detected,billing_recovery,Startup,1,499.0,Contact customer directly to confirm payment details and offer alternative payment methods before the subscription lapses.,Customer Success Manager,Medium,Low,324.35,Medium
IV-86BA6781,Proactive Billing Intervention — Payment Risk Driver Detected,billing_recovery,SMB,1,499.0,Contact customer directly to confirm payment details and offer alternative payment methods before the subscription lapses.,Customer Success Manager,Medium,Low,324.35,Medium
IV-B09C43CB,Proactive Billing Intervention — Payment Risk Driver Detected,billing_recovery,SMB,1,499.0,Contact customer directly to confirm payment details and offer alternative payment methods before the subscription lapses.,Customer Success Manager,Medium,Low,324.35,Medium
IV-412E6CD2,Proactive Billing Intervention — Payment Risk Driver Detected,billing_recovery,Startup,1,499.0,Contact customer directly to confirm payment details and offer alternative payment methods before the subscription lapses.,Customer Success Manager,Medium,Low,324.35,Medium
IV-2C25978A,Proactive Billing Intervention — Payment Risk Driver Detected,billing_recovery,SMB,1,499.0,Contact customer directly to confirm payment details and offer alternative payment methods before the subscription lapses.,Customer Success Manager,Medium,Low,324.35,Medium
IV-0E15E958,Proactive Billing Intervention — Payment Risk Driver Detected,billing_recovery,Startup,1,499.0,Contact customer directly to confirm payment details and offer alternative payment methods before the subscription lapses.,Customer Success Manager,Medium,Low,324.35,Medium
IV-A67E6478,Proactive Billing Intervention — Payment Risk Driver Detected,billing_recovery,Startup,1,499.0,Contact customer directly to confirm payment details and offer alternative payment methods before the subscription lapses.,Customer Success Manager,Medium,Low,324.35,Medium
IV-5CDEBB0C,Proactive Billing Intervention — Payment Risk Driver Detected,billing_recovery,Startup,1,499.0,Contact customer directly to confirm payment details and offer alternative payment methods before the subscription lapses.,Customer Success Manager,Medium,Low,324.35,Medium
IV-F901E2A4,Proactive Billing Intervention — Payment Risk Driver Detected,billing_recovery,SMB,1,499.0,Contact customer directly to confirm payment details and offer alternative payment methods before the subscription lapses.,Customer Success Manager,Medium,Low,324.35,Medium
IV-712475EC,Proactive Billing Intervention — Payment Risk Driver Detected,billing_recovery,Startup,1,499.0,Contact customer directly to confirm payment details and offer alternative payment methods before the subscription lapses.,Customer Success Manager,Medium,Low,324.35,Medium
IV-C977B9FE,Proactive Billing Intervention — Payment Risk Driver Detected,billing_recovery,SMB,1,499.0,Contact customer directly to confirm payment details and offer alternative payment methods before the subscription lapses.,Customer Success Manager,Medium,Low,324.35,Medium
IV-1FE141A7,Automated Payment Recovery — Failed Transaction,billing_recovery,SMB,1,245.0,"Trigger dunning sequence: retry payment after 3 days, send payment update email after 5 days, escalate to CSM after 10 days.",Billing Automation,High,Low,208.25,Medium
IV-E9610573,Automated Payment Recovery — Failed Transaction,billing_recovery,Startup,1,199.0,"Trigger dunning sequence: retry payment after 3 days, send payment update email after 5 days, escalate to CSM after 10 days.",Billing Automation,High,Low,169.15,Low
IV-0860A713,Automated Payment Recovery — Failed Transaction,billing_recovery,Startup,1,199.0,"Trigger dunning sequence: retry payment after 3 days, send payment update email after 5 days, escalate to CSM after 10 days.",Billing Automation,High,Low,169.15,Low
IV-1CF3D6E1,Automated Payment Recovery — Failed Transaction,billing_recovery,SMB,1,199.0,"Trigger dunning sequence: retry payment after 3 days, send payment update email after 5 days, escalate to CSM after 10 days.",Billing Automation,High,Low,169.15,Low
IV-275CCF07,Automated Payment Recovery — Failed Transaction,billing_recovery,SMB,1,199.0,"Trigger dunning sequence: retry payment after 3 days, send payment update email after 5 days, escalate to CSM after 10 days.",Billing Automation,High,Low,169.15,Low
IV-B3854252,Automated Payment Recovery — Failed Transaction,billing_recovery,SMB,1,199.0,"Trigger dunning sequence: retry payment after 3 days, send payment update email after 5 days, escalate to CSM after 10 days.",Billing Automation,High,Low,169.15,Low
IV-5A268B79,Automated Payment Recovery — Failed Transaction,billing_recovery,Startup,1,199.0,"Trigger dunning sequence: retry payment after 3 days, send payment update email after 5 days, escalate to CSM after 10 days.",Billing Automation,High,Low,169.15,Low
IV-19139DDB,Automated Payment Recovery — Failed Transaction,billing_recovery,Mid-Market,1,199.0,"Trigger dunning sequence: retry payment after 3 days, send payment update email after 5 days, escalate to CSM after 10 days.",Billing Automation,High,Low,169.15,Low
IV-A4C723A7,Automated Payment Recovery — Failed Transaction,billing_recovery,SMB,1,199.0,"Trigger dunning sequence: retry payment after 3 days, send payment update email after 5 days, escalate to CSM after 10 days.",Billing Automation,High,Low,169.15,Low
IV-FB175ED5,Automated Payment Recovery — Failed Transaction,billing_recovery,Enterprise,1,199.0,"Trigger dunning sequence: retry payment after 3 days, send payment update email after 5 days, escalate to CSM after 10 days.",Billing Automation,High,Low,169.15,Low
IV-64130FFC,Automated Payment Recovery — Failed Transaction,billing_recovery,SMB,1,199.0,"Trigger dunning sequence: retry payment after 3 days, send payment update email after 5 days, escalate to CSM after 10 days.",Billing Automation,High,Low,169.15,Low
IV-A115E6A6,Automated Payment Recovery — Failed Transaction,billing_recovery,Startup,1,199.0,"Trigger dunning sequence: retry payment after 3 days, send payment update email after 5 days, escalate to CSM after 10 days.",Billing Automation,High,Low,169.15,Low
IV-8830B2CC,Automated Payment Recovery — Failed Transaction,billing_recovery,Startup,1,199.0,"Trigger dunning sequence: retry payment after 3 days, send payment update email after 5 days, escalate to CSM after 10 days.",Billing Automation,High,Low,169.15,Low
IV-EDC6A5B1,Automated Payment Recovery — Failed Transaction,billing_recovery,Startup,1,199.0,"Trigger dunning sequence: retry payment after 3 days, send payment update email after 5 days, escalate to CSM after 10 days.",Billing Automation,High,Low,169.15,Low
IV-B2D6AD25,Automated Payment Recovery — Failed Transaction,billing_recovery,Startup,1,199.0,"Trigger dunning sequence: retry payment after 3 days, send payment update email after 5 days, escalate to CSM after 10 days.",Billing Automation,High,Low,169.15,Low
IV-62283A44,Automated Payment Recovery — Failed Transaction,billing_recovery,Startup,1,199.0,"Trigger dunning sequence: retry payment after 3 days, send payment update email after 5 days, escalate to CSM after 10 days.",Billing Automation,High,Low,169.15,Low
IV-364FCF69,Automated Payment Recovery — Failed Transaction,billing_recovery,Startup,1,199.0,"Trigger dunning sequence: retry payment after 3 days, send payment update email after 5 days, escalate to CSM after 10 days.",Billing Automation,High,Low,169.15,Low
IV-26658C25,Automated Payment Recovery — Failed Transaction,billing_recovery,Startup,1,199.0,"Trigger dunning sequence: retry payment after 3 days, send payment update email after 5 days, escalate to CSM after 10 days.",Billing Automation,High,Low,169.15,Low
IV-59CE5BA1,Automated Payment Recovery — Failed Transaction,billing_recovery,Startup,1,199.0,"Trigger dunning sequence: retry payment after 3 days, send payment update email after 5 days, escalate to CSM after 10 days.",Billing Automation,High,Low,169.15,Low
IV-3B06E9B0,Automated Payment Recovery — Failed Transaction,billing_recovery,SMB,1,199.0,"Trigger dunning sequence: retry payment after 3 days, send payment update email after 5 days, escalate to CSM after 10 days.",Billing Automation,High,Low,169.15,Low
IV-7B3BD39D,Automated Payment Recovery — Failed Transaction,billing_recovery,SMB,1,199.0,"Trigger dunning sequence: retry payment after 3 days, send payment update email after 5 days, escalate to CSM after 10 days.",Billing Automation,High,Low,169.15,Low
IV-8514765B,Automated Payment Recovery — Failed Transaction,billing_recovery,Mid-Market,1,199.0,"Trigger dunning sequence: retry payment after 3 days, send payment update email after 5 days, escalate to CSM after 10 days.",Billing Automation,High,Low,169.15,Low
IV-83B93F10,Automated Payment Recovery — Failed Transaction,billing_recovery,SMB,1,199.0,"Trigger dunning sequence: retry payment after 3 days, send payment update email after 5 days, escalate to CSM after 10 days.",Billing Automation,High,Low,169.15,Low
IV-F14B48A1,Automated Payment Recovery — Failed Transaction,billing_recovery,Startup,1,199.0,"Trigger dunning sequence: retry payment after 3 days, send payment update email after 5 days, escalate to CSM after 10 days.",Billing Automation,High,Low,169.15,Low
IV-80ED1F9F,Automated Payment Recovery — Failed Transaction,billing_recovery,SMB,1,199.0,"Trigger dunning sequence: retry payment after 3 days, send payment update email after 5 days, escalate to CSM after 10 days.",Billing Automation,High,Low,169.15,Low
IV-63D13E3C,Automated Payment Recovery — Failed Transaction,billing_recovery,Startup,1,199.0,"Trigger dunning sequence: retry payment after 3 days, send payment update email after 5 days, escalate to CSM after 10 days.",Billing Automation,High,Low,169.15,Low
IV-91C27F47,Automated Payment Recovery — Failed Transaction,billing_recovery,Mid-Market,1,199.0,"Trigger dunning sequence: retry payment after 3 days, send payment update email after 5 days, escalate to CSM after 10 days.",Billing Automation,High,Low,169.15,Low
IV-59161053,Automated Payment Recovery — Failed Transaction,billing_recovery,SMB,1,199.0,"Trigger dunning sequence: retry payment after 3 days, send payment update email after 5 days, escalate to CSM after 10 days.",Billing Automation,High,Low,169.15,Low
IV-6A27AAB9,Automated Payment Recovery — Failed Transaction,billing_recovery,Mid-Market,1,199.0,"Trigger dunning sequence: retry payment after 3 days, send payment update email after 5 days, escalate to CSM after 10 days.",Billing Automation,High,Low,169.15,Low
IV-C5EFB8BD,Automated Payment Recovery — Failed Transaction,billing_recovery,Mid-Market,1,199.0,"Trigger dunning sequence: retry payment after 3 days, send payment update email after 5 days, escalate to CSM after 10 days.",Billing Automation,High,Low,169.15,Low
IV-979A8F2C,Automated Payment Recovery — Failed Transaction,billing_recovery,Mid-Market,1,199.0,"Trigger dunning sequence: retry payment after 3 days, send payment update email after 5 days, escalate to CSM after 10 days.",Billing Automation,High,Low,169.15,Low
IV-1E652B6B,Automated Payment Recovery — Failed Transaction,billing_recovery,Startup,1,199.0,"Trigger dunning sequence: retry payment after 3 days, send payment update email after 5 days, escalate to CSM after 10 days.",Billing Automation,High,Low,169.15,Low
IV-5F06B533,Automated Payment Recovery — Failed Transaction,billing_recovery,Startup,1,199.0,"Trigger dunning sequence: retry payment after 3 days, send payment update email after 5 days, escalate to CSM after 10 days.",Billing Automation,High,Low,169.15,Low
IV-AA4D993E,Automated Payment Recovery — Failed Transaction,billing_recovery,SMB,1,199.0,"Trigger dunning sequence: retry payment after 3 days, send payment update email after 5 days, escalate to CSM after 10 days.",Billing Automation,High,Low,169.15,Low
IV-28E1F69A,Automated Payment Recovery — Failed Transaction,billing_recovery,Startup,1,199.0,"Trigger dunning sequence: retry payment after 3 days, send payment update email after 5 days, escalate to CSM after 10 days.",Billing Automation,High,Low,169.15,Low
IV-EA9BB751,Automated Payment Recovery — Failed Transaction,billing_recovery,Startup,1,199.0,"Trigger dunning sequence: retry payment after 3 days, send payment update email after 5 days, escalate to CSM after 10 days.",Billing Automation,High,Low,169.15,Low
IV-FB813AEF,Automated Payment Recovery — Failed Transaction,billing_recovery,Startup,1,199.0,"Trigger dunning sequence: retry payment after 3 days, send payment update email after 5 days, escalate to CSM after 10 days.",Billing Automation,High,Low,169.15,Low
IV-EB3D9F39,Automated Payment Recovery — Failed Transaction,billing_recovery,Startup,1,199.0,"Trigger dunning sequence: retry payment after 3 days, send payment update email after 5 days, escalate to CSM after 10 days.",Billing Automation,High,Low,169.15,Low
IV-DCAFB647,Automated Payment Recovery — Failed Transaction,billing_recovery,Startup,1,199.0,"Trigger dunning sequence: retry payment after 3 days, send payment update email after 5 days, escalate to CSM after 10 days.",Billing Automation,High,Low,169.15,Low
IV-48DCFDB5,Automated Payment Recovery — Failed Transaction,billing_recovery,Startup,1,199.0,"Trigger dunning sequence: retry payment after 3 days, send payment update email after 5 days, escalate to CSM after 10 days.",Billing Automation,High,Low,169.15,Low
IV-CE6C355E,Automated Payment Recovery — Failed Transaction,billing_recovery,SMB,1,199.0,"Trigger dunning sequence: retry payment after 3 days, send payment update email after 5 days, escalate to CSM after 10 days.",Billing Automation,High,Low,169.15,Low
IV-B44A81DB,Automated Payment Recovery — Failed Transaction,billing_recovery,Startup,1,199.0,"Trigger dunning sequence: retry payment after 3 days, send payment update email after 5 days, escalate to CSM after 10 days.",Billing Automation,High,Low,169.15,Low
IV-4794D66A,Automated Payment Recovery — Failed Transaction,billing_recovery,SMB,1,199.0,"Trigger dunning sequence: retry payment after 3 days, send payment update email after 5 days, escalate to CSM after 10 days.",Billing Automation,High,Low,169.15,Low
IV-1723E08A,Automated Payment Recovery — Failed Transaction,billing_recovery,SMB,1,199.0,"Trigger dunning sequence: retry payment after 3 days, send payment update email after 5 days, escalate to CSM after 10 days.",Billing Automation,High,Low,169.15,Low
IV-AF5F5A5A,Automated Payment Recovery — Failed Transaction,billing_recovery,Startup,1,199.0,"Trigger dunning sequence: retry payment after 3 days, send payment update email after 5 days, escalate to CSM after 10 days.",Billing Automation,High,Low,169.15,Low
IV-98DAD5DA,Automated Payment Recovery — Failed Transaction,billing_recovery,SMB,1,199.0,"Trigger dunning sequence: retry payment after 3 days, send payment update email after 5 days, escalate to CSM after 10 days.",Billing Automation,High,Low,169.15,Low
IV-5F63B7A4,Automated Payment Recovery — Failed Transaction,billing_recovery,Mid-Market,1,199.0,"Trigger dunning sequence: retry payment after 3 days, send payment update email after 5 days, escalate to CSM after 10 days.",Billing Automation,High,Low,169.15,Low
IV-AA72B41F,Automated Payment Recovery — Failed Transaction,billing_recovery,Startup,1,199.0,"Trigger dunning sequence: retry payment after 3 days, send payment update email after 5 days, escalate to CSM after 10 days.",Billing Automation,High,Low,169.15,Low
IV-2E0EAD74,Automated Payment Recovery — Failed Transaction,billing_recovery,SMB,1,199.0,"Trigger dunning sequence: retry payment after 3 days, send payment update email after 5 days, escalate to CSM after 10 days.",Billing Automation,High,Low,169.15,Low
IV-70662827,Automated Payment Recovery — Failed Transaction,billing_recovery,SMB,1,199.0,"Trigger dunning sequence: retry payment after 3 days, send payment update email after 5 days, escalate to CSM after 10 days.",Billing Automation,High,Low,169.15,Low
IV-17C05C44,Automated Payment Recovery — Failed Transaction,billing_recovery,SMB,1,199.0,"Trigger dunning sequence: retry payment after 3 days, send payment update email after 5 days, escalate to CSM after 10 days.",Billing Automation,High,Low,169.15,Low
IV-D65F5755,Automated Payment Recovery — Failed Transaction,billing_recovery,SMB,1,199.0,"Trigger dunning sequence: retry payment after 3 days, send payment update email after 5 days, escalate to CSM after 10 days.",Billing Automation,High,Low,169.15,Low
IV-FF529D7B,Automated Payment Recovery — Failed Transaction,billing_recovery,Startup,1,199.0,"Trigger dunning sequence: retry payment after 3 days, send payment update email after 5 days, escalate to CSM after 10 days.",Billing Automation,High,Low,169.15,Low
IV-8FB2307B,Automated Payment Recovery — Failed Transaction,billing_recovery,SMB,1,199.0,"Trigger dunning sequence: retry payment after 3 days, send payment update email after 5 days, escalate to CSM after 10 days.",Billing Automation,High,Low,169.15,Low
IV-5F4BD8B0,Automated Payment Recovery — Failed Transaction,billing_recovery,SMB,1,199.0,"Trigger dunning sequence: retry payment after 3 days, send payment update email after 5 days, escalate to CSM after 10 days.",Billing Automation,High,Low,169.15,Low
IV-8A5E2E8F,Automated Payment Recovery — Failed Transaction,billing_recovery,SMB,1,199.0,"Trigger dunning sequence: retry payment after 3 days, send payment update email after 5 days, escalate to CSM after 10 days.",Billing Automation,High,Low,169.15,Low
IV-9B2D3C7F,Automated Payment Recovery — Failed Transaction,billing_recovery,SMB,1,199.0,"Trigger dunning sequence: retry payment after 3 days, send payment update email after 5 days, escalate to CSM after 10 days.",Billing Automation,High,Low,169.15,Low
IV-22E65875,Automated Payment Recovery — Failed Transaction,billing_recovery,Startup,1,199.0,"Trigger dunning sequence: retry payment after 3 days, send payment update email after 5 days, escalate to CSM after 10 days.",Billing Automation,High,Low,169.15,Low
IV-6E6439E0,Automated Payment Recovery — Failed Transaction,billing_recovery,Startup,1,199.0,"Trigger dunning sequence: retry payment after 3 days, send payment update email after 5 days, escalate to CSM after 10 days.",Billing Automation,High,Low,169.15,Low
IV-EC49A907,Automated Payment Recovery — Failed Transaction,billing_recovery,SMB,1,199.0,"Trigger dunning sequence: retry payment after 3 days, send payment update email after 5 days, escalate to CSM after 10 days.",Billing Automation,High,Low,169.15,Low
IV-B1727FCF,Automated Payment Recovery — Failed Transaction,billing_recovery,Startup,1,199.0,"Trigger dunning sequence: retry payment after 3 days, send payment update email after 5 days, escalate to CSM after 10 days.",Billing Automation,High,Low,169.15,Low
IV-F3634D4E,Automated Payment Recovery — Failed Transaction,billing_recovery,Startup,1,199.0,"Trigger dunning sequence: retry payment after 3 days, send payment update email after 5 days, escalate to CSM after 10 days.",Billing Automation,High,Low,169.15,Low
IV-2C39EF53,Automated Payment Recovery — Failed Transaction,billing_recovery,Enterprise,1,199.0,"Trigger dunning sequence: retry payment after 3 days, send payment update email after 5 days, escalate to CSM after 10 days.",Billing Automation,High,Low,169.15,Low
IV-26B64960,Automated Payment Recovery — Failed Transaction,billing_recovery,Mid-Market,1,199.0,"Trigger dunning sequence: retry payment after 3 days, send payment update email after 5 days, escalate to CSM after 10 days.",Billing Automation,High,Low,169.15,Low
IV-A9F8B5C6,Automated Payment Recovery — Failed Transaction,billing_recovery,Enterprise,1,199.0,"Trigger dunning sequence: retry payment after 3 days, send payment update email after 5 days, escalate to CSM after 10 days.",Billing Automation,High,Low,169.15,Low
IV-56784156,Automated Payment Recovery — Failed Transaction,billing_recovery,SMB,1,199.0,"Trigger dunning sequence: retry payment after 3 days, send payment update email after 5 days, escalate to CSM after 10 days.",Billing Automation,High,Low,169.15,Low
IV-C78544DE,Automated Payment Recovery — Failed Transaction,billing_recovery,SMB,1,199.0,"Trigger dunning sequence: retry payment after 3 days, send payment update email after 5 days, escalate to CSM after 10 days.",Billing Automation,High,Low,169.15,Low
IV-DBB9FB90,Automated Payment Recovery — Failed Transaction,billing_recovery,Startup,1,199.0,"Trigger dunning sequence: retry payment after 3 days, send payment update email after 5 days, escalate to CSM after 10 days.",Billing Automation,High,Low,169.15,Low
IV-9E7A33C7,Automated Payment Recovery — Failed Transaction,billing_recovery,Mid-Market,1,199.0,"Trigger dunning sequence: retry payment after 3 days, send payment update email after 5 days, escalate to CSM after 10 days.",Billing Automation,High,Low,169.15,Low
IV-3CEDA7DD,Automated Payment Recovery — Failed Transaction,billing_recovery,SMB,1,199.0,"Trigger dunning sequence: retry payment after 3 days, send payment update email after 5 days, escalate to CSM after 10 days.",Billing Automation,High,Low,169.15,Low
IV-2DC6120B,Automated Payment Recovery — Failed Transaction,billing_recovery,Mid-Market,1,199.0,"Trigger dunning sequence: retry payment after 3 days, send payment update email after 5 days, escalate to CSM after 10 days.",Billing Automation,High,Low,169.15,Low
IV-AB2C3E26,Automated Payment Recovery — Failed Transaction,billing_recovery,Mid-Market,1,199.0,"Trigger dunning sequence: retry payment after 3 days, send payment update email after 5 days, escalate to CSM after 10 days.",Billing Automation,High,Low,169.15,Low
IV-D88A7052,Automated Payment Recovery — Failed Transaction,billing_recovery,Startup,1,199.0,"Trigger dunning sequence: retry payment after 3 days, send payment update email after 5 days, escalate to CSM after 10 days.",Billing Automation,High,Low,169.15,Low
IV-F790A8AE,Automated Payment Recovery — Failed Transaction,billing_recovery,SMB,1,199.0,"Trigger dunning sequence: retry payment after 3 days, send payment update email after 5 days, escalate to CSM after 10 days.",Billing Automation,High,Low,169.15,Low
IV-9742EFF1,Past-Due Account Escalation,billing_recovery,SMB,1,199.0,Escalate to finance for account hold review. Send formal payment demand notice and suspend non-critical features until resolved.,Finance Operations,High,Low,169.15,Low
IV-4E4A2915,Past-Due Account Escalation,billing_recovery,Startup,1,199.0,Escalate to finance for account hold review. Send formal payment demand notice and suspend non-critical features until resolved.,Finance Operations,High,Low,169.15,Low
IV-5E253E03,Past-Due Account Escalation,billing_recovery,SMB,1,199.0,Escalate to finance for account hold review. Send formal payment demand notice and suspend non-critical features until resolved.,Finance Operations,High,Low,169.15,Low
IV-135E66DD,Past-Due Account Escalation,billing_recovery,SMB,1,199.0,Escalate to finance for account hold review. Send formal payment demand notice and suspend non-critical features until resolved.,Finance Operations,High,Low,169.15,Low
IV-BF8D6F64,Past-Due Account Escalation,billing_recovery,Startup,1,199.0,Escalate to finance for account hold review. Send formal payment demand notice and suspend non-critical features until resolved.,Finance Operations,High,Low,169.15,Low
IV-9833A01A,Past-Due Account Escalation,billing_recovery,SMB,1,199.0,Escalate to finance for account hold review. Send formal payment demand notice and suspend non-critical features until resolved.,Finance Operations,High,Low,169.15,Low
IV-70E885E7,Past-Due Account Escalation,billing_recovery,SMB,1,199.0,Escalate to finance for account hold review. Send formal payment demand notice and suspend non-critical features until resolved.,Finance Operations,High,Low,169.15,Low
IV-FCA193C0,Past-Due Account Escalation,billing_recovery,SMB,1,199.0,Escalate to finance for account hold review. Send formal payment demand notice and suspend non-critical features until resolved.,Finance Operations,High,Low,169.15,Low
IV-8C722A80,Past-Due Account Escalation,billing_recovery,SMB,1,199.0,Escalate to finance for account hold review. Send formal payment demand notice and suspend non-critical features until resolved.,Finance Operations,High,Low,169.15,Low
IV-82B8E1A7,Past-Due Account Escalation,billing_recovery,Startup,1,199.0,Escalate to finance for account hold review. Send formal payment demand notice and suspend non-critical features until resolved.,Finance Operations,High,Low,169.15,Low
IV-38FED20B,Past-Due Account Escalation,billing_recovery,Enterprise,1,199.0,Escalate to finance for account hold review. Send formal payment demand notice and suspend non-critical features until resolved.,Finance Operations,High,Low,169.15,Low
IV-71CEB2A4,Past-Due Account Escalation,billing_recovery,Mid-Market,1,199.0,Escalate to finance for account hold review. Send formal payment demand notice and suspend non-critical features until resolved.,Finance Operations,High,Low,169.15,Low
IV-64CDD013,Past-Due Account Escalation,billing_recovery,SMB,1,199.0,Escalate to finance for account hold review. Send formal payment demand notice and suspend non-critical features until resolved.,Finance Operations,High,Low,169.15,Low
IV-3382B5B7,Past-Due Account Escalation,billing_recovery,SMB,1,199.0,Escalate to finance for account hold review. Send formal payment demand notice and suspend non-critical features until resolved.,Finance Operations,High,Low,169.15,Low
IV-3AD02E02,Past-Due Account Escalation,billing_recovery,SMB,1,199.0,Escalate to finance for account hold review. Send formal payment demand notice and suspend non-critical features until resolved.,Finance Operations,High,Low,169.15,Low
IV-D268D177,Past-Due Account Escalation,billing_recovery,Startup,1,199.0,Escalate to finance for account hold review. Send formal payment demand notice and suspend non-critical features until resolved.,Finance Operations,High,Low,169.15,Low
IV-82F1B54E,Past-Due Account Escalation,billing_recovery,Startup,1,199.0,Escalate to finance for account hold review. Send formal payment demand notice and suspend non-critical features until resolved.,Finance Operations,High,Low,169.15,Low
IV-59265A9C,Past-Due Account Escalation,billing_recovery,SMB,1,199.0,Escalate to finance for account hold review. Send formal payment demand notice and suspend non-critical features until resolved.,Finance Operations,High,Low,169.15,Low
IV-220BC4B2,Automated Payment Recovery — Failed Transaction,billing_recovery,Startup,1,196.0,"Trigger dunning sequence: retry payment after 3 days, send payment update email after 5 days, escalate to CSM after 10 days.",Billing Automation,High,Low,166.6,Low
IV-985C161E,Proactive Billing Intervention — Payment Risk Driver Detected,billing_recovery,Mid-Market,1,199.0,Contact customer directly to confirm payment details and offer alternative payment methods before the subscription lapses.,Customer Success Manager,Medium,Low,129.35,Low
IV-BA316F12,Proactive Billing Intervention — Payment Risk Driver Detected,billing_recovery,Startup,1,199.0,Contact customer directly to confirm payment details and offer alternative payment methods before the subscription lapses.,Customer Success Manager,Medium,Low,129.35,Low
IV-6AB962F6,Proactive Billing Intervention — Payment Risk Driver Detected,billing_recovery,SMB,1,199.0,Contact customer directly to confirm payment details and offer alternative payment methods before the subscription lapses.,Customer Success Manager,Medium,Low,129.35,Low
IV-645BF33E,Proactive Billing Intervention — Payment Risk Driver Detected,billing_recovery,Startup,1,199.0,Contact customer directly to confirm payment details and offer alternative payment methods before the subscription lapses.,Customer Success Manager,Medium,Low,129.35,Low
IV-024C952E,Proactive Billing Intervention — Payment Risk Driver Detected,billing_recovery,SMB,1,199.0,Contact customer directly to confirm payment details and offer alternative payment methods before the subscription lapses.,Customer Success Manager,Medium,Low,129.35,Low
IV-450D9992,Proactive Billing Intervention — Payment Risk Driver Detected,billing_recovery,Startup,1,199.0,Contact customer directly to confirm payment details and offer alternative payment methods before the subscription lapses.,Customer Success Manager,Medium,Low,129.35,Low
IV-CD89DE31,Proactive Billing Intervention — Payment Risk Driver Detected,billing_recovery,SMB,1,199.0,Contact customer directly to confirm payment details and offer alternative payment methods before the subscription lapses.,Customer Success Manager,Medium,Low,129.35,Low
IV-8D046121,Proactive Billing Intervention — Payment Risk Driver Detected,billing_recovery,Startup,1,199.0,Contact customer directly to confirm payment details and offer alternative payment methods before the subscription lapses.,Customer Success Manager,Medium,Low,129.35,Low
IV-7787009D,Proactive Billing Intervention — Payment Risk Driver Detected,billing_recovery,Startup,1,199.0,Contact customer directly to confirm payment details and offer alternative payment methods before the subscription lapses.,Customer Success Manager,Medium,Low,129.35,Low
IV-3DCFCEC8,Proactive Billing Intervention — Payment Risk Driver Detected,billing_recovery,SMB,1,199.0,Contact customer directly to confirm payment details and offer alternative payment methods before the subscription lapses.,Customer Success Manager,Medium,Low,129.35,Low
IV-0F475EFD,Proactive Billing Intervention — Payment Risk Driver Detected,billing_recovery,Mid-Market,1,199.0,Contact customer directly to confirm payment details and offer alternative payment methods before the subscription lapses.,Customer Success Manager,Medium,Low,129.35,Low
IV-2B8FF44A,Proactive Billing Intervention — Payment Risk Driver Detected,billing_recovery,Startup,1,199.0,Contact customer directly to confirm payment details and offer alternative payment methods before the subscription lapses.,Customer Success Manager,Medium,Low,129.35,Low
IV-4460D0D4,Proactive Billing Intervention — Payment Risk Driver Detected,billing_recovery,SMB,1,199.0,Contact customer directly to confirm payment details and offer alternative payment methods before the subscription lapses.,Customer Success Manager,Medium,Low,129.35,Low
IV-EC90F54E,Proactive Billing Intervention — Payment Risk Driver Detected,billing_recovery,SMB,1,199.0,Contact customer directly to confirm payment details and offer alternative payment methods before the subscription lapses.,Customer Success Manager,Medium,Low,129.35,Low
IV-7F57D2A3,Proactive Billing Intervention — Payment Risk Driver Detected,billing_recovery,Startup,1,199.0,Contact customer directly to confirm payment details and offer alternative payment methods before the subscription lapses.,Customer Success Manager,Medium,Low,129.35,Low
IV-D799A1DC,Proactive Billing Intervention — Payment Risk Driver Detected,billing_recovery,SMB,1,199.0,Contact customer directly to confirm payment details and offer alternative payment methods before the subscription lapses.,Customer Success Manager,Medium,Low,129.35,Low
IV-2BF0D7BA,Proactive Billing Intervention — Payment Risk Driver Detected,billing_recovery,SMB,1,199.0,Contact customer directly to confirm payment details and offer alternative payment methods before the subscription lapses.,Customer Success Manager,Medium,Low,129.35,Low
IV-4F6DE2A9,Proactive Billing Intervention — Payment Risk Driver Detected,billing_recovery,SMB,1,199.0,Contact customer directly to confirm payment details and offer alternative payment methods before the subscription lapses.,Customer Success Manager,Medium,Low,129.35,Low
IV-0F3F1D42,Proactive Billing Intervention — Payment Risk Driver Detected,billing_recovery,Mid-Market,1,199.0,Contact customer directly to confirm payment details and offer alternative payment methods before the subscription lapses.,Customer Success Manager,Medium,Low,129.35,Low
IV-9A491B3A,Proactive Billing Intervention — Payment Risk Driver Detected,billing_recovery,SMB,1,199.0,Contact customer directly to confirm payment details and offer alternative payment methods before the subscription lapses.,Customer Success Manager,Medium,Low,129.35,Low
IV-FE14240D,Proactive Billing Intervention — Payment Risk Driver Detected,billing_recovery,SMB,1,199.0,Contact customer directly to confirm payment details and offer alternative payment methods before the subscription lapses.,Customer Success Manager,Medium,Low,129.35,Low
IV-2749F31F,Proactive Billing Intervention — Payment Risk Driver Detected,billing_recovery,Startup,1,199.0,Contact customer directly to confirm payment details and offer alternative payment methods before the subscription lapses.,Customer Success Manager,Medium,Low,129.35,Low
IV-22150E01,Proactive Billing Intervention — Payment Risk Driver Detected,billing_recovery,Startup,1,199.0,Contact customer directly to confirm payment details and offer alternative payment methods before the subscription lapses.,Customer Success Manager,Medium,Low,129.35,Low
IV-58E714C6,Proactive Billing Intervention — Payment Risk Driver Detected,billing_recovery,Mid-Market,1,199.0,Contact customer directly to confirm payment details and offer alternative payment methods before the subscription lapses.,Customer Success Manager,Medium,Low,129.35,Low
IV-5D96310C,Proactive Billing Intervention — Payment Risk Driver Detected,billing_recovery,Startup,1,199.0,Contact customer directly to confirm payment details and offer alternative payment methods before the subscription lapses.,Customer Success Manager,Medium,Low,129.35,Low
IV-A2CC699C,Proactive Billing Intervention — Payment Risk Driver Detected,billing_recovery,Startup,1,199.0,Contact customer directly to confirm payment details and offer alternative payment methods before the subscription lapses.,Customer Success Manager,Medium,Low,129.35,Low
IV-7AD96C25,Proactive Billing Intervention — Payment Risk Driver Detected,billing_recovery,Startup,1,199.0,Contact customer directly to confirm payment details and offer alternative payment methods before the subscription lapses.,Customer Success Manager,Medium,Low,129.35,Low
IV-A628DDC3,Proactive Billing Intervention — Payment Risk Driver Detected,billing_recovery,Startup,1,199.0,Contact customer directly to confirm payment details and offer alternative payment methods before the subscription lapses.,Customer Success Manager,Medium,Low,129.35,Low
IV-1C4BBB14,Proactive Billing Intervention — Payment Risk Driver Detected,billing_recovery,Startup,1,199.0,Contact customer directly to confirm payment details and offer alternative payment methods before the subscription lapses.,Customer Success Manager,Medium,Low,129.35,Low
IV-F2751806,Proactive Billing Intervention — Payment Risk Driver Detected,billing_recovery,SMB,1,199.0,Contact customer directly to confirm payment details and offer alternative payment methods before the subscription lapses.,Customer Success Manager,Medium,Low,129.35,Low
IV-C3E76FFF,Proactive Billing Intervention — Payment Risk Driver Detected,billing_recovery,Startup,1,199.0,Contact customer directly to confirm payment details and offer alternative payment methods before the subscription lapses.,Customer Success Manager,Medium,Low,129.35,Low
IV-FF4877CB,Proactive Billing Intervention — Payment Risk Driver Detected,billing_recovery,SMB,1,199.0,Contact customer directly to confirm payment details and offer alternative payment methods before the subscription lapses.,Customer Success Manager,Medium,Low,129.35,Low
IV-71C13F47,Proactive Billing Intervention — Payment Risk Driver Detected,billing_recovery,Mid-Market,1,199.0,Contact customer directly to confirm payment details and offer alternative payment methods before the subscription lapses.,Customer Success Manager,Medium,Low,129.35,Low
IV-677467A7,Proactive Billing Intervention — Payment Risk Driver Detected,billing_recovery,Startup,1,199.0,Contact customer directly to confirm payment details and offer alternative payment methods before the subscription lapses.,Customer Success Manager,Medium,Low,129.35,Low
IV-5EE8E7FE,Proactive Billing Intervention — Payment Risk Driver Detected,billing_recovery,Enterprise,1,199.0,Contact customer directly to confirm payment details and offer alternative payment methods before the subscription lapses.,Customer Success Manager,Medium,Low,129.35,Low
IV-41DB5A7A,Proactive Billing Intervention — Payment Risk Driver Detected,billing_recovery,Mid-Market,1,199.0,Contact customer directly to confirm payment details and offer alternative payment methods before the subscription lapses.,Customer Success Manager,Medium,Low,129.35,Low
IV-5B720FAA,Proactive Billing Intervention — Payment Risk Driver Detected,billing_recovery,Startup,1,199.0,Contact customer directly to confirm payment details and offer alternative payment methods before the subscription lapses.,Customer Success Manager,Medium,Low,129.35,Low
IV-E91CF98F,Proactive Billing Intervention — Payment Risk Driver Detected,billing_recovery,SMB,1,199.0,Contact customer directly to confirm payment details and offer alternative payment methods before the subscription lapses.,Customer Success Manager,Medium,Low,129.35,Low
IV-E17686AF,Proactive Billing Intervention — Payment Risk Driver Detected,billing_recovery,SMB,1,199.0,Contact customer directly to confirm payment details and offer alternative payment methods before the subscription lapses.,Customer Success Manager,Medium,Low,129.35,Low
IV-FEB1A12C,Proactive Billing Intervention — Payment Risk Driver Detected,billing_recovery,Startup,1,199.0,Contact customer directly to confirm payment details and offer alternative payment methods before the subscription lapses.,Customer Success Manager,Medium,Low,129.35,Low
IV-B1DE760F,Proactive Billing Intervention — Payment Risk Driver Detected,billing_recovery,Startup,1,199.0,Contact customer directly to confirm payment details and offer alternative payment methods before the subscription lapses.,Customer Success Manager,Medium,Low,129.35,Low
IV-127FD236,Proactive Billing Intervention — Payment Risk Driver Detected,billing_recovery,SMB,1,199.0,Contact customer directly to confirm payment details and offer alternative payment methods before the subscription lapses.,Customer Success Manager,Medium,Low,129.35,Low
IV-5EA887E3,Proactive Billing Intervention — Payment Risk Driver Detected,billing_recovery,Enterprise,1,199.0,Contact customer directly to confirm payment details and offer alternative payment methods before the subscription lapses.,Customer Success Manager,Medium,Low,129.35,Low
IV-FE9BF35F,Proactive Billing Intervention — Payment Risk Driver Detected,billing_recovery,SMB,1,199.0,Contact customer directly to confirm payment details and offer alternative payment methods before the subscription lapses.,Customer Success Manager,Medium,Low,129.35,Low
IV-1D607121,Proactive Billing Intervention — Payment Risk Driver Detected,billing_recovery,Startup,1,199.0,Contact customer directly to confirm payment details and offer alternative payment methods before the subscription lapses.,Customer Success Manager,Medium,Low,129.35,Low
IV-8D397444,Proactive Billing Intervention — Payment Risk Driver Detected,billing_recovery,SMB,1,199.0,Contact customer directly to confirm payment details and offer alternative payment methods before the subscription lapses.,Customer Success Manager,Medium,Low,129.35,Low
IV-ADFA2DC0,Proactive Billing Intervention — Payment Risk Driver Detected,billing_recovery,SMB,1,199.0,Contact customer directly to confirm payment details and offer alternative payment methods before the subscription lapses.,Customer Success Manager,Medium,Low,129.35,Low
IV-33B43B4C,Proactive Billing Intervention — Payment Risk Driver Detected,billing_recovery,Startup,1,199.0,Contact customer directly to confirm payment details and offer alternative payment methods before the subscription lapses.,Customer Success Manager,Medium,Low,129.35,Low
IV-68D111FE,Proactive Billing Intervention — Payment Risk Driver Detected,billing_recovery,Startup,1,199.0,Contact customer directly to confirm payment details and offer alternative payment methods before the subscription lapses.,Customer Success Manager,Medium,Low,129.35,Low
IV-CC3CFB66,Proactive Billing Intervention — Payment Risk Driver Detected,billing_recovery,Startup,1,199.0,Contact customer directly to confirm payment details and offer alternative payment methods before the subscription lapses.,Customer Success Manager,Medium,Low,129.35,Low
IV-4E2E0C6E,Proactive Billing Intervention — Payment Risk Driver Detected,billing_recovery,Startup,1,199.0,Contact customer directly to confirm payment details and offer alternative payment methods before the subscription lapses.,Customer Success Manager,Medium,Low,129.35,Low
IV-2ADEC65B,Proactive Billing Intervention — Payment Risk Driver Detected,billing_recovery,Mid-Market,1,199.0,Contact customer directly to confirm payment details and offer alternative payment methods before the subscription lapses.,Customer Success Manager,Medium,Low,129.35,Low
IV-C884D686,Proactive Billing Intervention — Payment Risk Driver Detected,billing_recovery,Startup,1,199.0,Contact customer directly to confirm payment details and offer alternative payment methods before the subscription lapses.,Customer Success Manager,Medium,Low,129.35,Low
IV-6AA1D67B,Proactive Billing Intervention — Payment Risk Driver Detected,billing_recovery,SMB,1,199.0,Contact customer directly to confirm payment details and offer alternative payment methods before the subscription lapses.,Customer Success Manager,Medium,Low,129.35,Low
IV-19A97F32,Proactive Billing Intervention — Payment Risk Driver Detected,billing_recovery,SMB,1,199.0,Contact customer directly to confirm payment details and offer alternative payment methods before the subscription lapses.,Customer Success Manager,Medium,Low,129.35,Low
IV-633326DA,Proactive Billing Intervention — Payment Risk Driver Detected,billing_recovery,Mid-Market,1,199.0,Contact customer directly to confirm payment details and offer alternative payment methods before the subscription lapses.,Customer Success Manager,Medium,Low,129.35,Low
IV-95AED684,Proactive Billing Intervention — Payment Risk Driver Detected,billing_recovery,Startup,1,199.0,Contact customer directly to confirm payment details and offer alternative payment methods before the subscription lapses.,Customer Success Manager,Medium,Low,129.35,Low
IV-A806D3CE,Proactive Billing Intervention — Payment Risk Driver Detected,billing_recovery,SMB,1,199.0,Contact customer directly to confirm payment details and offer alternative payment methods before the subscription lapses.,Customer Success Manager,Medium,Low,129.35,Low
IV-41C38823,Proactive Billing Intervention — Payment Risk Driver Detected,billing_recovery,SMB,1,199.0,Contact customer directly to confirm payment details and offer alternative payment methods before the subscription lapses.,Customer Success Manager,Medium,Low,129.35,Low
IV-48D286BC,Proactive Billing Intervention — Payment Risk Driver Detected,billing_recovery,Startup,1,199.0,Contact customer directly to confirm payment details and offer alternative payment methods before the subscription lapses.,Customer Success Manager,Medium,Low,129.35,Low
IV-8ACB9E02,Proactive Billing Intervention — Payment Risk Driver Detected,billing_recovery,SMB,1,199.0,Contact customer directly to confirm payment details and offer alternative payment methods before the subscription lapses.,Customer Success Manager,Medium,Low,129.35,Low
IV-D03A4847,Proactive Billing Intervention — Payment Risk Driver Detected,billing_recovery,SMB,1,199.0,Contact customer directly to confirm payment details and offer alternative payment methods before the subscription lapses.,Customer Success Manager,Medium,Low,129.35,Low
IV-14ED90BB,Proactive Billing Intervention — Payment Risk Driver Detected,billing_recovery,Startup,1,199.0,Contact customer directly to confirm payment details and offer alternative payment methods before the subscription lapses.,Customer Success Manager,Medium,Low,129.35,Low
IV-AA39C58D,Proactive Billing Intervention — Payment Risk Driver Detected,billing_recovery,Startup,1,199.0,Contact customer directly to confirm payment details and offer alternative payment methods before the subscription lapses.,Customer Success Manager,Medium,Low,129.35,Low
IV-D91598E7,Proactive Billing Intervention — Payment Risk Driver Detected,billing_recovery,Mid-Market,1,199.0,Contact customer directly to confirm payment details and offer alternative payment methods before the subscription lapses.,Customer Success Manager,Medium,Low,129.35,Low
IV-B22675B0,Proactive Billing Intervention — Payment Risk Driver Detected,billing_recovery,Startup,1,199.0,Contact customer directly to confirm payment details and offer alternative payment methods before the subscription lapses.,Customer Success Manager,Medium,Low,129.35,Low
IV-AFE60FB9,Proactive Billing Intervention — Payment Risk Driver Detected,billing_recovery,Mid-Market,1,199.0,Contact customer directly to confirm payment details and offer alternative payment methods before the subscription lapses.,Customer Success Manager,Medium,Low,129.35,Low
IV-6654BDFE,Proactive Billing Intervention — Payment Risk Driver Detected,billing_recovery,SMB,1,199.0,Contact customer directly to confirm payment details and offer alternative payment methods before the subscription lapses.,Customer Success Manager,Medium,Low,129.35,Low
IV-FB68B0D3,Proactive Billing Intervention — Payment Risk Driver Detected,billing_recovery,Startup,1,199.0,Contact customer directly to confirm payment details and offer alternative payment methods before the subscription lapses.,Customer Success Manager,Medium,Low,129.35,Low
IV-D8B53C75,Proactive Billing Intervention — Payment Risk Driver Detected,billing_recovery,Mid-Market,1,199.0,Contact customer directly to confirm payment details and offer alternative payment methods before the subscription lapses.,Customer Success Manager,Medium,Low,129.35,Low
IV-CC02F71A,Automated Payment Recovery — Failed Transaction,billing_recovery,Startup,1,147.0,"Trigger dunning sequence: retry payment after 3 days, send payment update email after 5 days, escalate to CSM after 10 days.",Billing Automation,High,Low,124.95,Low
IV-6B35ED4A,Automated Payment Recovery — Failed Transaction,billing_recovery,Startup,1,147.0,"Trigger dunning sequence: retry payment after 3 days, send payment update email after 5 days, escalate to CSM after 10 days.",Billing Automation,High,Low,124.95,Low
IV-CD5ADE5F,Automated Payment Recovery — Failed Transaction,billing_recovery,Startup,1,147.0,"Trigger dunning sequence: retry payment after 3 days, send payment update email after 5 days, escalate to CSM after 10 days.",Billing Automation,High,Low,124.95,Low
IV-B63C9B40,Automated Payment Recovery — Failed Transaction,billing_recovery,SMB,1,147.0,"Trigger dunning sequence: retry payment after 3 days, send payment update email after 5 days, escalate to CSM after 10 days.",Billing Automation,High,Low,124.95,Low
IV-ADC68AFC,Automated Payment Recovery — Failed Transaction,billing_recovery,Mid-Market,1,147.0,"Trigger dunning sequence: retry payment after 3 days, send payment update email after 5 days, escalate to CSM after 10 days.",Billing Automation,High,Low,124.95,Low
IV-962A26E0,Automated Payment Recovery — Failed Transaction,billing_recovery,SMB,1,147.0,"Trigger dunning sequence: retry payment after 3 days, send payment update email after 5 days, escalate to CSM after 10 days.",Billing Automation,High,Low,124.95,Low
IV-B3328034,Mid-Market Retention Escalation — Critical Risk,retention,Mid-Market,1,499.0,Immediate CSM outreach. Conduct health-check call and offer feature enablement session to re-establish value.,Customer Success Manager,Medium,High,108.12,Low
IV-6EAD78D6,SMB Re-engagement Offer — High Churn Risk,retention,SMB,1,499.0,Send personalised in-app re-engagement campaign with 15% discount for 3-month commitment. Follow up with feature tutorial email sequence.,Marketing Automation,Medium,High,108.12,Low
IV-0DCA5810,SMB Re-engagement Offer — High Churn Risk,retention,SMB,1,499.0,Send personalised in-app re-engagement campaign with 15% discount for 3-month commitment. Follow up with feature tutorial email sequence.,Marketing Automation,Medium,High,108.12,Low
IV-02BE3855,SMB Re-engagement Offer — High Churn Risk,retention,SMB,1,499.0,Send personalised in-app re-engagement campaign with 15% discount for 3-month commitment. Follow up with feature tutorial email sequence.,Marketing Automation,Medium,High,108.12,Low
IV-67AEF960,SMB Re-engagement Offer — High Churn Risk,retention,SMB,1,499.0,Send personalised in-app re-engagement campaign with 15% discount for 3-month commitment. Follow up with feature tutorial email sequence.,Marketing Automation,Medium,High,108.12,Low
IV-805234B1,SMB Re-engagement Offer — High Churn Risk,retention,SMB,1,499.0,Send personalised in-app re-engagement campaign with 15% discount for 3-month commitment. Follow up with feature tutorial email sequence.,Marketing Automation,Medium,High,108.12,Low
IV-F250583B,SMB Re-engagement Offer — High Churn Risk,retention,SMB,1,499.0,Send personalised in-app re-engagement campaign with 15% discount for 3-month commitment. Follow up with feature tutorial email sequence.,Marketing Automation,Medium,High,108.12,Low
IV-C82E20DA,SMB Re-engagement Offer — High Churn Risk,retention,SMB,1,499.0,Send personalised in-app re-engagement campaign with 15% discount for 3-month commitment. Follow up with feature tutorial email sequence.,Marketing Automation,Medium,High,108.12,Low
IV-F4F5CDB4,SMB Re-engagement Offer — High Churn Risk,retention,SMB,1,499.0,Send personalised in-app re-engagement campaign with 15% discount for 3-month commitment. Follow up with feature tutorial email sequence.,Marketing Automation,Medium,High,108.12,Low
IV-60056484,SMB Re-engagement Offer — High Churn Risk,retention,SMB,1,499.0,Send personalised in-app re-engagement campaign with 15% discount for 3-month commitment. Follow up with feature tutorial email sequence.,Marketing Automation,Medium,High,108.12,Low
IV-9F52F466,SMB Re-engagement Offer — High Churn Risk,retention,SMB,1,499.0,Send personalised in-app re-engagement campaign with 15% discount for 3-month commitment. Follow up with feature tutorial email sequence.,Marketing Automation,Medium,High,108.12,Low
IV-1C9F797C,SMB Re-engagement Offer — High Churn Risk,retention,SMB,1,499.0,Send personalised in-app re-engagement campaign with 15% discount for 3-month commitment. Follow up with feature tutorial email sequence.,Marketing Automation,Medium,High,108.12,Low
IV-B5CA511B,SMB Re-engagement Offer — High Churn Risk,retention,SMB,1,499.0,Send personalised in-app re-engagement campaign with 15% discount for 3-month commitment. Follow up with feature tutorial email sequence.,Marketing Automation,Medium,High,108.12,Low
IV-DC729815,SMB Re-engagement Offer — High Churn Risk,retention,SMB,1,499.0,Send personalised in-app re-engagement campaign with 15% discount for 3-month commitment. Follow up with feature tutorial email sequence.,Marketing Automation,Medium,High,108.12,Low
IV-0CC942C7,SMB Re-engagement Offer — High Churn Risk,retention,SMB,1,499.0,Send personalised in-app re-engagement campaign with 15% discount for 3-month commitment. Follow up with feature tutorial email sequence.,Marketing Automation,Medium,High,108.12,Low
IV-D1D23FE3,SMB Re-engagement Offer — High Churn Risk,retention,SMB,1,499.0,Send personalised in-app re-engagement campaign with 15% discount for 3-month commitment. Follow up with feature tutorial email sequence.,Marketing Automation,Medium,High,108.12,Low
IV-38B61148,SMB Re-engagement Offer — High Churn Risk,retention,SMB,1,499.0,Send personalised in-app re-engagement campaign with 15% discount for 3-month commitment. Follow up with feature tutorial email sequence.,Marketing Automation,Medium,High,108.12,Low
IV-E1AE8DFA,SMB Re-engagement Offer — High Churn Risk,retention,SMB,1,499.0,Send personalised in-app re-engagement campaign with 15% discount for 3-month commitment. Follow up with feature tutorial email sequence.,Marketing Automation,Medium,High,108.12,Low
IV-DD6EC9AC,SMB Re-engagement Offer — High Churn Risk,retention,SMB,1,499.0,Send personalised in-app re-engagement campaign with 15% discount for 3-month commitment. Follow up with feature tutorial email sequence.,Marketing Automation,Medium,High,108.12,Low
IV-5767097A,SMB Re-engagement Offer — High Churn Risk,retention,SMB,1,499.0,Send personalised in-app re-engagement campaign with 15% discount for 3-month commitment. Follow up with feature tutorial email sequence.,Marketing Automation,Medium,High,108.12,Low
IV-CEAB3A45,SMB Re-engagement Offer — High Churn Risk,retention,SMB,1,499.0,Send personalised in-app re-engagement campaign with 15% discount for 3-month commitment. Follow up with feature tutorial email sequence.,Marketing Automation,Medium,High,108.12,Low
IV-E8A5700F,SMB Re-engagement Offer — High Churn Risk,retention,SMB,1,499.0,Send personalised in-app re-engagement campaign with 15% discount for 3-month commitment. Follow up with feature tutorial email sequence.,Marketing Automation,Medium,High,108.12,Low
IV-AA0E927E,SMB Re-engagement Offer — High Churn Risk,retention,SMB,1,499.0,Send personalised in-app re-engagement campaign with 15% discount for 3-month commitment. Follow up with feature tutorial email sequence.,Marketing Automation,Medium,High,108.12,Low
IV-A86E48CF,SMB Re-engagement Offer — High Churn Risk,retention,SMB,1,499.0,Send personalised in-app re-engagement campaign with 15% discount for 3-month commitment. Follow up with feature tutorial email sequence.,Marketing Automation,Medium,High,108.12,Low
IV-D700A722,SMB Re-engagement Offer — High Churn Risk,retention,SMB,1,499.0,Send personalised in-app re-engagement campaign with 15% discount for 3-month commitment. Follow up with feature tutorial email sequence.,Marketing Automation,Medium,High,108.12,Low
IV-CCFFDC19,Automated Payment Recovery — Failed Transaction,billing_recovery,Startup,1,98.0,"Trigger dunning sequence: retry payment after 3 days, send payment update email after 5 days, escalate to CSM after 10 days.",Billing Automation,High,Low,83.3,Low
IV-9F8E54DD,Automated Payment Recovery — Failed Transaction,billing_recovery,Startup,1,98.0,"Trigger dunning sequence: retry payment after 3 days, send payment update email after 5 days, escalate to CSM after 10 days.",Billing Automation,High,Low,83.3,Low
IV-693CDB11,Automated Payment Recovery — Failed Transaction,billing_recovery,SMB,1,98.0,"Trigger dunning sequence: retry payment after 3 days, send payment update email after 5 days, escalate to CSM after 10 days.",Billing Automation,High,Low,83.3,Low
IV-37F54211,Automated Payment Recovery — Failed Transaction,billing_recovery,Startup,1,98.0,"Trigger dunning sequence: retry payment after 3 days, send payment update email after 5 days, escalate to CSM after 10 days.",Billing Automation,High,Low,83.3,Low
IV-A3FAF91F,Automated Payment Recovery — Failed Transaction,billing_recovery,Startup,1,98.0,"Trigger dunning sequence: retry payment after 3 days, send payment update email after 5 days, escalate to CSM after 10 days.",Billing Automation,High,Low,83.3,Low
IV-A91B346E,Automated Payment Recovery — Failed Transaction,billing_recovery,SMB,1,98.0,"Trigger dunning sequence: retry payment after 3 days, send payment update email after 5 days, escalate to CSM after 10 days.",Billing Automation,High,Low,83.3,Low
IV-1E931CFB,Automated Payment Recovery — Failed Transaction,billing_recovery,Startup,1,98.0,"Trigger dunning sequence: retry payment after 3 days, send payment update email after 5 days, escalate to CSM after 10 days.",Billing Automation,High,Low,83.3,Low
IV-AA0724A2,Automated Payment Recovery — Failed Transaction,billing_recovery,Mid-Market,1,98.0,"Trigger dunning sequence: retry payment after 3 days, send payment update email after 5 days, escalate to CSM after 10 days.",Billing Automation,High,Low,83.3,Low
IV-6CFF73F8,Automated Payment Recovery — Failed Transaction,billing_recovery,Mid-Market,1,98.0,"Trigger dunning sequence: retry payment after 3 days, send payment update email after 5 days, escalate to CSM after 10 days.",Billing Automation,High,Low,83.3,Low
IV-72C435AA,Automated Payment Recovery — Failed Transaction,billing_recovery,Enterprise,1,98.0,"Trigger dunning sequence: retry payment after 3 days, send payment update email after 5 days, escalate to CSM after 10 days.",Billing Automation,High,Low,83.3,Low
IV-D543DC88,Automated Payment Recovery — Failed Transaction,billing_recovery,Enterprise,1,98.0,"Trigger dunning sequence: retry payment after 3 days, send payment update email after 5 days, escalate to CSM after 10 days.",Billing Automation,High,Low,83.3,Low
IV-58476C94,Automated Payment Recovery — Failed Transaction,billing_recovery,Startup,1,98.0,"Trigger dunning sequence: retry payment after 3 days, send payment update email after 5 days, escalate to CSM after 10 days.",Billing Automation,High,Low,83.3,Low
IV-2C1A5BCB,Automated Payment Recovery — Failed Transaction,billing_recovery,SMB,1,98.0,"Trigger dunning sequence: retry payment after 3 days, send payment update email after 5 days, escalate to CSM after 10 days.",Billing Automation,High,Low,83.3,Low
IV-15819685,Automated Payment Recovery — Failed Transaction,billing_recovery,Startup,1,98.0,"Trigger dunning sequence: retry payment after 3 days, send payment update email after 5 days, escalate to CSM after 10 days.",Billing Automation,High,Low,83.3,Low
IV-5A3A1FF9,Automated Payment Recovery — Failed Transaction,billing_recovery,SMB,1,98.0,"Trigger dunning sequence: retry payment after 3 days, send payment update email after 5 days, escalate to CSM after 10 days.",Billing Automation,High,Low,83.3,Low
IV-42EBD300,Automated Payment Recovery — Failed Transaction,billing_recovery,Startup,1,98.0,"Trigger dunning sequence: retry payment after 3 days, send payment update email after 5 days, escalate to CSM after 10 days.",Billing Automation,High,Low,83.3,Low
IV-DF904EAC,Automated Payment Recovery — Failed Transaction,billing_recovery,Startup,1,98.0,"Trigger dunning sequence: retry payment after 3 days, send payment update email after 5 days, escalate to CSM after 10 days.",Billing Automation,High,Low,83.3,Low
IV-4FD034C8,Automated Payment Recovery — Failed Transaction,billing_recovery,Mid-Market,1,98.0,"Trigger dunning sequence: retry payment after 3 days, send payment update email after 5 days, escalate to CSM after 10 days.",Billing Automation,High,Low,83.3,Low
IV-24CA02D1,Automated Payment Recovery — Failed Transaction,billing_recovery,Enterprise,1,98.0,"Trigger dunning sequence: retry payment after 3 days, send payment update email after 5 days, escalate to CSM after 10 days.",Billing Automation,High,Low,83.3,Low
IV-6F489485,Automated Payment Recovery — Failed Transaction,billing_recovery,Enterprise,1,98.0,"Trigger dunning sequence: retry payment after 3 days, send payment update email after 5 days, escalate to CSM after 10 days.",Billing Automation,High,Low,83.3,Low
IV-9FCE6273,Automated Payment Recovery — Failed Transaction,billing_recovery,Startup,1,98.0,"Trigger dunning sequence: retry payment after 3 days, send payment update email after 5 days, escalate to CSM after 10 days.",Billing Automation,High,Low,83.3,Low
IV-6979B858,Automated Payment Recovery — Failed Transaction,billing_recovery,Startup,1,98.0,"Trigger dunning sequence: retry payment after 3 days, send payment update email after 5 days, escalate to CSM after 10 days.",Billing Automation,High,Low,83.3,Low
IV-87464181,Automated Payment Recovery — Failed Transaction,billing_recovery,SMB,1,98.0,"Trigger dunning sequence: retry payment after 3 days, send payment update email after 5 days, escalate to CSM after 10 days.",Billing Automation,High,Low,83.3,Low
IV-C16BA5D5,Automated Payment Recovery — Failed Transaction,billing_recovery,SMB,1,98.0,"Trigger dunning sequence: retry payment after 3 days, send payment update email after 5 days, escalate to CSM after 10 days.",Billing Automation,High,Low,83.3,Low
IV-47422A50,Automated Payment Recovery — Failed Transaction,billing_recovery,Startup,1,98.0,"Trigger dunning sequence: retry payment after 3 days, send payment update email after 5 days, escalate to CSM after 10 days.",Billing Automation,High,Low,83.3,Low
IV-5BF38ACC,Automated Payment Recovery — Failed Transaction,billing_recovery,SMB,1,98.0,"Trigger dunning sequence: retry payment after 3 days, send payment update email after 5 days, escalate to CSM after 10 days.",Billing Automation,High,Low,83.3,Low
IV-F4D2ABE5,Automated Payment Recovery — Failed Transaction,billing_recovery,Startup,1,98.0,"Trigger dunning sequence: retry payment after 3 days, send payment update email after 5 days, escalate to CSM after 10 days.",Billing Automation,High,Low,83.3,Low
IV-93170A8E,Automated Payment Recovery — Failed Transaction,billing_recovery,SMB,1,98.0,"Trigger dunning sequence: retry payment after 3 days, send payment update email after 5 days, escalate to CSM after 10 days.",Billing Automation,High,Low,83.3,Low
IV-D66375D2,Automated Payment Recovery — Failed Transaction,billing_recovery,SMB,1,98.0,"Trigger dunning sequence: retry payment after 3 days, send payment update email after 5 days, escalate to CSM after 10 days.",Billing Automation,High,Low,83.3,Low
IV-8C274C4B,Automated Payment Recovery — Failed Transaction,billing_recovery,Startup,1,98.0,"Trigger dunning sequence: retry payment after 3 days, send payment update email after 5 days, escalate to CSM after 10 days.",Billing Automation,High,Low,83.3,Low
IV-0763C1E6,Automated Payment Recovery — Failed Transaction,billing_recovery,Startup,1,98.0,"Trigger dunning sequence: retry payment after 3 days, send payment update email after 5 days, escalate to CSM after 10 days.",Billing Automation,High,Low,83.3,Low
IV-CF4D96A4,Automated Payment Recovery — Failed Transaction,billing_recovery,Mid-Market,1,98.0,"Trigger dunning sequence: retry payment after 3 days, send payment update email after 5 days, escalate to CSM after 10 days.",Billing Automation,High,Low,83.3,Low
IV-363192BA,Automated Payment Recovery — Failed Transaction,billing_recovery,Startup,1,98.0,"Trigger dunning sequence: retry payment after 3 days, send payment update email after 5 days, escalate to CSM after 10 days.",Billing Automation,High,Low,83.3,Low
IV-0DA5AFF0,Automated Payment Recovery — Failed Transaction,billing_recovery,SMB,1,98.0,"Trigger dunning sequence: retry payment after 3 days, send payment update email after 5 days, escalate to CSM after 10 days.",Billing Automation,High,Low,83.3,Low
IV-CAB4E634,Automated Payment Recovery — Failed Transaction,billing_recovery,Enterprise,1,98.0,"Trigger dunning sequence: retry payment after 3 days, send payment update email after 5 days, escalate to CSM after 10 days.",Billing Automation,High,Low,83.3,Low
IV-81498DB7,Automated Payment Recovery — Failed Transaction,billing_recovery,SMB,1,98.0,"Trigger dunning sequence: retry payment after 3 days, send payment update email after 5 days, escalate to CSM after 10 days.",Billing Automation,High,Low,83.3,Low
IV-EA8D15B5,Automated Payment Recovery — Failed Transaction,billing_recovery,Mid-Market,1,98.0,"Trigger dunning sequence: retry payment after 3 days, send payment update email after 5 days, escalate to CSM after 10 days.",Billing Automation,High,Low,83.3,Low
IV-CEEDC595,Automated Payment Recovery — Failed Transaction,billing_recovery,SMB,1,98.0,"Trigger dunning sequence: retry payment after 3 days, send payment update email after 5 days, escalate to CSM after 10 days.",Billing Automation,High,Low,83.3,Low
IV-4D85BFAF,Automated Payment Recovery — Failed Transaction,billing_recovery,Startup,1,98.0,"Trigger dunning sequence: retry payment after 3 days, send payment update email after 5 days, escalate to CSM after 10 days.",Billing Automation,High,Low,83.3,Low
IV-02819185,Automated Payment Recovery — Failed Transaction,billing_recovery,SMB,1,98.0,"Trigger dunning sequence: retry payment after 3 days, send payment update email after 5 days, escalate to CSM after 10 days.",Billing Automation,High,Low,83.3,Low
IV-486E780B,Automated Payment Recovery — Failed Transaction,billing_recovery,Mid-Market,1,98.0,"Trigger dunning sequence: retry payment after 3 days, send payment update email after 5 days, escalate to CSM after 10 days.",Billing Automation,High,Low,83.3,Low
IV-A5E4A296,SMB Re-engagement Offer — High Churn Risk,retention,SMB,1,199.0,Send personalised in-app re-engagement campaign with 15% discount for 3-month commitment. Follow up with feature tutorial email sequence.,Marketing Automation,Medium,High,43.12,Low
IV-86E04987,SMB Re-engagement Offer — High Churn Risk,retention,SMB,1,199.0,Send personalised in-app re-engagement campaign with 15% discount for 3-month commitment. Follow up with feature tutorial email sequence.,Marketing Automation,Medium,High,43.12,Low
IV-332859D5,SMB Re-engagement Offer — High Churn Risk,retention,SMB,1,199.0,Send personalised in-app re-engagement campaign with 15% discount for 3-month commitment. Follow up with feature tutorial email sequence.,Marketing Automation,Medium,High,43.12,Low
IV-00D36134,SMB Re-engagement Offer — High Churn Risk,retention,SMB,1,199.0,Send personalised in-app re-engagement campaign with 15% discount for 3-month commitment. Follow up with feature tutorial email sequence.,Marketing Automation,Medium,High,43.12,Low
IV-CC32EF31,SMB Re-engagement Offer — High Churn Risk,retention,SMB,1,199.0,Send personalised in-app re-engagement campaign with 15% discount for 3-month commitment. Follow up with feature tutorial email sequence.,Marketing Automation,Medium,High,43.12,Low
IV-B17FE8D3,SMB Re-engagement Offer — High Churn Risk,retention,SMB,1,199.0,Send personalised in-app re-engagement campaign with 15% discount for 3-month commitment. Follow up with feature tutorial email sequence.,Marketing Automation,Medium,High,43.12,Low
IV-0C76659D,SMB Re-engagement Offer — High Churn Risk,retention,SMB,1,199.0,Send personalised in-app re-engagement campaign with 15% discount for 3-month commitment. Follow up with feature tutorial email sequence.,Marketing Automation,Medium,High,43.12,Low
IV-9329D792,SMB Re-engagement Offer — High Churn Risk,retention,SMB,1,199.0,Send personalised in-app re-engagement campaign with 15% discount for 3-month commitment. Follow up with feature tutorial email sequence.,Marketing Automation,Medium,High,43.12,Low
IV-2B2774AA,SMB Re-engagement Offer — High Churn Risk,retention,SMB,1,199.0,Send personalised in-app re-engagement campaign with 15% discount for 3-month commitment. Follow up with feature tutorial email sequence.,Marketing Automation,Medium,High,43.12,Low
IV-506E5534,SMB Re-engagement Offer — High Churn Risk,retention,SMB,1,199.0,Send personalised in-app re-engagement campaign with 15% discount for 3-month commitment. Follow up with feature tutorial email sequence.,Marketing Automation,Medium,High,43.12,Low
IV-64C09056,SMB Re-engagement Offer — High Churn Risk,retention,SMB,1,199.0,Send personalised in-app re-engagement campaign with 15% discount for 3-month commitment. Follow up with feature tutorial email sequence.,Marketing Automation,Medium,High,43.12,Low
IV-BB5B5AD5,SMB Re-engagement Offer — High Churn Risk,retention,SMB,1,199.0,Send personalised in-app re-engagement campaign with 15% discount for 3-month commitment. Follow up with feature tutorial email sequence.,Marketing Automation,Medium,High,43.12,Low
IV-97CB7EC8,SMB Re-engagement Offer — High Churn Risk,retention,SMB,1,199.0,Send personalised in-app re-engagement campaign with 15% discount for 3-month commitment. Follow up with feature tutorial email sequence.,Marketing Automation,Medium,High,43.12,Low
IV-32B708F7,SMB Re-engagement Offer — High Churn Risk,retention,SMB,1,199.0,Send personalised in-app re-engagement campaign with 15% discount for 3-month commitment. Follow up with feature tutorial email sequence.,Marketing Automation,Medium,High,43.12,Low
IV-81FFE09F,SMB Re-engagement Offer — High Churn Risk,retention,SMB,1,199.0,Send personalised in-app re-engagement campaign with 15% discount for 3-month commitment. Follow up with feature tutorial email sequence.,Marketing Automation,Medium,High,43.12,Low
IV-E9D5E572,SMB Re-engagement Offer — High Churn Risk,retention,SMB,1,199.0,Send personalised in-app re-engagement campaign with 15% discount for 3-month commitment. Follow up with feature tutorial email sequence.,Marketing Automation,Medium,High,43.12,Low
IV-73FC4CBD,SMB Re-engagement Offer — High Churn Risk,retention,SMB,1,199.0,Send personalised in-app re-engagement campaign with 15% discount for 3-month commitment. Follow up with feature tutorial email sequence.,Marketing Automation,Medium,High,43.12,Low
IV-B53E4AF3,SMB Re-engagement Offer — High Churn Risk,retention,SMB,1,199.0,Send personalised in-app re-engagement campaign with 15% discount for 3-month commitment. Follow up with feature tutorial email sequence.,Marketing Automation,Medium,High,43.12,Low
IV-591AB8DF,SMB Re-engagement Offer — High Churn Risk,retention,SMB,1,199.0,Send personalised in-app re-engagement campaign with 15% discount for 3-month commitment. Follow up with feature tutorial email sequence.,Marketing Automation,Medium,High,43.12,Low
IV-57111CCE,SMB Re-engagement Offer — High Churn Risk,retention,SMB,1,199.0,Send personalised in-app re-engagement campaign with 15% discount for 3-month commitment. Follow up with feature tutorial email sequence.,Marketing Automation,Medium,High,43.12,Low
IV-40183744,SMB Re-engagement Offer — High Churn Risk,retention,SMB,1,199.0,Send personalised in-app re-engagement campaign with 15% discount for 3-month commitment. Follow up with feature tutorial email sequence.,Marketing Automation,Medium,High,43.12,Low
IV-B5297098,SMB Re-engagement Offer — High Churn Risk,retention,SMB,1,199.0,Send personalised in-app re-engagement campaign with 15% discount for 3-month commitment. Follow up with feature tutorial email sequence.,Marketing Automation,Medium,High,43.12,Low
IV-D32D8542,SMB Re-engagement Offer — High Churn Risk,retention,SMB,1,199.0,Send personalised in-app re-engagement campaign with 15% discount for 3-month commitment. Follow up with feature tutorial email sequence.,Marketing Automation,Medium,High,43.12,Low
IV-356027A2,SMB Re-engagement Offer — High Churn Risk,retention,SMB,1,199.0,Send personalised in-app re-engagement campaign with 15% discount for 3-month commitment. Follow up with feature tutorial email sequence.,Marketing Automation,Medium,High,43.12,Low
IV-4656B083,SMB Re-engagement Offer — High Churn Risk,retention,SMB,1,199.0,Send personalised in-app re-engagement campaign with 15% discount for 3-month commitment. Follow up with feature tutorial email sequence.,Marketing Automation,Medium,High,43.12,Low
IV-7965EA95,SMB Re-engagement Offer — High Churn Risk,retention,SMB,1,199.0,Send personalised in-app re-engagement campaign with 15% discount for 3-month commitment. Follow up with feature tutorial email sequence.,Marketing Automation,Medium,High,43.12,Low
IV-D1BB5544,SMB Re-engagement Offer — High Churn Risk,retention,SMB,1,199.0,Send personalised in-app re-engagement campaign with 15% discount for 3-month commitment. Follow up with feature tutorial email sequence.,Marketing Automation,Medium,High,43.12,Low
IV-0111A1DA,SMB Re-engagement Offer — High Churn Risk,retention,SMB,1,199.0,Send personalised in-app re-engagement campaign with 15% discount for 3-month commitment. Follow up with feature tutorial email sequence.,Marketing Automation,Medium,High,43.12,Low
IV-78F9171F,Automated Payment Recovery — Failed Transaction,billing_recovery,Startup,1,49.0,"Trigger dunning sequence: retry payment after 3 days, send payment update email after 5 days, escalate to CSM after 10 days.",Billing Automation,High,Low,41.65,Low
IV-78566114,Automated Payment Recovery — Failed Transaction,billing_recovery,SMB,1,49.0,"Trigger dunning sequence: retry payment after 3 days, send payment update email after 5 days, escalate to CSM after 10 days.",Billing Automation,High,Low,41.65,Low
IV-7C1471B3,Automated Payment Recovery — Failed Transaction,billing_recovery,SMB,1,49.0,"Trigger dunning sequence: retry payment after 3 days, send payment update email after 5 days, escalate to CSM after 10 days.",Billing Automation,High,Low,41.65,Low
IV-E26F180F,Automated Payment Recovery — Failed Transaction,billing_recovery,SMB,1,49.0,"Trigger dunning sequence: retry payment after 3 days, send payment update email after 5 days, escalate to CSM after 10 days.",Billing Automation,High,Low,41.65,Low
IV-4B775D22,Automated Payment Recovery — Failed Transaction,billing_recovery,Enterprise,1,49.0,"Trigger dunning sequence: retry payment after 3 days, send payment update email after 5 days, escalate to CSM after 10 days.",Billing Automation,High,Low,41.65,Low
IV-9F3D7AF4,Automated Payment Recovery — Failed Transaction,billing_recovery,Enterprise,1,49.0,"Trigger dunning sequence: retry payment after 3 days, send payment update email after 5 days, escalate to CSM after 10 days.",Billing Automation,High,Low,41.65,Low
IV-676734C7,Automated Payment Recovery — Failed Transaction,billing_recovery,Startup,1,49.0,"Trigger dunning sequence: retry payment after 3 days, send payment update email after 5 days, escalate to CSM after 10 days.",Billing Automation,High,Low,41.65,Low
IV-1834B090,Automated Payment Recovery — Failed Transaction,billing_recovery,Startup,1,49.0,"Trigger dunning sequence: retry payment after 3 days, send payment update email after 5 days, escalate to CSM after 10 days.",Billing Automation,High,Low,41.65,Low
IV-0585D5B3,Automated Payment Recovery — Failed Transaction,billing_recovery,Startup,1,49.0,"Trigger dunning sequence: retry payment after 3 days, send payment update email after 5 days, escalate to CSM after 10 days.",Billing Automation,High,Low,41.65,Low
IV-84E151B1,Automated Payment Recovery — Failed Transaction,billing_recovery,SMB,1,49.0,"Trigger dunning sequence: retry payment after 3 days, send payment update email after 5 days, escalate to CSM after 10 days.",Billing Automation,High,Low,41.65,Low
IV-A33E0CF7,Automated Payment Recovery — Failed Transaction,billing_recovery,SMB,1,49.0,"Trigger dunning sequence: retry payment after 3 days, send payment update email after 5 days, escalate to CSM after 10 days.",Billing Automation,High,Low,41.65,Low
IV-77DE8E2D,Automated Payment Recovery — Failed Transaction,billing_recovery,SMB,1,49.0,"Trigger dunning sequence: retry payment after 3 days, send payment update email after 5 days, escalate to CSM after 10 days.",Billing Automation,High,Low,41.65,Low
IV-0E73A729,Automated Payment Recovery — Failed Transaction,billing_recovery,SMB,1,49.0,"Trigger dunning sequence: retry payment after 3 days, send payment update email after 5 days, escalate to CSM after 10 days.",Billing Automation,High,Low,41.65,Low
IV-01D48CE9,Automated Payment Recovery — Failed Transaction,billing_recovery,Enterprise,1,49.0,"Trigger dunning sequence: retry payment after 3 days, send payment update email after 5 days, escalate to CSM after 10 days.",Billing Automation,High,Low,41.65,Low
IV-823021DE,Automated Payment Recovery — Failed Transaction,billing_recovery,Startup,1,49.0,"Trigger dunning sequence: retry payment after 3 days, send payment update email after 5 days, escalate to CSM after 10 days.",Billing Automation,High,Low,41.65,Low
IV-21CBAC11,Automated Payment Recovery — Failed Transaction,billing_recovery,SMB,1,49.0,"Trigger dunning sequence: retry payment after 3 days, send payment update email after 5 days, escalate to CSM after 10 days.",Billing Automation,High,Low,41.65,Low
IV-C75ABC88,Automated Payment Recovery — Failed Transaction,billing_recovery,SMB,1,49.0,"Trigger dunning sequence: retry payment after 3 days, send payment update email after 5 days, escalate to CSM after 10 days.",Billing Automation,High,Low,41.65,Low
IV-A49B265A,Automated Payment Recovery — Failed Transaction,billing_recovery,Startup,1,49.0,"Trigger dunning sequence: retry payment after 3 days, send payment update email after 5 days, escalate to CSM after 10 days.",Billing Automation,High,Low,41.65,Low
IV-6C271873,Automated Payment Recovery — Failed Transaction,billing_recovery,Startup,1,49.0,"Trigger dunning sequence: retry payment after 3 days, send payment update email after 5 days, escalate to CSM after 10 days.",Billing Automation,High,Low,41.65,Low
IV-673A1628,Automated Payment Recovery — Failed Transaction,billing_recovery,Startup,1,49.0,"Trigger dunning sequence: retry payment after 3 days, send payment update email after 5 days, escalate to CSM after 10 days.",Billing Automation,High,Low,41.65,Low
IV-3FA12620,Automated Payment Recovery — Failed Transaction,billing_recovery,Startup,1,49.0,"Trigger dunning sequence: retry payment after 3 days, send payment update email after 5 days, escalate to CSM after 10 days.",Billing Automation,High,Low,41.65,Low
IV-A4D4D378,Automated Payment Recovery — Failed Transaction,billing_recovery,SMB,1,49.0,"Trigger dunning sequence: retry payment after 3 days, send payment update email after 5 days, escalate to CSM after 10 days.",Billing Automation,High,Low,41.65,Low
IV-411C306C,Automated Payment Recovery — Failed Transaction,billing_recovery,Mid-Market,1,49.0,"Trigger dunning sequence: retry payment after 3 days, send payment update email after 5 days, escalate to CSM after 10 days.",Billing Automation,High,Low,41.65,Low
IV-7B401483,Automated Payment Recovery — Failed Transaction,billing_recovery,Mid-Market,1,49.0,"Trigger dunning sequence: retry payment after 3 days, send payment update email after 5 days, escalate to CSM after 10 days.",Billing Automation,High,Low,41.65,Low
IV-FAF36280,Automated Payment Recovery — Failed Transaction,billing_recovery,Startup,1,49.0,"Trigger dunning sequence: retry payment after 3 days, send payment update email after 5 days, escalate to CSM after 10 days.",Billing Automation,High,Low,41.65,Low
IV-637B6350,Automated Payment Recovery — Failed Transaction,billing_recovery,SMB,1,49.0,"Trigger dunning sequence: retry payment after 3 days, send payment update email after 5 days, escalate to CSM after 10 days.",Billing Automation,High,Low,41.65,Low
IV-8A9B2A1F,Automated Payment Recovery — Failed Transaction,billing_recovery,Startup,1,49.0,"Trigger dunning sequence: retry payment after 3 days, send payment update email after 5 days, escalate to CSM after 10 days.",Billing Automation,High,Low,41.65,Low
IV-8A31BD24,Automated Payment Recovery — Failed Transaction,billing_recovery,Enterprise,1,49.0,"Trigger dunning sequence: retry payment after 3 days, send payment update email after 5 days, escalate to CSM after 10 days.",Billing Automation,High,Low,41.65,Low
IV-C81FB84E,Automated Payment Recovery — Failed Transaction,billing_recovery,Startup,1,49.0,"Trigger dunning sequence: retry payment after 3 days, send payment update email after 5 days, escalate to CSM after 10 days.",Billing Automation,High,Low,41.65,Low
IV-26BB9C25,Automated Payment Recovery — Failed Transaction,billing_recovery,SMB,1,49.0,"Trigger dunning sequence: retry payment after 3 days, send payment update email after 5 days, escalate to CSM after 10 days.",Billing Automation,High,Low,41.65,Low
IV-52CC30FA,Automated Payment Recovery — Failed Transaction,billing_recovery,Mid-Market,1,49.0,"Trigger dunning sequence: retry payment after 3 days, send payment update email after 5 days, escalate to CSM after 10 days.",Billing Automation,High,Low,41.65,Low
IV-561D41DB,Automated Payment Recovery — Failed Transaction,billing_recovery,Startup,1,49.0,"Trigger dunning sequence: retry payment after 3 days, send payment update email after 5 days, escalate to CSM after 10 days.",Billing Automation,High,Low,41.65,Low
IV-67D4C9E1,Automated Payment Recovery — Failed Transaction,billing_recovery,Startup,1,49.0,"Trigger dunning sequence: retry payment after 3 days, send payment update email after 5 days, escalate to CSM after 10 days.",Billing Automation,High,Low,41.65,Low
IV-8F79DA1C,Automated Payment Recovery — Failed Transaction,billing_recovery,Startup,1,49.0,"Trigger dunning sequence: retry payment after 3 days, send payment update email after 5 days, escalate to CSM after 10 days.",Billing Automation,High,Low,41.65,Low
IV-0E48C754,Automated Payment Recovery — Failed Transaction,billing_recovery,Mid-Market,1,49.0,"Trigger dunning sequence: retry payment after 3 days, send payment update email after 5 days, escalate to CSM after 10 days.",Billing Automation,High,Low,41.65,Low
IV-1F385E5E,Automated Payment Recovery — Failed Transaction,billing_recovery,SMB,1,49.0,"Trigger dunning sequence: retry payment after 3 days, send payment update email after 5 days, escalate to CSM after 10 days.",Billing Automation,High,Low,41.65,Low
IV-F991D6E7,Automated Payment Recovery — Failed Transaction,billing_recovery,SMB,1,49.0,"Trigger dunning sequence: retry payment after 3 days, send payment update email after 5 days, escalate to CSM after 10 days.",Billing Automation,High,Low,41.65,Low
IV-A40A19BD,Automated Payment Recovery — Failed Transaction,billing_recovery,SMB,1,49.0,"Trigger dunning sequence: retry payment after 3 days, send payment update email after 5 days, escalate to CSM after 10 days.",Billing Automation,High,Low,41.65,Low
IV-34CBD1B8,Automated Payment Recovery — Failed Transaction,billing_recovery,Enterprise,1,49.0,"Trigger dunning sequence: retry payment after 3 days, send payment update email after 5 days, escalate to CSM after 10 days.",Billing Automation,High,Low,41.65,Low
IV-65097683,Automated Payment Recovery — Failed Transaction,billing_recovery,Mid-Market,1,49.0,"Trigger dunning sequence: retry payment after 3 days, send payment update email after 5 days, escalate to CSM after 10 days.",Billing Automation,High,Low,41.65,Low
IV-F5A5762F,Automated Payment Recovery — Failed Transaction,billing_recovery,SMB,1,49.0,"Trigger dunning sequence: retry payment after 3 days, send payment update email after 5 days, escalate to CSM after 10 days.",Billing Automation,High,Low,41.65,Low
IV-16A01820,Automated Payment Recovery — Failed Transaction,billing_recovery,SMB,1,49.0,"Trigger dunning sequence: retry payment after 3 days, send payment update email after 5 days, escalate to CSM after 10 days.",Billing Automation,High,Low,41.65,Low
IV-5213A29A,Automated Payment Recovery — Failed Transaction,billing_recovery,Startup,1,49.0,"Trigger dunning sequence: retry payment after 3 days, send payment update email after 5 days, escalate to CSM after 10 days.",Billing Automation,High,Low,41.65,Low
IV-E3C415A0,Automated Payment Recovery — Failed Transaction,billing_recovery,SMB,1,49.0,"Trigger dunning sequence: retry payment after 3 days, send payment update email after 5 days, escalate to CSM after 10 days.",Billing Automation,High,Low,41.65,Low
IV-2393264D,Automated Payment Recovery — Failed Transaction,billing_recovery,Startup,1,49.0,"Trigger dunning sequence: retry payment after 3 days, send payment update email after 5 days, escalate to CSM after 10 days.",Billing Automation,High,Low,41.65,Low
IV-62B57255,Automated Payment Recovery — Failed Transaction,billing_recovery,Startup,1,49.0,"Trigger dunning sequence: retry payment after 3 days, send payment update email after 5 days, escalate to CSM after 10 days.",Billing Automation,High,Low,41.65,Low
IV-DE1A256E,Automated Payment Recovery — Failed Transaction,billing_recovery,SMB,1,49.0,"Trigger dunning sequence: retry payment after 3 days, send payment update email after 5 days, escalate to CSM after 10 days.",Billing Automation,High,Low,41.65,Low
IV-A964A273,Automated Payment Recovery — Failed Transaction,billing_recovery,Enterprise,1,49.0,"Trigger dunning sequence: retry payment after 3 days, send payment update email after 5 days, escalate to CSM after 10 days.",Billing Automation,High,Low,41.65,Low
IV-748592AC,Automated Payment Recovery — Failed Transaction,billing_recovery,SMB,1,49.0,"Trigger dunning sequence: retry payment after 3 days, send payment update email after 5 days, escalate to CSM after 10 days.",Billing Automation,High,Low,41.65,Low
IV-B8C63DF3,Automated Payment Recovery — Failed Transaction,billing_recovery,Mid-Market,1,49.0,"Trigger dunning sequence: retry payment after 3 days, send payment update email after 5 days, escalate to CSM after 10 days.",Billing Automation,High,Low,41.65,Low
IV-5EE62420,Automated Payment Recovery — Failed Transaction,billing_recovery,Startup,1,49.0,"Trigger dunning sequence: retry payment after 3 days, send payment update email after 5 days, escalate to CSM after 10 days.",Billing Automation,High,Low,41.65,Low
IV-8AE6B15D,Automated Payment Recovery — Failed Transaction,billing_recovery,SMB,1,49.0,"Trigger dunning sequence: retry payment after 3 days, send payment update email after 5 days, escalate to CSM after 10 days.",Billing Automation,High,Low,41.65,Low
IV-7E710317,Automated Payment Recovery — Failed Transaction,billing_recovery,Startup,1,49.0,"Trigger dunning sequence: retry payment after 3 days, send payment update email after 5 days, escalate to CSM after 10 days.",Billing Automation,High,Low,41.65,Low
IV-B87C2CDD,Automated Payment Recovery — Failed Transaction,billing_recovery,Startup,1,49.0,"Trigger dunning sequence: retry payment after 3 days, send payment update email after 5 days, escalate to CSM after 10 days.",Billing Automation,High,Low,41.65,Low
IV-8E65F1A4,Automated Payment Recovery — Failed Transaction,billing_recovery,Startup,1,49.0,"Trigger dunning sequence: retry payment after 3 days, send payment update email after 5 days, escalate to CSM after 10 days.",Billing Automation,High,Low,41.65,Low
IV-A6991854,Automated Payment Recovery — Failed Transaction,billing_recovery,Startup,1,49.0,"Trigger dunning sequence: retry payment after 3 days, send payment update email after 5 days, escalate to CSM after 10 days.",Billing Automation,High,Low,41.65,Low
IV-9F7080D2,Automated Payment Recovery — Failed Transaction,billing_recovery,Enterprise,1,49.0,"Trigger dunning sequence: retry payment after 3 days, send payment update email after 5 days, escalate to CSM after 10 days.",Billing Automation,High,Low,41.65,Low
IV-590838C6,Automated Payment Recovery — Failed Transaction,billing_recovery,SMB,1,49.0,"Trigger dunning sequence: retry payment after 3 days, send payment update email after 5 days, escalate to CSM after 10 days.",Billing Automation,High,Low,41.65,Low
IV-17F9B6EC,Automated Payment Recovery — Failed Transaction,billing_recovery,Startup,1,49.0,"Trigger dunning sequence: retry payment after 3 days, send payment update email after 5 days, escalate to CSM after 10 days.",Billing Automation,High,Low,41.65,Low
IV-24C8ABA1,Automated Payment Recovery — Failed Transaction,billing_recovery,SMB,1,49.0,"Trigger dunning sequence: retry payment after 3 days, send payment update email after 5 days, escalate to CSM after 10 days.",Billing Automation,High,Low,41.65,Low
IV-69718315,Automated Payment Recovery — Failed Transaction,billing_recovery,SMB,1,49.0,"Trigger dunning sequence: retry payment after 3 days, send payment update email after 5 days, escalate to CSM after 10 days.",Billing Automation,High,Low,41.65,Low
IV-F5CC2E4C,Automated Payment Recovery — Failed Transaction,billing_recovery,SMB,1,49.0,"Trigger dunning sequence: retry payment after 3 days, send payment update email after 5 days, escalate to CSM after 10 days.",Billing Automation,High,Low,41.65,Low
IV-F029B666,Automated Payment Recovery — Failed Transaction,billing_recovery,SMB,1,49.0,"Trigger dunning sequence: retry payment after 3 days, send payment update email after 5 days, escalate to CSM after 10 days.",Billing Automation,High,Low,41.65,Low
IV-AE3996E2,Automated Payment Recovery — Failed Transaction,billing_recovery,Enterprise,1,49.0,"Trigger dunning sequence: retry payment after 3 days, send payment update email after 5 days, escalate to CSM after 10 days.",Billing Automation,High,Low,41.65,Low
IV-BE87D46C,Automated Payment Recovery — Failed Transaction,billing_recovery,Startup,1,49.0,"Trigger dunning sequence: retry payment after 3 days, send payment update email after 5 days, escalate to CSM after 10 days.",Billing Automation,High,Low,41.65,Low
IV-B8D69D43,Automated Payment Recovery — Failed Transaction,billing_recovery,Enterprise,1,49.0,"Trigger dunning sequence: retry payment after 3 days, send payment update email after 5 days, escalate to CSM after 10 days.",Billing Automation,High,Low,41.65,Low
IV-1AFA7BB8,Automated Payment Recovery — Failed Transaction,billing_recovery,SMB,1,49.0,"Trigger dunning sequence: retry payment after 3 days, send payment update email after 5 days, escalate to CSM after 10 days.",Billing Automation,High,Low,41.65,Low
IV-04A5872B,Automated Payment Recovery — Failed Transaction,billing_recovery,Startup,1,49.0,"Trigger dunning sequence: retry payment after 3 days, send payment update email after 5 days, escalate to CSM after 10 days.",Billing Automation,High,Low,41.65,Low
IV-A87551C2,Automated Payment Recovery — Failed Transaction,billing_recovery,SMB,1,49.0,"Trigger dunning sequence: retry payment after 3 days, send payment update email after 5 days, escalate to CSM after 10 days.",Billing Automation,High,Low,41.65,Low
IV-1A03973E,Automated Payment Recovery — Failed Transaction,billing_recovery,SMB,1,49.0,"Trigger dunning sequence: retry payment after 3 days, send payment update email after 5 days, escalate to CSM after 10 days.",Billing Automation,High,Low,41.65,Low
IV-3468DDB4,Automated Payment Recovery — Failed Transaction,billing_recovery,SMB,1,49.0,"Trigger dunning sequence: retry payment after 3 days, send payment update email after 5 days, escalate to CSM after 10 days.",Billing Automation,High,Low,41.65,Low
IV-DB8A4884,Automated Payment Recovery — Failed Transaction,billing_recovery,Startup,1,49.0,"Trigger dunning sequence: retry payment after 3 days, send payment update email after 5 days, escalate to CSM after 10 days.",Billing Automation,High,Low,41.65,Low
IV-63617AF6,Automated Payment Recovery — Failed Transaction,billing_recovery,Startup,1,49.0,"Trigger dunning sequence: retry payment after 3 days, send payment update email after 5 days, escalate to CSM after 10 days.",Billing Automation,High,Low,41.65,Low
IV-F7777DF6,Automated Payment Recovery — Failed Transaction,billing_recovery,Startup,1,49.0,"Trigger dunning sequence: retry payment after 3 days, send payment update email after 5 days, escalate to CSM after 10 days.",Billing Automation,High,Low,41.65,Low
IV-6C5E5A4F,Automated Payment Recovery — Failed Transaction,billing_recovery,Startup,1,49.0,"Trigger dunning sequence: retry payment after 3 days, send payment update email after 5 days, escalate to CSM after 10 days.",Billing Automation,High,Low,41.65,Low
IV-2F2A0DFA,Automated Payment Recovery — Failed Transaction,billing_recovery,Mid-Market,1,49.0,"Trigger dunning sequence: retry payment after 3 days, send payment update email after 5 days, escalate to CSM after 10 days.",Billing Automation,High,Low,41.65,Low
IV-40076357,Automated Payment Recovery — Failed Transaction,billing_recovery,SMB,1,49.0,"Trigger dunning sequence: retry payment after 3 days, send payment update email after 5 days, escalate to CSM after 10 days.",Billing Automation,High,Low,41.65,Low
IV-AB1AC798,Automated Payment Recovery — Failed Transaction,billing_recovery,SMB,1,49.0,"Trigger dunning sequence: retry payment after 3 days, send payment update email after 5 days, escalate to CSM after 10 days.",Billing Automation,High,Low,41.65,Low
IV-DD4656AD,Automated Payment Recovery — Failed Transaction,billing_recovery,Mid-Market,1,49.0,"Trigger dunning sequence: retry payment after 3 days, send payment update email after 5 days, escalate to CSM after 10 days.",Billing Automation,High,Low,41.65,Low
IV-548A2ED8,Automated Payment Recovery — Failed Transaction,billing_recovery,Mid-Market,1,49.0,"Trigger dunning sequence: retry payment after 3 days, send payment update email after 5 days, escalate to CSM after 10 days.",Billing Automation,High,Low,41.65,Low
IV-E7A4B5AE,Automated Payment Recovery — Failed Transaction,billing_recovery,SMB,1,49.0,"Trigger dunning sequence: retry payment after 3 days, send payment update email after 5 days, escalate to CSM after 10 days.",Billing Automation,High,Low,41.65,Low
IV-1E54D5D6,Automated Payment Recovery — Failed Transaction,billing_recovery,Startup,1,49.0,"Trigger dunning sequence: retry payment after 3 days, send payment update email after 5 days, escalate to CSM after 10 days.",Billing Automation,High,Low,41.65,Low
IV-7233C989,Automated Payment Recovery — Failed Transaction,billing_recovery,Startup,1,49.0,"Trigger dunning sequence: retry payment after 3 days, send payment update email after 5 days, escalate to CSM after 10 days.",Billing Automation,High,Low,41.65,Low
IV-4BDD63A4,Automated Payment Recovery — Failed Transaction,billing_recovery,Startup,1,49.0,"Trigger dunning sequence: retry payment after 3 days, send payment update email after 5 days, escalate to CSM after 10 days.",Billing Automation,High,Low,41.65,Low
IV-EBA76B3D,Automated Payment Recovery — Failed Transaction,billing_recovery,SMB,1,49.0,"Trigger dunning sequence: retry payment after 3 days, send payment update email after 5 days, escalate to CSM after 10 days.",Billing Automation,High,Low,41.65,Low
IV-9371B6CC,Automated Payment Recovery — Failed Transaction,billing_recovery,SMB,1,49.0,"Trigger dunning sequence: retry payment after 3 days, send payment update email after 5 days, escalate to CSM after 10 days.",Billing Automation,High,Low,41.65,Low
IV-EEAA2968,Automated Payment Recovery — Failed Transaction,billing_recovery,SMB,1,49.0,"Trigger dunning sequence: retry payment after 3 days, send payment update email after 5 days, escalate to CSM after 10 days.",Billing Automation,High,Low,41.65,Low
IV-65FFB846,Automated Payment Recovery — Failed Transaction,billing_recovery,SMB,1,49.0,"Trigger dunning sequence: retry payment after 3 days, send payment update email after 5 days, escalate to CSM after 10 days.",Billing Automation,High,Low,41.65,Low
IV-20F1F5D7,Automated Payment Recovery — Failed Transaction,billing_recovery,Mid-Market,1,49.0,"Trigger dunning sequence: retry payment after 3 days, send payment update email after 5 days, escalate to CSM after 10 days.",Billing Automation,High,Low,41.65,Low
IV-185161AC,Automated Payment Recovery — Failed Transaction,billing_recovery,SMB,1,49.0,"Trigger dunning sequence: retry payment after 3 days, send payment update email after 5 days, escalate to CSM after 10 days.",Billing Automation,High,Low,41.65,Low
IV-F48B9B5E,Automated Payment Recovery — Failed Transaction,billing_recovery,Mid-Market,1,49.0,"Trigger dunning sequence: retry payment after 3 days, send payment update email after 5 days, escalate to CSM after 10 days.",Billing Automation,High,Low,41.65,Low
IV-6845A48B,Automated Payment Recovery — Failed Transaction,billing_recovery,Mid-Market,1,49.0,"Trigger dunning sequence: retry payment after 3 days, send payment update email after 5 days, escalate to CSM after 10 days.",Billing Automation,High,Low,41.65,Low
IV-226AA82D,Automated Payment Recovery — Failed Transaction,billing_recovery,SMB,1,49.0,"Trigger dunning sequence: retry payment after 3 days, send payment update email after 5 days, escalate to CSM after 10 days.",Billing Automation,High,Low,41.65,Low
IV-3A879A0A,Automated Payment Recovery — Failed Transaction,billing_recovery,Mid-Market,1,49.0,"Trigger dunning sequence: retry payment after 3 days, send payment update email after 5 days, escalate to CSM after 10 days.",Billing Automation,High,Low,41.65,Low
IV-0D786632,Automated Payment Recovery — Failed Transaction,billing_recovery,Startup,1,49.0,"Trigger dunning sequence: retry payment after 3 days, send payment update email after 5 days, escalate to CSM after 10 days.",Billing Automation,High,Low,41.65,Low
IV-1D16086E,Automated Payment Recovery — Failed Transaction,billing_recovery,Startup,1,49.0,"Trigger dunning sequence: retry payment after 3 days, send payment update email after 5 days, escalate to CSM after 10 days.",Billing Automation,High,Low,41.65,Low
IV-4BBF948E,Automated Payment Recovery — Failed Transaction,billing_recovery,Startup,1,49.0,"Trigger dunning sequence: retry payment after 3 days, send payment update email after 5 days, escalate to CSM after 10 days.",Billing Automation,High,Low,41.65,Low
IV-1BFA5DE9,Automated Payment Recovery — Failed Transaction,billing_recovery,SMB,1,49.0,"Trigger dunning sequence: retry payment after 3 days, send payment update email after 5 days, escalate to CSM after 10 days.",Billing Automation,High,Low,41.65,Low
IV-66F1BF41,Automated Payment Recovery — Failed Transaction,billing_recovery,SMB,1,49.0,"Trigger dunning sequence: retry payment after 3 days, send payment update email after 5 days, escalate to CSM after 10 days.",Billing Automation,High,Low,41.65,Low
IV-8593D8DA,Automated Payment Recovery — Failed Transaction,billing_recovery,SMB,1,49.0,"Trigger dunning sequence: retry payment after 3 days, send payment update email after 5 days, escalate to CSM after 10 days.",Billing Automation,High,Low,41.65,Low
IV-7AE625C7,Automated Payment Recovery — Failed Transaction,billing_recovery,SMB,1,49.0,"Trigger dunning sequence: retry payment after 3 days, send payment update email after 5 days, escalate to CSM after 10 days.",Billing Automation,High,Low,41.65,Low
IV-7AAE6728,Automated Payment Recovery — Failed Transaction,billing_recovery,Startup,1,49.0,"Trigger dunning sequence: retry payment after 3 days, send payment update email after 5 days, escalate to CSM after 10 days.",Billing Automation,High,Low,41.65,Low
IV-151E7098,Automated Payment Recovery — Failed Transaction,billing_recovery,Mid-Market,1,49.0,"Trigger dunning sequence: retry payment after 3 days, send payment update email after 5 days, escalate to CSM after 10 days.",Billing Automation,High,Low,41.65,Low
IV-8080FA54,Automated Payment Recovery — Failed Transaction,billing_recovery,SMB,1,49.0,"Trigger dunning sequence: retry payment after 3 days, send payment update email after 5 days, escalate to CSM after 10 days.",Billing Automation,High,Low,41.65,Low
IV-E9B8F92D,Automated Payment Recovery — Failed Transaction,billing_recovery,SMB,1,49.0,"Trigger dunning sequence: retry payment after 3 days, send payment update email after 5 days, escalate to CSM after 10 days.",Billing Automation,High,Low,41.65,Low
IV-E7BC4FE2,Automated Payment Recovery — Failed Transaction,billing_recovery,Startup,1,49.0,"Trigger dunning sequence: retry payment after 3 days, send payment update email after 5 days, escalate to CSM after 10 days.",Billing Automation,High,Low,41.65,Low
IV-0A7E46C3,Automated Payment Recovery — Failed Transaction,billing_recovery,Mid-Market,1,49.0,"Trigger dunning sequence: retry payment after 3 days, send payment update email after 5 days, escalate to CSM after 10 days.",Billing Automation,High,Low,41.65,Low
IV-D12EACF0,Automated Payment Recovery — Failed Transaction,billing_recovery,Startup,1,49.0,"Trigger dunning sequence: retry payment after 3 days, send payment update email after 5 days, escalate to CSM after 10 days.",Billing Automation,High,Low,41.65,Low
IV-BE795EB6,Automated Payment Recovery — Failed Transaction,billing_recovery,SMB,1,49.0,"Trigger dunning sequence: retry payment after 3 days, send payment update email after 5 days, escalate to CSM after 10 days.",Billing Automation,High,Low,41.65,Low
IV-688A285C,Automated Payment Recovery — Failed Transaction,billing_recovery,SMB,1,49.0,"Trigger dunning sequence: retry payment after 3 days, send payment update email after 5 days, escalate to CSM after 10 days.",Billing Automation,High,Low,41.65,Low
IV-724ADB8E,Automated Payment Recovery — Failed Transaction,billing_recovery,Startup,1,49.0,"Trigger dunning sequence: retry payment after 3 days, send payment update email after 5 days, escalate to CSM after 10 days.",Billing Automation,High,Low,41.65,Low
IV-5209C64E,Automated Payment Recovery — Failed Transaction,billing_recovery,SMB,1,49.0,"Trigger dunning sequence: retry payment after 3 days, send payment update email after 5 days, escalate to CSM after 10 days.",Billing Automation,High,Low,41.65,Low
IV-3DD1F154,Automated Payment Recovery — Failed Transaction,billing_recovery,Startup,1,49.0,"Trigger dunning sequence: retry payment after 3 days, send payment update email after 5 days, escalate to CSM after 10 days.",Billing Automation,High,Low,41.65,Low
IV-1D6DB558,Automated Payment Recovery — Failed Transaction,billing_recovery,SMB,1,49.0,"Trigger dunning sequence: retry payment after 3 days, send payment update email after 5 days, escalate to CSM after 10 days.",Billing Automation,High,Low,41.65,Low
IV-7D487A02,Past-Due Account Escalation,billing_recovery,SMB,1,49.0,Escalate to finance for account hold review. Send formal payment demand notice and suspend non-critical features until resolved.,Finance Operations,High,Low,41.65,Low
IV-B0AB4D8F,Past-Due Account Escalation,billing_recovery,SMB,1,49.0,Escalate to finance for account hold review. Send formal payment demand notice and suspend non-critical features until resolved.,Finance Operations,High,Low,41.65,Low
IV-D0A28BB9,Past-Due Account Escalation,billing_recovery,Startup,1,49.0,Escalate to finance for account hold review. Send formal payment demand notice and suspend non-critical features until resolved.,Finance Operations,High,Low,41.65,Low
IV-03CADBC1,Past-Due Account Escalation,billing_recovery,Enterprise,1,49.0,Escalate to finance for account hold review. Send formal payment demand notice and suspend non-critical features until resolved.,Finance Operations,High,Low,41.65,Low
IV-1FD75CA6,Past-Due Account Escalation,billing_recovery,Startup,1,49.0,Escalate to finance for account hold review. Send formal payment demand notice and suspend non-critical features until resolved.,Finance Operations,High,Low,41.65,Low
IV-30F8ECCE,Past-Due Account Escalation,billing_recovery,Enterprise,1,49.0,Escalate to finance for account hold review. Send formal payment demand notice and suspend non-critical features until resolved.,Finance Operations,High,Low,41.65,Low
IV-5F3FC07A,Past-Due Account Escalation,billing_recovery,SMB,1,49.0,Escalate to finance for account hold review. Send formal payment demand notice and suspend non-critical features until resolved.,Finance Operations,High,Low,41.65,Low
IV-E9DECF10,Past-Due Account Escalation,billing_recovery,SMB,1,49.0,Escalate to finance for account hold review. Send formal payment demand notice and suspend non-critical features until resolved.,Finance Operations,High,Low,41.65,Low
IV-7D98C355,Past-Due Account Escalation,billing_recovery,Enterprise,1,49.0,Escalate to finance for account hold review. Send formal payment demand notice and suspend non-critical features until resolved.,Finance Operations,High,Low,41.65,Low
IV-AC3F0CF3,Past-Due Account Escalation,billing_recovery,SMB,1,49.0,Escalate to finance for account hold review. Send formal payment demand notice and suspend non-critical features until resolved.,Finance Operations,High,Low,41.65,Low
IV-5C46CD96,Past-Due Account Escalation,billing_recovery,Startup,1,49.0,Escalate to finance for account hold review. Send formal payment demand notice and suspend non-critical features until resolved.,Finance Operations,High,Low,41.65,Low
IV-94451440,Past-Due Account Escalation,billing_recovery,Mid-Market,1,49.0,Escalate to finance for account hold review. Send formal payment demand notice and suspend non-critical features until resolved.,Finance Operations,High,Low,41.65,Low
IV-1C05F3C2,Past-Due Account Escalation,billing_recovery,SMB,1,49.0,Escalate to finance for account hold review. Send formal payment demand notice and suspend non-critical features until resolved.,Finance Operations,High,Low,41.65,Low
IV-3CECD508,Past-Due Account Escalation,billing_recovery,SMB,1,49.0,Escalate to finance for account hold review. Send formal payment demand notice and suspend non-critical features until resolved.,Finance Operations,High,Low,41.65,Low
IV-6A5382FE,Past-Due Account Escalation,billing_recovery,SMB,1,49.0,Escalate to finance for account hold review. Send formal payment demand notice and suspend non-critical features until resolved.,Finance Operations,High,Low,41.65,Low
IV-C179BE72,Past-Due Account Escalation,billing_recovery,SMB,1,49.0,Escalate to finance for account hold review. Send formal payment demand notice and suspend non-critical features until resolved.,Finance Operations,High,Low,41.65,Low
IV-73585106,Past-Due Account Escalation,billing_recovery,SMB,1,49.0,Escalate to finance for account hold review. Send formal payment demand notice and suspend non-critical features until resolved.,Finance Operations,High,Low,41.65,Low
IV-7BB7749A,Past-Due Account Escalation,billing_recovery,Startup,1,49.0,Escalate to finance for account hold review. Send formal payment demand notice and suspend non-critical features until resolved.,Finance Operations,High,Low,41.65,Low
IV-396354D0,Past-Due Account Escalation,billing_recovery,Startup,1,49.0,Escalate to finance for account hold review. Send formal payment demand notice and suspend non-critical features until resolved.,Finance Operations,High,Low,41.65,Low
IV-B9DF92A5,Past-Due Account Escalation,billing_recovery,Enterprise,1,49.0,Escalate to finance for account hold review. Send formal payment demand notice and suspend non-critical features until resolved.,Finance Operations,High,Low,41.65,Low
IV-461C7646,Past-Due Account Escalation,billing_recovery,Enterprise,1,49.0,Escalate to finance for account hold review. Send formal payment demand notice and suspend non-critical features until resolved.,Finance Operations,High,Low,41.65,Low
IV-A8047F31,Past-Due Account Escalation,billing_recovery,Startup,1,49.0,Escalate to finance for account hold review. Send formal payment demand notice and suspend non-critical features until resolved.,Finance Operations,High,Low,41.65,Low
IV-700E3750,Past-Due Account Escalation,billing_recovery,SMB,1,49.0,Escalate to finance for account hold review. Send formal payment demand notice and suspend non-critical features until resolved.,Finance Operations,High,Low,41.65,Low
IV-70024362,Past-Due Account Escalation,billing_recovery,Mid-Market,1,49.0,Escalate to finance for account hold review. Send formal payment demand notice and suspend non-critical features until resolved.,Finance Operations,High,Low,41.65,Low
IV-AE4EFEC7,Past-Due Account Escalation,billing_recovery,Startup,1,49.0,Escalate to finance for account hold review. Send formal payment demand notice and suspend non-critical features until resolved.,Finance Operations,High,Low,41.65,Low
IV-71500FAD,Past-Due Account Escalation,billing_recovery,SMB,1,49.0,Escalate to finance for account hold review. Send formal payment demand notice and suspend non-critical features until resolved.,Finance Operations,High,Low,41.65,Low
IV-A0B79EC9,Past-Due Account Escalation,billing_recovery,SMB,1,49.0,Escalate to finance for account hold review. Send formal payment demand notice and suspend non-critical features until resolved.,Finance Operations,High,Low,41.65,Low
IV-AE904854,Past-Due Account Escalation,billing_recovery,Mid-Market,1,49.0,Escalate to finance for account hold review. Send formal payment demand notice and suspend non-critical features until resolved.,Finance Operations,High,Low,41.65,Low
IV-21D82CFE,Proactive Billing Intervention — Payment Risk Driver Detected,billing_recovery,SMB,1,49.0,Contact customer directly to confirm payment details and offer alternative payment methods before the subscription lapses.,Customer Success Manager,Medium,Low,31.85,Low
IV-61AEDD19,Proactive Billing Intervention — Payment Risk Driver Detected,billing_recovery,Startup,1,49.0,Contact customer directly to confirm payment details and offer alternative payment methods before the subscription lapses.,Customer Success Manager,Medium,Low,31.85,Low
IV-20535764,Proactive Billing Intervention — Payment Risk Driver Detected,billing_recovery,Startup,1,49.0,Contact customer directly to confirm payment details and offer alternative payment methods before the subscription lapses.,Customer Success Manager,Medium,Low,31.85,Low
IV-C0C5E139,Proactive Billing Intervention — Payment Risk Driver Detected,billing_recovery,SMB,1,49.0,Contact customer directly to confirm payment details and offer alternative payment methods before the subscription lapses.,Customer Success Manager,Medium,Low,31.85,Low
IV-013882AC,Proactive Billing Intervention — Payment Risk Driver Detected,billing_recovery,Startup,1,49.0,Contact customer directly to confirm payment details and offer alternative payment methods before the subscription lapses.,Customer Success Manager,Medium,Low,31.85,Low
IV-70387840,Proactive Billing Intervention — Payment Risk Driver Detected,billing_recovery,SMB,1,49.0,Contact customer directly to confirm payment details and offer alternative payment methods before the subscription lapses.,Customer Success Manager,Medium,Low,31.85,Low
IV-157DF037,Proactive Billing Intervention — Payment Risk Driver Detected,billing_recovery,Startup,1,49.0,Contact customer directly to confirm payment details and offer alternative payment methods before the subscription lapses.,Customer Success Manager,Medium,Low,31.85,Low
IV-B39E79D6,Proactive Billing Intervention — Payment Risk Driver Detected,billing_recovery,Startup,1,49.0,Contact customer directly to confirm payment details and offer alternative payment methods before the subscription lapses.,Customer Success Manager,Medium,Low,31.85,Low
IV-69713EE9,Proactive Billing Intervention — Payment Risk Driver Detected,billing_recovery,SMB,1,49.0,Contact customer directly to confirm payment details and offer alternative payment methods before the subscription lapses.,Customer Success Manager,Medium,Low,31.85,Low
IV-B0B3FB96,Proactive Billing Intervention — Payment Risk Driver Detected,billing_recovery,SMB,1,49.0,Contact customer directly to confirm payment details and offer alternative payment methods before the subscription lapses.,Customer Success Manager,Medium,Low,31.85,Low
IV-4BDEE6D9,Proactive Billing Intervention — Payment Risk Driver Detected,billing_recovery,SMB,1,49.0,Contact customer directly to confirm payment details and offer alternative payment methods before the subscription lapses.,Customer Success Manager,Medium,Low,31.85,Low
IV-ABFC175A,Proactive Billing Intervention — Payment Risk Driver Detected,billing_recovery,Mid-Market,1,49.0,Contact customer directly to confirm payment details and offer alternative payment methods before the subscription lapses.,Customer Success Manager,Medium,Low,31.85,Low
IV-A55A07EB,Proactive Billing Intervention — Payment Risk Driver Detected,billing_recovery,SMB,1,49.0,Contact customer directly to confirm payment details and offer alternative payment methods before the subscription lapses.,Customer Success Manager,Medium,Low,31.85,Low
IV-E6A15462,Proactive Billing Intervention — Payment Risk Driver Detected,billing_recovery,SMB,1,49.0,Contact customer directly to confirm payment details and offer alternative payment methods before the subscription lapses.,Customer Success Manager,Medium,Low,31.85,Low
IV-62B1A383,Proactive Billing Intervention — Payment Risk Driver Detected,billing_recovery,SMB,1,49.0,Contact customer directly to confirm payment details and offer alternative payment methods before the subscription lapses.,Customer Success Manager,Medium,Low,31.85,Low
IV-E793B0B6,Proactive Billing Intervention — Payment Risk Driver Detected,billing_recovery,Startup,1,49.0,Contact customer directly to confirm payment details and offer alternative payment methods before the subscription lapses.,Customer Success Manager,Medium,Low,31.85,Low
IV-99F81FFF,Proactive Billing Intervention — Payment Risk Driver Detected,billing_recovery,Enterprise,1,49.0,Contact customer directly to confirm payment details and offer alternative payment methods before the subscription lapses.,Customer Success Manager,Medium,Low,31.85,Low
IV-36A36882,Proactive Billing Intervention — Payment Risk Driver Detected,billing_recovery,SMB,1,49.0,Contact customer directly to confirm payment details and offer alternative payment methods before the subscription lapses.,Customer Success Manager,Medium,Low,31.85,Low
IV-F8717D54,Proactive Billing Intervention — Payment Risk Driver Detected,billing_recovery,Startup,1,49.0,Contact customer directly to confirm payment details and offer alternative payment methods before the subscription lapses.,Customer Success Manager,Medium,Low,31.85,Low
IV-808253F0,Proactive Billing Intervention — Payment Risk Driver Detected,billing_recovery,Startup,1,49.0,Contact customer directly to confirm payment details and offer alternative payment methods before the subscription lapses.,Customer Success Manager,Medium,Low,31.85,Low
IV-CBE44DCD,Proactive Billing Intervention — Payment Risk Driver Detected,billing_recovery,SMB,1,49.0,Contact customer directly to confirm payment details and offer alternative payment methods before the subscription lapses.,Customer Success Manager,Medium,Low,31.85,Low
IV-D172AEFB,Proactive Billing Intervention — Payment Risk Driver Detected,billing_recovery,Startup,1,49.0,Contact customer directly to confirm payment details and offer alternative payment methods before the subscription lapses.,Customer Success Manager,Medium,Low,31.85,Low
IV-41C00A17,Proactive Billing Intervention — Payment Risk Driver Detected,billing_recovery,SMB,1,49.0,Contact customer directly to confirm payment details and offer alternative payment methods before the subscription lapses.,Customer Success Manager,Medium,Low,31.85,Low
IV-822FE703,Proactive Billing Intervention — Payment Risk Driver Detected,billing_recovery,Startup,1,49.0,Contact customer directly to confirm payment details and offer alternative payment methods before the subscription lapses.,Customer Success Manager,Medium,Low,31.85,Low
IV-F4E63120,Proactive Billing Intervention — Payment Risk Driver Detected,billing_recovery,Startup,1,49.0,Contact customer directly to confirm payment details and offer alternative payment methods before the subscription lapses.,Customer Success Manager,Medium,Low,31.85,Low
IV-F7B9C5AB,Proactive Billing Intervention — Payment Risk Driver Detected,billing_recovery,Startup,1,49.0,Contact customer directly to confirm payment details and offer alternative payment methods before the subscription lapses.,Customer Success Manager,Medium,Low,31.85,Low
IV-A35F0FF9,Proactive Billing Intervention — Payment Risk Driver Detected,billing_recovery,Mid-Market,1,49.0,Contact customer directly to confirm payment details and offer alternative payment methods before the subscription lapses.,Customer Success Manager,Medium,Low,31.85,Low
IV-FF7ADB3A,Proactive Billing Intervention — Payment Risk Driver Detected,billing_recovery,Startup,1,49.0,Contact customer directly to confirm payment details and offer alternative payment methods before the subscription lapses.,Customer Success Manager,Medium,Low,31.85,Low
IV-863C92BE,Proactive Billing Intervention — Payment Risk Driver Detected,billing_recovery,Mid-Market,1,49.0,Contact customer directly to confirm payment details and offer alternative payment methods before the subscription lapses.,Customer Success Manager,Medium,Low,31.85,Low
IV-FFC65968,Proactive Billing Intervention — Payment Risk Driver Detected,billing_recovery,SMB,1,49.0,Contact customer directly to confirm payment details and offer alternative payment methods before the subscription lapses.,Customer Success Manager,Medium,Low,31.85,Low
IV-DBDA7D11,Proactive Billing Intervention — Payment Risk Driver Detected,billing_recovery,Startup,1,49.0,Contact customer directly to confirm payment details and offer alternative payment methods before the subscription lapses.,Customer Success Manager,Medium,Low,31.85,Low
IV-566AB1AA,Proactive Billing Intervention — Payment Risk Driver Detected,billing_recovery,Startup,1,49.0,Contact customer directly to confirm payment details and offer alternative payment methods before the subscription lapses.,Customer Success Manager,Medium,Low,31.85,Low
IV-425E5416,Proactive Billing Intervention — Payment Risk Driver Detected,billing_recovery,Startup,1,49.0,Contact customer directly to confirm payment details and offer alternative payment methods before the subscription lapses.,Customer Success Manager,Medium,Low,31.85,Low
IV-8E75F926,Proactive Billing Intervention — Payment Risk Driver Detected,billing_recovery,SMB,1,49.0,Contact customer directly to confirm payment details and offer alternative payment methods before the subscription lapses.,Customer Success Manager,Medium,Low,31.85,Low
IV-19305578,Proactive Billing Intervention — Payment Risk Driver Detected,billing_recovery,SMB,1,49.0,Contact customer directly to confirm payment details and offer alternative payment methods before the subscription lapses.,Customer Success Manager,Medium,Low,31.85,Low
IV-76807EF8,Proactive Billing Intervention — Payment Risk Driver Detected,billing_recovery,SMB,1,49.0,Contact customer directly to confirm payment details and offer alternative payment methods before the subscription lapses.,Customer Success Manager,Medium,Low,31.85,Low
IV-3EB72183,Proactive Billing Intervention — Payment Risk Driver Detected,billing_recovery,SMB,1,49.0,Contact customer directly to confirm payment details and offer alternative payment methods before the subscription lapses.,Customer Success Manager,Medium,Low,31.85,Low
IV-A2545DBD,Proactive Billing Intervention — Payment Risk Driver Detected,billing_recovery,SMB,1,49.0,Contact customer directly to confirm payment details and offer alternative payment methods before the subscription lapses.,Customer Success Manager,Medium,Low,31.85,Low
IV-42A6E9CB,Proactive Billing Intervention — Payment Risk Driver Detected,billing_recovery,Startup,1,49.0,Contact customer directly to confirm payment details and offer alternative payment methods before the subscription lapses.,Customer Success Manager,Medium,Low,31.85,Low
IV-3A06C18E,Proactive Billing Intervention — Payment Risk Driver Detected,billing_recovery,Startup,1,49.0,Contact customer directly to confirm payment details and offer alternative payment methods before the subscription lapses.,Customer Success Manager,Medium,Low,31.85,Low
IV-0D071CCF,Proactive Billing Intervention — Payment Risk Driver Detected,billing_recovery,Startup,1,49.0,Contact customer directly to confirm payment details and offer alternative payment methods before the subscription lapses.,Customer Success Manager,Medium,Low,31.85,Low
IV-CA03E115,Proactive Billing Intervention — Payment Risk Driver Detected,billing_recovery,SMB,1,49.0,Contact customer directly to confirm payment details and offer alternative payment methods before the subscription lapses.,Customer Success Manager,Medium,Low,31.85,Low
IV-62FD9643,Proactive Billing Intervention — Payment Risk Driver Detected,billing_recovery,Startup,1,49.0,Contact customer directly to confirm payment details and offer alternative payment methods before the subscription lapses.,Customer Success Manager,Medium,Low,31.85,Low
IV-7468BEAF,Proactive Billing Intervention — Payment Risk Driver Detected,billing_recovery,Startup,1,49.0,Contact customer directly to confirm payment details and offer alternative payment methods before the subscription lapses.,Customer Success Manager,Medium,Low,31.85,Low
IV-45DED7E0,Proactive Billing Intervention — Payment Risk Driver Detected,billing_recovery,SMB,1,49.0,Contact customer directly to confirm payment details and offer alternative payment methods before the subscription lapses.,Customer Success Manager,Medium,Low,31.85,Low
IV-196A6BDA,Proactive Billing Intervention — Payment Risk Driver Detected,billing_recovery,Startup,1,49.0,Contact customer directly to confirm payment details and offer alternative payment methods before the subscription lapses.,Customer Success Manager,Medium,Low,31.85,Low
IV-E265EC40,Proactive Billing Intervention — Payment Risk Driver Detected,billing_recovery,Mid-Market,1,49.0,Contact customer directly to confirm payment details and offer alternative payment methods before the subscription lapses.,Customer Success Manager,Medium,Low,31.85,Low
IV-5E7ED58E,Proactive Billing Intervention — Payment Risk Driver Detected,billing_recovery,Startup,1,49.0,Contact customer directly to confirm payment details and offer alternative payment methods before the subscription lapses.,Customer Success Manager,Medium,Low,31.85,Low
IV-7B222042,Proactive Billing Intervention — Payment Risk Driver Detected,billing_recovery,SMB,1,49.0,Contact customer directly to confirm payment details and offer alternative payment methods before the subscription lapses.,Customer Success Manager,Medium,Low,31.85,Low
IV-B1F4839D,Proactive Billing Intervention — Payment Risk Driver Detected,billing_recovery,Mid-Market,1,49.0,Contact customer directly to confirm payment details and offer alternative payment methods before the subscription lapses.,Customer Success Manager,Medium,Low,31.85,Low
IV-B8D24321,Proactive Billing Intervention — Payment Risk Driver Detected,billing_recovery,SMB,1,49.0,Contact customer directly to confirm payment details and offer alternative payment methods before the subscription lapses.,Customer Success Manager,Medium,Low,31.85,Low
IV-3ECD51EE,Proactive Billing Intervention — Payment Risk Driver Detected,billing_recovery,Mid-Market,1,49.0,Contact customer directly to confirm payment details and offer alternative payment methods before the subscription lapses.,Customer Success Manager,Medium,Low,31.85,Low
IV-4F4909DA,Proactive Billing Intervention — Payment Risk Driver Detected,billing_recovery,Startup,1,49.0,Contact customer directly to confirm payment details and offer alternative payment methods before the subscription lapses.,Customer Success Manager,Medium,Low,31.85,Low
IV-A32583B4,Proactive Billing Intervention — Payment Risk Driver Detected,billing_recovery,SMB,1,49.0,Contact customer directly to confirm payment details and offer alternative payment methods before the subscription lapses.,Customer Success Manager,Medium,Low,31.85,Low
IV-28C3FB0F,Proactive Billing Intervention — Payment Risk Driver Detected,billing_recovery,Enterprise,1,49.0,Contact customer directly to confirm payment details and offer alternative payment methods before the subscription lapses.,Customer Success Manager,Medium,Low,31.85,Low
IV-9FF463C6,Proactive Billing Intervention — Payment Risk Driver Detected,billing_recovery,Startup,1,49.0,Contact customer directly to confirm payment details and offer alternative payment methods before the subscription lapses.,Customer Success Manager,Medium,Low,31.85,Low
IV-CC811673,Proactive Billing Intervention — Payment Risk Driver Detected,billing_recovery,Startup,1,49.0,Contact customer directly to confirm payment details and offer alternative payment methods before the subscription lapses.,Customer Success Manager,Medium,Low,31.85,Low
IV-F9607F5D,Proactive Billing Intervention — Payment Risk Driver Detected,billing_recovery,Mid-Market,1,49.0,Contact customer directly to confirm payment details and offer alternative payment methods before the subscription lapses.,Customer Success Manager,Medium,Low,31.85,Low
IV-1A52E980,Proactive Billing Intervention — Payment Risk Driver Detected,billing_recovery,SMB,1,49.0,Contact customer directly to confirm payment details and offer alternative payment methods before the subscription lapses.,Customer Success Manager,Medium,Low,31.85,Low
IV-4FCF5108,Proactive Billing Intervention — Payment Risk Driver Detected,billing_recovery,SMB,1,49.0,Contact customer directly to confirm payment details and offer alternative payment methods before the subscription lapses.,Customer Success Manager,Medium,Low,31.85,Low
IV-F156D567,Proactive Billing Intervention — Payment Risk Driver Detected,billing_recovery,Mid-Market,1,49.0,Contact customer directly to confirm payment details and offer alternative payment methods before the subscription lapses.,Customer Success Manager,Medium,Low,31.85,Low
IV-3CCEE9E0,Proactive Billing Intervention — Payment Risk Driver Detected,billing_recovery,Startup,1,49.0,Contact customer directly to confirm payment details and offer alternative payment methods before the subscription lapses.,Customer Success Manager,Medium,Low,31.85,Low
IV-4BE32431,Proactive Billing Intervention — Payment Risk Driver Detected,billing_recovery,SMB,1,49.0,Contact customer directly to confirm payment details and offer alternative payment methods before the subscription lapses.,Customer Success Manager,Medium,Low,31.85,Low
IV-E4BE287C,Proactive Billing Intervention — Payment Risk Driver Detected,billing_recovery,Startup,1,49.0,Contact customer directly to confirm payment details and offer alternative payment methods before the subscription lapses.,Customer Success Manager,Medium,Low,31.85,Low
IV-3BFDA2CA,Proactive Billing Intervention — Payment Risk Driver Detected,billing_recovery,SMB,1,49.0,Contact customer directly to confirm payment details and offer alternative payment methods before the subscription lapses.,Customer Success Manager,Medium,Low,31.85,Low
IV-F26C2873,Proactive Billing Intervention — Payment Risk Driver Detected,billing_recovery,SMB,1,49.0,Contact customer directly to confirm payment details and offer alternative payment methods before the subscription lapses.,Customer Success Manager,Medium,Low,31.85,Low
IV-5F56BA89,Proactive Billing Intervention — Payment Risk Driver Detected,billing_recovery,SMB,1,49.0,Contact customer directly to confirm payment details and offer alternative payment methods before the subscription lapses.,Customer Success Manager,Medium,Low,31.85,Low
IV-3C1BE1B2,Proactive Billing Intervention — Payment Risk Driver Detected,billing_recovery,SMB,1,49.0,Contact customer directly to confirm payment details and offer alternative payment methods before the subscription lapses.,Customer Success Manager,Medium,Low,31.85,Low
IV-45D82ED6,Proactive Billing Intervention — Payment Risk Driver Detected,billing_recovery,Mid-Market,1,49.0,Contact customer directly to confirm payment details and offer alternative payment methods before the subscription lapses.,Customer Success Manager,Medium,Low,31.85,Low
IV-F7950B14,Proactive Billing Intervention — Payment Risk Driver Detected,billing_recovery,Startup,1,49.0,Contact customer directly to confirm payment details and offer alternative payment methods before the subscription lapses.,Customer Success Manager,Medium,Low,31.85,Low
IV-2F2971F8,Proactive Billing Intervention — Payment Risk Driver Detected,billing_recovery,SMB,1,49.0,Contact customer directly to confirm payment details and offer alternative payment methods before the subscription lapses.,Customer Success Manager,Medium,Low,31.85,Low
IV-C2DBDDA3,Proactive Billing Intervention — Payment Risk Driver Detected,billing_recovery,Startup,1,49.0,Contact customer directly to confirm payment details and offer alternative payment methods before the subscription lapses.,Customer Success Manager,Medium,Low,31.85,Low
IV-12DF7015,Proactive Billing Intervention — Payment Risk Driver Detected,billing_recovery,Startup,1,49.0,Contact customer directly to confirm payment details and offer alternative payment methods before the subscription lapses.,Customer Success Manager,Medium,Low,31.85,Low
IV-F43322DC,Proactive Billing Intervention — Payment Risk Driver Detected,billing_recovery,Enterprise,1,49.0,Contact customer directly to confirm payment details and offer alternative payment methods before the subscription lapses.,Customer Success Manager,Medium,Low,31.85,Low
IV-55D793CA,Proactive Billing Intervention — Payment Risk Driver Detected,billing_recovery,Enterprise,1,49.0,Contact customer directly to confirm payment details and offer alternative payment methods before the subscription lapses.,Customer Success Manager,Medium,Low,31.85,Low
IV-035D6547,Proactive Billing Intervention — Payment Risk Driver Detected,billing_recovery,SMB,1,49.0,Contact customer directly to confirm payment details and offer alternative payment methods before the subscription lapses.,Customer Success Manager,Medium,Low,31.85,Low
IV-EDCB1424,Proactive Billing Intervention — Payment Risk Driver Detected,billing_recovery,Startup,1,49.0,Contact customer directly to confirm payment details and offer alternative payment methods before the subscription lapses.,Customer Success Manager,Medium,Low,31.85,Low
IV-4C672E36,Proactive Billing Intervention — Payment Risk Driver Detected,billing_recovery,SMB,1,49.0,Contact customer directly to confirm payment details and offer alternative payment methods before the subscription lapses.,Customer Success Manager,Medium,Low,31.85,Low
IV-6278C965,Proactive Billing Intervention — Payment Risk Driver Detected,billing_recovery,Mid-Market,1,49.0,Contact customer directly to confirm payment details and offer alternative payment methods before the subscription lapses.,Customer Success Manager,Medium,Low,31.85,Low
IV-06B3216A,Proactive Billing Intervention — Payment Risk Driver Detected,billing_recovery,Mid-Market,1,49.0,Contact customer directly to confirm payment details and offer alternative payment methods before the subscription lapses.,Customer Success Manager,Medium,Low,31.85,Low
IV-12A9F9E8,Proactive Billing Intervention — Payment Risk Driver Detected,billing_recovery,Enterprise,1,49.0,Contact customer directly to confirm payment details and offer alternative payment methods before the subscription lapses.,Customer Success Manager,Medium,Low,31.85,Low
IV-D7BDB619,Proactive Billing Intervention — Payment Risk Driver Detected,billing_recovery,Startup,1,49.0,Contact customer directly to confirm payment details and offer alternative payment methods before the subscription lapses.,Customer Success Manager,Medium,Low,31.85,Low
IV-08B970E0,Proactive Billing Intervention — Payment Risk Driver Detected,billing_recovery,SMB,1,49.0,Contact customer directly to confirm payment details and offer alternative payment methods before the subscription lapses.,Customer Success Manager,Medium,Low,31.85,Low
IV-C8988AF6,Proactive Billing Intervention — Payment Risk Driver Detected,billing_recovery,Startup,1,49.0,Contact customer directly to confirm payment details and offer alternative payment methods before the subscription lapses.,Customer Success Manager,Medium,Low,31.85,Low
IV-B0CD9820,Proactive Billing Intervention — Payment Risk Driver Detected,billing_recovery,Startup,1,49.0,Contact customer directly to confirm payment details and offer alternative payment methods before the subscription lapses.,Customer Success Manager,Medium,Low,31.85,Low
IV-7891F279,Proactive Billing Intervention — Payment Risk Driver Detected,billing_recovery,SMB,1,49.0,Contact customer directly to confirm payment details and offer alternative payment methods before the subscription lapses.,Customer Success Manager,Medium,Low,31.85,Low
IV-E10453A5,Proactive Billing Intervention — Payment Risk Driver Detected,billing_recovery,Mid-Market,1,49.0,Contact customer directly to confirm payment details and offer alternative payment methods before the subscription lapses.,Customer Success Manager,Medium,Low,31.85,Low
IV-E662DDE7,Proactive Billing Intervention — Payment Risk Driver Detected,billing_recovery,Startup,1,49.0,Contact customer directly to confirm payment details and offer alternative payment methods before the subscription lapses.,Customer Success Manager,Medium,Low,31.85,Low
IV-4CFA2F7A,Proactive Billing Intervention — Payment Risk Driver Detected,billing_recovery,Mid-Market,1,49.0,Contact customer directly to confirm payment details and offer alternative payment methods before the subscription lapses.,Customer Success Manager,Medium,Low,31.85,Low
IV-B6ABA906,Proactive Billing Intervention — Payment Risk Driver Detected,billing_recovery,Startup,1,49.0,Contact customer directly to confirm payment details and offer alternative payment methods before the subscription lapses.,Customer Success Manager,Medium,Low,31.85,Low
IV-BB5FC6D6,Proactive Billing Intervention — Payment Risk Driver Detected,billing_recovery,Startup,1,49.0,Contact customer directly to confirm payment details and offer alternative payment methods before the subscription lapses.,Customer Success Manager,Medium,Low,31.85,Low
IV-D09DBB1C,Proactive Billing Intervention — Payment Risk Driver Detected,billing_recovery,Startup,1,49.0,Contact customer directly to confirm payment details and offer alternative payment methods before the subscription lapses.,Customer Success Manager,Medium,Low,31.85,Low
IV-16267949,Proactive Billing Intervention — Payment Risk Driver Detected,billing_recovery,Startup,1,49.0,Contact customer directly to confirm payment details and offer alternative payment methods before the subscription lapses.,Customer Success Manager,Medium,Low,31.85,Low
IV-62591463,Proactive Billing Intervention — Payment Risk Driver Detected,billing_recovery,Startup,1,49.0,Contact customer directly to confirm payment details and offer alternative payment methods before the subscription lapses.,Customer Success Manager,Medium,Low,31.85,Low
IV-23C19BC1,Proactive Billing Intervention — Payment Risk Driver Detected,billing_recovery,Enterprise,1,49.0,Contact customer directly to confirm payment details and offer alternative payment methods before the subscription lapses.,Customer Success Manager,Medium,Low,31.85,Low
IV-F4DA34C3,Proactive Billing Intervention — Payment Risk Driver Detected,billing_recovery,Startup,1,49.0,Contact customer directly to confirm payment details and offer alternative payment methods before the subscription lapses.,Customer Success Manager,Medium,Low,31.85,Low
IV-D0150761,Proactive Billing Intervention — Payment Risk Driver Detected,billing_recovery,Startup,1,49.0,Contact customer directly to confirm payment details and offer alternative payment methods before the subscription lapses.,Customer Success Manager,Medium,Low,31.85,Low
IV-DF78A2CB,Proactive Billing Intervention — Payment Risk Driver Detected,billing_recovery,Startup,1,49.0,Contact customer directly to confirm payment details and offer alternative payment methods before the subscription lapses.,Customer Success Manager,Medium,Low,31.85,Low
IV-938E10B5,Proactive Billing Intervention — Payment Risk Driver Detected,billing_recovery,SMB,1,49.0,Contact customer directly to confirm payment details and offer alternative payment methods before the subscription lapses.,Customer Success Manager,Medium,Low,31.85,Low
IV-07CC86A4,Proactive Billing Intervention — Payment Risk Driver Detected,billing_recovery,SMB,1,49.0,Contact customer directly to confirm payment details and offer alternative payment methods before the subscription lapses.,Customer Success Manager,Medium,Low,31.85,Low
IV-F29AA368,Proactive Billing Intervention — Payment Risk Driver Detected,billing_recovery,Startup,1,49.0,Contact customer directly to confirm payment details and offer alternative payment methods before the subscription lapses.,Customer Success Manager,Medium,Low,31.85,Low
IV-D23B77B8,Proactive Billing Intervention — Payment Risk Driver Detected,billing_recovery,Enterprise,1,49.0,Contact customer directly to confirm payment details and offer alternative payment methods before the subscription lapses.,Customer Success Manager,Medium,Low,31.85,Low
IV-D7746F41,Proactive Billing Intervention — Payment Risk Driver Detected,billing_recovery,SMB,1,49.0,Contact customer directly to confirm payment details and offer alternative payment methods before the subscription lapses.,Customer Success Manager,Medium,Low,31.85,Low
IV-367D51D0,Proactive Billing Intervention — Payment Risk Driver Detected,billing_recovery,SMB,1,49.0,Contact customer directly to confirm payment details and offer alternative payment methods before the subscription lapses.,Customer Success Manager,Medium,Low,31.85,Low
IV-FCC6FDFC,Proactive Billing Intervention — Payment Risk Driver Detected,billing_recovery,Enterprise,1,49.0,Contact customer directly to confirm payment details and offer alternative payment methods before the subscription lapses.,Customer Success Manager,Medium,Low,31.85,Low
IV-F83B1D56,Proactive Billing Intervention — Payment Risk Driver Detected,billing_recovery,SMB,1,49.0,Contact customer directly to confirm payment details and offer alternative payment methods before the subscription lapses.,Customer Success Manager,Medium,Low,31.85,Low
IV-E27D9095,Proactive Billing Intervention — Payment Risk Driver Detected,billing_recovery,SMB,1,49.0,Contact customer directly to confirm payment details and offer alternative payment methods before the subscription lapses.,Customer Success Manager,Medium,Low,31.85,Low
IV-85F25641,Proactive Billing Intervention — Payment Risk Driver Detected,billing_recovery,Startup,1,49.0,Contact customer directly to confirm payment details and offer alternative payment methods before the subscription lapses.,Customer Success Manager,Medium,Low,31.85,Low
IV-66042941,Proactive Billing Intervention — Payment Risk Driver Detected,billing_recovery,SMB,1,49.0,Contact customer directly to confirm payment details and offer alternative payment methods before the subscription lapses.,Customer Success Manager,Medium,Low,31.85,Low
IV-09A5038B,Proactive Billing Intervention — Payment Risk Driver Detected,billing_recovery,Startup,1,49.0,Contact customer directly to confirm payment details and offer alternative payment methods before the subscription lapses.,Customer Success Manager,Medium,Low,31.85,Low
IV-9372DDFF,Proactive Billing Intervention — Payment Risk Driver Detected,billing_recovery,SMB,1,49.0,Contact customer directly to confirm payment details and offer alternative payment methods before the subscription lapses.,Customer Success Manager,Medium,Low,31.85,Low
IV-48DFFE12,Proactive Billing Intervention — Payment Risk Driver Detected,billing_recovery,Mid-Market,1,49.0,Contact customer directly to confirm payment details and offer alternative payment methods before the subscription lapses.,Customer Success Manager,Medium,Low,31.85,Low
IV-B2AEC84C,Proactive Billing Intervention — Payment Risk Driver Detected,billing_recovery,Startup,1,49.0,Contact customer directly to confirm payment details and offer alternative payment methods before the subscription lapses.,Customer Success Manager,Medium,Low,31.85,Low
IV-7E90B323,Proactive Billing Intervention — Payment Risk Driver Detected,billing_recovery,SMB,1,49.0,Contact customer directly to confirm payment details and offer alternative payment methods before the subscription lapses.,Customer Success Manager,Medium,Low,31.85,Low
IV-2F7B36BC,Proactive Billing Intervention — Payment Risk Driver Detected,billing_recovery,SMB,1,49.0,Contact customer directly to confirm payment details and offer alternative payment methods before the subscription lapses.,Customer Success Manager,Medium,Low,31.85,Low
IV-F743E254,Proactive Billing Intervention — Payment Risk Driver Detected,billing_recovery,SMB,1,49.0,Contact customer directly to confirm payment details and offer alternative payment methods before the subscription lapses.,Customer Success Manager,Medium,Low,31.85,Low
IV-C50A2C60,Proactive Billing Intervention — Payment Risk Driver Detected,billing_recovery,SMB,1,49.0,Contact customer directly to confirm payment details and offer alternative payment methods before the subscription lapses.,Customer Success Manager,Medium,Low,31.85,Low
IV-A01E5F01,Proactive Billing Intervention — Payment Risk Driver Detected,billing_recovery,SMB,1,49.0,Contact customer directly to confirm payment details and offer alternative payment methods before the subscription lapses.,Customer Success Manager,Medium,Low,31.85,Low
IV-1FFFA1C4,Proactive Billing Intervention — Payment Risk Driver Detected,billing_recovery,Startup,1,49.0,Contact customer directly to confirm payment details and offer alternative payment methods before the subscription lapses.,Customer Success Manager,Medium,Low,31.85,Low
IV-4CC1813C,Proactive Billing Intervention — Payment Risk Driver Detected,billing_recovery,Mid-Market,1,49.0,Contact customer directly to confirm payment details and offer alternative payment methods before the subscription lapses.,Customer Success Manager,Medium,Low,31.85,Low
IV-9739358A,Proactive Billing Intervention — Payment Risk Driver Detected,billing_recovery,Startup,1,49.0,Contact customer directly to confirm payment details and offer alternative payment methods before the subscription lapses.,Customer Success Manager,Medium,Low,31.85,Low
IV-B2A3343B,Proactive Billing Intervention — Payment Risk Driver Detected,billing_recovery,Startup,1,49.0,Contact customer directly to confirm payment details and offer alternative payment methods before the subscription lapses.,Customer Success Manager,Medium,Low,31.85,Low
IV-F88C6287,Mid-Market Retention Escalation — Critical Risk,retention,Mid-Market,1,49.0,Immediate CSM outreach. Conduct health-check call and offer feature enablement session to re-establish value.,Customer Success Manager,Medium,High,10.62,Low
IV-7E62B075,SMB Re-engagement Offer — High Churn Risk,retention,SMB,1,49.0,Send personalised in-app re-engagement campaign with 15% discount for 3-month commitment. Follow up with feature tutorial email sequence.,Marketing Automation,Medium,High,10.62,Low
IV-C7EE8815,SMB Re-engagement Offer — High Churn Risk,retention,SMB,1,49.0,Send personalised in-app re-engagement campaign with 15% discount for 3-month commitment. Follow up with feature tutorial email sequence.,Marketing Automation,Medium,High,10.62,Low
IV-8D0D7781,SMB Re-engagement Offer — High Churn Risk,retention,SMB,1,49.0,Send personalised in-app re-engagement campaign with 15% discount for 3-month commitment. Follow up with feature tutorial email sequence.,Marketing Automation,Medium,High,10.62,Low
IV-0E6E02C2,SMB Re-engagement Offer — High Churn Risk,retention,SMB,1,49.0,Send personalised in-app re-engagement campaign with 15% discount for 3-month commitment. Follow up with feature tutorial email sequence.,Marketing Automation,Medium,High,10.62,Low
IV-4F605DA0,SMB Re-engagement Offer — High Churn Risk,retention,SMB,1,49.0,Send personalised in-app re-engagement campaign with 15% discount for 3-month commitment. Follow up with feature tutorial email sequence.,Marketing Automation,Medium,High,10.62,Low
IV-47B7448C,SMB Re-engagement Offer — High Churn Risk,retention,SMB,1,49.0,Send personalised in-app re-engagement campaign with 15% discount for 3-month commitment. Follow up with feature tutorial email sequence.,Marketing Automation,Medium,High,10.62,Low
IV-1BA86004,SMB Re-engagement Offer — High Churn Risk,retention,SMB,1,49.0,Send personalised in-app re-engagement campaign with 15% discount for 3-month commitment. Follow up with feature tutorial email sequence.,Marketing Automation,Medium,High,10.62,Low
IV-C0E7BDC3,SMB Re-engagement Offer — High Churn Risk,retention,SMB,1,49.0,Send personalised in-app re-engagement campaign with 15% discount for 3-month commitment. Follow up with feature tutorial email sequence.,Marketing Automation,Medium,High,10.62,Low
IV-EEC0F35B,SMB Re-engagement Offer — High Churn Risk,retention,SMB,1,49.0,Send personalised in-app re-engagement campaign with 15% discount for 3-month commitment. Follow up with feature tutorial email sequence.,Marketing Automation,Medium,High,10.62,Low
IV-002722A0,SMB Re-engagement Offer — High Churn Risk,retention,SMB,1,49.0,Send personalised in-app re-engagement campaign with 15% discount for 3-month commitment. Follow up with feature tutorial email sequence.,Marketing Automation,Medium,High,10.62,Low
IV-E68B9C16,SMB Re-engagement Offer — High Churn Risk,retention,SMB,1,49.0,Send personalised in-app re-engagement campaign with 15% discount for 3-month commitment. Follow up with feature tutorial email sequence.,Marketing Automation,Medium,High,10.62,Low
IV-F3B5EF31,SMB Re-engagement Offer — High Churn Risk,retention,SMB,1,49.0,Send personalised in-app re-engagement campaign with 15% discount for 3-month commitment. Follow up with feature tutorial email sequence.,Marketing Automation,Medium,High,10.62,Low
IV-01AD68C5,SMB Re-engagement Offer — High Churn Risk,retention,SMB,1,49.0,Send personalised in-app re-engagement campaign with 15% discount for 3-month commitment. Follow up with feature tutorial email sequence.,Marketing Automation,Medium,High,10.62,Low
IV-BC1BF7E4,SMB Re-engagement Offer — High Churn Risk,retention,SMB,1,49.0,Send personalised in-app re-engagement campaign with 15% discount for 3-month commitment. Follow up with feature tutorial email sequence.,Marketing Automation,Medium,High,10.62,Low
IV-B4A98E04,SMB Re-engagement Offer — High Churn Risk,retention,SMB,1,49.0,Send personalised in-app re-engagement campaign with 15% discount for 3-month commitment. Follow up with feature tutorial email sequence.,Marketing Automation,Medium,High,10.62,Low
IV-EADFD739,SMB Re-engagement Offer — High Churn Risk,retention,SMB,1,49.0,Send personalised in-app re-engagement campaign with 15% discount for 3-month commitment. Follow up with feature tutorial email sequence.,Marketing Automation,Medium,High,10.62,Low
IV-0ABF4486,SMB Re-engagement Offer — High Churn Risk,retention,SMB,1,49.0,Send personalised in-app re-engagement campaign with 15% discount for 3-month commitment. Follow up with feature tutorial email sequence.,Marketing Automation,Medium,High,10.62,Low
IV-34181B98,SMB Re-engagement Offer — High Churn Risk,retention,SMB,1,49.0,Send personalised in-app re-engagement campaign with 15% discount for 3-month commitment. Follow up with feature tutorial email sequence.,Marketing Automation,Medium,High,10.62,Low
IV-D71E2005,SMB Re-engagement Offer — High Churn Risk,retention,SMB,1,49.0,Send personalised in-app re-engagement campaign with 15% discount for 3-month commitment. Follow up with feature tutorial email sequence.,Marketing Automation,Medium,High,10.62,Low
IV-C06D34BD,SMB Re-engagement Offer — High Churn Risk,retention,SMB,1,49.0,Send personalised in-app re-engagement campaign with 15% discount for 3-month commitment. Follow up with feature tutorial email sequence.,Marketing Automation,Medium,High,10.62,Low
IV-3A588CFE,SMB Re-engagement Offer — High Churn Risk,retention,SMB,1,49.0,Send personalised in-app re-engagement campaign with 15% discount for 3-month commitment. Follow up with feature tutorial email sequence.,Marketing Automation,Medium,High,10.62,Low
IV-CB53526A,SMB Re-engagement Offer — High Churn Risk,retention,SMB,1,49.0,Send personalised in-app re-engagement campaign with 15% discount for 3-month commitment. Follow up with feature tutorial email sequence.,Marketing Automation,Medium,High,10.62,Low
IV-780500C6,SMB Re-engagement Offer — High Churn Risk,retention,SMB,1,49.0,Send personalised in-app re-engagement campaign with 15% discount for 3-month commitment. Follow up with feature tutorial email sequence.,Marketing Automation,Medium,High,10.62,Low
IV-2B665D45,SMB Re-engagement Offer — High Churn Risk,retention,SMB,1,49.0,Send personalised in-app re-engagement campaign with 15% discount for 3-month commitment. Follow up with feature tutorial email sequence.,Marketing Automation,Medium,High,10.62,Low
IV-B4012A61,SMB Re-engagement Offer — High Churn Risk,retention,SMB,1,49.0,Send personalised in-app re-engagement campaign with 15% discount for 3-month commitment. Follow up with feature tutorial email sequence.,Marketing Automation,Medium,High,10.62,Low
IV-267527AD,SMB Re-engagement Offer — High Churn Risk,retention,SMB,1,49.0,Send personalised in-app re-engagement campaign with 15% discount for 3-month commitment. Follow up with feature tutorial email sequence.,Marketing Automation,Medium,High,10.62,Low
IV-3FE95808,SMB Re-engagement Offer — High Churn Risk,retention,SMB,1,49.0,Send personalised in-app re-engagement campaign with 15% discount for 3-month commitment. Follow up with feature tutorial email sequence.,Marketing Automation,Medium,High,10.62,Low
IV-1035ED0D,SMB Re-engagement Offer — High Churn Risk,retention,SMB,1,49.0,Send personalised in-app re-engagement campaign with 15% discount for 3-month commitment. Follow up with feature tutorial email sequence.,Marketing Automation,Medium,High,10.62,Low
IV-80BEC184,SMB Re-engagement Offer — High Churn Risk,retention,SMB,1,49.0,Send personalised in-app re-engagement campaign with 15% discount for 3-month commitment. Follow up with feature tutorial email sequence.,Marketing Automation,Medium,High,10.62,Low
IV-1EC33274,SMB Re-engagement Offer — High Churn Risk,retention,SMB,1,49.0,Send personalised in-app re-engagement campaign with 15% discount for 3-month commitment. Follow up with feature tutorial email sequence.,Marketing Automation,Medium,High,10.62,Low
IV-9CAD9B8D,SMB Re-engagement Offer — High Churn Risk,retention,SMB,1,49.0,Send personalised in-app re-engagement campaign with 15% discount for 3-month commitment. Follow up with feature tutorial email sequence.,Marketing Automation,Medium,High,10.62,Low
IV-FC3C844B,SMB Re-engagement Offer — High Churn Risk,retention,SMB,1,49.0,Send personalised in-app re-engagement campaign with 15% discount for 3-month commitment. Follow up with feature tutorial email sequence.,Marketing Automation,Medium,High,10.62,Low
IV-A46C0A8A,SMB Re-engagement Offer — High Churn Risk,retention,SMB,1,49.0,Send personalised in-app re-engagement campaign with 15% discount for 3-month commitment. Follow up with feature tutorial email sequence.,Marketing Automation,Medium,High,10.62,Low
IV-6F7257E6,SMB Re-engagement Offer — High Churn Risk,retention,SMB,1,49.0,Send personalised in-app re-engagement campaign with 15% discount for 3-month commitment. Follow up with feature tutorial email sequence.,Marketing Automation,Medium,High,10.62,Low
IV-2065C9BB,SMB Re-engagement Offer — High Churn Risk,retention,SMB,1,49.0,Send personalised in-app re-engagement campaign with 15% discount for 3-month commitment. Follow up with feature tutorial email sequence.,Marketing Automation,Medium,High,10.62,Low
IV-BD7ABB88,SMB Re-engagement Offer — High Churn Risk,retention,SMB,1,49.0,Send personalised in-app re-engagement campaign with 15% discount for 3-month commitment. Follow up with feature tutorial email sequence.,Marketing Automation,Medium,High,10.62,Low
IV-3CF89A7A,SMB Re-engagement Offer — High Churn Risk,retention,SMB,1,49.0,Send personalised in-app re-engagement campaign with 15% discount for 3-month commitment. Follow up with feature tutorial email sequence.,Marketing Automation,Medium,High,10.62,Low
IV-070586B9,SMB Re-engagement Offer — High Churn Risk,retention,SMB,1,49.0,Send personalised in-app re-engagement campaign with 15% discount for 3-month commitment. Follow up with feature tutorial email sequence.,Marketing Automation,Medium,High,10.62,Low
IV-549AAC07,SMB Re-engagement Offer — High Churn Risk,retention,SMB,1,49.0,Send personalised in-app re-engagement campaign with 15% discount for 3-month commitment. Follow up with feature tutorial email sequence.,Marketing Automation,Medium,High,10.62,Low
IV-EC4B7DF2,SMB Re-engagement Offer — High Churn Risk,retention,SMB,1,49.0,Send personalised in-app re-engagement campaign with 15% discount for 3-month commitment. Follow up with feature tutorial email sequence.,Marketing Automation,Medium,High,10.62,Low
IV-9595F622,SMB Re-engagement Offer — High Churn Risk,retention,SMB,1,49.0,Send personalised in-app re-engagement campaign with 15% discount for 3-month commitment. Follow up with feature tutorial email sequence.,Marketing Automation,Medium,High,10.62,Low
IV-852CC286,SMB Re-engagement Offer — High Churn Risk,retention,SMB,1,49.0,Send personalised in-app re-engagement campaign with 15% discount for 3-month commitment. Follow up with feature tutorial email sequence.,Marketing Automation,Medium,High,10.62,Low
IV-5F5BB08C,SMB Re-engagement Offer — High Churn Risk,retention,SMB,1,49.0,Send personalised in-app re-engagement campaign with 15% discount for 3-month commitment. Follow up with feature tutorial email sequence.,Marketing Automation,Medium,High,10.62,Low
IV-EC746187,SMB Re-engagement Offer — High Churn Risk,retention,SMB,1,49.0,Send personalised in-app re-engagement campaign with 15% discount for 3-month commitment. Follow up with feature tutorial email sequence.,Marketing Automation,Medium,High,10.62,Low
IV-C64F24CB,SMB Re-engagement Offer — High Churn Risk,retention,SMB,1,49.0,Send personalised in-app re-engagement campaign with 15% discount for 3-month commitment. Follow up with feature tutorial email sequence.,Marketing Automation,Medium,High,10.62,Low
IV-4D130098,SMB Re-engagement Offer — High Churn Risk,retention,SMB,1,49.0,Send personalised in-app re-engagement campaign with 15% discount for 3-month commitment. Follow up with feature tutorial email sequence.,Marketing Automation,Medium,High,10.62,Low
IV-E3E5CE4C,SMB Re-engagement Offer — High Churn Risk,retention,SMB,1,49.0,Send personalised in-app re-engagement campaign with 15% discount for 3-month commitment. Follow up with feature tutorial email sequence.,Marketing Automation,Medium,High,10.62,Low
IV-487EB74F,SMB Re-engagement Offer — High Churn Risk,retention,SMB,1,0.0,Send personalised in-app re-engagement campaign with 15% discount for 3-month commitment. Follow up with feature tutorial email sequence.,Marketing Automation,Medium,High,0.0,Low
IV-A89549B6,Proactive Billing Intervention — Payment Risk Driver Detected,billing_recovery,SMB,1,0.0,Contact customer directly to confirm payment details and offer alternative payment methods before the subscription lapses.,Customer Success Manager,Medium,Low,0.0,Low
IV-57D4507B,Proactive Billing Intervention — Payment Risk Driver Detected,billing_recovery,Enterprise,1,0.0,Contact customer directly to confirm payment details and offer alternative payment methods before the subscription lapses.,Customer Success Manager,Medium,Low,0.0,Low
IV-C7B0CAC7,SMB Re-engagement Offer — High Churn Risk,retention,SMB,1,0.0,Send personalised in-app re-engagement campaign with 15% discount for 3-month commitment. Follow up with feature tutorial email sequence.,Marketing Automation,Medium,High,0.0,Low
IV-8B82C774,Proactive Billing Intervention — Payment Risk Driver Detected,billing_recovery,SMB,1,0.0,Contact customer directly to confirm payment details and offer alternative payment methods before the subscription lapses.,Customer Success Manager,Medium,Low,0.0,Low
IV-C0E22EB6,Proactive Billing Intervention — Payment Risk Driver Detected,billing_recovery,Enterprise,1,0.0,Contact customer directly to confirm payment details and offer alternative payment methods before the subscription lapses.,Customer Success Manager,Medium,Low,0.0,Low
IV-CEB9C3EA,Proactive Billing Intervention — Payment Risk Driver Detected,billing_recovery,Startup,1,0.0,Contact customer directly to confirm payment details and offer alternative payment methods before the subscription lapses.,Customer Success Manager,Medium,Low,0.0,Low
IV-C3603BCA,SMB Re-engagement Offer — High Churn Risk,retention,SMB,1,0.0,Send personalised in-app re-engagement campaign with 15% discount for 3-month commitment. Follow up with feature tutorial email sequence.,Marketing Automation,Medium,High,0.0,Low
IV-6DCB965C,Proactive Billing Intervention — Payment Risk Driver Detected,billing_recovery,SMB,1,0.0,Contact customer directly to confirm payment details and offer alternative payment methods before the subscription lapses.,Customer Success Manager,Medium,Low,0.0,Low
IV-B3D1DD71,Proactive Billing Intervention — Payment Risk Driver Detected,billing_recovery,Startup,1,0.0,Contact customer directly to confirm payment details and offer alternative payment methods before the subscription lapses.,Customer Success Manager,Medium,Low,0.0,Low
IV-B0FC48AF,SMB Re-engagement Offer — High Churn Risk,retention,SMB,1,0.0,Send personalised in-app re-engagement campaign with 15% discount for 3-month commitment. Follow up with feature tutorial email sequence.,Marketing Automation,Medium,High,0.0,Low
IV-9DD54DAA,Proactive Billing Intervention — Payment Risk Driver Detected,billing_recovery,SMB,1,0.0,Contact customer directly to confirm payment details and offer alternative payment methods before the subscription lapses.,Customer Success Manager,Medium,Low,0.0,Low
IV-31007472,SMB Re-engagement Offer — High Churn Risk,retention,SMB,1,0.0,Send personalised in-app re-engagement campaign with 15% discount for 3-month commitment. Follow up with feature tutorial email sequence.,Marketing Automation,Medium,High,0.0,Low
IV-63AE39B6,Proactive Billing Intervention — Payment Risk Driver Detected,billing_recovery,SMB,1,0.0,Contact customer directly to confirm payment details and offer alternative payment methods before the subscription lapses.,Customer Success Manager,Medium,Low,0.0,Low
IV-D426CF40,Proactive Billing Intervention — Payment Risk Driver Detected,billing_recovery,Enterprise,1,0.0,Contact customer directly to confirm payment details and offer alternative payment methods before the subscription lapses.,Customer Success Manager,Medium,Low,0.0,Low
IV-0DB86A56,SMB Re-engagement Offer — High Churn Risk,retention,SMB,1,0.0,Send personalised in-app re-engagement campaign with 15% discount for 3-month commitment. Follow up with feature tutorial email sequence.,Marketing Automation,Medium,High,0.0,Low
IV-39CEFA48,Proactive Billing Intervention — Payment Risk Driver Detected,billing_recovery,SMB,1,0.0,Contact customer directly to confirm payment details and offer alternative payment methods before the subscription lapses.,Customer Success Manager,Medium,Low,0.0,Low
IV-D4C89FDB,Proactive Billing Intervention — Payment Risk Driver Detected,billing_recovery,Enterprise,1,0.0,Contact customer directly to confirm payment details and offer alternative payment methods before the subscription lapses.,Customer Success Manager,Medium,Low,0.0,Low
IV-11F67073,Proactive Billing Intervention — Payment Risk Driver Detected,billing_recovery,Startup,1,0.0,Contact customer directly to confirm payment details and offer alternative payment methods before the subscription lapses.,Customer Success Manager,Medium,Low,0.0,Low
IV-D0595057,Proactive Billing Intervention — Payment Risk Driver Detected,billing_recovery,Mid-Market,1,0.0,Contact customer directly to confirm payment details and offer alternative payment methods before the subscription lapses.,Customer Success Manager,Medium,Low,0.0,Low
IV-BAAD1562,SMB Re-engagement Offer — High Churn Risk,retention,SMB,1,0.0,Send personalised in-app re-engagement campaign with 15% discount for 3-month commitment. Follow up with feature tutorial email sequence.,Marketing Automation,Medium,High,0.0,Low
IV-79C9732A,Proactive Billing Intervention — Payment Risk Driver Detected,billing_recovery,SMB,1,0.0,Contact customer directly to confirm payment details and offer alternative payment methods before the subscription lapses.,Customer Success Manager,Medium,Low,0.0,Low
IV-B5F75FD7,SMB Re-engagement Offer — High Churn Risk,retention,SMB,1,0.0,Send personalised in-app re-engagement campaign with 15% discount for 3-month commitment. Follow up with feature tutorial email sequence.,Marketing Automation,Medium,High,0.0,Low
IV-10332584,Proactive Billing Intervention — Payment Risk Driver Detected,billing_recovery,SMB,1,0.0,Contact customer directly to confirm payment details and offer alternative payment methods before the subscription lapses.,Customer Success Manager,Medium,Low,0.0,Low
IV-C72ACB86,Proactive Billing Intervention — Payment Risk Driver Detected,billing_recovery,Startup,1,0.0,Contact customer directly to confirm payment details and offer alternative payment methods before the subscription lapses.,Customer Success Manager,Medium,Low,0.0,Low
IV-28DAE11D,SMB Re-engagement Offer — High Churn Risk,retention,SMB,1,0.0,Send personalised in-app re-engagement campaign with 15% discount for 3-month commitment. Follow up with feature tutorial email sequence.,Marketing Automation,Medium,High,0.0,Low
IV-70FD1D0A,Proactive Billing Intervention — Payment Risk Driver Detected,billing_recovery,SMB,1,0.0,Contact customer directly to confirm payment details and offer alternative payment methods before the subscription lapses.,Customer Success Manager,Medium,Low,0.0,Low
