usage_id,customer_id,date,active_users,key_actions,logins,features_used
USG-0db62ccb,CUST-ead84775,2026-02-01,2,24,24,6
USG-4dc398c4,CUST-ead84775,2026-03-01,1,12,4,5
USG-bddcdd08,CUST-ead84775,2026-04-01,1,10,5,4
USG-295fd4b6,CUST-0ba66f2a,2025-12-01,10,109,109,7
USG-98f06006,CUST-0ba66f2a,2026-01-01,14,429,143,2
USG-ff79740e,CUST-0ba66f2a,2026-02-01,12,384,128,9
USG-408ac7d9,CUST-0ba66f2a,2026-03-01,11,452,113,7
USG-afd830c4,CUST-0ba66f2a,2026-04-01,10,408,102,4
USG-3525de6c,CUST-557b6976,2026-02-01,14,596,149,8
USG-4e272cac,CUST-557b6976,2026-03-01,17,704,176,3
USG-380e787f,CUST-557b6976,2026-04-01,17,531,177,10
USG-a8b0c8bf,CUST-751489c5,2026-04-01,19,195,195,8
USG-c11d70a8,CUST-f1fec33c,2025-01-01,16,805,161,2
USG-84faaa04,CUST-f1fec33c,2025-02-01,14,568,142,1
USG-95ae9100,CUST-f1fec33c,2025-03-01,13,274,137,3
USG-534a7539,CUST-f1fec33c,2025-04-01,12,122,122,7
USG-e34467e3,CUST-f1fec33c,2025-05-01,15,150,150,5
USG-343c3037,CUST-f1fec33c,2025-06-01,17,170,170,4
USG-acf25e4a,CUST-f1fec33c,2025-07-01,16,489,163,5
USG-820eee58,CUST-f1fec33c,2025-08-01,15,624,156,1
USG-279775d0,CUST-f1fec33c,2025-09-01,15,477,159,9
USG-07817dd2,CUST-f1fec33c,2025-10-01,12,516,129,8
USG-70762280,CUST-f1fec33c,2025-11-01,13,268,134,10
USG-1766bed6,CUST-f1fec33c,2025-12-01,16,330,165,9
USG-cd455ea1,CUST-f1fec33c,2026-01-01,14,282,141,4
USG-07615b01,CUST-f1fec33c,2026-02-01,16,162,162,3
USG-1d34fcb1,CUST-f1fec33c,2026-03-01,1,9,3,1
USG-2b91dec6,CUST-f1fec33c,2026-04-01,1,20,4,7
USG-954ad6c0,CUST-dd61d47d,2024-10-01,41,419,419,9
USG-4779c225,CUST-dd61d47d,2024-11-01,43,1720,430,7
USG-fd1ad96c,CUST-dd61d47d,2024-12-01,36,364,364,10
USG-baf80607,CUST-dd61d47d,2025-01-01,40,1632,408,7
USG-e76fd973,CUST-dd61d47d,2025-02-01,36,362,362,1
USG-0635a270,CUST-dd61d47d,2025-03-01,31,954,318,7
USG-e70b64d1,CUST-dd61d47d,2025-04-01,43,1299,433,3
USG-567a477a,CUST-dd61d47d,2025-05-01,41,418,418,3
USG-7844fe37,CUST-dd61d47d,2025-06-01,41,830,415,3
USG-068deafd,CUST-dd61d47d,2025-07-01,39,796,398,5
USG-539d2b47,CUST-dd61d47d,2025-08-01,38,1940,388,1
USG-dc02fffc,CUST-dd61d47d,2025-09-01,30,616,308,8
USG-7404d9ca,CUST-dd61d47d,2025-10-01,44,2210,442,4
USG-c17c4197,CUST-dd61d47d,2025-11-01,43,1720,430,6
USG-0f3426f7,CUST-dd61d47d,2025-12-01,38,389,389,2
USG-6ad52696,CUST-dd61d47d,2026-01-01,36,1472,368,10
USG-96c39b3b,CUST-dd61d47d,2026-02-01,30,616,308,5
USG-cf9c22c4,CUST-dd61d47d,2026-03-01,33,1352,338,2
USG-335f8dc7,CUST-dd61d47d,2026-04-01,33,338,338,10
USG-16a414d0,CUST-47a35dc2,2025-06-01,8,249,83,2
USG-128d158d,CUST-47a35dc2,2025-07-01,9,368,92,6
USG-58a2d4c2,CUST-47a35dc2,2025-08-01,9,273,91,3
USG-85ae6121,CUST-47a35dc2,2025-09-01,10,428,107,1
USG-d0e92add,CUST-47a35dc2,2025-10-01,7,316,79,4
USG-e169ad54,CUST-47a35dc2,2025-11-01,9,186,93,7
USG-2dc29fde,CUST-47a35dc2,2025-12-01,8,415,83,10
USG-f3aae8ec,CUST-47a35dc2,2026-01-01,10,312,104,7
USG-1f495185,CUST-47a35dc2,2026-02-01,10,324,108,6
USG-55f3b60f,CUST-47a35dc2,2026-03-01,1,8,4,3
USG-a9c6cd84,CUST-47a35dc2,2026-04-01,1,12,3,7
USG-c268a8de,CUST-17269a71,2025-03-01,51,512,512,5
USG-2a3a60e7,CUST-17269a71,2025-04-01,46,464,464,4
USG-bb72b860,CUST-17269a71,2025-05-01,52,2605,521,6
USG-ae8180b6,CUST-17269a71,2025-06-01,35,712,356,6
USG-754e87dc,CUST-17269a71,2025-07-01,41,834,417,5
USG-0cbbdbca,CUST-17269a71,2025-08-01,49,1482,494,9
USG-3c9c5080,CUST-17269a71,2025-09-01,42,854,427,3
USG-c9b0edb0,CUST-17269a71,2025-10-01,45,2250,450,4
USG-3458c86c,CUST-17269a71,2025-11-01,45,1371,457,8
USG-571c4552,CUST-17269a71,2025-12-01,49,980,490,2
USG-a8eefb9b,CUST-17269a71,2026-01-01,40,1200,400,5
USG-e63c9139,CUST-17269a71,2026-02-01,42,423,423,6
USG-6c7f3199,CUST-17269a71,2026-03-01,47,1434,478,10
USG-38531aaa,CUST-17269a71,2026-04-01,50,1006,503,6
USG-178fcb97,CUST-2565bfe6,2025-11-01,4,240,48,8
USG-356fdcef,CUST-2565bfe6,2025-12-01,5,228,57,10
USG-eb02219f,CUST-2565bfe6,2026-01-01,6,128,64,2
USG-c0331946,CUST-2565bfe6,2026-02-01,4,48,48,5
USG-558c2281,CUST-2565bfe6,2026-03-01,1,0,0,6
USG-62d0ee75,CUST-2565bfe6,2026-04-01,1,4,2,8
USG-2120e21d,CUST-76d4c4aa,2025-03-01,27,1112,278,2
USG-5b22abf2,CUST-76d4c4aa,2025-04-01,26,264,264,9
USG-89cc89fd,CUST-76d4c4aa,2025-05-01,29,1475,295,1
USG-21c9a44f,CUST-76d4c4aa,2025-06-01,21,1080,216,8
USG-7815dcb3,CUST-76d4c4aa,2025-07-01,31,311,311,5
USG-77d19dfa,CUST-76d4c4aa,2025-08-01,23,232,232,6
USG-23e78bef,CUST-76d4c4aa,2025-09-01,22,220,220,5
USG-99178d6b,CUST-76d4c4aa,2025-10-01,23,936,234,9
USG-53e832d2,CUST-76d4c4aa,2025-11-01,25,253,253,1
USG-4d07d384,CUST-76d4c4aa,2025-12-01,26,1305,261,2
USG-67d6c2b3,CUST-76d4c4aa,2026-01-01,26,268,268,1
USG-bc6988b5,CUST-76d4c4aa,2026-02-01,27,1100,275,9
USG-08f7473a,CUST-76d4c4aa,2026-03-01,1,8,2,5
USG-408cb5b1,CUST-76d4c4aa,2026-04-01,1,3,1,8
USG-237101fb,CUST-705d33ea,2025-04-01,36,1800,360,1
USG-ee6648de,CUST-705d33ea,2025-05-01,37,1504,376,10
USG-eb014ef6,CUST-705d33ea,2025-06-01,46,932,466,2
USG-5ef74de7,CUST-705d33ea,2025-07-01,41,1248,416,3
USG-c317c1c5,CUST-705d33ea,2025-08-01,47,950,475,1
USG-2f97facb,CUST-705d33ea,2025-09-01,42,422,422,3
USG-0b59b61e,CUST-705d33ea,2025-10-01,38,770,385,9
USG-b86d0f55,CUST-705d33ea,2025-11-01,42,1281,427,6
USG-bef20f8d,CUST-705d33ea,2025-12-01,51,510,510,6
USG-74450d93,CUST-705d33ea,2026-01-01,51,1022,511,3
USG-d0b116dd,CUST-705d33ea,2026-02-01,40,401,401,2
USG-44e9057c,CUST-705d33ea,2026-03-01,1,4,2,1
USG-44ff32b7,CUST-705d33ea,2026-04-01,1,12,3,8
USG-8a824ea4,CUST-7b8cf758,2025-02-01,2,23,23,5
USG-efb8d0ff,CUST-7b8cf758,2025-03-01,2,125,25,10
USG-8ae61abe,CUST-7b8cf758,2025-04-01,2,23,23,7
USG-bb5bde4e,CUST-7b8cf758,2025-05-01,2,54,27,4
USG-46ae8718,CUST-7b8cf758,2025-06-01,3,155,31,3
USG-3e616cbf,CUST-7b8cf758,2025-07-01,2,46,23,5
USG-9ee654fa,CUST-7b8cf758,2025-08-01,2,66,22,4
USG-3b9ea73f,CUST-7b8cf758,2025-09-01,3,160,32,3
USG-e5469ba8,CUST-7b8cf758,2025-10-01,2,48,24,1
USG-cdd81470,CUST-7b8cf758,2025-11-01,2,52,26,1
USG-0e29eddc,CUST-7b8cf758,2025-12-01,2,115,23,1
USG-ba071c4f,CUST-7b8cf758,2026-01-01,3,31,31,4
USG-8618fb5f,CUST-7b8cf758,2026-02-01,2,75,25,4
USG-c09abba5,CUST-7b8cf758,2026-03-01,2,24,24,4
USG-7702fa46,CUST-7b8cf758,2026-04-01,2,48,24,6
USG-869f9c46,CUST-88617fc2,2025-05-01,10,102,102,4
USG-d407a2e1,CUST-88617fc2,2025-06-01,8,440,88,5
USG-facabc2c,CUST-88617fc2,2025-07-01,9,380,95,5
USG-d1bfd600,CUST-88617fc2,2025-08-01,9,190,95,5
USG-91363ffc,CUST-88617fc2,2025-09-01,8,356,89,5
USG-362f0397,CUST-88617fc2,2025-10-01,11,339,113,10
USG-5d80eb7d,CUST-88617fc2,2025-11-01,9,99,99,3
USG-cf5b6d56,CUST-88617fc2,2025-12-01,9,460,92,7
USG-30bdedb6,CUST-88617fc2,2026-01-01,9,297,99,3
USG-25728004,CUST-88617fc2,2026-02-01,11,560,112,6
USG-0f9a8ef0,CUST-88617fc2,2026-03-01,9,364,91,8
USG-3685f47a,CUST-88617fc2,2026-04-01,10,214,107,5
USG-6f365442,CUST-0368b278,2024-08-01,35,1074,358,3
USG-4d7f2d94,CUST-0368b278,2024-09-01,36,728,364,6
USG-a61cf164,CUST-0368b278,2024-10-01,33,334,334,6
USG-64d1d2f2,CUST-0368b278,2024-11-01,37,1496,374,7
USG-8d2b3a6b,CUST-0368b278,2024-12-01,33,990,330,10
USG-0a5be956,CUST-0368b278,2025-01-01,39,1188,396,8
USG-a3f68f44,CUST-0368b278,2025-02-01,38,1536,384,3
USG-61751674,CUST-0368b278,2025-03-01,32,658,329,9
USG-db20446a,CUST-0368b278,2025-04-01,28,1144,286,7
USG-7881cd1f,CUST-0368b278,2025-05-01,32,960,320,8
USG-41195744,CUST-0368b278,2025-06-01,38,1161,387,4
USG-adf81142,CUST-0368b278,2025-07-01,31,1565,313,6
USG-663a26a6,CUST-0368b278,2025-08-01,30,1200,300,5
USG-002e7481,CUST-0368b278,2025-09-01,40,1624,406,7
USG-d3932756,CUST-0368b278,2025-10-01,37,756,378,6
USG-90d90442,CUST-0368b278,2025-11-01,30,1535,307,7
USG-0551bc39,CUST-0368b278,2025-12-01,29,1480,296,9
USG-58aea5a9,CUST-0368b278,2026-01-01,40,804,402,3
USG-b61d4047,CUST-0368b278,2026-02-01,31,1272,318,8
USG-a52927a9,CUST-0368b278,2026-03-01,1,8,4,5
USG-5ffa4f46,CUST-0368b278,2026-04-01,1,0,0,8
USG-79b0775d,CUST-92c57a47,2025-01-01,4,172,43,7
USG-e34faa37,CUST-92c57a47,2025-02-01,6,300,60,4
USG-eb6f1173,CUST-92c57a47,2025-03-01,4,94,47,5
USG-0bf5b6e9,CUST-92c57a47,2025-04-01,4,147,49,9
USG-0e384dee,CUST-92c57a47,2025-05-01,5,112,56,10
USG-ee0e32ee,CUST-92c57a47,2025-06-01,4,41,41,7
USG-3efd3097,CUST-92c57a47,2025-07-01,5,110,55,5
USG-f9c48b25,CUST-92c57a47,2025-08-01,5,260,52,4
USG-ebaf22c9,CUST-92c57a47,2025-09-01,5,265,53,2
USG-f749911f,CUST-92c57a47,2025-10-01,4,147,49,4
USG-8a7b3dd2,CUST-92c57a47,2025-11-01,5,270,54,2
USG-545f943a,CUST-92c57a47,2025-12-01,4,210,42,4
USG-0ac5b927,CUST-92c57a47,2026-01-01,5,54,54,1
USG-64302c6d,CUST-92c57a47,2026-02-01,4,180,45,4
USG-d9d73024,CUST-92c57a47,2026-03-01,5,200,50,1
USG-fc42c677,CUST-92c57a47,2026-04-01,5,100,50,1
USG-f8a587d4,CUST-93bbdd37,2025-09-01,41,2060,412,10
USG-9fb01ebe,CUST-93bbdd37,2025-10-01,47,1904,476,9
USG-4fc6c356,CUST-93bbdd37,2025-11-01,57,571,571,9
USG-50fcb87f,CUST-93bbdd37,2025-12-01,56,2276,569,5
USG-ec84f446,CUST-93bbdd37,2026-01-01,50,506,506,3
USG-3d4a9974,CUST-93bbdd37,2026-02-01,58,1758,586,7
USG-5f56b077,CUST-93bbdd37,2026-03-01,54,2735,547,5
USG-f7528ff8,CUST-93bbdd37,2026-04-01,54,2188,547,7
USG-9524e7cf,CUST-200cfc5b,2025-01-01,9,288,96,3
USG-752899ff,CUST-200cfc5b,2025-02-01,11,228,114,7
USG-096298c8,CUST-200cfc5b,2025-03-01,11,354,118,6
USG-3d316811,CUST-200cfc5b,2025-04-01,11,228,114,4
USG-e9636dcf,CUST-200cfc5b,2025-05-01,10,432,108,3
USG-1ee8d98a,CUST-200cfc5b,2025-06-01,11,570,114,10
USG-a189955e,CUST-200cfc5b,2025-07-01,10,327,109,1
USG-1c82b0af,CUST-200cfc5b,2025-08-01,9,460,92,5
USG-fa934ae6,CUST-200cfc5b,2025-09-01,10,104,104,2
USG-a2f5233b,CUST-200cfc5b,2025-10-01,9,360,90,7
USG-3d105795,CUST-200cfc5b,2025-11-01,11,565,113,8
USG-6c718f75,CUST-200cfc5b,2025-12-01,8,344,86,8
USG-aa8ca8be,CUST-200cfc5b,2026-01-01,12,124,124,7
USG-dbb2bebc,CUST-200cfc5b,2026-02-01,11,555,111,4
USG-f99a5e9e,CUST-200cfc5b,2026-03-01,9,184,92,10
USG-db95d72b,CUST-200cfc5b,2026-04-01,8,87,87,7
USG-eb659d9c,CUST-37cb0e9c,2025-08-01,5,280,56,1
USG-f500e129,CUST-37cb0e9c,2025-09-01,5,108,54,10
USG-d01f1d9c,CUST-37cb0e9c,2025-10-01,6,335,67,1
USG-192cd715,CUST-37cb0e9c,2025-11-01,7,71,71,4
USG-57b4402e,CUST-37cb0e9c,2025-12-01,5,171,57,5
USG-4f2571f0,CUST-37cb0e9c,2026-01-01,5,228,57,8
USG-17256312,CUST-37cb0e9c,2026-02-01,6,138,69,5
USG-a8888d48,CUST-37cb0e9c,2026-03-01,1,4,4,5
USG-d5fa7d91,CUST-37cb0e9c,2026-04-01,1,0,0,9
USG-dc233a74,CUST-21e07cb5,2024-07-01,44,449,449,1
USG-49803614,CUST-21e07cb5,2024-08-01,49,1976,494,8
USG-d78e313a,CUST-21e07cb5,2024-09-01,43,434,434,2
USG-bf6f8743,CUST-21e07cb5,2024-10-01,50,2500,500,2
USG-d7c43472,CUST-21e07cb5,2024-11-01,35,351,351,5
USG-5c9e99c0,CUST-21e07cb5,2024-12-01,43,2155,431,2
USG-d3f7760c,CUST-21e07cb5,2025-01-01,46,463,463,5
USG-5ab65f1e,CUST-21e07cb5,2025-02-01,44,888,444,1
USG-a9e2b64f,CUST-21e07cb5,2025-03-01,35,1795,359,7
USG-4b33149e,CUST-21e07cb5,2025-04-01,47,477,477,7
USG-505c81d0,CUST-21e07cb5,2025-05-01,48,487,487,2
USG-928cb651,CUST-21e07cb5,2025-06-01,48,2400,480,1
USG-6eeb925c,CUST-21e07cb5,2025-07-01,37,750,375,2
USG-825287a2,CUST-21e07cb5,2025-08-01,49,988,494,5
USG-83508c14,CUST-21e07cb5,2025-09-01,41,1254,418,5
USG-934cc927,CUST-21e07cb5,2025-10-01,42,852,426,1
USG-825de62b,CUST-21e07cb5,2025-11-01,36,738,369,2
USG-1f4e35eb,CUST-21e07cb5,2025-12-01,40,1620,405,10
USG-50be3f31,CUST-21e07cb5,2026-01-01,49,498,498,8
USG-b3f7438c,CUST-21e07cb5,2026-02-01,47,2370,474,2
USG-9e9b4c22,CUST-21e07cb5,2026-03-01,36,1840,368,7
USG-d857ab8b,CUST-21e07cb5,2026-04-01,34,1032,344,8
USG-db567ac4,CUST-39a9e549,2024-10-01,6,68,68,8
USG-2a1181f5,CUST-39a9e549,2024-11-01,5,100,50,2
USG-9d6346bd,CUST-39a9e549,2024-12-01,6,183,61,1
USG-10538a35,CUST-39a9e549,2025-01-01,7,213,71,8
USG-a3ee182f,CUST-39a9e549,2025-02-01,6,64,64,3
USG-ea3f6a56,CUST-39a9e549,2025-03-01,7,355,71,9
USG-cf0c3bb4,CUST-39a9e549,2025-04-01,6,67,67,5
USG-cc56445d,CUST-39a9e549,2025-05-01,5,100,50,9
USG-f211c15a,CUST-39a9e549,2025-06-01,5,177,59,6
USG-665cc59e,CUST-39a9e549,2025-07-01,5,204,51,2
USG-c62cadd8,CUST-39a9e549,2025-08-01,6,330,66,4
USG-40384fc6,CUST-39a9e549,2025-09-01,7,284,71,9
USG-c66e38ea,CUST-39a9e549,2025-10-01,5,224,56,5
USG-ab861ff1,CUST-39a9e549,2025-11-01,6,136,68,10
USG-11a06658,CUST-39a9e549,2025-12-01,4,245,49,2
USG-cb778025,CUST-39a9e549,2026-01-01,4,192,48,5
USG-18c43d42,CUST-39a9e549,2026-02-01,6,62,62,7
USG-9f8b364f,CUST-39a9e549,2026-03-01,5,250,50,5
USG-e1acdf09,CUST-39a9e549,2026-04-01,5,104,52,2
USG-56cf4379,CUST-93d203d1,2024-12-01,17,171,171,2
USG-08351014,CUST-93d203d1,2025-01-01,20,203,203,6
USG-f67478f8,CUST-93d203d1,2025-02-01,16,166,166,7
USG-655f757d,CUST-93d203d1,2025-03-01,19,780,195,3
USG-80101e34,CUST-93d203d1,2025-04-01,17,716,179,9
USG-8d9b7278,CUST-93d203d1,2025-05-01,16,507,169,6
USG-09d73418,CUST-93d203d1,2025-06-01,16,486,162,3
USG-4085182a,CUST-93d203d1,2025-07-01,20,828,207,5
USG-6a97dbf0,CUST-93d203d1,2025-08-01,21,217,217,3
USG-3ae0e1ac,CUST-93d203d1,2025-09-01,19,594,198,8
USG-d70cc055,CUST-93d203d1,2025-10-01,20,204,204,8
USG-512560b0,CUST-93d203d1,2025-11-01,19,970,194,10
USG-c6b5d964,CUST-93d203d1,2025-12-01,17,855,171,6
USG-9514cfd5,CUST-93d203d1,2026-01-01,18,910,182,5
USG-123a3a32,CUST-93d203d1,2026-02-01,18,940,188,4
USG-a38ebfd5,CUST-93d203d1,2026-03-01,1,0,0,6
USG-e9dfa09f,CUST-93d203d1,2026-04-01,1,0,0,6
USG-98166603,CUST-896d2db4,2024-06-01,22,904,226,4
USG-5b45f1bf,CUST-896d2db4,2024-07-01,21,1090,218,5
USG-34f4fb1d,CUST-896d2db4,2024-08-01,26,532,266,8
USG-1ed9b54d,CUST-896d2db4,2024-09-01,24,243,243,8
USG-d5224ff4,CUST-896d2db4,2024-10-01,19,796,199,3
USG-449b0170,CUST-896d2db4,2024-11-01,25,765,255,7
USG-e4fc96c5,CUST-896d2db4,2024-12-01,21,654,218,7
USG-bfb97339,CUST-896d2db4,2025-01-01,26,1060,265,1
USG-537e6390,CUST-896d2db4,2025-02-01,24,246,246,5
USG-78bff68d,CUST-896d2db4,2025-03-01,26,792,264,2
USG-556297a3,CUST-896d2db4,2025-04-01,26,262,262,7
USG-ba4cd435,CUST-896d2db4,2025-05-01,23,924,231,3
USG-12fc91a9,CUST-896d2db4,2025-06-01,20,1040,208,8
USG-0314251a,CUST-896d2db4,2025-07-01,25,256,256,1
USG-787ddee2,CUST-896d2db4,2025-08-01,18,740,185,7
USG-526f67bf,CUST-896d2db4,2025-09-01,23,234,234,5
USG-d701bc97,CUST-896d2db4,2025-10-01,27,276,276,8
USG-caaf0993,CUST-896d2db4,2025-11-01,19,394,197,1
USG-92d6cdbd,CUST-896d2db4,2025-12-01,22,456,228,4
USG-c0a9cb53,CUST-896d2db4,2026-01-01,23,231,231,2
USG-03c8c7cc,CUST-896d2db4,2026-02-01,21,434,217,3
USG-99389c3f,CUST-896d2db4,2026-03-01,20,1025,205,3
USG-3d27f470,CUST-896d2db4,2026-04-01,20,1005,201,3
USG-ce5d47bf,CUST-893e1d87,2025-08-01,12,372,124,8
USG-f5e8bb65,CUST-893e1d87,2025-09-01,14,288,144,9
USG-785a8c27,CUST-893e1d87,2025-10-01,13,675,135,10
USG-879dc0f9,CUST-893e1d87,2025-11-01,16,160,160,1
USG-51460523,CUST-893e1d87,2025-12-01,14,140,140,9
USG-8531a06d,CUST-893e1d87,2026-01-01,14,700,140,2
USG-309ae9b6,CUST-893e1d87,2026-02-01,13,138,138,2
USG-f396e3be,CUST-893e1d87,2026-03-01,1,3,1,1
USG-0ec29d48,CUST-893e1d87,2026-04-01,1,4,2,6
USG-0cd305ca,CUST-998d4c7e,2024-06-01,48,962,481,3
USG-05a246d3,CUST-998d4c7e,2024-07-01,45,2260,452,10
USG-98720260,CUST-998d4c7e,2024-08-01,34,348,348,7
USG-721589dd,CUST-998d4c7e,2024-09-01,37,1122,374,8
USG-1e83bf64,CUST-998d4c7e,2024-10-01,41,418,418,10
USG-0d7a4a95,CUST-998d4c7e,2024-11-01,45,2255,451,4
USG-cefa3eaa,CUST-998d4c7e,2024-12-01,33,1655,331,1
USG-a6ddd4ca,CUST-998d4c7e,2025-01-01,46,466,466,5
USG-d2b53d4f,CUST-998d4c7e,2025-02-01,34,1029,343,6
USG-7606bd65,CUST-998d4c7e,2025-03-01,36,366,366,10
USG-5f6b7578,CUST-998d4c7e,2025-04-01,38,762,381,9
USG-8b02d097,CUST-998d4c7e,2025-05-01,45,451,451,5
USG-195c3f50,CUST-998d4c7e,2025-06-01,37,1870,374,7
USG-d0c223dd,CUST-998d4c7e,2025-07-01,45,1374,458,3
USG-2b8bbc7a,CUST-998d4c7e,2025-08-01,41,834,417,2
USG-a1a9772c,CUST-998d4c7e,2025-09-01,43,2160,432,10
USG-50594bab,CUST-998d4c7e,2025-10-01,36,1452,363,4
USG-9458b21d,CUST-998d4c7e,2025-11-01,45,1800,450,9
USG-6a4f1226,CUST-998d4c7e,2025-12-01,43,432,432,4
USG-a9d50a81,CUST-998d4c7e,2026-01-01,40,2015,403,2
USG-664de6b2,CUST-998d4c7e,2026-02-01,43,436,436,4
USG-afa113ce,CUST-998d4c7e,2026-03-01,46,2305,461,8
USG-ffe1fde0,CUST-998d4c7e,2026-04-01,36,736,368,7
USG-a441bb9c,CUST-e6c9bd46,2025-09-01,32,972,324,6
USG-069c2375,CUST-e6c9bd46,2025-10-01,32,963,321,8
USG-b2e2f414,CUST-e6c9bd46,2025-11-01,35,1750,350,10
USG-cb833fb5,CUST-e6c9bd46,2025-12-01,29,290,290,9
USG-8289a471,CUST-e6c9bd46,2026-01-01,34,694,347,10
USG-52e096df,CUST-e6c9bd46,2026-02-01,36,364,364,7
USG-51b1488e,CUST-e6c9bd46,2026-03-01,32,1308,327,10
USG-60cf1bb1,CUST-e6c9bd46,2026-04-01,33,996,332,6
USG-21dd75bf,CUST-32b36711,2025-06-01,40,2010,402,9
USG-83ed0253,CUST-32b36711,2025-07-01,45,1812,453,2
USG-c46c9354,CUST-32b36711,2025-08-01,50,2036,509,6
USG-0e61037a,CUST-32b36711,2025-09-01,45,904,452,4
USG-ca386b20,CUST-32b36711,2025-10-01,45,1374,458,6
USG-3b6a0989,CUST-32b36711,2025-11-01,45,456,456,2
USG-a455d157,CUST-32b36711,2025-12-01,44,896,448,8
USG-af5c4d26,CUST-32b36711,2026-01-01,45,902,451,7
USG-a4fc0394,CUST-32b36711,2026-02-01,49,497,497,5
USG-61f4fbac,CUST-32b36711,2026-03-01,48,2415,483,1
USG-96d499de,CUST-32b36711,2026-04-01,39,798,399,1
USG-ba102c77,CUST-d5000394,2025-12-01,24,992,248,7
USG-e51b82e3,CUST-d5000394,2026-01-01,28,568,284,10
USG-d40ecebe,CUST-d5000394,2026-02-01,30,927,309,5
USG-22dd0692,CUST-d5000394,2026-03-01,25,1000,250,3
USG-b851aa71,CUST-d5000394,2026-04-01,25,252,252,9
USG-2165624c,CUST-fde3832a,2025-06-01,16,328,164,3
USG-0ce4f8b7,CUST-fde3832a,2025-07-01,17,356,178,4
USG-d2c5fb2d,CUST-fde3832a,2025-08-01,14,141,141,1
USG-f8640c29,CUST-fde3832a,2025-09-01,14,560,140,3
USG-8587f103,CUST-fde3832a,2025-10-01,14,426,142,6
USG-fde9c775,CUST-fde3832a,2025-11-01,13,552,138,10
USG-c7c320cb,CUST-fde3832a,2025-12-01,12,645,129,6
USG-717a3d0f,CUST-fde3832a,2026-01-01,14,426,142,10
USG-afc591e4,CUST-fde3832a,2026-02-01,18,720,180,3
USG-9f253360,CUST-fde3832a,2026-03-01,1,15,3,7
USG-df2b83a3,CUST-fde3832a,2026-04-01,1,0,0,5
USG-5b6dfd59,CUST-fde3832a,2026-05-01,1,3,1,8
USG-17f69567,CUST-fd9ec295,2025-05-01,3,72,36,4
USG-f803f02f,CUST-fd9ec295,2025-06-01,4,215,43,6
USG-7004586d,CUST-fd9ec295,2025-07-01,4,129,43,6
USG-152639b1,CUST-fd9ec295,2025-08-01,3,70,35,2
USG-54c23591,CUST-fd9ec295,2025-09-01,3,190,38,3
USG-9ccaa9bf,CUST-fd9ec295,2025-10-01,4,82,41,1
USG-70b37748,CUST-fd9ec295,2025-11-01,3,74,37,10
USG-46cfaabf,CUST-fd9ec295,2025-12-01,3,78,39,10
USG-6512655d,CUST-fd9ec295,2026-01-01,4,168,42,3
USG-c1057ffe,CUST-fd9ec295,2026-02-01,3,102,34,3
USG-69ca0d15,CUST-fd9ec295,2026-03-01,4,84,42,1
USG-619489c5,CUST-fd9ec295,2026-04-01,3,148,37,8
USG-9c415782,CUST-2a2fb5d9,2024-08-01,33,672,336,2
USG-fe78a173,CUST-2a2fb5d9,2024-09-01,27,540,270,10
USG-a9de7d87,CUST-2a2fb5d9,2024-10-01,24,996,249,7
USG-622ae6c4,CUST-2a2fb5d9,2024-11-01,29,1192,298,1
USG-bdbd8b96,CUST-2a2fb5d9,2024-12-01,27,550,275,6
USG-2e499ffb,CUST-2a2fb5d9,2025-01-01,31,630,315,2
USG-97bfcc6f,CUST-2a2fb5d9,2025-02-01,32,1625,325,3
USG-f4176c0e,CUST-2a2fb5d9,2025-03-01,28,861,287,9
USG-8ebbdac1,CUST-2a2fb5d9,2025-04-01,31,957,319,1
USG-71ecf907,CUST-2a2fb5d9,2025-05-01,25,250,250,7
USG-6bb0f333,CUST-2a2fb5d9,2025-06-01,24,1200,240,1
USG-ff9f1f3a,CUST-2a2fb5d9,2025-07-01,24,482,241,4
USG-7de29438,CUST-2a2fb5d9,2025-08-01,25,1265,253,4
USG-9b338f40,CUST-2a2fb5d9,2025-09-01,28,1140,285,2
USG-8954bf2d,CUST-2a2fb5d9,2025-10-01,29,298,298,1
USG-42b94677,CUST-2a2fb5d9,2025-11-01,30,606,303,10
USG-7a8ecaa8,CUST-2a2fb5d9,2025-12-01,30,1212,303,2
USG-65c448a5,CUST-2a2fb5d9,2026-01-01,27,544,272,6
USG-b7d8e5e4,CUST-2a2fb5d9,2026-02-01,27,816,272,8
USG-3dc04961,CUST-2a2fb5d9,2026-03-01,23,708,236,6
USG-400d8eb0,CUST-2a2fb5d9,2026-04-01,34,1020,340,1
USG-629c2601,CUST-79a2f6e9,2025-08-01,37,1870,374,3
USG-276cdce7,CUST-79a2f6e9,2025-09-01,34,1020,340,6
USG-ccd904f0,CUST-79a2f6e9,2025-10-01,41,832,416,3
USG-4bd6487a,CUST-79a2f6e9,2025-11-01,41,419,419,7
USG-3664fc69,CUST-79a2f6e9,2025-12-01,40,1620,405,8
USG-0fd7b442,CUST-79a2f6e9,2026-01-01,44,2225,445,2
USG-b2ac5c2d,CUST-79a2f6e9,2026-02-01,34,1396,349,5
USG-411d9267,CUST-79a2f6e9,2026-03-01,37,1116,372,4
USG-8bdcc107,CUST-79a2f6e9,2026-04-01,37,373,373,10
USG-b46f82c1,CUST-e9e565a7,2025-04-01,18,567,189,4
USG-30e053c8,CUST-e9e565a7,2025-05-01,17,172,172,2
USG-c352e88b,CUST-e9e565a7,2025-06-01,17,684,171,7
USG-6a0887b4,CUST-e9e565a7,2025-07-01,19,764,191,6
USG-9f5d10b0,CUST-e9e565a7,2025-08-01,13,264,132,8
USG-ba897940,CUST-e9e565a7,2025-09-01,17,680,170,2
USG-59cc5a4e,CUST-e9e565a7,2025-10-01,13,680,136,3
USG-e7b036b9,CUST-e9e565a7,2025-11-01,16,492,164,8
USG-f9e12e08,CUST-e9e565a7,2025-12-01,16,656,164,2
USG-4607194b,CUST-e9e565a7,2026-01-01,18,900,180,1
USG-c28d7d56,CUST-e9e565a7,2026-02-01,13,276,138,2
USG-65ff7f47,CUST-e9e565a7,2026-03-01,17,688,172,8
USG-2f4fcfd0,CUST-e9e565a7,2026-04-01,16,676,169,1
USG-8ba21424,CUST-0c239dcd,2025-09-01,21,868,217,7
USG-88dcaf6b,CUST-0c239dcd,2025-10-01,18,364,182,3
USG-8fc19270,CUST-0c239dcd,2025-11-01,17,712,178,2
USG-5bd8a1b9,CUST-0c239dcd,2025-12-01,21,1050,210,3
USG-ea98cef1,CUST-0c239dcd,2026-01-01,17,342,171,7
USG-6d4d4de9,CUST-0c239dcd,2026-02-01,23,1165,233,5
USG-3969f470,CUST-0c239dcd,2026-03-01,21,657,219,7
USG-191e544d,CUST-0c239dcd,2026-04-01,18,732,183,2
USG-c6059d37,CUST-f4d964ed,2025-05-01,4,94,47,10
USG-035e96fb,CUST-f4d964ed,2025-06-01,4,48,48,1
USG-796329ec,CUST-f4d964ed,2025-07-01,4,84,42,8
USG-8cd0e22b,CUST-f4d964ed,2025-08-01,5,116,58,10
USG-86cd58f9,CUST-f4d964ed,2025-09-01,5,285,57,3
USG-d37ca599,CUST-f4d964ed,2025-10-01,5,59,59,4
USG-d127ae60,CUST-f4d964ed,2025-11-01,4,176,44,6
USG-b66a0ddf,CUST-f4d964ed,2025-12-01,5,270,54,7
USG-4a49a50e,CUST-f4d964ed,2026-01-01,4,98,49,3
USG-1e140649,CUST-f4d964ed,2026-02-01,6,305,61,5
USG-d928edb5,CUST-f4d964ed,2026-03-01,4,215,43,4
USG-9309dd30,CUST-f4d964ed,2026-04-01,5,232,58,7
USG-677c74c6,CUST-b52a436c,2025-09-01,19,570,190,4
USG-05225781,CUST-b52a436c,2025-10-01,21,432,216,1
USG-44171034,CUST-b52a436c,2025-11-01,15,462,154,1
USG-6dec02fc,CUST-b52a436c,2025-12-01,20,624,208,3
USG-55835548,CUST-b52a436c,2026-01-01,19,796,199,5
USG-615997d2,CUST-b52a436c,2026-02-01,16,644,161,4
USG-5d25eedd,CUST-b52a436c,2026-03-01,21,636,212,2
USG-c9631839,CUST-b52a436c,2026-04-01,20,828,207,3
USG-bcba62e2,CUST-d6336b29,2025-08-01,14,423,141,4
USG-464aed65,CUST-d6336b29,2025-09-01,18,362,181,8
USG-0cef644f,CUST-d6336b29,2025-10-01,18,540,180,7
USG-57b7f04a,CUST-d6336b29,2025-11-01,14,564,141,10
USG-2b7577ef,CUST-d6336b29,2025-12-01,15,604,151,5
USG-2dd539e3,CUST-d6336b29,2026-01-01,15,770,154,5
USG-211bce59,CUST-d6336b29,2026-02-01,15,316,158,3
USG-725c601f,CUST-d6336b29,2026-03-01,1,10,2,5
USG-92badde5,CUST-d6336b29,2026-04-01,1,15,5,2
USG-31c3aa3e,CUST-8c3b6c9b,2024-09-01,1,38,19,6
USG-97fd9bc1,CUST-8c3b6c9b,2024-10-01,1,64,16,10
USG-d21936bd,CUST-8c3b6c9b,2024-11-01,1,85,17,7
USG-c6c5e67a,CUST-8c3b6c9b,2024-12-01,1,95,19,6
USG-57c5b779,CUST-8c3b6c9b,2025-01-01,2,48,24,1
USG-e99b4510,CUST-8c3b6c9b,2025-02-01,2,48,24,8
USG-80cb87e4,CUST-8c3b6c9b,2025-03-01,2,96,24,3
USG-b16e136f,CUST-8c3b6c9b,2025-04-01,2,42,21,6
USG-04925c58,CUST-8c3b6c9b,2025-05-01,2,110,22,8
USG-1d1989de,CUST-8c3b6c9b,2025-06-01,2,42,21,5
USG-232f65eb,CUST-8c3b6c9b,2025-07-01,2,66,22,3
USG-25c15117,CUST-8c3b6c9b,2025-08-01,1,85,17,2
USG-15a1ef99,CUST-8c3b6c9b,2025-09-01,1,57,19,1
USG-e30fd82b,CUST-8c3b6c9b,2025-10-01,1,36,18,5
USG-5752d9e2,CUST-8c3b6c9b,2025-11-01,2,96,24,9
USG-91644479,CUST-8c3b6c9b,2025-12-01,2,25,25,5
USG-541d7014,CUST-8c3b6c9b,2026-01-01,2,96,24,10
USG-9c185309,CUST-8c3b6c9b,2026-02-01,2,40,20,6
USG-5c015c69,CUST-8c3b6c9b,2026-03-01,1,85,17,5
USG-8a14ca10,CUST-8c3b6c9b,2026-04-01,2,22,22,8
USG-ace5dcdb,CUST-1a440964,2025-08-01,1,95,19,9
USG-501f9b34,CUST-1a440964,2025-09-01,1,54,18,8
USG-0c31ee65,CUST-1a440964,2025-10-01,2,44,22,4
USG-db11ce6f,CUST-1a440964,2025-11-01,1,38,19,1
USG-b960a299,CUST-1a440964,2025-12-01,2,75,25,6
USG-2fb16c72,CUST-1a440964,2026-01-01,1,72,18,8
USG-35a0fcab,CUST-1a440964,2026-02-01,2,84,21,1
USG-832ae94b,CUST-1a440964,2026-03-01,2,84,21,4
USG-35750029,CUST-1a440964,2026-04-01,2,115,23,7
USG-4c3000f8,CUST-797bf76f,2026-04-01,8,89,89,3
USG-17283840,CUST-e3d9b691,2025-10-01,51,1032,516,1
USG-1a8d3dd3,CUST-e3d9b691,2025-11-01,52,521,521,9
USG-073c87c9,CUST-e3d9b691,2025-12-01,42,1269,423,3
USG-63e1dce9,CUST-e3d9b691,2026-01-01,44,1323,441,9
USG-a2babce7,CUST-e3d9b691,2026-02-01,40,814,407,7
USG-09ecc529,CUST-e3d9b691,2026-03-01,1,15,3,7
USG-bd79ce90,CUST-e3d9b691,2026-04-01,1,0,0,3
USG-d04ce16d,CUST-5ca7840f,2025-01-01,58,2915,583,10
USG-9bf6a271,CUST-5ca7840f,2025-02-01,47,471,471,4
USG-42ac89c8,CUST-5ca7840f,2025-03-01,46,1398,466,5
USG-d71bb830,CUST-5ca7840f,2025-04-01,51,1530,510,7
USG-f9373da4,CUST-5ca7840f,2025-05-01,56,2815,563,3
USG-e09d72d5,CUST-5ca7840f,2025-06-01,39,1188,396,7
USG-b5bc6caa,CUST-5ca7840f,2025-07-01,44,446,446,2
USG-9c6c7744,CUST-5ca7840f,2025-08-01,56,1122,561,5
USG-8468d01c,CUST-5ca7840f,2025-09-01,51,513,513,10
USG-7dce188a,CUST-5ca7840f,2025-10-01,57,1722,574,1
USG-ef1f2c2e,CUST-5ca7840f,2025-11-01,55,553,553,2
USG-7b161914,CUST-5ca7840f,2025-12-01,41,1239,413,5
USG-27187a76,CUST-5ca7840f,2026-01-01,46,1872,468,6
USG-839fdf98,CUST-5ca7840f,2026-02-01,54,2730,546,1
USG-ab93e7b3,CUST-5ca7840f,2026-03-01,49,498,498,4
USG-4deae9de,CUST-5ca7840f,2026-04-01,57,2890,578,10
USG-0a558a09,CUST-e2485adb,2025-04-01,37,371,371,5
USG-aa8d2d88,CUST-e2485adb,2025-05-01,30,304,304,1
USG-5a5be736,CUST-e2485adb,2025-06-01,30,921,307,4
USG-72b318a3,CUST-e2485adb,2025-07-01,27,1112,278,7
USG-e3a1dd5a,CUST-e2485adb,2025-08-01,39,1170,390,2
USG-ba99abdd,CUST-e2485adb,2025-09-01,36,1086,362,4
USG-82cd333c,CUST-e2485adb,2025-10-01,34,340,340,5
USG-fee320f4,CUST-e2485adb,2025-11-01,33,678,339,8
USG-680f50f7,CUST-e2485adb,2025-12-01,31,933,311,6
USG-5dc130a0,CUST-e2485adb,2026-01-01,33,674,337,1
USG-af34acd9,CUST-e2485adb,2026-02-01,35,353,353,2
USG-6ca92b2e,CUST-e2485adb,2026-03-01,39,1965,393,6
USG-145d6ffa,CUST-e2485adb,2026-04-01,32,1284,321,2
USG-e6578a78,CUST-18c7c3a1,2026-04-01,29,1176,294,9
USG-b7fad7ab,CUST-1be1bcb9,2024-10-01,11,585,117,1
USG-79f9e417,CUST-1be1bcb9,2024-11-01,12,496,124,2
USG-7a000ea7,CUST-1be1bcb9,2024-12-01,13,690,138,9
USG-2c1b9dcf,CUST-1be1bcb9,2025-01-01,15,310,155,8
USG-22774ff1,CUST-1be1bcb9,2025-02-01,15,620,155,2
USG-bc8d501c,CUST-1be1bcb9,2025-03-01,12,605,121,7
USG-44e47d10,CUST-1be1bcb9,2025-04-01,13,695,139,7
USG-17ba59f6,CUST-1be1bcb9,2025-05-01,12,605,121,10
USG-42107df3,CUST-1be1bcb9,2025-06-01,14,568,142,8
USG-c88e1b83,CUST-1be1bcb9,2025-07-01,13,675,135,4
USG-28491396,CUST-1be1bcb9,2025-08-01,15,306,153,7
USG-fd3f3854,CUST-1be1bcb9,2025-09-01,11,118,118,6
USG-08944b06,CUST-1be1bcb9,2025-10-01,16,495,165,9
USG-75668136,CUST-1be1bcb9,2025-11-01,12,254,127,5
USG-2fc1b578,CUST-1be1bcb9,2025-12-01,13,675,135,2
USG-9f4f97e5,CUST-1be1bcb9,2026-01-01,14,596,149,6
USG-34565d2e,CUST-1be1bcb9,2026-02-01,14,280,140,9
USG-2f07d237,CUST-1be1bcb9,2026-03-01,1,4,2,6
USG-ec145e48,CUST-1be1bcb9,2026-04-01,1,2,1,10
USG-942e01f7,CUST-340e7725,2026-01-01,35,1785,357,3
USG-903b863f,CUST-340e7725,2026-02-01,31,1256,314,7
USG-0159b1a7,CUST-340e7725,2026-03-01,36,367,367,8
USG-1e9ac2f4,CUST-340e7725,2026-04-01,40,1600,400,6
USG-a5a390a1,CUST-3f6e870b,2024-11-01,24,723,241,9
USG-5dff8e38,CUST-3f6e870b,2024-12-01,33,1332,333,7
USG-58329346,CUST-3f6e870b,2025-01-01,30,1505,301,4
USG-204c39c9,CUST-3f6e870b,2025-02-01,23,474,237,1
USG-44a56da0,CUST-3f6e870b,2025-03-01,25,1270,254,6
USG-d8f9253c,CUST-3f6e870b,2025-04-01,26,1044,261,3
USG-143adfed,CUST-3f6e870b,2025-05-01,29,1172,293,7
USG-dd957582,CUST-3f6e870b,2025-06-01,30,612,306,5
USG-b975c5b3,CUST-3f6e870b,2025-07-01,27,822,274,1
USG-826eb056,CUST-3f6e870b,2025-08-01,25,512,256,9
USG-cd86eaec,CUST-3f6e870b,2025-09-01,28,840,280,7
USG-9dee6936,CUST-3f6e870b,2025-10-01,24,498,249,1
USG-e080240c,CUST-3f6e870b,2025-11-01,33,1324,331,4
USG-b338921a,CUST-3f6e870b,2025-12-01,34,348,348,9
USG-074006d0,CUST-3f6e870b,2026-01-01,34,1380,345,3
USG-b4e3f6ad,CUST-3f6e870b,2026-02-01,34,341,341,8
USG-a6d5f633,CUST-3f6e870b,2026-03-01,1,5,1,3
USG-cb40ebdc,CUST-3f6e870b,2026-04-01,1,12,3,8
USG-afd874a7,CUST-53d76630,2025-07-01,28,283,283,2
USG-128ec23e,CUST-53d76630,2025-08-01,27,1395,279,5
USG-2bfc8f1c,CUST-53d76630,2025-09-01,20,416,208,8
USG-99fd2bcc,CUST-53d76630,2025-10-01,25,1028,257,4
USG-465e96ce,CUST-53d76630,2025-11-01,19,970,194,1
USG-a9fb865d,CUST-53d76630,2025-12-01,19,195,195,3
USG-58f262bd,CUST-53d76630,2026-01-01,20,402,201,5
USG-8233aba1,CUST-53d76630,2026-02-01,20,624,208,5
USG-4d54a608,CUST-53d76630,2026-03-01,24,241,241,6
USG-92a03986,CUST-53d76630,2026-04-01,26,1064,266,8
USG-2859d119,CUST-cb914e66,2026-01-01,20,1045,209,7
USG-84bb0e16,CUST-cb914e66,2026-02-01,29,1465,293,10
USG-1b29563c,CUST-cb914e66,2026-03-01,26,263,263,7
USG-e92b7ac9,CUST-cb914e66,2026-04-01,23,1180,236,7
USG-ba2058ab,CUST-8cd43467,2025-05-01,20,836,209,8
USG-55b43520,CUST-8cd43467,2025-06-01,18,181,181,10
USG-5e64159f,CUST-8cd43467,2025-07-01,19,788,197,9
USG-6edc4461,CUST-8cd43467,2025-08-01,21,430,215,5
USG-eb254601,CUST-8cd43467,2025-09-01,21,210,210,1
USG-2faef4ca,CUST-8cd43467,2025-10-01,19,591,197,3
USG-59029675,CUST-8cd43467,2025-11-01,16,489,163,3
USG-b6549944,CUST-8cd43467,2025-12-01,22,900,225,6
USG-4bcb9159,CUST-8cd43467,2026-01-01,16,664,166,10
USG-2a86ac0c,CUST-8cd43467,2026-02-01,16,332,166,3
USG-3bde3d4a,CUST-8cd43467,2026-03-01,1,0,0,2
USG-9c2f26d0,CUST-8cd43467,2026-04-01,1,4,2,10
USG-28d83a87,CUST-bc76ad7a,2026-04-01,29,297,297,6
USG-1dadedc0,CUST-c7b40f76,2026-04-01,1,8,2,4
USG-ee37e133,CUST-831fe88f,2026-04-01,1,0,0,6
USG-c42f0342,CUST-55d583ba,2026-03-01,1,25,5,2
USG-8d281078,CUST-55d583ba,2026-04-01,1,0,0,1
USG-f9e196d1,CUST-7977a0c3,2024-06-01,42,422,422,2
USG-a2133704,CUST-7977a0c3,2024-07-01,37,748,374,7
USG-308e70de,CUST-7977a0c3,2024-08-01,31,1570,314,1
USG-b92aba2c,CUST-7977a0c3,2024-09-01,33,999,333,9
USG-a7c83649,CUST-7977a0c3,2024-10-01,40,804,402,5
USG-84028742,CUST-7977a0c3,2024-11-01,44,1332,444,10
USG-bd3f0187,CUST-7977a0c3,2024-12-01,38,1920,384,4
USG-1038f9c3,CUST-7977a0c3,2025-01-01,34,1041,347,9
USG-270c80f2,CUST-7977a0c3,2025-02-01,39,782,391,6
USG-900ca201,CUST-7977a0c3,2025-03-01,38,389,389,10
USG-9328f146,CUST-7977a0c3,2025-04-01,34,1026,342,10
USG-37d8d6ae,CUST-7977a0c3,2025-05-01,37,1875,375,2
USG-af18945b,CUST-7977a0c3,2025-06-01,44,1760,440,4
USG-1b37ab43,CUST-7977a0c3,2025-07-01,46,2320,464,7
USG-59d3b60b,CUST-7977a0c3,2025-08-01,46,1864,466,5
USG-1cf451ed,CUST-7977a0c3,2025-09-01,41,836,418,3
USG-ef208267,CUST-7977a0c3,2025-10-01,31,632,316,2
USG-9f61f29b,CUST-7977a0c3,2025-11-01,46,1840,460,3
USG-8973004b,CUST-7977a0c3,2025-12-01,44,1760,440,7
USG-57e98729,CUST-7977a0c3,2026-01-01,36,1845,369,3
USG-6dad66ce,CUST-7977a0c3,2026-02-01,36,1805,361,6
USG-c058ee65,CUST-7977a0c3,2026-03-01,35,1770,354,3
USG-10e86b8a,CUST-7977a0c3,2026-04-01,46,1868,467,3
USG-1d7c941e,CUST-64fe35fd,2026-03-01,1,0,0,1
USG-1bf56865,CUST-64fe35fd,2026-04-01,1,10,5,1
USG-98efba76,CUST-3e2fae54,2025-07-01,27,276,276,2
USG-bcf4ceb4,CUST-3e2fae54,2025-08-01,26,1064,266,1
USG-39c8b79c,CUST-3e2fae54,2025-09-01,26,1340,268,1
USG-96e40140,CUST-3e2fae54,2025-10-01,29,885,295,5
USG-12feb102,CUST-3e2fae54,2025-11-01,25,510,255,8
USG-d0c7385d,CUST-3e2fae54,2025-12-01,33,1328,332,4
USG-8872b4fa,CUST-3e2fae54,2026-01-01,31,630,315,4
USG-4c9f8743,CUST-3e2fae54,2026-02-01,26,1072,268,4
USG-a219adac,CUST-3e2fae54,2026-03-01,27,550,275,1
USG-ce85f1cc,CUST-3e2fae54,2026-04-01,24,241,241,1
USG-9f1d82db,CUST-3b801d0e,2026-04-01,1,0,0,1
USG-6f79a092,CUST-25b5662e,2026-02-01,31,1570,314,4
USG-a4163bfc,CUST-25b5662e,2026-03-01,23,920,230,9
USG-d7a758e9,CUST-25b5662e,2026-04-01,23,235,235,5
USG-92f5d00b,CUST-1c8c040e,2024-09-01,50,504,504,3
USG-aa340c35,CUST-1c8c040e,2024-10-01,45,902,451,6
USG-d5e027a8,CUST-1c8c040e,2024-11-01,48,1446,482,2
USG-42d7b04c,CUST-1c8c040e,2024-12-01,41,2085,417,3
USG-6d3529e5,CUST-1c8c040e,2025-01-01,46,469,469,10
USG-924892be,CUST-1c8c040e,2025-02-01,48,489,489,5
USG-3eebc01d,CUST-1c8c040e,2025-03-01,48,1932,483,7
USG-bdcec305,CUST-1c8c040e,2025-04-01,43,866,433,7
USG-94d1f6cf,CUST-1c8c040e,2025-05-01,42,2140,428,1
USG-bd656939,CUST-1c8c040e,2025-06-01,44,449,449,3
USG-66012c09,CUST-1c8c040e,2025-07-01,53,2132,533,9
USG-89a58ce4,CUST-1c8c040e,2025-08-01,36,1845,369,5
USG-84264e4b,CUST-1c8c040e,2025-09-01,49,1491,497,8
USG-7c863b1b,CUST-1c8c040e,2025-10-01,50,1527,509,4
USG-ca9055d9,CUST-1c8c040e,2025-11-01,37,370,370,1
USG-180951b4,CUST-1c8c040e,2025-12-01,53,2660,532,4
USG-96a1e67d,CUST-1c8c040e,2026-01-01,47,956,478,1
USG-4e9a8a39,CUST-1c8c040e,2026-02-01,51,2044,511,8
USG-dfd88c3f,CUST-1c8c040e,2026-03-01,1,5,1,8
USG-971db965,CUST-1c8c040e,2026-04-01,1,20,4,5
USG-14fd439d,CUST-83944719,2026-02-01,6,335,67,2
USG-5b89b851,CUST-83944719,2026-03-01,8,178,89,7
USG-42865ed5,CUST-83944719,2026-04-01,8,336,84,7
USG-699540c4,CUST-9e3e8e51,2025-11-01,44,440,440,2
USG-a844211c,CUST-9e3e8e51,2025-12-01,37,1480,370,7
USG-23a33bef,CUST-9e3e8e51,2026-01-01,38,381,381,9
USG-ec8317c8,CUST-9e3e8e51,2026-02-01,38,1536,384,3
USG-0ba6447f,CUST-9e3e8e51,2026-03-01,40,2045,409,4
USG-e4665c43,CUST-9e3e8e51,2026-04-01,37,742,371,7
USG-a06b7e42,CUST-9e3e8e51,2026-05-01,39,1173,391,1
USG-abd2847c,CUST-094a36e5,2024-12-01,5,232,58,3
USG-0db6d837,CUST-094a36e5,2025-01-01,5,212,53,3
USG-573d976a,CUST-094a36e5,2025-02-01,5,110,55,7
USG-25ae2d11,CUST-094a36e5,2025-03-01,5,208,52,9
USG-a6be3ef6,CUST-094a36e5,2025-04-01,6,305,61,1
USG-868f65f7,CUST-094a36e5,2025-05-01,5,110,55,8
USG-e029f202,CUST-094a36e5,2025-06-01,5,57,57,7
USG-8bcd0267,CUST-094a36e5,2025-07-01,6,192,64,3
USG-73957023,CUST-094a36e5,2025-08-01,4,235,47,9
USG-4c116f14,CUST-094a36e5,2025-09-01,6,64,64,8
USG-bdcd91ed,CUST-094a36e5,2025-10-01,4,245,49,4
USG-e54f70e9,CUST-094a36e5,2025-11-01,6,300,60,9
USG-1b5b7c18,CUST-094a36e5,2025-12-01,4,135,45,6
USG-7ba2a9ff,CUST-094a36e5,2026-01-01,5,224,56,8
USG-2c22adf0,CUST-094a36e5,2026-02-01,4,138,46,10
USG-76f3f7cd,CUST-094a36e5,2026-03-01,6,244,61,5
USG-0cbc7fd3,CUST-094a36e5,2026-04-01,4,86,43,9
USG-ef512c42,CUST-05f91b81,2026-01-01,23,1175,235,1
USG-7987d774,CUST-05f91b81,2026-02-01,18,184,184,5
USG-2a3655f8,CUST-05f91b81,2026-03-01,1,0,0,2
USG-d91ba28e,CUST-05f91b81,2026-04-01,1,9,3,8
USG-77aa2f5c,CUST-2dfb800b,2024-06-01,30,1505,301,2
USG-866dcebf,CUST-2dfb800b,2024-07-01,34,688,344,10
USG-187ae36c,CUST-2dfb800b,2024-08-01,34,1035,345,7
USG-27c4d66b,CUST-2dfb800b,2024-09-01,27,274,274,9
USG-7b04ba3e,CUST-2dfb800b,2024-10-01,29,295,295,2
USG-34fc0f9a,CUST-2dfb800b,2024-11-01,33,993,331,9
USG-717a3cd1,CUST-2dfb800b,2024-12-01,28,283,283,6
USG-aac92e40,CUST-2dfb800b,2025-01-01,32,323,323,10
USG-a6b59185,CUST-2dfb800b,2025-02-01,25,765,255,10
USG-e91dc769,CUST-2dfb800b,2025-03-01,31,630,315,9
USG-eb01b4cd,CUST-2dfb800b,2025-04-01,34,1720,344,8
USG-97ccdb1f,CUST-2dfb800b,2025-05-01,27,1096,274,1
USG-724d78b0,CUST-2dfb800b,2025-06-01,30,306,306,3
USG-c6bdcf28,CUST-2dfb800b,2025-07-01,30,302,302,2
USG-a330b1b4,CUST-2dfb800b,2025-08-01,24,490,245,6
USG-39c7834a,CUST-2dfb800b,2025-09-01,30,307,307,9
USG-e342ca60,CUST-2dfb800b,2025-10-01,27,279,279,8
USG-984a92cc,CUST-2dfb800b,2025-11-01,26,1325,265,1
USG-30b21089,CUST-2dfb800b,2025-12-01,28,1400,280,6
USG-0f1b9c4e,CUST-2dfb800b,2026-01-01,25,502,251,3
USG-bfd665a2,CUST-2dfb800b,2026-02-01,26,520,260,7
USG-55a44229,CUST-2dfb800b,2026-03-01,30,304,304,9
USG-eb7be672,CUST-2dfb800b,2026-04-01,23,470,235,1
USG-89c291bc,CUST-16326858,2025-12-01,1,68,17,4
USG-7d356efa,CUST-16326858,2026-01-01,1,24,12,5
USG-2c08d325,CUST-16326858,2026-02-01,1,68,17,7
USG-8f02e1cc,CUST-16326858,2026-03-01,1,65,13,8
USG-aa61544e,CUST-16326858,2026-04-01,1,60,15,5
USG-5d579a08,CUST-147bce1b,2025-10-01,2,69,23,8
USG-1adbc428,CUST-147bce1b,2025-11-01,2,25,25,5
USG-3e7e12d2,CUST-147bce1b,2025-12-01,2,100,20,6
USG-3e08510c,CUST-147bce1b,2026-01-01,2,100,25,5
USG-4835673d,CUST-147bce1b,2026-02-01,1,72,18,9
USG-55516889,CUST-147bce1b,2026-03-01,1,6,3,6
USG-0ef606fb,CUST-147bce1b,2026-04-01,1,15,5,5
USG-a6b89e20,CUST-2d44be8d,2025-05-01,46,1395,465,6
USG-ee8190e5,CUST-2d44be8d,2025-06-01,53,1605,535,7
USG-07b641fb,CUST-2d44be8d,2025-07-01,52,2605,521,9
USG-ffe160c2,CUST-2d44be8d,2025-08-01,52,2088,522,6
USG-c2604072,CUST-2d44be8d,2025-09-01,57,2870,574,4
USG-dce25e03,CUST-2d44be8d,2025-10-01,52,1569,523,9
USG-00faa056,CUST-2d44be8d,2025-11-01,43,1293,431,9
USG-6fb92cbd,CUST-2d44be8d,2025-12-01,53,1076,538,6
USG-ee1fe494,CUST-2d44be8d,2026-01-01,52,2084,521,3
USG-9c00e590,CUST-2d44be8d,2026-02-01,56,2240,560,4
USG-2669ff45,CUST-2d44be8d,2026-03-01,47,1912,478,5
USG-36101ea5,CUST-2d44be8d,2026-04-01,49,988,494,3
USG-bbabdd3d,CUST-1cbf3102,2024-05-01,2,112,28,8
USG-25b77868,CUST-1cbf3102,2024-06-01,2,92,23,1
USG-393419fd,CUST-1cbf3102,2024-07-01,2,145,29,5
USG-a99bcef3,CUST-1cbf3102,2024-08-01,2,88,22,10
USG-eed84348,CUST-1cbf3102,2024-09-01,2,75,25,5
USG-d27d0554,CUST-1cbf3102,2024-10-01,2,88,22,10
USG-61360bff,CUST-1cbf3102,2024-11-01,2,130,26,1
USG-81cd306d,CUST-1cbf3102,2024-12-01,2,69,23,6
USG-1c586fa2,CUST-1cbf3102,2025-01-01,2,81,27,1
USG-9da49362,CUST-1cbf3102,2025-02-01,2,125,25,5
USG-1b03b58b,CUST-1cbf3102,2025-03-01,2,48,24,1
USG-ceef4398,CUST-1cbf3102,2025-04-01,2,40,20,5
USG-6a132c9d,CUST-1cbf3102,2025-05-01,2,105,21,4
USG-e752e16d,CUST-1cbf3102,2025-06-01,2,100,25,8
USG-f49e3345,CUST-1cbf3102,2025-07-01,2,88,22,3
USG-2052f322,CUST-1cbf3102,2025-08-01,2,140,28,6
USG-2f8c7c57,CUST-1cbf3102,2025-09-01,2,66,22,1
USG-c1b520d7,CUST-1cbf3102,2025-10-01,2,22,22,2
USG-3559bbc8,CUST-1cbf3102,2025-11-01,2,72,24,9
USG-5aa8d92d,CUST-1cbf3102,2025-12-01,2,29,29,6
USG-73aaacc1,CUST-1cbf3102,2026-01-01,2,40,20,1
USG-16677d4f,CUST-1cbf3102,2026-02-01,2,66,22,1
USG-00c30158,CUST-1cbf3102,2026-03-01,2,130,26,2
USG-555e95c6,CUST-1cbf3102,2026-04-01,2,69,23,4
USG-85c7f0e1,CUST-10b817a1,2024-11-01,38,1524,381,10
USG-b71eb0cc,CUST-10b817a1,2024-12-01,41,836,418,4
USG-e414c397,CUST-10b817a1,2025-01-01,50,2540,508,6
USG-43c08225,CUST-10b817a1,2025-02-01,40,404,404,2
USG-5f6a39e5,CUST-10b817a1,2025-03-01,39,1185,395,10
USG-28e15b84,CUST-10b817a1,2025-04-01,37,748,374,7
USG-5711c734,CUST-10b817a1,2025-05-01,43,1740,435,5
USG-ce6aad49,CUST-10b817a1,2025-06-01,39,1588,397,7
USG-f6ec10ea,CUST-10b817a1,2025-07-01,53,1611,537,2
USG-cacdffb2,CUST-10b817a1,2025-08-01,49,2485,497,6
USG-3b8eb2ad,CUST-10b817a1,2025-09-01,46,2305,461,4
USG-f7ddee4c,CUST-10b817a1,2025-10-01,47,1413,471,6
USG-483a6450,CUST-10b817a1,2025-11-01,42,423,423,5
USG-2edaf33a,CUST-10b817a1,2025-12-01,48,1944,486,1
USG-cb2c8524,CUST-10b817a1,2026-01-01,51,517,517,10
USG-4a961381,CUST-10b817a1,2026-02-01,41,412,412,2
USG-ad38a4f7,CUST-10b817a1,2026-03-01,45,1371,457,6
USG-eb4a3d6f,CUST-10b817a1,2026-04-01,52,1566,522,4
USG-7f4b866a,CUST-10b817a1,2026-05-01,49,496,496,7
USG-557c9d89,CUST-c283205b,2026-01-01,7,390,78,2
USG-02a865eb,CUST-c283205b,2026-02-01,7,152,76,4
USG-ae0716fa,CUST-c283205b,2026-03-01,7,308,77,2
USG-b7846fc6,CUST-c283205b,2026-04-01,9,188,94,2
USG-4d5f6235,CUST-0baeaba0,2026-01-01,32,1300,325,6
USG-6c46494b,CUST-0baeaba0,2026-02-01,41,832,416,7
USG-571b4458,CUST-0baeaba0,2026-03-01,31,316,316,3
USG-6d1849af,CUST-0baeaba0,2026-04-01,38,386,386,9
USG-63126b1e,CUST-01606f27,2025-04-01,14,710,142,8
USG-af8efa85,CUST-01606f27,2025-05-01,13,134,134,10
USG-0713aeec,CUST-01606f27,2025-06-01,14,147,147,7
USG-c20ea8bf,CUST-01606f27,2025-07-01,14,145,145,10
USG-c0eb726f,CUST-01606f27,2025-08-01,15,318,159,1
USG-07a6396e,CUST-01606f27,2025-09-01,15,314,157,10
USG-64881324,CUST-01606f27,2025-10-01,14,146,146,7
USG-9d322966,CUST-01606f27,2025-11-01,15,154,154,5
USG-76ee99da,CUST-01606f27,2025-12-01,13,393,131,10
USG-0408e8fa,CUST-01606f27,2026-01-01,15,795,159,3
USG-6c03d8cc,CUST-01606f27,2026-02-01,16,328,164,7
USG-6df40936,CUST-01606f27,2026-03-01,13,137,137,3
USG-60c2aa9f,CUST-01606f27,2026-04-01,16,332,166,5
USG-71133d5b,CUST-dad8c860,2024-09-01,36,1825,365,9
USG-5b72ce06,CUST-dad8c860,2024-10-01,41,415,415,5
USG-993fa1f1,CUST-dad8c860,2024-11-01,41,410,410,5
USG-a4339673,CUST-dad8c860,2024-12-01,43,434,434,3
USG-0a38c75a,CUST-dad8c860,2025-01-01,38,776,388,7
USG-9c4ca6c5,CUST-dad8c860,2025-02-01,37,376,376,3
USG-9703adf6,CUST-dad8c860,2025-03-01,41,836,418,2
USG-e1d0415a,CUST-dad8c860,2025-04-01,36,736,368,8
USG-59ed3dac,CUST-dad8c860,2025-05-01,38,1161,387,8
USG-0cc8bd16,CUST-dad8c860,2025-06-01,39,780,390,10
USG-2d7e4d40,CUST-dad8c860,2025-07-01,42,427,427,6
USG-4c385ad8,CUST-dad8c860,2025-08-01,37,376,376,5
USG-ad666000,CUST-dad8c860,2025-09-01,43,862,431,2
USG-09550648,CUST-dad8c860,2025-10-01,41,826,413,5
USG-e2868937,CUST-dad8c860,2025-11-01,36,1840,368,6
USG-df9b48b3,CUST-dad8c860,2025-12-01,36,364,364,1
USG-bbb8bffc,CUST-dad8c860,2026-01-01,44,880,440,10
USG-2b1bc9dd,CUST-dad8c860,2026-02-01,40,407,407,2
USG-0c3d4e82,CUST-dad8c860,2026-03-01,38,1520,380,3
USG-611a6bf7,CUST-dad8c860,2026-04-01,44,440,440,8
USG-65e4acce,CUST-8ff2793e,2025-11-01,27,813,271,2
USG-1a3e0626,CUST-8ff2793e,2025-12-01,37,742,371,3
USG-63ea6954,CUST-8ff2793e,2026-01-01,32,1280,320,3
USG-a7b11b9b,CUST-8ff2793e,2026-02-01,34,342,342,1
USG-3b9271b5,CUST-8ff2793e,2026-03-01,34,1392,348,4
USG-e231b82a,CUST-8ff2793e,2026-04-01,35,718,359,3
USG-24f68f95,CUST-12b326ef,2026-01-01,6,124,62,7
USG-777b272e,CUST-12b326ef,2026-02-01,6,61,61,6
USG-14733407,CUST-12b326ef,2026-03-01,1,6,3,8
USG-33a59e80,CUST-12b326ef,2026-04-01,1,12,3,2
USG-293f765c,CUST-49f8906f,2024-06-01,32,656,328,10
USG-45cb92c9,CUST-49f8906f,2024-07-01,40,1628,407,8
USG-6668af4b,CUST-49f8906f,2024-08-01,32,972,324,6
USG-fe6cf46b,CUST-49f8906f,2024-09-01,46,2305,461,2
USG-a386c9ee,CUST-49f8906f,2024-10-01,38,768,384,1
USG-cd411fc7,CUST-49f8906f,2024-11-01,36,1095,365,1
USG-4c1cd586,CUST-49f8906f,2024-12-01,32,650,325,1
USG-5ccef319,CUST-49f8906f,2025-01-01,34,1380,345,9
USG-d6e4ba76,CUST-49f8906f,2025-02-01,36,1452,363,9
USG-ca611158,CUST-49f8906f,2025-03-01,42,846,423,5
USG-f17afc1b,CUST-49f8906f,2025-04-01,42,427,427,3
USG-54a8104b,CUST-49f8906f,2025-05-01,42,2100,420,7
USG-f2eb446b,CUST-49f8906f,2025-06-01,39,1588,397,1
USG-490212b9,CUST-49f8906f,2025-07-01,36,362,362,5
USG-1945aa9d,CUST-49f8906f,2025-08-01,32,650,325,5
USG-da06b58c,CUST-49f8906f,2025-09-01,39,1560,390,6
USG-00098e7d,CUST-49f8906f,2025-10-01,37,372,372,9
USG-c59e6cb9,CUST-49f8906f,2025-11-01,43,878,439,4
USG-f5ddc345,CUST-49f8906f,2025-12-01,45,2255,451,9
USG-bef48513,CUST-49f8906f,2026-01-01,33,339,339,4
USG-f58faa0c,CUST-49f8906f,2026-02-01,45,916,458,8
USG-e898570d,CUST-49f8906f,2026-03-01,35,351,351,6
USG-21954893,CUST-49f8906f,2026-04-01,34,680,340,5
USG-43362dbd,CUST-c40c3670,2025-10-01,16,830,166,5
USG-7a06762f,CUST-c40c3670,2025-11-01,17,174,174,2
USG-187db1ac,CUST-c40c3670,2025-12-01,18,900,180,3
USG-6ba9273a,CUST-c40c3670,2026-01-01,19,380,190,3
USG-dce2e533,CUST-c40c3670,2026-02-01,16,820,164,4
USG-a6fcd8fb,CUST-c40c3670,2026-03-01,21,216,216,7
USG-480a4253,CUST-c40c3670,2026-04-01,20,812,203,4
USG-443bf8f7,CUST-5d3253df,2025-01-01,25,504,252,9
USG-f705aab3,CUST-5d3253df,2025-02-01,22,227,227,8
USG-4d53cf5b,CUST-5d3253df,2025-03-01,26,1060,265,10
USG-51a84a81,CUST-5d3253df,2025-04-01,17,890,178,10
USG-06863186,CUST-5d3253df,2025-05-01,24,960,240,7
USG-d581b60b,CUST-5d3253df,2025-06-01,22,220,220,1
USG-35d5fea0,CUST-5d3253df,2025-07-01,17,358,179,2
USG-612fbb08,CUST-5d3253df,2025-08-01,20,200,200,1
USG-b35002b8,CUST-5d3253df,2025-09-01,26,263,263,8
USG-86a98792,CUST-5d3253df,2025-10-01,18,374,187,5
USG-b1f54ff5,CUST-5d3253df,2025-11-01,22,227,227,9
USG-8964f024,CUST-5d3253df,2025-12-01,25,756,252,2
USG-52872d17,CUST-5d3253df,2026-01-01,19,772,193,1
USG-a83f49c0,CUST-5d3253df,2026-02-01,22,224,224,2
USG-44763206,CUST-5d3253df,2026-03-01,1,4,4,10
USG-60a22a9c,CUST-5d3253df,2026-04-01,1,6,2,6
USG-b8827cd3,CUST-ab187227,2024-10-01,16,664,166,10
USG-9f669ad6,CUST-ab187227,2024-11-01,14,700,140,7
USG-83d599fb,CUST-ab187227,2024-12-01,13,532,133,2
USG-fbc3768b,CUST-ab187227,2025-01-01,14,588,147,7
USG-ba2cb2d7,CUST-ab187227,2025-02-01,14,282,141,8
USG-9b1e91ca,CUST-ab187227,2025-03-01,13,138,138,9
USG-a7c91c02,CUST-ab187227,2025-04-01,14,284,142,7
USG-6d91477b,CUST-ab187227,2025-05-01,12,381,127,7
USG-dd0e611f,CUST-ab187227,2025-06-01,11,476,119,7
USG-fafcb14b,CUST-ab187227,2025-07-01,16,664,166,9
USG-ede7599d,CUST-ab187227,2025-08-01,12,126,126,6
USG-1a11ecac,CUST-ab187227,2025-09-01,13,268,134,8
USG-75263848,CUST-ab187227,2025-10-01,11,595,119,9
USG-450b7c25,CUST-ab187227,2025-11-01,14,420,140,1
USG-9cf917f7,CUST-ab187227,2025-12-01,12,246,123,4
USG-7e96ffe8,CUST-ab187227,2026-01-01,15,456,152,7
USG-47e4721e,CUST-ab187227,2026-02-01,16,504,168,5
USG-ed12ea4e,CUST-ab187227,2026-03-01,15,632,158,3
USG-80ccdf3e,CUST-ab187227,2026-04-01,14,282,141,4
USG-72ca9822,CUST-1608192e,2024-07-01,1,9,9,2
USG-35f50edd,CUST-1608192e,2024-08-01,1,44,11,2
USG-0b6621c8,CUST-1608192e,2024-09-01,1,20,10,2
USG-6180e5cf,CUST-1608192e,2024-10-01,1,27,9,9
USG-5b6c1dc1,CUST-1608192e,2024-11-01,1,40,8,7
USG-559a0dc8,CUST-1608192e,2024-12-01,1,44,11,4
USG-7fa192c1,CUST-1608192e,2025-01-01,1,44,11,5
USG-baa3fa4d,CUST-1608192e,2025-02-01,1,27,9,7
USG-bcabd151,CUST-1608192e,2025-03-01,1,45,9,10
USG-68a6f116,CUST-1608192e,2025-04-01,1,45,9,8
USG-c3381f4e,CUST-1608192e,2025-05-01,1,22,11,7
USG-bd85a12a,CUST-1608192e,2025-06-01,1,20,10,1
USG-d5c0c8f7,CUST-1608192e,2025-07-01,1,40,8,4
USG-07daa391,CUST-1608192e,2025-08-01,1,45,9,4
USG-e5a8f8a7,CUST-1608192e,2025-09-01,1,18,9,2
USG-f3197025,CUST-1608192e,2025-10-01,1,55,11,3
USG-42a0159d,CUST-1608192e,2025-11-01,1,20,10,10
USG-6f806222,CUST-1608192e,2025-12-01,1,16,8,8
USG-65e30f85,CUST-1608192e,2026-01-01,1,44,11,6
USG-e341e416,CUST-1608192e,2026-02-01,1,30,10,2
USG-9662583c,CUST-1608192e,2026-03-01,1,24,8,1
USG-199c6ed8,CUST-1608192e,2026-04-01,1,18,9,10
USG-265c3e90,CUST-19dba2e2,2024-10-01,4,192,48,3
USG-db993597,CUST-19dba2e2,2024-11-01,4,98,49,5
USG-e03b00e0,CUST-19dba2e2,2024-12-01,5,285,57,4
USG-161e8114,CUST-19dba2e2,2025-01-01,4,230,46,2
USG-4702502f,CUST-19dba2e2,2025-02-01,5,280,56,7
USG-994f04fb,CUST-19dba2e2,2025-03-01,6,244,61,6
USG-f18f1b8e,CUST-19dba2e2,2025-04-01,6,310,62,10
USG-de12a343,CUST-19dba2e2,2025-05-01,6,315,63,5
USG-fa2566d5,CUST-19dba2e2,2025-06-01,6,260,65,5
USG-53f5cdfe,CUST-19dba2e2,2025-07-01,5,236,59,10
USG-c650fc27,CUST-19dba2e2,2025-08-01,6,180,60,3
USG-bb22ffaf,CUST-19dba2e2,2025-09-01,6,134,67,2
USG-61088ad1,CUST-19dba2e2,2025-10-01,5,57,57,5
USG-9d864c24,CUST-19dba2e2,2025-11-01,5,236,59,6
USG-ee9e0ca3,CUST-19dba2e2,2025-12-01,6,207,69,9
USG-31f9a38e,CUST-19dba2e2,2026-01-01,6,315,63,10
USG-1c52f6f8,CUST-19dba2e2,2026-02-01,5,58,58,1
USG-94c34edb,CUST-19dba2e2,2026-03-01,1,3,3,8
USG-5fa8bd01,CUST-19dba2e2,2026-04-01,1,3,1,7
USG-0d2e48bd,CUST-e04865e6,2024-05-01,40,1616,404,4
USG-a4f5b31f,CUST-e04865e6,2024-06-01,51,1020,510,10
USG-09f838da,CUST-e04865e6,2024-07-01,44,1329,443,6
USG-9cb6c173,CUST-e04865e6,2024-08-01,44,882,441,7
USG-159ab9e2,CUST-e04865e6,2024-09-01,37,1895,379,5
USG-48f18d76,CUST-e04865e6,2024-10-01,47,940,470,8
USG-a8087466,CUST-e04865e6,2024-11-01,52,2625,525,2
USG-d8061eb0,CUST-e04865e6,2024-12-01,37,752,376,9
USG-5d8cf6ad,CUST-e04865e6,2025-01-01,51,2570,514,10
USG-23118a0f,CUST-e04865e6,2025-02-01,52,520,520,7
USG-27eae83e,CUST-e04865e6,2025-03-01,45,912,456,1
USG-5c6dae3c,CUST-e04865e6,2025-04-01,38,762,381,1
USG-4ff991f5,CUST-e04865e6,2025-05-01,45,1800,450,8
USG-5a4e6dd2,CUST-e04865e6,2025-06-01,42,846,423,2
USG-f56aab78,CUST-e04865e6,2025-07-01,43,860,430,7
USG-4033630d,CUST-e04865e6,2025-08-01,52,1052,526,2
USG-9aaacc73,CUST-e04865e6,2025-09-01,44,2225,445,6
USG-3ca3680a,CUST-e04865e6,2025-10-01,40,409,409,1
USG-44904b3f,CUST-e04865e6,2025-11-01,41,2080,416,1
USG-bc76209f,CUST-e04865e6,2025-12-01,40,808,404,10
USG-8d338d2a,CUST-e04865e6,2026-01-01,42,1275,425,6
USG-bc8300ad,CUST-e04865e6,2026-02-01,45,1359,453,9
USG-6f5cc23f,CUST-e04865e6,2026-03-01,1,3,1,7
USG-a55f86f8,CUST-e04865e6,2026-04-01,1,5,1,10
USG-2999ba0e,CUST-04c27452,2025-07-01,31,319,319,3
USG-bc12144a,CUST-04c27452,2025-08-01,28,861,287,4
USG-62587906,CUST-04c27452,2025-09-01,30,604,302,3
USG-9f13c1c4,CUST-04c27452,2025-10-01,33,1011,337,2
USG-09a1c681,CUST-04c27452,2025-11-01,28,846,282,2
USG-0e6b7e3e,CUST-04c27452,2025-12-01,32,656,328,6
USG-e6553453,CUST-04c27452,2026-01-01,29,296,296,5
USG-c6451b48,CUST-04c27452,2026-02-01,32,1312,328,3
USG-b1c192ef,CUST-04c27452,2026-03-01,1,0,0,4
USG-2c25849c,CUST-04c27452,2026-04-01,1,3,3,2
USG-e40c84fe,CUST-e1cdc284,2025-10-01,37,744,372,10
USG-8979156a,CUST-e1cdc284,2025-11-01,38,1140,380,5
USG-3169e4fd,CUST-e1cdc284,2025-12-01,30,614,307,9
USG-025ee65b,CUST-e1cdc284,2026-01-01,32,658,329,2
USG-69d288b3,CUST-e1cdc284,2026-02-01,33,676,338,1
USG-8f08ec35,CUST-e1cdc284,2026-03-01,1,8,4,1
USG-923c9ed8,CUST-e1cdc284,2026-04-01,1,15,3,7
USG-1807dca1,CUST-64ce0362,2025-03-01,29,879,293,10
USG-3eddbdfd,CUST-64ce0362,2025-04-01,22,1125,225,7
USG-ae11c686,CUST-64ce0362,2025-05-01,29,891,297,6
USG-eb8a5989,CUST-64ce0362,2025-06-01,31,1590,318,9
USG-9c2fc871,CUST-64ce0362,2025-07-01,27,816,272,1
USG-03642f1a,CUST-64ce0362,2025-08-01,28,1410,282,10
USG-5ec07025,CUST-64ce0362,2025-09-01,31,316,316,8
USG-ea6291cc,CUST-64ce0362,2025-10-01,27,548,274,6
USG-c1a235d7,CUST-64ce0362,2025-11-01,29,292,292,7
USG-6682682e,CUST-64ce0362,2025-12-01,26,265,265,2
USG-a9604a7c,CUST-64ce0362,2026-01-01,31,634,317,10
USG-677fe5c9,CUST-64ce0362,2026-02-01,27,1088,272,8
USG-a3a73a91,CUST-64ce0362,2026-03-01,1,0,0,3
USG-2e1e3303,CUST-64ce0362,2026-04-01,1,0,0,4
USG-34bc6942,CUST-8dbb3806,2025-01-01,34,340,340,3
USG-fbf7d21a,CUST-8dbb3806,2025-02-01,34,684,342,3
USG-b98583b1,CUST-8dbb3806,2025-03-01,40,1215,405,2
USG-fcdf6de0,CUST-8dbb3806,2025-04-01,39,1990,398,4
USG-23fd351f,CUST-8dbb3806,2025-05-01,41,417,417,7
USG-71d25ada,CUST-8dbb3806,2025-06-01,39,792,396,3
USG-08dbb6e0,CUST-8dbb3806,2025-07-01,40,1620,405,6
USG-8b20ac7c,CUST-8dbb3806,2025-08-01,34,342,342,2
USG-fddb6388,CUST-8dbb3806,2025-09-01,42,429,429,5
USG-bb3f7b1c,CUST-8dbb3806,2025-10-01,33,678,339,5
USG-fa18e3a0,CUST-8dbb3806,2025-11-01,40,2045,409,5
USG-daf63da8,CUST-8dbb3806,2025-12-01,31,319,319,3
USG-7d4a3e27,CUST-8dbb3806,2026-01-01,39,798,399,6
USG-be5d7d0a,CUST-8dbb3806,2026-02-01,29,1485,297,5
USG-897c34bb,CUST-8dbb3806,2026-03-01,36,1083,361,2
USG-1d2e91f6,CUST-8dbb3806,2026-04-01,31,1570,314,7
USG-efc0f4bc,CUST-ad6fca99,2024-10-01,28,855,285,7
USG-e414b966,CUST-ad6fca99,2024-11-01,41,413,413,10
USG-d2c81370,CUST-ad6fca99,2024-12-01,38,1161,387,2
USG-fbe37b80,CUST-ad6fca99,2025-01-01,31,957,319,4
USG-99c77ca2,CUST-ad6fca99,2025-02-01,36,1810,362,2
USG-065ffa14,CUST-ad6fca99,2025-03-01,40,1600,400,1
USG-51bc477f,CUST-ad6fca99,2025-04-01,32,642,321,5
USG-30eeda57,CUST-ad6fca99,2025-05-01,39,392,392,10
USG-ef4d1808,CUST-ad6fca99,2025-06-01,28,568,284,7
USG-8b3dae8b,CUST-ad6fca99,2025-07-01,39,395,395,1
USG-7e155a6c,CUST-ad6fca99,2025-08-01,36,1095,365,7
USG-4280bc4b,CUST-ad6fca99,2025-09-01,32,963,321,3
USG-2afb169e,CUST-ad6fca99,2025-10-01,38,1900,380,3
USG-6762df32,CUST-ad6fca99,2025-11-01,28,562,281,4
USG-09ae481e,CUST-ad6fca99,2025-12-01,34,1372,343,7
USG-131a577e,CUST-ad6fca99,2026-01-01,35,1428,357,10
USG-b3a4cfda,CUST-ad6fca99,2026-02-01,30,600,300,10
USG-9e326a93,CUST-ad6fca99,2026-03-01,1,4,2,4
USG-f4ef5db8,CUST-ad6fca99,2026-04-01,1,16,4,2
USG-95d0eb1b,CUST-9eac2f65,2024-12-01,27,270,270,9
USG-84a3a689,CUST-9eac2f65,2025-01-01,33,670,335,10
USG-146a7f80,CUST-9eac2f65,2025-02-01,32,1610,322,4
USG-b7f1a164,CUST-9eac2f65,2025-03-01,33,1005,335,3
USG-086e6a66,CUST-9eac2f65,2025-04-01,27,548,274,5
USG-615a677f,CUST-9eac2f65,2025-05-01,24,964,241,3
USG-85f94764,CUST-9eac2f65,2025-06-01,30,604,302,5
USG-e328e7d2,CUST-9eac2f65,2025-07-01,29,580,290,5
USG-c1db2d87,CUST-9eac2f65,2025-08-01,32,1610,322,10
USG-f7a069eb,CUST-9eac2f65,2025-09-01,26,536,268,5
USG-b1a369c2,CUST-9eac2f65,2025-10-01,26,795,265,2
USG-51d11dd4,CUST-9eac2f65,2025-11-01,35,1765,353,7
USG-4bff0e87,CUST-9eac2f65,2025-12-01,29,1465,293,5
USG-7d7ae839,CUST-9eac2f65,2026-01-01,32,1640,328,7
USG-f86b6575,CUST-9eac2f65,2026-02-01,33,1002,334,5
USG-8b72fb4e,CUST-9eac2f65,2026-03-01,26,522,261,9
USG-298f7357,CUST-9eac2f65,2026-04-01,26,1310,262,3
USG-8c1f41dd,CUST-8536506a,2025-01-01,27,273,273,8
USG-05efd064,CUST-8536506a,2025-02-01,26,795,265,1
USG-31b14b0d,CUST-8536506a,2025-03-01,30,906,302,3
USG-9d011627,CUST-8536506a,2025-04-01,34,1740,348,9
USG-b46c4a6e,CUST-8536506a,2025-05-01,32,984,328,10
USG-a528cf75,CUST-8536506a,2025-06-01,26,1064,266,1
USG-9387018c,CUST-8536506a,2025-07-01,26,1052,263,10
USG-41fc7fca,CUST-8536506a,2025-08-01,33,1344,336,5
USG-1dd12377,CUST-8536506a,2025-09-01,27,816,272,10
USG-54798809,CUST-8536506a,2025-10-01,24,980,245,7
USG-068e4a8a,CUST-8536506a,2025-11-01,27,816,272,8
USG-e165d0dc,CUST-8536506a,2025-12-01,24,1245,249,9
USG-67bf1e00,CUST-8536506a,2026-01-01,25,258,258,10
USG-3f0a2d24,CUST-8536506a,2026-02-01,32,981,327,5
USG-416f94b6,CUST-8536506a,2026-03-01,1,5,1,9
USG-5ec43bcc,CUST-8536506a,2026-04-01,1,6,3,5
USG-7be6fd83,CUST-4e910dc2,2025-01-01,16,845,169,7
USG-0e3b8ffc,CUST-4e910dc2,2025-02-01,16,825,165,7
USG-e466971d,CUST-4e910dc2,2025-03-01,15,750,150,9
USG-e2ba9b12,CUST-4e910dc2,2025-04-01,16,483,161,8
USG-e6e263e1,CUST-4e910dc2,2025-05-01,12,125,125,8
USG-d9705c69,CUST-4e910dc2,2025-06-01,16,167,167,7
USG-772cdbb8,CUST-4e910dc2,2025-07-01,16,160,160,5
USG-3d35a9d7,CUST-4e910dc2,2025-08-01,16,162,162,2
USG-07544da3,CUST-4e910dc2,2025-09-01,12,250,125,9
USG-ed77a509,CUST-4e910dc2,2025-10-01,14,560,140,2
USG-41174797,CUST-4e910dc2,2025-11-01,14,576,144,6
USG-6dab818c,CUST-4e910dc2,2025-12-01,14,447,149,1
USG-f15c889a,CUST-4e910dc2,2026-01-01,16,164,164,9
USG-28223467,CUST-4e910dc2,2026-02-01,16,676,169,1
USG-fc9ffd0e,CUST-4e910dc2,2026-03-01,16,664,166,8
USG-925bcf86,CUST-4e910dc2,2026-04-01,16,495,165,10
USG-868d3bf1,CUST-667a98b5,2026-02-01,50,1010,505,4
USG-17f76270,CUST-667a98b5,2026-03-01,42,846,423,6
USG-006a42cc,CUST-667a98b5,2026-04-01,48,1936,484,10
USG-1214e2c0,CUST-bb5500cf,2024-05-01,25,765,255,6
USG-63c4c094,CUST-bb5500cf,2024-06-01,30,302,302,6
USG-87e9935e,CUST-bb5500cf,2024-07-01,30,1216,304,10
USG-c4a04269,CUST-bb5500cf,2024-08-01,30,610,305,8
USG-20cce055,CUST-bb5500cf,2024-09-01,25,256,256,3
USG-5e1944d1,CUST-bb5500cf,2024-10-01,30,927,309,3
USG-ea1523f0,CUST-bb5500cf,2024-11-01,30,1224,306,2
USG-baaf9d3d,CUST-bb5500cf,2024-12-01,27,1350,270,10
USG-dc077a2d,CUST-bb5500cf,2025-01-01,23,711,237,8
USG-0ddf8106,CUST-bb5500cf,2025-02-01,23,232,232,3
USG-73dd2cd3,CUST-bb5500cf,2025-03-01,25,510,255,9
USG-accf639a,CUST-bb5500cf,2025-04-01,25,1016,254,7
USG-8d4492a8,CUST-bb5500cf,2025-05-01,30,1200,300,5
USG-8d6ae167,CUST-bb5500cf,2025-06-01,27,275,275,7
USG-de1a5ba1,CUST-bb5500cf,2025-07-01,30,604,302,9
USG-95363c18,CUST-bb5500cf,2025-08-01,29,1450,290,4
USG-96617be0,CUST-bb5500cf,2025-09-01,30,1208,302,9
USG-5a6decb5,CUST-bb5500cf,2025-10-01,31,1256,314,4
USG-c62b086d,CUST-bb5500cf,2025-11-01,25,762,254,4
USG-d7d382ab,CUST-bb5500cf,2025-12-01,22,221,221,1
USG-8c349d5c,CUST-bb5500cf,2026-01-01,30,606,303,8
USG-a634eb75,CUST-bb5500cf,2026-02-01,27,1116,279,10
USG-19f739ea,CUST-bb5500cf,2026-03-01,25,1275,255,4
USG-6f2fd632,CUST-bb5500cf,2026-04-01,21,657,219,9
USG-8556f596,CUST-1893b60b,2024-06-01,42,1704,426,8
USG-9a5cacfe,CUST-1893b60b,2024-07-01,42,1692,423,8
USG-1b1e7e85,CUST-1893b60b,2024-08-01,36,736,368,7
USG-632948c7,CUST-1893b60b,2024-09-01,41,836,418,1
USG-d5827ee9,CUST-1893b60b,2024-10-01,53,2120,530,4
USG-64f5aa8c,CUST-1893b60b,2024-11-01,40,1215,405,4
USG-0efdfa56,CUST-1893b60b,2024-12-01,47,1419,473,7
USG-f642995a,CUST-1893b60b,2025-01-01,45,2255,451,7
USG-2852b12e,CUST-1893b60b,2025-02-01,49,988,494,4
USG-afeb5c41,CUST-1893b60b,2025-03-01,37,378,378,3
USG-55f2aef2,CUST-1893b60b,2025-04-01,39,1185,395,8
USG-e0ac0cb8,CUST-1893b60b,2025-05-01,48,482,482,8
USG-dd83de74,CUST-1893b60b,2025-06-01,48,488,488,8
USG-358854ff,CUST-1893b60b,2025-07-01,51,518,518,8
USG-ed20612e,CUST-1893b60b,2025-08-01,41,1242,414,8
USG-c6faf85b,CUST-1893b60b,2025-09-01,44,1772,443,3
USG-ab76f9bb,CUST-1893b60b,2025-10-01,48,962,481,7
USG-66359ccf,CUST-1893b60b,2025-11-01,40,1616,404,8
USG-ab52b3a1,CUST-1893b60b,2025-12-01,45,456,456,9
USG-70ae3a03,CUST-1893b60b,2026-01-01,47,2350,470,10
USG-a75474b6,CUST-1893b60b,2026-02-01,44,1788,447,5
USG-b0425b66,CUST-1893b60b,2026-03-01,1,9,3,10
USG-9744728d,CUST-1893b60b,2026-04-01,1,6,2,4
USG-d1fa4c4f,CUST-6290cf52,2026-04-01,44,2240,448,6
USG-7dda0302,CUST-fd5f5c62,2025-08-01,8,164,82,8
USG-cc2a013d,CUST-fd5f5c62,2025-09-01,8,261,87,1
USG-886c8a49,CUST-fd5f5c62,2025-10-01,9,188,94,8
USG-8d3d8617,CUST-fd5f5c62,2025-11-01,7,304,76,9
USG-ddcda2f7,CUST-fd5f5c62,2025-12-01,7,79,79,5
USG-55407389,CUST-fd5f5c62,2026-01-01,9,91,91,8
USG-7332808c,CUST-fd5f5c62,2026-02-01,7,231,77,2
USG-e4f15a5b,CUST-fd5f5c62,2026-03-01,1,10,2,8
USG-b582eb78,CUST-fd5f5c62,2026-04-01,1,4,2,5
USG-053bd234,CUST-f111ef74,2026-01-01,4,180,45,4
USG-09c15afe,CUST-f111ef74,2026-02-01,5,116,58,1
USG-98a26ca8,CUST-f111ef74,2026-03-01,1,20,4,1
USG-a3a0b76a,CUST-f111ef74,2026-04-01,1,0,0,10
USG-b0d37cd0,CUST-3ab79b3f,2024-08-01,40,405,405,7
USG-bcbbaae1,CUST-3ab79b3f,2024-09-01,42,1266,422,9
USG-13705324,CUST-3ab79b3f,2024-10-01,38,1146,382,5
USG-c64953bc,CUST-3ab79b3f,2024-11-01,41,2085,417,6
USG-5209e9ca,CUST-3ab79b3f,2024-12-01,47,1888,472,6
USG-808f1f71,CUST-3ab79b3f,2025-01-01,39,798,399,4
USG-34932c94,CUST-3ab79b3f,2025-02-01,50,1018,509,7
USG-4954f9e4,CUST-3ab79b3f,2025-03-01,43,432,432,1
USG-5cc9a54d,CUST-3ab79b3f,2025-04-01,50,509,509,5
USG-7c5fd0c9,CUST-3ab79b3f,2025-05-01,43,2195,439,2
USG-fd81f1ff,CUST-3ab79b3f,2025-06-01,36,736,368,5
USG-fda48cab,CUST-3ab79b3f,2025-07-01,46,1380,460,7
USG-d20559c7,CUST-3ab79b3f,2025-08-01,36,1845,369,10
USG-eecace6d,CUST-3ab79b3f,2025-09-01,44,2225,445,7
USG-d2ccccc4,CUST-3ab79b3f,2025-10-01,50,504,504,2
USG-10e834c7,CUST-3ab79b3f,2025-11-01,45,1359,453,9
USG-c8f8ec84,CUST-3ab79b3f,2025-12-01,39,1576,394,5
USG-68a3024f,CUST-3ab79b3f,2026-01-01,42,427,427,5
USG-014564be,CUST-3ab79b3f,2026-02-01,48,1940,485,8
USG-e121a345,CUST-3ab79b3f,2026-03-01,43,431,431,9
USG-5df0e87b,CUST-3ab79b3f,2026-04-01,47,1880,470,9
USG-e718db80,CUST-cb3e7dbd,2024-12-01,27,828,276,8
USG-6603b442,CUST-cb3e7dbd,2025-01-01,28,1132,283,7
USG-420a512c,CUST-cb3e7dbd,2025-02-01,27,1104,276,9
USG-c3cc9daa,CUST-cb3e7dbd,2025-03-01,29,1490,298,1
USG-fdec8c5c,CUST-cb3e7dbd,2025-04-01,28,566,283,6
USG-51492040,CUST-cb3e7dbd,2025-05-01,24,1245,249,10
USG-5baaa8fa,CUST-cb3e7dbd,2025-06-01,24,1230,246,10
USG-df2ca134,CUST-cb3e7dbd,2025-07-01,21,428,214,4
USG-ca0e6b8a,CUST-cb3e7dbd,2025-08-01,27,278,278,3
USG-a6dfe2a4,CUST-cb3e7dbd,2025-09-01,26,532,266,8
USG-9561e50c,CUST-cb3e7dbd,2025-10-01,25,753,251,1
USG-7904a6eb,CUST-cb3e7dbd,2025-11-01,23,956,239,4
USG-6bcdee16,CUST-cb3e7dbd,2025-12-01,27,1084,271,3
USG-92ff5c3e,CUST-cb3e7dbd,2026-01-01,30,301,301,5
USG-31d29593,CUST-cb3e7dbd,2026-02-01,21,212,212,4
USG-f3c26295,CUST-cb3e7dbd,2026-03-01,1,0,0,7
USG-8f3e313f,CUST-cb3e7dbd,2026-04-01,1,3,3,5
USG-2fd3d181,CUST-0063bc5d,2024-12-01,23,476,238,4
USG-bc25e84a,CUST-0063bc5d,2025-01-01,26,263,263,5
USG-a159c934,CUST-0063bc5d,2025-02-01,25,1265,253,6
USG-a7f60fb9,CUST-0063bc5d,2025-03-01,22,892,223,5
USG-76024c79,CUST-0063bc5d,2025-04-01,29,590,295,1
USG-1eeb1ac3,CUST-0063bc5d,2025-05-01,22,1125,225,5
USG-e2d6f013,CUST-0063bc5d,2025-06-01,23,235,235,3
USG-f51cc61d,CUST-0063bc5d,2025-07-01,30,600,300,9
USG-dae779cc,CUST-0063bc5d,2025-08-01,25,512,256,6
USG-a13b4477,CUST-0063bc5d,2025-09-01,30,1540,308,7
USG-f652e857,CUST-0063bc5d,2025-10-01,24,996,249,8
USG-e3bd015a,CUST-0063bc5d,2025-11-01,23,474,237,2
USG-b3e972aa,CUST-0063bc5d,2025-12-01,30,918,306,2
USG-0c6a38d4,CUST-0063bc5d,2026-01-01,25,516,258,1
USG-ed45bee6,CUST-0063bc5d,2026-02-01,22,1100,220,6
USG-ef27f4d8,CUST-0063bc5d,2026-03-01,1,3,1,7
USG-69941e8a,CUST-0063bc5d,2026-04-01,1,10,2,2
USG-429866a9,CUST-1457d3bd,2024-12-01,16,830,166,9
USG-929008f0,CUST-1457d3bd,2025-01-01,20,624,208,3
USG-fe087a93,CUST-1457d3bd,2025-02-01,20,808,202,9
USG-fc5c3aac,CUST-1457d3bd,2025-03-01,19,585,195,10
USG-1f43aed4,CUST-1457d3bd,2025-04-01,21,211,211,10
USG-9fc9726d,CUST-1457d3bd,2025-05-01,18,189,189,3
USG-eec14102,CUST-1457d3bd,2025-06-01,22,1115,223,7
USG-cabf3159,CUST-1457d3bd,2025-07-01,17,875,175,2
USG-d4d5cff4,CUST-1457d3bd,2025-08-01,17,534,178,10
USG-f6fb8fbe,CUST-1457d3bd,2025-09-01,16,815,163,4
USG-59d884c1,CUST-1457d3bd,2025-10-01,22,221,221,10
USG-0697e3ef,CUST-1457d3bd,2025-11-01,16,830,166,10
USG-2156b33c,CUST-1457d3bd,2025-12-01,15,157,157,1
USG-9922e7be,CUST-1457d3bd,2026-01-01,22,1125,225,2
USG-972daddf,CUST-1457d3bd,2026-02-01,21,844,211,4
USG-a5e709e6,CUST-1457d3bd,2026-03-01,16,845,169,3
USG-40a273fe,CUST-1457d3bd,2026-04-01,17,346,173,2
USG-4e6039b8,CUST-658a2db2,2024-11-01,37,1131,377,10
USG-eefc3203,CUST-658a2db2,2024-12-01,35,712,356,1
USG-47f7d215,CUST-658a2db2,2025-01-01,41,411,411,3
USG-71d8ac10,CUST-658a2db2,2025-02-01,29,894,298,3
USG-aa7f5a5b,CUST-658a2db2,2025-03-01,35,714,357,5
USG-9da8db83,CUST-658a2db2,2025-04-01,30,302,302,5
USG-a6efb4f7,CUST-658a2db2,2025-05-01,39,394,394,4
USG-e003b9ff,CUST-658a2db2,2025-06-01,32,975,325,6
USG-b49ff4bf,CUST-658a2db2,2025-07-01,34,342,342,2
USG-8fa48d81,CUST-658a2db2,2025-08-01,33,336,336,4
USG-394aa9b4,CUST-658a2db2,2025-09-01,29,894,298,5
USG-6c2aa9f8,CUST-658a2db2,2025-10-01,29,1164,291,9
USG-dbcdc5a7,CUST-658a2db2,2025-11-01,30,302,302,1
USG-85d67bc1,CUST-658a2db2,2025-12-01,37,1512,378,6
USG-19c44aea,CUST-658a2db2,2026-01-01,37,1134,378,6
USG-ac1db9cb,CUST-658a2db2,2026-02-01,33,1340,335,7
USG-5c2abc91,CUST-658a2db2,2026-03-01,32,969,323,6
USG-5e57a68c,CUST-658a2db2,2026-04-01,43,1296,432,2
USG-f037007d,CUST-52005ce7,2025-07-01,41,838,419,10
USG-841cd554,CUST-52005ce7,2025-08-01,42,848,424,7
USG-ef699f92,CUST-52005ce7,2025-09-01,48,2405,481,5
USG-52acb397,CUST-52005ce7,2025-10-01,38,383,383,7
USG-999dbffa,CUST-52005ce7,2025-11-01,37,378,378,10
USG-0d2d7093,CUST-52005ce7,2025-12-01,47,478,478,1
USG-95e9e5eb,CUST-52005ce7,2026-01-01,39,396,396,7
USG-368a1669,CUST-52005ce7,2026-02-01,48,1956,489,10
USG-8339397b,CUST-52005ce7,2026-03-01,34,343,343,9
USG-71f1d673,CUST-52005ce7,2026-04-01,43,864,432,5
USG-1d6a1fab,CUST-65167149,2026-04-01,8,87,87,7
USG-39317619,CUST-65167149,2026-05-01,7,316,79,9
USG-87701079,CUST-64992aa2,2025-10-01,41,410,410,8
USG-02135d68,CUST-64992aa2,2025-11-01,45,1820,455,3
USG-d3adfb54,CUST-64992aa2,2025-12-01,51,2048,512,10
USG-2d0a3e1b,CUST-64992aa2,2026-01-01,49,1984,496,3
USG-befac227,CUST-64992aa2,2026-02-01,39,784,392,5
USG-1c9927cc,CUST-64992aa2,2026-03-01,48,482,482,1
USG-d3b879d2,CUST-64992aa2,2026-04-01,38,1940,388,4
USG-d503f39b,CUST-b984ef98,2025-06-01,8,258,86,8
USG-55138cff,CUST-b984ef98,2025-07-01,6,136,68,9
USG-c1bdc2ba,CUST-b984ef98,2025-08-01,8,85,85,4
USG-4a899fe8,CUST-b984ef98,2025-09-01,6,69,69,1
USG-0d6c8cbc,CUST-b984ef98,2025-10-01,9,380,95,5
USG-902e5000,CUST-b984ef98,2025-11-01,8,410,82,8
USG-339a15de,CUST-b984ef98,2025-12-01,8,264,88,4
USG-1be8bdcc,CUST-b984ef98,2026-01-01,8,82,82,3
USG-3ffe97d2,CUST-b984ef98,2026-02-01,8,84,84,5
USG-9e68e793,CUST-b984ef98,2026-03-01,1,4,2,1
USG-02da62df,CUST-b984ef98,2026-04-01,1,10,2,1
USG-df673221,CUST-94fa4e97,2025-07-01,43,2170,434,7
USG-d21c39cd,CUST-94fa4e97,2025-08-01,29,1196,299,1
USG-cdb43016,CUST-94fa4e97,2025-09-01,33,339,339,3
USG-321fb3ea,CUST-94fa4e97,2025-10-01,41,828,414,5
USG-8e7d552e,CUST-94fa4e97,2025-11-01,29,894,298,5
USG-b4985baa,CUST-94fa4e97,2025-12-01,42,1284,428,8
USG-4050a772,CUST-94fa4e97,2026-01-01,43,1752,438,10
USG-1097edf7,CUST-94fa4e97,2026-02-01,44,440,440,10
USG-6656b68e,CUST-94fa4e97,2026-03-01,30,300,300,9
USG-acf6c96b,CUST-94fa4e97,2026-04-01,44,2205,441,9
USG-f9cef587,CUST-2411f308,2025-01-01,17,522,174,4
USG-b13f419c,CUST-2411f308,2025-02-01,14,580,145,6
USG-01707de4,CUST-2411f308,2025-03-01,18,564,188,7
USG-d84bdef6,CUST-2411f308,2025-04-01,20,400,200,9
USG-14e999ff,CUST-2411f308,2025-05-01,18,915,183,9
USG-334fbed6,CUST-2411f308,2025-06-01,20,836,209,7
USG-70acba28,CUST-2411f308,2025-07-01,16,840,168,10
USG-744e2044,CUST-2411f308,2025-08-01,20,202,202,4
USG-ff059439,CUST-2411f308,2025-09-01,17,171,171,7
USG-e9233d81,CUST-2411f308,2025-10-01,18,378,189,10
USG-86443d51,CUST-2411f308,2025-11-01,14,144,144,2
USG-6337276e,CUST-2411f308,2025-12-01,20,400,200,9
USG-d7d016cd,CUST-2411f308,2026-01-01,17,510,170,8
USG-08efbc91,CUST-2411f308,2026-02-01,20,606,202,8
USG-74abba4d,CUST-2411f308,2026-03-01,1,0,0,10
USG-e7edc295,CUST-2411f308,2026-04-01,1,0,0,9
USG-959b5c7f,CUST-b960f009,2026-04-01,1,15,15,5
USG-4187e195,CUST-06e4339d,2025-06-01,53,2680,536,6
USG-710f0f07,CUST-06e4339d,2025-07-01,48,2445,489,3
USG-833ff342,CUST-06e4339d,2025-08-01,52,2640,528,5
USG-ff2f3949,CUST-06e4339d,2025-09-01,41,2065,413,2
USG-331c4ae6,CUST-06e4339d,2025-10-01,40,2020,404,1
USG-4dcc0263,CUST-06e4339d,2025-11-01,52,1058,529,5
USG-220d8eb6,CUST-06e4339d,2025-12-01,43,2185,437,4
USG-520c4517,CUST-06e4339d,2026-01-01,46,463,463,7
USG-e0919418,CUST-06e4339d,2026-02-01,44,443,443,10
USG-6c06b1ad,CUST-06e4339d,2026-03-01,41,834,417,3
USG-c604b590,CUST-06e4339d,2026-04-01,47,1904,476,8
USG-d562d142,CUST-96daf4f7,2026-02-01,1,45,15,9
USG-739c89dd,CUST-96daf4f7,2026-03-01,1,16,4,9
USG-ef45f7fe,CUST-96daf4f7,2026-04-01,1,20,5,6
USG-065a45fd,CUST-552704a2,2024-06-01,21,438,219,10
USG-4bf7b3e6,CUST-552704a2,2024-07-01,23,705,235,9
USG-82e0b68d,CUST-552704a2,2024-08-01,21,434,217,9
USG-cbc9c564,CUST-552704a2,2024-09-01,23,1185,237,1
USG-076191e5,CUST-552704a2,2024-10-01,22,225,225,9
USG-8e5f8321,CUST-552704a2,2024-11-01,18,362,181,6
USG-1c11da93,CUST-552704a2,2024-12-01,18,720,180,9
USG-f7d6ec42,CUST-552704a2,2025-01-01,20,820,205,9
USG-34cc72c6,CUST-552704a2,2025-02-01,22,888,222,8
USG-0ac41906,CUST-552704a2,2025-03-01,23,948,237,9
USG-19242157,CUST-552704a2,2025-04-01,16,656,164,5
USG-2896231b,CUST-552704a2,2025-05-01,18,945,189,4
USG-8b60ed17,CUST-552704a2,2025-06-01,20,606,202,5
USG-b197f217,CUST-552704a2,2025-07-01,21,1050,210,8
USG-d371175d,CUST-552704a2,2025-08-01,19,190,190,4
USG-1da34947,CUST-552704a2,2025-09-01,19,384,192,2
USG-37af2c97,CUST-552704a2,2025-10-01,23,717,239,6
USG-4a47dc55,CUST-552704a2,2025-11-01,21,654,218,10
USG-3b97324d,CUST-552704a2,2025-12-01,21,1070,214,10
USG-b25e490c,CUST-552704a2,2026-01-01,20,1015,203,8
USG-a61dec12,CUST-552704a2,2026-02-01,24,241,241,2
USG-61d99461,CUST-552704a2,2026-03-01,1,15,5,9
USG-8b43b435,CUST-552704a2,2026-04-01,1,6,3,7
USG-9a46fce1,CUST-8f99d538,2026-03-01,22,220,220,2
USG-0442203f,CUST-8f99d538,2026-04-01,26,1320,264,8
USG-9ecdf41b,CUST-3f245dee,2026-02-01,20,408,204,5
USG-659143f0,CUST-3f245dee,2026-03-01,23,711,237,6
USG-936db0ef,CUST-3f245dee,2026-04-01,18,564,188,7
USG-44387ec6,CUST-ad81ca19,2025-02-01,19,975,195,7
USG-d1edb2c3,CUST-ad81ca19,2025-03-01,16,820,164,7
USG-aae7b296,CUST-ad81ca19,2025-04-01,15,151,151,1
USG-c78bfbb8,CUST-ad81ca19,2025-05-01,17,346,173,6
USG-db3f581f,CUST-ad81ca19,2025-06-01,18,368,184,1
USG-b240ad5b,CUST-ad81ca19,2025-07-01,19,764,191,4
USG-d1534406,CUST-ad81ca19,2025-08-01,19,191,191,6
USG-1ff1a7c8,CUST-ad81ca19,2025-09-01,17,348,174,3
USG-f72fb87f,CUST-ad81ca19,2025-10-01,19,394,197,3
USG-11f8ed86,CUST-ad81ca19,2025-11-01,17,850,170,4
USG-8d4d6b68,CUST-ad81ca19,2025-12-01,15,775,155,3
USG-11b1e749,CUST-ad81ca19,2026-01-01,16,668,167,9
USG-90575df7,CUST-ad81ca19,2026-02-01,13,690,138,5
USG-49240592,CUST-ad81ca19,2026-03-01,16,164,164,2
USG-98cded6b,CUST-ad81ca19,2026-04-01,18,945,189,1
USG-7c49597c,CUST-1c275276,2025-07-01,12,240,120,4
USG-ec963045,CUST-1c275276,2025-08-01,17,870,174,1
USG-9751f46c,CUST-1c275276,2025-09-01,12,372,124,4
USG-8b125ec4,CUST-1c275276,2025-10-01,14,292,146,6
USG-9ac5d7d0,CUST-1c275276,2025-11-01,16,835,167,7
USG-6a149b52,CUST-1c275276,2025-12-01,14,576,144,2
USG-fac79439,CUST-1c275276,2026-01-01,17,525,175,5
USG-a0268f51,CUST-1c275276,2026-02-01,13,136,136,6
USG-ca7b4afa,CUST-1c275276,2026-03-01,13,268,134,7
USG-b775bd0a,CUST-1c275276,2026-04-01,12,488,122,8
USG-715c97e4,CUST-f173365a,2024-06-01,40,1624,406,3
USG-1caef1a0,CUST-f173365a,2024-07-01,44,447,447,6
USG-f4caa353,CUST-f173365a,2024-08-01,49,1968,492,5
USG-93957bee,CUST-f173365a,2024-09-01,47,470,470,2
USG-9aacc687,CUST-f173365a,2024-10-01,46,930,465,9
USG-2864e9e1,CUST-f173365a,2024-11-01,50,1515,505,7
USG-5feb07d9,CUST-f173365a,2024-12-01,43,876,438,9
USG-1cf0d7a5,CUST-f173365a,2025-01-01,42,423,423,3
USG-bdf6da8d,CUST-f173365a,2025-02-01,53,1602,534,6
USG-076b0366,CUST-f173365a,2025-03-01,48,974,487,9
USG-14daddf3,CUST-f173365a,2025-04-01,40,402,402,8
USG-594d992a,CUST-f173365a,2025-05-01,43,1317,439,9
USG-f04d44b9,CUST-f173365a,2025-06-01,38,766,383,7
USG-2a188e58,CUST-f173365a,2025-07-01,39,1173,391,4
USG-d6de5f04,CUST-f173365a,2025-08-01,52,1581,527,7
USG-6838589b,CUST-f173365a,2025-09-01,44,2220,444,5
USG-11cd19bc,CUST-f173365a,2025-10-01,41,1640,410,1
USG-fabe8429,CUST-f173365a,2025-11-01,43,2190,438,1
USG-d87e3719,CUST-f173365a,2025-12-01,50,1521,507,2
USG-73dc412d,CUST-f173365a,2026-01-01,47,2385,477,10
USG-1728f8f4,CUST-f173365a,2026-02-01,52,2630,526,9
USG-652c6d2f,CUST-f173365a,2026-03-01,36,1476,369,6
USG-ac045833,CUST-f173365a,2026-04-01,42,848,424,10
USG-97d259d4,CUST-a6d9fd4c,2025-07-01,38,1146,382,2
USG-f8058646,CUST-a6d9fd4c,2025-08-01,39,1985,397,3
USG-380e7340,CUST-a6d9fd4c,2025-09-01,33,333,333,7
USG-005c1e29,CUST-a6d9fd4c,2025-10-01,41,2075,415,9
USG-49976c19,CUST-a6d9fd4c,2025-11-01,31,620,310,9
USG-83cf1f2a,CUST-a6d9fd4c,2025-12-01,39,1185,395,10
USG-9f350f71,CUST-a6d9fd4c,2026-01-01,35,1408,352,8
USG-2dd1fa58,CUST-a6d9fd4c,2026-02-01,34,1384,346,6
USG-6569b444,CUST-a6d9fd4c,2026-03-01,36,367,367,8
USG-8d9b6523,CUST-a6d9fd4c,2026-04-01,28,861,287,5
USG-9226537c,CUST-33484f42,2026-02-01,39,796,398,5
USG-ce5d7693,CUST-33484f42,2026-03-01,33,1352,338,9
USG-ddddf893,CUST-33484f42,2026-04-01,37,1504,376,2
USG-18f673c7,CUST-ec89e273,2026-01-01,20,1040,208,3
USG-8c8d02f7,CUST-ec89e273,2026-02-01,21,214,214,10
USG-2e50a957,CUST-ec89e273,2026-03-01,1,10,2,1
USG-d8444b79,CUST-ec89e273,2026-04-01,1,12,3,4
USG-1b4464b5,CUST-6f1722db,2026-02-01,18,555,185,4
USG-e4a3f064,CUST-6f1722db,2026-03-01,15,608,152,8
USG-50b80f6f,CUST-6f1722db,2026-04-01,13,137,137,1
USG-7c662a26,CUST-5545121f,2025-11-01,5,168,56,5
USG-89f61f2c,CUST-5545121f,2025-12-01,6,130,65,5
USG-3f3a1489,CUST-5545121f,2026-01-01,6,207,69,4
USG-27e86c91,CUST-5545121f,2026-02-01,7,210,70,9
USG-e8bf6bfd,CUST-5545121f,2026-03-01,6,130,65,6
USG-190bf601,CUST-5545121f,2026-04-01,7,308,77,9
USG-63ae1c9b,CUST-5545121f,2026-05-01,6,183,61,2
USG-115c8262,CUST-610f92e4,2025-10-01,11,464,116,5
USG-7b5b0663,CUST-610f92e4,2025-11-01,10,515,103,6
USG-6ee3d8c6,CUST-610f92e4,2025-12-01,14,426,142,8
USG-55c3d10f,CUST-610f92e4,2026-01-01,10,327,109,3
USG-09956f55,CUST-610f92e4,2026-02-01,11,220,110,9
USG-d26af183,CUST-610f92e4,2026-03-01,11,351,117,6
USG-6e748d13,CUST-610f92e4,2026-04-01,12,630,126,6
USG-c810296b,CUST-fe8919af,2024-05-01,28,849,283,8
USG-7bd3d569,CUST-fe8919af,2024-06-01,24,1215,243,2
USG-bea4d82a,CUST-fe8919af,2024-07-01,27,1092,273,1
USG-286ee579,CUST-fe8919af,2024-08-01,22,1110,222,5
USG-c53c31ff,CUST-fe8919af,2024-09-01,27,271,271,4
USG-87a727d6,CUST-fe8919af,2024-10-01,24,496,248,4
USG-a3f6d67b,CUST-fe8919af,2024-11-01,28,846,282,8
USG-1e507b58,CUST-fe8919af,2024-12-01,20,206,206,8
USG-ee052145,CUST-fe8919af,2025-01-01,21,864,216,10
USG-ead35e21,CUST-fe8919af,2025-02-01,30,1236,309,2
USG-fa880cba,CUST-fe8919af,2025-03-01,23,928,232,10
USG-14e4b41f,CUST-fe8919af,2025-04-01,25,512,256,5
USG-25b1e22a,CUST-fe8919af,2025-05-01,21,657,219,6
USG-47682de1,CUST-fe8919af,2025-06-01,26,265,265,9
USG-abc91ecd,CUST-fe8919af,2025-07-01,27,1116,279,5
USG-b996ee21,CUST-fe8919af,2025-08-01,24,976,244,1
USG-b6777dae,CUST-fe8919af,2025-09-01,21,219,219,4
USG-a7295614,CUST-fe8919af,2025-10-01,26,1076,269,2
USG-b378a13c,CUST-fe8919af,2025-11-01,20,832,208,6
USG-6536d0a6,CUST-fe8919af,2025-12-01,26,269,269,1
USG-f95d4cab,CUST-fe8919af,2026-01-01,28,1136,284,1
USG-3997274d,CUST-fe8919af,2026-02-01,30,1212,303,10
USG-cf29cdfe,CUST-fe8919af,2026-03-01,1,15,5,10
USG-50fedfee,CUST-fe8919af,2026-04-01,1,0,0,9
USG-78d24cbe,CUST-5514854b,2025-01-01,24,498,249,9
USG-7af4eb0c,CUST-5514854b,2025-02-01,21,213,213,7
USG-ac4e3d4f,CUST-5514854b,2025-03-01,26,536,268,2
USG-ec314591,CUST-5514854b,2025-04-01,25,762,254,10
USG-e8d259ca,CUST-5514854b,2025-05-01,25,518,259,9
USG-5a9b57c3,CUST-5514854b,2025-06-01,25,1280,256,7
USG-b2c03021,CUST-5514854b,2025-07-01,22,450,225,6
USG-353e61bf,CUST-5514854b,2025-08-01,27,1108,277,8
USG-4d60e537,CUST-5514854b,2025-09-01,27,831,277,6
USG-74335bf3,CUST-5514854b,2025-10-01,24,1245,249,7
USG-f5efbf81,CUST-5514854b,2025-11-01,18,189,189,8
USG-030122da,CUST-5514854b,2025-12-01,19,980,196,9
USG-928a3fb2,CUST-5514854b,2026-01-01,20,204,204,4
USG-29b9910b,CUST-5514854b,2026-02-01,20,618,206,2
USG-c7841d49,CUST-5514854b,2026-03-01,1,5,1,1
USG-9f064513,CUST-5514854b,2026-04-01,1,0,0,4
USG-c92300d8,CUST-46b1c45c,2025-07-01,3,105,35,3
USG-d264e76d,CUST-46b1c45c,2025-08-01,3,99,33,10
USG-23932887,CUST-46b1c45c,2025-09-01,3,120,30,4
USG-350b5c75,CUST-46b1c45c,2025-10-01,3,155,31,7
USG-2c21bbd6,CUST-46b1c45c,2025-11-01,3,33,33,5
USG-cd7937f5,CUST-46b1c45c,2025-12-01,3,34,34,4
USG-d21fa9e5,CUST-46b1c45c,2026-01-01,3,36,36,1
USG-b36fc4c5,CUST-46b1c45c,2026-02-01,3,78,39,6
USG-08201df9,CUST-46b1c45c,2026-03-01,3,148,37,6
USG-d9c0a2da,CUST-46b1c45c,2026-04-01,3,68,34,7
USG-f07ce953,CUST-2b4efc04,2025-12-01,34,698,349,6
USG-c897fcf7,CUST-2b4efc04,2026-01-01,37,1504,376,4
USG-cdefb840,CUST-2b4efc04,2026-02-01,50,2000,500,10
USG-bb3799b2,CUST-2b4efc04,2026-03-01,1,2,2,3
USG-a0b9223c,CUST-2b4efc04,2026-04-01,1,20,4,7
USG-21df7985,CUST-547054f5,2024-05-01,26,269,269,2
USG-c41b7701,CUST-547054f5,2024-06-01,25,514,257,4
USG-2cab2a71,CUST-547054f5,2024-07-01,25,512,256,2
USG-eb80a85e,CUST-547054f5,2024-08-01,20,414,207,6
USG-e03f7e45,CUST-547054f5,2024-09-01,26,1048,262,2
USG-b8eaba0f,CUST-547054f5,2024-10-01,26,1335,267,8
USG-5f1dc451,CUST-547054f5,2024-11-01,25,1275,255,10
USG-9989c7f7,CUST-547054f5,2024-12-01,25,514,257,6
USG-3d21a5be,CUST-547054f5,2025-01-01,25,771,257,7
USG-99579541,CUST-547054f5,2025-02-01,27,816,272,8
USG-ac6c1eac,CUST-547054f5,2025-03-01,27,813,271,7
USG-7f31ec34,CUST-547054f5,2025-04-01,26,532,266,3
USG-5b403144,CUST-547054f5,2025-05-01,21,651,217,5
USG-da1fac95,CUST-547054f5,2025-06-01,20,209,209,2
USG-4c0a0006,CUST-547054f5,2025-07-01,23,1150,230,6
USG-750a9e4e,CUST-547054f5,2025-08-01,19,764,191,8
USG-098c8adf,CUST-547054f5,2025-09-01,20,200,200,6
USG-247b5320,CUST-547054f5,2025-10-01,19,392,196,9
USG-98ea84a6,CUST-547054f5,2025-11-01,25,1290,258,2
USG-ebb0ce76,CUST-547054f5,2025-12-01,24,492,246,8
USG-3f01be6e,CUST-547054f5,2026-01-01,25,1036,259,9
USG-32fc6460,CUST-547054f5,2026-02-01,21,210,210,9
USG-44d52383,CUST-547054f5,2026-03-01,25,762,254,8
USG-218fe8f0,CUST-547054f5,2026-04-01,26,807,269,7
USG-a69c74c6,CUST-5116ee5c,2024-09-01,30,301,301,2
USG-46006c99,CUST-5116ee5c,2024-10-01,31,1595,319,4
USG-06392eba,CUST-5116ee5c,2024-11-01,31,930,310,5
USG-bb7be719,CUST-5116ee5c,2024-12-01,42,420,420,2
USG-36cf4995,CUST-5116ee5c,2025-01-01,30,616,308,9
USG-e338c7be,CUST-5116ee5c,2025-02-01,31,1244,311,1
USG-aa2c540b,CUST-5116ee5c,2025-03-01,31,1550,310,8
USG-b8141228,CUST-5116ee5c,2025-04-01,40,1624,406,5
USG-bab2e006,CUST-5116ee5c,2025-05-01,34,1392,348,1
USG-90949522,CUST-5116ee5c,2025-06-01,38,385,385,7
USG-870ac4c2,CUST-5116ee5c,2025-07-01,37,1500,375,7
USG-ea90ed5e,CUST-5116ee5c,2025-08-01,29,1485,297,4
USG-24fe9360,CUST-5116ee5c,2025-09-01,39,1564,391,3
USG-28e1a9db,CUST-5116ee5c,2025-10-01,38,1158,386,1
USG-10c0b495,CUST-5116ee5c,2025-11-01,35,1400,350,2
USG-ae4481f3,CUST-5116ee5c,2025-12-01,37,744,372,2
USG-047682d2,CUST-5116ee5c,2026-01-01,35,352,352,5
USG-18b1e5fd,CUST-5116ee5c,2026-02-01,35,1795,359,7
USG-7ade3085,CUST-5116ee5c,2026-03-01,36,1083,361,2
USG-835d4c80,CUST-5116ee5c,2026-04-01,35,1765,353,4
USG-3f18a520,CUST-372b3f0a,2024-07-01,2,56,28,7
USG-3c7a44c7,CUST-372b3f0a,2024-08-01,3,108,36,7
USG-5cb1d6e5,CUST-372b3f0a,2024-09-01,2,112,28,8
USG-f5c1a1f6,CUST-372b3f0a,2024-10-01,2,145,29,10
USG-fd69360e,CUST-372b3f0a,2024-11-01,2,26,26,6
USG-86301a70,CUST-372b3f0a,2024-12-01,3,68,34,10
USG-898a0a39,CUST-372b3f0a,2025-01-01,3,136,34,5
USG-0d66149e,CUST-372b3f0a,2025-02-01,3,175,35,1
USG-2490d44d,CUST-372b3f0a,2025-03-01,3,148,37,1
USG-bba2153a,CUST-372b3f0a,2025-04-01,2,56,28,6
USG-8d5dc7c1,CUST-372b3f0a,2025-05-01,3,36,36,10
USG-48ff63d9,CUST-372b3f0a,2025-06-01,3,31,31,2
USG-015f928f,CUST-372b3f0a,2025-07-01,3,96,32,9
USG-b470c842,CUST-372b3f0a,2025-08-01,3,64,32,7
USG-7b6fdb61,CUST-372b3f0a,2025-09-01,3,76,38,10
USG-1d578457,CUST-372b3f0a,2025-10-01,3,30,30,8
USG-5c1aefa0,CUST-372b3f0a,2025-11-01,2,29,29,6
USG-7572e08d,CUST-372b3f0a,2025-12-01,3,37,37,10
USG-0ce5e9b6,CUST-372b3f0a,2026-01-01,2,112,28,3
USG-ef4ae9e2,CUST-372b3f0a,2026-02-01,3,105,35,3
USG-be7626f6,CUST-372b3f0a,2026-03-01,3,30,30,3
USG-d9408b1d,CUST-372b3f0a,2026-04-01,2,108,27,10
USG-1143a886,CUST-834fe4a1,2025-04-01,45,452,452,9
USG-5363ace0,CUST-834fe4a1,2025-05-01,41,1672,418,6
USG-e91db49b,CUST-834fe4a1,2025-06-01,43,2155,431,1
USG-714a171b,CUST-834fe4a1,2025-07-01,33,1650,330,4
USG-511b9d6a,CUST-834fe4a1,2025-08-01,33,1017,339,9
USG-b8c1c787,CUST-834fe4a1,2025-09-01,34,1720,344,5
USG-57aba1a4,CUST-834fe4a1,2025-10-01,33,1690,338,2
USG-e6ea6fe9,CUST-834fe4a1,2025-11-01,30,927,309,8
USG-696e158a,CUST-834fe4a1,2025-12-01,34,1035,345,2
USG-73e2cf9d,CUST-834fe4a1,2026-01-01,38,1146,382,5
USG-bd2a7f83,CUST-834fe4a1,2026-02-01,36,734,367,6
USG-84ff2309,CUST-834fe4a1,2026-03-01,32,654,327,2
USG-725a5416,CUST-834fe4a1,2026-04-01,35,355,355,3
USG-32b9a881,CUST-e6e99c24,2024-12-01,48,968,484,2
USG-30ebf471,CUST-e6e99c24,2025-01-01,48,1467,489,9
USG-d37eb9ac,CUST-e6e99c24,2025-02-01,56,2805,561,8
USG-ef643e19,CUST-e6e99c24,2025-03-01,48,488,488,4
USG-a0ccb4e2,CUST-e6e99c24,2025-04-01,44,2225,445,8
USG-97d0ca1a,CUST-e6e99c24,2025-05-01,39,1596,399,2
USG-6b8f5a9d,CUST-e6e99c24,2025-06-01,54,543,543,4
USG-8be7b9e6,CUST-e6e99c24,2025-07-01,38,1548,387,9
USG-d27f92d5,CUST-e6e99c24,2025-08-01,46,466,466,10
USG-d06b70d9,CUST-e6e99c24,2025-09-01,43,876,438,5
USG-bdd7703a,CUST-e6e99c24,2025-10-01,55,2216,554,1
USG-6fb4df8f,CUST-e6e99c24,2025-11-01,44,1772,443,5
USG-6bca805b,CUST-e6e99c24,2025-12-01,48,966,483,9
USG-24633422,CUST-e6e99c24,2026-01-01,49,986,493,4
USG-2b17240f,CUST-e6e99c24,2026-02-01,46,2330,466,5
USG-58548b05,CUST-e6e99c24,2026-03-01,1,0,0,8
USG-64e6b46e,CUST-e6e99c24,2026-04-01,1,12,3,8
USG-8fa89706,CUST-144d5d26,2025-11-01,48,483,483,1
USG-9ad8d7d4,CUST-144d5d26,2025-12-01,43,864,432,5
USG-e1000081,CUST-144d5d26,2026-01-01,42,2105,421,8
USG-767de1b2,CUST-144d5d26,2026-02-01,48,968,484,2
USG-3a2af93c,CUST-144d5d26,2026-03-01,1,20,5,4
USG-22a4c3ed,CUST-144d5d26,2026-04-01,1,0,0,4
USG-f64da2bc,CUST-4e056336,2026-01-01,9,360,90,8
USG-f5bf11fd,CUST-4e056336,2026-02-01,9,372,93,5
USG-79340683,CUST-4e056336,2026-03-01,11,357,119,2
USG-f8af54cf,CUST-4e056336,2026-04-01,11,333,111,9
USG-2ee87e4e,CUST-5d9ccf03,2025-02-01,17,177,177,10
USG-64228530,CUST-5d9ccf03,2025-03-01,14,560,140,4
USG-8f82e3f5,CUST-5d9ccf03,2025-04-01,17,870,174,2
USG-e4b63238,CUST-5d9ccf03,2025-05-01,18,732,183,1
USG-68104c71,CUST-5d9ccf03,2025-06-01,17,522,174,3
USG-c1ad5a52,CUST-5d9ccf03,2025-07-01,15,604,151,10
USG-339c3a1a,CUST-5d9ccf03,2025-08-01,17,850,170,6
USG-02479baf,CUST-5d9ccf03,2025-09-01,17,516,172,8
USG-03a1af3b,CUST-5d9ccf03,2025-10-01,14,147,147,2
USG-97f2117e,CUST-5d9ccf03,2025-11-01,12,512,128,10
USG-01886b8c,CUST-5d9ccf03,2025-12-01,15,453,151,8
USG-299f2d0f,CUST-5d9ccf03,2026-01-01,14,432,144,7
USG-3485348e,CUST-5d9ccf03,2026-02-01,14,286,143,9
USG-13ee416f,CUST-5d9ccf03,2026-03-01,15,624,156,3
USG-594c6b02,CUST-5d9ccf03,2026-04-01,13,660,132,4
USG-cd50f7c9,CUST-40ad112c,2026-04-01,16,483,161,1
USG-dfb40c8d,CUST-0e5b5755,2024-10-01,35,350,350,10
USG-ee627420,CUST-0e5b5755,2024-11-01,39,1596,399,9
USG-ce45af91,CUST-0e5b5755,2024-12-01,45,1820,455,1
USG-43f98db7,CUST-0e5b5755,2025-01-01,45,1808,452,10
USG-b405b6ff,CUST-0e5b5755,2025-02-01,43,868,434,7
USG-ad1c7ef9,CUST-0e5b5755,2025-03-01,32,1645,329,3
USG-119314b3,CUST-0e5b5755,2025-04-01,46,2330,466,8
USG-26bb2d57,CUST-0e5b5755,2025-05-01,32,1292,323,8
USG-f0d89133,CUST-0e5b5755,2025-06-01,46,1840,460,10
USG-e99e2afc,CUST-0e5b5755,2025-07-01,37,378,378,4
USG-2933f89c,CUST-0e5b5755,2025-08-01,40,1636,409,3
USG-77274b12,CUST-0e5b5755,2025-09-01,37,1512,378,8
USG-947445ea,CUST-0e5b5755,2025-10-01,41,1648,412,2
USG-a35f20ed,CUST-0e5b5755,2025-11-01,42,425,425,1
USG-ba4b347f,CUST-0e5b5755,2025-12-01,46,938,469,6
USG-c1592999,CUST-0e5b5755,2026-01-01,33,1690,338,10
USG-a7360ecc,CUST-0e5b5755,2026-02-01,38,770,385,1
USG-4f1b8058,CUST-0e5b5755,2026-03-01,38,766,383,5
USG-432ded38,CUST-0e5b5755,2026-04-01,35,700,350,4
USG-c119860c,CUST-dd4251f1,2025-11-01,42,846,423,1
USG-ac602cb6,CUST-dd4251f1,2025-12-01,40,802,401,10
USG-1da5de86,CUST-dd4251f1,2026-01-01,37,744,372,5
USG-d4b8ee3d,CUST-dd4251f1,2026-02-01,32,328,328,7
USG-9a5da951,CUST-dd4251f1,2026-03-01,40,405,405,7
USG-95c33c2e,CUST-dd4251f1,2026-04-01,36,1107,369,4
USG-33a62570,CUST-232711c2,2024-11-01,41,1668,417,10
USG-ba26a699,CUST-232711c2,2024-12-01,33,670,335,4
USG-df1e209c,CUST-232711c2,2025-01-01,33,1675,335,7
USG-ee860b3d,CUST-232711c2,2025-02-01,33,664,332,10
USG-29636415,CUST-232711c2,2025-03-01,33,660,330,9
USG-529c7b8f,CUST-232711c2,2025-04-01,33,1340,335,1
USG-9ed568b0,CUST-232711c2,2025-05-01,29,1164,291,5
USG-7927330a,CUST-232711c2,2025-06-01,32,1610,322,6
USG-5e818c6c,CUST-232711c2,2025-07-01,32,1308,327,6
USG-4a2cc68e,CUST-232711c2,2025-08-01,32,321,321,10
USG-e931f945,CUST-232711c2,2025-09-01,37,1880,376,1
USG-27cd576a,CUST-232711c2,2025-10-01,32,969,323,6
USG-d6ee5178,CUST-232711c2,2025-11-01,42,848,424,9
USG-0d5e5ebb,CUST-232711c2,2025-12-01,40,1203,401,4
USG-44f05d0a,CUST-232711c2,2026-01-01,42,1700,425,5
USG-8308f073,CUST-232711c2,2026-02-01,42,1275,425,6
USG-4985b929,CUST-232711c2,2026-03-01,40,1604,401,9
USG-fe0f3978,CUST-232711c2,2026-04-01,40,1636,409,9
USG-4efece45,CUST-227130fc,2025-06-01,29,1184,296,9
USG-af468c4a,CUST-227130fc,2025-07-01,26,538,269,1
USG-6de2818b,CUST-227130fc,2025-08-01,25,1250,250,3
USG-75bc4bb5,CUST-227130fc,2025-09-01,24,486,243,2
USG-599b8aa0,CUST-227130fc,2025-10-01,32,327,327,2
USG-fb9fdaf0,CUST-227130fc,2025-11-01,29,882,294,9
USG-d7642e30,CUST-227130fc,2025-12-01,26,1076,269,4
USG-b45b05c6,CUST-227130fc,2026-01-01,33,1655,331,3
USG-0bcb95d5,CUST-227130fc,2026-02-01,28,1140,285,10
USG-ce1a2c23,CUST-227130fc,2026-03-01,28,1132,283,3
USG-9ac22d12,CUST-227130fc,2026-04-01,32,1640,328,8
USG-e579d6f6,CUST-0f90ff0d,2025-09-01,12,127,127,5
USG-82ba8116,CUST-0f90ff0d,2025-10-01,12,378,126,10
USG-9fd38fac,CUST-0f90ff0d,2025-11-01,10,424,106,3
USG-b49509ff,CUST-0f90ff0d,2025-12-01,11,116,116,8
USG-67080510,CUST-0f90ff0d,2026-01-01,13,655,131,7
USG-53c7a5d2,CUST-0f90ff0d,2026-02-01,10,104,104,7
USG-5ef0b463,CUST-0f90ff0d,2026-03-01,9,180,90,3
USG-1c2907dd,CUST-0f90ff0d,2026-04-01,11,570,114,1
USG-33f4eb93,CUST-ab3b69a7,2025-07-01,20,603,201,2
USG-4f7580f2,CUST-ab3b69a7,2025-08-01,27,542,271,9
USG-adceeca2,CUST-ab3b69a7,2025-09-01,24,747,249,2
USG-d1bf200e,CUST-ab3b69a7,2025-10-01,21,215,215,3
USG-4516e7c3,CUST-ab3b69a7,2025-11-01,26,269,269,2
USG-acfb432c,CUST-ab3b69a7,2025-12-01,27,1092,273,6
USG-f1c90c1f,CUST-ab3b69a7,2026-01-01,23,690,230,2
USG-fa21565b,CUST-ab3b69a7,2026-02-01,24,1200,240,8
USG-eb27bbc4,CUST-ab3b69a7,2026-03-01,26,262,262,1
USG-5686c3d0,CUST-ab3b69a7,2026-04-01,28,861,287,7
USG-65be9b0a,CUST-021c6b4e,2025-02-01,18,756,189,6
USG-3ca14188,CUST-021c6b4e,2025-03-01,23,235,235,2
USG-be03b345,CUST-021c6b4e,2025-04-01,20,836,209,10
USG-c6ef4e75,CUST-021c6b4e,2025-05-01,21,651,217,3
USG-b433c9e6,CUST-021c6b4e,2025-06-01,25,500,250,7
USG-e2bdbfff,CUST-021c6b4e,2025-07-01,18,910,182,6
USG-67972848,CUST-021c6b4e,2025-08-01,20,1015,203,4
USG-ac2d4084,CUST-021c6b4e,2025-09-01,19,975,195,6
USG-5d5b90c0,CUST-021c6b4e,2025-10-01,22,888,222,3
USG-3e91e7a6,CUST-021c6b4e,2025-11-01,25,1285,257,4
USG-5a337473,CUST-021c6b4e,2025-12-01,21,212,212,7
USG-14d9c18d,CUST-021c6b4e,2026-01-01,18,181,181,5
USG-80bf4e3b,CUST-021c6b4e,2026-02-01,20,1035,207,3
USG-c796f9e1,CUST-021c6b4e,2026-03-01,19,788,197,8
USG-5bd50e19,CUST-021c6b4e,2026-04-01,18,920,184,6
USG-0552ab38,CUST-4d8ee3f9,2026-01-01,28,1435,287,8
USG-fb34eadb,CUST-4d8ee3f9,2026-02-01,21,639,213,1
USG-7bc6ca48,CUST-4d8ee3f9,2026-03-01,1,5,5,10
USG-81a8c018,CUST-4d8ee3f9,2026-04-01,1,12,3,10
USG-3716c971,CUST-2d3d54d1,2025-12-01,52,1054,527,1
USG-df71cc3a,CUST-2d3d54d1,2026-01-01,46,1389,463,2
USG-baa51cd9,CUST-2d3d54d1,2026-02-01,45,455,455,2
USG-ea08f577,CUST-2d3d54d1,2026-03-01,50,1008,504,9
USG-faaf7a5a,CUST-2d3d54d1,2026-04-01,48,1446,482,3
USG-dbf2b573,CUST-93e562c0,2024-12-01,11,232,116,10
USG-1e3c3ecf,CUST-93e562c0,2025-01-01,12,128,128,5
USG-12a6666d,CUST-93e562c0,2025-02-01,13,268,134,8
USG-5d5b7c3c,CUST-93e562c0,2025-03-01,13,675,135,3
USG-098564b5,CUST-93e562c0,2025-04-01,13,135,135,6
USG-978946ae,CUST-93e562c0,2025-05-01,13,396,132,6
USG-bc06aefb,CUST-93e562c0,2025-06-01,14,147,147,7
USG-f9d756fd,CUST-93e562c0,2025-07-01,14,740,148,8
USG-0e3b1474,CUST-93e562c0,2025-08-01,10,545,109,3
USG-d66b9603,CUST-93e562c0,2025-09-01,15,620,155,6
USG-53f94928,CUST-93e562c0,2025-10-01,14,592,148,5
USG-150f2372,CUST-93e562c0,2025-11-01,14,141,141,5
USG-2ace5264,CUST-93e562c0,2025-12-01,15,456,152,9
USG-4045aeb8,CUST-93e562c0,2026-01-01,14,294,147,10
USG-f00b27d2,CUST-93e562c0,2026-02-01,12,504,126,3
USG-afac1c9d,CUST-93e562c0,2026-03-01,1,10,2,2
USG-d903786b,CUST-93e562c0,2026-04-01,1,20,4,4
USG-c593130b,CUST-a3d0789c,2025-10-01,30,903,301,10
USG-5ebb49b5,CUST-a3d0789c,2025-11-01,42,1716,429,8
USG-6ff9fa4d,CUST-a3d0789c,2025-12-01,32,1300,325,8
USG-a99663ac,CUST-a3d0789c,2026-01-01,36,1083,361,5
USG-90cdc24f,CUST-a3d0789c,2026-02-01,31,957,319,4
USG-5bd09ea3,CUST-a3d0789c,2026-03-01,38,1146,382,5
USG-56d46134,CUST-a3d0789c,2026-04-01,38,1524,381,9
USG-46a4603b,CUST-e433dd8c,2025-03-01,22,908,227,6
USG-98455639,CUST-e433dd8c,2025-04-01,26,780,260,7
USG-b2d74e5a,CUST-e433dd8c,2025-05-01,28,867,289,4
USG-f5986c94,CUST-e433dd8c,2025-06-01,30,304,304,3
USG-c517d543,CUST-e433dd8c,2025-07-01,27,1370,274,1
USG-db6db311,CUST-e433dd8c,2025-08-01,29,580,290,5
USG-4c3b08fe,CUST-e433dd8c,2025-09-01,30,308,308,5
USG-6a0e7788,CUST-e433dd8c,2025-10-01,22,892,223,10
USG-ce1f8742,CUST-e433dd8c,2025-11-01,30,301,301,1
USG-62aa6e3c,CUST-e433dd8c,2025-12-01,28,1430,286,5
USG-567600e0,CUST-e433dd8c,2026-01-01,21,211,211,7
USG-b9d9814f,CUST-e433dd8c,2026-02-01,28,1132,283,4
USG-b4f39003,CUST-e433dd8c,2026-03-01,1,12,3,3
USG-b9284e69,CUST-e433dd8c,2026-04-01,1,4,2,7
USG-79e054d2,CUST-cac25f59,2025-07-01,22,440,220,3
USG-3a74e972,CUST-cac25f59,2025-08-01,19,970,194,3
USG-b7c16214,CUST-cac25f59,2025-09-01,23,478,239,7
USG-183d5e61,CUST-cac25f59,2025-10-01,22,456,228,1
USG-d9521a4b,CUST-cac25f59,2025-11-01,21,212,212,5
USG-84a2fecb,CUST-cac25f59,2025-12-01,23,239,239,2
USG-829b6e57,CUST-cac25f59,2026-01-01,21,438,219,8
USG-a20a3e9a,CUST-cac25f59,2026-02-01,18,183,183,8
USG-810531a6,CUST-cac25f59,2026-03-01,1,2,1,7
USG-64aa8a67,CUST-cac25f59,2026-04-01,1,2,2,5
USG-7dcd8ce4,CUST-7286b1ef,2024-11-01,30,927,309,7
USG-6a75a44c,CUST-7286b1ef,2024-12-01,26,268,268,1
USG-aacccd0e,CUST-7286b1ef,2025-01-01,27,1375,275,5
USG-0e73cc5d,CUST-7286b1ef,2025-02-01,22,1105,221,4
USG-33ccaf51,CUST-7286b1ef,2025-03-01,23,693,231,10
USG-3e506676,CUST-7286b1ef,2025-04-01,26,789,263,8
USG-9d12ec89,CUST-7286b1ef,2025-05-01,29,584,292,3
USG-f521af95,CUST-7286b1ef,2025-06-01,26,536,268,6
USG-6dce5a95,CUST-7286b1ef,2025-07-01,27,1092,273,8
USG-162c3697,CUST-7286b1ef,2025-08-01,29,291,291,6
USG-85d23901,CUST-7286b1ef,2025-09-01,23,1170,234,1
USG-bb02c30e,CUST-7286b1ef,2025-10-01,29,582,291,7
USG-54bb1292,CUST-7286b1ef,2025-11-01,28,578,289,5
USG-912e0d61,CUST-7286b1ef,2025-12-01,25,514,257,7
USG-2914660c,CUST-7286b1ef,2026-01-01,24,242,242,4
USG-5f7079d6,CUST-7286b1ef,2026-02-01,22,1115,223,1
USG-2b684a0a,CUST-7286b1ef,2026-03-01,26,268,268,7
USG-28681cd0,CUST-7286b1ef,2026-04-01,24,960,240,7
USG-9980912a,CUST-157aacdf,2025-03-01,5,150,50,5
USG-9faf4b55,CUST-157aacdf,2025-04-01,3,185,37,8
USG-784e932b,CUST-157aacdf,2025-05-01,3,117,39,6
USG-9518db04,CUST-157aacdf,2025-06-01,3,39,39,5
USG-2d57d8d4,CUST-157aacdf,2025-07-01,3,76,38,2
USG-f7195375,CUST-157aacdf,2025-08-01,4,168,42,10
USG-43f0329a,CUST-157aacdf,2025-09-01,3,37,37,7
USG-a742ebbc,CUST-157aacdf,2025-10-01,4,126,42,5
USG-55e8cc4f,CUST-157aacdf,2025-11-01,5,102,51,10
USG-78753730,CUST-157aacdf,2025-12-01,3,76,38,10
USG-6b06ea63,CUST-157aacdf,2026-01-01,4,42,42,5
USG-825cd2ea,CUST-157aacdf,2026-02-01,4,80,40,10
USG-66e31e64,CUST-157aacdf,2026-03-01,5,150,50,3
USG-089621ee,CUST-157aacdf,2026-04-01,4,220,44,4
USG-155d6443,CUST-1e5ed6f6,2026-03-01,1,6,3,4
USG-20e68e11,CUST-1e5ed6f6,2026-04-01,1,4,4,4
USG-e40da311,CUST-7e0a430a,2025-12-01,10,436,109,4
USG-de5ab751,CUST-7e0a430a,2026-01-01,12,246,123,4
USG-779221a3,CUST-7e0a430a,2026-02-01,11,222,111,7
USG-50ef75c9,CUST-7e0a430a,2026-03-01,12,250,125,3
USG-6cdf8d24,CUST-7e0a430a,2026-04-01,12,496,124,5
USG-c1988a97,CUST-a1f72ee9,2024-09-01,2,110,22,6
USG-88aad73b,CUST-a1f72ee9,2024-10-01,1,72,18,3
USG-517e83d1,CUST-a1f72ee9,2024-11-01,1,34,17,6
USG-12bebdba,CUST-a1f72ee9,2024-12-01,1,17,17,7
USG-fc922e9b,CUST-a1f72ee9,2025-01-01,1,34,17,3
USG-9ff76dae,CUST-a1f72ee9,2025-02-01,1,19,19,8
USG-626c58fa,CUST-a1f72ee9,2025-03-01,2,66,22,6
USG-cb55c063,CUST-a1f72ee9,2025-04-01,1,76,19,1
USG-78b74e52,CUST-a1f72ee9,2025-05-01,2,69,23,1
USG-c919a774,CUST-a1f72ee9,2025-06-01,1,38,19,5
USG-164d38b0,CUST-a1f72ee9,2025-07-01,2,96,24,5
USG-24070628,CUST-a1f72ee9,2025-08-01,1,85,17,10
USG-511f0e0b,CUST-a1f72ee9,2025-09-01,1,54,18,2
USG-8eaa41e5,CUST-a1f72ee9,2025-10-01,1,34,17,9
USG-ca08fb09,CUST-a1f72ee9,2025-11-01,2,23,23,8
USG-acee7111,CUST-a1f72ee9,2025-12-01,2,23,23,10
USG-f8945bc7,CUST-a1f72ee9,2026-01-01,1,34,17,6
USG-1ac244d6,CUST-a1f72ee9,2026-02-01,2,72,24,4
USG-51f6604c,CUST-a1f72ee9,2026-03-01,2,66,22,10
USG-865f0600,CUST-a1f72ee9,2026-04-01,2,24,24,10
USG-d3408c40,CUST-2e119609,2024-07-01,43,431,431,6
USG-366011a7,CUST-2e119609,2024-08-01,40,1209,403,6
USG-ff5f4dd0,CUST-2e119609,2024-09-01,37,374,374,7
USG-209e71ff,CUST-2e119609,2024-10-01,36,728,364,3
USG-1888f5f4,CUST-2e119609,2024-11-01,44,886,443,5
USG-9f18e005,CUST-2e119609,2024-12-01,36,361,361,7
USG-c2e654e3,CUST-2e119609,2025-01-01,31,1272,318,3
USG-5651930a,CUST-2e119609,2025-02-01,42,426,426,9
USG-f8397539,CUST-2e119609,2025-03-01,39,1592,398,4
USG-eaae4494,CUST-2e119609,2025-04-01,34,347,347,1
USG-a4b69e7b,CUST-2e119609,2025-05-01,36,368,368,6
USG-3ba9eb5b,CUST-2e119609,2025-06-01,30,612,306,1
USG-c6e83814,CUST-2e119609,2025-07-01,34,1735,347,7
USG-fbd7049a,CUST-2e119609,2025-08-01,37,1125,375,7
USG-672bc8b4,CUST-2e119609,2025-09-01,38,1556,389,2
USG-8bdb1238,CUST-2e119609,2025-10-01,34,690,345,7
USG-e635e640,CUST-2e119609,2025-11-01,30,1515,303,1
USG-7bc6dd7f,CUST-2e119609,2025-12-01,41,2055,411,1
USG-0c938375,CUST-2e119609,2026-01-01,31,316,316,5
USG-61459036,CUST-2e119609,2026-02-01,41,1656,414,2
USG-60cf15c3,CUST-2e119609,2026-03-01,42,854,427,10
USG-05a974bd,CUST-2e119609,2026-04-01,32,1610,322,9
USG-4df95707,CUST-323b2f3d,2024-06-01,27,1360,272,10
USG-59a39962,CUST-323b2f3d,2024-07-01,23,702,234,7
USG-c253b84e,CUST-323b2f3d,2024-08-01,28,1128,282,4
USG-2f940c30,CUST-323b2f3d,2024-09-01,27,271,271,7
USG-def57b0c,CUST-323b2f3d,2024-10-01,31,1260,315,9
USG-13dc860b,CUST-323b2f3d,2024-11-01,29,290,290,9
USG-94c72451,CUST-323b2f3d,2024-12-01,29,897,299,7
USG-087ae305,CUST-323b2f3d,2025-01-01,31,311,311,6
USG-44e3e22a,CUST-323b2f3d,2025-02-01,27,1395,279,7
USG-5229fa65,CUST-323b2f3d,2025-03-01,24,992,248,9
USG-4e7c52eb,CUST-323b2f3d,2025-04-01,26,538,269,7
USG-6186c781,CUST-323b2f3d,2025-05-01,26,1315,263,1
USG-f1e2af7e,CUST-323b2f3d,2025-06-01,21,428,214,8
USG-a2bb7273,CUST-323b2f3d,2025-07-01,22,229,229,9
USG-b5700f15,CUST-323b2f3d,2025-08-01,22,672,224,8
USG-8ec9a5bd,CUST-323b2f3d,2025-09-01,22,458,229,8
USG-d2a0d82a,CUST-323b2f3d,2025-10-01,23,940,235,5
USG-36efc66c,CUST-323b2f3d,2025-11-01,21,1070,214,4
USG-eba5d9db,CUST-323b2f3d,2025-12-01,29,290,290,9
USG-a40d96d6,CUST-323b2f3d,2026-01-01,23,944,236,10
USG-1a01abe7,CUST-323b2f3d,2026-02-01,25,1295,259,10
USG-99e3e5a0,CUST-323b2f3d,2026-03-01,27,1370,274,6
USG-cea96ce6,CUST-323b2f3d,2026-04-01,22,669,223,6
USG-2c86b0bf,CUST-3e707a6b,2025-11-01,16,322,161,7
USG-bd42f775,CUST-3e707a6b,2025-12-01,15,152,152,5
USG-f356a44c,CUST-3e707a6b,2026-01-01,14,444,148,10
USG-d90f09fe,CUST-3e707a6b,2026-02-01,12,504,126,7
USG-8fa47060,CUST-3e707a6b,2026-03-01,15,624,156,8
USG-8812d1e6,CUST-3e707a6b,2026-04-01,14,735,147,6
USG-9db826f4,CUST-910dae2c,2026-04-01,1,3,3,2
USG-59ee9c83,CUST-92162f2d,2026-01-01,20,836,209,1
USG-02da73e8,CUST-92162f2d,2026-02-01,21,1065,213,6
USG-504302e7,CUST-92162f2d,2026-03-01,25,512,256,5
USG-ee711b59,CUST-92162f2d,2026-04-01,20,204,204,9
USG-267c40a7,CUST-8a69a480,2026-01-01,3,156,39,4
USG-6fad7ab3,CUST-8a69a480,2026-02-01,3,70,35,1
USG-d5651506,CUST-8a69a480,2026-03-01,3,72,36,6
USG-836bd709,CUST-8a69a480,2026-04-01,3,102,34,7
USG-7cd9d795,CUST-69b830d2,2025-08-01,19,394,197,4
USG-df9747ff,CUST-69b830d2,2025-09-01,19,792,198,8
USG-d4f6a118,CUST-69b830d2,2025-10-01,20,200,200,4
USG-fc8e95b3,CUST-69b830d2,2025-11-01,15,600,150,9
USG-57acfc76,CUST-69b830d2,2025-12-01,17,885,177,3
USG-115044df,CUST-69b830d2,2026-01-01,20,203,203,6
USG-c0db2427,CUST-69b830d2,2026-02-01,16,652,163,3
USG-5a27bbf3,CUST-69b830d2,2026-03-01,1,0,0,3
USG-1c1e343b,CUST-69b830d2,2026-04-01,1,2,2,3
USG-c0456c3a,CUST-55344ee7,2025-10-01,47,1419,473,6
USG-50a709af,CUST-55344ee7,2025-11-01,46,462,462,6
USG-6ddf926d,CUST-55344ee7,2025-12-01,45,457,457,9
USG-d481054e,CUST-55344ee7,2026-01-01,59,596,596,10
USG-94329886,CUST-55344ee7,2026-02-01,51,2575,515,4
USG-08bf7b45,CUST-55344ee7,2026-03-01,51,2044,511,7
USG-85a741c4,CUST-55344ee7,2026-04-01,52,1048,524,9
USG-fe0eeba5,CUST-6dd6aa56,2026-02-01,26,804,268,7
USG-44064426,CUST-6dd6aa56,2026-03-01,1,0,0,4
USG-21c0f823,CUST-6dd6aa56,2026-04-01,1,0,0,5
USG-5edefe87,CUST-94fd26c5,2026-01-01,13,138,138,1
USG-18ef4914,CUST-94fd26c5,2026-02-01,11,111,111,5
USG-15722d64,CUST-94fd26c5,2026-03-01,12,242,121,10
USG-434a53e5,CUST-94fd26c5,2026-04-01,12,252,126,1
USG-094df908,CUST-43a3669c,2025-08-01,28,843,281,2
USG-e4e0c598,CUST-43a3669c,2025-09-01,25,1270,254,10
USG-8702c829,CUST-43a3669c,2025-10-01,30,1236,309,6
USG-c1a0f56a,CUST-43a3669c,2025-11-01,31,1248,312,7
USG-5fe6400a,CUST-43a3669c,2025-12-01,22,1120,224,8
USG-666ecec4,CUST-43a3669c,2026-01-01,28,843,281,2
USG-3e47c27e,CUST-43a3669c,2026-02-01,26,1052,263,3
USG-7086aa59,CUST-43a3669c,2026-03-01,22,446,223,8
USG-02026109,CUST-43a3669c,2026-04-01,29,1160,290,1
USG-19a25eb4,CUST-e4aececd,2026-01-01,1,20,10,1
USG-b9afb885,CUST-e4aececd,2026-02-01,1,30,10,1
USG-94c966ef,CUST-e4aececd,2026-03-01,1,8,2,8
USG-9d330052,CUST-e4aececd,2026-04-01,1,3,3,3
USG-d8173ce7,CUST-06985569,2026-04-01,16,483,161,9
USG-ba49b02b,CUST-c6ec3702,2024-10-01,32,978,326,2
USG-ce5dc1fa,CUST-c6ec3702,2024-11-01,34,696,348,9
USG-5f02695e,CUST-c6ec3702,2024-12-01,34,343,343,6
USG-c0e1106d,CUST-c6ec3702,2025-01-01,24,984,246,7
USG-cee5e6bc,CUST-c6ec3702,2025-02-01,24,1215,243,2
USG-34400feb,CUST-c6ec3702,2025-03-01,33,678,339,10
USG-9d3c2359,CUST-c6ec3702,2025-04-01,25,1265,253,9
USG-a7121864,CUST-c6ec3702,2025-05-01,27,819,273,8
USG-8e364d48,CUST-c6ec3702,2025-06-01,31,314,314,10
USG-dee2c512,CUST-c6ec3702,2025-07-01,30,608,304,7
USG-c5ecc28e,CUST-c6ec3702,2025-08-01,24,496,248,8
USG-217fbe07,CUST-c6ec3702,2025-09-01,28,852,284,9
USG-1c603e0b,CUST-c6ec3702,2025-10-01,33,1002,334,5
USG-47081491,CUST-c6ec3702,2025-11-01,27,274,274,3
USG-56c0a218,CUST-c6ec3702,2025-12-01,25,771,257,9
USG-5c2a807e,CUST-c6ec3702,2026-01-01,25,1280,256,9
USG-ee55883e,CUST-c6ec3702,2026-02-01,33,676,338,2
USG-fe8977fc,CUST-c6ec3702,2026-03-01,1,4,1,4
USG-79fc2378,CUST-c6ec3702,2026-04-01,1,3,3,5
USG-99a1a1b1,CUST-a0218962,2025-06-01,16,160,160,2
USG-9e8c9fb2,CUST-a0218962,2025-07-01,22,229,229,3
USG-9079db5b,CUST-a0218962,2025-08-01,18,748,187,10
USG-8c6321a6,CUST-a0218962,2025-09-01,22,663,221,2
USG-88520871,CUST-a0218962,2025-10-01,20,410,205,10
USG-9fdbee1f,CUST-a0218962,2025-11-01,18,756,189,2
USG-ad01a2c1,CUST-a0218962,2025-12-01,15,636,159,2
USG-2680f136,CUST-a0218962,2026-01-01,22,1130,226,2
USG-c178903e,CUST-a0218962,2026-02-01,22,1115,223,10
USG-41e18d8a,CUST-a0218962,2026-03-01,1,3,1,7
USG-8708f5c4,CUST-a0218962,2026-04-01,1,25,5,3
USG-1095379b,CUST-5be71367,2025-09-01,42,1708,427,7
USG-343b29c0,CUST-5be71367,2025-10-01,47,950,475,5
USG-d982501b,CUST-5be71367,2025-11-01,38,382,382,4
USG-fc1233c6,CUST-5be71367,2025-12-01,41,1257,419,2
USG-abc94566,CUST-5be71367,2026-01-01,40,407,407,9
USG-d747c1fb,CUST-5be71367,2026-02-01,39,1950,390,2
USG-a5343f69,CUST-5be71367,2026-03-01,1,2,2,6
USG-8fda7ab6,CUST-5be71367,2026-04-01,1,0,0,3
USG-d4bedc31,CUST-c7759aee,2024-10-01,18,720,180,10
USG-69eb2b57,CUST-c7759aee,2024-11-01,18,546,182,5
USG-d13db25e,CUST-c7759aee,2024-12-01,16,835,167,6
USG-544f86e1,CUST-c7759aee,2025-01-01,16,825,165,5
USG-e078c3e4,CUST-c7759aee,2025-02-01,19,760,190,8
USG-c11f172d,CUST-c7759aee,2025-03-01,14,715,143,8
USG-8ec1bb67,CUST-c7759aee,2025-04-01,17,172,172,1
USG-16086867,CUST-c7759aee,2025-05-01,15,450,150,6
USG-8f0791d4,CUST-c7759aee,2025-06-01,18,752,188,5
USG-cd1eb63b,CUST-c7759aee,2025-07-01,15,316,158,3
USG-0b5ddd97,CUST-c7759aee,2025-08-01,16,672,168,10
USG-03c4d82d,CUST-c7759aee,2025-09-01,15,155,155,8
USG-53490fe4,CUST-c7759aee,2025-10-01,18,186,186,4
USG-a08756eb,CUST-c7759aee,2025-11-01,15,604,151,5
USG-d7d6c5b6,CUST-c7759aee,2025-12-01,15,770,154,10
USG-1bc0e8b7,CUST-c7759aee,2026-01-01,19,995,199,8
USG-f49df2ec,CUST-c7759aee,2026-02-01,13,274,137,4
USG-4a9cefd8,CUST-c7759aee,2026-03-01,17,356,178,7
USG-95e14fe0,CUST-c7759aee,2026-04-01,18,935,187,5
USG-d2136090,CUST-691c8730,2025-09-01,4,192,48,5
USG-f8f4649a,CUST-691c8730,2025-10-01,4,180,45,1
USG-f8b1c852,CUST-691c8730,2025-11-01,4,192,48,8
USG-34cfc02c,CUST-691c8730,2025-12-01,5,51,51,9
USG-1687a3b0,CUST-691c8730,2026-01-01,4,180,45,7
USG-d86494c6,CUST-691c8730,2026-02-01,4,49,49,2
USG-6882c74b,CUST-691c8730,2026-03-01,1,0,0,10
USG-f7070438,CUST-691c8730,2026-04-01,1,9,3,5
USG-e55ccae4,CUST-80b10761,2025-01-01,24,486,243,6
USG-d66d9081,CUST-80b10761,2025-02-01,19,194,194,7
USG-3ac70cf4,CUST-80b10761,2025-03-01,25,255,255,1
USG-e9a0ed66,CUST-80b10761,2025-04-01,19,594,198,9
USG-6bf49fa0,CUST-80b10761,2025-05-01,20,1045,209,5
USG-c2f3ba65,CUST-80b10761,2025-06-01,25,1000,250,10
USG-4ecd3fa4,CUST-80b10761,2025-07-01,24,1225,245,5
USG-13fefd73,CUST-80b10761,2025-08-01,21,1090,218,2
USG-83b47220,CUST-80b10761,2025-09-01,21,430,215,7
USG-f27adb46,CUST-80b10761,2025-10-01,24,244,244,1
USG-7718e3ce,CUST-80b10761,2025-11-01,25,1016,254,8
USG-0ca40ef2,CUST-80b10761,2025-12-01,17,174,174,8
USG-d79b508c,CUST-80b10761,2026-01-01,21,432,216,8
USG-b03f600c,CUST-80b10761,2026-02-01,20,603,201,10
USG-944b8b43,CUST-80b10761,2026-03-01,19,382,191,1
USG-61bcca8b,CUST-80b10761,2026-04-01,21,213,213,2
USG-5bc998a6,CUST-bae02249,2025-10-01,56,2240,560,2
USG-9180e0a6,CUST-bae02249,2025-11-01,50,2000,500,1
USG-da48108e,CUST-bae02249,2025-12-01,58,1743,581,10
USG-8da5e3d5,CUST-bae02249,2026-01-01,39,393,393,5
USG-05ca5c19,CUST-bae02249,2026-02-01,44,444,444,6
USG-52b99243,CUST-bae02249,2026-03-01,45,2265,453,7
USG-f8d981a1,CUST-bae02249,2026-04-01,47,950,475,4
USG-162abedc,CUST-578cba9f,2024-10-01,13,685,137,5
USG-08bed7f7,CUST-578cba9f,2024-11-01,13,548,137,6
USG-95ec8774,CUST-578cba9f,2024-12-01,12,244,122,4
USG-fa338253,CUST-578cba9f,2025-01-01,13,132,132,8
USG-6f7fc81b,CUST-578cba9f,2025-02-01,14,143,143,4
USG-785acc23,CUST-578cba9f,2025-03-01,14,420,140,4
USG-e2b81363,CUST-578cba9f,2025-04-01,14,149,149,5
USG-f6f42a46,CUST-578cba9f,2025-05-01,13,675,135,10
USG-22602540,CUST-578cba9f,2025-06-01,11,448,112,6
USG-e0f2446b,CUST-578cba9f,2025-07-01,11,456,114,2
USG-b44c4a08,CUST-578cba9f,2025-08-01,15,760,152,8
USG-29135943,CUST-578cba9f,2025-09-01,13,544,136,4
USG-b7a75575,CUST-578cba9f,2025-10-01,10,432,108,4
USG-12813b8e,CUST-578cba9f,2025-11-01,15,456,152,7
USG-e806b859,CUST-578cba9f,2025-12-01,13,278,139,5
USG-208e710c,CUST-578cba9f,2026-01-01,12,258,129,4
USG-26b130f2,CUST-578cba9f,2026-02-01,14,720,144,6
USG-f935d708,CUST-578cba9f,2026-03-01,1,16,4,6
USG-48408003,CUST-578cba9f,2026-04-01,1,10,5,10
USG-a0046726,CUST-982c58f8,2026-04-01,10,400,100,9
USG-a30c1982,CUST-77266baf,2024-07-01,25,771,257,2
USG-95877065,CUST-77266baf,2024-08-01,28,578,289,5
USG-fab85d67,CUST-77266baf,2024-09-01,24,249,249,8
USG-de69b88d,CUST-77266baf,2024-10-01,28,1128,282,8
USG-185d5ce0,CUST-77266baf,2024-11-01,28,1136,284,1
USG-b619885a,CUST-77266baf,2024-12-01,22,1140,228,2
USG-7636cecd,CUST-77266baf,2025-01-01,23,478,239,6
USG-98553fb2,CUST-77266baf,2025-02-01,23,476,238,2
USG-b474dee3,CUST-77266baf,2025-03-01,27,278,278,7
USG-2ce2ab66,CUST-77266baf,2025-04-01,20,206,206,7
USG-c1aa5a42,CUST-77266baf,2025-05-01,26,1305,261,9
USG-57666d8a,CUST-77266baf,2025-06-01,25,756,252,5
USG-37ba0d37,CUST-77266baf,2025-07-01,23,924,231,4
USG-2423cfca,CUST-77266baf,2025-08-01,27,1360,272,10
USG-8e3d651a,CUST-77266baf,2025-09-01,23,236,236,5
USG-771c698e,CUST-77266baf,2025-10-01,25,771,257,6
USG-26f7dbb0,CUST-77266baf,2025-11-01,24,480,240,10
USG-a44e3d55,CUST-77266baf,2025-12-01,26,789,263,3
USG-1b6bfcc3,CUST-77266baf,2026-01-01,23,239,239,9
USG-f8e43316,CUST-77266baf,2026-02-01,28,1156,289,10
USG-4d40a15a,CUST-77266baf,2026-03-01,1,3,1,6
USG-436c2307,CUST-77266baf,2026-04-01,1,5,1,1
USG-c4e09158,CUST-046c76ba,2025-01-01,14,288,144,7
USG-921ee85c,CUST-046c76ba,2025-02-01,21,212,212,1
USG-b9df3743,CUST-046c76ba,2025-03-01,18,189,189,1
USG-51b6ce02,CUST-046c76ba,2025-04-01,14,444,148,7
USG-c176e425,CUST-046c76ba,2025-05-01,14,147,147,10
USG-47a766ca,CUST-046c76ba,2025-06-01,17,875,175,5
USG-487185e2,CUST-046c76ba,2025-07-01,19,990,198,9
USG-104a25ef,CUST-046c76ba,2025-08-01,14,148,148,4
USG-63877e80,CUST-046c76ba,2025-09-01,14,710,142,9
USG-82fa5d0b,CUST-046c76ba,2025-10-01,15,304,152,9
USG-abbabfd4,CUST-046c76ba,2025-11-01,20,812,203,10
USG-cf75fc8d,CUST-046c76ba,2025-12-01,18,930,186,7
USG-9ea9f92b,CUST-046c76ba,2026-01-01,17,352,176,4
USG-3ec99630,CUST-046c76ba,2026-02-01,14,441,147,5
USG-26dfdeb2,CUST-046c76ba,2026-03-01,1,4,4,8
USG-95c921f1,CUST-046c76ba,2026-04-01,1,20,5,4
USG-4f015f29,CUST-4f63ae8b,2025-03-01,39,1188,396,6
USG-b56cf3eb,CUST-4f63ae8b,2025-04-01,36,360,360,10
USG-2e1fe173,CUST-4f63ae8b,2025-05-01,28,283,283,9
USG-35c81f01,CUST-4f63ae8b,2025-06-01,33,674,337,1
USG-31e30604,CUST-4f63ae8b,2025-07-01,31,319,319,9
USG-4e7627df,CUST-4f63ae8b,2025-08-01,36,1444,361,5
USG-af9fe689,CUST-4f63ae8b,2025-09-01,28,1120,280,2
USG-14893430,CUST-4f63ae8b,2025-10-01,34,698,349,1
USG-bf47f93b,CUST-4f63ae8b,2025-11-01,28,1140,285,5
USG-72e2441d,CUST-4f63ae8b,2025-12-01,36,1464,366,10
USG-91d4953c,CUST-4f63ae8b,2026-01-01,29,1480,296,4
USG-b8cbb86c,CUST-4f63ae8b,2026-02-01,30,1530,306,10
USG-dd78a5f0,CUST-4f63ae8b,2026-03-01,1,0,0,8
USG-52f50ed1,CUST-4f63ae8b,2026-04-01,1,9,3,1
USG-3cc5ed8f,CUST-0d0c0eaa,2025-08-01,39,786,393,10
USG-31393943,CUST-0d0c0eaa,2025-09-01,46,2335,467,4
USG-6122f3c7,CUST-0d0c0eaa,2025-10-01,46,1395,465,3
USG-3bf5fe3d,CUST-0d0c0eaa,2025-11-01,48,2440,488,3
USG-65787fee,CUST-0d0c0eaa,2025-12-01,50,2020,505,8
USG-7905a97a,CUST-0d0c0eaa,2026-01-01,51,1020,510,7
USG-49e26295,CUST-0d0c0eaa,2026-02-01,50,1010,505,8
USG-4339db84,CUST-0d0c0eaa,2026-03-01,45,2260,452,10
USG-16e09ce1,CUST-0d0c0eaa,2026-04-01,44,898,449,3
USG-a1d16f73,CUST-36c8860d,2025-08-01,14,740,148,7
USG-dee293f8,CUST-36c8860d,2025-09-01,18,561,187,5
USG-72d1e583,CUST-36c8860d,2025-10-01,18,546,182,4
USG-37bae3e5,CUST-36c8860d,2025-11-01,19,760,190,9
USG-5505db8e,CUST-36c8860d,2025-12-01,16,165,165,2
USG-d7260310,CUST-36c8860d,2026-01-01,14,282,141,4
USG-8a56908c,CUST-36c8860d,2026-02-01,13,417,139,1
USG-4a2bfca6,CUST-36c8860d,2026-03-01,1,20,4,1
USG-b2ebf5c1,CUST-36c8860d,2026-04-01,1,10,2,8
USG-f26f76b5,CUST-a20ed4e4,2025-04-01,21,636,212,6
USG-3ef0fb4a,CUST-a20ed4e4,2025-05-01,27,1375,275,1
USG-77e27c98,CUST-a20ed4e4,2025-06-01,28,1128,282,3
USG-42bb1bb9,CUST-a20ed4e4,2025-07-01,28,1415,283,8
USG-bb43eebc,CUST-a20ed4e4,2025-08-01,29,298,298,3
USG-9675ad95,CUST-a20ed4e4,2025-09-01,29,1490,298,2
USG-8951de48,CUST-a20ed4e4,2025-10-01,27,274,274,5
USG-e166588b,CUST-a20ed4e4,2025-11-01,30,602,301,8
USG-82639789,CUST-a20ed4e4,2025-12-01,22,884,221,3
USG-bfb96f4a,CUST-a20ed4e4,2026-01-01,29,1176,294,7
USG-b2f72b29,CUST-a20ed4e4,2026-02-01,27,554,277,3
USG-8861ea46,CUST-a20ed4e4,2026-03-01,22,1115,223,5
USG-87f3cd7b,CUST-a20ed4e4,2026-04-01,21,211,211,3
USG-bf7a7226,CUST-8b965eeb,2025-05-01,30,1520,304,10
USG-aa412904,CUST-8b965eeb,2025-06-01,33,1344,336,8
USG-c5393fd4,CUST-8b965eeb,2025-07-01,36,1452,363,10
USG-a4605863,CUST-8b965eeb,2025-08-01,28,864,288,8
USG-f8257019,CUST-8b965eeb,2025-09-01,37,1122,374,6
USG-1feee2e4,CUST-8b965eeb,2025-10-01,27,542,271,5
USG-fcd418aa,CUST-8b965eeb,2025-11-01,35,1068,356,2
USG-b89456e4,CUST-8b965eeb,2025-12-01,27,1088,272,4
USG-56e6bdad,CUST-8b965eeb,2026-01-01,39,1564,391,1
USG-b3b67cdf,CUST-8b965eeb,2026-02-01,29,1455,291,7
USG-3cf04577,CUST-8b965eeb,2026-03-01,1,3,1,7
USG-81c20428,CUST-8b965eeb,2026-04-01,1,20,5,7
USG-bed4bcfd,CUST-46ddaab4,2025-02-01,5,159,53,9
USG-209fd7c6,CUST-46ddaab4,2025-03-01,5,114,57,4
USG-cb1e6804,CUST-46ddaab4,2025-04-01,5,55,55,9
USG-2b0d8763,CUST-46ddaab4,2025-05-01,5,204,51,4
USG-1c2d481d,CUST-46ddaab4,2025-06-01,5,255,51,3
USG-87506e3d,CUST-46ddaab4,2025-07-01,6,128,64,5
USG-c01f4c09,CUST-46ddaab4,2025-08-01,7,375,75,3
USG-929205c7,CUST-46ddaab4,2025-09-01,6,126,63,3
USG-a3ed6220,CUST-46ddaab4,2025-10-01,7,70,70,8
USG-0a2fb000,CUST-46ddaab4,2025-11-01,6,335,67,9
USG-f130187c,CUST-46ddaab4,2025-12-01,5,110,55,8
USG-cf81d360,CUST-46ddaab4,2026-01-01,5,224,56,6
USG-fc8f7d16,CUST-46ddaab4,2026-02-01,6,207,69,9
USG-7a699e58,CUST-46ddaab4,2026-03-01,5,118,59,1
USG-21486c32,CUST-46ddaab4,2026-04-01,6,62,62,2
USG-5966d70e,CUST-cd0178e3,2024-07-01,31,318,318,9
USG-a283ce66,CUST-cd0178e3,2024-08-01,29,1490,298,8
USG-3e6e2f6c,CUST-cd0178e3,2024-09-01,29,292,292,7
USG-64abc679,CUST-cd0178e3,2024-10-01,34,696,348,8
USG-148c4288,CUST-cd0178e3,2024-11-01,33,1356,339,4
USG-ff810615,CUST-cd0178e3,2024-12-01,34,1023,341,2
USG-f61e0f73,CUST-cd0178e3,2025-01-01,28,840,280,6
USG-95063122,CUST-cd0178e3,2025-02-01,30,303,303,1
USG-306fc6f1,CUST-cd0178e3,2025-03-01,38,384,384,1
USG-b14b53bb,CUST-cd0178e3,2025-04-01,32,1630,326,5
USG-231b35fe,CUST-cd0178e3,2025-05-01,34,1047,349,3
USG-6c8620ea,CUST-cd0178e3,2025-06-01,27,552,276,4
USG-80f14e02,CUST-cd0178e3,2025-07-01,34,349,349,4
USG-2136814d,CUST-cd0178e3,2025-08-01,31,1256,314,3
USG-7849a723,CUST-cd0178e3,2025-09-01,27,828,276,1
USG-81341bda,CUST-cd0178e3,2025-10-01,27,1395,279,4
USG-11860ede,CUST-cd0178e3,2025-11-01,26,520,260,5
USG-ef105c7c,CUST-cd0178e3,2025-12-01,34,1044,348,4
USG-a5f8d4cb,CUST-cd0178e3,2026-01-01,38,1167,389,4
USG-640ab01d,CUST-cd0178e3,2026-02-01,33,1336,334,10
USG-feb568c9,CUST-cd0178e3,2026-03-01,27,1390,278,1
USG-cff0500c,CUST-cd0178e3,2026-04-01,37,372,372,7
USG-6fbb2c01,CUST-95d66ef8,2025-09-01,35,357,357,7
USG-7fa56f4f,CUST-95d66ef8,2025-10-01,42,1692,423,10
USG-0bf70461,CUST-95d66ef8,2025-11-01,35,1775,355,8
USG-08a66986,CUST-95d66ef8,2025-12-01,40,1218,406,1
USG-e394838f,CUST-95d66ef8,2026-01-01,33,335,335,5
USG-9c4aa979,CUST-95d66ef8,2026-02-01,35,1062,354,2
USG-a7c4b55a,CUST-95d66ef8,2026-03-01,43,1756,439,2
USG-1d532fd4,CUST-95d66ef8,2026-04-01,36,1089,363,10
USG-1294c92e,CUST-89b542f1,2024-08-01,19,990,198,5
USG-0e3e3b02,CUST-89b542f1,2024-09-01,22,678,226,9
USG-16440362,CUST-89b542f1,2024-10-01,20,600,200,2
USG-2b1ad922,CUST-89b542f1,2024-11-01,24,735,245,3
USG-1d700973,CUST-89b542f1,2024-12-01,25,1016,254,3
USG-fb2b97c3,CUST-89b542f1,2025-01-01,24,1240,248,3
USG-8ec10ad5,CUST-89b542f1,2025-02-01,22,226,226,6
USG-6b6bb607,CUST-89b542f1,2025-03-01,19,198,198,10
USG-1ad7dc3b,CUST-89b542f1,2025-04-01,29,1168,292,10
USG-4bd6f63e,CUST-89b542f1,2025-05-01,25,1016,254,2
USG-d9d5d1d0,CUST-89b542f1,2025-06-01,26,538,269,2
USG-4e73c5f1,CUST-89b542f1,2025-07-01,23,460,230,6
USG-932d1828,CUST-89b542f1,2025-08-01,23,468,234,3
USG-08afdcf6,CUST-89b542f1,2025-09-01,21,1050,210,1
USG-207d122c,CUST-89b542f1,2025-10-01,22,1145,229,4
USG-37787be4,CUST-89b542f1,2025-11-01,29,1176,294,5
USG-5be31e92,CUST-89b542f1,2025-12-01,22,660,220,1
USG-d527621f,CUST-89b542f1,2026-01-01,29,873,291,8
USG-201174bb,CUST-89b542f1,2026-02-01,29,590,295,6
USG-95653556,CUST-89b542f1,2026-03-01,27,542,271,10
USG-d6c5423c,CUST-89b542f1,2026-04-01,23,233,233,2
USG-77dc2f9a,CUST-356f57f1,2026-04-01,8,160,80,6
USG-9207fab9,CUST-356f57f1,2026-05-01,6,256,64,3
USG-d1ecdbe3,CUST-ca3a43b8,2026-04-01,1,15,3,9
USG-5a484a19,CUST-8af1640a,2024-05-01,24,248,248,4
USG-97fea5e3,CUST-8af1640a,2024-06-01,23,948,237,5
USG-67f906df,CUST-8af1640a,2024-07-01,28,288,288,4
USG-7327062c,CUST-8af1640a,2024-08-01,23,690,230,9
USG-c56ae3f0,CUST-8af1640a,2024-09-01,32,1645,329,1
USG-36bceba0,CUST-8af1640a,2024-10-01,30,1540,308,8
USG-27cd68ed,CUST-8af1640a,2024-11-01,24,1205,241,7
USG-1f130b54,CUST-8af1640a,2024-12-01,23,705,235,3
USG-8dded5ce,CUST-8af1640a,2025-01-01,24,496,248,6
USG-38dad395,CUST-8af1640a,2025-02-01,33,1011,337,5
USG-72dfe3c3,CUST-8af1640a,2025-03-01,30,909,303,10
USG-941a855b,CUST-8af1640a,2025-04-01,32,328,328,6
USG-ee44ffc8,CUST-8af1640a,2025-05-01,31,933,311,10
USG-9b46769e,CUST-8af1640a,2025-06-01,27,822,274,8
USG-d4c8062f,CUST-8af1640a,2025-07-01,28,1420,284,2
USG-c80c3c45,CUST-8af1640a,2025-08-01,24,480,240,8
USG-97a85e2b,CUST-8af1640a,2025-09-01,34,1700,340,4
USG-a5b9ba36,CUST-8af1640a,2025-10-01,23,690,230,6
USG-5503cbce,CUST-8af1640a,2025-11-01,28,562,281,8
USG-cc49ef31,CUST-8af1640a,2025-12-01,32,981,327,2
USG-562059c7,CUST-8af1640a,2026-01-01,23,952,238,1
USG-dc99aeda,CUST-8af1640a,2026-02-01,29,870,290,9
USG-92de6e79,CUST-8af1640a,2026-03-01,29,293,293,2
USG-1b138d1f,CUST-8af1640a,2026-04-01,32,656,328,3
USG-02d97774,CUST-87a46ba9,2025-01-01,7,152,76,7
USG-c8a68e25,CUST-87a46ba9,2025-02-01,7,370,74,7
USG-ef736723,CUST-87a46ba9,2025-03-01,5,280,56,4
USG-21bfb088,CUST-87a46ba9,2025-04-01,6,248,62,2
USG-48898897,CUST-87a46ba9,2025-05-01,5,290,58,10
USG-595b9e97,CUST-87a46ba9,2025-06-01,7,395,79,10
USG-8d7fb3d1,CUST-87a46ba9,2025-07-01,7,75,75,8
USG-7f9f80fd,CUST-87a46ba9,2025-08-01,6,62,62,2
USG-acda0167,CUST-87a46ba9,2025-09-01,7,375,75,10
USG-a0309331,CUST-87a46ba9,2025-10-01,7,304,76,10
USG-c2ab86df,CUST-87a46ba9,2025-11-01,7,395,79,3
USG-6536cbfa,CUST-87a46ba9,2025-12-01,6,204,68,7
USG-b038fa5e,CUST-87a46ba9,2026-01-01,8,162,81,4
USG-5f1e5866,CUST-87a46ba9,2026-02-01,6,276,69,9
USG-b810f291,CUST-87a46ba9,2026-03-01,7,237,79,3
USG-f59dc0dd,CUST-87a46ba9,2026-04-01,6,345,69,10
USG-6e0c2b20,CUST-7ea177e7,2025-11-01,26,260,260,9
USG-75a21c67,CUST-7ea177e7,2025-12-01,30,903,301,4
USG-64663a3c,CUST-7ea177e7,2026-01-01,32,1292,323,7
USG-95123f8b,CUST-7ea177e7,2026-02-01,29,293,293,10
USG-07177edb,CUST-7ea177e7,2026-03-01,21,218,218,8
USG-f586eabe,CUST-7ea177e7,2026-04-01,24,1215,243,5
USG-4cfa2669,CUST-3d5f5dfb,2025-04-01,33,1675,335,5
USG-f7a78fdd,CUST-3d5f5dfb,2025-05-01,36,1083,361,8
USG-280efdac,CUST-3d5f5dfb,2025-06-01,34,1044,348,5
USG-1ecb9965,CUST-3d5f5dfb,2025-07-01,29,296,296,8
USG-f6db9469,CUST-3d5f5dfb,2025-08-01,31,624,312,7
USG-a8a1d48d,CUST-3d5f5dfb,2025-09-01,27,831,277,5
USG-98aee628,CUST-3d5f5dfb,2025-10-01,34,1035,345,8
USG-1136a498,CUST-3d5f5dfb,2025-11-01,36,1835,367,2
USG-a0ab98ae,CUST-3d5f5dfb,2025-12-01,34,349,349,5
USG-8f630603,CUST-3d5f5dfb,2026-01-01,29,1460,292,9
USG-6ad86694,CUST-3d5f5dfb,2026-02-01,28,1435,287,9
USG-65f57579,CUST-3d5f5dfb,2026-03-01,30,1510,302,1
USG-e637758a,CUST-3d5f5dfb,2026-04-01,32,1600,320,10
USG-37d870a1,CUST-a3c5921b,2024-08-01,21,648,216,8
USG-ca531402,CUST-a3c5921b,2024-09-01,22,458,229,8
USG-28e7c673,CUST-a3c5921b,2024-10-01,21,1065,213,2
USG-1ec9b2c2,CUST-a3c5921b,2024-11-01,21,1085,217,5
USG-89bfc095,CUST-a3c5921b,2024-12-01,27,548,274,5
USG-e079ceb0,CUST-a3c5921b,2025-01-01,24,980,245,4
USG-ade4069b,CUST-a3c5921b,2025-02-01,18,752,188,2
USG-0584bcb2,CUST-a3c5921b,2025-03-01,25,1028,257,8
USG-fc9295c2,CUST-a3c5921b,2025-04-01,27,270,270,4
USG-c7d676de,CUST-a3c5921b,2025-05-01,21,212,212,1
USG-dfa87ab4,CUST-a3c5921b,2025-06-01,22,1140,228,4
USG-571b2b83,CUST-a3c5921b,2025-07-01,21,436,218,3
USG-732e0375,CUST-a3c5921b,2025-08-01,20,1000,200,6
USG-64f6eb7c,CUST-a3c5921b,2025-09-01,20,418,209,4
USG-b04158d4,CUST-a3c5921b,2025-10-01,22,1100,220,10
USG-dec18ee7,CUST-a3c5921b,2025-11-01,21,1070,214,6
USG-5fb955ba,CUST-a3c5921b,2025-12-01,24,245,245,3
USG-c0f3037f,CUST-a3c5921b,2026-01-01,20,406,203,7
USG-ef5aa955,CUST-a3c5921b,2026-02-01,21,424,212,8
USG-36484720,CUST-a3c5921b,2026-03-01,20,612,204,2
USG-8b4d4100,CUST-a3c5921b,2026-04-01,20,836,209,3
USG-821a20f7,CUST-7569f702,2024-06-01,14,149,149,4
USG-d60cadd8,CUST-7569f702,2024-07-01,12,246,123,4
USG-046c2e58,CUST-7569f702,2024-08-01,13,520,130,2
USG-ce59dd3a,CUST-7569f702,2024-09-01,13,660,132,6
USG-3e5ccec0,CUST-7569f702,2024-10-01,16,830,166,4
USG-b471e922,CUST-7569f702,2024-11-01,15,468,156,6
USG-9a8be36f,CUST-7569f702,2024-12-01,13,540,135,1
USG-71546c94,CUST-7569f702,2025-01-01,16,334,167,1
USG-3bc020aa,CUST-7569f702,2025-02-01,11,117,117,8
USG-310e3a20,CUST-7569f702,2025-03-01,12,258,129,7
USG-a5bd53a7,CUST-7569f702,2025-04-01,17,513,171,6
USG-13ed9fca,CUST-7569f702,2025-05-01,14,588,147,7
USG-55bba6ed,CUST-7569f702,2025-06-01,12,242,121,2
USG-8c517f3a,CUST-7569f702,2025-07-01,14,292,146,10
USG-f585824d,CUST-7569f702,2025-08-01,12,240,120,8
USG-b9c1715f,CUST-7569f702,2025-09-01,15,154,154,7
USG-6cc0526c,CUST-7569f702,2025-10-01,13,532,133,7
USG-819b4e9e,CUST-7569f702,2025-11-01,12,242,121,3
USG-8f7c7eb2,CUST-7569f702,2025-12-01,16,825,165,4
USG-24df8bd4,CUST-7569f702,2026-01-01,15,152,152,6
USG-4a285408,CUST-7569f702,2026-02-01,13,411,137,7
USG-1cbe9582,CUST-7569f702,2026-03-01,14,441,147,4
USG-ce196224,CUST-7569f702,2026-04-01,15,459,153,6
USG-cce36632,CUST-43e0b0e0,2025-07-01,18,552,184,10
USG-09a7842d,CUST-43e0b0e0,2025-08-01,18,370,185,7
USG-02a44e99,CUST-43e0b0e0,2025-09-01,17,528,176,7
USG-dcf40323,CUST-43e0b0e0,2025-10-01,15,636,159,8
USG-75af0b43,CUST-43e0b0e0,2025-11-01,22,1100,220,5
USG-60997971,CUST-43e0b0e0,2025-12-01,23,464,232,4
USG-ebe6bb04,CUST-43e0b0e0,2026-01-01,21,840,210,7
USG-cc555738,CUST-43e0b0e0,2026-02-01,22,454,227,10
USG-a6d23ef5,CUST-43e0b0e0,2026-03-01,21,216,216,5
USG-3b6ed523,CUST-43e0b0e0,2026-04-01,21,852,213,1
USG-0e495e99,CUST-3895484d,2025-06-01,2,48,24,7
USG-f9a1ed0a,CUST-3895484d,2025-07-01,2,48,24,7
USG-b085a5b7,CUST-3895484d,2025-08-01,2,135,27,1
USG-e8f3ae2f,CUST-3895484d,2025-09-01,2,40,20,3
USG-bd2160a0,CUST-3895484d,2025-10-01,1,76,19,6
USG-17613fe2,CUST-3895484d,2025-11-01,2,28,28,7
USG-9a94a503,CUST-3895484d,2025-12-01,2,100,20,1
USG-59d10cec,CUST-3895484d,2026-01-01,2,92,23,1
USG-60696762,CUST-3895484d,2026-02-01,2,28,28,6
USG-1bc54fd7,CUST-3895484d,2026-03-01,2,50,25,1
USG-306f68c0,CUST-3895484d,2026-04-01,1,95,19,4
USG-49ead9c7,CUST-c377a12c,2024-07-01,12,128,128,8
USG-109c983f,CUST-c377a12c,2024-08-01,13,540,135,3
USG-e4c68f45,CUST-c377a12c,2024-09-01,16,644,161,3
USG-4220a453,CUST-c377a12c,2024-10-01,15,755,151,4
USG-e76ed69d,CUST-c377a12c,2024-11-01,14,298,149,10
USG-46165cda,CUST-c377a12c,2024-12-01,15,152,152,10
USG-ffad8cd8,CUST-c377a12c,2025-01-01,11,476,119,10
USG-9792dab2,CUST-c377a12c,2025-02-01,11,119,119,6
USG-945604d5,CUST-c377a12c,2025-03-01,12,492,123,2
USG-49e499a1,CUST-c377a12c,2025-04-01,12,480,120,1
USG-3423e3cb,CUST-c377a12c,2025-05-01,15,795,159,3
USG-21565db7,CUST-c377a12c,2025-06-01,16,800,160,4
USG-aa7b5927,CUST-c377a12c,2025-07-01,14,588,147,5
USG-a87573c1,CUST-c377a12c,2025-08-01,12,121,121,6
USG-8360c2e3,CUST-c377a12c,2025-09-01,12,635,127,6
USG-1a975baa,CUST-c377a12c,2025-10-01,13,690,138,9
USG-1b494a27,CUST-c377a12c,2025-11-01,16,320,160,9
USG-f767c851,CUST-c377a12c,2025-12-01,16,163,163,7
USG-0ba2420c,CUST-c377a12c,2026-01-01,12,242,121,9
USG-7a2e0f88,CUST-c377a12c,2026-02-01,15,157,157,2
USG-57e7cbc6,CUST-c377a12c,2026-03-01,16,330,165,7
USG-624d5b5d,CUST-c377a12c,2026-04-01,16,825,165,1
USG-11f43447,CUST-94d2681a,2026-04-01,43,1724,431,7
USG-8aa0491a,CUST-c4e87f2f,2025-10-01,19,591,197,3
USG-716f1b40,CUST-c4e87f2f,2025-11-01,21,645,215,8
USG-8555633d,CUST-c4e87f2f,2025-12-01,18,945,189,7
USG-d23ba6fc,CUST-c4e87f2f,2026-01-01,22,222,222,7
USG-bbe94b57,CUST-c4e87f2f,2026-02-01,22,681,227,8
USG-36642e4d,CUST-c4e87f2f,2026-03-01,16,507,169,6
USG-4a4fddbc,CUST-c4e87f2f,2026-04-01,17,684,171,4
USG-59cbb97a,CUST-161ee4c5,2024-11-01,24,735,245,8
USG-8551502c,CUST-161ee4c5,2024-12-01,24,1200,240,5
USG-d16b6f48,CUST-161ee4c5,2025-01-01,19,194,194,10
USG-acc871ac,CUST-161ee4c5,2025-02-01,21,657,219,8
USG-a1f1a60f,CUST-161ee4c5,2025-03-01,23,237,237,7
USG-8deb06e0,CUST-161ee4c5,2025-04-01,20,1005,201,9
USG-1580b4d1,CUST-161ee4c5,2025-05-01,24,964,241,3
USG-89140c32,CUST-161ee4c5,2025-06-01,24,490,245,7
USG-575bda56,CUST-161ee4c5,2025-07-01,24,1215,243,3
USG-84aa74f0,CUST-161ee4c5,2025-08-01,24,484,242,7
USG-77806d9a,CUST-161ee4c5,2025-09-01,25,259,259,7
USG-4cb7f089,CUST-161ee4c5,2025-10-01,21,868,217,1
USG-71e517a2,CUST-161ee4c5,2025-11-01,19,384,192,8
USG-422315d1,CUST-161ee4c5,2025-12-01,19,995,199,7
USG-064a541e,CUST-161ee4c5,2026-01-01,19,784,196,7
USG-41921334,CUST-161ee4c5,2026-02-01,24,245,245,4
USG-46a9a6ac,CUST-161ee4c5,2026-03-01,1,0,0,7
USG-6bc5810f,CUST-161ee4c5,2026-04-01,1,8,2,10
USG-0e0cf459,CUST-57df11ea,2025-07-01,41,415,415,3
USG-100ce7af,CUST-57df11ea,2025-08-01,43,2165,433,4
USG-d00175f0,CUST-57df11ea,2025-09-01,50,1016,508,5
USG-411729e3,CUST-57df11ea,2025-10-01,37,1122,374,4
USG-282185eb,CUST-57df11ea,2025-11-01,52,1569,523,2
USG-948f1927,CUST-57df11ea,2025-12-01,49,498,498,2
USG-0f2af244,CUST-57df11ea,2026-01-01,45,452,452,10
USG-e6310edd,CUST-57df11ea,2026-02-01,44,1344,448,9
USG-97401316,CUST-57df11ea,2026-03-01,1,0,0,8
USG-4a693244,CUST-57df11ea,2026-04-01,1,0,0,8
USG-8129bf44,CUST-dc05df28,2025-02-01,1,40,10,8
USG-89d89b0b,CUST-dc05df28,2025-03-01,1,11,11,6
USG-a23d867e,CUST-dc05df28,2025-04-01,1,32,8,8
USG-e575e99d,CUST-dc05df28,2025-05-01,1,10,10,8
USG-daf196b9,CUST-dc05df28,2025-06-01,1,11,11,5
USG-d8c89735,CUST-dc05df28,2025-07-01,1,32,8,9
USG-2e5a86ce,CUST-dc05df28,2025-08-01,1,40,10,10
USG-ed26874e,CUST-dc05df28,2025-09-01,1,18,9,5
USG-4f3abcf2,CUST-dc05df28,2025-10-01,1,9,9,6
USG-4e9b2a2d,CUST-dc05df28,2025-11-01,1,11,11,1
USG-01a85858,CUST-dc05df28,2025-12-01,1,55,11,1
USG-5bffae4b,CUST-dc05df28,2026-01-01,1,32,8,1
USG-40072716,CUST-dc05df28,2026-02-01,1,44,11,9
USG-60c2935c,CUST-dc05df28,2026-03-01,1,10,10,3
USG-01ab9c84,CUST-dc05df28,2026-04-01,1,8,8,3
USG-5d6df00a,CUST-e94793ea,2025-09-01,20,1000,200,8
USG-8fbce9b8,CUST-e94793ea,2025-10-01,16,324,162,10
USG-94815d96,CUST-e94793ea,2025-11-01,16,163,163,1
USG-94b178ab,CUST-e94793ea,2025-12-01,22,448,224,10
USG-0286fc7a,CUST-e94793ea,2026-01-01,21,872,218,6
USG-3c832dae,CUST-e94793ea,2026-02-01,21,1090,218,8
USG-ac5ec600,CUST-e94793ea,2026-03-01,1,8,2,6
USG-4ed532de,CUST-e94793ea,2026-04-01,1,10,5,10
USG-2694ed2e,CUST-b23bbc1c,2025-01-01,20,836,209,5
USG-dbe7fe99,CUST-b23bbc1c,2025-02-01,20,406,203,6
USG-8cffc896,CUST-b23bbc1c,2025-03-01,19,970,194,5
USG-745f75bf,CUST-b23bbc1c,2025-04-01,24,482,241,1
USG-6ad267e6,CUST-b23bbc1c,2025-05-01,20,824,206,5
USG-c334021c,CUST-b23bbc1c,2025-06-01,19,382,191,8
USG-010e3839,CUST-b23bbc1c,2025-07-01,20,621,207,2
USG-c16ce241,CUST-b23bbc1c,2025-08-01,26,524,262,4
USG-88878bcf,CUST-b23bbc1c,2025-09-01,22,1110,222,4
USG-471ae1d5,CUST-b23bbc1c,2025-10-01,25,1036,259,7
USG-a4712a48,CUST-b23bbc1c,2025-11-01,24,1235,247,8
USG-8e6214bc,CUST-b23bbc1c,2025-12-01,21,215,215,7
USG-d67fda9b,CUST-b23bbc1c,2026-01-01,25,250,250,9
USG-d32daa05,CUST-b23bbc1c,2026-02-01,20,836,209,2
USG-e0cb68b1,CUST-b23bbc1c,2026-03-01,25,1012,253,5
USG-8ac877ad,CUST-b23bbc1c,2026-04-01,23,234,234,6
USG-567f839b,CUST-bb4e8ad2,2026-04-01,25,1012,253,9
USG-4bc2eab8,CUST-5ff529a8,2025-01-01,22,672,224,10
USG-260c3d9a,CUST-5ff529a8,2025-02-01,28,1410,282,1
USG-03310769,CUST-5ff529a8,2025-03-01,23,714,238,9
USG-3ae58c37,CUST-5ff529a8,2025-04-01,25,777,259,1
USG-d470eb60,CUST-5ff529a8,2025-05-01,28,1152,288,5
USG-659ea4e4,CUST-5ff529a8,2025-06-01,24,244,244,10
USG-6d0ffcfd,CUST-5ff529a8,2025-07-01,28,1410,282,7
USG-fe06423c,CUST-5ff529a8,2025-08-01,23,714,238,6
USG-6095cf46,CUST-5ff529a8,2025-09-01,29,894,298,3
USG-7c0b91fd,CUST-5ff529a8,2025-10-01,32,1605,321,2
USG-f17c7a62,CUST-5ff529a8,2025-11-01,22,226,226,2
USG-d121bb84,CUST-5ff529a8,2025-12-01,29,290,290,9
USG-f827d7de,CUST-5ff529a8,2026-01-01,25,256,256,9
USG-31f2c729,CUST-5ff529a8,2026-02-01,24,972,243,9
USG-3f4ffbd7,CUST-5ff529a8,2026-03-01,1,20,4,6
USG-94204b46,CUST-5ff529a8,2026-04-01,1,8,4,3
USG-73a89043,CUST-36ecded7,2025-07-01,4,215,43,7
USG-21442dbc,CUST-36ecded7,2025-08-01,4,82,41,1
USG-b05d72f7,CUST-36ecded7,2025-09-01,5,220,55,4
USG-bf70df54,CUST-36ecded7,2025-10-01,5,255,51,1
USG-0e24cf3b,CUST-36ecded7,2025-11-01,5,56,56,3
USG-6bf907fe,CUST-36ecded7,2025-12-01,4,168,42,5
USG-0645b45e,CUST-36ecded7,2026-01-01,4,210,42,8
USG-7bc0cf81,CUST-36ecded7,2026-02-01,5,104,52,1
USG-15669e99,CUST-36ecded7,2026-03-01,4,135,45,5
USG-f1297df8,CUST-36ecded7,2026-04-01,4,98,49,10
USG-3193a54f,CUST-f3a8a357,2025-05-01,31,1256,314,9
USG-f4d2c49c,CUST-f3a8a357,2025-06-01,31,1565,313,3
USG-bed6c82b,CUST-f3a8a357,2025-07-01,32,975,325,8
USG-7517e704,CUST-f3a8a357,2025-08-01,32,975,325,10
USG-0cd48be7,CUST-f3a8a357,2025-09-01,29,897,299,8
USG-6ec4459b,CUST-f3a8a357,2025-10-01,25,252,252,5
USG-d36f0c4f,CUST-f3a8a357,2025-11-01,23,476,238,8
USG-1074ae5c,CUST-f3a8a357,2025-12-01,32,1296,324,9
USG-a5d88dd6,CUST-f3a8a357,2026-01-01,31,1276,319,3
USG-2697649f,CUST-f3a8a357,2026-02-01,22,912,228,2
USG-71e20b9a,CUST-f3a8a357,2026-03-01,1,6,3,8
USG-b98a17de,CUST-f3a8a357,2026-04-01,1,10,2,1
USG-2f75a078,CUST-814d7b2f,2025-01-01,38,770,385,10
USG-632ce619,CUST-814d7b2f,2025-02-01,48,960,480,7
USG-8186c48f,CUST-814d7b2f,2025-03-01,41,1656,414,10
USG-53b36cae,CUST-814d7b2f,2025-04-01,49,2475,495,10
USG-5d388c6c,CUST-814d7b2f,2025-05-01,41,2080,416,9
USG-57466049,CUST-814d7b2f,2025-06-01,41,1668,417,6
USG-d31cde47,CUST-814d7b2f,2025-07-01,38,1164,388,9
USG-dba9ace4,CUST-814d7b2f,2025-08-01,38,1528,382,5
USG-49532ea6,CUST-814d7b2f,2025-09-01,50,1006,503,5
USG-5f6aff3e,CUST-814d7b2f,2025-10-01,33,1695,339,3
USG-ff9ea7f3,CUST-814d7b2f,2025-11-01,46,2305,461,4
USG-1c23f1ba,CUST-814d7b2f,2025-12-01,40,409,409,6
USG-e07d7828,CUST-814d7b2f,2026-01-01,50,2008,502,3
USG-8e1d7018,CUST-814d7b2f,2026-02-01,45,1371,457,2
USG-66cb3b75,CUST-814d7b2f,2026-03-01,50,2530,506,4
USG-0ca7e2e0,CUST-814d7b2f,2026-04-01,38,762,381,9
USG-4a178ee1,CUST-b7433778,2025-02-01,25,514,257,5
USG-8c09b939,CUST-b7433778,2025-03-01,36,1805,361,5
USG-aaa2e791,CUST-b7433778,2025-04-01,35,1416,354,10
USG-09fb6567,CUST-b7433778,2025-05-01,28,855,285,7
USG-8c1c821e,CUST-b7433778,2025-06-01,26,269,269,6
USG-ed705e48,CUST-b7433778,2025-07-01,30,1224,306,3
USG-2fd67e68,CUST-b7433778,2025-08-01,34,688,344,1
USG-58b7dbb2,CUST-b7433778,2025-09-01,37,1508,377,1
USG-a28be86b,CUST-b7433778,2025-10-01,33,1011,337,10
USG-05752b1b,CUST-b7433778,2025-11-01,28,286,286,6
USG-7c233b74,CUST-b7433778,2025-12-01,37,377,377,7
USG-1892615f,CUST-b7433778,2026-01-01,25,516,258,8
USG-4d704511,CUST-b7433778,2026-02-01,33,1005,335,4
USG-cd4683e3,CUST-b7433778,2026-03-01,28,570,285,8
USG-8c9f89d4,CUST-b7433778,2026-04-01,37,752,376,8
USG-e7b9f36e,CUST-6e22c256,2025-05-01,4,88,44,5
USG-123b0462,CUST-6e22c256,2025-06-01,4,120,40,7
USG-48501980,CUST-6e22c256,2025-07-01,3,38,38,2
USG-544043d9,CUST-6e22c256,2025-08-01,3,37,37,4
USG-c6737a55,CUST-6e22c256,2025-09-01,4,44,44,8
USG-d2aef27f,CUST-6e22c256,2025-10-01,4,88,44,9
USG-0c8dc7ba,CUST-6e22c256,2025-11-01,5,255,51,1
USG-6af73b70,CUST-6e22c256,2025-12-01,5,204,51,2
USG-4224c765,CUST-6e22c256,2026-01-01,4,120,40,6
USG-fea7f900,CUST-6e22c256,2026-02-01,4,230,46,6
USG-404a9c43,CUST-6e22c256,2026-03-01,4,176,44,4
USG-677a7975,CUST-6e22c256,2026-04-01,4,123,41,5
USG-39446be6,CUST-8994c27b,2025-11-01,5,50,50,3
USG-a17ca5ce,CUST-8994c27b,2025-12-01,5,260,52,9
USG-5e10cbf7,CUST-8994c27b,2026-01-01,4,86,43,2
USG-5cc227d8,CUST-8994c27b,2026-02-01,5,290,58,9
USG-4957762d,CUST-8994c27b,2026-03-01,1,12,3,10
USG-44fa5977,CUST-8994c27b,2026-04-01,1,0,0,10
USG-449a836c,CUST-d4dab662,2026-04-01,14,710,142,9
USG-ef6dfad8,CUST-6e5f1e75,2025-06-01,36,1840,368,9
USG-de9261c1,CUST-6e5f1e75,2025-07-01,46,2305,461,5
USG-b4d1a96f,CUST-6e5f1e75,2025-08-01,39,390,390,6
USG-027c4eb8,CUST-6e5f1e75,2025-09-01,34,686,343,2
USG-9e82d38f,CUST-6e5f1e75,2025-10-01,42,852,426,10
USG-3807df62,CUST-6e5f1e75,2025-11-01,40,1620,405,2
USG-92837ce2,CUST-6e5f1e75,2025-12-01,44,890,445,4
USG-a1d1d265,CUST-6e5f1e75,2026-01-01,43,438,438,4
USG-d1092191,CUST-6e5f1e75,2026-02-01,45,1828,457,9
USG-bbddc484,CUST-6e5f1e75,2026-03-01,1,9,3,3
USG-62160ef8,CUST-6e5f1e75,2026-04-01,1,12,3,9
USG-e4312e91,CUST-dcb8f4bc,2025-12-01,17,890,178,6
USG-2fd2bc69,CUST-dcb8f4bc,2026-01-01,18,364,182,9
USG-cdac7eb5,CUST-dcb8f4bc,2026-02-01,20,820,205,1
USG-c7172c79,CUST-dcb8f4bc,2026-03-01,22,454,227,1
USG-e21362f0,CUST-dcb8f4bc,2026-04-01,20,836,209,8
USG-ed395e31,CUST-a9ec6005,2025-12-01,26,792,264,8
USG-5cdd5ae5,CUST-a9ec6005,2026-01-01,35,352,352,7
USG-54664d82,CUST-a9ec6005,2026-02-01,25,1295,259,4
USG-36e5c4b5,CUST-a9ec6005,2026-03-01,33,1005,335,6
USG-ab2ff638,CUST-a9ec6005,2026-04-01,33,1002,334,8
USG-bf6fbc28,CUST-b73b08db,2024-10-01,12,500,125,3
USG-f02946db,CUST-b73b08db,2024-11-01,11,234,117,8
USG-d16c7d4d,CUST-b73b08db,2024-12-01,13,133,133,1
USG-7b2a55a7,CUST-b73b08db,2025-01-01,12,240,120,6
USG-e5a0acd0,CUST-b73b08db,2025-02-01,13,675,135,8
USG-5a47694e,CUST-b73b08db,2025-03-01,11,236,118,8
USG-e0919271,CUST-b73b08db,2025-04-01,11,238,119,3
USG-8f584561,CUST-b73b08db,2025-05-01,13,544,136,1
USG-9bcf3124,CUST-b73b08db,2025-06-01,12,246,123,5
USG-c345d9e5,CUST-b73b08db,2025-07-01,10,218,109,6
USG-1c9622f3,CUST-b73b08db,2025-08-01,12,375,125,7
USG-3c30d8fc,CUST-b73b08db,2025-09-01,13,270,135,10
USG-f9ca698c,CUST-b73b08db,2025-10-01,14,596,149,1
USG-1c56fd98,CUST-b73b08db,2025-11-01,12,122,122,7
USG-adfa841d,CUST-b73b08db,2025-12-01,13,660,132,9
USG-97254bee,CUST-b73b08db,2026-01-01,15,152,152,6
USG-3b99ae9c,CUST-b73b08db,2026-02-01,14,596,149,5
USG-2fb8f4a9,CUST-b73b08db,2026-03-01,12,512,128,4
USG-65368425,CUST-b73b08db,2026-04-01,13,405,135,7
USG-2c58d3fc,CUST-072b1423,2025-04-01,25,774,258,9
USG-a26041a3,CUST-072b1423,2025-05-01,34,1026,342,7
USG-03e558d3,CUST-072b1423,2025-06-01,32,640,320,4
USG-63e5941b,CUST-072b1423,2025-07-01,28,560,280,10
USG-91bc3a4a,CUST-072b1423,2025-08-01,36,730,365,5
USG-9dd5d5a2,CUST-072b1423,2025-09-01,32,978,326,6
USG-ec52a079,CUST-072b1423,2025-10-01,32,1300,325,1
USG-5119a6ce,CUST-072b1423,2025-11-01,25,1032,258,3
USG-85a0b3ec,CUST-072b1423,2025-12-01,28,1435,287,5
USG-7c27d771,CUST-072b1423,2026-01-01,37,1885,377,10
USG-111db7eb,CUST-072b1423,2026-02-01,34,1029,343,3
USG-4c116377,CUST-072b1423,2026-03-01,31,310,310,8
USG-e22c4513,CUST-072b1423,2026-04-01,30,1545,309,10
USG-8f1faa75,CUST-315ad390,2025-09-01,15,154,154,3
USG-65a76631,CUST-315ad390,2025-10-01,20,206,206,4
USG-ddc0cfb1,CUST-315ad390,2025-11-01,20,400,200,10
USG-64476f84,CUST-315ad390,2025-12-01,17,175,175,4
USG-b70f1908,CUST-315ad390,2026-01-01,19,950,190,8
USG-b38d81c0,CUST-315ad390,2026-02-01,14,584,146,3
USG-348703d3,CUST-315ad390,2026-03-01,1,8,4,4
USG-67751d25,CUST-315ad390,2026-04-01,1,8,2,9
USG-9575bb66,CUST-a2a04092,2024-08-01,27,1350,270,2
USG-0d828134,CUST-a2a04092,2024-09-01,26,268,268,2
USG-beca131d,CUST-a2a04092,2024-10-01,31,622,311,4
USG-d31d53f5,CUST-a2a04092,2024-11-01,32,646,323,6
USG-48502f5a,CUST-a2a04092,2024-12-01,31,316,316,3
USG-3e823169,CUST-a2a04092,2025-01-01,34,1384,346,8
USG-3f3fa251,CUST-a2a04092,2025-02-01,28,1140,285,2
USG-a0b559f3,CUST-a2a04092,2025-03-01,39,1576,394,6
USG-3e09200c,CUST-a2a04092,2025-04-01,34,1715,343,6
USG-de16035d,CUST-a2a04092,2025-05-01,32,1620,324,5
USG-cb3fd421,CUST-a2a04092,2025-06-01,30,1236,309,6
USG-35cf0a58,CUST-a2a04092,2025-07-01,33,1685,337,10
USG-5d71ca16,CUST-a2a04092,2025-08-01,31,936,312,1
USG-c7e6c3b3,CUST-a2a04092,2025-09-01,38,1140,380,4
USG-1f90fd0a,CUST-a2a04092,2025-10-01,35,1412,353,3
USG-94c3f2e4,CUST-a2a04092,2025-11-01,33,337,337,8
USG-4d94f12c,CUST-a2a04092,2025-12-01,27,1390,278,6
USG-265fa7be,CUST-a2a04092,2026-01-01,37,1134,378,2
USG-0b2ad975,CUST-a2a04092,2026-02-01,33,1680,336,6
USG-78685624,CUST-a2a04092,2026-03-01,38,1161,387,3
USG-03c39409,CUST-a2a04092,2026-04-01,36,1080,360,3
USG-7725e87e,CUST-8c03be60,2025-06-01,49,1988,497,9
USG-0bb1a78f,CUST-8c03be60,2025-07-01,44,2240,448,3
USG-60856bf9,CUST-8c03be60,2025-08-01,47,470,470,7
USG-d7cadbc1,CUST-8c03be60,2025-09-01,44,449,449,2
USG-b5e80fe3,CUST-8c03be60,2025-10-01,44,884,442,2
USG-fe37159b,CUST-8c03be60,2025-11-01,38,1167,389,8
USG-eafd6977,CUST-8c03be60,2025-12-01,38,1167,389,6
USG-512f3677,CUST-8c03be60,2026-01-01,36,728,364,1
USG-2fa26b6d,CUST-8c03be60,2026-02-01,47,946,473,8
USG-d77e6d1a,CUST-8c03be60,2026-03-01,1,20,5,10
USG-51d4e40b,CUST-8c03be60,2026-04-01,1,8,2,4
USG-d57e873e,CUST-f67e2964,2025-06-01,2,115,23,3
USG-26f89b45,CUST-f67e2964,2025-07-01,2,21,21,4
USG-874718f9,CUST-f67e2964,2025-08-01,2,75,25,4
USG-0be7062f,CUST-f67e2964,2025-09-01,1,19,19,3
USG-fee79c59,CUST-f67e2964,2025-10-01,2,75,25,5
USG-a91e57a3,CUST-f67e2964,2025-11-01,1,36,18,10
USG-cf768d1a,CUST-f67e2964,2025-12-01,2,80,20,4
USG-5bd51aee,CUST-f67e2964,2026-01-01,2,21,21,10
USG-3038b852,CUST-f67e2964,2026-02-01,2,40,20,2
USG-f42c2bcd,CUST-f67e2964,2026-03-01,1,4,4,6
USG-747faa7b,CUST-f67e2964,2026-04-01,1,10,5,6
USG-0ad8fa1b,CUST-5f504bfa,2025-12-01,26,1305,261,10
USG-dda49ce0,CUST-5f504bfa,2026-01-01,20,209,209,5
USG-759359a5,CUST-5f504bfa,2026-02-01,29,1188,297,10
USG-77b50fac,CUST-5f504bfa,2026-03-01,29,295,295,3
USG-81c25e34,CUST-5f504bfa,2026-04-01,28,568,284,3
USG-db21784c,CUST-296b10fa,2025-10-01,16,162,162,2
USG-2995fa8b,CUST-296b10fa,2025-11-01,17,895,179,2
USG-84729f0a,CUST-296b10fa,2025-12-01,20,208,208,4
USG-f176e357,CUST-296b10fa,2026-01-01,19,394,197,5
USG-c9674574,CUST-296b10fa,2026-02-01,19,591,197,8
USG-539f2512,CUST-296b10fa,2026-03-01,14,290,145,10
USG-ad7ec796,CUST-296b10fa,2026-04-01,19,970,194,7
USG-35fc4740,CUST-368c1257,2026-01-01,31,1264,316,7
USG-2b9797fc,CUST-368c1257,2026-02-01,37,370,370,3
USG-d59f4448,CUST-368c1257,2026-03-01,36,1089,363,3
USG-a4e7c082,CUST-368c1257,2026-04-01,30,308,308,3
USG-f92fd824,CUST-0039353d,2025-02-01,2,125,25,2
USG-5f88a6ff,CUST-0039353d,2025-03-01,2,52,26,9
USG-c91c78de,CUST-0039353d,2025-04-01,1,38,19,1
USG-9b73f635,CUST-0039353d,2025-05-01,1,95,19,5
USG-e53da053,CUST-0039353d,2025-06-01,2,46,23,10
USG-f7f8945f,CUST-0039353d,2025-07-01,2,115,23,1
USG-aeeb5f73,CUST-0039353d,2025-08-01,2,115,23,2
USG-036aa693,CUST-0039353d,2025-09-01,2,92,23,5
USG-a4929e71,CUST-0039353d,2025-10-01,2,50,25,4
USG-59f07c78,CUST-0039353d,2025-11-01,1,95,19,2
USG-933dfeb1,CUST-0039353d,2025-12-01,2,120,24,1
USG-e4b2512f,CUST-0039353d,2026-01-01,2,23,23,4
USG-9246e1f8,CUST-0039353d,2026-02-01,2,80,20,9
USG-3d73a19b,CUST-0039353d,2026-03-01,2,50,25,2
USG-cac57a24,CUST-0039353d,2026-04-01,2,44,22,4
USG-0742deb7,CUST-96beef23,2026-01-01,38,1548,387,8
USG-b41d5269,CUST-96beef23,2026-02-01,32,981,327,2
USG-d909fb18,CUST-96beef23,2026-03-01,46,464,464,1
USG-3ec003d0,CUST-96beef23,2026-04-01,45,912,456,9
USG-0da6c439,CUST-ce82e584,2025-02-01,48,2410,482,2
USG-6d421c33,CUST-ce82e584,2025-03-01,54,2176,544,5
USG-3d73fbf0,CUST-ce82e584,2025-04-01,38,383,383,2
USG-cc0b61d2,CUST-ce82e584,2025-05-01,42,842,421,3
USG-ab23696c,CUST-ce82e584,2025-06-01,38,762,381,5
USG-e4c796ab,CUST-ce82e584,2025-07-01,55,1668,556,10
USG-554c8fdc,CUST-ce82e584,2025-08-01,44,446,446,8
USG-56bb70ae,CUST-ce82e584,2025-09-01,39,1955,391,8
USG-df3ff722,CUST-ce82e584,2025-10-01,52,1563,521,1
USG-2b5bea6a,CUST-ce82e584,2025-11-01,53,2128,532,8
USG-f5fededf,CUST-ce82e584,2025-12-01,44,884,442,6
USG-e68dc0c4,CUST-ce82e584,2026-01-01,51,2040,510,3
USG-320d6fa5,CUST-ce82e584,2026-02-01,41,1676,419,4
USG-e83ad040,CUST-ce82e584,2026-03-01,39,398,398,4
USG-f73a2e8d,CUST-ce82e584,2026-04-01,50,2505,501,2
USG-a9e7e2bf,CUST-cb03f639,2024-06-01,6,60,60,6
USG-29ec540d,CUST-cb03f639,2024-07-01,6,252,63,1
USG-0e47d789,CUST-cb03f639,2024-08-01,6,335,67,10
USG-405f0823,CUST-cb03f639,2024-09-01,5,108,54,1
USG-cef9df77,CUST-cb03f639,2024-10-01,5,220,55,1
USG-f2803f36,CUST-cb03f639,2024-11-01,4,225,45,10
USG-12908404,CUST-cb03f639,2024-12-01,5,260,52,7
USG-3e75e788,CUST-cb03f639,2025-01-01,5,270,54,4
USG-962719fc,CUST-cb03f639,2025-02-01,6,130,65,4
USG-753becf7,CUST-cb03f639,2025-03-01,5,200,50,1
USG-f3cdbb55,CUST-cb03f639,2025-04-01,4,46,46,6
USG-f323a7dc,CUST-cb03f639,2025-05-01,5,57,57,1
USG-f01d735c,CUST-cb03f639,2025-06-01,5,58,58,5
USG-bc27fd21,CUST-cb03f639,2025-07-01,6,300,60,7
USG-12ed78a7,CUST-cb03f639,2025-08-01,5,100,50,4
USG-cf6b6c4d,CUST-cb03f639,2025-09-01,5,52,52,7
USG-facb524f,CUST-cb03f639,2025-10-01,5,265,53,8
USG-6992e120,CUST-cb03f639,2025-11-01,5,260,52,9
USG-d92f91ba,CUST-cb03f639,2025-12-01,5,290,58,3
USG-1100d943,CUST-cb03f639,2026-01-01,5,153,51,10
USG-55c2ac82,CUST-cb03f639,2026-02-01,6,310,62,8
USG-d44a33b2,CUST-cb03f639,2026-03-01,4,245,49,6
USG-dc55f019,CUST-cb03f639,2026-04-01,6,132,66,6
USG-0dcbf22f,CUST-1e370c64,2024-06-01,34,1026,342,6
USG-7bd653c8,CUST-1e370c64,2024-07-01,26,269,269,4
USG-57f33394,CUST-1e370c64,2024-08-01,30,304,304,10
USG-952be836,CUST-1e370c64,2024-09-01,34,343,343,4
USG-c79998e2,CUST-1e370c64,2024-10-01,33,1695,339,3
USG-f67058a2,CUST-1e370c64,2024-11-01,32,646,323,7
USG-4642f1aa,CUST-1e370c64,2024-12-01,29,1450,290,4
USG-8efe4d64,CUST-1e370c64,2025-01-01,29,1184,296,4
USG-09924336,CUST-1e370c64,2025-02-01,27,1390,278,4
USG-a75db852,CUST-1e370c64,2025-03-01,24,498,249,9
USG-614afe08,CUST-1e370c64,2025-04-01,23,702,234,4
USG-806f75c7,CUST-1e370c64,2025-05-01,28,1120,280,6
USG-c9e50b92,CUST-1e370c64,2025-06-01,29,1172,293,7
USG-8f077459,CUST-1e370c64,2025-07-01,33,1011,337,9
USG-a53efacd,CUST-1e370c64,2025-08-01,28,1128,282,5
USG-a725fc99,CUST-1e370c64,2025-09-01,24,488,244,8
USG-2c59a7fd,CUST-1e370c64,2025-10-01,32,644,322,1
USG-c4b98c67,CUST-1e370c64,2025-11-01,27,279,279,8
USG-7b83720b,CUST-1e370c64,2025-12-01,27,542,271,10
USG-7cafacc2,CUST-1e370c64,2026-01-01,28,1136,284,1
USG-d5aaad04,CUST-1e370c64,2026-02-01,24,738,246,9
USG-5c4f3fd0,CUST-1e370c64,2026-03-01,26,1335,267,2
USG-5494344e,CUST-1e370c64,2026-04-01,24,735,245,5
USG-eef3db5e,CUST-6fbccc54,2025-03-01,34,1392,348,3
USG-caf142d3,CUST-6fbccc54,2025-04-01,42,1278,426,4
USG-02a2bb24,CUST-6fbccc54,2025-05-01,45,453,453,2
USG-42849a08,CUST-6fbccc54,2025-06-01,40,1616,404,2
USG-1325dc5a,CUST-6fbccc54,2025-07-01,35,1408,352,1
USG-1a4af567,CUST-6fbccc54,2025-08-01,47,1916,479,2
USG-65b40f1e,CUST-6fbccc54,2025-09-01,35,1750,350,3
USG-0584e70e,CUST-6fbccc54,2025-10-01,40,402,402,6
USG-ba32a5c2,CUST-6fbccc54,2025-11-01,39,1176,392,7
USG-9e2cf351,CUST-6fbccc54,2025-12-01,49,1491,497,3
USG-b07df69c,CUST-6fbccc54,2026-01-01,45,2295,459,4
USG-4dfb4f66,CUST-6fbccc54,2026-02-01,39,1194,398,4
USG-24240aff,CUST-6fbccc54,2026-03-01,41,418,418,5
USG-935b3305,CUST-6fbccc54,2026-04-01,47,940,470,5
USG-514f55d9,CUST-a02fe1c3,2025-08-01,51,1539,513,6
USG-c4253c33,CUST-a02fe1c3,2025-09-01,41,1254,418,10
USG-dac7d941,CUST-a02fe1c3,2025-10-01,43,1728,432,7
USG-962d6d0e,CUST-a02fe1c3,2025-11-01,37,744,372,1
USG-4d5dba24,CUST-a02fe1c3,2025-12-01,52,523,523,10
USG-2ae2f650,CUST-a02fe1c3,2026-01-01,54,1084,542,3
USG-593cd8f3,CUST-a02fe1c3,2026-02-01,45,916,458,4
USG-155c3060,CUST-a02fe1c3,2026-03-01,54,2180,545,10
USG-e5da44de,CUST-a02fe1c3,2026-04-01,45,1359,453,3
USG-83f784e1,CUST-a995a5f3,2025-04-01,30,1216,304,4
USG-c8e8e93b,CUST-a995a5f3,2025-05-01,34,1735,347,4
USG-962f477d,CUST-a995a5f3,2025-06-01,36,368,368,10
USG-1ecc1590,CUST-a995a5f3,2025-07-01,33,1348,337,1
USG-7c6d7d4e,CUST-a995a5f3,2025-08-01,43,2160,432,4
USG-135b7dab,CUST-a995a5f3,2025-09-01,32,1635,327,10
USG-8c15e086,CUST-a995a5f3,2025-10-01,30,906,302,1
USG-2bc3b46a,CUST-a995a5f3,2025-11-01,36,369,369,4
USG-d415e9a4,CUST-a995a5f3,2025-12-01,35,1050,350,1
USG-f9f3cb54,CUST-a995a5f3,2026-01-01,32,1625,325,5
USG-953d175d,CUST-a995a5f3,2026-02-01,37,742,371,8
USG-099f9b1f,CUST-a995a5f3,2026-03-01,40,408,408,1
USG-c724ae9f,CUST-a995a5f3,2026-04-01,39,780,390,8
USG-1790a017,CUST-e489c556,2025-01-01,49,2490,498,6
USG-8e017d9b,CUST-e489c556,2025-02-01,55,557,557,5
USG-24c44828,CUST-e489c556,2025-03-01,54,2725,545,6
USG-b68c76d3,CUST-e489c556,2025-04-01,43,2185,437,7
USG-ee712e2a,CUST-e489c556,2025-05-01,47,1410,470,5
USG-e1a418bd,CUST-e489c556,2025-06-01,41,414,414,8
USG-aa2595a7,CUST-e489c556,2025-07-01,55,1653,551,7
USG-aaa3c78b,CUST-e489c556,2025-08-01,41,1239,413,3
USG-65fbf946,CUST-e489c556,2025-09-01,48,485,485,2
USG-0a6ddbd5,CUST-e489c556,2025-10-01,46,468,468,8
USG-ee3fa599,CUST-e489c556,2025-11-01,42,1281,427,8
USG-73989853,CUST-e489c556,2025-12-01,50,1500,500,6
USG-dd11d473,CUST-e489c556,2026-01-01,50,1002,501,6
USG-19bf161c,CUST-e489c556,2026-02-01,51,2072,518,4
USG-8efd75f2,CUST-e489c556,2026-03-01,1,8,4,3
USG-4992a540,CUST-e489c556,2026-04-01,1,9,3,9
USG-8a38f775,CUST-df703a20,2024-06-01,31,318,318,1
USG-9c6b531b,CUST-df703a20,2024-07-01,26,1048,262,1
USG-8d71d811,CUST-df703a20,2024-08-01,31,315,315,3
USG-47265634,CUST-df703a20,2024-09-01,34,1715,343,5
USG-aeb6c5de,CUST-df703a20,2024-10-01,33,1011,337,8
USG-9b19fd90,CUST-df703a20,2024-11-01,30,307,307,4
USG-4ac102ba,CUST-df703a20,2024-12-01,26,783,261,10
USG-148d94bf,CUST-df703a20,2025-01-01,29,882,294,2
USG-728bd65c,CUST-df703a20,2025-02-01,34,1035,345,3
USG-0d2c31e0,CUST-df703a20,2025-03-01,33,672,336,6
USG-a83fb1e3,CUST-df703a20,2025-04-01,34,694,347,9
USG-48e8da43,CUST-df703a20,2025-05-01,28,562,281,8
USG-68624489,CUST-df703a20,2025-06-01,27,1385,277,8
USG-7f8c7e70,CUST-df703a20,2025-07-01,34,1388,347,8
USG-182cec65,CUST-df703a20,2025-08-01,32,1645,329,2
USG-3d9f5e49,CUST-df703a20,2025-09-01,34,340,340,3
USG-c46c61f2,CUST-df703a20,2025-10-01,30,927,309,7
USG-8dfef985,CUST-df703a20,2025-11-01,29,1164,291,8
USG-62d16da6,CUST-df703a20,2025-12-01,26,268,268,6
USG-a52f1b7a,CUST-df703a20,2026-01-01,32,644,322,2
USG-043daf65,CUST-df703a20,2026-02-01,36,1448,362,1
USG-c9851555,CUST-df703a20,2026-03-01,34,1710,342,10
USG-8838201d,CUST-df703a20,2026-04-01,29,291,291,8
USG-5b693888,CUST-743ab906,2025-02-01,39,393,393,7
USG-57f5aa8f,CUST-743ab906,2025-03-01,32,969,323,7
USG-8908136f,CUST-743ab906,2025-04-01,34,1376,344,2
USG-a87affc4,CUST-743ab906,2025-05-01,45,2265,453,9
USG-f9485ed3,CUST-743ab906,2025-06-01,34,1710,342,8
USG-febf9f03,CUST-743ab906,2025-07-01,36,1083,361,3
USG-01fb73bd,CUST-743ab906,2025-08-01,41,1251,417,8
USG-296624da,CUST-743ab906,2025-09-01,33,1690,338,9
USG-9bdbaaa8,CUST-743ab906,2025-10-01,43,1308,436,3
USG-66010166,CUST-743ab906,2025-11-01,34,1368,342,5
USG-ce674e6d,CUST-743ab906,2025-12-01,39,1564,391,8
USG-33363ae6,CUST-743ab906,2026-01-01,30,1224,306,9
USG-29e2ad4e,CUST-743ab906,2026-02-01,39,391,391,3
USG-d827c470,CUST-743ab906,2026-03-01,35,714,357,6
USG-6ca39ec4,CUST-743ab906,2026-04-01,44,894,447,2
USG-50cbaea6,CUST-b9956851,2025-07-01,41,2085,417,1
USG-a98d8f9b,CUST-b9956851,2025-08-01,40,802,401,3
USG-702c4bf9,CUST-b9956851,2025-09-01,37,1895,379,10
USG-633f7f16,CUST-b9956851,2025-10-01,32,1296,324,7
USG-c9073dda,CUST-b9956851,2025-11-01,38,380,380,3
USG-0f4efe95,CUST-b9956851,2025-12-01,40,1200,400,4
USG-f1fb2b2d,CUST-b9956851,2026-01-01,40,802,401,10
USG-e56e86f5,CUST-b9956851,2026-02-01,41,1251,417,8
USG-bba6cd51,CUST-b9956851,2026-03-01,1,0,0,5
USG-c9f7e801,CUST-b9956851,2026-04-01,1,15,3,3
USG-d7425372,CUST-c391e66e,2024-07-01,7,71,71,1
USG-9c7a730e,CUST-c391e66e,2024-08-01,5,224,56,1
USG-b332206f,CUST-c391e66e,2024-09-01,7,365,73,1
USG-13719d43,CUST-c391e66e,2024-10-01,6,126,63,8
USG-032dde07,CUST-c391e66e,2024-11-01,6,65,65,9
USG-b4373a05,CUST-c391e66e,2024-12-01,6,272,68,7
USG-a0f729c0,CUST-c391e66e,2025-01-01,7,355,71,4
USG-f5b83ad1,CUST-c391e66e,2025-02-01,5,224,56,1
USG-aca6d23b,CUST-c391e66e,2025-03-01,6,330,66,4
USG-db33d578,CUST-c391e66e,2025-04-01,5,177,59,10
USG-0b5e643c,CUST-c391e66e,2025-05-01,5,224,56,8
USG-f81b5595,CUST-c391e66e,2025-06-01,7,350,70,8
USG-421ab382,CUST-c391e66e,2025-07-01,7,148,74,10
USG-5a2e8b51,CUST-c391e66e,2025-08-01,6,62,62,8
USG-e355bf62,CUST-c391e66e,2025-09-01,7,216,72,6
USG-bed517bd,CUST-c391e66e,2025-10-01,6,248,62,3
USG-bed91573,CUST-c391e66e,2025-11-01,6,252,63,6
USG-7769c31f,CUST-c391e66e,2025-12-01,6,69,69,10
USG-0522eb62,CUST-c391e66e,2026-01-01,6,325,65,2
USG-39577744,CUST-c391e66e,2026-02-01,6,315,63,5
USG-d080d968,CUST-c391e66e,2026-03-01,6,320,64,6
USG-a5574023,CUST-c391e66e,2026-04-01,5,52,52,4
USG-733bdd36,CUST-031ae2a1,2025-06-01,15,310,155,3
USG-e750ccd7,CUST-031ae2a1,2025-07-01,13,548,137,3
USG-b2ae0890,CUST-031ae2a1,2025-08-01,16,320,160,1
USG-566d69d0,CUST-031ae2a1,2025-09-01,14,592,148,5
USG-bed9910a,CUST-031ae2a1,2025-10-01,15,468,156,8
USG-024472b5,CUST-031ae2a1,2025-11-01,14,148,148,10
USG-679d42b3,CUST-031ae2a1,2025-12-01,19,194,194,8
USG-fc3bda41,CUST-031ae2a1,2026-01-01,18,549,183,1
USG-b2d4e674,CUST-031ae2a1,2026-02-01,18,364,182,6
USG-87dd7342,CUST-031ae2a1,2026-03-01,13,695,139,6
USG-753b0ed0,CUST-031ae2a1,2026-04-01,14,286,143,5
USG-861e8dae,CUST-d5221ac4,2025-04-01,23,952,238,6
USG-25718838,CUST-d5221ac4,2025-05-01,21,630,210,9
USG-ccf420fb,CUST-d5221ac4,2025-06-01,21,1090,218,10
USG-130e709d,CUST-d5221ac4,2025-07-01,29,295,295,6
USG-6c1b4857,CUST-d5221ac4,2025-08-01,28,562,281,7
USG-5bd24c51,CUST-d5221ac4,2025-09-01,27,1080,270,10
USG-3ad290c2,CUST-d5221ac4,2025-10-01,29,580,290,3
USG-7420157a,CUST-d5221ac4,2025-11-01,24,494,247,4
USG-60e46c1d,CUST-d5221ac4,2025-12-01,29,592,296,3
USG-8860086c,CUST-d5221ac4,2026-01-01,25,753,251,7
USG-3235cf69,CUST-d5221ac4,2026-02-01,21,1070,214,4
USG-11019d6d,CUST-d5221ac4,2026-03-01,24,488,244,8
USG-ba91ab09,CUST-d5221ac4,2026-04-01,26,530,265,6
USG-a6bc2e51,CUST-666eafdc,2025-06-01,40,406,406,1
USG-cb85267a,CUST-666eafdc,2025-07-01,35,702,351,8
USG-e8c1166f,CUST-666eafdc,2025-08-01,44,445,445,1
USG-d1b2dd99,CUST-666eafdc,2025-09-01,40,2000,400,5
USG-c45b9bd7,CUST-666eafdc,2025-10-01,33,674,337,5
USG-ec79caba,CUST-666eafdc,2025-11-01,46,462,462,4
USG-50c0a1b1,CUST-666eafdc,2025-12-01,43,432,432,5
USG-2e53b81a,CUST-666eafdc,2026-01-01,34,692,346,4
USG-5f4a4632,CUST-666eafdc,2026-02-01,42,2110,422,9
USG-22afd2be,CUST-666eafdc,2026-03-01,34,1044,348,6
USG-2cd7e7f8,CUST-666eafdc,2026-04-01,37,378,378,3
USG-cbeb1e0f,CUST-6c0f6824,2025-10-01,20,1025,205,1
USG-91b609a0,CUST-6c0f6824,2025-11-01,17,352,176,8
USG-8240ca8f,CUST-6c0f6824,2025-12-01,16,815,163,6
USG-9e732a6a,CUST-6c0f6824,2026-01-01,21,213,213,8
USG-681e4d44,CUST-6c0f6824,2026-02-01,22,1140,228,7
USG-b358e840,CUST-6c0f6824,2026-03-01,19,788,197,5
USG-1bf132de,CUST-6c0f6824,2026-04-01,18,549,183,5
USG-2d3e12b3,CUST-05869f56,2024-09-01,17,356,178,2
USG-80e8b67f,CUST-05869f56,2024-10-01,15,775,155,4
USG-3a00f35a,CUST-05869f56,2024-11-01,16,322,161,7
USG-00af9025,CUST-05869f56,2024-12-01,15,450,150,4
USG-a5980bde,CUST-05869f56,2025-01-01,17,708,177,4
USG-6b2f015e,CUST-05869f56,2025-02-01,17,865,173,7
USG-365cc047,CUST-05869f56,2025-03-01,16,495,165,10
USG-57d843cc,CUST-05869f56,2025-04-01,14,288,144,9
USG-ce47d62e,CUST-05869f56,2025-05-01,19,392,196,10
USG-ecc90cb2,CUST-05869f56,2025-06-01,13,665,133,8
USG-3cb4e839,CUST-05869f56,2025-07-01,17,855,171,8
USG-1ec1c321,CUST-05869f56,2025-08-01,19,955,191,4
USG-4ad5ff0a,CUST-05869f56,2025-09-01,17,175,175,6
USG-05628d96,CUST-05869f56,2025-10-01,13,264,132,2
USG-4bd18a8f,CUST-05869f56,2025-11-01,17,510,170,10
USG-8cbb7d52,CUST-05869f56,2025-12-01,18,740,185,6
USG-33c96807,CUST-05869f56,2026-01-01,18,183,183,1
USG-aea53b16,CUST-05869f56,2026-02-01,13,139,139,7
USG-e51ee5b8,CUST-05869f56,2026-03-01,15,795,159,7
USG-e806863e,CUST-05869f56,2026-04-01,17,173,173,7
USG-34c63abe,CUST-8108d030,2025-11-01,33,1002,334,8
USG-275580a1,CUST-8108d030,2025-12-01,32,328,328,5
USG-6d1f8889,CUST-8108d030,2026-01-01,38,1920,384,9
USG-faaf9c25,CUST-8108d030,2026-02-01,33,660,330,9
USG-d1d4dbd6,CUST-8108d030,2026-03-01,35,1755,351,2
USG-bcf898c9,CUST-8108d030,2026-04-01,39,393,393,4
USG-f792c3d5,CUST-e6ec507b,2024-05-01,26,783,261,3
USG-33f84953,CUST-e6ec507b,2024-06-01,31,1276,319,3
USG-d8cebecb,CUST-e6ec507b,2024-07-01,24,723,241,6
USG-2f7015ce,CUST-e6ec507b,2024-08-01,28,1148,287,4
USG-b12b2d00,CUST-e6ec507b,2024-09-01,32,1300,325,5
USG-883ca25e,CUST-e6ec507b,2024-10-01,24,988,247,4
USG-fe9b8dbd,CUST-e6ec507b,2024-11-01,29,870,290,10
USG-d525667e,CUST-e6ec507b,2024-12-01,26,1305,261,5
USG-8734cefb,CUST-e6ec507b,2025-01-01,22,1120,224,10
USG-9ff10108,CUST-e6ec507b,2025-02-01,26,786,262,7
USG-2ee3f69e,CUST-e6ec507b,2025-03-01,26,792,264,4
USG-a46dc293,CUST-e6ec507b,2025-04-01,23,232,232,9
USG-f399309e,CUST-e6ec507b,2025-05-01,27,278,278,1
USG-d218c23e,CUST-e6ec507b,2025-06-01,24,240,240,1
USG-92d3dee0,CUST-e6ec507b,2025-07-01,29,1192,298,4
USG-dca6818b,CUST-e6ec507b,2025-08-01,26,1064,266,4
USG-337cc861,CUST-e6ec507b,2025-09-01,30,600,300,6
USG-5a1ca808,CUST-e6ec507b,2025-10-01,30,1224,306,4
USG-ed7e5a8c,CUST-e6ec507b,2025-11-01,30,608,304,3
USG-71d10b7e,CUST-e6ec507b,2025-12-01,33,660,330,5
USG-e7ae8712,CUST-e6ec507b,2026-01-01,32,1304,326,5
USG-49576ab1,CUST-e6ec507b,2026-02-01,28,1435,287,2
USG-b988c67e,CUST-e6ec507b,2026-03-01,27,1084,271,1
USG-49271610,CUST-e6ec507b,2026-04-01,31,1565,313,2
USG-36b85eb6,CUST-97bf46a4,2024-10-01,2,84,28,9
USG-9340f252,CUST-97bf46a4,2024-11-01,2,108,27,1
USG-97e59d2f,CUST-97bf46a4,2024-12-01,2,58,29,3
USG-3623a3bc,CUST-97bf46a4,2025-01-01,2,78,26,8
USG-8668397b,CUST-97bf46a4,2025-02-01,2,145,29,10
USG-74ebe7d5,CUST-97bf46a4,2025-03-01,2,56,28,8
USG-0b9eca25,CUST-97bf46a4,2025-04-01,2,135,27,6
USG-e3986521,CUST-97bf46a4,2025-05-01,2,84,28,2
USG-b989b1f5,CUST-97bf46a4,2025-06-01,2,104,26,1
USG-b3847076,CUST-97bf46a4,2025-07-01,3,150,30,1
USG-0046566a,CUST-97bf46a4,2025-08-01,2,112,28,2
USG-bebf3530,CUST-97bf46a4,2025-09-01,3,93,31,6
USG-a54fc4a6,CUST-97bf46a4,2025-10-01,2,140,28,2
USG-4c2166ea,CUST-97bf46a4,2025-11-01,2,63,21,8
USG-11ccced3,CUST-97bf46a4,2025-12-01,3,90,30,7
USG-2d5de167,CUST-97bf46a4,2026-01-01,2,130,26,5
USG-b4f42567,CUST-97bf46a4,2026-02-01,2,96,24,4
USG-1f4b8d9e,CUST-97bf46a4,2026-03-01,1,10,5,9
USG-02b48ae1,CUST-97bf46a4,2026-04-01,1,15,3,1
USG-c0e47d06,CUST-5e627f58,2025-01-01,43,1299,433,3
USG-d9f3424b,CUST-5e627f58,2025-02-01,39,1955,391,1
USG-06e89d02,CUST-5e627f58,2025-03-01,41,1660,415,7
USG-883c3bb6,CUST-5e627f58,2025-04-01,36,366,366,9
USG-744ef804,CUST-5e627f58,2025-05-01,34,1710,342,5
USG-353ac0ec,CUST-5e627f58,2025-06-01,42,1712,428,2
USG-4afda4b1,CUST-5e627f58,2025-07-01,40,2025,405,9
USG-2f593d75,CUST-5e627f58,2025-08-01,34,1396,349,5
USG-5af10736,CUST-5e627f58,2025-09-01,35,1053,351,6
USG-7cc48d44,CUST-5e627f58,2025-10-01,31,1276,319,9
USG-795021ba,CUST-5e627f58,2025-11-01,36,724,362,9
USG-ee4f84bb,CUST-5e627f58,2025-12-01,31,638,319,6
USG-344bfcc1,CUST-5e627f58,2026-01-01,32,642,321,1
USG-f801a3ac,CUST-5e627f58,2026-02-01,39,1960,392,10
USG-88fe9061,CUST-5e627f58,2026-03-01,1,20,5,5
USG-55f71488,CUST-5e627f58,2026-04-01,1,15,3,3
USG-c1e0d830,CUST-db4f6eda,2025-10-01,16,507,169,4
USG-230082c3,CUST-db4f6eda,2025-11-01,13,680,136,7
USG-e8d02653,CUST-db4f6eda,2025-12-01,15,300,150,2
USG-cb62a43c,CUST-db4f6eda,2026-01-01,12,126,126,6
USG-e0b13f9f,CUST-db4f6eda,2026-02-01,13,276,138,9
USG-948c7f6e,CUST-db4f6eda,2026-03-01,14,142,142,9
USG-9a1c4105,CUST-db4f6eda,2026-04-01,14,294,147,6
USG-e5921400,CUST-65cbdad0,2024-11-01,41,2095,419,5
USG-ef58cd67,CUST-65cbdad0,2024-12-01,43,432,432,5
USG-c78eaad6,CUST-65cbdad0,2025-01-01,46,469,469,4
USG-b8d75ea4,CUST-65cbdad0,2025-02-01,44,1347,449,8
USG-876c91e9,CUST-65cbdad0,2025-03-01,41,1652,413,10
USG-88e6ba96,CUST-65cbdad0,2025-04-01,38,385,385,7
USG-32153328,CUST-65cbdad0,2025-05-01,37,754,377,2
USG-d6e9fe03,CUST-65cbdad0,2025-06-01,51,510,510,4
USG-daad2efd,CUST-65cbdad0,2025-07-01,49,1980,495,6
USG-775c5ccf,CUST-65cbdad0,2025-08-01,54,2700,540,7
USG-ac90feae,CUST-65cbdad0,2025-09-01,49,492,492,10
USG-77c8a4b8,CUST-65cbdad0,2025-10-01,52,527,527,1
USG-ca9cc93a,CUST-65cbdad0,2025-11-01,50,1518,506,2
USG-c926280e,CUST-65cbdad0,2025-12-01,42,2100,420,4
USG-8035ab9f,CUST-65cbdad0,2026-01-01,40,1206,402,3
USG-b86e2b78,CUST-65cbdad0,2026-02-01,51,2064,516,7
USG-996a14c3,CUST-65cbdad0,2026-03-01,1,0,0,4
USG-b988dc1e,CUST-65cbdad0,2026-04-01,1,12,4,6
USG-715d2b8d,CUST-739feacd,2025-08-01,31,314,314,3
USG-e3618e50,CUST-739feacd,2025-09-01,40,1624,406,4
USG-4be5f062,CUST-739feacd,2025-10-01,43,438,438,2
USG-75b0a5f2,CUST-739feacd,2025-11-01,47,470,470,2
USG-e8af33fc,CUST-739feacd,2025-12-01,34,1029,343,6
USG-419bb7f4,CUST-739feacd,2026-01-01,44,448,448,9
USG-5ca58cd5,CUST-739feacd,2026-02-01,32,984,328,9
USG-4b5de37e,CUST-739feacd,2026-03-01,32,323,323,10
USG-8f0a067e,CUST-739feacd,2026-04-01,36,1800,360,10
USG-a63ec94a,CUST-3027e654,2025-09-01,6,240,60,6
USG-6cd07fae,CUST-3027e654,2025-10-01,5,168,56,6
USG-ef7b2299,CUST-3027e654,2025-11-01,5,58,58,10
USG-01b6b2d9,CUST-3027e654,2025-12-01,6,305,61,7
USG-16637ddc,CUST-3027e654,2026-01-01,6,69,69,9
USG-e4861382,CUST-3027e654,2026-02-01,6,268,67,2
USG-7a7b3abc,CUST-3027e654,2026-03-01,6,340,68,1
USG-f1eeb568,CUST-3027e654,2026-04-01,7,360,72,3
USG-4056160b,CUST-132ac675,2025-01-01,35,718,359,9
USG-b44babde,CUST-132ac675,2025-02-01,36,1098,366,1
USG-cb42e311,CUST-132ac675,2025-03-01,31,313,313,10
USG-1108794d,CUST-132ac675,2025-04-01,30,610,305,10
USG-e1341e29,CUST-132ac675,2025-05-01,27,558,279,2
USG-757dccbe,CUST-132ac675,2025-06-01,34,1044,348,10
USG-fd9c7ef8,CUST-132ac675,2025-07-01,29,592,296,1
USG-b3106ebd,CUST-132ac675,2025-08-01,32,966,322,1
USG-235d0de7,CUST-132ac675,2025-09-01,33,670,335,8
USG-02156211,CUST-132ac675,2025-10-01,36,361,361,8
USG-0e06e4cc,CUST-132ac675,2025-11-01,31,1570,314,9
USG-cd843144,CUST-132ac675,2025-12-01,29,590,295,8
USG-339d8e68,CUST-132ac675,2026-01-01,28,284,284,7
USG-33e55e93,CUST-132ac675,2026-02-01,30,302,302,3
USG-40ee8692,CUST-132ac675,2026-03-01,1,6,3,1
USG-8c4f3c5c,CUST-132ac675,2026-04-01,1,10,5,1
USG-5d56a63f,CUST-5bcaafb6,2025-12-01,21,645,215,2
USG-9cc9b25a,CUST-5bcaafb6,2026-01-01,20,808,202,2
USG-ce584cbe,CUST-5bcaafb6,2026-02-01,18,180,180,9
USG-26d9db78,CUST-5bcaafb6,2026-03-01,20,202,202,9
USG-2107d716,CUST-5bcaafb6,2026-04-01,17,173,173,3
USG-5ef0c47e,CUST-f7be4774,2025-10-01,48,964,482,10
USG-2cb7f9d5,CUST-f7be4774,2025-11-01,51,1028,514,4
USG-807126c7,CUST-f7be4774,2025-12-01,37,1116,372,6
USG-6f658429,CUST-f7be4774,2026-01-01,46,2335,467,8
USG-fbd8ff6b,CUST-f7be4774,2026-02-01,46,932,466,1
USG-aa3e0acc,CUST-f7be4774,2026-03-01,43,878,439,4
USG-f7ece920,CUST-f7be4774,2026-04-01,38,1146,382,6
USG-6ee0e0f1,CUST-1ac141c4,2024-05-01,30,1540,308,10
USG-8c32620a,CUST-1ac141c4,2024-06-01,37,379,379,1
USG-d6c1787b,CUST-1ac141c4,2024-07-01,36,1460,365,2
USG-087f9e6d,CUST-1ac141c4,2024-08-01,32,1300,325,9
USG-076203f1,CUST-1ac141c4,2024-09-01,25,777,259,6
USG-3e2657e9,CUST-1ac141c4,2024-10-01,25,514,257,2
USG-7131f352,CUST-1ac141c4,2024-11-01,26,261,261,4
USG-1d011626,CUST-1ac141c4,2024-12-01,35,354,354,9
USG-a05354d4,CUST-1ac141c4,2025-01-01,26,807,269,2
USG-7a64d9a6,CUST-1ac141c4,2025-02-01,37,1860,372,1
USG-abeacdc3,CUST-1ac141c4,2025-03-01,28,1140,285,1
USG-693b9c01,CUST-1ac141c4,2025-04-01,36,364,364,10
USG-1c95eceb,CUST-1ac141c4,2025-05-01,31,316,316,5
USG-99303b4b,CUST-1ac141c4,2025-06-01,25,1290,258,4
USG-40e712c9,CUST-1ac141c4,2025-07-01,28,1440,288,6
USG-73564ac7,CUST-1ac141c4,2025-08-01,28,1435,287,6
USG-f74219ca,CUST-1ac141c4,2025-09-01,25,1028,257,1
USG-66b0422e,CUST-1ac141c4,2025-10-01,32,984,328,9
USG-485a6682,CUST-1ac141c4,2025-11-01,25,516,258,8
USG-c7add51b,CUST-1ac141c4,2025-12-01,28,1144,286,7
USG-8fe5e29e,CUST-1ac141c4,2026-01-01,32,656,328,10
USG-276897f8,CUST-1ac141c4,2026-02-01,33,1002,334,10
USG-445b0220,CUST-1ac141c4,2026-03-01,33,1344,336,5
USG-96f05fa9,CUST-1ac141c4,2026-04-01,27,813,271,2
USG-3d9dfa83,CUST-2e7f630c,2024-10-01,14,710,142,1
USG-d92f7cb2,CUST-2e7f630c,2024-11-01,15,456,152,8
USG-1d7d0beb,CUST-2e7f630c,2024-12-01,19,776,194,7
USG-bdcd206f,CUST-2e7f630c,2025-01-01,14,288,144,9
USG-fd9a87d8,CUST-2e7f630c,2025-02-01,15,604,151,7
USG-5093c010,CUST-2e7f630c,2025-03-01,17,860,172,6
USG-045025a5,CUST-2e7f630c,2025-04-01,14,145,145,7
USG-7a3f6c4c,CUST-2e7f630c,2025-05-01,19,585,195,8
USG-a4ddf48f,CUST-2e7f630c,2025-06-01,14,568,142,2
USG-730b61d6,CUST-2e7f630c,2025-07-01,16,489,163,7
USG-8e1764a2,CUST-2e7f630c,2025-08-01,19,573,191,10
USG-e326a175,CUST-2e7f630c,2025-09-01,19,386,193,7
USG-27ae7b65,CUST-2e7f630c,2025-10-01,14,564,141,7
USG-850224fa,CUST-2e7f630c,2025-11-01,13,552,138,7
USG-b2d16aa0,CUST-2e7f630c,2025-12-01,14,705,141,7
USG-e54a8b3e,CUST-2e7f630c,2026-01-01,16,322,161,5
USG-d2e69ee6,CUST-2e7f630c,2026-02-01,17,344,172,5
USG-a363cce8,CUST-2e7f630c,2026-03-01,18,744,186,9
USG-f5d64251,CUST-2e7f630c,2026-04-01,17,688,172,8
USG-7ba973c3,CUST-3f158293,2025-11-01,28,1120,280,6
USG-9640cd40,CUST-3f158293,2025-12-01,32,1304,326,8
USG-9f481eac,CUST-3f158293,2026-01-01,38,1161,387,1
USG-361e92a3,CUST-3f158293,2026-02-01,29,888,296,8
USG-82bc262e,CUST-3f158293,2026-03-01,1,2,1,2
USG-b21d911a,CUST-3f158293,2026-04-01,1,10,5,6
USG-b5d79cb6,CUST-9886d86e,2026-02-01,7,154,77,6
USG-8e10275e,CUST-9886d86e,2026-03-01,1,3,1,7
USG-67d0f614,CUST-9886d86e,2026-04-01,1,0,0,9
USG-4f3834cf,CUST-80093d6e,2024-12-01,19,955,191,10
USG-4b8859df,CUST-80093d6e,2025-01-01,16,640,160,2
USG-502af6d4,CUST-80093d6e,2025-02-01,17,170,170,6
USG-0b99f6da,CUST-80093d6e,2025-03-01,20,205,205,6
USG-85a451d2,CUST-80093d6e,2025-04-01,19,192,192,6
USG-8f56d87d,CUST-80093d6e,2025-05-01,20,404,202,6
USG-5dc12fc7,CUST-80093d6e,2025-06-01,15,153,153,4
USG-b9259097,CUST-80093d6e,2025-07-01,18,945,189,5
USG-c9ff5a07,CUST-80093d6e,2025-08-01,16,660,165,1
USG-673fc837,CUST-80093d6e,2025-09-01,16,810,162,4
USG-4704d743,CUST-80093d6e,2025-10-01,15,318,159,4
USG-f37beb76,CUST-80093d6e,2025-11-01,14,149,149,1
USG-c00e6241,CUST-80093d6e,2025-12-01,18,362,181,10
USG-406f330a,CUST-80093d6e,2026-01-01,15,474,158,4
USG-d91fd6fc,CUST-80093d6e,2026-02-01,18,567,189,2
USG-9f9ca480,CUST-80093d6e,2026-03-01,1,2,2,9
USG-b29021b0,CUST-80093d6e,2026-04-01,1,15,3,4
USG-314d4dc9,CUST-83184d71,2024-09-01,15,312,156,8
USG-60e57f15,CUST-83184d71,2024-10-01,16,664,166,10
USG-be2bbc48,CUST-83184d71,2024-11-01,16,320,160,5
USG-306a409f,CUST-83184d71,2024-12-01,11,236,118,2
USG-10015c2a,CUST-83184d71,2025-01-01,16,676,169,9
USG-a74819e7,CUST-83184d71,2025-02-01,12,124,124,4
USG-27f64b2f,CUST-83184d71,2025-03-01,14,720,144,9
USG-f363de0b,CUST-83184d71,2025-04-01,12,120,120,1
USG-fe9f1ae4,CUST-83184d71,2025-05-01,17,855,171,7
USG-6c9ee344,CUST-83184d71,2025-06-01,12,372,124,3
USG-91591384,CUST-83184d71,2025-07-01,17,516,172,8
USG-984cbc4c,CUST-83184d71,2025-08-01,14,730,146,7
USG-8a366085,CUST-83184d71,2025-09-01,16,489,163,6
USG-92a3dd3f,CUST-83184d71,2025-10-01,14,580,145,5
USG-f5cbd555,CUST-83184d71,2025-11-01,16,483,161,3
USG-511931ef,CUST-83184d71,2025-12-01,14,420,140,9
USG-8284eb9a,CUST-83184d71,2026-01-01,14,730,146,3
USG-9a531a2b,CUST-83184d71,2026-02-01,12,508,127,3
USG-aea9aa31,CUST-83184d71,2026-03-01,1,6,2,5
USG-b4aaa62c,CUST-83184d71,2026-04-01,1,10,5,3
USG-24349308,CUST-3a3c4315,2024-10-01,31,936,312,2
USG-8b76210f,CUST-3a3c4315,2024-11-01,27,1112,278,9
USG-a29f288f,CUST-3a3c4315,2024-12-01,36,722,361,9
USG-67f8e045,CUST-3a3c4315,2025-01-01,27,273,273,4
USG-ccf20c13,CUST-3a3c4315,2025-02-01,30,909,303,4
USG-2e36fa5c,CUST-3a3c4315,2025-03-01,34,1720,344,3
USG-72f11126,CUST-3a3c4315,2025-04-01,33,1352,338,3
USG-80597af0,CUST-3a3c4315,2025-05-01,27,810,270,8
USG-c4040e59,CUST-3a3c4315,2025-06-01,32,1292,323,7
USG-8657226c,CUST-3a3c4315,2025-07-01,39,392,392,9
USG-a7744e84,CUST-3a3c4315,2025-08-01,28,1430,286,8
USG-d89360aa,CUST-3a3c4315,2025-09-01,30,1545,309,8
USG-b6c1936f,CUST-3a3c4315,2025-10-01,28,560,280,1
USG-37b222da,CUST-3a3c4315,2025-11-01,35,1059,353,4
USG-8333284e,CUST-3a3c4315,2025-12-01,27,558,279,7
USG-8f562d3c,CUST-3a3c4315,2026-01-01,34,1720,344,4
USG-90001055,CUST-3a3c4315,2026-02-01,28,566,283,7
USG-a014d363,CUST-3a3c4315,2026-03-01,28,286,286,8
USG-5032c49c,CUST-3a3c4315,2026-04-01,38,383,383,5
USG-3dd370f8,CUST-4ae9d46a,2024-11-01,48,978,489,1
USG-5d5b2f70,CUST-4ae9d46a,2024-12-01,43,436,436,1
USG-343d08a5,CUST-4ae9d46a,2025-01-01,46,464,464,5
USG-61e3e9e1,CUST-4ae9d46a,2025-02-01,48,1449,483,3
USG-64f59545,CUST-4ae9d46a,2025-03-01,42,2145,429,7
USG-097d4e6d,CUST-4ae9d46a,2025-04-01,48,1455,485,8
USG-1d4db20e,CUST-4ae9d46a,2025-05-01,38,764,382,4
USG-4a2651e8,CUST-4ae9d46a,2025-06-01,34,1710,342,8
USG-a855c78b,CUST-4ae9d46a,2025-07-01,34,347,347,6
USG-8f4f3177,CUST-4ae9d46a,2025-08-01,36,736,368,5
USG-d14181b7,CUST-4ae9d46a,2025-09-01,46,1844,461,3
USG-15079f88,CUST-4ae9d46a,2025-10-01,43,2170,434,8
USG-ef136fdd,CUST-4ae9d46a,2025-11-01,33,335,335,1
USG-69f6b710,CUST-4ae9d46a,2025-12-01,45,1362,454,4
USG-846851b9,CUST-4ae9d46a,2026-01-01,37,1895,379,10
USG-3f9eb8b3,CUST-4ae9d46a,2026-02-01,41,2065,413,6
USG-57b3435e,CUST-4ae9d46a,2026-03-01,46,1860,465,2
USG-b4eb5195,CUST-4ae9d46a,2026-04-01,45,2260,452,9
USG-27703406,CUST-80bca1f4,2025-08-01,6,256,64,9
USG-725a3f82,CUST-80bca1f4,2025-09-01,5,108,54,2
USG-bda81967,CUST-80bca1f4,2025-10-01,5,265,53,3
USG-2abc655f,CUST-80bca1f4,2025-11-01,5,168,56,4
USG-0ed94a8b,CUST-80bca1f4,2025-12-01,5,112,56,9
USG-c9e55f0f,CUST-80bca1f4,2026-01-01,4,144,48,10
USG-eabf243b,CUST-80bca1f4,2026-02-01,6,130,65,4
USG-3e3b5ad0,CUST-80bca1f4,2026-03-01,4,96,48,3
USG-65572c50,CUST-80bca1f4,2026-04-01,5,250,50,6
USG-8cd6faf2,CUST-6e07e054,2026-01-01,14,592,148,1
USG-01f009ec,CUST-6e07e054,2026-02-01,13,264,132,2
USG-793d4a6f,CUST-6e07e054,2026-03-01,17,860,172,4
USG-0aafc111,CUST-6e07e054,2026-04-01,16,810,162,8
USG-56f5a87a,CUST-3c6e03c7,2024-08-01,16,660,165,5
USG-75f6e9eb,CUST-3c6e03c7,2024-09-01,13,134,134,4
USG-e7b1eecf,CUST-3c6e03c7,2024-10-01,16,644,161,6
USG-601f49a5,CUST-3c6e03c7,2024-11-01,16,161,161,8
USG-4fd59fa7,CUST-3c6e03c7,2024-12-01,15,318,159,3
USG-d74b1f78,CUST-3c6e03c7,2025-01-01,19,955,191,3
USG-086d9ee1,CUST-3c6e03c7,2025-02-01,14,284,142,9
USG-a20c1b9c,CUST-3c6e03c7,2025-03-01,14,710,142,4
USG-1b3994be,CUST-3c6e03c7,2025-04-01,19,960,192,7
USG-0bf1c41d,CUST-3c6e03c7,2025-05-01,19,960,192,3
USG-7e89cd85,CUST-3c6e03c7,2025-06-01,16,498,166,8
USG-55017d90,CUST-3c6e03c7,2025-07-01,14,429,143,4
USG-911dcd70,CUST-3c6e03c7,2025-08-01,17,348,174,1
USG-c47ad60b,CUST-3c6e03c7,2025-09-01,19,585,195,10
USG-55b73899,CUST-3c6e03c7,2025-10-01,20,804,201,10
USG-768c0116,CUST-3c6e03c7,2025-11-01,14,145,145,7
USG-ae3313fd,CUST-3c6e03c7,2025-12-01,16,644,161,1
USG-64357cd5,CUST-3c6e03c7,2026-01-01,19,970,194,6
USG-9f47eb29,CUST-3c6e03c7,2026-02-01,20,200,200,3
USG-1080d7ce,CUST-3c6e03c7,2026-03-01,14,444,148,4
USG-a2080e3b,CUST-3c6e03c7,2026-04-01,20,1005,201,5
USG-392fcc9e,CUST-6f068a29,2025-07-01,35,1760,352,2
USG-3489724d,CUST-6f068a29,2025-08-01,25,1290,258,5
USG-6f1971db,CUST-6f068a29,2025-09-01,36,1456,364,6
USG-ec338ce6,CUST-6f068a29,2025-10-01,25,768,256,3
USG-48b11e83,CUST-6f068a29,2025-11-01,25,1036,259,4
USG-ad119272,CUST-6f068a29,2025-12-01,30,302,302,8
USG-dd465d16,CUST-6f068a29,2026-01-01,33,337,337,5
USG-a7e8d8e2,CUST-6f068a29,2026-02-01,31,626,313,7
USG-25b67f26,CUST-6f068a29,2026-03-01,1,10,2,2
USG-417369b9,CUST-6f068a29,2026-04-01,1,0,0,6
USG-1d6c1250,CUST-6c2cc678,2026-02-01,28,861,287,9
USG-4aa0c166,CUST-6c2cc678,2026-03-01,34,1029,343,10
USG-cae5f16f,CUST-6c2cc678,2026-04-01,35,716,358,2
USG-1dc84447,CUST-f8402d43,2025-08-01,29,1470,294,4
USG-411e50b9,CUST-f8402d43,2025-09-01,38,766,383,7
USG-84c695e2,CUST-f8402d43,2025-10-01,28,1148,287,6
USG-26f67bbc,CUST-f8402d43,2025-11-01,33,674,337,8
USG-a4859d99,CUST-f8402d43,2025-12-01,31,1256,314,9
USG-5b05779e,CUST-f8402d43,2026-01-01,32,1304,326,6
USG-bc13348a,CUST-f8402d43,2026-02-01,33,1008,336,9
USG-6664ecdf,CUST-f8402d43,2026-03-01,31,636,318,5
USG-25affc2a,CUST-f8402d43,2026-04-01,27,822,274,10
USG-4308cb20,CUST-e32c940e,2024-11-01,4,96,48,9
USG-69c7a020,CUST-e32c940e,2024-12-01,3,190,38,9
USG-47d9e373,CUST-e32c940e,2025-01-01,5,104,52,7
USG-04dd5b90,CUST-e32c940e,2025-02-01,5,104,52,4
USG-492846ae,CUST-e32c940e,2025-03-01,4,205,41,1
USG-ef7943e3,CUST-e32c940e,2025-04-01,5,200,50,7
USG-ae57cbde,CUST-e32c940e,2025-05-01,3,39,39,1
USG-b5a18413,CUST-e32c940e,2025-06-01,3,39,39,4
USG-2b91d674,CUST-e32c940e,2025-07-01,4,147,49,5
USG-187b40e5,CUST-e32c940e,2025-08-01,4,47,47,5
USG-46d2280f,CUST-e32c940e,2025-09-01,4,84,42,7
USG-4d2ddce9,CUST-e32c940e,2025-10-01,5,220,55,10
USG-a1ddefd6,CUST-e32c940e,2025-11-01,4,40,40,5
USG-c3c1d096,CUST-e32c940e,2025-12-01,5,280,56,1
USG-ee814611,CUST-e32c940e,2026-01-01,3,195,39,7
USG-9be5bf91,CUST-e32c940e,2026-02-01,3,156,39,5
USG-523c332e,CUST-e32c940e,2026-03-01,5,265,53,1
USG-81b07941,CUST-e32c940e,2026-04-01,4,215,43,10
USG-e87cfd30,CUST-d9ea3633,2025-05-01,41,1668,417,4
USG-f9d1a958,CUST-d9ea3633,2025-06-01,50,505,505,7
USG-a197ce3a,CUST-d9ea3633,2025-07-01,48,2445,489,7
USG-a61992e0,CUST-d9ea3633,2025-08-01,49,982,491,7
USG-adf6eda8,CUST-d9ea3633,2025-09-01,48,489,489,10
USG-98b3edac,CUST-d9ea3633,2025-10-01,53,534,534,1
USG-76c429d0,CUST-d9ea3633,2025-11-01,55,1118,559,8
USG-af412a5b,CUST-d9ea3633,2025-12-01,43,1305,435,4
USG-9037f599,CUST-d9ea3633,2026-01-01,53,533,533,6
USG-2b911c5c,CUST-d9ea3633,2026-02-01,50,2000,500,10
USG-4c8017ba,CUST-d9ea3633,2026-03-01,51,1024,512,5
USG-a5336d8b,CUST-d9ea3633,2026-04-01,58,2905,581,8
USG-f2968c2c,CUST-44d79622,2024-11-01,6,201,67,6
USG-5ecb88cd,CUST-44d79622,2024-12-01,7,292,73,10
USG-ff0ebce1,CUST-44d79622,2025-01-01,5,220,55,8
USG-1869134d,CUST-44d79622,2025-02-01,5,50,50,6
USG-a3409361,CUST-44d79622,2025-03-01,5,290,58,2
USG-2a9e620b,CUST-44d79622,2025-04-01,7,284,71,8
USG-2ce74eb4,CUST-44d79622,2025-05-01,5,110,55,7
USG-875441df,CUST-44d79622,2025-06-01,5,250,50,7
USG-daf4dec6,CUST-44d79622,2025-07-01,6,252,63,9
USG-b3ff9e2f,CUST-44d79622,2025-08-01,6,320,64,9
USG-1aec944e,CUST-44d79622,2025-09-01,6,60,60,1
USG-a306ecaf,CUST-44d79622,2025-10-01,7,365,73,6
USG-b9682398,CUST-44d79622,2025-11-01,6,268,67,4
USG-2751b068,CUST-44d79622,2025-12-01,7,370,74,7
USG-8ec8ef9d,CUST-44d79622,2026-01-01,7,300,75,10
USG-00413f14,CUST-44d79622,2026-02-01,5,114,57,4
USG-53d9b819,CUST-44d79622,2026-03-01,1,9,3,5
USG-d9d3fade,CUST-44d79622,2026-04-01,1,3,3,3
USG-23a0d835,CUST-1fbea813,2026-03-01,18,720,180,7
USG-58c7a4ba,CUST-1fbea813,2026-04-01,23,928,232,6
USG-121647ae,CUST-8980999c,2025-02-01,30,900,300,6
USG-fa0261c1,CUST-8980999c,2025-03-01,31,1264,316,7
USG-96876c7d,CUST-8980999c,2025-04-01,32,1640,328,5
USG-c75b4ec2,CUST-8980999c,2025-05-01,37,373,373,6
USG-2f156b76,CUST-8980999c,2025-06-01,29,590,295,5
USG-a77f90d5,CUST-8980999c,2025-07-01,35,1074,358,6
USG-4d141493,CUST-8980999c,2025-08-01,33,664,332,5
USG-a834ac91,CUST-8980999c,2025-09-01,25,762,254,4
USG-5c7785f2,CUST-8980999c,2025-10-01,30,612,306,10
USG-bf040eda,CUST-8980999c,2025-11-01,33,1660,332,5
USG-46896489,CUST-8980999c,2025-12-01,33,1680,336,10
USG-e5f279b5,CUST-8980999c,2026-01-01,30,602,301,10
USG-dbff53ed,CUST-8980999c,2026-02-01,28,283,283,4
USG-b08eb218,CUST-8980999c,2026-03-01,30,918,306,5
USG-e39be4d6,CUST-8980999c,2026-04-01,32,320,320,8
USG-858c6c7a,CUST-20c3584e,2024-07-01,22,446,223,9
USG-13a880f4,CUST-20c3584e,2024-08-01,24,1230,246,6
USG-97c5e2d4,CUST-20c3584e,2024-09-01,32,1625,325,4
USG-ef8ee0c8,CUST-20c3584e,2024-10-01,24,1215,243,2
USG-d151111c,CUST-20c3584e,2024-11-01,24,1245,249,7
USG-acf78ed2,CUST-20c3584e,2024-12-01,25,1280,256,1
USG-33fc517c,CUST-20c3584e,2025-01-01,29,897,299,1
USG-485d28ff,CUST-20c3584e,2025-02-01,27,1100,275,4
USG-92c2b978,CUST-20c3584e,2025-03-01,22,684,228,2
USG-876b6bf7,CUST-20c3584e,2025-04-01,26,1044,261,4
USG-228a318e,CUST-20c3584e,2025-05-01,24,726,242,1
USG-6c7df473,CUST-20c3584e,2025-06-01,25,257,257,3
USG-89dd6de4,CUST-20c3584e,2025-07-01,26,1335,267,4
USG-1a3d69cf,CUST-20c3584e,2025-08-01,31,1276,319,10
USG-a629606d,CUST-20c3584e,2025-09-01,27,540,270,5
USG-c0bc5cb4,CUST-20c3584e,2025-10-01,32,1300,325,5
USG-39148ab7,CUST-20c3584e,2025-11-01,29,882,294,7
USG-06f1ae77,CUST-20c3584e,2025-12-01,31,318,318,4
USG-6d69886a,CUST-20c3584e,2026-01-01,24,492,246,8
USG-dbb544ae,CUST-20c3584e,2026-02-01,24,1220,244,10
USG-d778695b,CUST-20c3584e,2026-03-01,1,9,3,2
USG-56cfd436,CUST-20c3584e,2026-04-01,1,10,2,3
USG-bb349d0b,CUST-8b51999d,2024-05-01,33,1680,336,5
USG-fb8914a7,CUST-8b51999d,2024-06-01,46,462,462,1
USG-e83c58c5,CUST-8b51999d,2024-07-01,47,471,471,3
USG-0f6c0731,CUST-8b51999d,2024-08-01,43,1724,431,1
USG-8d885c41,CUST-8b51999d,2024-09-01,40,2035,407,2
USG-bfba7e9a,CUST-8b51999d,2024-10-01,43,2195,439,6
USG-aa7f3d0d,CUST-8b51999d,2024-11-01,34,1038,346,9
USG-9587b32d,CUST-8b51999d,2024-12-01,37,1484,371,8
USG-bfa78411,CUST-8b51999d,2025-01-01,42,1680,420,4
USG-cdc75f00,CUST-8b51999d,2025-02-01,41,826,413,1
USG-41b09227,CUST-8b51999d,2025-03-01,39,1194,398,5
USG-444b9150,CUST-8b51999d,2025-04-01,36,1089,363,8
USG-9bd397b0,CUST-8b51999d,2025-05-01,46,1407,469,5
USG-767b3eb5,CUST-8b51999d,2025-06-01,44,1772,443,9
USG-f6bfff20,CUST-8b51999d,2025-07-01,42,1272,424,1
USG-4399b0ba,CUST-8b51999d,2025-08-01,48,1449,483,3
USG-0b0902f2,CUST-8b51999d,2025-09-01,39,790,395,8
USG-1466c77a,CUST-8b51999d,2025-10-01,33,1328,332,9
USG-a6ec8b08,CUST-8b51999d,2025-11-01,40,1620,405,8
USG-014a02b2,CUST-8b51999d,2025-12-01,33,337,337,9
USG-5cfee055,CUST-8b51999d,2026-01-01,43,439,439,3
USG-cbdada14,CUST-8b51999d,2026-02-01,42,852,426,7
USG-759bd8d6,CUST-8b51999d,2026-03-01,47,958,479,10
USG-f2448ce4,CUST-8b51999d,2026-04-01,34,692,346,8
USG-c7ec24bb,CUST-50746848,2025-06-01,22,1105,221,10
USG-f4e7c36f,CUST-50746848,2025-07-01,24,744,248,2
USG-5b1d83db,CUST-50746848,2025-08-01,26,530,265,4
USG-8f6fd99e,CUST-50746848,2025-09-01,24,1225,245,8
USG-3543728a,CUST-50746848,2025-10-01,19,985,197,1
USG-a035527e,CUST-50746848,2025-11-01,24,244,244,1
USG-7ef8b559,CUST-50746848,2025-12-01,25,1032,258,6
USG-cace3fe8,CUST-50746848,2026-01-01,20,208,208,7
USG-782d8a23,CUST-50746848,2026-02-01,22,892,223,1
USG-95a30c7a,CUST-50746848,2026-03-01,29,1455,291,4
USG-7b783f4d,CUST-50746848,2026-04-01,27,813,271,8
USG-7cea1fad,CUST-50746848,2026-05-01,24,747,249,9
USG-c151d3de,CUST-5d17ecf7,2024-09-01,12,246,123,5
USG-1c0922c0,CUST-5d17ecf7,2024-10-01,11,330,110,8
USG-e70ba861,CUST-5d17ecf7,2024-11-01,9,291,97,5
USG-bfd33ce6,CUST-5d17ecf7,2024-12-01,11,118,118,5
USG-27e3cbb3,CUST-5d17ecf7,2025-01-01,12,630,126,3
USG-33d90339,CUST-5d17ecf7,2025-02-01,10,545,109,1
USG-a21b1e38,CUST-5d17ecf7,2025-03-01,11,230,115,2
USG-3ddb1678,CUST-5d17ecf7,2025-04-01,12,630,126,9
USG-30b00037,CUST-5d17ecf7,2025-05-01,9,392,98,5
USG-88fba1b0,CUST-5d17ecf7,2025-06-01,9,98,98,7
USG-b961c309,CUST-5d17ecf7,2025-07-01,10,545,109,6
USG-8cda740d,CUST-5d17ecf7,2025-08-01,12,600,120,5
USG-122a7083,CUST-5d17ecf7,2025-09-01,12,387,129,1
USG-5163e5d9,CUST-5d17ecf7,2025-10-01,11,560,112,6
USG-8a346140,CUST-5d17ecf7,2025-11-01,13,655,131,4
USG-73d9f4cb,CUST-5d17ecf7,2025-12-01,8,178,89,1
USG-89d0772e,CUST-5d17ecf7,2026-01-01,10,324,108,7
USG-593df126,CUST-5d17ecf7,2026-02-01,8,264,88,3
USG-5f5bbe48,CUST-5d17ecf7,2026-03-01,10,530,106,1
USG-f020878b,CUST-5d17ecf7,2026-04-01,9,279,93,3
USG-e7f710f9,CUST-da2d4335,2024-12-01,13,130,130,3
USG-3aa352c1,CUST-da2d4335,2025-01-01,11,595,119,10
USG-83fa7b50,CUST-da2d4335,2025-02-01,11,220,110,4
USG-d7e8cdf0,CUST-da2d4335,2025-03-01,9,460,92,3
USG-88e449dd,CUST-da2d4335,2025-04-01,13,399,133,7
USG-78defdc5,CUST-da2d4335,2025-05-01,10,108,108,4
USG-60e741a7,CUST-da2d4335,2025-06-01,9,465,93,10
USG-ff2e133d,CUST-da2d4335,2025-07-01,9,291,97,5
USG-d414527e,CUST-da2d4335,2025-08-01,12,129,129,3
USG-ce3a6ae1,CUST-da2d4335,2025-09-01,12,246,123,3
USG-31f7fe02,CUST-da2d4335,2025-10-01,9,186,93,10
USG-4d8755c2,CUST-da2d4335,2025-11-01,10,108,108,9
USG-3838a2d1,CUST-da2d4335,2025-12-01,13,408,136,1
USG-52ad14d5,CUST-da2d4335,2026-01-01,9,186,93,4
USG-110868e3,CUST-da2d4335,2026-02-01,9,475,95,3
USG-5e82eb6e,CUST-da2d4335,2026-03-01,1,5,5,7
USG-7d0f45ed,CUST-da2d4335,2026-04-01,1,8,4,1
USG-b6901032,CUST-23530c93,2024-12-01,16,165,165,1
USG-cfb51c50,CUST-23530c93,2025-01-01,16,168,168,6
USG-8dee406d,CUST-23530c93,2025-02-01,15,450,150,8
USG-426c3641,CUST-23530c93,2025-03-01,14,725,145,6
USG-ecc29360,CUST-23530c93,2025-04-01,16,640,160,10
USG-4467365f,CUST-23530c93,2025-05-01,16,320,160,10
USG-37e97309,CUST-23530c93,2025-06-01,18,368,184,5
USG-002c9949,CUST-23530c93,2025-07-01,18,555,185,6
USG-579d2c77,CUST-23530c93,2025-08-01,14,146,146,6
USG-07335746,CUST-23530c93,2025-09-01,18,935,187,3
USG-55480180,CUST-23530c93,2025-10-01,16,326,163,9
USG-31169937,CUST-23530c93,2025-11-01,18,752,188,5
USG-fa3bba01,CUST-23530c93,2025-12-01,18,935,187,6
USG-616d2495,CUST-23530c93,2026-01-01,18,188,188,9
USG-d917e3af,CUST-23530c93,2026-02-01,15,459,153,6
USG-4c78f4db,CUST-23530c93,2026-03-01,17,692,173,9
USG-746b630f,CUST-23530c93,2026-04-01,18,182,182,6
USG-2f10df14,CUST-05d2aa92,2024-08-01,44,442,442,4
USG-9b125eaa,CUST-05d2aa92,2024-09-01,38,1940,388,2
USG-085fef69,CUST-05d2aa92,2024-10-01,48,2435,487,6
USG-dc470f94,CUST-05d2aa92,2024-11-01,53,1614,538,9
USG-21b811f8,CUST-05d2aa92,2024-12-01,46,464,464,6
USG-7ffb35d4,CUST-05d2aa92,2025-01-01,38,1143,381,9
USG-8b404fdb,CUST-05d2aa92,2025-02-01,48,2415,483,2
USG-36c00587,CUST-05d2aa92,2025-03-01,54,1635,545,1
USG-e52d06b0,CUST-05d2aa92,2025-04-01,47,948,474,5
USG-ed6ca9a9,CUST-05d2aa92,2025-05-01,43,1296,432,1
USG-ebf9fc8b,CUST-05d2aa92,2025-06-01,42,1269,423,1
USG-37a3be07,CUST-05d2aa92,2025-07-01,46,1848,462,10
USG-b6e17784,CUST-05d2aa92,2025-08-01,55,1662,554,6
USG-fa81e8ee,CUST-05d2aa92,2025-09-01,49,984,492,6
USG-42687e60,CUST-05d2aa92,2025-10-01,54,2705,541,9
USG-4e2a0e27,CUST-05d2aa92,2025-11-01,39,393,393,9
USG-8356b9ca,CUST-05d2aa92,2025-12-01,52,1042,521,3
USG-b0ecfd36,CUST-05d2aa92,2026-01-01,46,1386,462,5
USG-72e0799f,CUST-05d2aa92,2026-02-01,46,1848,462,8
USG-769a7e73,CUST-05d2aa92,2026-03-01,1,9,3,6
USG-e73eed8d,CUST-05d2aa92,2026-04-01,1,8,4,6
USG-f1d99175,CUST-400a8771,2026-02-01,17,178,178,3
USG-2099034e,CUST-400a8771,2026-03-01,1,5,1,8
USG-447dbdbe,CUST-400a8771,2026-04-01,1,3,1,10
USG-bc56ace0,CUST-107242d5,2024-07-01,47,1908,477,10
USG-1c89dc0d,CUST-107242d5,2024-08-01,41,419,419,1
USG-8cd55f49,CUST-107242d5,2024-09-01,42,1269,423,6
USG-f2bcdd51,CUST-107242d5,2024-10-01,49,2455,491,5
USG-4d07eca8,CUST-107242d5,2024-11-01,43,1299,433,10
USG-ea64f1d2,CUST-107242d5,2024-12-01,45,1824,456,8
USG-f1e9285e,CUST-107242d5,2025-01-01,49,492,492,7
USG-5a5671e8,CUST-107242d5,2025-02-01,41,824,412,10
USG-eae9e44d,CUST-107242d5,2025-03-01,39,1588,397,8
USG-adf31852,CUST-107242d5,2025-04-01,35,1077,359,6
USG-934ddb87,CUST-107242d5,2025-05-01,43,1317,439,1
USG-7c68bdd2,CUST-107242d5,2025-06-01,49,1992,498,7
USG-1322a6ec,CUST-107242d5,2025-07-01,41,2075,415,1
USG-a7a81d2b,CUST-107242d5,2025-08-01,40,403,403,3
USG-7932c9d6,CUST-107242d5,2025-09-01,49,988,494,8
USG-92c26c8b,CUST-107242d5,2025-10-01,36,1460,365,7
USG-cb0021b2,CUST-107242d5,2025-11-01,40,401,401,5
USG-d1112fb4,CUST-107242d5,2025-12-01,47,478,478,4
USG-fb7c9860,CUST-107242d5,2026-01-01,38,1544,386,1
USG-1ffb786b,CUST-107242d5,2026-02-01,34,1047,349,6
USG-c829e666,CUST-107242d5,2026-03-01,39,794,397,5
USG-ba8cc28a,CUST-107242d5,2026-04-01,40,2000,400,6
USG-7eb6f042,CUST-7bcf372b,2024-08-01,52,2100,525,3
USG-8e67a644,CUST-7bcf372b,2024-09-01,54,2196,549,9
USG-b466af47,CUST-7bcf372b,2024-10-01,54,1096,548,4
USG-a7b69f62,CUST-7bcf372b,2024-11-01,44,1760,440,7
USG-eda52acd,CUST-7bcf372b,2024-12-01,44,448,448,9
USG-1c1715b2,CUST-7bcf372b,2025-01-01,52,2615,523,6
USG-e99aeae1,CUST-7bcf372b,2025-02-01,51,1536,512,10
USG-f920258d,CUST-7bcf372b,2025-03-01,38,1940,388,7
USG-cb4a9edb,CUST-7bcf372b,2025-04-01,51,512,512,5
USG-f0c72376,CUST-7bcf372b,2025-05-01,40,1632,408,2
USG-47e8f68b,CUST-7bcf372b,2025-06-01,43,1317,439,8
USG-203f87c6,CUST-7bcf372b,2025-07-01,47,948,474,2
USG-cdea7394,CUST-7bcf372b,2025-08-01,48,2435,487,8
USG-ea476a99,CUST-7bcf372b,2025-09-01,47,958,479,7
USG-4e68f19f,CUST-7bcf372b,2025-10-01,47,474,474,10
USG-33b266b0,CUST-7bcf372b,2025-11-01,49,994,497,2
USG-20c716b8,CUST-7bcf372b,2025-12-01,49,1980,495,1
USG-e641ba1e,CUST-7bcf372b,2026-01-01,46,2340,468,9
USG-03e3b427,CUST-7bcf372b,2026-02-01,47,472,472,2
USG-76f3e437,CUST-7bcf372b,2026-03-01,1,0,0,6
USG-26704af8,CUST-7bcf372b,2026-04-01,1,8,4,10
USG-3cf3a617,CUST-174cc56b,2025-08-01,4,123,41,4
USG-143ff6f9,CUST-174cc56b,2025-09-01,4,86,43,7
USG-e7a62848,CUST-174cc56b,2025-10-01,4,45,45,10
USG-e53b753d,CUST-174cc56b,2025-11-01,5,108,54,4
USG-f2360243,CUST-174cc56b,2025-12-01,5,232,58,4
USG-8fc8facc,CUST-174cc56b,2026-01-01,4,49,49,3
USG-99e170c5,CUST-174cc56b,2026-02-01,5,116,58,9
USG-f92abc6e,CUST-174cc56b,2026-03-01,1,16,4,9
USG-c6f24031,CUST-174cc56b,2026-04-01,1,1,1,9
USG-a0345e34,CUST-5e40f4e9,2025-01-01,29,1470,294,5
USG-47beb93b,CUST-5e40f4e9,2025-02-01,25,1028,257,9
USG-c21c1408,CUST-5e40f4e9,2025-03-01,23,944,236,8
USG-34b3dc37,CUST-5e40f4e9,2025-04-01,27,548,274,5
USG-d5ca58ed,CUST-5e40f4e9,2025-05-01,32,648,324,1
USG-c2bf7b86,CUST-5e40f4e9,2025-06-01,28,858,286,9
USG-f8cb0d04,CUST-5e40f4e9,2025-07-01,30,608,304,5
USG-b39168b9,CUST-5e40f4e9,2025-08-01,24,984,246,7
USG-2f3c90af,CUST-5e40f4e9,2025-09-01,25,774,258,3
USG-3d116ddc,CUST-5e40f4e9,2025-10-01,30,1228,307,5
USG-2f2de6bf,CUST-5e40f4e9,2025-11-01,25,256,256,5
USG-2dde6924,CUST-5e40f4e9,2025-12-01,27,1385,277,4
USG-ad8d089c,CUST-5e40f4e9,2026-01-01,31,624,312,8
USG-5c57b7c7,CUST-5e40f4e9,2026-02-01,29,1172,293,7
USG-4b18e75f,CUST-5e40f4e9,2026-03-01,1,4,1,10
USG-80414334,CUST-5e40f4e9,2026-04-01,1,15,5,9
USG-a467f7d2,CUST-af3f30f7,2025-07-01,6,305,61,8
USG-a18dfe35,CUST-af3f30f7,2025-08-01,5,165,55,5
USG-edfdc1d8,CUST-af3f30f7,2025-09-01,5,118,59,5
USG-29e4f1de,CUST-af3f30f7,2025-10-01,5,216,54,2
USG-8703ff76,CUST-af3f30f7,2025-11-01,5,156,52,7
USG-09880aa6,CUST-af3f30f7,2025-12-01,6,128,64,10
USG-f0778021,CUST-af3f30f7,2026-01-01,5,177,59,4
USG-f74d3437,CUST-af3f30f7,2026-02-01,4,141,47,6
USG-f4353056,CUST-af3f30f7,2026-03-01,1,12,3,5
USG-7a878248,CUST-af3f30f7,2026-04-01,1,10,5,4
USG-55288592,CUST-ef5bfb52,2024-12-01,29,590,295,7
USG-41804a18,CUST-ef5bfb52,2025-01-01,36,1805,361,1
USG-ef37132a,CUST-ef5bfb52,2025-02-01,36,1840,368,7
USG-89ef15f4,CUST-ef5bfb52,2025-03-01,29,1465,293,7
USG-ee0b0d66,CUST-ef5bfb52,2025-04-01,30,1545,309,2
USG-ad208c96,CUST-ef5bfb52,2025-05-01,38,383,383,9
USG-e2fe592d,CUST-ef5bfb52,2025-06-01,28,564,282,10
USG-a5fbc62c,CUST-ef5bfb52,2025-07-01,36,720,360,4
USG-a165823d,CUST-ef5bfb52,2025-08-01,34,690,345,5
USG-08f4150f,CUST-ef5bfb52,2025-09-01,30,1232,308,3
USG-c3ddbc67,CUST-ef5bfb52,2025-10-01,28,283,283,4
USG-fda9fa00,CUST-ef5bfb52,2025-11-01,31,638,319,8
USG-81b584d5,CUST-ef5bfb52,2025-12-01,35,1050,350,1
USG-54766063,CUST-ef5bfb52,2026-01-01,38,386,386,4
USG-005d3f74,CUST-ef5bfb52,2026-02-01,32,1300,325,5
USG-7772f8dc,CUST-ef5bfb52,2026-03-01,35,1750,350,6
USG-e9c2f62b,CUST-ef5bfb52,2026-04-01,32,646,323,1
USG-fc707747,CUST-c7fa1a97,2025-01-01,43,1317,439,6
USG-ec4e2d1e,CUST-c7fa1a97,2025-02-01,50,1503,501,8
USG-21fc9de0,CUST-c7fa1a97,2025-03-01,51,1548,516,8
USG-154c4618,CUST-c7fa1a97,2025-04-01,48,2425,485,1
USG-7b2d191c,CUST-c7fa1a97,2025-05-01,39,1194,398,6
USG-390c435a,CUST-c7fa1a97,2025-06-01,40,802,401,7
USG-2c548e41,CUST-c7fa1a97,2025-07-01,51,2044,511,7
USG-44723526,CUST-c7fa1a97,2025-08-01,43,1314,438,10
USG-13a96927,CUST-c7fa1a97,2025-09-01,43,1756,439,4
USG-2b389ab0,CUST-c7fa1a97,2025-10-01,42,420,420,6
USG-2ee29f7c,CUST-c7fa1a97,2025-11-01,46,1401,467,7
USG-3c23ac6e,CUST-c7fa1a97,2025-12-01,45,1368,456,5
USG-ddcf7184,CUST-c7fa1a97,2026-01-01,42,422,422,5
USG-8360d8e9,CUST-c7fa1a97,2026-02-01,41,2085,417,7
USG-d4cc1139,CUST-c7fa1a97,2026-03-01,47,1892,473,2
USG-1b7a8328,CUST-c7fa1a97,2026-04-01,55,1110,555,1
USG-f3b32e09,CUST-622fcdda,2025-10-01,12,635,127,2
USG-52c9a4e0,CUST-622fcdda,2025-11-01,14,700,140,6
USG-7cbbe117,CUST-622fcdda,2025-12-01,14,146,146,6
USG-07eba505,CUST-622fcdda,2026-01-01,13,132,132,4
USG-5d639c0d,CUST-622fcdda,2026-02-01,12,605,121,6
USG-7d7ea414,CUST-622fcdda,2026-03-01,11,112,112,5
USG-b20d5ff5,CUST-622fcdda,2026-04-01,16,326,163,3
USG-72963b54,CUST-9ca4d98d,2024-07-01,38,1528,382,7
USG-69f5e721,CUST-9ca4d98d,2024-08-01,35,718,359,3
USG-1c58da87,CUST-9ca4d98d,2024-09-01,42,2125,425,1
USG-68aeac44,CUST-9ca4d98d,2024-10-01,41,828,414,4
USG-9fe654bb,CUST-9ca4d98d,2024-11-01,32,328,328,1
USG-14f21902,CUST-9ca4d98d,2024-12-01,35,1790,358,10
USG-27098091,CUST-9ca4d98d,2025-01-01,44,1772,443,1
USG-a3ffa315,CUST-9ca4d98d,2025-02-01,30,608,304,3
USG-54470367,CUST-9ca4d98d,2025-03-01,38,1940,388,5
USG-854b2802,CUST-9ca4d98d,2025-04-01,35,1050,350,10
USG-7c0d1a90,CUST-9ca4d98d,2025-05-01,42,1688,422,6
USG-4bc98e73,CUST-9ca4d98d,2025-06-01,39,390,390,6
USG-01e8a9a7,CUST-9ca4d98d,2025-07-01,42,1696,424,1
USG-ef31a6c1,CUST-9ca4d98d,2025-08-01,40,1209,403,10
USG-25aee3ea,CUST-9ca4d98d,2025-09-01,39,390,390,2
USG-5d499fb4,CUST-9ca4d98d,2025-10-01,41,836,418,6
USG-95d9f67e,CUST-9ca4d98d,2025-11-01,43,2165,433,4
USG-4280124a,CUST-9ca4d98d,2025-12-01,30,305,305,8
USG-f00d1b0c,CUST-9ca4d98d,2026-01-01,36,1107,369,2
USG-bad043b1,CUST-9ca4d98d,2026-02-01,33,1324,331,2
USG-f5d66502,CUST-9ca4d98d,2026-03-01,30,600,300,3
USG-a8897f04,CUST-9ca4d98d,2026-04-01,31,1570,314,10
USG-0983d74b,CUST-7f340b66,2025-03-01,22,444,222,8
USG-1098fcf7,CUST-7f340b66,2025-04-01,20,820,205,4
USG-1809ce51,CUST-7f340b66,2025-05-01,28,576,288,1
USG-2716b9cc,CUST-7f340b66,2025-06-01,22,221,221,10
USG-17c0a2ac,CUST-7f340b66,2025-07-01,20,618,206,4
USG-7b0e0e8c,CUST-7f340b66,2025-08-01,27,544,272,7
USG-5216705f,CUST-7f340b66,2025-09-01,23,705,235,7
USG-1ebd0a07,CUST-7f340b66,2025-10-01,27,554,277,4
USG-a6509788,CUST-7f340b66,2025-11-01,21,213,213,7
USG-8dbeb729,CUST-7f340b66,2025-12-01,28,864,288,9
USG-09c69932,CUST-7f340b66,2026-01-01,19,392,196,5
USG-6459dd3c,CUST-7f340b66,2026-02-01,23,714,238,6
USG-bc2c258e,CUST-7f340b66,2026-03-01,20,832,208,3
USG-ec0523fa,CUST-7f340b66,2026-04-01,28,562,281,7
USG-9213bd4d,CUST-826b669f,2025-05-01,38,384,384,3
USG-bd6bea7d,CUST-826b669f,2025-06-01,32,975,325,2
USG-27589602,CUST-826b669f,2025-07-01,26,798,266,7
USG-457bba75,CUST-826b669f,2025-08-01,33,338,338,7
USG-f6a94afb,CUST-826b669f,2025-09-01,34,1026,342,8
USG-aff963cd,CUST-826b669f,2025-10-01,39,392,392,3
USG-2ae64b9a,CUST-826b669f,2025-11-01,27,1380,276,2
USG-37ac9eee,CUST-826b669f,2025-12-01,37,1512,378,10
USG-686920a4,CUST-826b669f,2026-01-01,29,584,292,4
USG-2a01583a,CUST-826b669f,2026-02-01,31,628,314,10
USG-8ce09638,CUST-826b669f,2026-03-01,1,2,1,1
USG-bf65d1a8,CUST-826b669f,2026-04-01,1,15,5,5
USG-f21d2027,CUST-bd7a8297,2024-05-01,16,504,168,2
USG-7d187d3f,CUST-bd7a8297,2024-06-01,17,704,176,6
USG-c48b8409,CUST-bd7a8297,2024-07-01,15,152,152,8
USG-8b648ca3,CUST-bd7a8297,2024-08-01,15,318,159,3
USG-4ec03c2e,CUST-bd7a8297,2024-09-01,17,880,176,4
USG-536d1d5d,CUST-bd7a8297,2024-10-01,12,375,125,3
USG-5aa3c5f5,CUST-bd7a8297,2024-11-01,14,441,147,7
USG-339da3de,CUST-bd7a8297,2024-12-01,16,507,169,6
USG-d3c7e6c4,CUST-bd7a8297,2025-01-01,16,840,168,1
USG-b84ee209,CUST-bd7a8297,2025-02-01,13,131,131,5
USG-004dace8,CUST-bd7a8297,2025-03-01,12,127,127,6
USG-35c593ae,CUST-bd7a8297,2025-04-01,16,830,166,9
USG-e4351bb2,CUST-bd7a8297,2025-05-01,12,375,125,2
USG-c05254b7,CUST-bd7a8297,2025-06-01,12,252,126,4
USG-25792fc6,CUST-bd7a8297,2025-07-01,14,420,140,4
USG-d41c2234,CUST-bd7a8297,2025-08-01,13,548,137,4
USG-1a6302c8,CUST-bd7a8297,2025-09-01,17,170,170,6
USG-f43a8e1a,CUST-bd7a8297,2025-10-01,15,456,152,5
USG-8cf9b1d0,CUST-bd7a8297,2025-11-01,13,135,135,1
USG-c42cc04b,CUST-bd7a8297,2025-12-01,15,790,158,5
USG-822fb297,CUST-bd7a8297,2026-01-01,13,390,130,4
USG-2baaca4f,CUST-bd7a8297,2026-02-01,15,600,150,1
USG-f2fab292,CUST-bd7a8297,2026-03-01,16,324,162,2
USG-9771cdcc,CUST-bd7a8297,2026-04-01,17,171,171,5
USG-2435bcb9,CUST-99da3e5a,2024-09-01,19,386,193,6
USG-f999d2ac,CUST-99da3e5a,2024-10-01,25,1270,254,3
USG-f46c158b,CUST-99da3e5a,2024-11-01,23,478,239,4
USG-70cd8995,CUST-99da3e5a,2024-12-01,27,1370,274,8
USG-95ccc747,CUST-99da3e5a,2025-01-01,19,980,196,6
USG-f4d07be3,CUST-99da3e5a,2025-02-01,22,223,223,8
USG-5a45cee1,CUST-99da3e5a,2025-03-01,22,892,223,6
USG-621456b7,CUST-99da3e5a,2025-04-01,19,955,191,2
USG-4268f7ae,CUST-99da3e5a,2025-05-01,23,468,234,10
USG-504ebaf3,CUST-99da3e5a,2025-06-01,21,210,210,1
USG-c525d7c9,CUST-99da3e5a,2025-07-01,25,756,252,10
USG-38be0ff8,CUST-99da3e5a,2025-08-01,19,780,195,10
USG-4e7a70b0,CUST-99da3e5a,2025-09-01,26,520,260,4
USG-3ac129fc,CUST-99da3e5a,2025-10-01,25,255,255,8
USG-7718cf71,CUST-99da3e5a,2025-11-01,24,972,243,5
USG-c5748cd1,CUST-99da3e5a,2025-12-01,24,248,248,9
USG-f8cbc71a,CUST-99da3e5a,2026-01-01,24,732,244,5
USG-ff2b8ffe,CUST-99da3e5a,2026-02-01,19,576,192,5
USG-f6f0e795,CUST-99da3e5a,2026-03-01,1,4,2,6
USG-5e40b0ea,CUST-99da3e5a,2026-04-01,1,8,4,6
USG-4747d4e1,CUST-151a80d5,2025-12-01,20,804,201,7
USG-63fd72ec,CUST-151a80d5,2026-01-01,28,285,285,10
USG-befb9de3,CUST-151a80d5,2026-02-01,22,450,225,1
USG-eda9eb6f,CUST-151a80d5,2026-03-01,1,15,3,6
USG-a9fdf7f8,CUST-151a80d5,2026-04-01,1,6,3,3
USG-cdf247af,CUST-12ff4fea,2025-10-01,20,404,202,7
USG-7378d864,CUST-12ff4fea,2025-11-01,19,388,194,7
USG-ac901782,CUST-12ff4fea,2025-12-01,26,267,267,2
USG-ccab3ddb,CUST-12ff4fea,2026-01-01,24,1225,245,1
USG-6ecc548f,CUST-12ff4fea,2026-02-01,26,262,262,10
USG-67669d9c,CUST-12ff4fea,2026-03-01,27,554,277,7
USG-c1d9aa70,CUST-12ff4fea,2026-04-01,27,1360,272,2
USG-c449fd88,CUST-12ff4fea,2026-05-01,24,1240,248,1
USG-0dbb9fed,CUST-d3627128,2024-10-01,43,1744,436,1
USG-b8eb9b93,CUST-d3627128,2024-11-01,34,698,349,3
USG-d0deb439,CUST-d3627128,2024-12-01,42,1704,426,3
USG-04fca4c1,CUST-d3627128,2025-01-01,43,1293,431,9
USG-4e14531f,CUST-d3627128,2025-02-01,42,1680,420,8
USG-f21e9ca3,CUST-d3627128,2025-03-01,47,475,475,5
USG-2abc21da,CUST-d3627128,2025-04-01,45,1824,456,3
USG-85915567,CUST-d3627128,2025-05-01,46,2300,460,3
USG-92642123,CUST-d3627128,2025-06-01,49,492,492,2
USG-0c2a9295,CUST-d3627128,2025-07-01,43,1748,437,10
USG-c8f1cbf2,CUST-d3627128,2025-08-01,49,1488,496,7
USG-64b7b13e,CUST-d3627128,2025-09-01,34,1384,346,8
USG-12bd0f3f,CUST-d3627128,2025-10-01,37,1128,376,10
USG-b1244313,CUST-d3627128,2025-11-01,40,2015,403,2
USG-17fb5ed8,CUST-d3627128,2025-12-01,51,1020,510,3
USG-21a737f8,CUST-d3627128,2026-01-01,34,347,347,4
USG-62de5163,CUST-d3627128,2026-02-01,40,808,404,10
USG-852b42b8,CUST-d3627128,2026-03-01,50,2004,501,5
USG-2ca699ce,CUST-d3627128,2026-04-01,46,2330,466,3
USG-928f2fac,CUST-6a3ec9e2,2025-05-01,15,620,155,6
USG-0f4c3e78,CUST-6a3ec9e2,2025-06-01,16,640,160,5
USG-091668a3,CUST-6a3ec9e2,2025-07-01,21,1090,218,7
USG-4c04ffb1,CUST-6a3ec9e2,2025-08-01,20,400,200,6
USG-cbd9e732,CUST-6a3ec9e2,2025-09-01,19,965,193,3
USG-7c216161,CUST-6a3ec9e2,2025-10-01,20,828,207,8
USG-ccace2ac,CUST-6a3ec9e2,2025-11-01,17,684,171,5
USG-eaf02954,CUST-6a3ec9e2,2025-12-01,18,945,189,4
USG-0cdc8e7b,CUST-6a3ec9e2,2026-01-01,18,900,180,10
USG-fc97ca0f,CUST-6a3ec9e2,2026-02-01,20,606,202,9
USG-6d595199,CUST-6a3ec9e2,2026-03-01,17,875,175,4
USG-49b329ed,CUST-6a3ec9e2,2026-04-01,18,900,180,10
USG-30bb8255,CUST-6a3ec9e2,2026-05-01,19,196,196,3
USG-14083575,CUST-1d11add5,2025-08-01,16,162,162,2
USG-2e1f8b90,CUST-1d11add5,2025-09-01,19,197,197,7
USG-578ed081,CUST-1d11add5,2025-10-01,21,872,218,10
USG-043a903e,CUST-1d11add5,2025-11-01,16,640,160,8
USG-38d34646,CUST-1d11add5,2025-12-01,15,159,159,10
USG-f5874ea3,CUST-1d11add5,2026-01-01,18,910,182,10
USG-8e46f8c5,CUST-1d11add5,2026-02-01,16,495,165,4
USG-66145704,CUST-1d11add5,2026-03-01,1,5,5,4
USG-c7b80abf,CUST-1d11add5,2026-04-01,1,5,5,4
USG-596cfdb7,CUST-9ee8c9b7,2025-03-01,40,2045,409,4
USG-5b09b20d,CUST-9ee8c9b7,2025-04-01,32,1308,327,9
USG-d3329d30,CUST-9ee8c9b7,2025-05-01,34,1368,342,6
USG-d63b8a6d,CUST-9ee8c9b7,2025-06-01,35,1074,358,6
USG-198c59bc,CUST-9ee8c9b7,2025-07-01,34,698,349,1
USG-f1436334,CUST-9ee8c9b7,2025-08-01,34,1026,342,9
USG-7bc06be5,CUST-9ee8c9b7,2025-09-01,47,1422,474,8
USG-cada3b31,CUST-9ee8c9b7,2025-10-01,40,401,401,3
USG-75c61ccd,CUST-9ee8c9b7,2025-11-01,41,1640,410,10
USG-58113bbd,CUST-9ee8c9b7,2025-12-01,45,2285,457,4
USG-2c22eae6,CUST-9ee8c9b7,2026-01-01,36,1101,367,2
USG-9823ba60,CUST-9ee8c9b7,2026-02-01,39,1965,393,3
USG-4e4926ff,CUST-9ee8c9b7,2026-03-01,44,898,449,10
USG-0e5a98ae,CUST-9ee8c9b7,2026-04-01,35,1424,356,8
USG-ac882997,CUST-86446c0a,2025-06-01,26,263,263,4
USG-ea9d09b0,CUST-86446c0a,2025-07-01,27,834,278,8
USG-78ca871a,CUST-86446c0a,2025-08-01,25,257,257,6
USG-23a73482,CUST-86446c0a,2025-09-01,25,1008,252,8
USG-513bd94a,CUST-86446c0a,2025-10-01,29,1475,295,2
USG-bf9395e6,CUST-86446c0a,2025-11-01,26,532,266,2
USG-537f1b76,CUST-86446c0a,2025-12-01,31,945,315,4
USG-06f1e854,CUST-86446c0a,2026-01-01,24,747,249,4
USG-c69eb86a,CUST-86446c0a,2026-02-01,25,1270,254,2
USG-dcdbb3f7,CUST-86446c0a,2026-03-01,22,672,224,8
USG-16e25713,CUST-86446c0a,2026-04-01,25,1270,254,3
USG-2c5d9c07,CUST-86446c0a,2026-05-01,31,1256,314,3
USG-a06af69b,CUST-6e921992,2024-07-01,3,180,36,1
USG-fbbddcce,CUST-6e921992,2024-08-01,3,76,38,7
USG-a598a230,CUST-6e921992,2024-09-01,3,108,36,8
USG-2cfd3d5c,CUST-6e921992,2024-10-01,3,148,37,3
USG-c45374c4,CUST-6e921992,2024-11-01,4,120,40,4
USG-bd45aa89,CUST-6e921992,2024-12-01,3,30,30,7
USG-43b7e8f1,CUST-6e921992,2025-01-01,3,140,35,1
USG-a3821afd,CUST-6e921992,2025-02-01,3,195,39,6
USG-f4c6a16e,CUST-6e921992,2025-03-01,3,128,32,10
USG-792c4a8f,CUST-6e921992,2025-04-01,3,76,38,10
USG-7d6567c2,CUST-6e921992,2025-05-01,3,111,37,5
USG-be89e7d5,CUST-6e921992,2025-06-01,3,39,39,2
USG-a937b4d2,CUST-6e921992,2025-07-01,2,56,28,8
USG-a7f38c9c,CUST-6e921992,2025-08-01,3,190,38,8
USG-b04d24ea,CUST-6e921992,2025-09-01,3,62,31,6
USG-d212642b,CUST-6e921992,2025-10-01,3,155,31,3
USG-d805d9e0,CUST-6e921992,2025-11-01,2,29,29,2
USG-6d25fa5a,CUST-6e921992,2025-12-01,3,39,39,9
USG-72900c8c,CUST-6e921992,2026-01-01,3,175,35,7
USG-a75b419e,CUST-6e921992,2026-02-01,3,180,36,2
USG-6f0a6157,CUST-6e921992,2026-03-01,3,60,30,10
USG-21c5103f,CUST-6e921992,2026-04-01,3,124,31,6
USG-ecc803b0,CUST-dd520177,2025-05-01,11,590,118,2
USG-d2da7bea,CUST-dd520177,2025-06-01,9,294,98,8
USG-56e0a447,CUST-dd520177,2025-07-01,9,190,95,5
USG-1b4bf9b6,CUST-dd520177,2025-08-01,11,460,115,1
USG-cb5da344,CUST-dd520177,2025-09-01,12,492,123,5
USG-0a3d3761,CUST-dd520177,2025-10-01,13,264,132,7
USG-d41d3099,CUST-dd520177,2025-11-01,10,306,102,6
USG-6e32d8d6,CUST-dd520177,2025-12-01,10,212,106,1
USG-c4082259,CUST-dd520177,2026-01-01,13,136,136,4
USG-f0909c99,CUST-dd520177,2026-02-01,10,327,109,7
USG-0fa2b35d,CUST-dd520177,2026-03-01,1,8,4,3
USG-4926293b,CUST-dd520177,2026-04-01,1,10,5,10
USG-c253d035,CUST-976fa4cf,2025-07-01,1,11,11,8
USG-8012eaf9,CUST-976fa4cf,2025-08-01,1,30,10,4
USG-92c7ba43,CUST-976fa4cf,2025-09-01,1,40,10,1
USG-757a5928,CUST-976fa4cf,2025-10-01,1,70,14,6
USG-5a6b084a,CUST-976fa4cf,2025-11-01,1,39,13,8
USG-db01ba9d,CUST-976fa4cf,2025-12-01,1,12,12,7
USG-2608fcb2,CUST-976fa4cf,2026-01-01,1,18,9,10
USG-dfccbc38,CUST-976fa4cf,2026-02-01,1,12,12,1
USG-9fdd556c,CUST-976fa4cf,2026-03-01,1,15,3,6
USG-fe630ad6,CUST-976fa4cf,2026-04-01,1,0,0,4
USG-67e86312,CUST-df8afc93,2025-06-01,15,465,155,2
USG-3e0ae10a,CUST-df8afc93,2025-07-01,19,199,199,3
USG-97245a1c,CUST-df8afc93,2025-08-01,15,157,157,8
USG-4201080b,CUST-df8afc93,2025-09-01,17,170,170,7
USG-b017be3a,CUST-df8afc93,2025-10-01,18,915,183,6
USG-bc4eeadc,CUST-df8afc93,2025-11-01,17,177,177,9
USG-02967f6c,CUST-df8afc93,2025-12-01,19,594,198,5
USG-3977cee5,CUST-df8afc93,2026-01-01,15,308,154,4
USG-7de72bfc,CUST-df8afc93,2026-02-01,17,531,177,1
USG-58b5f11f,CUST-df8afc93,2026-03-01,1,5,1,6
USG-2eae4e71,CUST-df8afc93,2026-04-01,1,4,4,6
USG-abec79c3,CUST-47d6d9f6,2024-12-01,45,1377,459,9
USG-ba4a5a10,CUST-47d6d9f6,2025-01-01,40,2000,400,2
USG-7b5dbe5e,CUST-47d6d9f6,2025-02-01,50,2016,504,9
USG-bb95b0a3,CUST-47d6d9f6,2025-03-01,41,410,410,6
USG-792ecf97,CUST-47d6d9f6,2025-04-01,41,1236,412,10
USG-39afcfc7,CUST-47d6d9f6,2025-05-01,41,412,412,10
USG-fd48212c,CUST-47d6d9f6,2025-06-01,54,541,541,5
USG-44bcb0b2,CUST-47d6d9f6,2025-07-01,40,2040,408,10
USG-0fc95b55,CUST-47d6d9f6,2025-08-01,42,429,429,5
USG-c660faff,CUST-47d6d9f6,2025-09-01,39,399,399,2
USG-250aaa03,CUST-47d6d9f6,2025-10-01,41,2095,419,6
USG-2b25a0f9,CUST-47d6d9f6,2025-11-01,50,2036,509,10
USG-296a5d1a,CUST-47d6d9f6,2025-12-01,48,2440,488,2
USG-6f738cae,CUST-47d6d9f6,2026-01-01,43,864,432,7
USG-a7fe9a4e,CUST-47d6d9f6,2026-02-01,43,439,439,2
USG-038f0c61,CUST-47d6d9f6,2026-03-01,1,1,1,2
USG-7dc149da,CUST-47d6d9f6,2026-04-01,1,9,3,1
USG-f36abbf6,CUST-04380d57,2024-11-01,7,355,71,5
USG-c4f8c25f,CUST-04380d57,2024-12-01,9,376,94,10
USG-648c77f3,CUST-04380d57,2025-01-01,10,515,103,9
USG-1dfed845,CUST-04380d57,2025-02-01,8,249,83,10
USG-a7736ac0,CUST-04380d57,2025-03-01,7,79,79,9
USG-d169f949,CUST-04380d57,2025-04-01,7,148,74,10
USG-3d3067bc,CUST-04380d57,2025-05-01,7,292,73,8
USG-1295913b,CUST-04380d57,2025-06-01,10,300,100,10
USG-300e75a8,CUST-04380d57,2025-07-01,10,408,102,5
USG-cd29e2b6,CUST-04380d57,2025-08-01,10,510,102,2
USG-5ba11aae,CUST-04380d57,2025-09-01,10,312,104,4
USG-548d6afb,CUST-04380d57,2025-10-01,9,97,97,9
USG-d7ede0f6,CUST-04380d57,2025-11-01,9,92,92,2
USG-652aac45,CUST-04380d57,2025-12-01,7,380,76,6
USG-e49b5d28,CUST-04380d57,2026-01-01,10,200,100,2
USG-dbb4353f,CUST-04380d57,2026-02-01,8,410,82,3
USG-53dd6eef,CUST-04380d57,2026-03-01,1,3,1,3
USG-52325a5b,CUST-04380d57,2026-04-01,1,12,4,1
USG-5a1324c5,CUST-8e6001ba,2026-01-01,32,972,324,7
USG-6164b5e5,CUST-8e6001ba,2026-02-01,33,1328,332,8
USG-68e55b4d,CUST-8e6001ba,2026-03-01,1,0,0,3
USG-a426c451,CUST-8e6001ba,2026-04-01,1,0,0,6
USG-37b1f188,CUST-286b0f2c,2024-07-01,15,477,159,3
USG-80632916,CUST-286b0f2c,2024-08-01,12,484,121,8
USG-3dbc12cd,CUST-286b0f2c,2024-09-01,15,608,152,8
USG-c9fdd989,CUST-286b0f2c,2024-10-01,12,387,129,3
USG-9229c740,CUST-286b0f2c,2024-11-01,14,284,142,10
USG-fd7bbc31,CUST-286b0f2c,2024-12-01,14,596,149,7
USG-8e99a4a0,CUST-286b0f2c,2025-01-01,14,588,147,5
USG-906d10e0,CUST-286b0f2c,2025-02-01,11,555,111,8
USG-cef4f486,CUST-286b0f2c,2025-03-01,13,270,135,2
USG-f65d7970,CUST-286b0f2c,2025-04-01,11,330,110,3
USG-e0e7d9dd,CUST-286b0f2c,2025-05-01,15,151,151,1
USG-169cc993,CUST-286b0f2c,2025-06-01,12,242,121,1
USG-de212d49,CUST-286b0f2c,2025-07-01,15,468,156,2
USG-319c4800,CUST-286b0f2c,2025-08-01,10,545,109,8
USG-a8f05be2,CUST-286b0f2c,2025-09-01,16,322,161,5
USG-3b81f39a,CUST-286b0f2c,2025-10-01,15,304,152,6
USG-42a8bc36,CUST-286b0f2c,2025-11-01,12,492,123,6
USG-d133ca6f,CUST-286b0f2c,2025-12-01,12,124,124,7
USG-8d0d38b2,CUST-286b0f2c,2026-01-01,14,745,149,10
USG-c80ac0c2,CUST-286b0f2c,2026-02-01,14,725,145,3
USG-b308cea3,CUST-286b0f2c,2026-03-01,1,12,3,4
USG-d7671dc0,CUST-286b0f2c,2026-04-01,1,20,4,6
USG-fee39a9b,CUST-8c9930c7,2025-04-01,32,1605,321,2
USG-861c119a,CUST-8c9930c7,2025-05-01,41,824,412,9
USG-8568fbad,CUST-8c9930c7,2025-06-01,37,1516,379,4
USG-a6c7a702,CUST-8c9930c7,2025-07-01,43,874,437,8
USG-8ae78777,CUST-8c9930c7,2025-08-01,37,1500,375,9
USG-d8562363,CUST-8c9930c7,2025-09-01,29,297,297,5
USG-adf95835,CUST-8c9930c7,2025-10-01,32,640,320,6
USG-b5c09ad6,CUST-8c9930c7,2025-11-01,42,1708,427,4
USG-3a03f37c,CUST-8c9930c7,2025-12-01,30,1530,306,10
USG-6c3fa0d8,CUST-8c9930c7,2026-01-01,34,696,348,2
USG-cc863b7f,CUST-8c9930c7,2026-02-01,41,1660,415,10
USG-ce5cba05,CUST-8c9930c7,2026-03-01,38,381,381,4
USG-5577c7da,CUST-8c9930c7,2026-04-01,34,1023,341,8
USG-742c763a,CUST-b6977e38,2025-09-01,31,311,311,8
USG-2148ed00,CUST-b6977e38,2025-10-01,45,451,451,8
USG-4c6be760,CUST-b6977e38,2025-11-01,37,374,374,9
USG-fcb1a3c4,CUST-b6977e38,2025-12-01,38,1155,385,10
USG-e0e24084,CUST-b6977e38,2026-01-01,34,1725,345,10
USG-981a264e,CUST-b6977e38,2026-02-01,39,1576,394,4
USG-d5af35d0,CUST-b6977e38,2026-03-01,42,1680,420,7
USG-36d5fa05,CUST-b6977e38,2026-04-01,37,1512,378,3
USG-6b0ede78,CUST-323d8c3b,2025-06-01,33,1665,333,1
USG-61d3e8a5,CUST-323d8c3b,2025-07-01,45,2265,453,6
USG-770a9285,CUST-323d8c3b,2025-08-01,33,1002,334,9
USG-f64d919f,CUST-323d8c3b,2025-09-01,36,1101,367,5
USG-28e79dd4,CUST-323d8c3b,2025-10-01,44,886,443,6
USG-780b47ba,CUST-323d8c3b,2025-11-01,41,1248,416,2
USG-e0ec28bf,CUST-323d8c3b,2025-12-01,35,708,354,1
USG-0c6b81bd,CUST-323d8c3b,2026-01-01,44,2210,442,2
USG-90e3e88e,CUST-323d8c3b,2026-02-01,37,378,378,10
USG-7f7cd321,CUST-323d8c3b,2026-03-01,38,1167,389,2
USG-c3cea180,CUST-323d8c3b,2026-04-01,47,470,470,1
USG-f62b7750,CUST-e6495725,2025-06-01,30,909,303,6
USG-ceef91e8,CUST-e6495725,2025-07-01,26,530,265,7
USG-2d824bfd,CUST-e6495725,2025-08-01,28,840,280,10
USG-806efd8c,CUST-e6495725,2025-09-01,25,759,253,1
USG-38640bc8,CUST-e6495725,2025-10-01,28,1132,283,4
USG-bdd0d8b4,CUST-e6495725,2025-11-01,31,628,314,3
USG-013bce7f,CUST-e6495725,2025-12-01,28,562,281,7
USG-b9e018b2,CUST-e6495725,2026-01-01,36,1444,361,9
USG-803e544c,CUST-e6495725,2026-02-01,35,1404,351,1
USG-5f9c629d,CUST-e6495725,2026-03-01,37,754,377,3
USG-335995c1,CUST-e6495725,2026-04-01,27,1395,279,2
USG-4c157b9c,CUST-0896b685,2025-06-01,22,227,227,9
USG-22ed8652,CUST-0896b685,2025-07-01,30,1540,308,4
USG-9e3c1763,CUST-0896b685,2025-08-01,25,771,257,8
USG-f2059639,CUST-0896b685,2025-09-01,30,900,300,3
USG-2a0c9191,CUST-0896b685,2025-10-01,32,323,323,2
USG-eefe87e3,CUST-0896b685,2025-11-01,31,1272,318,6
USG-9e637401,CUST-0896b685,2025-12-01,32,1292,323,4
USG-d9e4a84e,CUST-0896b685,2026-01-01,30,1208,302,4
USG-03f192b3,CUST-0896b685,2026-02-01,22,678,226,10
USG-0ea86417,CUST-0896b685,2026-03-01,31,622,311,4
USG-3effa200,CUST-0896b685,2026-04-01,32,327,327,1
USG-964e7b1f,CUST-91102861,2025-08-01,28,566,283,4
USG-c24f3bde,CUST-91102861,2025-09-01,23,928,232,6
USG-2338499f,CUST-91102861,2025-10-01,31,1570,314,5
USG-90258441,CUST-91102861,2025-11-01,30,302,302,1
USG-770b8372,CUST-91102861,2025-12-01,25,1260,252,2
USG-f162c490,CUST-91102861,2026-01-01,28,284,284,4
USG-9edfa1a5,CUST-91102861,2026-02-01,30,918,306,9
USG-0fff729c,CUST-91102861,2026-03-01,1,2,2,1
USG-5ac14328,CUST-91102861,2026-04-01,1,0,0,2
USG-ecc51adb,CUST-00e08588,2026-02-01,8,243,81,1
USG-94f7dd98,CUST-00e08588,2026-03-01,1,4,4,8
USG-138d5aaa,CUST-00e08588,2026-04-01,1,0,0,9
USG-18d27d4b,CUST-3770676d,2026-03-01,17,171,171,7
USG-b63288e1,CUST-3770676d,2026-04-01,15,604,151,9
USG-c8d81c59,CUST-8b20ecfb,2025-02-01,25,502,251,3
USG-0131c9fe,CUST-8b20ecfb,2025-03-01,26,786,262,10
USG-7165e7ff,CUST-8b20ecfb,2025-04-01,24,992,248,1
USG-1456f1d1,CUST-8b20ecfb,2025-05-01,21,420,210,1
USG-988bba3d,CUST-8b20ecfb,2025-06-01,21,651,217,8
USG-a6a646e8,CUST-8b20ecfb,2025-07-01,21,428,214,5
USG-53d31d37,CUST-8b20ecfb,2025-08-01,21,219,219,1
USG-ec3b8106,CUST-8b20ecfb,2025-09-01,22,229,229,1
USG-ddeb3a49,CUST-8b20ecfb,2025-10-01,26,801,267,7
USG-25ec72ee,CUST-8b20ecfb,2025-11-01,19,190,190,5
USG-cac5478d,CUST-8b20ecfb,2025-12-01,20,200,200,4
USG-ad578ea5,CUST-8b20ecfb,2026-01-01,22,666,222,8
USG-dd89c977,CUST-8b20ecfb,2026-02-01,24,488,244,1
USG-f4df5707,CUST-8b20ecfb,2026-03-01,25,518,259,3
USG-90e6feeb,CUST-8b20ecfb,2026-04-01,25,1275,255,6
USG-083dc044,CUST-4f2289a0,2024-07-01,24,996,249,3
USG-8ed0ae61,CUST-4f2289a0,2024-08-01,24,960,240,7
USG-5c06b043,CUST-4f2289a0,2024-09-01,25,252,252,9
USG-525ca3e4,CUST-4f2289a0,2024-10-01,25,1265,253,9
USG-b56d67ae,CUST-4f2289a0,2024-11-01,26,1325,265,8
USG-fd0f125a,CUST-4f2289a0,2024-12-01,24,980,245,8
USG-b7a78b4d,CUST-4f2289a0,2025-01-01,21,876,219,6
USG-76ad625b,CUST-4f2289a0,2025-02-01,25,516,258,9
USG-b52bc518,CUST-4f2289a0,2025-03-01,22,224,224,3
USG-6f4cc1d9,CUST-4f2289a0,2025-04-01,25,1260,252,9
USG-27be732d,CUST-4f2289a0,2025-05-01,18,940,188,4
USG-8ef0ac4f,CUST-4f2289a0,2025-06-01,23,472,236,1
USG-7f27cca4,CUST-4f2289a0,2025-07-01,20,820,205,4
USG-079dfbfa,CUST-4f2289a0,2025-08-01,18,552,184,2
USG-b824d10e,CUST-4f2289a0,2025-09-01,23,699,233,6
USG-308fd7e8,CUST-4f2289a0,2025-10-01,24,988,247,9
USG-6c575002,CUST-4f2289a0,2025-11-01,25,253,253,8
USG-5701d017,CUST-4f2289a0,2025-12-01,25,510,255,5
USG-71514094,CUST-4f2289a0,2026-01-01,19,955,191,1
USG-3fd95503,CUST-4f2289a0,2026-02-01,22,1125,225,7
USG-75eaeb5d,CUST-4f2289a0,2026-03-01,25,251,251,4
USG-4b15d493,CUST-4f2289a0,2026-04-01,23,237,237,6
USG-200da287,CUST-59ba713d,2024-06-01,45,1365,455,9
USG-6a69fd7f,CUST-59ba713d,2024-07-01,42,854,427,10
USG-9d7c921f,CUST-59ba713d,2024-08-01,38,1925,385,6
USG-8273a4aa,CUST-59ba713d,2024-09-01,41,1640,410,3
USG-0e2746ad,CUST-59ba713d,2024-10-01,37,1116,372,5
USG-4332600d,CUST-59ba713d,2024-11-01,47,952,476,10
USG-608f91b4,CUST-59ba713d,2024-12-01,39,399,399,10
USG-11bd7deb,CUST-59ba713d,2025-01-01,42,424,424,7
USG-e018e40e,CUST-59ba713d,2025-02-01,40,1224,408,7
USG-349f3d2a,CUST-59ba713d,2025-03-01,53,530,530,3
USG-5f2a2e1b,CUST-59ba713d,2025-04-01,54,2180,545,2
USG-1ecf8672,CUST-59ba713d,2025-05-01,50,1014,507,8
USG-d37787d7,CUST-59ba713d,2025-06-01,46,1404,468,3
USG-9a058d10,CUST-59ba713d,2025-07-01,37,1128,376,6
USG-a13a3a85,CUST-59ba713d,2025-08-01,49,1473,491,6
USG-ed8dd2c0,CUST-59ba713d,2025-09-01,50,1512,504,5
USG-30178ad8,CUST-59ba713d,2025-10-01,41,418,418,8
USG-1b38d0e8,CUST-59ba713d,2025-11-01,50,2525,505,10
USG-a69629d1,CUST-59ba713d,2025-12-01,49,1960,490,8
USG-1f5dcaf9,CUST-59ba713d,2026-01-01,49,2470,494,9
USG-8e2a190f,CUST-59ba713d,2026-02-01,46,2320,464,3
USG-968d46ff,CUST-59ba713d,2026-03-01,48,968,484,2
USG-1ac8b061,CUST-59ba713d,2026-04-01,50,506,506,1
USG-ea17c810,CUST-426b75e1,2025-06-01,27,270,270,5
USG-fca29f01,CUST-426b75e1,2025-07-01,19,980,196,5
USG-f00307f1,CUST-426b75e1,2025-08-01,24,242,242,2
USG-78f17d2d,CUST-426b75e1,2025-09-01,27,810,270,7
USG-d4bd1dfa,CUST-426b75e1,2025-10-01,20,816,204,6
USG-15085988,CUST-426b75e1,2025-11-01,25,1295,259,1
USG-d888765c,CUST-426b75e1,2025-12-01,28,843,281,2
USG-d32bb23c,CUST-426b75e1,2026-01-01,28,286,286,5
USG-ae4a6c82,CUST-426b75e1,2026-02-01,24,992,248,8
USG-29604252,CUST-426b75e1,2026-03-01,20,808,202,5
USG-2f33f6bf,CUST-426b75e1,2026-04-01,28,572,286,7
USG-65abf3e1,CUST-36deabfb,2025-12-01,8,243,81,8
USG-909767a1,CUST-36deabfb,2026-01-01,6,180,60,10
USG-b48e5f73,CUST-36deabfb,2026-02-01,7,300,75,2
USG-e1e964b5,CUST-36deabfb,2026-03-01,6,62,62,2
USG-4fbf6d8d,CUST-36deabfb,2026-04-01,7,296,74,1
USG-9328615b,CUST-3cbe5c79,2026-01-01,11,342,114,8
USG-efa3b6f9,CUST-3cbe5c79,2026-02-01,14,426,142,5
USG-3df903b7,CUST-3cbe5c79,2026-03-01,1,1,1,8
USG-4886d2e4,CUST-3cbe5c79,2026-04-01,1,2,1,5
USG-cf35799a,CUST-16dd4f66,2025-05-01,41,1672,418,9
USG-ef714715,CUST-16dd4f66,2025-06-01,45,2255,451,8
USG-9a3bc74c,CUST-16dd4f66,2025-07-01,46,1401,467,10
USG-08d0b850,CUST-16dd4f66,2025-08-01,49,494,494,4
USG-af4fdfa2,CUST-16dd4f66,2025-09-01,46,464,464,5
USG-77da522c,CUST-16dd4f66,2025-10-01,49,984,492,9
USG-8d4777c9,CUST-16dd4f66,2025-11-01,52,2096,524,8
USG-c157e60c,CUST-16dd4f66,2025-12-01,46,2305,461,10
USG-c53b140f,CUST-16dd4f66,2026-01-01,45,1356,452,7
USG-4bca4c08,CUST-16dd4f66,2026-02-01,50,1000,500,5
USG-d3fb2705,CUST-16dd4f66,2026-03-01,1,3,3,5
USG-05d47f7f,CUST-16dd4f66,2026-04-01,1,4,4,2
USG-b018a713,CUST-73f85789,2025-01-01,56,1138,569,1
USG-d3e63615,CUST-73f85789,2025-02-01,40,1624,406,5
USG-37534337,CUST-73f85789,2025-03-01,43,870,435,2
USG-f2e270d4,CUST-73f85789,2025-04-01,54,1635,545,7
USG-86c89dff,CUST-73f85789,2025-05-01,54,546,546,9
USG-7456a227,CUST-73f85789,2025-06-01,54,1080,540,8
USG-b089847b,CUST-73f85789,2025-07-01,45,459,459,8
USG-f4754582,CUST-73f85789,2025-08-01,39,798,399,5
USG-3495d1e6,CUST-73f85789,2025-09-01,43,1736,434,5
USG-5d371f1d,CUST-73f85789,2025-10-01,42,852,426,6
USG-fba7182f,CUST-73f85789,2025-11-01,56,2240,560,5
USG-4536ecbc,CUST-73f85789,2025-12-01,39,1179,393,4
USG-b96e8f92,CUST-73f85789,2026-01-01,46,1383,461,2
USG-831c43ce,CUST-73f85789,2026-02-01,55,1114,557,4
USG-8be2673a,CUST-73f85789,2026-03-01,41,1233,411,5
USG-5179d33a,CUST-73f85789,2026-04-01,40,409,409,2
USG-f1103d6f,CUST-cd00e746,2024-12-01,35,355,355,3
USG-0dd4451b,CUST-cd00e746,2025-01-01,25,253,253,8
USG-cb0bbe1d,CUST-cd00e746,2025-02-01,26,1052,263,10
USG-a773facd,CUST-cd00e746,2025-03-01,27,275,275,6
USG-1d1f7e22,CUST-cd00e746,2025-04-01,35,718,359,2
USG-657e8c3f,CUST-cd00e746,2025-05-01,37,1116,372,5
USG-bc6cd4ca,CUST-cd00e746,2025-06-01,27,1080,270,8
USG-5da2518c,CUST-cd00e746,2025-07-01,33,664,332,6
USG-afa35506,CUST-cd00e746,2025-08-01,35,1760,352,5
USG-756798a2,CUST-cd00e746,2025-09-01,33,1002,334,7
USG-e363a438,CUST-cd00e746,2025-10-01,26,1060,265,2
USG-3f136a23,CUST-cd00e746,2025-11-01,37,1113,371,10
USG-d2380116,CUST-cd00e746,2025-12-01,32,1605,321,5
USG-dc33b212,CUST-cd00e746,2026-01-01,28,568,284,7
USG-fd51d7eb,CUST-cd00e746,2026-02-01,34,349,349,9
USG-9a85fe20,CUST-cd00e746,2026-03-01,28,852,284,6
USG-3e59e3d0,CUST-cd00e746,2026-04-01,27,828,276,9
USG-29d1f6d0,CUST-dc47ba13,2024-09-01,8,168,84,10
USG-a35746f1,CUST-dc47ba13,2024-10-01,8,415,83,2
USG-abdca2cd,CUST-dc47ba13,2024-11-01,7,395,79,10
USG-85d0fd3c,CUST-dc47ba13,2024-12-01,9,297,99,1
USG-a1663ef2,CUST-dc47ba13,2025-01-01,7,152,76,3
USG-7845987b,CUST-dc47ba13,2025-02-01,7,385,77,6
USG-8bc3ea26,CUST-dc47ba13,2025-03-01,9,273,91,9
USG-ab6e734d,CUST-dc47ba13,2025-04-01,7,144,72,6
USG-fae4861c,CUST-dc47ba13,2025-05-01,10,202,101,9
USG-bd9aaeed,CUST-dc47ba13,2025-06-01,8,264,88,1
USG-fa5e9c48,CUST-dc47ba13,2025-07-01,10,408,102,6
USG-15c3e9a4,CUST-dc47ba13,2025-08-01,7,288,72,9
USG-660d773c,CUST-dc47ba13,2025-09-01,7,292,73,4
USG-b5f43d93,CUST-dc47ba13,2025-10-01,8,249,83,3
USG-f62ffccf,CUST-dc47ba13,2025-11-01,8,249,83,8
USG-4b9b4d81,CUST-dc47ba13,2025-12-01,8,348,87,5
USG-0231b845,CUST-dc47ba13,2026-01-01,8,240,80,10
USG-5cca7a06,CUST-dc47ba13,2026-02-01,8,420,84,4
USG-7e5c161a,CUST-dc47ba13,2026-03-01,7,284,71,5
USG-e0468a8b,CUST-dc47ba13,2026-04-01,9,98,98,7
USG-c64139e0,CUST-7992eca5,2024-09-01,1,65,13,9
USG-ba750c28,CUST-7992eca5,2024-10-01,1,64,16,5
USG-c9802f37,CUST-7992eca5,2024-11-01,1,28,14,8
USG-11f94f37,CUST-7992eca5,2024-12-01,1,39,13,4
USG-a970208f,CUST-7992eca5,2025-01-01,1,65,13,4
USG-010381eb,CUST-7992eca5,2025-02-01,1,75,15,6
USG-8a6fb7c4,CUST-7992eca5,2025-03-01,1,48,16,7
USG-3fe3ca3b,CUST-7992eca5,2025-04-01,1,11,11,3
USG-e3d3ad93,CUST-7992eca5,2025-05-01,1,33,11,1
USG-1be815ab,CUST-7992eca5,2025-06-01,1,39,13,5
USG-11d8c06c,CUST-7992eca5,2025-07-01,1,45,15,4
USG-2eefd423,CUST-7992eca5,2025-08-01,1,14,14,2
USG-04ceaf32,CUST-7992eca5,2025-09-01,1,15,15,10
USG-340a0a9e,CUST-7992eca5,2025-10-01,1,75,15,4
USG-7412f109,CUST-7992eca5,2025-11-01,1,33,11,8
USG-968eb53e,CUST-7992eca5,2025-12-01,1,55,11,3
USG-52ea4d53,CUST-7992eca5,2026-01-01,1,26,13,6
USG-e292ecb7,CUST-7992eca5,2026-02-01,1,14,14,8
USG-d0d6f885,CUST-7992eca5,2026-03-01,1,12,12,7
USG-8301d9fc,CUST-7992eca5,2026-04-01,1,30,15,3
USG-d781afe9,CUST-abdc8129,2024-10-01,16,328,164,10
USG-b8b62873,CUST-abdc8129,2024-11-01,18,915,183,9
USG-0279e96c,CUST-abdc8129,2024-12-01,23,702,234,5
USG-bede4fca,CUST-abdc8129,2025-01-01,23,940,235,9
USG-9793e2d4,CUST-abdc8129,2025-02-01,20,410,205,4
USG-7d3a4ce2,CUST-abdc8129,2025-03-01,19,776,194,10
USG-46f1c3cd,CUST-abdc8129,2025-04-01,23,1160,232,7
USG-acdf773d,CUST-abdc8129,2025-05-01,21,654,218,5
USG-3cc21846,CUST-abdc8129,2025-06-01,20,624,208,10
USG-ca3ad7cf,CUST-abdc8129,2025-07-01,18,752,188,9
USG-b7afa1c2,CUST-abdc8129,2025-08-01,23,460,230,8
USG-bde93488,CUST-abdc8129,2025-09-01,21,218,218,8
USG-f9e599c1,CUST-abdc8129,2025-10-01,21,648,216,3
USG-abb0bf3e,CUST-abdc8129,2025-11-01,19,195,195,9
USG-57dcb8e9,CUST-abdc8129,2025-12-01,17,356,178,5
USG-97dd9d84,CUST-abdc8129,2026-01-01,23,464,232,4
USG-0e46c22d,CUST-abdc8129,2026-02-01,20,414,207,7
USG-af498eeb,CUST-abdc8129,2026-03-01,1,10,5,8
USG-c4ae4fe1,CUST-abdc8129,2026-04-01,1,3,3,8
USG-6fabf3cc,CUST-3272677f,2024-10-01,25,765,255,1
USG-19ac489a,CUST-3272677f,2024-11-01,24,726,242,1
USG-c56747bd,CUST-3272677f,2024-12-01,19,796,199,6
USG-8d4ffd8c,CUST-3272677f,2025-01-01,23,233,233,2
USG-5f07ff3b,CUST-3272677f,2025-02-01,18,756,189,4
USG-0d864551,CUST-3272677f,2025-03-01,21,219,219,1
USG-e9375bde,CUST-3272677f,2025-04-01,20,410,205,3
USG-866783f7,CUST-3272677f,2025-05-01,22,1105,221,3
USG-2f853539,CUST-3272677f,2025-06-01,17,534,178,6
USG-c6f43dbf,CUST-3272677f,2025-07-01,22,452,226,9
USG-b227fc94,CUST-3272677f,2025-08-01,26,520,260,8
USG-0712154a,CUST-3272677f,2025-09-01,24,972,243,8
USG-8640ed08,CUST-3272677f,2025-10-01,21,651,217,3
USG-230e4299,CUST-3272677f,2025-11-01,19,386,193,6
USG-b2a43eca,CUST-3272677f,2025-12-01,23,472,236,4
USG-504f5369,CUST-3272677f,2026-01-01,24,988,247,4
USG-58b01c9e,CUST-3272677f,2026-02-01,23,478,239,8
USG-b170b4a0,CUST-3272677f,2026-03-01,22,440,220,10
USG-45c08b41,CUST-3272677f,2026-04-01,21,1055,211,3
USG-42c19bb5,CUST-d0f6339f,2025-04-01,5,168,56,2
USG-b4c82fd7,CUST-d0f6339f,2025-05-01,4,80,40,7
USG-6d10bb83,CUST-d0f6339f,2025-06-01,4,160,40,3
USG-7f256b11,CUST-d0f6339f,2025-07-01,4,82,41,5
USG-5e50c058,CUST-d0f6339f,2025-08-01,5,295,59,7
USG-ef750b15,CUST-d0f6339f,2025-09-01,5,295,59,7
USG-5c59975a,CUST-d0f6339f,2025-10-01,5,177,59,4
USG-7ae59690,CUST-d0f6339f,2025-11-01,5,57,57,6
USG-ed1706e4,CUST-d0f6339f,2025-12-01,5,232,58,4
USG-b16f1629,CUST-d0f6339f,2026-01-01,4,42,42,6
USG-00156e2b,CUST-d0f6339f,2026-02-01,4,215,43,10
USG-fdcf90f0,CUST-d0f6339f,2026-03-01,5,51,51,9
USG-ae05be73,CUST-d0f6339f,2026-04-01,4,49,49,10
USG-cafaba22,CUST-d566978e,2025-12-01,16,800,160,4
USG-74a47c33,CUST-d566978e,2026-01-01,22,884,221,8
USG-620b33d5,CUST-d566978e,2026-02-01,22,444,222,2
USG-4dc594c5,CUST-d566978e,2026-03-01,23,1160,232,8
USG-6feb1c62,CUST-d566978e,2026-04-01,23,699,233,2
USG-abf21be7,CUST-2edf2525,2024-08-01,35,1077,359,1
USG-79d94b58,CUST-2edf2525,2024-09-01,45,900,450,8
USG-78b745c9,CUST-2edf2525,2024-10-01,41,1245,415,10
USG-0d2dc5c7,CUST-2edf2525,2024-11-01,41,410,410,9
USG-a811f973,CUST-2edf2525,2024-12-01,33,1670,334,1
USG-65e86d77,CUST-2edf2525,2025-01-01,31,311,311,8
USG-1fe71e3a,CUST-2edf2525,2025-02-01,33,334,334,9
USG-aabc7923,CUST-2edf2525,2025-03-01,41,1652,413,2
USG-9bacf2ad,CUST-2edf2525,2025-04-01,44,446,446,9
USG-1048ebfa,CUST-2edf2525,2025-05-01,40,1206,402,6
USG-d5ae248d,CUST-2edf2525,2025-06-01,33,1695,339,6
USG-2648f075,CUST-2edf2525,2025-07-01,39,399,399,3
USG-4023dfb8,CUST-2edf2525,2025-08-01,34,347,347,6
USG-fa69172c,CUST-2edf2525,2025-09-01,43,2185,437,9
USG-c06ded35,CUST-2edf2525,2025-10-01,42,1269,423,2
USG-623530c0,CUST-2edf2525,2025-11-01,38,1528,382,10
USG-6cf8280c,CUST-2edf2525,2025-12-01,31,630,315,4
USG-98f190a1,CUST-2edf2525,2026-01-01,31,1565,313,9
USG-8cbb31d3,CUST-2edf2525,2026-02-01,39,1576,394,1
USG-ba1d74bc,CUST-2edf2525,2026-03-01,44,1347,449,2
USG-c7935bc4,CUST-2edf2525,2026-04-01,38,383,383,3
USG-4db5a924,CUST-b15747f3,2025-08-01,55,1668,556,2
USG-136863b7,CUST-b15747f3,2025-09-01,58,587,587,1
USG-6519ff11,CUST-b15747f3,2025-10-01,48,2430,486,7
USG-01ebc3ae,CUST-b15747f3,2025-11-01,49,1488,496,9
USG-3bc7b4d3,CUST-b15747f3,2025-12-01,53,2148,537,6
USG-2b97790d,CUST-b15747f3,2026-01-01,46,2330,466,6
USG-04b39dac,CUST-b15747f3,2026-02-01,58,587,587,10
USG-7b69b685,CUST-b15747f3,2026-03-01,46,465,465,5
USG-72a3fa8c,CUST-b15747f3,2026-04-01,46,1395,465,10
USG-da843301,CUST-9d106d5c,2026-01-01,50,1008,504,4
USG-947bc650,CUST-9d106d5c,2026-02-01,41,2075,415,5
USG-eb4cf300,CUST-9d106d5c,2026-03-01,1,20,5,3
USG-67597122,CUST-9d106d5c,2026-04-01,1,6,3,9
USG-62b9c906,CUST-8980c909,2024-11-01,27,270,270,9
USG-c4610e2f,CUST-8980c909,2024-12-01,26,798,266,3
USG-6f219d5f,CUST-8980c909,2025-01-01,18,372,186,9
USG-8505a667,CUST-8980c909,2025-02-01,20,621,207,1
USG-cb8b1d36,CUST-8980c909,2025-03-01,24,735,245,7
USG-53f6ba32,CUST-8980c909,2025-04-01,19,784,196,7
USG-f15ff079,CUST-8980c909,2025-05-01,20,414,207,5
USG-7830546f,CUST-8980c909,2025-06-01,23,476,238,10
USG-663b1fdf,CUST-8980c909,2025-07-01,26,266,266,7
USG-5a7bd819,CUST-8980c909,2025-08-01,25,1020,255,8
USG-b0b50286,CUST-8980c909,2025-09-01,20,206,206,8
USG-197f001e,CUST-8980c909,2025-10-01,23,1170,234,7
USG-6bd5c742,CUST-8980c909,2025-11-01,23,702,234,9
USG-57d867ef,CUST-8980c909,2025-12-01,21,636,212,10
USG-24ec1eaf,CUST-8980c909,2026-01-01,19,190,190,1
USG-87ab28ac,CUST-8980c909,2026-02-01,21,876,219,8
USG-02dc1d0b,CUST-8980c909,2026-03-01,24,964,241,5
USG-596435b7,CUST-8980c909,2026-04-01,27,1350,270,8
USG-3e4622ff,CUST-9f218537,2026-02-01,29,1470,294,8
USG-0496f7d0,CUST-9f218537,2026-03-01,33,999,333,4
USG-c2c91786,CUST-9f218537,2026-04-01,32,323,323,2
USG-e64aeda7,CUST-3bc52bad,2024-06-01,8,164,82,2
USG-c0968653,CUST-3bc52bad,2024-07-01,8,264,88,6
USG-b106f824,CUST-3bc52bad,2024-08-01,9,485,97,9
USG-97a3598f,CUST-3bc52bad,2024-09-01,10,327,109,4
USG-5b881ecd,CUST-3bc52bad,2024-10-01,10,432,108,9
USG-34d352af,CUST-3bc52bad,2024-11-01,7,292,73,1
USG-950af2f7,CUST-3bc52bad,2024-12-01,8,332,83,10
USG-1799edc3,CUST-3bc52bad,2025-01-01,8,240,80,2
USG-6fc32346,CUST-3bc52bad,2025-02-01,10,404,101,6
USG-28da2227,CUST-3bc52bad,2025-03-01,8,435,87,3
USG-29334727,CUST-3bc52bad,2025-04-01,10,540,108,3
USG-d7068363,CUST-3bc52bad,2025-05-01,10,200,100,3
USG-c9224bf8,CUST-3bc52bad,2025-06-01,8,178,89,6
USG-8590f558,CUST-3bc52bad,2025-07-01,10,101,101,3
USG-1bd28551,CUST-3bc52bad,2025-08-01,8,344,86,3
USG-f3195658,CUST-3bc52bad,2025-09-01,10,216,108,4
USG-05026c6d,CUST-3bc52bad,2025-10-01,7,360,72,6
USG-b6c66926,CUST-3bc52bad,2025-11-01,8,445,89,10
USG-b8abe727,CUST-3bc52bad,2025-12-01,8,425,85,2
USG-f62f4317,CUST-3bc52bad,2026-01-01,8,172,86,5
USG-28fd4dc4,CUST-3bc52bad,2026-02-01,7,316,79,7
USG-f5c39063,CUST-3bc52bad,2026-03-01,7,365,73,9
USG-387bf7fe,CUST-3bc52bad,2026-04-01,10,101,101,6
USG-a67f7ea4,CUST-c889d6b0,2024-11-01,47,2385,477,4
USG-055dc5dd,CUST-c889d6b0,2024-12-01,46,2305,461,1
USG-e8d38bb7,CUST-c889d6b0,2025-01-01,51,1032,516,1
USG-f3b66c35,CUST-c889d6b0,2025-02-01,42,1263,421,2
USG-ae51e180,CUST-c889d6b0,2025-03-01,54,1080,540,7
USG-bbf55f7d,CUST-c889d6b0,2025-04-01,44,896,448,3
USG-cb8a9386,CUST-c889d6b0,2025-05-01,49,1485,495,7
USG-899841b7,CUST-c889d6b0,2025-06-01,52,2615,523,5
USG-c5826e6b,CUST-c889d6b0,2025-07-01,50,2505,501,8
USG-668f8229,CUST-c889d6b0,2025-08-01,54,2196,549,1
USG-b0407324,CUST-c889d6b0,2025-09-01,52,524,524,7
USG-bd54645e,CUST-c889d6b0,2025-10-01,39,1564,391,5
USG-798e7ea4,CUST-c889d6b0,2025-11-01,56,563,563,5
USG-7eabc185,CUST-c889d6b0,2025-12-01,53,1068,534,8
USG-f2eba267,CUST-c889d6b0,2026-01-01,38,389,389,5
USG-a0b80547,CUST-c889d6b0,2026-02-01,52,523,523,8
USG-e5314ff6,CUST-c889d6b0,2026-03-01,57,1719,573,4
USG-312870e7,CUST-c889d6b0,2026-04-01,45,1828,457,2
USG-a51b7257,CUST-256d010d,2025-02-01,37,1516,379,4
USG-aabf47bb,CUST-256d010d,2025-03-01,34,1392,348,7
USG-10d80ea1,CUST-256d010d,2025-04-01,30,304,304,6
USG-f5af80f1,CUST-256d010d,2025-05-01,40,1608,402,5
USG-1eb09c2e,CUST-256d010d,2025-06-01,39,1182,394,5
USG-50df695b,CUST-256d010d,2025-07-01,41,2065,413,7
USG-384d8c77,CUST-256d010d,2025-08-01,33,1690,338,3
USG-8de44a3f,CUST-256d010d,2025-09-01,31,1590,318,8
USG-62cbe167,CUST-256d010d,2025-10-01,32,963,321,3
USG-e451b783,CUST-256d010d,2025-11-01,34,1038,346,4
USG-81f5bf64,CUST-256d010d,2025-12-01,36,1095,365,2
USG-831a8bb0,CUST-256d010d,2026-01-01,37,1895,379,9
USG-fa20081a,CUST-256d010d,2026-02-01,34,696,348,7
USG-3df659e8,CUST-256d010d,2026-03-01,1,3,1,10
USG-78befe87,CUST-256d010d,2026-04-01,1,1,1,3
USG-7eb7de18,CUST-c7643676,2024-09-01,6,138,69,10
USG-d75a2ba2,CUST-c7643676,2024-10-01,9,450,90,3
USG-b548f169,CUST-c7643676,2024-11-01,6,335,67,1
USG-dd9376f2,CUST-c7643676,2024-12-01,6,63,63,4
USG-61c0aed3,CUST-c7643676,2025-01-01,9,180,90,1
USG-adfd3d2c,CUST-c7643676,2025-02-01,7,216,72,9
USG-db83647a,CUST-c7643676,2025-03-01,7,213,71,7
USG-b6ad5362,CUST-c7643676,2025-04-01,7,308,77,2
USG-15c9084b,CUST-c7643676,2025-05-01,7,222,74,2
USG-10bdefdc,CUST-c7643676,2025-06-01,8,344,86,7
USG-0939c17e,CUST-c7643676,2025-07-01,7,225,75,6
USG-8faf51ca,CUST-c7643676,2025-08-01,7,380,76,4
USG-e8a9afad,CUST-c7643676,2025-09-01,8,81,81,7
USG-33490230,CUST-c7643676,2025-10-01,8,252,84,6
USG-a13a99ed,CUST-c7643676,2025-11-01,7,308,77,8
USG-6cbe0c99,CUST-c7643676,2025-12-01,9,368,92,7
USG-399cd25d,CUST-c7643676,2026-01-01,9,368,92,7
USG-c4066770,CUST-c7643676,2026-02-01,7,225,75,8
USG-b67d9cbe,CUST-c7643676,2026-03-01,9,93,93,9
USG-f1aa949a,CUST-c7643676,2026-04-01,7,74,74,9
USG-038ebbf7,CUST-c94c5736,2025-09-01,38,1158,386,3
USG-1e1e002b,CUST-c94c5736,2025-10-01,36,1095,365,6
USG-149e8ba1,CUST-c94c5736,2025-11-01,40,812,406,2
USG-75a7d0a9,CUST-c94c5736,2025-12-01,35,351,351,5
USG-1c605d0c,CUST-c94c5736,2026-01-01,36,1815,363,9
USG-b4c8a958,CUST-c94c5736,2026-02-01,35,704,352,10
USG-f1e724f7,CUST-c94c5736,2026-03-01,36,1444,361,3
USG-29245ae1,CUST-c94c5736,2026-04-01,34,1044,348,5
USG-53e21b3a,CUST-c2971ccd,2024-09-01,7,284,71,2
USG-224d0c6d,CUST-c2971ccd,2024-10-01,8,440,88,6
USG-34bd96a6,CUST-c2971ccd,2024-11-01,8,352,88,10
USG-8d13a088,CUST-c2971ccd,2024-12-01,7,355,71,8
USG-01f88298,CUST-c2971ccd,2025-01-01,9,182,91,9
USG-123f51c3,CUST-c2971ccd,2025-02-01,7,237,79,1
USG-5d006228,CUST-c2971ccd,2025-03-01,6,268,67,3
USG-67ea6443,CUST-c2971ccd,2025-04-01,7,300,75,4
USG-4fdac135,CUST-c2971ccd,2025-05-01,8,168,84,3
USG-049c1e49,CUST-c2971ccd,2025-06-01,9,91,91,5
USG-b0c33770,CUST-c2971ccd,2025-07-01,7,146,73,2
USG-cbbf9b5a,CUST-c2971ccd,2025-08-01,8,166,83,10
USG-68934817,CUST-c2971ccd,2025-09-01,9,184,92,4
USG-ab8d5737,CUST-c2971ccd,2025-10-01,9,92,92,2
USG-0c9b8d4a,CUST-c2971ccd,2025-11-01,9,475,95,5
USG-e047481e,CUST-c2971ccd,2025-12-01,8,348,87,6
USG-451a339b,CUST-c2971ccd,2026-01-01,7,365,73,6
USG-a120afb8,CUST-c2971ccd,2026-02-01,7,304,76,6
USG-603b6b7b,CUST-c2971ccd,2026-03-01,7,231,77,6
USG-a9272553,CUST-c2971ccd,2026-04-01,7,280,70,2
USG-155d9d99,CUST-f4fcb452,2025-06-01,15,306,153,7
USG-2bfa9185,CUST-f4fcb452,2025-07-01,19,579,193,6
USG-6be2e7b5,CUST-f4fcb452,2025-08-01,18,905,181,4
USG-f5730a1c,CUST-f4fcb452,2025-09-01,17,684,171,10
USG-41e732bc,CUST-f4fcb452,2025-10-01,21,426,213,9
USG-b1a4492e,CUST-f4fcb452,2025-11-01,18,181,181,4
USG-71ebd3ce,CUST-f4fcb452,2025-12-01,17,688,172,7
USG-f6675ce2,CUST-f4fcb452,2026-01-01,21,860,215,4
USG-87c4a318,CUST-f4fcb452,2026-02-01,19,392,196,9
USG-a2f031be,CUST-f4fcb452,2026-03-01,20,1000,200,6
USG-52becf95,CUST-f4fcb452,2026-04-01,20,1000,200,7
USG-87e6e3ba,CUST-6c893f3e,2025-06-01,31,1260,315,9
USG-6ce0a5e8,CUST-6c893f3e,2025-07-01,40,1227,409,7
USG-a0433221,CUST-6c893f3e,2025-08-01,40,406,406,10
USG-014d8461,CUST-6c893f3e,2025-09-01,36,1830,366,2
USG-68c1d373,CUST-6c893f3e,2025-10-01,38,1552,388,3
USG-7cc0ead6,CUST-6c893f3e,2025-11-01,31,1264,316,10
USG-822079c5,CUST-6c893f3e,2025-12-01,32,1288,322,7
USG-e4750069,CUST-6c893f3e,2026-01-01,37,756,378,10
USG-03603c15,CUST-6c893f3e,2026-02-01,30,1535,307,5
USG-2bcfb2ed,CUST-6c893f3e,2026-03-01,29,1495,299,6
USG-717a66ec,CUST-6c893f3e,2026-04-01,39,1588,397,10
USG-082a01ef,CUST-d73ae4f1,2025-09-01,21,852,213,10
USG-29d9d40c,CUST-d73ae4f1,2025-10-01,26,1330,266,1
USG-c0454cc3,CUST-d73ae4f1,2025-11-01,20,204,204,3
USG-861fae7f,CUST-d73ae4f1,2025-12-01,25,1036,259,2
USG-812b6ffc,CUST-d73ae4f1,2026-01-01,25,254,254,10
USG-b149be74,CUST-d73ae4f1,2026-02-01,22,450,225,1
USG-fbe27a3a,CUST-d73ae4f1,2026-03-01,21,852,213,3
USG-697a8a52,CUST-d73ae4f1,2026-04-01,20,410,205,2
USG-d1c14d99,CUST-d4b80df6,2024-11-01,46,1395,465,2
USG-cb2bbc86,CUST-d4b80df6,2024-12-01,41,1254,418,6
USG-6a06b307,CUST-d4b80df6,2025-01-01,44,1776,444,3
USG-fbbf87ea,CUST-d4b80df6,2025-02-01,46,1380,460,7
USG-16eb7777,CUST-d4b80df6,2025-03-01,43,874,437,1
USG-06995331,CUST-d4b80df6,2025-04-01,34,1020,340,7
USG-1870be66,CUST-d4b80df6,2025-05-01,39,784,392,10
USG-bdcf18d1,CUST-d4b80df6,2025-06-01,36,1080,360,1
USG-74a86eda,CUST-d4b80df6,2025-07-01,41,1230,410,4
USG-c82e97b9,CUST-d4b80df6,2025-08-01,44,1776,444,3
USG-d5774ed2,CUST-d4b80df6,2025-09-01,37,1890,378,2
USG-25f4fe40,CUST-d4b80df6,2025-10-01,48,480,480,4
USG-c78f0a98,CUST-d4b80df6,2025-11-01,33,1336,334,6
USG-bdde7a81,CUST-d4b80df6,2025-12-01,37,1880,376,9
USG-cf4f0fc7,CUST-d4b80df6,2026-01-01,46,462,462,5
USG-75dc018f,CUST-d4b80df6,2026-02-01,47,471,471,3
USG-96e63eea,CUST-d4b80df6,2026-03-01,46,2345,469,5
USG-7b5937f3,CUST-d4b80df6,2026-04-01,35,1068,356,1
USG-7db80505,CUST-a539d8a4,2024-10-01,23,236,236,10
USG-79cfc633,CUST-a539d8a4,2024-11-01,22,458,229,3
USG-a2051e6a,CUST-a539d8a4,2024-12-01,26,1300,260,10
USG-27654a32,CUST-a539d8a4,2025-01-01,27,1080,270,1
USG-88e031ce,CUST-a539d8a4,2025-02-01,22,663,221,1
USG-0e7e80ac,CUST-a539d8a4,2025-03-01,23,476,238,2
USG-92de99b4,CUST-a539d8a4,2025-04-01,20,1045,209,1
USG-db306680,CUST-a539d8a4,2025-05-01,25,255,255,9
USG-45cb131b,CUST-a539d8a4,2025-06-01,22,675,225,4
USG-607ee5c7,CUST-a539d8a4,2025-07-01,30,608,304,8
USG-c419a0b6,CUST-a539d8a4,2025-08-01,25,512,256,8
USG-fcb84c53,CUST-a539d8a4,2025-09-01,25,756,252,5
USG-e017e720,CUST-a539d8a4,2025-10-01,25,252,252,8
USG-3027fd25,CUST-a539d8a4,2025-11-01,22,660,220,8
USG-0ce3aa42,CUST-a539d8a4,2025-12-01,30,915,305,6
USG-8b25da62,CUST-a539d8a4,2026-01-01,23,239,239,5
USG-e1347c06,CUST-a539d8a4,2026-02-01,25,255,255,3
USG-957d4da7,CUST-a539d8a4,2026-03-01,1,12,3,7
USG-eda99f17,CUST-a539d8a4,2026-04-01,1,0,0,4
USG-eade851d,CUST-d29ebc01,2024-12-01,27,1360,272,3
USG-b476d878,CUST-d29ebc01,2025-01-01,32,640,320,8
USG-bce6c48d,CUST-d29ebc01,2025-02-01,33,664,332,2
USG-ff5d82f5,CUST-d29ebc01,2025-03-01,28,288,288,4
USG-e9e0a48e,CUST-d29ebc01,2025-04-01,35,708,354,4
USG-098fc181,CUST-d29ebc01,2025-05-01,31,1260,315,3
USG-8505a73c,CUST-d29ebc01,2025-06-01,30,1515,303,10
USG-09e4d74e,CUST-d29ebc01,2025-07-01,32,972,324,9
USG-c4989135,CUST-d29ebc01,2025-08-01,26,801,267,8
USG-2ade8c98,CUST-d29ebc01,2025-09-01,30,606,303,10
USG-091b3f81,CUST-d29ebc01,2025-10-01,25,508,254,10
USG-44a5ef4b,CUST-d29ebc01,2025-11-01,35,351,351,4
USG-8f85e856,CUST-d29ebc01,2025-12-01,30,300,300,10
USG-711e3dc2,CUST-d29ebc01,2026-01-01,25,1036,259,6
USG-e1c53908,CUST-d29ebc01,2026-02-01,31,1595,319,6
USG-54cfd777,CUST-d29ebc01,2026-03-01,28,284,284,5
USG-ec6c94d4,CUST-d29ebc01,2026-04-01,34,344,344,2
USG-dffc6a1b,CUST-a9789b72,2026-03-01,1,10,5,3
USG-4fc244ac,CUST-a9789b72,2026-04-01,1,0,0,6
USG-60bb43ac,CUST-f0671929,2025-06-01,26,264,264,5
USG-19609843,CUST-f0671929,2025-07-01,35,716,358,7
USG-8bec0a9a,CUST-f0671929,2025-08-01,28,568,284,7
USG-daf706df,CUST-f0671929,2025-09-01,28,858,286,4
USG-74c3bca0,CUST-f0671929,2025-10-01,35,1780,356,7
USG-bfd419d9,CUST-f0671929,2025-11-01,32,981,327,3
USG-80f009be,CUST-f0671929,2025-12-01,27,272,272,1
USG-c9486f3e,CUST-f0671929,2026-01-01,31,622,311,3
USG-86edd88c,CUST-f0671929,2026-02-01,36,1476,369,7
USG-aaf4b035,CUST-f0671929,2026-03-01,34,686,343,6
USG-636090ff,CUST-f0671929,2026-04-01,27,1360,272,1
USG-3a608dda,CUST-f373ac37,2024-06-01,46,1860,465,9
USG-70e6fb50,CUST-f373ac37,2024-07-01,41,1644,411,2
USG-b48b6244,CUST-f373ac37,2024-08-01,36,728,364,4
USG-bf691c36,CUST-f373ac37,2024-09-01,45,1350,450,4
USG-8d1361a3,CUST-f373ac37,2024-10-01,36,361,361,10
USG-4cf6fea1,CUST-f373ac37,2024-11-01,36,362,362,7
USG-8c7aeef1,CUST-f373ac37,2024-12-01,39,782,391,6
USG-61dca856,CUST-f373ac37,2025-01-01,44,1780,445,8
USG-57fb3124,CUST-f373ac37,2025-02-01,51,1557,519,5
USG-68816eea,CUST-f373ac37,2025-03-01,42,2125,425,7
USG-13f29dea,CUST-f373ac37,2025-04-01,37,750,375,9
USG-81f10e9b,CUST-f373ac37,2025-05-01,47,1884,471,1
USG-45adfaee,CUST-f373ac37,2025-06-01,39,1191,397,7
USG-edaa7f74,CUST-f373ac37,2025-07-01,46,934,467,3
USG-afa23f9e,CUST-f373ac37,2025-08-01,48,1920,480,6
USG-d7ee46d1,CUST-f373ac37,2025-09-01,46,1876,469,9
USG-a8ae5fb0,CUST-f373ac37,2025-10-01,40,404,404,6
USG-8618b4bc,CUST-f373ac37,2025-11-01,40,1624,406,4
USG-c509e804,CUST-f373ac37,2025-12-01,41,1652,413,6
USG-04fd3055,CUST-f373ac37,2026-01-01,44,1326,442,2
USG-ee22dca7,CUST-f373ac37,2026-02-01,49,2495,499,6
USG-821b6e16,CUST-f373ac37,2026-03-01,1,0,0,7
USG-d9c8dcfe,CUST-f373ac37,2026-04-01,1,16,4,6
USG-9dfb82c3,CUST-593658d7,2026-04-01,1,12,4,10
USG-1371ec23,CUST-549aeba3,2025-10-01,20,812,203,1
USG-18382f5f,CUST-549aeba3,2025-11-01,17,356,178,4
USG-fb0298cc,CUST-549aeba3,2025-12-01,21,642,214,3
USG-50374b7d,CUST-549aeba3,2026-01-01,19,764,191,5
USG-ae0336fd,CUST-549aeba3,2026-02-01,22,440,220,2
USG-7597923a,CUST-549aeba3,2026-03-01,17,350,175,3
USG-c3f19c1c,CUST-549aeba3,2026-04-01,26,520,260,6
USG-07199320,CUST-cb3c240f,2025-05-01,6,186,62,6
USG-864afa33,CUST-cb3c240f,2025-06-01,5,280,56,6
USG-9a11e15f,CUST-cb3c240f,2025-07-01,6,128,64,8
USG-424f0f4e,CUST-cb3c240f,2025-08-01,6,120,60,8
USG-28674555,CUST-cb3c240f,2025-09-01,5,54,54,5
USG-bca51a7d,CUST-cb3c240f,2025-10-01,4,94,47,7
USG-461ac5df,CUST-cb3c240f,2025-11-01,5,52,52,3
USG-8c7ec72b,CUST-cb3c240f,2025-12-01,5,236,59,1
USG-4d42454d,CUST-cb3c240f,2026-01-01,5,116,58,8
USG-5280ddf6,CUST-cb3c240f,2026-02-01,4,245,49,9
USG-4bf27744,CUST-cb3c240f,2026-03-01,1,1,1,1
USG-3e67ca59,CUST-cb3c240f,2026-04-01,1,8,4,6
USG-e1681474,CUST-461f3e23,2025-12-01,37,1110,370,4
USG-697f0e75,CUST-461f3e23,2026-01-01,35,700,350,10
USG-9fb549f4,CUST-461f3e23,2026-02-01,35,354,354,2
USG-0e962bbe,CUST-461f3e23,2026-03-01,36,1095,365,10
USG-f449463b,CUST-461f3e23,2026-04-01,32,642,321,9
USG-a307285d,CUST-a16ff662,2026-01-01,11,460,115,10
USG-22f3a764,CUST-a16ff662,2026-02-01,16,320,160,10
USG-dfe5bbb4,CUST-a16ff662,2026-03-01,1,0,0,8
USG-a447782e,CUST-a16ff662,2026-04-01,1,8,4,5
USG-de7bc374,CUST-e2d06070,2025-03-01,39,1572,393,10
USG-7a719cff,CUST-e2d06070,2025-04-01,31,1272,318,9
USG-6b440b8d,CUST-e2d06070,2025-05-01,33,1017,339,7
USG-4b2c0f0c,CUST-e2d06070,2025-06-01,38,1532,383,7
USG-347689f1,CUST-e2d06070,2025-07-01,41,2050,410,4
USG-8904ea7d,CUST-e2d06070,2025-08-01,38,383,383,10
USG-11cdc48d,CUST-e2d06070,2025-09-01,41,830,415,9
USG-0825bfd5,CUST-e2d06070,2025-10-01,37,758,379,6
USG-5f244928,CUST-e2d06070,2025-11-01,45,457,457,9
USG-fd0fa372,CUST-e2d06070,2025-12-01,36,1830,366,3
USG-02356d6e,CUST-e2d06070,2026-01-01,36,1468,367,3
USG-368d40af,CUST-e2d06070,2026-02-01,40,810,405,7
USG-72a79db7,CUST-e2d06070,2026-03-01,37,750,375,4
USG-21a8decb,CUST-e2d06070,2026-04-01,44,884,442,6
USG-d6835d99,CUST-0d90f12a,2025-11-01,26,522,261,8
USG-4cd26f58,CUST-0d90f12a,2025-12-01,21,642,214,7
USG-6c920ae2,CUST-0d90f12a,2026-01-01,27,1395,279,3
USG-5f41a4e8,CUST-0d90f12a,2026-02-01,23,236,236,5
USG-e375f1ff,CUST-0d90f12a,2026-03-01,23,470,235,4
USG-303f48f6,CUST-0d90f12a,2026-04-01,21,645,215,7
USG-f72e5b19,CUST-8d6e914a,2025-09-01,21,213,213,6
USG-f14e76e8,CUST-8d6e914a,2025-10-01,18,561,187,10
USG-d256f1ff,CUST-8d6e914a,2025-11-01,24,972,243,2
USG-5d8fd9ac,CUST-8d6e914a,2025-12-01,22,908,227,9
USG-84719c84,CUST-8d6e914a,2026-01-01,21,1065,213,9
USG-4cedd2ef,CUST-8d6e914a,2026-02-01,21,1060,212,9
USG-d4d7a140,CUST-8d6e914a,2026-03-01,26,1315,263,3
USG-d93ed438,CUST-8d6e914a,2026-04-01,20,606,202,10
USG-5c8231fc,CUST-a0330957,2025-05-01,55,557,557,4
USG-6e2723cc,CUST-a0330957,2025-06-01,50,2500,500,6
USG-88241b80,CUST-a0330957,2025-07-01,38,1556,389,10
USG-7ff16dd6,CUST-a0330957,2025-08-01,50,2020,505,2
USG-48fa7265,CUST-a0330957,2025-09-01,41,1248,416,5
USG-2a86b5d5,CUST-a0330957,2025-10-01,38,1910,382,9
USG-f91c9e89,CUST-a0330957,2025-11-01,41,832,416,2
USG-39868300,CUST-a0330957,2025-12-01,47,2375,475,1
USG-fc63240a,CUST-a0330957,2026-01-01,39,1980,396,4
USG-a6761177,CUST-a0330957,2026-02-01,42,1692,423,10
USG-11e72821,CUST-a0330957,2026-03-01,1,0,0,4
USG-806518b5,CUST-a0330957,2026-04-01,1,12,3,10
USG-774cce76,CUST-09615c72,2025-06-01,36,1845,369,9
USG-0b019ffc,CUST-09615c72,2025-07-01,46,461,461,3
USG-685cd926,CUST-09615c72,2025-08-01,35,355,355,2
USG-5e95bd01,CUST-09615c72,2025-09-01,39,392,392,9
USG-155237b0,CUST-09615c72,2025-10-01,45,908,454,1
USG-4c85f91a,CUST-09615c72,2025-11-01,32,658,329,4
USG-febbf08e,CUST-09615c72,2025-12-01,42,1272,424,3
USG-2d8390f3,CUST-09615c72,2026-01-01,36,728,364,4
USG-4466229a,CUST-09615c72,2026-02-01,46,1848,462,4
USG-832fc409,CUST-09615c72,2026-03-01,44,1320,440,1
USG-2520b4ec,CUST-09615c72,2026-04-01,42,852,426,2
USG-01a8f00e,CUST-d6b30fde,2024-07-01,9,188,94,4
USG-e8154ab0,CUST-d6b30fde,2024-08-01,8,400,80,7
USG-cf62897b,CUST-d6b30fde,2024-09-01,9,94,94,2
USG-052b93fd,CUST-d6b30fde,2024-10-01,8,246,82,10
USG-66cfd166,CUST-d6b30fde,2024-11-01,7,152,76,2
USG-744d4ed9,CUST-d6b30fde,2024-12-01,10,404,101,8
USG-97d7a45c,CUST-d6b30fde,2025-01-01,10,400,100,10
USG-5f4e521d,CUST-d6b30fde,2025-02-01,10,102,102,1
USG-8ecb3e57,CUST-d6b30fde,2025-03-01,10,102,102,10
USG-1cb69806,CUST-d6b30fde,2025-04-01,10,100,100,8
USG-d7078e69,CUST-d6b30fde,2025-05-01,9,270,90,4
USG-e4b7299e,CUST-d6b30fde,2025-06-01,10,214,107,5
USG-d97cba19,CUST-d6b30fde,2025-07-01,10,540,108,4
USG-ce50ff40,CUST-d6b30fde,2025-08-01,8,170,85,9
USG-52354f49,CUST-d6b30fde,2025-09-01,11,440,110,2
USG-87379f17,CUST-d6b30fde,2025-10-01,9,90,90,6
USG-3cf6c4e1,CUST-d6b30fde,2025-11-01,8,344,86,5
USG-c05c9ef3,CUST-d6b30fde,2025-12-01,9,92,92,2
USG-a543043d,CUST-d6b30fde,2026-01-01,9,93,93,9
USG-6ed786aa,CUST-d6b30fde,2026-02-01,9,186,93,8
USG-63fc3817,CUST-d6b30fde,2026-03-01,8,162,81,1
USG-d2f065c7,CUST-d6b30fde,2026-04-01,10,108,108,1
USG-b1b27398,CUST-dbfc307d,2025-11-01,29,1470,294,1
USG-71db4757,CUST-dbfc307d,2025-12-01,37,1880,376,4
USG-8b3f4fc1,CUST-dbfc307d,2026-01-01,30,1500,300,2
USG-284af008,CUST-dbfc307d,2026-02-01,28,572,286,3
USG-e4d86c11,CUST-dbfc307d,2026-03-01,1,0,0,1
USG-dbc0b5ab,CUST-dbfc307d,2026-04-01,1,0,0,10
USG-29a872f1,CUST-122a2bd6,2026-02-01,49,986,493,5
USG-6189a19e,CUST-122a2bd6,2026-03-01,1,5,5,9
USG-350fb207,CUST-122a2bd6,2026-04-01,1,2,1,6
USG-68a520e6,CUST-87c9ba7e,2025-02-01,11,452,113,3
USG-26ea0b39,CUST-87c9ba7e,2025-03-01,9,99,99,3
USG-df511a44,CUST-87c9ba7e,2025-04-01,8,87,87,2
USG-ac5125c8,CUST-87c9ba7e,2025-05-01,10,510,102,6
USG-56368de1,CUST-87c9ba7e,2025-06-01,11,228,114,9
USG-107dc83f,CUST-87c9ba7e,2025-07-01,12,248,124,3
USG-ccecb5a4,CUST-87c9ba7e,2025-08-01,12,484,121,1
USG-4f3be0de,CUST-87c9ba7e,2025-09-01,8,88,88,7
USG-d20b3854,CUST-87c9ba7e,2025-10-01,10,102,102,2
USG-bc81822c,CUST-87c9ba7e,2025-11-01,11,468,117,9
USG-9b4b5222,CUST-87c9ba7e,2025-12-01,10,202,101,10
USG-adce0181,CUST-87c9ba7e,2026-01-01,8,252,84,2
USG-7e6f0699,CUST-87c9ba7e,2026-02-01,9,485,97,7
USG-e05a3430,CUST-87c9ba7e,2026-03-01,12,240,120,7
USG-28dd118e,CUST-87c9ba7e,2026-04-01,10,102,102,3
USG-42ce71a8,CUST-2689c304,2026-02-01,7,395,79,5
USG-1fe7eb76,CUST-2689c304,2026-03-01,8,240,80,4
USG-4d6d6d7d,CUST-2689c304,2026-04-01,10,102,102,5
USG-d0c017a4,CUST-6a8bea0c,2025-05-01,52,1584,528,4
USG-b9aa57ca,CUST-6a8bea0c,2025-06-01,41,2050,410,5
USG-528dd966,CUST-6a8bea0c,2025-07-01,54,549,549,6
USG-01228cb7,CUST-6a8bea0c,2025-08-01,40,1200,400,6
USG-bba90634,CUST-6a8bea0c,2025-09-01,39,1185,395,9
USG-718841ce,CUST-6a8bea0c,2025-10-01,45,2290,458,5
USG-02ec81a7,CUST-6a8bea0c,2025-11-01,47,1904,476,8
USG-47327f7b,CUST-6a8bea0c,2025-12-01,40,1628,407,9
USG-b90e6130,CUST-6a8bea0c,2026-01-01,44,1776,444,10
USG-9077d2fa,CUST-6a8bea0c,2026-02-01,49,492,492,9
USG-9ee21f00,CUST-6a8bea0c,2026-03-01,52,1048,524,1
USG-cf9c5325,CUST-6a8bea0c,2026-04-01,52,2092,523,5
USG-07804d93,CUST-b8cd91f0,2024-09-01,31,318,318,6
USG-2236a1f5,CUST-b8cd91f0,2024-10-01,40,814,407,6
USG-fbdae52e,CUST-b8cd91f0,2024-11-01,32,323,323,2
USG-b0400ca8,CUST-b8cd91f0,2024-12-01,34,692,346,8
USG-ba250099,CUST-b8cd91f0,2025-01-01,30,1500,300,8
USG-ea72c975,CUST-b8cd91f0,2025-02-01,31,622,311,9
USG-c0f0f92a,CUST-b8cd91f0,2025-03-01,30,303,303,2
USG-b201832f,CUST-b8cd91f0,2025-04-01,39,1975,395,4
USG-19506443,CUST-b8cd91f0,2025-05-01,29,885,295,2
USG-36e23abd,CUST-b8cd91f0,2025-06-01,29,580,290,2
USG-ac5b3d97,CUST-b8cd91f0,2025-07-01,39,1176,392,1
USG-b5a5217d,CUST-b8cd91f0,2025-08-01,33,672,336,7
USG-a5daaedc,CUST-b8cd91f0,2025-09-01,35,351,351,10
USG-f30bd892,CUST-b8cd91f0,2025-10-01,36,1080,360,1
USG-648e58ce,CUST-b8cd91f0,2025-11-01,30,302,302,7
USG-40376b51,CUST-b8cd91f0,2025-12-01,32,321,321,8
USG-31c508a4,CUST-b8cd91f0,2026-01-01,36,1098,366,8
USG-f3a22df5,CUST-b8cd91f0,2026-02-01,38,388,388,8
USG-143d67f0,CUST-b8cd91f0,2026-03-01,28,1136,284,5
USG-7cd6c7e5,CUST-b8cd91f0,2026-04-01,35,1408,352,10
USG-22da5010,CUST-da55b209,2025-03-01,27,1355,271,7
USG-8c09ad6b,CUST-da55b209,2025-04-01,27,275,275,3
USG-d395ee66,CUST-da55b209,2025-05-01,26,807,269,1
USG-d532a6f7,CUST-da55b209,2025-06-01,22,1140,228,1
USG-e3598da5,CUST-da55b209,2025-07-01,21,645,215,9
USG-81d2b35c,CUST-da55b209,2025-08-01,25,500,250,9
USG-1e0ac5a7,CUST-da55b209,2025-09-01,27,1385,277,2
USG-ad9c1c01,CUST-da55b209,2025-10-01,24,240,240,2
USG-3e91e7d0,CUST-da55b209,2025-11-01,27,837,279,6
USG-9b9ca8da,CUST-da55b209,2025-12-01,25,1004,251,7
USG-cad75c9b,CUST-da55b209,2026-01-01,22,916,229,2
USG-e1797cab,CUST-da55b209,2026-02-01,24,720,240,3
USG-8e6cd675,CUST-da55b209,2026-03-01,21,844,211,1
USG-649a3f33,CUST-da55b209,2026-04-01,19,195,195,10
USG-bb6493bf,CUST-8ae1bfd4,2026-01-01,9,392,98,7
USG-fc2c150e,CUST-8ae1bfd4,2026-02-01,8,81,81,8
USG-c4cbff46,CUST-8ae1bfd4,2026-03-01,1,3,3,3
USG-31f91b45,CUST-8ae1bfd4,2026-04-01,1,2,1,9
USG-48c272b6,CUST-63590e76,2025-12-01,1,30,10,4
USG-6c408659,CUST-63590e76,2026-01-01,1,55,11,3
USG-8fec8e8b,CUST-63590e76,2026-02-01,1,22,11,6
USG-48121c82,CUST-63590e76,2026-03-01,1,26,13,1
USG-8e349817,CUST-63590e76,2026-04-01,1,36,12,10
USG-d86672dd,CUST-91c74c14,2026-03-01,36,1820,364,5
USG-6ef1feb0,CUST-91c74c14,2026-04-01,34,1710,342,8
USG-96c1bb28,CUST-fb0cd14b,2026-04-01,36,1835,367,8
USG-8298cf63,CUST-44eb7a07,2026-02-01,11,234,117,10
USG-212ae2ce,CUST-44eb7a07,2026-03-01,10,206,103,4
USG-0509cccc,CUST-44eb7a07,2026-04-01,10,312,104,8
USG-8695161e,CUST-f5a87457,2024-07-01,50,500,500,3
USG-bd773e8e,CUST-f5a87457,2024-08-01,50,1509,503,1
USG-fa0b1396,CUST-f5a87457,2024-09-01,53,2695,539,4
USG-4b33216e,CUST-f5a87457,2024-10-01,48,1920,480,7
USG-5d1246b8,CUST-f5a87457,2024-11-01,40,2045,409,9
USG-5f368d6d,CUST-f5a87457,2024-12-01,43,1720,430,5
USG-bf32503d,CUST-f5a87457,2025-01-01,47,1416,472,3
USG-ed396c6d,CUST-f5a87457,2025-02-01,49,998,499,10
USG-32d84ebb,CUST-f5a87457,2025-03-01,47,1428,476,7
USG-deb364fd,CUST-f5a87457,2025-04-01,52,1563,521,3
USG-1144d011,CUST-f5a87457,2025-05-01,50,2525,505,2
USG-ebc7465b,CUST-f5a87457,2025-06-01,47,2375,475,7
USG-410d4f3a,CUST-f5a87457,2025-07-01,49,1984,496,3
USG-27d3c045,CUST-f5a87457,2025-08-01,51,1038,519,8
USG-8f4ce093,CUST-f5a87457,2025-09-01,41,838,419,4
USG-4d7197a5,CUST-f5a87457,2025-10-01,53,532,532,7
USG-f14e806b,CUST-f5a87457,2025-11-01,49,490,490,2
USG-d5b5a81e,CUST-f5a87457,2025-12-01,44,898,449,4
USG-d45f6bd2,CUST-f5a87457,2026-01-01,42,423,423,2
USG-7890e5bf,CUST-f5a87457,2026-02-01,42,842,421,2
USG-f0d50de7,CUST-f5a87457,2026-03-01,44,884,442,5
USG-e197871f,CUST-f5a87457,2026-04-01,53,1611,537,3
USG-75978768,CUST-2bd38945,2025-04-01,44,1764,441,3
USG-70f2708d,CUST-2bd38945,2025-05-01,51,2555,511,9
USG-3ab65da7,CUST-2bd38945,2025-06-01,44,884,442,4
USG-0dcb5b1c,CUST-2bd38945,2025-07-01,43,432,432,5
USG-60c6f062,CUST-2bd38945,2025-08-01,41,1248,416,6
USG-000e867b,CUST-2bd38945,2025-09-01,51,511,511,5
USG-17bdfacd,CUST-2bd38945,2025-10-01,40,1206,402,3
USG-dc841f7d,CUST-2bd38945,2025-11-01,38,380,380,8
USG-c2a77a35,CUST-2bd38945,2025-12-01,42,2135,427,5
USG-80201cba,CUST-2bd38945,2026-01-01,41,2095,419,6
USG-468b1529,CUST-2bd38945,2026-02-01,45,1356,452,3
USG-7abceb60,CUST-2bd38945,2026-03-01,50,505,505,9
USG-db6a548a,CUST-2bd38945,2026-04-01,46,1386,462,3
USG-6d0c839e,CUST-f32414c7,2025-03-01,47,1410,470,7
USG-55a06b99,CUST-f32414c7,2025-04-01,40,400,400,6
USG-5558281a,CUST-f32414c7,2025-05-01,37,1855,371,2
USG-af976c34,CUST-f32414c7,2025-06-01,38,1520,380,5
USG-1af48b9b,CUST-f32414c7,2025-07-01,49,2465,493,3
USG-96c584c6,CUST-f32414c7,2025-08-01,52,2080,520,5
USG-9fb266b6,CUST-f32414c7,2025-09-01,39,1950,390,9
USG-4d061b0e,CUST-f32414c7,2025-10-01,53,1070,535,5
USG-d64e5ac5,CUST-f32414c7,2025-11-01,43,874,437,6
USG-630226a0,CUST-f32414c7,2025-12-01,39,1980,396,10
USG-be83f689,CUST-f32414c7,2026-01-01,45,1812,453,6
USG-c36b08d2,CUST-f32414c7,2026-02-01,49,2475,495,2
USG-f837a619,CUST-f32414c7,2026-03-01,42,422,422,1
USG-7497991d,CUST-f32414c7,2026-04-01,44,441,441,5
USG-db3604cb,CUST-4d4b96cf,2026-03-01,1,5,5,9
USG-85ced4aa,CUST-4d4b96cf,2026-04-01,1,3,1,8
USG-d2f5e430,CUST-09475927,2025-01-01,47,948,474,1
USG-f06f7120,CUST-09475927,2025-02-01,43,1728,432,9
USG-7f79c3ff,CUST-09475927,2025-03-01,40,1203,401,4
USG-d0be9e5f,CUST-09475927,2025-04-01,55,553,553,9
USG-931ee8d0,CUST-09475927,2025-05-01,38,1158,386,7
USG-09b804bd,CUST-09475927,2025-06-01,55,1100,550,8
USG-c52a933d,CUST-09475927,2025-07-01,46,1872,468,3
USG-4dfa6452,CUST-09475927,2025-08-01,42,426,426,2
USG-69db11fb,CUST-09475927,2025-09-01,53,2156,539,1
USG-4942d6e8,CUST-09475927,2025-10-01,44,2240,448,7
USG-d905992f,CUST-09475927,2025-11-01,39,390,390,7
USG-214f24f1,CUST-09475927,2025-12-01,51,2595,519,7
USG-14abbcd9,CUST-09475927,2026-01-01,41,1656,414,5
USG-accad4f1,CUST-09475927,2026-02-01,48,962,481,2
USG-8d0deadb,CUST-09475927,2026-03-01,46,1860,465,10
USG-f0ae7b06,CUST-09475927,2026-04-01,54,546,546,7
USG-99a070d5,CUST-57b315d0,2024-11-01,14,147,147,5
USG-ea577742,CUST-57b315d0,2024-12-01,17,534,178,10
USG-a743a9f3,CUST-57b315d0,2025-01-01,14,147,147,3
USG-f71e478a,CUST-57b315d0,2025-02-01,16,338,169,4
USG-90c8c7c0,CUST-57b315d0,2025-03-01,15,152,152,1
USG-732a1465,CUST-57b315d0,2025-04-01,21,212,212,3
USG-b1ec3375,CUST-57b315d0,2025-05-01,21,852,213,3
USG-4a19fe73,CUST-57b315d0,2025-06-01,18,935,187,9
USG-46674235,CUST-57b315d0,2025-07-01,17,880,176,4
USG-2ecfe954,CUST-57b315d0,2025-08-01,19,193,193,3
USG-45433bfa,CUST-57b315d0,2025-09-01,15,600,150,2
USG-18954eca,CUST-57b315d0,2025-10-01,16,825,165,9
USG-a91f1a21,CUST-57b315d0,2025-11-01,16,504,168,1
USG-66a31d03,CUST-57b315d0,2025-12-01,20,1040,208,7
USG-e1e08c3c,CUST-57b315d0,2026-01-01,20,1010,202,10
USG-b07956cb,CUST-57b315d0,2026-02-01,20,824,206,9
USG-989bb7ca,CUST-57b315d0,2026-03-01,1,4,2,1
USG-86f9e909,CUST-57b315d0,2026-04-01,1,0,0,5
USG-ae2581d0,CUST-434e0a68,2025-06-01,4,144,48,3
USG-4308c66b,CUST-434e0a68,2025-07-01,4,47,47,8
USG-2f15c9c8,CUST-434e0a68,2025-08-01,4,188,47,3
USG-e6a82683,CUST-434e0a68,2025-09-01,4,235,47,7
USG-06112d15,CUST-434e0a68,2025-10-01,4,129,43,10
USG-545c7a46,CUST-434e0a68,2025-11-01,5,250,50,6
USG-8991b060,CUST-434e0a68,2025-12-01,5,290,58,5
USG-5470d40e,CUST-434e0a68,2026-01-01,5,156,52,8
USG-a7d7a593,CUST-434e0a68,2026-02-01,5,114,57,8
USG-b396884e,CUST-434e0a68,2026-03-01,1,25,5,9
USG-c2529806,CUST-434e0a68,2026-04-01,1,5,1,4
USG-12e6e0ac,CUST-d5e13a88,2026-01-01,2,88,22,8
USG-c54d933b,CUST-d5e13a88,2026-02-01,2,120,24,9
USG-c7f1859c,CUST-d5e13a88,2026-03-01,2,54,27,7
USG-fb149fb2,CUST-d5e13a88,2026-04-01,2,23,23,8
USG-752e84ae,CUST-064a2133,2026-01-01,18,183,183,1
USG-f9ec6da1,CUST-064a2133,2026-02-01,16,320,160,10
USG-2c7f0d17,CUST-064a2133,2026-03-01,1,10,2,2
USG-a4638bd3,CUST-064a2133,2026-04-01,1,2,2,5
USG-1bd8f521,CUST-5731e3de,2024-09-01,48,2435,487,1
USG-1735ae4a,CUST-5731e3de,2024-10-01,50,1527,509,7
USG-239ab9ba,CUST-5731e3de,2024-11-01,46,938,469,9
USG-77a0b205,CUST-5731e3de,2024-12-01,40,2015,403,7
USG-55b602e0,CUST-5731e3de,2025-01-01,44,1792,448,7
USG-e93ea196,CUST-5731e3de,2025-02-01,46,2325,465,7
USG-9172a303,CUST-5731e3de,2025-03-01,37,1134,378,8
USG-cbde1569,CUST-5731e3de,2025-04-01,49,1988,497,1
USG-6affb8df,CUST-5731e3de,2025-05-01,49,1491,497,2
USG-476b9d71,CUST-5731e3de,2025-06-01,47,478,478,1
USG-82dd496a,CUST-5731e3de,2025-07-01,35,1071,357,3
USG-d4a86cca,CUST-5731e3de,2025-08-01,40,818,409,7
USG-a95a2686,CUST-5731e3de,2025-09-01,39,1185,395,2
USG-7de9d2de,CUST-5731e3de,2025-10-01,43,864,432,5
USG-ae38b215,CUST-5731e3de,2025-11-01,40,1203,401,1
USG-da62096f,CUST-5731e3de,2025-12-01,42,2140,428,4
USG-cb022022,CUST-5731e3de,2026-01-01,39,1191,397,4
USG-f5aa11be,CUST-5731e3de,2026-02-01,39,1197,399,4
USG-cde43d55,CUST-5731e3de,2026-03-01,42,1688,422,10
USG-c7eec61e,CUST-5731e3de,2026-04-01,39,1596,399,7
USG-69a4620d,CUST-03036de5,2025-08-01,51,1545,515,6
USG-9a64a199,CUST-03036de5,2025-09-01,47,946,473,8
USG-e9315257,CUST-03036de5,2025-10-01,55,1659,553,9
USG-b43e1ddd,CUST-03036de5,2025-11-01,54,1623,541,3
USG-9681f4fd,CUST-03036de5,2025-12-01,44,896,448,3
USG-7a3f9e68,CUST-03036de5,2026-01-01,56,2830,566,5
USG-dcafe082,CUST-03036de5,2026-02-01,46,2325,465,1
USG-93259543,CUST-03036de5,2026-03-01,40,1600,400,6
USG-9839edbf,CUST-03036de5,2026-04-01,53,1066,533,8
USG-c684223f,CUST-6eaac881,2026-02-01,34,684,342,10
USG-8466f56f,CUST-6eaac881,2026-03-01,1,10,2,7
USG-3107a79c,CUST-6eaac881,2026-04-01,1,4,2,4
USG-ea57dc4e,CUST-97c45d61,2025-05-01,43,1728,432,5
USG-ae68c82d,CUST-97c45d61,2025-06-01,44,2205,441,10
USG-5d12db9a,CUST-97c45d61,2025-07-01,43,862,431,1
USG-f6564ea3,CUST-97c45d61,2025-08-01,46,2320,464,6
USG-1208a4a6,CUST-97c45d61,2025-09-01,37,1492,373,1
USG-094f0783,CUST-97c45d61,2025-10-01,33,1017,339,2
USG-bf994a4e,CUST-97c45d61,2025-11-01,38,386,386,3
USG-16dc998f,CUST-97c45d61,2025-12-01,37,1504,376,10
USG-8552983a,CUST-97c45d61,2026-01-01,45,1804,451,6
USG-ddcc373f,CUST-97c45d61,2026-02-01,36,1830,366,6
USG-980d6831,CUST-97c45d61,2026-03-01,34,682,341,10
USG-800f2b0c,CUST-97c45d61,2026-04-01,47,1892,473,4
USG-7ef5639a,CUST-5bdd2e56,2024-09-01,15,465,155,7
USG-7fbaa92a,CUST-5bdd2e56,2024-10-01,14,298,149,7
USG-f31479d1,CUST-5bdd2e56,2024-11-01,19,197,197,5
USG-d8ff4bca,CUST-5bdd2e56,2024-12-01,14,444,148,3
USG-d2082e3d,CUST-5bdd2e56,2025-01-01,14,290,145,4
USG-f32a8629,CUST-5bdd2e56,2025-02-01,16,648,162,2
USG-72e9b255,CUST-5bdd2e56,2025-03-01,14,740,148,8
USG-275ef6a4,CUST-5bdd2e56,2025-04-01,18,362,181,8
USG-c7886221,CUST-5bdd2e56,2025-05-01,15,308,154,7
USG-38983d2b,CUST-5bdd2e56,2025-06-01,20,1040,208,4
USG-5941a44f,CUST-5bdd2e56,2025-07-01,19,955,191,1
USG-9ed2edfe,CUST-5bdd2e56,2025-08-01,16,820,164,2
USG-92dedabe,CUST-5bdd2e56,2025-09-01,17,712,178,1
USG-276071e8,CUST-5bdd2e56,2025-10-01,21,430,215,4
USG-b34b4c92,CUST-5bdd2e56,2025-11-01,14,444,148,5
USG-19e8fd84,CUST-5bdd2e56,2025-12-01,16,820,164,5
USG-3e317ca4,CUST-5bdd2e56,2026-01-01,16,644,161,1
USG-55af8cad,CUST-5bdd2e56,2026-02-01,19,191,191,10
USG-f2dad5a2,CUST-5bdd2e56,2026-03-01,21,210,210,4
USG-235cb485,CUST-5bdd2e56,2026-04-01,17,885,177,9
USG-efeb24a5,CUST-abbc1a27,2025-05-01,3,37,37,1
USG-e6ec4b96,CUST-abbc1a27,2025-06-01,3,140,35,8
USG-7355abf5,CUST-abbc1a27,2025-07-01,3,148,37,8
USG-802f2517,CUST-abbc1a27,2025-08-01,3,156,39,8
USG-2afd3423,CUST-abbc1a27,2025-09-01,3,120,30,6
USG-4d461ea2,CUST-abbc1a27,2025-10-01,3,148,37,7
USG-337bca5d,CUST-abbc1a27,2025-11-01,3,93,31,5
USG-76960096,CUST-abbc1a27,2025-12-01,3,31,31,4
USG-917ee24e,CUST-abbc1a27,2026-01-01,3,150,30,2
USG-bce9c635,CUST-abbc1a27,2026-02-01,3,105,35,4
USG-6b857c2e,CUST-abbc1a27,2026-03-01,1,2,2,2
USG-3c63c414,CUST-abbc1a27,2026-04-01,1,0,0,7
USG-3bd503d1,CUST-846142f0,2025-01-01,29,870,290,6
USG-4af160dd,CUST-846142f0,2025-02-01,29,290,290,9
USG-fd7c006a,CUST-846142f0,2025-03-01,34,688,344,4
USG-a9bd4417,CUST-846142f0,2025-04-01,35,708,354,2
USG-ec629741,CUST-846142f0,2025-05-01,29,290,290,5
USG-5ad0d143,CUST-846142f0,2025-06-01,39,1955,391,6
USG-b8179b4d,CUST-846142f0,2025-07-01,30,307,307,8
USG-d413546d,CUST-846142f0,2025-08-01,26,1064,266,5
USG-379c43d3,CUST-846142f0,2025-09-01,26,530,265,7
USG-b4c79986,CUST-846142f0,2025-10-01,26,1060,265,5
USG-af666560,CUST-846142f0,2025-11-01,35,1071,357,2
USG-96b6aad6,CUST-846142f0,2025-12-01,36,1083,361,5
USG-d26f466e,CUST-846142f0,2026-01-01,37,1480,370,7
USG-52c8762c,CUST-846142f0,2026-02-01,28,1132,283,5
USG-8ecb6830,CUST-846142f0,2026-03-01,33,674,337,5
USG-1e8e3b94,CUST-846142f0,2026-04-01,35,1400,350,10
USG-8253495c,CUST-edf2960f,2025-01-01,21,434,217,10
USG-2cf1c487,CUST-edf2960f,2025-02-01,22,880,220,10
USG-bd5dd197,CUST-edf2960f,2025-03-01,22,900,225,3
USG-e03209b5,CUST-edf2960f,2025-04-01,22,226,226,3
USG-716890a6,CUST-edf2960f,2025-05-01,21,645,215,9
USG-18f1fa98,CUST-edf2960f,2025-06-01,25,1012,253,8
USG-a4148c6b,CUST-edf2960f,2025-07-01,26,534,267,6
USG-3d8e7412,CUST-edf2960f,2025-08-01,24,1230,246,5
USG-b5344991,CUST-edf2960f,2025-09-01,24,1220,244,10
USG-9ae8160c,CUST-edf2960f,2025-10-01,28,1400,280,10
USG-95dd6208,CUST-edf2960f,2025-11-01,28,855,285,10
USG-e8536104,CUST-edf2960f,2025-12-01,22,228,228,7
USG-00a91cc0,CUST-edf2960f,2026-01-01,25,777,259,10
USG-39d8df13,CUST-edf2960f,2026-02-01,24,1245,249,5
USG-8f80f444,CUST-edf2960f,2026-03-01,22,892,223,5
USG-1f123e9c,CUST-edf2960f,2026-04-01,29,1160,290,5
USG-b19abd17,CUST-be9f4199,2024-09-01,37,746,373,10
USG-2177cd2c,CUST-be9f4199,2024-10-01,32,966,322,2
USG-a0f5b3e7,CUST-be9f4199,2024-11-01,47,954,477,5
USG-294000b6,CUST-be9f4199,2024-12-01,46,2305,461,7
USG-b10d8fb3,CUST-be9f4199,2025-01-01,40,1203,401,6
USG-cdb30c76,CUST-be9f4199,2025-02-01,36,362,362,2
USG-bfd058c5,CUST-be9f4199,2025-03-01,40,1608,402,8
USG-f89c0c9e,CUST-be9f4199,2025-04-01,41,1251,417,1
USG-1fd7d66d,CUST-be9f4199,2025-05-01,34,1023,341,7
USG-78b63a54,CUST-be9f4199,2025-06-01,39,394,394,10
USG-80cff66c,CUST-be9f4199,2025-07-01,43,860,430,7
USG-99a89071,CUST-be9f4199,2025-08-01,40,1200,400,1
USG-22bb82c1,CUST-be9f4199,2025-09-01,44,2205,441,1
USG-82b94fd0,CUST-be9f4199,2025-10-01,33,990,330,2
USG-62f269f9,CUST-be9f4199,2025-11-01,39,395,395,8
USG-b7f1e86f,CUST-be9f4199,2025-12-01,36,1440,360,1
USG-fc9d46d9,CUST-be9f4199,2026-01-01,42,429,429,7
USG-d40168f1,CUST-be9f4199,2026-02-01,33,1011,337,1
USG-610c6bb4,CUST-be9f4199,2026-03-01,1,20,5,10
USG-222e7e91,CUST-be9f4199,2026-04-01,1,8,4,2
USG-1a2ff82f,CUST-bb241762,2024-12-01,23,714,238,8
USG-9041647a,CUST-bb241762,2025-01-01,19,384,192,8
USG-ed28faeb,CUST-bb241762,2025-02-01,19,388,194,9
USG-82addb43,CUST-bb241762,2025-03-01,22,448,224,3
USG-9a84f852,CUST-bb241762,2025-04-01,22,912,228,8
USG-cb8eb584,CUST-bb241762,2025-05-01,22,1110,222,6
USG-bbc64d45,CUST-bb241762,2025-06-01,24,723,241,1
USG-c8df88e1,CUST-bb241762,2025-07-01,20,800,200,9
USG-37fb8c69,CUST-bb241762,2025-08-01,24,243,243,6
USG-295c9000,CUST-bb241762,2025-09-01,19,780,195,2
USG-cf65f977,CUST-bb241762,2025-10-01,22,666,222,7
USG-b334b767,CUST-bb241762,2025-11-01,22,221,221,7
USG-0ddeb18b,CUST-bb241762,2025-12-01,19,995,199,5
USG-7c67e18a,CUST-bb241762,2026-01-01,24,1230,246,4
USG-b7b62fc8,CUST-bb241762,2026-02-01,20,400,200,7
USG-4c77041e,CUST-bb241762,2026-03-01,18,186,186,6
USG-c282afc8,CUST-bb241762,2026-04-01,21,636,212,6
USG-5dfd6298,CUST-118b91d9,2025-07-01,7,76,76,2
USG-41e4eb54,CUST-118b91d9,2025-08-01,6,315,63,6
USG-a17769a0,CUST-118b91d9,2025-09-01,6,136,68,3
USG-153b03e8,CUST-118b91d9,2025-10-01,6,180,60,2
USG-3c4c7da1,CUST-118b91d9,2025-11-01,7,213,71,7
USG-42718a14,CUST-118b91d9,2025-12-01,7,74,74,10
USG-3c91e2f8,CUST-118b91d9,2026-01-01,6,120,60,7
USG-c7402b90,CUST-118b91d9,2026-02-01,8,328,82,5
USG-6cfa4ea6,CUST-118b91d9,2026-03-01,7,288,72,10
USG-65636d3e,CUST-118b91d9,2026-04-01,7,210,70,9
USG-62dca5b1,CUST-118b91d9,2026-05-01,7,350,70,10
USG-8f1907f1,CUST-bf6d8b31,2024-08-01,23,239,239,10
USG-28660a8d,CUST-bf6d8b31,2024-09-01,21,424,212,1
USG-206ed2e1,CUST-bf6d8b31,2024-10-01,20,820,205,1
USG-26598303,CUST-bf6d8b31,2024-11-01,19,394,197,7
USG-6adad300,CUST-bf6d8b31,2024-12-01,22,450,225,3
USG-f8a4bfbc,CUST-bf6d8b31,2025-01-01,24,1205,241,2
USG-3ba2d77d,CUST-bf6d8b31,2025-02-01,21,424,212,4
USG-42b83a96,CUST-bf6d8b31,2025-03-01,17,175,175,3
USG-598544f6,CUST-bf6d8b31,2025-04-01,21,868,217,10
USG-9d6e1b6c,CUST-bf6d8b31,2025-05-01,25,255,255,2
USG-bd04b9bf,CUST-bf6d8b31,2025-06-01,21,434,217,2
USG-a9479a4d,CUST-bf6d8b31,2025-07-01,24,241,241,10
USG-cea89f81,CUST-bf6d8b31,2025-08-01,24,988,247,4
USG-5e001fac,CUST-bf6d8b31,2025-09-01,21,216,216,9
USG-6bb61916,CUST-bf6d8b31,2025-10-01,20,618,206,4
USG-efdb1575,CUST-bf6d8b31,2025-11-01,24,246,246,7
USG-8a9b2df4,CUST-bf6d8b31,2025-12-01,24,488,244,4
USG-05adc338,CUST-bf6d8b31,2026-01-01,17,352,176,6
USG-bedc152d,CUST-bf6d8b31,2026-02-01,21,422,211,6
USG-04f6aac9,CUST-bf6d8b31,2026-03-01,21,654,218,7
USG-fac50ef8,CUST-bf6d8b31,2026-04-01,22,687,229,3
USG-ee1111a5,CUST-bc86a76f,2024-07-01,41,1257,419,2
USG-ca794029,CUST-bc86a76f,2024-08-01,32,963,321,1
USG-2a05c8e6,CUST-bc86a76f,2024-09-01,45,456,456,4
USG-6858d785,CUST-bc86a76f,2024-10-01,45,918,459,8
USG-ca40c41b,CUST-bc86a76f,2024-11-01,35,708,354,3
USG-be3715a3,CUST-bc86a76f,2024-12-01,37,1855,371,3
USG-84e220f9,CUST-bc86a76f,2025-01-01,43,1305,435,7
USG-beb01c1f,CUST-bc86a76f,2025-02-01,35,1062,354,3
USG-76791d9c,CUST-bc86a76f,2025-03-01,43,862,431,6
USG-17f673ab,CUST-bc86a76f,2025-04-01,45,456,456,2
USG-cc1fae3f,CUST-bc86a76f,2025-05-01,41,822,411,1
USG-67c1fbea,CUST-bc86a76f,2025-06-01,47,2380,476,1
USG-bee5b6f6,CUST-bc86a76f,2025-07-01,43,1728,432,10
USG-e8bce340,CUST-bc86a76f,2025-08-01,37,1496,374,3
USG-d87f141e,CUST-bc86a76f,2025-09-01,42,2135,427,6
USG-73177ce2,CUST-bc86a76f,2025-10-01,35,353,353,2
USG-d2017198,CUST-bc86a76f,2025-11-01,33,672,336,9
USG-8c00dd2c,CUST-bc86a76f,2025-12-01,44,1776,444,8
USG-27e8ad23,CUST-bc86a76f,2026-01-01,44,449,449,4
USG-225d4f99,CUST-bc86a76f,2026-02-01,42,1696,424,7
USG-6118a78c,CUST-bc86a76f,2026-03-01,38,1536,384,10
USG-67b46ef0,CUST-bc86a76f,2026-04-01,37,740,370,9
USG-356c6ddf,CUST-5543aefe,2024-12-01,4,98,49,7
USG-98e5dacf,CUST-5543aefe,2025-01-01,5,165,55,10
USG-0ba06285,CUST-5543aefe,2025-02-01,4,141,47,1
USG-e0864ab9,CUST-5543aefe,2025-03-01,4,164,41,10
USG-c1538392,CUST-5543aefe,2025-04-01,3,76,38,10
USG-fd26f095,CUST-5543aefe,2025-05-01,4,42,42,4
USG-1b67f4c3,CUST-5543aefe,2025-06-01,4,92,46,6
USG-68852875,CUST-5543aefe,2025-07-01,4,98,49,2
USG-73c4b4f2,CUST-5543aefe,2025-08-01,5,100,50,5
USG-e49bc6a9,CUST-5543aefe,2025-09-01,5,102,51,8
USG-5a7826d7,CUST-5543aefe,2025-10-01,5,165,55,7
USG-909ee995,CUST-5543aefe,2025-11-01,4,46,46,10
USG-a8c77be1,CUST-5543aefe,2025-12-01,4,49,49,4
USG-99fcbae4,CUST-5543aefe,2026-01-01,3,152,38,9
USG-055e467e,CUST-5543aefe,2026-02-01,4,46,46,8
USG-083d0f8c,CUST-5543aefe,2026-03-01,5,104,52,7
USG-89fda07e,CUST-5543aefe,2026-04-01,4,129,43,10
USG-6dbc881f,CUST-593f6c8d,2025-11-01,17,885,177,2
USG-67d19b79,CUST-593f6c8d,2025-12-01,15,318,159,10
USG-020ef5b3,CUST-593f6c8d,2026-01-01,18,376,188,9
USG-bad77d3c,CUST-593f6c8d,2026-02-01,15,318,159,1
USG-d9fac231,CUST-593f6c8d,2026-03-01,1,5,5,6
USG-ea7811bd,CUST-593f6c8d,2026-04-01,1,0,0,10
USG-c1dc5e26,CUST-bf6280ed,2025-11-01,24,972,243,5
USG-9aa16eb7,CUST-bf6280ed,2025-12-01,25,512,256,7
USG-1d0b654c,CUST-bf6280ed,2026-01-01,27,1084,271,6
USG-84d97f84,CUST-bf6280ed,2026-02-01,24,729,243,3
USG-3daf8dfe,CUST-bf6280ed,2026-03-01,24,498,249,3
USG-1130dfca,CUST-bf6280ed,2026-04-01,26,1076,269,2
USG-14e53200,CUST-dc0be26b,2025-09-01,45,1350,450,5
USG-300250d4,CUST-dc0be26b,2025-10-01,47,2375,475,1
USG-133567b1,CUST-dc0be26b,2025-11-01,50,1014,507,10
USG-654d2e05,CUST-dc0be26b,2025-12-01,40,1212,404,10
USG-ad10f105,CUST-dc0be26b,2026-01-01,48,974,487,5
USG-c8713e31,CUST-dc0be26b,2026-02-01,48,1443,481,8
USG-9d2169d6,CUST-dc0be26b,2026-03-01,43,1740,435,7
USG-40b5caad,CUST-dc0be26b,2026-04-01,36,728,364,9
USG-958770ff,CUST-f0d9df4e,2025-02-01,32,969,323,6
USG-9f0b4f41,CUST-f0d9df4e,2025-03-01,22,229,229,10
USG-dcd25965,CUST-f0d9df4e,2025-04-01,32,969,323,10
USG-fb3ad1b9,CUST-f0d9df4e,2025-05-01,26,1064,266,8
USG-34092acb,CUST-f0d9df4e,2025-06-01,28,570,285,4
USG-39c9b8bc,CUST-f0d9df4e,2025-07-01,29,873,291,10
USG-26f34be8,CUST-f0d9df4e,2025-08-01,31,1252,313,1
USG-f9efb003,CUST-f0d9df4e,2025-09-01,33,1660,332,5
USG-ba3486ed,CUST-f0d9df4e,2025-10-01,23,948,237,1
USG-bea15e52,CUST-f0d9df4e,2025-11-01,27,274,274,9
USG-082fe03c,CUST-f0d9df4e,2025-12-01,31,630,315,7
USG-b6198dc0,CUST-f0d9df4e,2026-01-01,23,1155,231,8
USG-8df0b990,CUST-f0d9df4e,2026-02-01,28,1148,287,3
USG-3da7cf63,CUST-f0d9df4e,2026-03-01,1,0,0,1
USG-37915f1a,CUST-f0d9df4e,2026-04-01,1,2,1,9
USG-b46582a8,CUST-4f59ecea,2024-11-01,50,500,500,3
USG-18c7b452,CUST-4f59ecea,2024-12-01,39,1975,395,10
USG-824264dd,CUST-4f59ecea,2025-01-01,47,1904,476,7
USG-91846a1a,CUST-4f59ecea,2025-02-01,58,2336,584,3
USG-f7289c3b,CUST-4f59ecea,2025-03-01,57,1156,578,8
USG-86be7106,CUST-4f59ecea,2025-04-01,43,1308,436,9
USG-7e3274b5,CUST-4f59ecea,2025-05-01,43,1744,436,6
USG-184cc3e6,CUST-4f59ecea,2025-06-01,47,475,475,8
USG-f26b78bd,CUST-4f59ecea,2025-07-01,51,2590,518,1
USG-ecf4043f,CUST-4f59ecea,2025-08-01,46,1383,461,8
USG-ff33d373,CUST-4f59ecea,2025-09-01,55,1102,551,10
USG-67390ebc,CUST-4f59ecea,2025-10-01,47,1888,472,1
USG-2eed56c6,CUST-4f59ecea,2025-11-01,45,1820,455,8
USG-49faa3eb,CUST-4f59ecea,2025-12-01,43,864,432,2
USG-fb34fa2f,CUST-4f59ecea,2026-01-01,46,2345,469,1
USG-1955f7a7,CUST-4f59ecea,2026-02-01,50,1524,508,5
USG-ecd81579,CUST-4f59ecea,2026-03-01,1,15,3,9
USG-4de39b43,CUST-4f59ecea,2026-04-01,1,6,3,1
USG-62feaf9f,CUST-78734f64,2025-08-01,37,1860,372,7
USG-7c8bde8d,CUST-78734f64,2025-09-01,40,401,401,3
USG-c48295ea,CUST-78734f64,2025-10-01,36,369,369,3
USG-6386213a,CUST-78734f64,2025-11-01,47,940,470,7
USG-bf4d53f4,CUST-78734f64,2025-12-01,44,1796,449,3
USG-3e7876d4,CUST-78734f64,2026-01-01,36,1464,366,9
USG-3a8ea5a7,CUST-78734f64,2026-02-01,45,458,458,10
USG-d91ed547,CUST-78734f64,2026-03-01,36,368,368,5
USG-1d3fbf2f,CUST-78734f64,2026-04-01,31,319,319,5
USG-2e7a9ba2,CUST-4d61ad94,2024-09-01,17,525,175,10
USG-e0f0d5da,CUST-4d61ad94,2024-10-01,23,230,230,1
USG-b17efd20,CUST-4d61ad94,2024-11-01,16,835,167,1
USG-2e854431,CUST-4d61ad94,2024-12-01,24,245,245,8
USG-ceb07ffa,CUST-4d61ad94,2025-01-01,18,910,182,6
USG-ba623ee3,CUST-4d61ad94,2025-02-01,18,744,186,4
USG-015662c5,CUST-4d61ad94,2025-03-01,21,868,217,5
USG-205a735d,CUST-4d61ad94,2025-04-01,18,740,185,10
USG-d65969e5,CUST-4d61ad94,2025-05-01,18,920,184,1
USG-c17f2d1f,CUST-4d61ad94,2025-06-01,21,633,211,2
USG-08ff333e,CUST-4d61ad94,2025-07-01,18,915,183,9
USG-f8f7eee0,CUST-4d61ad94,2025-08-01,19,955,191,7
USG-83bc0836,CUST-4d61ad94,2025-09-01,20,1030,206,4
USG-707e0540,CUST-4d61ad94,2025-10-01,17,354,177,1
USG-6bdd6452,CUST-4d61ad94,2025-11-01,19,388,194,9
USG-fba68242,CUST-4d61ad94,2025-12-01,21,436,218,6
USG-e19a0376,CUST-4d61ad94,2026-01-01,21,217,217,2
USG-137be311,CUST-4d61ad94,2026-02-01,24,1225,245,1
USG-a2885a13,CUST-4d61ad94,2026-03-01,18,543,181,10
USG-9de0660e,CUST-4d61ad94,2026-04-01,19,190,190,10
USG-bbad73fc,CUST-8621543a,2024-09-01,13,690,138,5
USG-489fbf25,CUST-8621543a,2024-10-01,13,264,132,6
USG-f36dfa09,CUST-8621543a,2024-11-01,16,820,164,10
USG-c4340f05,CUST-8621543a,2024-12-01,17,875,175,1
USG-d458f79c,CUST-8621543a,2025-01-01,17,348,174,3
USG-2d7b1403,CUST-8621543a,2025-02-01,14,715,143,8
USG-0d0943c9,CUST-8621543a,2025-03-01,17,684,171,7
USG-dac9f26c,CUST-8621543a,2025-04-01,18,182,182,7
USG-34eae2f9,CUST-8621543a,2025-05-01,18,905,181,10
USG-83bc5192,CUST-8621543a,2025-06-01,18,188,188,4
USG-511e1ff0,CUST-8621543a,2025-07-01,17,531,177,1
USG-1707b03e,CUST-8621543a,2025-08-01,16,845,169,10
USG-64d8778c,CUST-8621543a,2025-09-01,18,720,180,9
USG-60ea8bd8,CUST-8621543a,2025-10-01,14,564,141,5
USG-8165cce0,CUST-8621543a,2025-11-01,14,292,146,1
USG-78879b8d,CUST-8621543a,2025-12-01,16,805,161,4
USG-19b9aac7,CUST-8621543a,2026-01-01,15,308,154,10
USG-2b0da06d,CUST-8621543a,2026-02-01,17,850,170,8
USG-3e0dd26e,CUST-8621543a,2026-03-01,17,346,173,7
USG-b694e104,CUST-8621543a,2026-04-01,17,352,176,9
USG-ce7f4fe2,CUST-3b2d6ab4,2025-08-01,10,436,109,2
USG-a24936fd,CUST-3b2d6ab4,2025-09-01,8,267,89,9
USG-117ae476,CUST-3b2d6ab4,2025-10-01,7,237,79,2
USG-827e9f19,CUST-3b2d6ab4,2025-11-01,8,84,84,2
USG-b8a84e39,CUST-3b2d6ab4,2025-12-01,10,530,106,7
USG-70b1e40d,CUST-3b2d6ab4,2026-01-01,7,312,78,8
USG-9140cb13,CUST-3b2d6ab4,2026-02-01,9,364,91,8
USG-836b619b,CUST-3b2d6ab4,2026-03-01,7,156,78,9
USG-3ea3c352,CUST-3b2d6ab4,2026-04-01,9,194,97,1
USG-7c5e7e41,CUST-a0b45796,2026-02-01,40,814,407,9
USG-7b60082b,CUST-a0b45796,2026-03-01,54,2168,542,6
USG-f068fe38,CUST-a0b45796,2026-04-01,51,1536,512,1
USG-3272a997,CUST-ee5e0427,2025-04-01,19,386,193,4
USG-59c78a44,CUST-ee5e0427,2025-05-01,20,206,206,4
USG-e5774424,CUST-ee5e0427,2025-06-01,18,744,186,8
USG-3f42de14,CUST-ee5e0427,2025-07-01,19,768,192,2
USG-d7cb19f0,CUST-ee5e0427,2025-08-01,20,400,200,5
USG-28c81e39,CUST-ee5e0427,2025-09-01,21,852,213,3
USG-cbe783b7,CUST-ee5e0427,2025-10-01,18,549,183,8
USG-5a732ed0,CUST-ee5e0427,2025-11-01,15,636,159,5
USG-91ffc8b7,CUST-ee5e0427,2025-12-01,19,792,198,8
USG-72e18c8b,CUST-ee5e0427,2026-01-01,22,681,227,2
USG-2c0b48d7,CUST-ee5e0427,2026-02-01,20,624,208,6
USG-79979707,CUST-ee5e0427,2026-03-01,17,516,172,3
USG-64d266a3,CUST-ee5e0427,2026-04-01,18,543,181,5
USG-b44689eb,CUST-7bc3be48,2025-12-01,40,2005,401,9
USG-b5afa3a3,CUST-7bc3be48,2026-01-01,30,918,306,3
USG-451ef41b,CUST-7bc3be48,2026-02-01,38,1940,388,10
USG-1b555ebb,CUST-7bc3be48,2026-03-01,1,0,0,9
USG-d426bebd,CUST-7bc3be48,2026-04-01,1,2,2,2
USG-9f0c77b7,CUST-7b2fff43,2025-04-01,36,1448,362,8
USG-faec3c36,CUST-7b2fff43,2025-05-01,49,992,496,9
USG-970e259a,CUST-7b2fff43,2025-06-01,49,491,491,6
USG-906da0f9,CUST-7b2fff43,2025-07-01,42,1266,422,7
USG-e0fc03a2,CUST-7b2fff43,2025-08-01,42,428,428,6
USG-37520526,CUST-7b2fff43,2025-09-01,35,1412,353,9
USG-219f60ac,CUST-7b2fff43,2025-10-01,34,1720,344,9
USG-39b7d39f,CUST-7b2fff43,2025-11-01,37,754,377,2
USG-1a2f17bb,CUST-7b2fff43,2025-12-01,49,980,490,5
USG-ed30ed09,CUST-7b2fff43,2026-01-01,41,417,417,3
USG-65c1da74,CUST-7b2fff43,2026-02-01,47,1419,473,9
USG-266fdcc1,CUST-7b2fff43,2026-03-01,1,3,3,4
USG-368959c9,CUST-7b2fff43,2026-04-01,1,15,5,6
USG-c517ed9d,CUST-039acf0a,2025-07-01,17,354,177,4
USG-f137a964,CUST-039acf0a,2025-08-01,22,1120,224,3
USG-9e8dbd82,CUST-039acf0a,2025-09-01,18,905,181,6
USG-5ae7ef7c,CUST-039acf0a,2025-10-01,17,516,172,8
USG-dd16cab2,CUST-039acf0a,2025-11-01,16,165,165,6
USG-862e6979,CUST-039acf0a,2025-12-01,23,693,231,8
USG-d612551e,CUST-039acf0a,2026-01-01,23,460,230,7
USG-73edc56c,CUST-039acf0a,2026-02-01,17,885,177,1
USG-3c5b02b1,CUST-039acf0a,2026-03-01,22,456,228,3
USG-4e563a55,CUST-039acf0a,2026-04-01,23,478,239,8
USG-b3c6218b,CUST-4f9ad847,2025-09-01,5,260,52,7
USG-1f618333,CUST-4f9ad847,2025-10-01,6,305,61,7
USG-7bb9a405,CUST-4f9ad847,2025-11-01,5,224,56,5
USG-f3b81063,CUST-4f9ad847,2025-12-01,5,108,54,4
USG-77d893d8,CUST-4f9ad847,2026-01-01,5,57,57,4
USG-fd24058b,CUST-4f9ad847,2026-02-01,5,177,59,5
USG-07c9d9fc,CUST-4f9ad847,2026-03-01,5,216,54,3
USG-b1ddf9e4,CUST-4f9ad847,2026-04-01,5,53,53,10
USG-e5c660aa,CUST-659d1501,2025-02-01,39,397,397,10
USG-c7483c56,CUST-659d1501,2025-03-01,39,1955,391,5
USG-73c8d45c,CUST-659d1501,2025-04-01,37,758,379,4
USG-785396fb,CUST-659d1501,2025-05-01,38,388,388,7
USG-6439fe0b,CUST-659d1501,2025-06-01,39,792,396,10
USG-5a015b2e,CUST-659d1501,2025-07-01,40,408,408,9
USG-4ded7d80,CUST-659d1501,2025-08-01,42,1284,428,6
USG-2aadade0,CUST-659d1501,2025-09-01,41,2065,413,10
USG-30dc3c27,CUST-659d1501,2025-10-01,39,1965,393,9
USG-e4b0d89d,CUST-659d1501,2025-11-01,52,1048,524,2
USG-5b560363,CUST-659d1501,2025-12-01,41,410,410,1
USG-12b56835,CUST-659d1501,2026-01-01,52,1572,524,7
USG-9adae601,CUST-659d1501,2026-02-01,40,806,403,3
USG-5db46716,CUST-659d1501,2026-03-01,45,1816,454,8
USG-a03de033,CUST-659d1501,2026-04-01,39,1191,397,10
USG-dd4023c7,CUST-ec32b4a3,2024-08-01,1,48,12,10
USG-f9f63ace,CUST-ec32b4a3,2024-09-01,1,75,15,7
USG-05536300,CUST-ec32b4a3,2024-10-01,1,13,13,7
USG-0fb662d3,CUST-ec32b4a3,2024-11-01,1,75,15,10
USG-7374b9d2,CUST-ec32b4a3,2024-12-01,1,30,15,2
USG-697443d2,CUST-ec32b4a3,2025-01-01,1,36,12,1
USG-c3a7efc3,CUST-ec32b4a3,2025-02-01,1,28,14,9
USG-ed6cb00c,CUST-ec32b4a3,2025-03-01,1,65,13,6
USG-742ff8d5,CUST-ec32b4a3,2025-04-01,1,26,13,5
USG-3b23de6f,CUST-ec32b4a3,2025-05-01,1,13,13,9
USG-94d9c79f,CUST-ec32b4a3,2025-06-01,1,75,15,3
USG-a1f0b55d,CUST-ec32b4a3,2025-07-01,1,60,12,3
USG-87a51ffe,CUST-ec32b4a3,2025-08-01,1,75,15,8
USG-6bf356b0,CUST-ec32b4a3,2025-09-01,1,60,12,5
USG-433f3013,CUST-ec32b4a3,2025-10-01,1,26,13,7
USG-bd0c10e6,CUST-ec32b4a3,2025-11-01,1,48,12,4
USG-1cec15bc,CUST-ec32b4a3,2025-12-01,1,60,12,5
USG-cfca1757,CUST-ec32b4a3,2026-01-01,1,13,13,8
USG-f85ec45a,CUST-ec32b4a3,2026-02-01,1,48,12,3
USG-62d37dfa,CUST-ec32b4a3,2026-03-01,1,14,14,4
USG-ac393e79,CUST-ec32b4a3,2026-04-01,1,64,16,5
USG-61ca2b60,CUST-6b69d122,2024-07-01,26,789,263,8
USG-cd785718,CUST-6b69d122,2024-08-01,29,292,292,2
USG-5d1f4646,CUST-6b69d122,2024-09-01,31,624,312,5
USG-bd43e587,CUST-6b69d122,2024-10-01,36,732,366,1
USG-a803d810,CUST-6b69d122,2024-11-01,28,286,286,1
USG-7ed5f691,CUST-6b69d122,2024-12-01,34,348,348,7
USG-66a4bc29,CUST-6b69d122,2025-01-01,30,1236,309,7
USG-32f1d7b4,CUST-6b69d122,2025-02-01,27,558,279,9
USG-99152daf,CUST-6b69d122,2025-03-01,29,873,291,5
USG-46600bf5,CUST-6b69d122,2025-04-01,26,266,266,9
USG-ce5a4ded,CUST-6b69d122,2025-05-01,33,1352,338,10
USG-c6a00cee,CUST-6b69d122,2025-06-01,37,1496,374,3
USG-e5ab5d4e,CUST-6b69d122,2025-07-01,27,1385,277,6
USG-d59a3d4f,CUST-6b69d122,2025-08-01,26,266,266,1
USG-235c9666,CUST-6b69d122,2025-09-01,32,1610,322,7
USG-21c6c0d5,CUST-6b69d122,2025-10-01,26,1068,267,7
USG-b34a9e71,CUST-6b69d122,2025-11-01,35,352,352,3
USG-bdfc56a7,CUST-6b69d122,2025-12-01,36,368,368,5
USG-76180fa3,CUST-6b69d122,2026-01-01,31,310,310,2
USG-66b46d5a,CUST-6b69d122,2026-02-01,31,1565,313,6
USG-94cc3929,CUST-6b69d122,2026-03-01,28,1410,282,2
USG-770056ca,CUST-6b69d122,2026-04-01,37,1492,373,3
USG-d3227ee9,CUST-036e2285,2025-11-01,43,435,435,1
USG-7e1e4bec,CUST-036e2285,2025-12-01,45,1820,455,9
USG-8d4ed1c2,CUST-036e2285,2026-01-01,47,1437,479,8
USG-69d8b477,CUST-036e2285,2026-02-01,54,1082,541,3
USG-e10eb10c,CUST-036e2285,2026-03-01,1,0,0,6
USG-2dab4087,CUST-036e2285,2026-04-01,1,0,0,5
USG-4e77ee33,CUST-26d979cf,2025-02-01,10,505,101,10
USG-b855618a,CUST-26d979cf,2025-03-01,7,231,77,5
USG-fa213b7e,CUST-26d979cf,2025-04-01,10,100,100,8
USG-980f1d42,CUST-26d979cf,2025-05-01,7,73,73,1
USG-cef1b4b1,CUST-26d979cf,2025-06-01,9,188,94,10
USG-4f75a9a1,CUST-26d979cf,2025-07-01,8,88,88,3
USG-ab102f1d,CUST-26d979cf,2025-08-01,7,78,78,6
USG-27f401a1,CUST-26d979cf,2025-09-01,9,92,92,7
USG-303404bd,CUST-26d979cf,2025-10-01,8,85,85,5
USG-0cd0d0ca,CUST-26d979cf,2025-11-01,8,178,89,4
USG-3490e7d3,CUST-26d979cf,2025-12-01,9,93,93,8
USG-12dd0d3b,CUST-26d979cf,2026-01-01,9,291,97,8
USG-afcdc304,CUST-26d979cf,2026-02-01,9,270,90,6
USG-b70a89db,CUST-26d979cf,2026-03-01,7,79,79,3
USG-5427c676,CUST-26d979cf,2026-04-01,9,450,90,3
USG-02b6fd32,CUST-88710e47,2025-11-01,17,875,175,3
USG-26cbe4c8,CUST-88710e47,2025-12-01,13,274,137,9
USG-2d79a261,CUST-88710e47,2026-01-01,18,940,188,2
USG-7d9e3da2,CUST-88710e47,2026-02-01,14,298,149,1
USG-d3d5aa95,CUST-88710e47,2026-03-01,15,477,159,3
USG-0464b00c,CUST-88710e47,2026-04-01,13,536,134,7
USG-cd3265a4,CUST-790a5f2e,2025-07-01,23,464,232,7
USG-125e7e9b,CUST-790a5f2e,2025-08-01,30,604,302,6
USG-83dcff1e,CUST-790a5f2e,2025-09-01,34,1029,343,1
USG-f7223530,CUST-790a5f2e,2025-10-01,28,574,287,3
USG-8df53510,CUST-790a5f2e,2025-11-01,26,1320,264,2
USG-3f921a26,CUST-790a5f2e,2025-12-01,25,1290,258,5
USG-d7e8675f,CUST-790a5f2e,2026-01-01,25,518,259,3
USG-9e322f9c,CUST-790a5f2e,2026-02-01,27,548,274,8
USG-f3a9b221,CUST-790a5f2e,2026-03-01,1,10,2,7
USG-d4ce9e16,CUST-790a5f2e,2026-04-01,1,2,1,9
USG-fcfc40ac,CUST-b4c3ec25,2025-06-01,12,381,127,5
USG-6032cecb,CUST-b4c3ec25,2025-07-01,10,208,104,8
USG-0fe6cf4c,CUST-b4c3ec25,2025-08-01,13,402,134,5
USG-e9afd1dd,CUST-b4c3ec25,2025-09-01,11,560,112,10
USG-43013648,CUST-b4c3ec25,2025-10-01,11,575,115,6
USG-171d20fb,CUST-b4c3ec25,2025-11-01,13,139,139,4
USG-b62320c6,CUST-b4c3ec25,2025-12-01,11,113,113,9
USG-9d312a0c,CUST-b4c3ec25,2026-01-01,12,366,122,2
USG-52e2d192,CUST-b4c3ec25,2026-02-01,11,464,116,4
USG-3ce663ac,CUST-b4c3ec25,2026-03-01,14,715,143,1
USG-c48fac05,CUST-b4c3ec25,2026-04-01,12,127,127,6
USG-0a1b5454,CUST-2555e9b6,2025-11-01,4,126,42,9
USG-439f0a44,CUST-2555e9b6,2025-12-01,4,44,44,6
USG-014cce9f,CUST-2555e9b6,2026-01-01,4,120,40,2
USG-8cff82d1,CUST-2555e9b6,2026-02-01,3,78,39,8
USG-a6a2ce1e,CUST-2555e9b6,2026-03-01,3,38,38,1
USG-6f7a0af3,CUST-2555e9b6,2026-04-01,4,160,40,5
USG-0b9b0e49,CUST-5a2cdd40,2024-05-01,14,705,141,4
USG-ad05aa7c,CUST-5a2cdd40,2024-06-01,16,161,161,8
USG-cc7c204a,CUST-5a2cdd40,2024-07-01,13,399,133,1
USG-efab2f08,CUST-5a2cdd40,2024-08-01,12,381,127,6
USG-8ba68d97,CUST-5a2cdd40,2024-09-01,15,750,150,5
USG-542d83c8,CUST-5a2cdd40,2024-10-01,18,915,183,7
USG-e38275b4,CUST-5a2cdd40,2024-11-01,14,584,146,4
USG-cf20a56a,CUST-5a2cdd40,2024-12-01,15,465,155,10
USG-4d0cfc52,CUST-5a2cdd40,2025-01-01,14,596,149,1
USG-89585c22,CUST-5a2cdd40,2025-02-01,15,306,153,7
USG-1ba2f14b,CUST-5a2cdd40,2025-03-01,14,149,149,5
USG-f5674e26,CUST-5a2cdd40,2025-04-01,17,716,179,5
USG-c99e2b8a,CUST-5a2cdd40,2025-05-01,13,132,132,9
USG-e1f9dfb8,CUST-5a2cdd40,2025-06-01,13,132,132,4
USG-23728b6a,CUST-5a2cdd40,2025-07-01,15,765,153,4
USG-e1d91315,CUST-5a2cdd40,2025-08-01,15,314,157,6
USG-8b02d55d,CUST-5a2cdd40,2025-09-01,17,356,178,9
USG-4ea6b4fb,CUST-5a2cdd40,2025-10-01,16,840,168,5
USG-6b706d9c,CUST-5a2cdd40,2025-11-01,12,250,125,10
USG-83562c26,CUST-5a2cdd40,2025-12-01,14,423,141,2
USG-c6aaad80,CUST-5a2cdd40,2026-01-01,15,300,150,7
USG-de74fe92,CUST-5a2cdd40,2026-02-01,16,489,163,8
USG-590cef94,CUST-5a2cdd40,2026-03-01,18,558,186,3
USG-0f82cb5f,CUST-5a2cdd40,2026-04-01,16,672,168,7
USG-ac7e6f26,CUST-86e1d913,2025-08-01,27,1360,272,1
USG-8964da31,CUST-86e1d913,2025-09-01,26,263,263,7
USG-853275a8,CUST-86e1d913,2025-10-01,26,1040,260,9
USG-b445a062,CUST-86e1d913,2025-11-01,24,735,245,3
USG-0c01abd2,CUST-86e1d913,2025-12-01,26,1340,268,2
USG-1de0ec6f,CUST-86e1d913,2026-01-01,26,534,267,8
USG-58c136ed,CUST-86e1d913,2026-02-01,28,849,283,3
USG-2db76aef,CUST-86e1d913,2026-03-01,31,1550,310,4
USG-5f762d68,CUST-86e1d913,2026-04-01,32,654,327,1
USG-914e0a41,CUST-827eb435,2025-12-01,13,414,138,4
USG-2a7f4a27,CUST-827eb435,2026-01-01,12,242,121,7
USG-eddfe6ed,CUST-827eb435,2026-02-01,9,475,95,6
USG-c1dd8dba,CUST-827eb435,2026-03-01,1,2,1,10
USG-a9770e16,CUST-827eb435,2026-04-01,1,16,4,4
USG-83e0f4e3,CUST-b2079426,2024-12-01,17,170,170,2
USG-db3a72a6,CUST-b2079426,2025-01-01,13,655,131,10
USG-47ff3502,CUST-b2079426,2025-02-01,15,471,157,8
USG-80315a52,CUST-b2079426,2025-03-01,18,564,188,8
USG-be26d2cb,CUST-b2079426,2025-04-01,13,556,139,8
USG-7daf6199,CUST-b2079426,2025-05-01,12,640,128,10
USG-eba63736,CUST-b2079426,2025-06-01,12,512,128,8
USG-f1706023,CUST-b2079426,2025-07-01,16,800,160,5
USG-5dc0ccd5,CUST-b2079426,2025-08-01,14,596,149,6
USG-90c98041,CUST-b2079426,2025-09-01,16,648,162,4
USG-62ffdd65,CUST-b2079426,2025-10-01,16,164,164,1
USG-b36551d8,CUST-b2079426,2025-11-01,16,504,168,1
USG-3f14998d,CUST-b2079426,2025-12-01,14,296,148,7
USG-899bc349,CUST-b2079426,2026-01-01,16,800,160,2
USG-6c377786,CUST-b2079426,2026-02-01,18,920,184,1
USG-14ccb227,CUST-b2079426,2026-03-01,14,144,144,8
USG-fd9c20d9,CUST-b2079426,2026-04-01,18,561,187,7
USG-ebdf9af7,CUST-9a86549d,2025-09-01,34,694,347,1
USG-9afc8cc7,CUST-9a86549d,2025-10-01,32,650,325,2
USG-db220afd,CUST-9a86549d,2025-11-01,38,1905,381,9
USG-dac1e536,CUST-9a86549d,2025-12-01,32,1292,323,2
USG-1a4addbd,CUST-9a86549d,2026-01-01,35,1408,352,10
USG-31decfa0,CUST-9a86549d,2026-02-01,34,1360,340,6
USG-b37f15d2,CUST-9a86549d,2026-03-01,32,658,329,4
USG-5746552a,CUST-9a86549d,2026-04-01,31,951,317,2
USG-ca495680,CUST-66b806aa,2024-09-01,5,280,56,6
USG-94e9bd3d,CUST-66b806aa,2024-10-01,6,340,68,7
USG-8c610931,CUST-66b806aa,2024-11-01,6,68,68,3
USG-bb98c385,CUST-66b806aa,2024-12-01,6,264,66,3
USG-b2c06e4e,CUST-66b806aa,2025-01-01,7,71,71,9
USG-353fe601,CUST-66b806aa,2025-02-01,8,415,83,2
USG-29fc8b4b,CUST-66b806aa,2025-03-01,6,240,60,9
USG-107e141c,CUST-66b806aa,2025-04-01,7,365,73,9
USG-f73eabf5,CUST-66b806aa,2025-05-01,6,132,66,5
USG-41fe43a2,CUST-66b806aa,2025-06-01,7,360,72,2
USG-1130c297,CUST-66b806aa,2025-07-01,7,292,73,1
USG-d813285c,CUST-66b806aa,2025-08-01,7,219,73,2
USG-977122a6,CUST-66b806aa,2025-09-01,7,228,76,9
USG-5ba00688,CUST-66b806aa,2025-10-01,7,231,77,4
USG-79fdc8c8,CUST-66b806aa,2025-11-01,6,138,69,1
USG-0e6b99bc,CUST-66b806aa,2025-12-01,7,225,75,4
USG-1d9f2725,CUST-66b806aa,2026-01-01,6,272,68,4
USG-0f08ef45,CUST-66b806aa,2026-02-01,5,177,59,6
USG-bec0611f,CUST-66b806aa,2026-03-01,7,284,71,1
USG-b0de652d,CUST-66b806aa,2026-04-01,6,69,69,7
USG-4a0eb39c,CUST-d4d65cd5,2024-09-01,41,1239,413,5
USG-8f3f86c1,CUST-d4d65cd5,2024-10-01,40,401,401,5
USG-7df79e27,CUST-d4d65cd5,2024-11-01,43,433,433,1
USG-2a719c53,CUST-d4d65cd5,2024-12-01,32,972,324,1
USG-2c953e99,CUST-d4d65cd5,2025-01-01,43,1314,438,7
USG-3bf130e8,CUST-d4d65cd5,2025-02-01,32,644,322,2
USG-e7a697cb,CUST-d4d65cd5,2025-03-01,32,1292,323,5
USG-c106aa57,CUST-d4d65cd5,2025-04-01,46,467,467,8
USG-62e70801,CUST-d4d65cd5,2025-05-01,43,2180,436,8
USG-526c7c58,CUST-d4d65cd5,2025-06-01,34,1360,340,9
USG-07343376,CUST-d4d65cd5,2025-07-01,43,862,431,9
USG-0020e187,CUST-d4d65cd5,2025-08-01,39,1182,394,5
USG-f2944b36,CUST-d4d65cd5,2025-09-01,33,678,339,5
USG-b0a9452b,CUST-d4d65cd5,2025-10-01,35,1775,355,8
USG-5a52385a,CUST-d4d65cd5,2025-11-01,40,2025,405,3
USG-1d02db9f,CUST-d4d65cd5,2025-12-01,45,1368,456,2
USG-d2e6bbf5,CUST-d4d65cd5,2026-01-01,44,2200,440,8
USG-5398ce23,CUST-d4d65cd5,2026-02-01,42,1692,423,7
USG-d3cd4926,CUST-d4d65cd5,2026-03-01,1,15,5,5
USG-a7ec920f,CUST-d4d65cd5,2026-04-01,1,9,3,9
USG-6b9e5628,CUST-2b62d18f,2024-07-01,53,2670,534,4
USG-582f154f,CUST-2b62d18f,2024-08-01,55,2224,556,2
USG-ad1d2232,CUST-2b62d18f,2024-09-01,54,1644,548,4
USG-14c9dfac,CUST-2b62d18f,2024-10-01,56,1120,560,6
USG-077c518b,CUST-2b62d18f,2024-11-01,49,2490,498,1
USG-c3bbbcd8,CUST-2b62d18f,2024-12-01,52,2104,526,8
USG-dc176fee,CUST-2b62d18f,2025-01-01,39,1197,399,4
USG-51db2a9a,CUST-2b62d18f,2025-02-01,51,511,511,2
USG-4188242a,CUST-2b62d18f,2025-03-01,46,932,466,1
USG-6c4a1542,CUST-2b62d18f,2025-04-01,42,850,425,6
USG-7d0c8902,CUST-2b62d18f,2025-05-01,44,447,447,1
USG-cf507b56,CUST-2b62d18f,2025-06-01,43,864,432,2
USG-c6387927,CUST-2b62d18f,2025-07-01,45,1812,453,8
USG-68b14ed8,CUST-2b62d18f,2025-08-01,46,928,464,8
USG-f5d5eced,CUST-2b62d18f,2025-09-01,52,523,523,8
USG-3f92a13a,CUST-2b62d18f,2025-10-01,39,794,397,8
USG-aa12d508,CUST-2b62d18f,2025-11-01,48,1940,485,2
USG-0ac74626,CUST-2b62d18f,2025-12-01,45,918,459,6
USG-f14c4d99,CUST-2b62d18f,2026-01-01,37,1134,378,3
USG-1744c088,CUST-2b62d18f,2026-02-01,56,2260,565,3
USG-01629f98,CUST-2b62d18f,2026-03-01,48,2420,484,1
USG-a79caecb,CUST-2b62d18f,2026-04-01,50,1012,506,9
USG-b167e612,CUST-64db7450,2025-03-01,30,1216,304,7
USG-2af75a0c,CUST-64db7450,2025-04-01,28,570,285,3
USG-4ac12959,CUST-64db7450,2025-05-01,33,1320,330,1
USG-fe77a22d,CUST-64db7450,2025-06-01,24,744,248,5
USG-c64303c5,CUST-64db7450,2025-07-01,26,260,260,7
USG-e91f7e68,CUST-64db7450,2025-08-01,30,612,306,10
USG-f0bc77ff,CUST-64db7450,2025-09-01,23,1195,239,5
USG-f9fb1b14,CUST-64db7450,2025-10-01,34,1041,347,8
USG-ba2d38ea,CUST-64db7450,2025-11-01,24,984,246,1
USG-84b27000,CUST-64db7450,2025-12-01,32,1308,327,8
USG-d0469c43,CUST-64db7450,2026-01-01,34,1730,346,3
USG-7b225695,CUST-64db7450,2026-02-01,34,345,345,4
USG-38a828b4,CUST-64db7450,2026-03-01,28,282,282,7
USG-1f4b138f,CUST-64db7450,2026-04-01,31,312,312,6
USG-5a16a1e2,CUST-ad632921,2026-01-01,41,1251,417,1
USG-44c25c93,CUST-ad632921,2026-02-01,39,794,397,7
USG-9c5c9053,CUST-ad632921,2026-03-01,43,868,434,5
USG-8dac0ae8,CUST-ad632921,2026-04-01,30,1510,302,8
USG-81ef0fd5,CUST-4871b882,2026-03-01,10,208,104,3
USG-6249d232,CUST-4871b882,2026-04-01,13,139,139,7
USG-a103161c,CUST-07ce2c5c,2025-03-01,20,800,200,6
USG-115d1942,CUST-07ce2c5c,2025-04-01,18,188,188,6
USG-d32fcbab,CUST-07ce2c5c,2025-05-01,18,368,184,5
USG-e2817cd3,CUST-07ce2c5c,2025-06-01,17,177,177,7
USG-96b40d17,CUST-07ce2c5c,2025-07-01,24,735,245,4
USG-8073a05a,CUST-07ce2c5c,2025-08-01,19,384,192,9
USG-a5561f4a,CUST-07ce2c5c,2025-09-01,22,226,226,8
USG-d52e1286,CUST-07ce2c5c,2025-10-01,21,210,210,6
USG-9ba52a52,CUST-07ce2c5c,2025-11-01,21,210,210,4
USG-9e52a219,CUST-07ce2c5c,2025-12-01,24,1225,245,1
USG-56917564,CUST-07ce2c5c,2026-01-01,24,972,243,4
USG-c7154481,CUST-07ce2c5c,2026-02-01,18,360,180,7
USG-ae541013,CUST-07ce2c5c,2026-03-01,22,912,228,9
USG-2cc9d91a,CUST-07ce2c5c,2026-04-01,22,1135,227,7
USG-420d3a91,CUST-d5214812,2024-09-01,15,453,151,3
USG-fa21a9b2,CUST-d5214812,2024-10-01,15,465,155,2
USG-d701cea0,CUST-d5214812,2024-11-01,13,130,130,6
USG-a4e6695d,CUST-d5214812,2024-12-01,17,684,171,1
USG-98246ef8,CUST-d5214812,2025-01-01,15,304,152,10
USG-192804a9,CUST-d5214812,2025-02-01,18,189,189,9
USG-fe20af00,CUST-d5214812,2025-03-01,15,616,154,5
USG-57c0ef61,CUST-d5214812,2025-04-01,14,294,147,4
USG-04c3817e,CUST-d5214812,2025-05-01,15,750,150,10
USG-21276d6a,CUST-d5214812,2025-06-01,18,910,182,10
USG-50d35552,CUST-d5214812,2025-07-01,15,312,156,6
USG-44833a6a,CUST-d5214812,2025-08-01,16,820,164,3
USG-a5039a70,CUST-d5214812,2025-09-01,18,370,185,6
USG-1bf16c09,CUST-d5214812,2025-10-01,15,156,156,7
USG-8e87b8c3,CUST-d5214812,2025-11-01,17,510,170,6
USG-cbbdba08,CUST-d5214812,2025-12-01,13,132,132,8
USG-1aa31abe,CUST-d5214812,2026-01-01,18,900,180,8
USG-9d1a7414,CUST-d5214812,2026-02-01,17,519,173,2
USG-3b4f7d0b,CUST-d5214812,2026-03-01,18,368,184,8
USG-7bdc679d,CUST-d5214812,2026-04-01,18,555,185,10
USG-d5e96ddf,CUST-f9cd69e2,2024-12-01,16,320,160,8
USG-0b9ec09f,CUST-f9cd69e2,2025-01-01,20,606,202,5
USG-9d76b647,CUST-f9cd69e2,2025-02-01,20,609,203,9
USG-a6b441da,CUST-f9cd69e2,2025-03-01,19,191,191,10
USG-2c537b93,CUST-f9cd69e2,2025-04-01,21,864,216,3
USG-62800dee,CUST-f9cd69e2,2025-05-01,15,456,152,7
USG-be92aad4,CUST-f9cd69e2,2025-06-01,20,800,200,5
USG-ae5d8863,CUST-f9cd69e2,2025-07-01,19,194,194,6
USG-fd6b10cc,CUST-f9cd69e2,2025-08-01,15,620,155,6
USG-92403c4a,CUST-f9cd69e2,2025-09-01,16,324,162,3
USG-9cf0c3bd,CUST-f9cd69e2,2025-10-01,20,618,206,8
USG-5eed1c54,CUST-f9cd69e2,2025-11-01,14,735,147,2
USG-c80b0fc4,CUST-f9cd69e2,2025-12-01,21,215,215,2
USG-889bed95,CUST-f9cd69e2,2026-01-01,16,164,164,3
USG-c139bb2b,CUST-f9cd69e2,2026-02-01,18,744,186,2
USG-879b765e,CUST-f9cd69e2,2026-03-01,18,945,189,5
USG-f4e8a61b,CUST-f9cd69e2,2026-04-01,14,735,147,10
USG-824028aa,CUST-918bee6e,2026-04-01,54,1638,546,4
USG-a9c8b4a2,CUST-95499959,2026-01-01,26,792,264,9
USG-f9514d72,CUST-95499959,2026-02-01,25,254,254,3
USG-a10f3770,CUST-95499959,2026-03-01,1,15,3,2
USG-d6c85d94,CUST-95499959,2026-04-01,1,15,3,4
USG-b62430e8,CUST-a9847713,2025-06-01,1,75,15,1
USG-5f3aaa85,CUST-a9847713,2025-07-01,1,65,13,10
USG-a27b9dda,CUST-a9847713,2025-08-01,1,14,14,6
USG-1d6e9a4a,CUST-a9847713,2025-09-01,1,75,15,1
USG-73531527,CUST-a9847713,2025-10-01,1,42,14,1
USG-ad4e9a45,CUST-a9847713,2025-11-01,1,36,12,1
USG-1bb49c5a,CUST-a9847713,2025-12-01,1,13,13,9
USG-85b1b6e1,CUST-a9847713,2026-01-01,1,15,15,1
USG-131a0fca,CUST-a9847713,2026-02-01,1,26,13,6
USG-3e7e5080,CUST-a9847713,2026-03-01,1,80,16,7
USG-eb7f9810,CUST-a9847713,2026-04-01,1,75,15,10
USG-78808695,CUST-10b2c1a1,2025-01-01,3,30,30,4
USG-c98929e0,CUST-10b2c1a1,2025-02-01,3,34,34,7
USG-4f0b43a7,CUST-10b2c1a1,2025-03-01,3,155,31,5
USG-f01f66d0,CUST-10b2c1a1,2025-04-01,2,56,28,2
USG-19b69b58,CUST-10b2c1a1,2025-05-01,2,75,25,7
USG-89eb8293,CUST-10b2c1a1,2025-06-01,3,136,34,5
USG-049ab4f7,CUST-10b2c1a1,2025-07-01,2,24,24,3
USG-22f5d1db,CUST-10b2c1a1,2025-08-01,3,93,31,10
USG-bd3f4481,CUST-10b2c1a1,2025-09-01,2,58,29,7
USG-0e991292,CUST-10b2c1a1,2025-10-01,3,32,32,8
USG-92ee34dd,CUST-10b2c1a1,2025-11-01,3,96,32,10
USG-ab39e5d9,CUST-10b2c1a1,2025-12-01,2,145,29,5
USG-a80c381a,CUST-10b2c1a1,2026-01-01,2,87,29,10
USG-d79bde49,CUST-10b2c1a1,2026-02-01,2,48,24,7
USG-4f420c26,CUST-10b2c1a1,2026-03-01,2,115,23,3
USG-c714a646,CUST-10b2c1a1,2026-04-01,2,46,23,2
USG-bc059818,CUST-ef83d9cf,2025-05-01,43,1728,432,6
USG-31fc312f,CUST-ef83d9cf,2025-06-01,36,1101,367,8
USG-45fbacb0,CUST-ef83d9cf,2025-07-01,41,412,412,7
USG-8ff95577,CUST-ef83d9cf,2025-08-01,36,1452,363,9
USG-fecd2d02,CUST-ef83d9cf,2025-09-01,40,800,400,1
USG-5c761132,CUST-ef83d9cf,2025-10-01,34,1735,347,10
USG-7643dbab,CUST-ef83d9cf,2025-11-01,35,356,356,5
USG-ed3a114b,CUST-ef83d9cf,2025-12-01,33,1695,339,10
USG-173f7250,CUST-ef83d9cf,2026-01-01,40,1624,406,5
USG-13f6f8a9,CUST-ef83d9cf,2026-02-01,40,1608,402,5
USG-354c6026,CUST-ef83d9cf,2026-03-01,35,1785,357,7
USG-cae2167d,CUST-ef83d9cf,2026-04-01,32,1625,325,6
USG-633afe51,CUST-97145da0,2025-11-01,11,238,119,3
USG-f0c4fb08,CUST-97145da0,2025-12-01,12,121,121,8
USG-61a2b6a0,CUST-97145da0,2026-01-01,12,384,128,9
USG-e9d08a9b,CUST-97145da0,2026-02-01,12,496,124,5
USG-d7fd077c,CUST-97145da0,2026-03-01,1,0,0,7
USG-f4874a91,CUST-97145da0,2026-04-01,1,0,0,10
USG-3011dc73,CUST-843b49fc,2024-11-01,22,660,220,8
USG-8b11dd63,CUST-843b49fc,2024-12-01,17,880,176,7
USG-7c89061c,CUST-843b49fc,2025-01-01,16,166,166,6
USG-f7ef501e,CUST-843b49fc,2025-02-01,22,446,223,10
USG-e2fad1a2,CUST-843b49fc,2025-03-01,17,176,176,9
USG-20bfc6f8,CUST-843b49fc,2025-04-01,17,519,173,5
USG-f3f042e7,CUST-843b49fc,2025-05-01,22,888,222,9
USG-7708a8d4,CUST-843b49fc,2025-06-01,19,990,198,9
USG-f9cf8df5,CUST-843b49fc,2025-07-01,22,229,229,10
USG-a2fcb484,CUST-843b49fc,2025-08-01,17,680,170,10
USG-cd8daa46,CUST-843b49fc,2025-09-01,18,744,186,10
USG-6e4526a8,CUST-843b49fc,2025-10-01,17,516,172,10
USG-c4c8f02c,CUST-843b49fc,2025-11-01,18,378,189,8
USG-63dae4ed,CUST-843b49fc,2025-12-01,19,380,190,3
USG-4f03c8fc,CUST-843b49fc,2026-01-01,17,875,175,4
USG-f004b1b6,CUST-843b49fc,2026-02-01,16,326,163,8
USG-0b1e6d73,CUST-843b49fc,2026-03-01,18,549,183,2
USG-e28d6c42,CUST-843b49fc,2026-04-01,19,990,198,10
USG-db119995,CUST-8ff8a8c9,2025-08-01,40,1221,407,6
USG-4d7a091f,CUST-8ff8a8c9,2025-09-01,38,1556,389,9
USG-7b89e2e4,CUST-8ff8a8c9,2025-10-01,41,417,417,3
USG-cb307a1d,CUST-8ff8a8c9,2025-11-01,42,858,429,9
USG-ff5ab01e,CUST-8ff8a8c9,2025-12-01,29,1192,298,8
USG-2fbafd71,CUST-8ff8a8c9,2026-01-01,30,307,307,7
USG-ebea8032,CUST-8ff8a8c9,2026-02-01,31,945,315,6
USG-29a637bd,CUST-8ff8a8c9,2026-03-01,1,0,0,7
USG-554d00d0,CUST-8ff8a8c9,2026-04-01,1,25,5,5
USG-7f34c22f,CUST-f7383446,2025-07-01,14,429,143,4
USG-8a529f85,CUST-f7383446,2025-08-01,13,399,133,4
USG-35373e67,CUST-f7383446,2025-09-01,15,153,153,4
USG-a78e5587,CUST-f7383446,2025-10-01,12,254,127,2
USG-c092efa2,CUST-f7383446,2025-11-01,16,660,165,7
USG-b4b8a3ad,CUST-f7383446,2025-12-01,17,865,173,1
USG-59e5f1a6,CUST-f7383446,2026-01-01,16,672,168,8
USG-7f050f84,CUST-f7383446,2026-02-01,17,516,172,8
USG-c797577d,CUST-f7383446,2026-03-01,1,6,3,1
USG-e1eaf667,CUST-f7383446,2026-04-01,1,5,5,2
USG-55715d22,CUST-b3d22bb8,2024-09-01,39,1197,399,1
USG-7a8cacaa,CUST-b3d22bb8,2024-10-01,35,1775,355,5
USG-63bcf47c,CUST-b3d22bb8,2024-11-01,31,1248,312,9
USG-2d53a176,CUST-b3d22bb8,2024-12-01,30,302,302,2
USG-ce77dab3,CUST-b3d22bb8,2025-01-01,36,1468,367,8
USG-c86e145b,CUST-b3d22bb8,2025-02-01,37,1885,377,6
USG-736ca7fe,CUST-b3d22bb8,2025-03-01,36,736,368,5
USG-d0cedb1d,CUST-b3d22bb8,2025-04-01,29,894,298,4
USG-5e0b2be5,CUST-b3d22bb8,2025-05-01,36,1800,360,3
USG-0408c9ca,CUST-b3d22bb8,2025-06-01,29,594,297,6
USG-13922a6e,CUST-b3d22bb8,2025-07-01,40,1604,401,8
USG-3a51f7fb,CUST-b3d22bb8,2025-08-01,34,682,341,8
USG-4ab46109,CUST-b3d22bb8,2025-09-01,34,1023,341,8
USG-82e3974c,CUST-b3d22bb8,2025-10-01,37,372,372,3
USG-d670acd0,CUST-b3d22bb8,2025-11-01,41,2080,416,9
USG-fbe1ac3f,CUST-b3d22bb8,2025-12-01,40,800,400,2
USG-439c694e,CUST-b3d22bb8,2026-01-01,29,876,292,9
USG-455d392e,CUST-b3d22bb8,2026-02-01,32,321,321,4
USG-3d625295,CUST-b3d22bb8,2026-03-01,37,754,377,9
USG-d8cf51a8,CUST-b3d22bb8,2026-04-01,31,1240,310,9
USG-996606ac,CUST-99abd6f7,2025-01-01,26,1320,264,5
USG-7285b82a,CUST-99abd6f7,2025-02-01,22,226,226,5
USG-9602ec92,CUST-99abd6f7,2025-03-01,25,1280,256,9
USG-98f26e06,CUST-99abd6f7,2025-04-01,23,1165,233,10
USG-e8c18760,CUST-99abd6f7,2025-05-01,24,960,240,1
USG-e4c6d817,CUST-99abd6f7,2025-06-01,29,1495,299,4
USG-0aa2a74f,CUST-99abd6f7,2025-07-01,27,556,278,9
USG-1a0ea6ad,CUST-99abd6f7,2025-08-01,24,486,243,1
USG-39a97fcc,CUST-99abd6f7,2025-09-01,22,669,223,5
USG-624f4043,CUST-99abd6f7,2025-10-01,25,1000,250,8
USG-36401668,CUST-99abd6f7,2025-11-01,26,807,269,7
USG-5682187e,CUST-99abd6f7,2025-12-01,28,1140,285,8
USG-6d9fb232,CUST-99abd6f7,2026-01-01,26,262,262,9
USG-844db0a1,CUST-99abd6f7,2026-02-01,31,1555,311,9
USG-b9dffe98,CUST-99abd6f7,2026-03-01,1,6,3,7
USG-ea97fb91,CUST-99abd6f7,2026-04-01,1,5,5,4
USG-92270e9f,CUST-70951a68,2026-01-01,46,2340,468,5
USG-b5a331d0,CUST-70951a68,2026-02-01,50,1518,506,10
USG-0f573f78,CUST-70951a68,2026-03-01,38,388,388,2
USG-051d1c03,CUST-70951a68,2026-04-01,49,1479,493,8
USG-dc8d67d1,CUST-5b90e60a,2025-01-01,8,261,87,1
USG-97288f92,CUST-5b90e60a,2025-02-01,8,243,81,8
USG-796dcf43,CUST-5b90e60a,2025-03-01,8,344,86,10
USG-6fed431b,CUST-5b90e60a,2025-04-01,9,376,94,4
USG-7bf0aa93,CUST-5b90e60a,2025-05-01,9,490,98,7
USG-557db02a,CUST-5b90e60a,2025-06-01,11,339,113,5
USG-30322a6f,CUST-5b90e60a,2025-07-01,10,540,108,10
USG-9d04e464,CUST-5b90e60a,2025-08-01,11,448,112,10
USG-18d13674,CUST-5b90e60a,2025-09-01,8,324,81,9
USG-7bb58fc6,CUST-5b90e60a,2025-10-01,10,204,102,3
USG-a9086ea6,CUST-5b90e60a,2025-11-01,7,395,79,2
USG-fb3caf1c,CUST-5b90e60a,2025-12-01,7,79,79,2
USG-244a3638,CUST-5b90e60a,2026-01-01,10,214,107,9
USG-e8bdff8a,CUST-5b90e60a,2026-02-01,11,440,110,10
USG-48d11d42,CUST-5b90e60a,2026-03-01,8,160,80,6
USG-1fb64096,CUST-5b90e60a,2026-04-01,8,324,81,6
USG-9ee38c47,CUST-2e400e04,2025-09-01,29,870,290,10
USG-51f62fab,CUST-2e400e04,2025-10-01,34,343,343,10
USG-f202dc6c,CUST-2e400e04,2025-11-01,33,1336,334,2
USG-2370ccb0,CUST-2e400e04,2025-12-01,32,326,326,9
USG-c8466667,CUST-2e400e04,2026-01-01,24,744,248,6
USG-91acc4cd,CUST-2e400e04,2026-02-01,31,1244,311,3
USG-c3ad01c7,CUST-2e400e04,2026-03-01,1,4,2,3
USG-d8b2de2b,CUST-2e400e04,2026-04-01,1,9,3,10
USG-bb63fd9f,CUST-18311f83,2024-10-01,47,1434,478,3
USG-35883f5e,CUST-18311f83,2024-11-01,52,2615,523,4
USG-4976cf05,CUST-18311f83,2024-12-01,57,1710,570,2
USG-473b10a3,CUST-18311f83,2025-01-01,49,2455,491,8
USG-358a7ee6,CUST-18311f83,2025-02-01,43,1293,431,2
USG-2fb2c65e,CUST-18311f83,2025-03-01,43,872,436,5
USG-06cddf95,CUST-18311f83,2025-04-01,44,882,441,6
USG-80e672a4,CUST-18311f83,2025-05-01,44,1784,446,8
USG-08f8d0a1,CUST-18311f83,2025-06-01,47,1896,474,8
USG-4ee80745,CUST-18311f83,2025-07-01,49,998,499,5
USG-63e3d4c5,CUST-18311f83,2025-08-01,58,1160,580,7
USG-312fbd80,CUST-18311f83,2025-09-01,55,1677,559,9
USG-eea705b4,CUST-18311f83,2025-10-01,57,1710,570,1
USG-3f639ea1,CUST-18311f83,2025-11-01,44,441,441,1
USG-b0ff79e1,CUST-18311f83,2025-12-01,45,2295,459,8
USG-a77d1871,CUST-18311f83,2026-01-01,51,1557,519,1
USG-840faa3b,CUST-18311f83,2026-02-01,49,1976,494,2
USG-3afb1df4,CUST-18311f83,2026-03-01,1,10,5,9
USG-a7a007e5,CUST-18311f83,2026-04-01,1,0,0,2
USG-ba9d6e29,CUST-e85ddc8f,2024-07-01,52,2610,522,10
USG-4d4bd4f6,CUST-e85ddc8f,2024-08-01,39,1197,399,7
USG-cb540791,CUST-e85ddc8f,2024-09-01,46,1876,469,10
USG-3a2f718a,CUST-e85ddc8f,2024-10-01,54,1626,542,8
USG-f419104e,CUST-e85ddc8f,2024-11-01,42,422,422,8
USG-b02963fa,CUST-e85ddc8f,2024-12-01,41,832,416,5
USG-b919d3d0,CUST-e85ddc8f,2025-01-01,54,1629,543,7
USG-86dc0e56,CUST-e85ddc8f,2025-02-01,47,950,475,1
USG-fc68dd59,CUST-e85ddc8f,2025-03-01,43,1305,435,4
USG-c53591e2,CUST-e85ddc8f,2025-04-01,46,2340,468,6
USG-19836991,CUST-e85ddc8f,2025-05-01,53,1599,533,6
USG-89c9b15b,CUST-e85ddc8f,2025-06-01,49,1988,497,8
USG-190a7377,CUST-e85ddc8f,2025-07-01,43,433,433,8
USG-7ee35055,CUST-e85ddc8f,2025-08-01,58,583,583,1
USG-9957e451,CUST-e85ddc8f,2025-09-01,52,1044,522,9
USG-0cd56f5e,CUST-e85ddc8f,2025-10-01,52,2640,528,5
USG-2f6b5b32,CUST-e85ddc8f,2025-11-01,55,2208,552,5
USG-92497eb1,CUST-e85ddc8f,2025-12-01,57,2312,578,2
USG-e72ff209,CUST-e85ddc8f,2026-01-01,42,1712,428,2
USG-bdeeba0b,CUST-e85ddc8f,2026-02-01,44,2215,443,4
USG-f46ecb62,CUST-e85ddc8f,2026-03-01,52,1042,521,2
USG-66787cec,CUST-e85ddc8f,2026-04-01,54,2176,544,3
USG-18747435,CUST-c90923f3,2024-06-01,53,2132,533,6
USG-2c670da2,CUST-c90923f3,2024-07-01,43,1293,431,5
USG-3cadb841,CUST-c90923f3,2024-08-01,40,400,400,10
USG-a3ea42ed,CUST-c90923f3,2024-09-01,41,2085,417,6
USG-7a8e66a9,CUST-c90923f3,2024-10-01,43,1720,430,4
USG-a7236d94,CUST-c90923f3,2024-11-01,53,539,539,7
USG-79dc5bcd,CUST-c90923f3,2024-12-01,39,792,396,2
USG-7d680729,CUST-c90923f3,2025-01-01,50,502,502,6
USG-1451320b,CUST-c90923f3,2025-02-01,48,1928,482,5
USG-d4080bd1,CUST-c90923f3,2025-03-01,37,1850,370,8
USG-90739761,CUST-c90923f3,2025-04-01,51,516,516,5
USG-0a8ae47d,CUST-c90923f3,2025-05-01,51,2555,511,2
USG-ff16e428,CUST-c90923f3,2025-06-01,37,1128,376,4
USG-7dd7f168,CUST-c90923f3,2025-07-01,51,2068,517,4
USG-a32a7ee6,CUST-c90923f3,2025-08-01,46,1404,468,3
USG-a3cef158,CUST-c90923f3,2025-09-01,44,892,446,10
USG-b00540f7,CUST-c90923f3,2025-10-01,41,2085,417,7
USG-dd176f09,CUST-c90923f3,2025-11-01,43,1756,439,1
USG-b87278a0,CUST-c90923f3,2025-12-01,42,1260,420,9
USG-5e310177,CUST-c90923f3,2026-01-01,46,466,466,8
USG-0942af45,CUST-c90923f3,2026-02-01,37,752,376,10
USG-01b2ad0c,CUST-c90923f3,2026-03-01,52,2100,525,10
USG-0d15538d,CUST-c90923f3,2026-04-01,49,497,497,6
USG-6ed4c850,CUST-ce81d571,2026-03-01,17,342,171,8
USG-dbb46e90,CUST-ce81d571,2026-04-01,12,254,127,10
USG-7ce6bff9,CUST-7dc0724f,2025-07-01,12,120,120,4
USG-eb2d471f,CUST-7dc0724f,2025-08-01,16,648,162,9
USG-93e455c2,CUST-7dc0724f,2025-09-01,13,556,139,5
USG-bf40632c,CUST-7dc0724f,2025-10-01,13,262,131,2
USG-c232bc1e,CUST-7dc0724f,2025-11-01,12,610,122,9
USG-50f1957e,CUST-7dc0724f,2025-12-01,12,372,124,8
USG-84c34722,CUST-7dc0724f,2026-01-01,13,270,135,10
USG-e08a7b4d,CUST-7dc0724f,2026-02-01,16,810,162,5
USG-88c29c1b,CUST-7dc0724f,2026-03-01,1,3,1,2
USG-bc8d4be2,CUST-7dc0724f,2026-04-01,1,25,5,6
USG-3607d107,CUST-85f84b5e,2025-07-01,40,402,402,8
USG-be3c7354,CUST-85f84b5e,2025-08-01,40,1218,406,6
USG-c86462f1,CUST-85f84b5e,2025-09-01,42,852,426,3
USG-d0914ea8,CUST-85f84b5e,2025-10-01,37,1110,370,6
USG-be9fc980,CUST-85f84b5e,2025-11-01,48,2400,480,6
USG-e391d8eb,CUST-85f84b5e,2025-12-01,42,426,426,7
USG-c67be774,CUST-85f84b5e,2026-01-01,36,732,366,3
USG-18989fc4,CUST-85f84b5e,2026-02-01,42,848,424,10
USG-b0647bf3,CUST-85f84b5e,2026-03-01,48,976,488,6
USG-a07af2f2,CUST-85f84b5e,2026-04-01,49,2460,492,8
USG-c32475d3,CUST-2c2af628,2025-10-01,29,291,291,6
USG-5843d502,CUST-2c2af628,2025-11-01,30,608,304,6
USG-4c7a5c94,CUST-2c2af628,2025-12-01,31,1560,312,7
USG-e314cc30,CUST-2c2af628,2026-01-01,25,512,256,7
USG-2885081c,CUST-2c2af628,2026-02-01,28,843,281,8
USG-5d7d9109,CUST-2c2af628,2026-03-01,25,756,252,6
USG-5d1e4a23,CUST-2c2af628,2026-04-01,25,1036,259,3
USG-0241eb36,CUST-5c7c9092,2026-03-01,47,472,472,1
USG-6191d5d3,CUST-5c7c9092,2026-04-01,54,548,548,9
USG-30272762,CUST-83b80359,2025-03-01,46,465,465,9
USG-1832f878,CUST-83b80359,2025-04-01,50,2520,504,8
USG-9219c2e0,CUST-83b80359,2025-05-01,45,1374,458,6
USG-242efdb9,CUST-83b80359,2025-06-01,54,1632,544,9
USG-23113b1c,CUST-83b80359,2025-07-01,41,418,418,6
USG-434cc8ba,CUST-83b80359,2025-08-01,50,500,500,1
USG-c6f8251e,CUST-83b80359,2025-09-01,50,2535,507,7
USG-634acc0c,CUST-83b80359,2025-10-01,49,1968,492,5
USG-ef02f3d7,CUST-83b80359,2025-11-01,44,1784,446,2
USG-84c7bb48,CUST-83b80359,2025-12-01,51,2048,512,9
USG-618eba61,CUST-83b80359,2026-01-01,55,2780,556,7
USG-2b42a9bb,CUST-83b80359,2026-02-01,47,1880,470,5
USG-e3680251,CUST-83b80359,2026-03-01,47,1416,472,4
USG-7a765aa4,CUST-83b80359,2026-04-01,58,1162,581,5
USG-36c74514,CUST-03417ac3,2024-09-01,41,1254,418,10
USG-2b897cd6,CUST-03417ac3,2024-10-01,41,824,412,4
USG-ab82aff4,CUST-03417ac3,2024-11-01,50,2525,505,3
USG-d1eb617e,CUST-03417ac3,2024-12-01,36,1476,369,3
USG-f729e71c,CUST-03417ac3,2025-01-01,42,2140,428,2
USG-148a46b6,CUST-03417ac3,2025-02-01,40,802,401,4
USG-a39c9102,CUST-03417ac3,2025-03-01,42,850,425,9
USG-7d51adbd,CUST-03417ac3,2025-04-01,49,1976,494,4
USG-692503ae,CUST-03417ac3,2025-05-01,39,1173,391,1
USG-0966058e,CUST-03417ac3,2025-06-01,39,794,397,2
USG-7ae5b38e,CUST-03417ac3,2025-07-01,44,445,445,6
USG-80e2068c,CUST-03417ac3,2025-08-01,49,497,497,5
USG-1b80873b,CUST-03417ac3,2025-09-01,42,1692,423,1
USG-f4d83640,CUST-03417ac3,2025-10-01,44,2245,449,7
USG-2dd9b8de,CUST-03417ac3,2025-11-01,37,370,370,5
USG-b8e7e00b,CUST-03417ac3,2025-12-01,40,2015,403,8
USG-41f0bc8c,CUST-03417ac3,2026-01-01,41,1676,419,7
USG-7707abe7,CUST-03417ac3,2026-02-01,34,1725,345,6
USG-0dbe0135,CUST-03417ac3,2026-03-01,1,4,4,10
USG-bfaee1ca,CUST-03417ac3,2026-04-01,1,4,4,8
USG-9cf67e3f,CUST-51bd91fa,2025-03-01,36,724,362,7
USG-9d2d6e5d,CUST-51bd91fa,2025-04-01,38,766,383,10
USG-6d2bfc9b,CUST-51bd91fa,2025-05-01,38,1920,384,9
USG-bc944470,CUST-51bd91fa,2025-06-01,37,1480,370,5
USG-1fd2b551,CUST-51bd91fa,2025-07-01,39,1970,394,6
USG-d210ad74,CUST-51bd91fa,2025-08-01,45,1371,457,8
USG-71e7db67,CUST-51bd91fa,2025-09-01,33,333,333,10
USG-3c068bc3,CUST-51bd91fa,2025-10-01,39,1197,399,5
USG-51b56212,CUST-51bd91fa,2025-11-01,46,2330,466,7
USG-89002444,CUST-51bd91fa,2025-12-01,32,1300,325,4
USG-959296ce,CUST-51bd91fa,2026-01-01,44,1344,448,3
USG-5f9ef788,CUST-51bd91fa,2026-02-01,36,1104,368,8
USG-66e1e94c,CUST-51bd91fa,2026-03-01,39,1170,390,4
USG-bb069748,CUST-51bd91fa,2026-04-01,38,768,384,2
USG-a6b0d1e2,CUST-d2a83c0c,2025-02-01,7,216,72,9
USG-87ad5f86,CUST-d2a83c0c,2025-03-01,8,240,80,7
USG-e7f5faea,CUST-d2a83c0c,2025-04-01,9,95,95,10
USG-8a00e61a,CUST-d2a83c0c,2025-05-01,6,340,68,10
USG-0be32a34,CUST-d2a83c0c,2025-06-01,9,368,92,6
USG-a9b304f6,CUST-d2a83c0c,2025-07-01,7,385,77,9
USG-4ac0f490,CUST-d2a83c0c,2025-08-01,9,186,93,3
USG-8748f14c,CUST-d2a83c0c,2025-09-01,8,445,89,1
USG-008bd788,CUST-d2a83c0c,2025-10-01,8,86,86,1
USG-7ee1509a,CUST-d2a83c0c,2025-11-01,7,76,76,6
USG-6db77d85,CUST-d2a83c0c,2025-12-01,7,75,75,8
USG-b31399e3,CUST-d2a83c0c,2026-01-01,7,219,73,9
USG-626426bc,CUST-d2a83c0c,2026-02-01,7,77,77,6
USG-1daebcd8,CUST-d2a83c0c,2026-03-01,1,25,5,2
USG-43ea3394,CUST-d2a83c0c,2026-04-01,1,8,4,5
USG-d6823ca6,CUST-743bc31c,2026-03-01,19,579,193,7
USG-6c54e7ab,CUST-743bc31c,2026-04-01,14,560,140,2
USG-8f2c2723,CUST-549ec586,2025-09-01,6,136,68,4
USG-d2344438,CUST-549ec586,2025-10-01,9,91,91,7
USG-9ce36d40,CUST-549ec586,2025-11-01,7,144,72,6
USG-16820a81,CUST-549ec586,2025-12-01,8,178,89,6
USG-e98f3b49,CUST-549ec586,2026-01-01,8,324,81,6
USG-7274eca5,CUST-549ec586,2026-02-01,9,455,91,9
USG-a0c94bd9,CUST-549ec586,2026-03-01,1,0,0,7
USG-67d66817,CUST-549ec586,2026-04-01,1,5,1,3
USG-7fde57f0,CUST-d7b6de4e,2025-10-01,41,2070,414,7
USG-09ebf44a,CUST-d7b6de4e,2025-11-01,44,2230,446,8
USG-49de205f,CUST-d7b6de4e,2025-12-01,39,1176,392,8
USG-96257adc,CUST-d7b6de4e,2026-01-01,38,1915,383,3
USG-332a7e2b,CUST-d7b6de4e,2026-02-01,42,1700,425,4
USG-9fc0a261,CUST-d7b6de4e,2026-03-01,37,1508,377,4
USG-e41e7516,CUST-d7b6de4e,2026-04-01,31,1252,313,8
USG-a39bd623,CUST-9b7a0c16,2025-12-01,12,625,125,4
USG-e9869aa4,CUST-9b7a0c16,2026-01-01,13,556,139,7
USG-34417240,CUST-9b7a0c16,2026-02-01,9,392,98,10
USG-d95214cb,CUST-9b7a0c16,2026-03-01,14,730,146,6
USG-eb4e4f68,CUST-9b7a0c16,2026-04-01,14,142,142,1
USG-08b4ba9b,CUST-278eea94,2025-08-01,38,1143,381,6
USG-d4ec72cc,CUST-278eea94,2025-09-01,38,1536,384,3
USG-9b5f1f8b,CUST-278eea94,2025-10-01,37,750,375,10
USG-f99604d9,CUST-278eea94,2025-11-01,41,417,417,2
USG-e0527e7f,CUST-278eea94,2025-12-01,29,1164,291,10
USG-0da4d9ae,CUST-278eea94,2026-01-01,32,644,322,3
USG-1a8929e0,CUST-278eea94,2026-02-01,34,694,347,8
USG-80e46d0b,CUST-278eea94,2026-03-01,36,1089,363,5
USG-596afe7f,CUST-278eea94,2026-04-01,34,344,344,6
USG-ab027802,CUST-f604e6b8,2026-02-01,30,302,302,6
USG-a929fade,CUST-f604e6b8,2026-03-01,31,318,318,2
USG-fc5fbefc,CUST-f604e6b8,2026-04-01,32,966,322,4
USG-6a9815c2,CUST-f19cb62b,2026-02-01,31,1260,315,3
USG-c1fe57e2,CUST-f19cb62b,2026-03-01,28,843,281,9
USG-545323ec,CUST-f19cb62b,2026-04-01,25,1290,258,9
USG-1b5c39f3,CUST-35201a65,2025-07-01,26,1305,261,9
USG-5136ac6a,CUST-35201a65,2025-08-01,22,900,225,6
USG-3fcd01ae,CUST-35201a65,2025-09-01,26,530,265,9
USG-49b05216,CUST-35201a65,2025-10-01,27,825,275,4
USG-756b7d21,CUST-35201a65,2025-11-01,26,804,268,10
USG-6814fc51,CUST-35201a65,2025-12-01,25,514,257,7
USG-6b599b21,CUST-35201a65,2026-01-01,24,1235,247,6
USG-b7bdf60c,CUST-35201a65,2026-02-01,19,796,199,1
USG-62123217,CUST-35201a65,2026-03-01,1,2,2,4
USG-3566c8f8,CUST-35201a65,2026-04-01,1,0,0,10
USG-eff4cbbb,CUST-1175391b,2025-09-01,21,217,217,3
USG-ce59511b,CUST-1175391b,2025-10-01,22,675,225,7
USG-35e955b8,CUST-1175391b,2025-11-01,22,1130,226,8
USG-45ac7f07,CUST-1175391b,2025-12-01,24,492,246,8
USG-07d49571,CUST-1175391b,2026-01-01,25,1270,254,6
USG-2e7c5dd1,CUST-1175391b,2026-02-01,19,985,197,9
USG-0093d045,CUST-1175391b,2026-03-01,24,246,246,5
USG-c1e106ab,CUST-1175391b,2026-04-01,26,1320,264,3
USG-e5c495c1,CUST-9ff61aaa,2024-10-01,14,560,140,2
USG-44a57f02,CUST-9ff61aaa,2024-11-01,16,166,166,7
USG-aa76d8cd,CUST-9ff61aaa,2024-12-01,18,900,180,1
USG-aedcdf59,CUST-9ff61aaa,2025-01-01,19,950,190,6
USG-f3613a76,CUST-9ff61aaa,2025-02-01,17,170,170,7
USG-afc6af7b,CUST-9ff61aaa,2025-03-01,17,855,171,4
USG-97d65e61,CUST-9ff61aaa,2025-04-01,20,800,200,9
USG-6b789ecd,CUST-9ff61aaa,2025-05-01,19,784,196,8
USG-79a23a50,CUST-9ff61aaa,2025-06-01,14,725,145,7
USG-d1a19199,CUST-9ff61aaa,2025-07-01,16,648,162,1
USG-25a47c88,CUST-9ff61aaa,2025-08-01,19,788,197,8
USG-c7abebd4,CUST-9ff61aaa,2025-09-01,15,477,159,10
USG-3f1ad799,CUST-9ff61aaa,2025-10-01,15,316,158,6
USG-355e6185,CUST-9ff61aaa,2025-11-01,15,153,153,6
USG-96dbc5da,CUST-9ff61aaa,2025-12-01,19,788,197,8
USG-be9082d2,CUST-9ff61aaa,2026-01-01,19,388,194,6
USG-5b629bcf,CUST-9ff61aaa,2026-02-01,20,600,200,1
USG-b6cca77e,CUST-9ff61aaa,2026-03-01,14,730,146,10
USG-726fa018,CUST-9ff61aaa,2026-04-01,18,915,183,2
USG-e8a07a1c,CUST-89255fc3,2025-05-01,2,72,24,6
USG-f39bb8c9,CUST-89255fc3,2025-06-01,2,46,23,4
USG-6aa1a63b,CUST-89255fc3,2025-07-01,2,105,21,5
USG-0256dd05,CUST-89255fc3,2025-08-01,2,100,25,3
USG-7996a5c7,CUST-89255fc3,2025-09-01,1,18,18,3
USG-2fd32dbf,CUST-89255fc3,2025-10-01,2,21,21,1
USG-1982de68,CUST-89255fc3,2025-11-01,2,25,25,6
USG-c4c29e4e,CUST-89255fc3,2025-12-01,1,72,18,5
USG-ce556035,CUST-89255fc3,2026-01-01,2,23,23,7
USG-214514fb,CUST-89255fc3,2026-02-01,2,105,21,2
USG-5064d137,CUST-89255fc3,2026-03-01,2,22,22,2
USG-74009a72,CUST-89255fc3,2026-04-01,2,63,21,7
USG-954fac6e,CUST-1065c818,2024-09-01,19,582,194,1
USG-7c5aaf50,CUST-1065c818,2024-10-01,25,1008,252,6
USG-4509aa63,CUST-1065c818,2024-11-01,19,190,190,5
USG-816288b6,CUST-1065c818,2024-12-01,21,651,217,1
USG-1351a105,CUST-1065c818,2025-01-01,27,1370,274,10
USG-ee5f19e1,CUST-1065c818,2025-02-01,19,796,199,1
USG-eda68c72,CUST-1065c818,2025-03-01,22,1120,224,10
USG-67a49b7d,CUST-1065c818,2025-04-01,24,996,249,5
USG-6f58f07a,CUST-1065c818,2025-05-01,24,726,242,10
USG-ae8a3bd6,CUST-1065c818,2025-06-01,20,832,208,6
USG-782f5479,CUST-1065c818,2025-07-01,25,1275,255,1
USG-b37c4905,CUST-1065c818,2025-08-01,27,544,272,7
USG-6e346058,CUST-1065c818,2025-09-01,20,412,206,7
USG-263de3fc,CUST-1065c818,2025-10-01,21,426,213,3
USG-f45ea0ae,CUST-1065c818,2025-11-01,21,642,214,9
USG-b05155ef,CUST-1065c818,2025-12-01,27,271,271,8
USG-d306a7cb,CUST-1065c818,2026-01-01,18,378,189,4
USG-d23b4bfb,CUST-1065c818,2026-02-01,21,654,218,3
USG-5c979535,CUST-1065c818,2026-03-01,21,1050,210,7
USG-8bb264d9,CUST-1065c818,2026-04-01,22,446,223,10
USG-7714b8ee,CUST-77c1cf00,2024-12-01,3,31,31,5
USG-77fa2c34,CUST-77c1cf00,2025-01-01,2,130,26,9
USG-929793bc,CUST-77c1cf00,2025-02-01,2,110,22,9
USG-6178e894,CUST-77c1cf00,2025-03-01,3,124,31,8
USG-61f8ab42,CUST-77c1cf00,2025-04-01,2,87,29,2
USG-236591b1,CUST-77c1cf00,2025-05-01,2,125,25,7
USG-0f35d95f,CUST-77c1cf00,2025-06-01,2,92,23,1
USG-6dc6f9cb,CUST-77c1cf00,2025-07-01,2,140,28,8
USG-f74f02e3,CUST-77c1cf00,2025-08-01,2,96,24,1
USG-16de1ba3,CUST-77c1cf00,2025-09-01,3,165,33,2
USG-d18b5d92,CUST-77c1cf00,2025-10-01,3,128,32,9
USG-74443853,CUST-77c1cf00,2025-11-01,3,32,32,4
USG-d0ac0765,CUST-77c1cf00,2025-12-01,3,64,32,9
USG-e8f951f7,CUST-77c1cf00,2026-01-01,2,125,25,2
USG-b106e125,CUST-77c1cf00,2026-02-01,3,150,30,2
USG-05bca6b9,CUST-77c1cf00,2026-03-01,2,26,26,7
USG-20f26937,CUST-77c1cf00,2026-04-01,2,75,25,7
USG-2406c77b,CUST-2f3eb2eb,2024-06-01,24,744,248,8
USG-86a2172e,CUST-2f3eb2eb,2024-07-01,18,368,184,6
USG-ecb62d0e,CUST-2f3eb2eb,2024-08-01,18,183,183,3
USG-ce369074,CUST-2f3eb2eb,2024-09-01,20,1010,202,9
USG-52948014,CUST-2f3eb2eb,2024-10-01,20,406,203,3
USG-cc6d88e8,CUST-2f3eb2eb,2024-11-01,23,1150,230,6
USG-010985ba,CUST-2f3eb2eb,2024-12-01,24,1210,242,5
USG-001f31d7,CUST-2f3eb2eb,2025-01-01,20,618,206,1
USG-3ba6a52d,CUST-2f3eb2eb,2025-02-01,21,1055,211,9
USG-b5912921,CUST-2f3eb2eb,2025-03-01,21,864,216,2
USG-a5064255,CUST-2f3eb2eb,2025-04-01,20,408,204,4
USG-acc2be3d,CUST-2f3eb2eb,2025-05-01,17,519,173,8
USG-8c4935f2,CUST-2f3eb2eb,2025-06-01,17,692,173,1
USG-52dda69d,CUST-2f3eb2eb,2025-07-01,23,478,239,7
USG-efb751c6,CUST-2f3eb2eb,2025-08-01,24,243,243,5
USG-8247d970,CUST-2f3eb2eb,2025-09-01,23,702,234,8
USG-094336e5,CUST-2f3eb2eb,2025-10-01,17,688,172,6
USG-8509af4b,CUST-2f3eb2eb,2025-11-01,16,504,168,5
USG-da643452,CUST-2f3eb2eb,2025-12-01,22,687,229,3
USG-f9ac15dc,CUST-2f3eb2eb,2026-01-01,20,603,201,6
USG-dfd1da23,CUST-2f3eb2eb,2026-02-01,22,1110,222,3
USG-80dc3047,CUST-2f3eb2eb,2026-03-01,1,16,4,10
USG-180ee7e9,CUST-2f3eb2eb,2026-04-01,1,6,2,5
USG-25fe7a38,CUST-2f3eb2eb,2026-05-01,1,0,0,2
USG-f5bd4fad,CUST-b5233288,2026-02-01,38,1548,387,9
USG-8f8b5922,CUST-b5233288,2026-03-01,1,0,0,10
USG-739d9704,CUST-b5233288,2026-04-01,1,16,4,7
USG-6f3654a8,CUST-70215da1,2026-02-01,6,126,63,9
USG-bdf69580,CUST-70215da1,2026-03-01,8,352,88,4
USG-92e50df4,CUST-70215da1,2026-04-01,8,243,81,3
USG-c20679c6,CUST-26380545,2025-09-01,19,780,195,7
USG-14788702,CUST-26380545,2025-10-01,13,540,135,5
USG-434640cf,CUST-26380545,2025-11-01,17,179,179,5
USG-6885ca05,CUST-26380545,2025-12-01,16,492,164,1
USG-bd9040bf,CUST-26380545,2026-01-01,18,756,189,2
USG-806711d7,CUST-26380545,2026-02-01,14,296,148,5
USG-4737c3da,CUST-26380545,2026-03-01,14,435,145,6
USG-377be8e3,CUST-26380545,2026-04-01,16,805,161,4
USG-4709b5d3,CUST-9a654212,2024-11-01,9,372,93,3
USG-86432714,CUST-9a654212,2024-12-01,9,186,93,9
USG-e3f6ee66,CUST-9a654212,2025-01-01,7,74,74,6
USG-8e09de34,CUST-9a654212,2025-02-01,7,77,77,10
USG-4eb9c9d7,CUST-9a654212,2025-03-01,8,264,88,3
USG-c68123fb,CUST-9a654212,2025-04-01,9,285,95,3
USG-cfac67ce,CUST-9a654212,2025-05-01,9,285,95,1
USG-a94eb1c4,CUST-9a654212,2025-06-01,7,390,78,9
USG-3116cd91,CUST-9a654212,2025-07-01,8,435,87,5
USG-794a2ae4,CUST-9a654212,2025-08-01,8,435,87,3
USG-9eb70e08,CUST-9a654212,2025-09-01,8,356,89,3
USG-93660517,CUST-9a654212,2025-10-01,8,164,82,7
USG-a00ba0e0,CUST-9a654212,2025-11-01,7,216,72,1
USG-bd7873dd,CUST-9a654212,2025-12-01,8,178,89,10
USG-ff325a92,CUST-9a654212,2026-01-01,7,365,73,2
USG-a44dabea,CUST-9a654212,2026-02-01,9,180,90,3
USG-6a1a0574,CUST-9a654212,2026-03-01,7,158,79,8
USG-e2805675,CUST-9a654212,2026-04-01,7,148,74,7
USG-c038f6d6,CUST-3174ac82,2026-04-01,7,288,72,8
USG-8095b61f,CUST-58f73370,2024-05-01,15,770,154,6
USG-7ecf83dd,CUST-58f73370,2024-06-01,18,925,185,2
USG-b886b343,CUST-58f73370,2024-07-01,16,492,164,7
USG-7c186399,CUST-58f73370,2024-08-01,16,644,161,8
USG-d8260549,CUST-58f73370,2024-09-01,17,875,175,3
USG-7567bef0,CUST-58f73370,2024-10-01,18,567,189,5
USG-3de63d3e,CUST-58f73370,2024-11-01,16,330,165,2
USG-0e98ee00,CUST-58f73370,2024-12-01,13,556,139,6
USG-e718d44c,CUST-58f73370,2025-01-01,16,668,167,3
USG-29921ebd,CUST-58f73370,2025-02-01,19,760,190,7
USG-37c5e95f,CUST-58f73370,2025-03-01,15,795,159,1
USG-bacdf551,CUST-58f73370,2025-04-01,18,555,185,4
USG-35b37503,CUST-58f73370,2025-05-01,15,608,152,8
USG-50d822bf,CUST-58f73370,2025-06-01,16,336,168,3
USG-96659713,CUST-58f73370,2025-07-01,12,129,129,7
USG-29b6a8d6,CUST-58f73370,2025-08-01,13,270,135,2
USG-57594425,CUST-58f73370,2025-09-01,15,785,157,1
USG-42ac27c6,CUST-58f73370,2025-10-01,14,444,148,1
USG-994a80c7,CUST-58f73370,2025-11-01,18,925,185,9
USG-c46d2861,CUST-58f73370,2025-12-01,14,282,141,2
USG-e64f8d8c,CUST-58f73370,2026-01-01,16,168,168,9
USG-0f2a87e4,CUST-58f73370,2026-02-01,12,512,128,7
USG-e1397a71,CUST-58f73370,2026-03-01,14,144,144,3
USG-18cd1db3,CUST-58f73370,2026-04-01,14,286,143,9
USG-f7af4759,CUST-a9074489,2025-07-01,4,220,44,4
USG-9b8819dc,CUST-a9074489,2025-08-01,3,195,39,6
USG-ea685c20,CUST-a9074489,2025-09-01,4,46,46,2
USG-a1b558fb,CUST-a9074489,2025-10-01,3,72,36,10
USG-c861f88e,CUST-a9074489,2025-11-01,3,38,38,6
USG-d431724e,CUST-a9074489,2025-12-01,3,114,38,2
USG-c558d2f1,CUST-a9074489,2026-01-01,4,220,44,2
USG-d5e251fc,CUST-a9074489,2026-02-01,3,124,31,7
USG-47e11c6a,CUST-a9074489,2026-03-01,3,124,31,3
USG-7bc3691b,CUST-a9074489,2026-04-01,3,136,34,6
USG-35e9864e,CUST-c1c73aa5,2025-06-01,3,36,36,3
USG-81c58b09,CUST-c1c73aa5,2025-07-01,3,76,38,3
USG-33f95578,CUST-c1c73aa5,2025-08-01,3,144,36,9
USG-dc920709,CUST-c1c73aa5,2025-09-01,4,84,42,3
USG-b89ee331,CUST-c1c73aa5,2025-10-01,4,138,46,2
USG-98f32ad5,CUST-c1c73aa5,2025-11-01,4,210,42,3
USG-3eeb907a,CUST-c1c73aa5,2025-12-01,4,180,45,2
USG-458a99b6,CUST-c1c73aa5,2026-01-01,4,94,47,6
USG-235d8903,CUST-c1c73aa5,2026-02-01,3,128,32,3
USG-1f14cfa2,CUST-c1c73aa5,2026-03-01,3,165,33,5
USG-a418654a,CUST-c1c73aa5,2026-04-01,3,96,32,8
USG-9b8cfcf7,CUST-e4fdfe40,2025-05-01,46,2310,462,8
USG-a5cfacb7,CUST-e4fdfe40,2025-06-01,51,516,516,7
USG-08ac01fb,CUST-e4fdfe40,2025-07-01,37,1885,377,9
USG-f948f7f2,CUST-e4fdfe40,2025-08-01,36,1820,364,10
USG-e8c88c09,CUST-e4fdfe40,2025-09-01,43,1314,438,3
USG-d572d0c1,CUST-e4fdfe40,2025-10-01,50,2024,506,9
USG-c402d041,CUST-e4fdfe40,2025-11-01,42,1269,423,1
USG-c8a63530,CUST-e4fdfe40,2025-12-01,52,1052,526,7
USG-a6090f26,CUST-e4fdfe40,2026-01-01,45,1804,451,9
USG-afc8dadc,CUST-e4fdfe40,2026-02-01,51,1036,518,2
USG-6078e05d,CUST-e4fdfe40,2026-03-01,40,1620,405,4
USG-c6c2b3f1,CUST-e4fdfe40,2026-04-01,43,872,436,1
USG-03cae672,CUST-657e21b8,2025-06-01,29,1196,299,2
USG-1a1205cd,CUST-657e21b8,2025-07-01,32,652,326,10
USG-735dbdd1,CUST-657e21b8,2025-08-01,22,1125,225,1
USG-e8839eaa,CUST-657e21b8,2025-09-01,29,580,290,1
USG-a0d29bab,CUST-657e21b8,2025-10-01,32,975,325,7
USG-d7de54b5,CUST-657e21b8,2025-11-01,24,242,242,8
USG-97583db5,CUST-657e21b8,2025-12-01,22,448,224,5
USG-b5aa1b8a,CUST-657e21b8,2026-01-01,27,1390,278,6
USG-33bb00a1,CUST-657e21b8,2026-02-01,32,1288,322,10
USG-25991ef3,CUST-657e21b8,2026-03-01,1,20,4,9
USG-dba9338b,CUST-657e21b8,2026-04-01,1,8,4,2
USG-98055842,CUST-5d71d28c,2024-10-01,11,222,111,9
USG-1327f076,CUST-5d71d28c,2024-11-01,10,324,108,3
USG-16f628e6,CUST-5d71d28c,2024-12-01,11,220,110,3
USG-27866181,CUST-5d71d28c,2025-01-01,10,436,109,3
USG-31adeecf,CUST-5d71d28c,2025-02-01,15,453,151,5
USG-00766218,CUST-5d71d28c,2025-03-01,10,312,104,10
USG-295909bd,CUST-5d71d28c,2025-04-01,13,272,136,9
USG-442e7685,CUST-5d71d28c,2025-05-01,13,411,137,8
USG-8de311aa,CUST-5d71d28c,2025-06-01,14,423,141,5
USG-8bfc389a,CUST-5d71d28c,2025-07-01,11,114,114,9
USG-008206f2,CUST-5d71d28c,2025-08-01,12,387,129,6
USG-c55b7fa9,CUST-5d71d28c,2025-09-01,13,532,133,9
USG-c8093a06,CUST-5d71d28c,2025-10-01,10,420,105,10
USG-a524c62b,CUST-5d71d28c,2025-11-01,11,333,111,7
USG-10b475dc,CUST-5d71d28c,2025-12-01,11,452,113,10
USG-3feba99d,CUST-5d71d28c,2026-01-01,14,290,145,8
USG-7998f140,CUST-5d71d28c,2026-02-01,14,435,145,6
USG-5e4e96cf,CUST-5d71d28c,2026-03-01,13,405,135,6
USG-0e08ab75,CUST-5d71d28c,2026-04-01,13,650,130,8
USG-766d5894,CUST-221d09b1,2025-02-01,15,632,158,8
USG-c94eddca,CUST-221d09b1,2025-03-01,23,1150,230,10
USG-f5128abb,CUST-221d09b1,2025-04-01,15,318,159,2
USG-bb0a33dd,CUST-221d09b1,2025-05-01,18,378,189,2
USG-076d7a86,CUST-221d09b1,2025-06-01,20,204,204,4
USG-e53d4f00,CUST-221d09b1,2025-07-01,21,1070,214,9
USG-0828d788,CUST-221d09b1,2025-08-01,15,310,155,4
USG-c67afa9a,CUST-221d09b1,2025-09-01,17,519,173,7
USG-a89bfa67,CUST-221d09b1,2025-10-01,20,600,200,1
USG-97369691,CUST-221d09b1,2025-11-01,16,164,164,5
USG-555c70bc,CUST-221d09b1,2025-12-01,18,186,186,10
USG-eada4f4a,CUST-221d09b1,2026-01-01,20,414,207,6
USG-8581e397,CUST-221d09b1,2026-02-01,16,676,169,3
USG-1c5c2c98,CUST-221d09b1,2026-03-01,23,924,231,1
USG-133f47a8,CUST-221d09b1,2026-04-01,20,416,208,2
USG-343d10df,CUST-eabef79d,2025-02-01,22,456,228,7
USG-e7a80195,CUST-eabef79d,2025-03-01,19,398,199,4
USG-f2ae82e1,CUST-eabef79d,2025-04-01,17,176,176,5
USG-de8bc2c0,CUST-eabef79d,2025-05-01,17,850,170,3
USG-a09ed320,CUST-eabef79d,2025-06-01,18,182,182,2
USG-1f09b333,CUST-eabef79d,2025-07-01,20,820,205,2
USG-4a44bc32,CUST-eabef79d,2025-08-01,21,1080,216,5
USG-6c0e2b02,CUST-eabef79d,2025-09-01,19,576,192,1
USG-5d576757,CUST-eabef79d,2025-10-01,19,194,194,10
USG-b4b465ce,CUST-eabef79d,2025-11-01,22,1105,221,6
USG-9d6aede7,CUST-eabef79d,2025-12-01,16,168,168,10
USG-e5fb5714,CUST-eabef79d,2026-01-01,24,240,240,1
USG-968a0ef6,CUST-eabef79d,2026-02-01,23,708,236,7
USG-7393fe4d,CUST-eabef79d,2026-03-01,23,460,230,6
USG-471d3cb9,CUST-eabef79d,2026-04-01,17,716,179,4
USG-61b8f9c4,CUST-eabef79d,2026-05-01,19,588,196,2
USG-0e39e024,CUST-92e22df9,2025-02-01,28,562,281,6
USG-118cb939,CUST-92e22df9,2025-03-01,21,219,219,4
USG-c7ed7f07,CUST-92e22df9,2025-04-01,26,266,266,3
USG-c629926f,CUST-92e22df9,2025-05-01,27,1355,271,7
USG-73d11c68,CUST-92e22df9,2025-06-01,24,248,248,1
USG-bccc4a43,CUST-92e22df9,2025-07-01,24,720,240,7
USG-1811c958,CUST-92e22df9,2025-08-01,20,606,202,10
USG-920f0605,CUST-92e22df9,2025-09-01,21,434,217,6
USG-1f553fb8,CUST-92e22df9,2025-10-01,28,1156,289,8
USG-70eba410,CUST-92e22df9,2025-11-01,22,687,229,10
USG-90579493,CUST-92e22df9,2025-12-01,20,820,205,2
USG-810f2d8b,CUST-92e22df9,2026-01-01,25,500,250,3
USG-171ae8af,CUST-92e22df9,2026-02-01,21,852,213,10
USG-8ebd78dc,CUST-92e22df9,2026-03-01,29,1176,294,6
USG-8a49418c,CUST-92e22df9,2026-04-01,21,217,217,6
USG-c6483ffd,CUST-a23a93ca,2024-12-01,27,1375,275,10
USG-e591d6ed,CUST-a23a93ca,2025-01-01,30,1505,301,10
USG-f7ee9ed7,CUST-a23a93ca,2025-02-01,31,313,313,7
USG-82e0be0e,CUST-a23a93ca,2025-03-01,31,1570,314,4
USG-a823e24e,CUST-a23a93ca,2025-04-01,23,234,234,6
USG-3134e400,CUST-a23a93ca,2025-05-01,31,319,319,2
USG-ed7d3bb4,CUST-a23a93ca,2025-06-01,23,460,230,5
USG-ebf69a91,CUST-a23a93ca,2025-07-01,23,708,236,9
USG-f43b98e8,CUST-a23a93ca,2025-08-01,25,771,257,5
USG-5b28898c,CUST-a23a93ca,2025-09-01,33,1324,331,4
USG-b3a30462,CUST-a23a93ca,2025-10-01,23,462,231,8
USG-d1e9f2d9,CUST-a23a93ca,2025-11-01,23,924,231,5
USG-9faee9f6,CUST-a23a93ca,2025-12-01,23,233,233,7
USG-9e99c118,CUST-a23a93ca,2026-01-01,26,804,268,5
USG-28df67ec,CUST-a23a93ca,2026-02-01,32,972,324,1
USG-ae41db32,CUST-a23a93ca,2026-03-01,1,12,4,8
USG-0741bf5c,CUST-a23a93ca,2026-04-01,1,5,5,4
USG-93682bfd,CUST-a23a93ca,2026-05-01,1,2,2,2
USG-983ce460,CUST-93c40157,2024-09-01,40,407,407,8
USG-9793522a,CUST-93c40157,2024-10-01,32,328,328,8
USG-ce6aa195,CUST-93c40157,2024-11-01,27,277,277,4
USG-bb15500c,CUST-93c40157,2024-12-01,36,362,362,2
USG-074433aa,CUST-93c40157,2025-01-01,28,574,287,8
USG-a5cc5da5,CUST-93c40157,2025-02-01,30,604,302,2
USG-abccd6a8,CUST-93c40157,2025-03-01,36,1820,364,2
USG-4100b4c0,CUST-93c40157,2025-04-01,33,335,335,4
USG-a52a639a,CUST-93c40157,2025-05-01,40,1620,405,10
USG-4fa44cfe,CUST-93c40157,2025-06-01,32,1300,325,5
USG-c003be84,CUST-93c40157,2025-07-01,27,275,275,10
USG-581241b8,CUST-93c40157,2025-08-01,28,846,282,5
USG-96b5f498,CUST-93c40157,2025-09-01,39,1560,390,1
USG-408dac10,CUST-93c40157,2025-10-01,37,1480,370,9
USG-a0b96db7,CUST-93c40157,2025-11-01,38,770,385,5
USG-ee22a084,CUST-93c40157,2025-12-01,28,1132,283,5
USG-f72a420f,CUST-93c40157,2026-01-01,30,602,301,5
USG-c49d2b9a,CUST-93c40157,2026-02-01,40,404,404,2
USG-a49ae6fd,CUST-93c40157,2026-03-01,1,8,2,6
USG-459b3298,CUST-93c40157,2026-04-01,1,8,2,7
USG-6a4eb838,CUST-0786f9c9,2026-04-01,1,10,2,3
USG-69f2ca8d,CUST-cb2cae25,2024-09-01,6,65,65,7
USG-15cbe01c,CUST-cb2cae25,2024-10-01,8,255,85,3
USG-d197ee5f,CUST-cb2cae25,2024-11-01,8,81,81,7
USG-286682f1,CUST-cb2cae25,2024-12-01,8,258,86,7
USG-8298a100,CUST-cb2cae25,2025-01-01,6,300,60,10
USG-f77fd024,CUST-cb2cae25,2025-02-01,8,83,83,6
USG-b8de592a,CUST-cb2cae25,2025-03-01,7,154,77,5
USG-5d505f85,CUST-cb2cae25,2025-04-01,8,344,86,7
USG-095dee1f,CUST-cb2cae25,2025-05-01,6,68,68,8
USG-0116ac87,CUST-cb2cae25,2025-06-01,6,201,67,6
USG-10d2c9ed,CUST-cb2cae25,2025-07-01,6,128,64,2
USG-d9745ba6,CUST-cb2cae25,2025-08-01,8,261,87,10
USG-6d903bd7,CUST-cb2cae25,2025-09-01,8,82,82,7
USG-7b57683a,CUST-cb2cae25,2025-10-01,6,180,60,5
USG-3c287923,CUST-cb2cae25,2025-11-01,6,124,62,8
USG-b8d45142,CUST-cb2cae25,2025-12-01,8,88,88,4
USG-38c03795,CUST-cb2cae25,2026-01-01,7,234,78,7
USG-e592cae7,CUST-cb2cae25,2026-02-01,8,162,81,2
USG-41b01860,CUST-cb2cae25,2026-03-01,8,81,81,8
USG-a021af79,CUST-cb2cae25,2026-04-01,7,75,75,8
USG-b2941d6d,CUST-6467358e,2025-09-01,27,825,275,8
USG-582a1f14,CUST-6467358e,2025-10-01,31,312,312,2
USG-b93df886,CUST-6467358e,2025-11-01,29,1450,290,4
USG-a89c991a,CUST-6467358e,2025-12-01,33,1014,338,2
USG-4cf39ccb,CUST-6467358e,2026-01-01,30,918,306,5
USG-7367767a,CUST-6467358e,2026-02-01,29,1196,299,5
USG-eeabb822,CUST-6467358e,2026-03-01,1,6,3,4
USG-10aee7f1,CUST-6467358e,2026-04-01,1,4,2,6
USG-847138c0,CUST-a529969e,2025-03-01,39,1950,390,8
USG-66b426c5,CUST-a529969e,2025-04-01,31,1550,310,8
USG-48722eef,CUST-a529969e,2025-05-01,28,1120,280,9
USG-33583277,CUST-a529969e,2025-06-01,38,764,382,6
USG-2eb09264,CUST-a529969e,2025-07-01,39,391,391,8
USG-2ec412b5,CUST-a529969e,2025-08-01,38,1155,385,1
USG-59c36616,CUST-a529969e,2025-09-01,31,311,311,10
USG-c9c9236c,CUST-a529969e,2025-10-01,30,305,305,2
USG-039771f8,CUST-a529969e,2025-11-01,40,401,401,9
USG-63add04f,CUST-a529969e,2025-12-01,32,1284,321,9
USG-2c5fcca4,CUST-a529969e,2026-01-01,35,1416,354,5
USG-9afb47a5,CUST-a529969e,2026-02-01,36,1820,364,6
USG-3fca9f89,CUST-a529969e,2026-03-01,29,299,299,6
USG-321c7841,CUST-a529969e,2026-04-01,37,1125,375,1
USG-a7c9dea9,CUST-ab7cb2b9,2025-01-01,29,1485,297,3
USG-6ab8db65,CUST-ab7cb2b9,2025-02-01,31,1580,316,5
USG-b4867347,CUST-ab7cb2b9,2025-03-01,30,618,309,7
USG-3b1221db,CUST-ab7cb2b9,2025-04-01,30,303,303,7
USG-28c89b05,CUST-ab7cb2b9,2025-05-01,37,1860,372,10
USG-22f71a94,CUST-ab7cb2b9,2025-06-01,33,666,333,5
USG-37dd5cbc,CUST-ab7cb2b9,2025-07-01,26,262,262,2
USG-29af19a7,CUST-ab7cb2b9,2025-08-01,32,984,328,1
USG-e02d367c,CUST-ab7cb2b9,2025-09-01,35,1420,355,3
USG-6f2d4e53,CUST-ab7cb2b9,2025-10-01,34,1730,346,10
USG-dbd19e7e,CUST-ab7cb2b9,2025-11-01,25,1280,256,1
USG-c6705adc,CUST-ab7cb2b9,2025-12-01,30,604,302,2
USG-969ab89f,CUST-ab7cb2b9,2026-01-01,34,698,349,2
USG-0b9fd4f3,CUST-ab7cb2b9,2026-02-01,31,1550,310,6
USG-98da7675,CUST-ab7cb2b9,2026-03-01,1,8,4,9
USG-14f8f282,CUST-ab7cb2b9,2026-04-01,1,2,1,4
USG-2cb0374b,CUST-2a4b606b,2025-08-01,15,314,157,6
USG-a720029e,CUST-2a4b606b,2025-09-01,12,508,127,3
USG-319108ff,CUST-2a4b606b,2025-10-01,12,248,124,9
USG-e600bf16,CUST-2a4b606b,2025-11-01,15,604,151,2
USG-aff2b931,CUST-2a4b606b,2025-12-01,12,512,128,2
USG-fb0a20d0,CUST-2a4b606b,2026-01-01,15,471,157,2
USG-02b318a0,CUST-2a4b606b,2026-02-01,11,232,116,8
USG-94bd11a2,CUST-2a4b606b,2026-03-01,14,564,141,4
USG-f9c38dde,CUST-2a4b606b,2026-04-01,11,342,114,8
USG-69a96b5e,CUST-299bbbdc,2025-12-01,13,417,139,3
USG-287aee5a,CUST-299bbbdc,2026-01-01,15,150,150,5
USG-2cf842e0,CUST-299bbbdc,2026-02-01,14,140,140,10
USG-aa50c683,CUST-299bbbdc,2026-03-01,1,4,2,1
USG-d34af55a,CUST-299bbbdc,2026-04-01,1,15,3,4
USG-56b8f30a,CUST-c6872524,2025-02-01,46,464,464,6
USG-1aa612e0,CUST-c6872524,2025-03-01,49,1980,495,2
USG-cbb540d9,CUST-c6872524,2025-04-01,49,2450,490,5
USG-c0f6105d,CUST-c6872524,2025-05-01,40,401,401,6
USG-cc4cb62d,CUST-c6872524,2025-06-01,56,1120,560,6
USG-3359af13,CUST-c6872524,2025-07-01,41,416,416,10
USG-e9f7b075,CUST-c6872524,2025-08-01,44,2210,442,8
USG-c844e779,CUST-c6872524,2025-09-01,46,2330,466,4
USG-156098a8,CUST-c6872524,2025-10-01,44,896,448,8
USG-a7d8dff6,CUST-c6872524,2025-11-01,41,2065,413,6
USG-78c0aeb1,CUST-c6872524,2025-12-01,45,918,459,9
USG-53fb2678,CUST-c6872524,2026-01-01,50,509,509,7
USG-a04d65c8,CUST-c6872524,2026-02-01,55,554,554,3
USG-9137e52b,CUST-c6872524,2026-03-01,1,8,4,2
USG-4318fefc,CUST-c6872524,2026-04-01,1,3,1,2
USG-359b705a,CUST-2fb17359,2024-05-01,6,65,65,4
USG-5bbf28d4,CUST-2fb17359,2024-06-01,6,65,65,2
USG-71b5636d,CUST-2fb17359,2024-07-01,5,150,50,4
USG-fe45a39f,CUST-2fb17359,2024-08-01,5,58,58,3
USG-72dca03f,CUST-2fb17359,2024-09-01,7,284,71,10
USG-fdfb175b,CUST-2fb17359,2024-10-01,5,280,56,5
USG-ccff8c6d,CUST-2fb17359,2024-11-01,6,67,67,3
USG-9dec06af,CUST-2fb17359,2024-12-01,5,108,54,3
USG-b76dcd60,CUST-2fb17359,2025-01-01,5,110,55,1
USG-851504ab,CUST-2fb17359,2025-02-01,6,126,63,9
USG-a78b8d61,CUST-2fb17359,2025-03-01,6,272,68,1
USG-6b7d07ca,CUST-2fb17359,2025-04-01,7,360,72,5
USG-0e184457,CUST-2fb17359,2025-05-01,5,54,54,4
USG-9aced422,CUST-2fb17359,2025-06-01,6,305,61,6
USG-94ee3654,CUST-2fb17359,2025-07-01,6,252,63,9
USG-3bb77499,CUST-2fb17359,2025-08-01,5,270,54,3
USG-921776f4,CUST-2fb17359,2025-09-01,5,52,52,7
USG-6adb376d,CUST-2fb17359,2025-10-01,6,345,69,3
USG-1654897f,CUST-2fb17359,2025-11-01,5,53,53,9
USG-d732a216,CUST-2fb17359,2025-12-01,4,245,49,4
USG-3afd3d18,CUST-2fb17359,2026-01-01,6,180,60,2
USG-d8978b14,CUST-2fb17359,2026-02-01,6,65,65,8
USG-1489298b,CUST-2fb17359,2026-03-01,1,12,4,5
USG-f4d78f39,CUST-2fb17359,2026-04-01,1,25,5,9
USG-8a468fe7,CUST-1db3d44c,2025-02-01,32,658,329,9
USG-7b516828,CUST-1db3d44c,2025-03-01,23,948,237,5
USG-4a35dd1f,CUST-1db3d44c,2025-04-01,35,1412,353,4
USG-27585844,CUST-1db3d44c,2025-05-01,30,301,301,4
USG-08ece83d,CUST-1db3d44c,2025-06-01,33,1320,330,1
USG-bd702f1b,CUST-1db3d44c,2025-07-01,31,1580,316,5
USG-2c80f9ca,CUST-1db3d44c,2025-08-01,28,849,283,6
USG-6615ccbc,CUST-1db3d44c,2025-09-01,27,273,273,8
USG-08906687,CUST-1db3d44c,2025-10-01,33,338,338,1
USG-9d7c04ac,CUST-1db3d44c,2025-11-01,27,548,274,6
USG-c94996f2,CUST-1db3d44c,2025-12-01,27,1370,274,9
USG-ee1dab9a,CUST-1db3d44c,2026-01-01,25,504,252,5
USG-5b734174,CUST-1db3d44c,2026-02-01,30,302,302,2
USG-efa9ac94,CUST-1db3d44c,2026-03-01,32,329,329,9
USG-a8f05b84,CUST-1db3d44c,2026-04-01,33,1660,332,4
USG-05060439,CUST-006f22ff,2026-01-01,32,327,327,3
USG-8101332e,CUST-006f22ff,2026-02-01,29,1495,299,5
USG-6366657b,CUST-006f22ff,2026-03-01,27,1365,273,9
USG-4c853fd5,CUST-006f22ff,2026-04-01,30,906,302,9
USG-17f526fd,CUST-f1056bcb,2026-01-01,28,564,282,8
USG-f5e819aa,CUST-f1056bcb,2026-02-01,21,639,213,7
USG-cad44c2b,CUST-f1056bcb,2026-03-01,1,2,2,6
USG-f21d355c,CUST-f1056bcb,2026-04-01,1,2,1,1
USG-7e518bc6,CUST-80362ad5,2026-03-01,26,1052,263,7
USG-909f3a2d,CUST-80362ad5,2026-04-01,23,920,230,1
USG-27fde250,CUST-93c7cce5,2026-02-01,39,1572,393,4
USG-bb13f4cf,CUST-93c7cce5,2026-03-01,1,1,1,2
USG-cbfa8313,CUST-93c7cce5,2026-04-01,1,4,4,7
USG-03151c71,CUST-8b7b739e,2025-03-01,30,306,306,10
USG-d8478191,CUST-8b7b739e,2025-04-01,34,682,341,1
USG-826ce2c4,CUST-8b7b739e,2025-05-01,37,1516,379,4
USG-87fc8e47,CUST-8b7b739e,2025-06-01,39,798,399,5
USG-fc5e86ad,CUST-8b7b739e,2025-07-01,39,786,393,8
USG-08ce89b2,CUST-8b7b739e,2025-08-01,36,364,364,8
USG-2685e68b,CUST-8b7b739e,2025-09-01,29,588,294,8
USG-896e8f57,CUST-8b7b739e,2025-10-01,37,752,376,1
USG-df8fdc6d,CUST-8b7b739e,2025-11-01,35,1765,353,10
USG-3f3d6d64,CUST-8b7b739e,2025-12-01,31,312,312,1
USG-e4951276,CUST-8b7b739e,2026-01-01,33,1002,334,9
USG-c2c99699,CUST-8b7b739e,2026-02-01,31,1244,311,3
USG-4c856d54,CUST-8b7b739e,2026-03-01,41,1640,410,3
USG-653595e5,CUST-8b7b739e,2026-04-01,41,1656,414,5
USG-b366e1e8,CUST-df4ae7ad,2025-05-01,6,340,68,5
USG-141da46b,CUST-df4ae7ad,2025-06-01,8,174,87,3
USG-e367275a,CUST-df4ae7ad,2025-07-01,7,210,70,1
USG-667045b0,CUST-df4ae7ad,2025-08-01,8,249,83,3
USG-dba2858f,CUST-df4ae7ad,2025-09-01,7,385,77,1
USG-3f46aaab,CUST-df4ae7ad,2025-10-01,7,140,70,7
USG-c26a5b4c,CUST-df4ae7ad,2025-11-01,8,336,84,10
USG-965b4cfb,CUST-df4ae7ad,2025-12-01,7,158,79,1
USG-1ac869b0,CUST-df4ae7ad,2026-01-01,8,168,84,1
USG-8d602c59,CUST-df4ae7ad,2026-02-01,7,312,78,9
USG-73186399,CUST-df4ae7ad,2026-03-01,8,420,84,1
USG-c6a86e33,CUST-df4ae7ad,2026-04-01,8,255,85,6
USG-046e2af0,CUST-6e5ce4d4,2024-08-01,1,85,17,2
USG-57445541,CUST-6e5ce4d4,2024-09-01,1,60,15,9
USG-b0fc3c01,CUST-6e5ce4d4,2024-10-01,1,51,17,5
USG-559d8705,CUST-6e5ce4d4,2024-11-01,1,39,13,8
USG-78417737,CUST-6e5ce4d4,2024-12-01,1,85,17,2
USG-45516013,CUST-6e5ce4d4,2025-01-01,1,64,16,5
USG-3574fadf,CUST-6e5ce4d4,2025-02-01,1,26,13,1
USG-bd81244b,CUST-6e5ce4d4,2025-03-01,1,51,17,1
USG-f9026987,CUST-6e5ce4d4,2025-04-01,1,51,17,2
USG-2a0cf2ec,CUST-6e5ce4d4,2025-05-01,1,51,17,6
USG-a7a98571,CUST-6e5ce4d4,2025-06-01,1,42,14,1
USG-a53e8455,CUST-6e5ce4d4,2025-07-01,1,30,15,1
USG-77931f78,CUST-6e5ce4d4,2025-08-01,1,48,12,8
USG-e22d4bf9,CUST-6e5ce4d4,2025-09-01,1,80,16,10
USG-02d10796,CUST-6e5ce4d4,2025-10-01,1,16,16,1
USG-3b32b547,CUST-6e5ce4d4,2025-11-01,1,36,12,2
USG-fb071d1e,CUST-6e5ce4d4,2025-12-01,1,13,13,6
USG-0876f56b,CUST-6e5ce4d4,2026-01-01,1,80,16,1
USG-57e37977,CUST-6e5ce4d4,2026-02-01,1,56,14,1
USG-acf05f8d,CUST-6e5ce4d4,2026-03-01,1,4,4,5
USG-07ba83e7,CUST-6e5ce4d4,2026-04-01,1,8,2,6
USG-47f477a5,CUST-f1456537,2025-04-01,16,169,169,1
USG-2462876d,CUST-f1456537,2025-05-01,13,405,135,1
USG-ce21145c,CUST-f1456537,2025-06-01,13,540,135,5
USG-d69bba0b,CUST-f1456537,2025-07-01,19,573,191,10
USG-f58b4e5e,CUST-f1456537,2025-08-01,16,825,165,4
USG-b2c387c8,CUST-f1456537,2025-09-01,15,770,154,8
USG-3a1b8896,CUST-f1456537,2025-10-01,15,471,157,7
USG-8a95d3a0,CUST-f1456537,2025-11-01,13,675,135,10
USG-936918cb,CUST-f1456537,2025-12-01,17,525,175,7
USG-d9bf75eb,CUST-f1456537,2026-01-01,16,486,162,8
USG-3d9e806c,CUST-f1456537,2026-02-01,16,162,162,4
USG-696fb41c,CUST-f1456537,2026-03-01,17,680,170,10
USG-3c49b44f,CUST-f1456537,2026-04-01,15,156,156,2
USG-fa51b472,CUST-0dfbb5b1,2024-10-01,22,227,227,7
USG-509ff7fa,CUST-0dfbb5b1,2024-11-01,25,759,253,1
USG-0dd7f17b,CUST-0dfbb5b1,2024-12-01,27,275,275,6
USG-57a28d95,CUST-0dfbb5b1,2025-01-01,27,1380,276,1
USG-e9827d20,CUST-0dfbb5b1,2025-02-01,24,248,248,6
USG-06fb8ffe,CUST-0dfbb5b1,2025-03-01,31,1264,316,2
USG-116c54e7,CUST-0dfbb5b1,2025-04-01,29,894,298,2
USG-a75d659c,CUST-0dfbb5b1,2025-05-01,28,849,283,8
USG-2d527dc5,CUST-0dfbb5b1,2025-06-01,31,1268,317,7
USG-f9234b8b,CUST-0dfbb5b1,2025-07-01,30,309,309,1
USG-b8f4502c,CUST-0dfbb5b1,2025-08-01,28,578,289,3
USG-33318399,CUST-0dfbb5b1,2025-09-01,29,290,290,10
USG-f6d0a334,CUST-0dfbb5b1,2025-10-01,26,1056,264,1
USG-504abd69,CUST-0dfbb5b1,2025-11-01,23,696,232,7
USG-7c36dfe2,CUST-0dfbb5b1,2025-12-01,22,1125,225,5
USG-96c3a545,CUST-0dfbb5b1,2026-01-01,31,942,314,7
USG-237548ab,CUST-0dfbb5b1,2026-02-01,27,837,279,6
USG-9cb5b634,CUST-0dfbb5b1,2026-03-01,29,1485,297,10
USG-d0b66ad5,CUST-0dfbb5b1,2026-04-01,31,624,312,5
USG-af86649d,CUST-d014145a,2025-11-01,33,1655,331,4
USG-4b6a2371,CUST-d014145a,2025-12-01,31,313,313,2
USG-96dd744d,CUST-d014145a,2026-01-01,41,820,410,8
USG-84e63cdb,CUST-d014145a,2026-02-01,37,1134,378,5
USG-c3370cec,CUST-d014145a,2026-03-01,39,1985,397,3
USG-52c21804,CUST-d014145a,2026-04-01,39,1596,399,6
USG-b57f7c19,CUST-2f356adc,2025-01-01,25,762,254,5
USG-86a38b49,CUST-2f356adc,2025-02-01,36,1805,361,5
USG-d2c4d532,CUST-2f356adc,2025-03-01,24,245,245,10
USG-642e1b5d,CUST-2f356adc,2025-04-01,32,1292,323,6
USG-e2a60a58,CUST-2f356adc,2025-05-01,34,1730,346,5
USG-b2291202,CUST-2f356adc,2025-06-01,35,704,352,10
USG-5a6d8124,CUST-2f356adc,2025-07-01,26,786,262,9
USG-c89acd47,CUST-2f356adc,2025-08-01,33,1665,333,8
USG-ea27d262,CUST-2f356adc,2025-09-01,31,1244,311,4
USG-67566791,CUST-2f356adc,2025-10-01,30,1204,301,7
USG-5059dc7c,CUST-2f356adc,2025-11-01,34,1700,340,8
USG-53d953b5,CUST-2f356adc,2025-12-01,35,1420,355,9
USG-2393c672,CUST-2f356adc,2026-01-01,24,496,248,5
USG-ad146e02,CUST-2f356adc,2026-02-01,34,1041,347,2
USG-0a82be55,CUST-2f356adc,2026-03-01,31,1555,311,8
USG-0d894ed6,CUST-2f356adc,2026-04-01,25,516,258,9
USG-1f5c6e00,CUST-bb1f88f4,2024-07-01,29,1180,295,7
USG-25e1c3d0,CUST-bb1f88f4,2024-08-01,33,1356,339,7
USG-c85febba,CUST-bb1f88f4,2024-09-01,32,1300,325,1
USG-556c1e3e,CUST-bb1f88f4,2024-10-01,32,325,325,10
USG-d23b948e,CUST-bb1f88f4,2024-11-01,25,512,256,6
USG-a0cc1bfa,CUST-bb1f88f4,2024-12-01,26,783,261,3
USG-f06dcbd2,CUST-bb1f88f4,2025-01-01,28,1410,282,4
USG-97d36d93,CUST-bb1f88f4,2025-02-01,25,1020,255,10
USG-9c46c397,CUST-bb1f88f4,2025-03-01,30,301,301,9
USG-ce41ca82,CUST-bb1f88f4,2025-04-01,33,1348,337,8
USG-4dcf1cd7,CUST-bb1f88f4,2025-05-01,28,280,280,1
USG-8cb23dfb,CUST-bb1f88f4,2025-06-01,31,1268,317,4
USG-6a8ab92d,CUST-bb1f88f4,2025-07-01,33,1685,337,7
USG-4a716a5c,CUST-bb1f88f4,2025-08-01,30,900,300,5
USG-1664956c,CUST-bb1f88f4,2025-09-01,33,1344,336,8
USG-d3797706,CUST-bb1f88f4,2025-10-01,35,352,352,5
USG-f97657ce,CUST-bb1f88f4,2025-11-01,24,980,245,8
USG-0b2f71b4,CUST-bb1f88f4,2025-12-01,35,355,355,3
USG-2f2dc9b6,CUST-bb1f88f4,2026-01-01,35,358,358,2
USG-b9ba0ac0,CUST-bb1f88f4,2026-02-01,28,855,285,5
USG-8b4af44b,CUST-bb1f88f4,2026-03-01,1,12,4,1
USG-d912cff2,CUST-bb1f88f4,2026-04-01,1,25,5,10
USG-e828dccc,CUST-c8a35565,2024-09-01,46,1864,466,6
USG-ddc83500,CUST-c8a35565,2024-10-01,39,1564,391,4
USG-08f78f07,CUST-c8a35565,2024-11-01,45,1371,457,9
USG-c599c8e1,CUST-c8a35565,2024-12-01,41,1248,416,6
USG-44fe6e54,CUST-c8a35565,2025-01-01,49,1988,497,7
USG-6f518402,CUST-c8a35565,2025-02-01,54,2160,540,4
USG-5fa47be7,CUST-c8a35565,2025-03-01,41,1233,411,5
USG-4d544aca,CUST-c8a35565,2025-04-01,54,545,545,6
USG-f2bee679,CUST-c8a35565,2025-05-01,37,1860,372,6
USG-1722ee53,CUST-c8a35565,2025-06-01,54,541,541,8
USG-843a5750,CUST-c8a35565,2025-07-01,39,1584,396,3
USG-79da11a2,CUST-c8a35565,2025-08-01,46,928,464,8
USG-55b7b243,CUST-c8a35565,2025-09-01,43,1314,438,9
USG-d9a278ce,CUST-c8a35565,2025-10-01,52,2112,528,1
USG-4edc3659,CUST-c8a35565,2025-11-01,54,2705,541,10
USG-6046cd57,CUST-c8a35565,2025-12-01,54,1098,549,7
USG-4753c5e8,CUST-c8a35565,2026-01-01,51,517,517,4
USG-eb05d58e,CUST-c8a35565,2026-02-01,44,1768,442,10
USG-0e8def3a,CUST-c8a35565,2026-03-01,46,932,466,8
USG-500c6e08,CUST-c8a35565,2026-04-01,44,1341,447,5
USG-aba60309,CUST-433ef580,2024-07-01,24,1240,248,5
USG-3e4df713,CUST-433ef580,2024-08-01,25,753,251,1
USG-0447d49e,CUST-433ef580,2024-09-01,23,940,235,10
USG-3d9a434d,CUST-433ef580,2024-10-01,32,323,323,7
USG-9ab4ed1b,CUST-433ef580,2024-11-01,26,1076,269,8
USG-4435be56,CUST-433ef580,2024-12-01,32,1312,328,9
USG-80090500,CUST-433ef580,2025-01-01,25,774,258,8
USG-e668b19f,CUST-433ef580,2025-02-01,24,720,240,10
USG-9db613da,CUST-433ef580,2025-03-01,34,1710,342,2
USG-b82a01d8,CUST-433ef580,2025-04-01,27,1092,273,10
USG-d7841e7c,CUST-433ef580,2025-05-01,26,1064,266,3
USG-d08a5bf4,CUST-433ef580,2025-06-01,26,536,268,6
USG-6da76969,CUST-433ef580,2025-07-01,23,928,232,10
USG-6eb823b7,CUST-433ef580,2025-08-01,23,948,237,10
USG-a76bd1b8,CUST-433ef580,2025-09-01,28,283,283,8
USG-ac18b794,CUST-433ef580,2025-10-01,30,600,300,4
USG-92e8dd1b,CUST-433ef580,2025-11-01,23,234,234,1
USG-a9d418d8,CUST-433ef580,2025-12-01,28,576,288,4
USG-345ad538,CUST-433ef580,2026-01-01,31,945,315,10
USG-57c90923,CUST-433ef580,2026-02-01,23,460,230,8
USG-f4d1f95c,CUST-433ef580,2026-03-01,1,4,2,3
USG-b3fbd3f1,CUST-433ef580,2026-04-01,1,15,3,3
USG-1985e061,CUST-fef128df,2025-04-01,44,2210,442,5
USG-76ac03bc,CUST-fef128df,2025-05-01,33,333,333,2
USG-bcced39f,CUST-fef128df,2025-06-01,42,2145,429,6
USG-7b222a26,CUST-fef128df,2025-07-01,46,2310,462,2
USG-6e45cfe0,CUST-fef128df,2025-08-01,33,674,337,10
USG-d7334d5a,CUST-fef128df,2025-09-01,45,1812,453,5
USG-4b6489dd,CUST-fef128df,2025-10-01,32,324,324,2
USG-1d3addd4,CUST-fef128df,2025-11-01,40,2020,404,8
USG-756ab3de,CUST-fef128df,2025-12-01,47,476,476,5
USG-23a7a693,CUST-fef128df,2026-01-01,38,1161,387,10
USG-95b49e46,CUST-fef128df,2026-02-01,37,373,373,3
USG-58da7801,CUST-fef128df,2026-03-01,1,0,0,4
USG-4faa9095,CUST-fef128df,2026-04-01,1,4,4,6
USG-f1ce5754,CUST-d0c05d39,2025-08-01,37,1500,375,7
USG-666fc4f4,CUST-d0c05d39,2025-09-01,33,1008,336,3
USG-2df494e0,CUST-d0c05d39,2025-10-01,28,843,281,4
USG-78b18873,CUST-d0c05d39,2025-11-01,32,650,325,8
USG-fda2f6a6,CUST-d0c05d39,2025-12-01,29,897,299,3
USG-3cd48400,CUST-d0c05d39,2026-01-01,32,963,321,7
USG-09d9df55,CUST-d0c05d39,2026-02-01,28,1140,285,4
USG-140f7755,CUST-d0c05d39,2026-03-01,29,1465,293,6
USG-6596323d,CUST-d0c05d39,2026-04-01,26,522,261,1
USG-5cbdb565,CUST-6f9d9cde,2025-07-01,50,1018,509,8
USG-7a10f537,CUST-6f9d9cde,2025-08-01,42,844,422,2
USG-3acbc13c,CUST-6f9d9cde,2025-09-01,51,2555,511,4
USG-9bcbd692,CUST-6f9d9cde,2025-10-01,48,1920,480,3
USG-fc6cb5f9,CUST-6f9d9cde,2025-11-01,40,1206,402,6
USG-89c9c2ce,CUST-6f9d9cde,2025-12-01,37,1500,375,8
USG-90a774bb,CUST-6f9d9cde,2026-01-01,44,894,447,5
USG-b87b9165,CUST-6f9d9cde,2026-02-01,48,1464,488,9
USG-bbf8c46c,CUST-6f9d9cde,2026-03-01,1,4,1,3
USG-407a879c,CUST-6f9d9cde,2026-04-01,1,15,3,8
USG-b13bc278,CUST-c56f4460,2026-04-01,43,2165,433,4
USG-d8b02bd5,CUST-9508926d,2025-03-01,38,1930,386,10
USG-a7039084,CUST-9508926d,2025-04-01,43,2180,436,2
USG-8b845bb0,CUST-9508926d,2025-05-01,43,2155,431,7
USG-28553bea,CUST-9508926d,2025-06-01,37,1880,376,8
USG-834d8986,CUST-9508926d,2025-07-01,38,1524,381,9
USG-8a63a028,CUST-9508926d,2025-08-01,36,1835,367,2
USG-6d2b3593,CUST-9508926d,2025-09-01,31,316,316,8
USG-c1b542d5,CUST-9508926d,2025-10-01,36,732,366,10
USG-b512c56d,CUST-9508926d,2025-11-01,36,1830,366,7
USG-c46a4ab2,CUST-9508926d,2025-12-01,35,1068,356,2
USG-d1346278,CUST-9508926d,2026-01-01,42,1688,422,4
USG-d0cdba4a,CUST-9508926d,2026-02-01,31,1595,319,1
USG-0e12c713,CUST-9508926d,2026-03-01,32,987,329,1
USG-ac34a4f4,CUST-9508926d,2026-04-01,34,348,348,8
USG-d5c5791a,CUST-e09fb676,2026-04-01,1,0,0,2
USG-b9d5c796,CUST-d956737e,2024-11-01,8,240,80,4
USG-872fc37c,CUST-d956737e,2024-12-01,8,172,86,8
USG-3cdfda47,CUST-d956737e,2025-01-01,6,128,64,7
USG-a81eb5b8,CUST-d956737e,2025-02-01,7,365,73,2
USG-b6431897,CUST-d956737e,2025-03-01,7,284,71,4
USG-0fa4ab6a,CUST-d956737e,2025-04-01,8,261,87,1
USG-46c46d2d,CUST-d956737e,2025-05-01,6,128,64,6
USG-3a719f73,CUST-d956737e,2025-06-01,6,68,68,2
USG-b6dd3ff8,CUST-d956737e,2025-07-01,6,63,63,6
USG-a3ffdbf1,CUST-d956737e,2025-08-01,7,234,78,7
USG-2054f04c,CUST-d956737e,2025-09-01,7,152,76,2
USG-3fd912b2,CUST-d956737e,2025-10-01,8,348,87,1
USG-54c1fe1d,CUST-d956737e,2025-11-01,8,84,84,8
USG-2ce90e32,CUST-d956737e,2025-12-01,7,140,70,2
USG-34a733bd,CUST-d956737e,2026-01-01,9,360,90,6
USG-f52001a6,CUST-d956737e,2026-02-01,7,75,75,8
USG-dc038ea4,CUST-d956737e,2026-03-01,9,93,93,3
USG-adca9d89,CUST-d956737e,2026-04-01,9,364,91,4
USG-68bb3070,CUST-d0740538,2025-12-01,21,1070,214,8
USG-8d792b67,CUST-d0740538,2026-01-01,27,272,272,2
USG-8e7af508,CUST-d0740538,2026-02-01,27,275,275,2
USG-6d297c7f,CUST-d0740538,2026-03-01,25,771,257,10
USG-fe1bb9b0,CUST-d0740538,2026-04-01,21,420,210,2
USG-dec66c15,CUST-065ea90c,2025-09-01,48,2420,484,10
USG-dba6a3b9,CUST-065ea90c,2025-10-01,49,988,494,5
USG-a720cbc0,CUST-065ea90c,2025-11-01,34,349,349,7
USG-85100b23,CUST-065ea90c,2025-12-01,35,1795,359,7
USG-e62a10ce,CUST-065ea90c,2026-01-01,40,2020,404,7
USG-1c9de9e0,CUST-065ea90c,2026-02-01,50,506,506,3
USG-ea890f64,CUST-065ea90c,2026-03-01,50,1512,504,2
USG-1be04193,CUST-065ea90c,2026-04-01,51,1545,515,4
USG-53acd25b,CUST-c1738d3c,2025-12-01,18,187,187,5
USG-84ae481e,CUST-c1738d3c,2026-01-01,20,208,208,2
USG-8340631e,CUST-c1738d3c,2026-02-01,20,208,208,1
USG-b909bd9e,CUST-c1738d3c,2026-03-01,21,651,217,1
USG-2b14ce41,CUST-c1738d3c,2026-04-01,15,459,153,4
USG-5daa2538,CUST-bbfe28ee,2024-06-01,39,399,399,10
USG-f7fcad6d,CUST-bbfe28ee,2024-07-01,56,2835,567,7
USG-45ffd943,CUST-bbfe28ee,2024-08-01,39,792,396,8
USG-62764fe3,CUST-bbfe28ee,2024-09-01,46,926,463,5
USG-89dfd5bd,CUST-bbfe28ee,2024-10-01,53,2156,539,8
USG-9a5fefdc,CUST-bbfe28ee,2024-11-01,50,2008,502,1
USG-dd7f4cd2,CUST-bbfe28ee,2024-12-01,54,1644,548,9
USG-ac92899c,CUST-bbfe28ee,2025-01-01,54,1644,548,7
USG-bffc984c,CUST-bbfe28ee,2025-02-01,41,1656,414,6
USG-3e804a0a,CUST-bbfe28ee,2025-03-01,38,1161,387,3
USG-5b705161,CUST-bbfe28ee,2025-04-01,42,1680,420,5
USG-8e7b2cd7,CUST-bbfe28ee,2025-05-01,53,2124,531,10
USG-b43e2eb2,CUST-bbfe28ee,2025-06-01,55,2770,554,7
USG-90282abc,CUST-bbfe28ee,2025-07-01,53,2124,531,6
USG-7cd62659,CUST-bbfe28ee,2025-08-01,55,550,550,9
USG-62ba66f6,CUST-bbfe28ee,2025-09-01,41,1664,416,2
USG-29c1d0c9,CUST-bbfe28ee,2025-10-01,53,1614,538,9
USG-92bba736,CUST-bbfe28ee,2025-11-01,49,493,493,7
USG-f1f8a3ad,CUST-bbfe28ee,2025-12-01,39,1980,396,1
USG-3f9a85b1,CUST-bbfe28ee,2026-01-01,56,2840,568,8
USG-8556c5e0,CUST-bbfe28ee,2026-02-01,51,1545,515,6
USG-098550b0,CUST-bbfe28ee,2026-03-01,56,561,561,9
USG-307173aa,CUST-bbfe28ee,2026-04-01,41,1672,418,9
USG-cdc7d6c2,CUST-bbfe28ee,2026-05-01,45,1377,459,1
USG-f1b708e9,CUST-1790fd5c,2024-06-01,13,390,130,2
USG-df4efd76,CUST-1790fd5c,2024-07-01,16,501,167,3
USG-4ad4d5de,CUST-1790fd5c,2024-08-01,15,453,151,3
USG-a413a52d,CUST-1790fd5c,2024-09-01,15,632,158,1
USG-61db1338,CUST-1790fd5c,2024-10-01,14,145,145,6
USG-fd0c3f93,CUST-1790fd5c,2024-11-01,16,164,164,6
USG-2ed5ee3a,CUST-1790fd5c,2024-12-01,16,324,162,8
USG-bdf04e30,CUST-1790fd5c,2025-01-01,15,612,153,3
USG-e82402bb,CUST-1790fd5c,2025-02-01,13,414,138,10
USG-10e0e2c2,CUST-1790fd5c,2025-03-01,16,676,169,1
USG-74d2f452,CUST-1790fd5c,2025-04-01,13,396,132,2
USG-b887ca80,CUST-1790fd5c,2025-05-01,13,690,138,9
USG-f8c301f7,CUST-1790fd5c,2025-06-01,12,242,121,1
USG-c8db7299,CUST-1790fd5c,2025-07-01,14,560,140,9
USG-6a0dd75a,CUST-1790fd5c,2025-08-01,11,119,119,1
USG-a272b3dd,CUST-1790fd5c,2025-09-01,13,139,139,5
USG-c35e2da3,CUST-1790fd5c,2025-10-01,12,381,127,10
USG-628b0841,CUST-1790fd5c,2025-11-01,14,284,142,10
USG-b62ee4a6,CUST-1790fd5c,2025-12-01,15,632,158,7
USG-727e0eb6,CUST-1790fd5c,2026-01-01,13,138,138,1
USG-97623a76,CUST-1790fd5c,2026-02-01,13,133,133,8
USG-41f8338e,CUST-1790fd5c,2026-03-01,1,0,0,1
USG-d88b406c,CUST-1790fd5c,2026-04-01,1,0,0,7
USG-6538c319,CUST-c722c0f5,2024-05-01,1,56,14,6
USG-c5b4e6c0,CUST-c722c0f5,2024-06-01,1,18,18,9
USG-33bb368a,CUST-c722c0f5,2024-07-01,1,19,19,8
USG-a93618e0,CUST-c722c0f5,2024-08-01,1,95,19,5
USG-0db2faa5,CUST-c722c0f5,2024-09-01,1,42,14,6
USG-1e307853,CUST-c722c0f5,2024-10-01,1,64,16,2
USG-9e8fbf23,CUST-c722c0f5,2024-11-01,1,68,17,8
USG-ef78bc41,CUST-c722c0f5,2024-12-01,1,16,16,7
USG-a2571f0b,CUST-c722c0f5,2025-01-01,1,32,16,2
USG-4834f048,CUST-c722c0f5,2025-02-01,1,34,17,3
USG-10b07b13,CUST-c722c0f5,2025-03-01,1,34,17,5
USG-f0d1f0ec,CUST-c722c0f5,2025-04-01,1,17,17,5
USG-49ff70fe,CUST-c722c0f5,2025-05-01,1,70,14,3
USG-f8ae56eb,CUST-c722c0f5,2025-06-01,1,28,14,8
USG-df6b81ac,CUST-c722c0f5,2025-07-01,2,60,20,10
USG-587cb26d,CUST-c722c0f5,2025-08-01,1,32,16,4
USG-c599e8a6,CUST-c722c0f5,2025-09-01,1,64,16,5
USG-abb2ff7e,CUST-c722c0f5,2025-10-01,1,18,18,9
USG-b792f0d6,CUST-c722c0f5,2025-11-01,1,18,18,3
USG-ed5adc59,CUST-c722c0f5,2025-12-01,1,18,18,6
USG-a5bc3976,CUST-c722c0f5,2026-01-01,1,51,17,5
USG-0ace2f92,CUST-c722c0f5,2026-02-01,1,72,18,10
USG-11f80205,CUST-c722c0f5,2026-03-01,1,90,18,9
USG-063dd822,CUST-c722c0f5,2026-04-01,1,26,13,3
USG-e0b25dec,CUST-23d932a7,2024-06-01,20,406,203,1
USG-34d037dd,CUST-23d932a7,2024-07-01,18,748,187,2
USG-ee08979b,CUST-23d932a7,2024-08-01,20,1010,202,9
USG-89362ee2,CUST-23d932a7,2024-09-01,15,450,150,8
USG-a066d03d,CUST-23d932a7,2024-10-01,20,208,208,2
USG-aea22b7f,CUST-23d932a7,2024-11-01,21,420,210,1
USG-78000d7d,CUST-23d932a7,2024-12-01,20,808,202,4
USG-14783b1e,CUST-23d932a7,2025-01-01,18,362,181,6
USG-7af0b22d,CUST-23d932a7,2025-02-01,21,1080,216,6
USG-ed2e1556,CUST-23d932a7,2025-03-01,21,1065,213,2
USG-992393a4,CUST-23d932a7,2025-04-01,17,684,171,8
USG-9303f203,CUST-23d932a7,2025-05-01,21,214,214,7
USG-83dd71bf,CUST-23d932a7,2025-06-01,20,400,200,10
USG-928f157a,CUST-23d932a7,2025-07-01,17,534,178,9
USG-aa74d461,CUST-23d932a7,2025-08-01,21,422,211,7
USG-e807ef0e,CUST-23d932a7,2025-09-01,21,211,211,3
USG-3fcce55c,CUST-23d932a7,2025-10-01,20,410,205,7
USG-c89dca16,CUST-23d932a7,2025-11-01,18,370,185,3
USG-e02a45b9,CUST-23d932a7,2025-12-01,20,1035,207,3
USG-b8e648d5,CUST-23d932a7,2026-01-01,16,483,161,6
USG-936e9b18,CUST-23d932a7,2026-02-01,15,755,151,1
USG-3ac5bfb9,CUST-23d932a7,2026-03-01,17,528,176,1
USG-57c4478a,CUST-23d932a7,2026-04-01,19,965,193,8
USG-5a7ec465,CUST-1397da96,2024-05-01,37,1890,378,8
USG-96d71571,CUST-1397da96,2024-06-01,49,2495,499,4
USG-c2a121ca,CUST-1397da96,2024-07-01,45,1356,452,2
USG-41f8e4cc,CUST-1397da96,2024-08-01,47,472,472,1
USG-a09b4561,CUST-1397da96,2024-09-01,41,1254,418,9
USG-59fec67b,CUST-1397da96,2024-10-01,39,1179,393,4
USG-843d5f83,CUST-1397da96,2024-11-01,48,2445,489,4
USG-ab852da0,CUST-1397da96,2024-12-01,50,507,507,5
USG-45f3f225,CUST-1397da96,2025-01-01,41,834,417,6
USG-bbd944d6,CUST-1397da96,2025-02-01,48,1944,486,1
USG-983ed5cb,CUST-1397da96,2025-03-01,46,2320,464,8
USG-fe191532,CUST-1397da96,2025-04-01,49,1980,495,5
USG-1eed8194,CUST-1397da96,2025-05-01,44,880,440,8
USG-bad3ba25,CUST-1397da96,2025-06-01,40,407,407,5
USG-cb553faf,CUST-1397da96,2025-07-01,39,1955,391,1
USG-def8b3a6,CUST-1397da96,2025-08-01,45,1356,452,9
USG-ce9a5e17,CUST-1397da96,2025-09-01,48,484,484,5
USG-c2fc788d,CUST-1397da96,2025-10-01,42,846,423,8
USG-548b76b6,CUST-1397da96,2025-11-01,45,2275,455,1
USG-d07b1fe5,CUST-1397da96,2025-12-01,37,1480,370,7
USG-db880d80,CUST-1397da96,2026-01-01,38,388,388,4
USG-ec4d2984,CUST-1397da96,2026-02-01,34,343,343,6
USG-8ddc6223,CUST-1397da96,2026-03-01,50,501,501,2
USG-49c036fc,CUST-1397da96,2026-04-01,49,2480,496,6
USG-75a25747,CUST-0b95d393,2024-05-01,47,1428,476,8
USG-7d137cbe,CUST-0b95d393,2024-06-01,42,2110,422,9
USG-5ddb949f,CUST-0b95d393,2024-07-01,53,2650,530,5
USG-c8c8ae7b,CUST-0b95d393,2024-08-01,41,1248,416,1
USG-5b916ab9,CUST-0b95d393,2024-09-01,45,2275,455,3
USG-bc483bb4,CUST-0b95d393,2024-10-01,47,478,478,8
USG-63cd84b1,CUST-0b95d393,2024-11-01,41,1239,413,4
USG-ac017b55,CUST-0b95d393,2024-12-01,41,1251,417,3
USG-feafb711,CUST-0b95d393,2025-01-01,56,1698,566,2
USG-f89a7511,CUST-0b95d393,2025-02-01,44,1329,443,1
USG-504bab6b,CUST-0b95d393,2025-03-01,40,1212,404,3
USG-624971c5,CUST-0b95d393,2025-04-01,43,430,430,2
USG-8569efeb,CUST-0b95d393,2025-05-01,53,2675,535,9
USG-aa4ee243,CUST-0b95d393,2025-06-01,47,1419,473,1
USG-7db49219,CUST-0b95d393,2025-07-01,51,519,519,4
USG-93ce2c2b,CUST-0b95d393,2025-08-01,57,2850,570,2
USG-56dc64ef,CUST-0b95d393,2025-09-01,55,1650,550,2
USG-b9b02cbc,CUST-0b95d393,2025-10-01,48,1440,480,2
USG-2fc1f371,CUST-0b95d393,2025-11-01,53,539,539,3
USG-a2f30856,CUST-0b95d393,2025-12-01,38,386,386,8
USG-91481cf5,CUST-0b95d393,2026-01-01,43,431,431,5
USG-9327f4ed,CUST-0b95d393,2026-02-01,52,1566,522,2
USG-d297a2b1,CUST-0b95d393,2026-03-01,44,2225,445,10
USG-358bc2b0,CUST-0b95d393,2026-04-01,55,1114,557,4
USG-735b8926,CUST-f195d056,2024-12-01,46,1860,465,7
USG-603a0129,CUST-f195d056,2025-01-01,45,906,453,7
USG-39a6b44d,CUST-f195d056,2025-02-01,43,2150,430,5
USG-447a5229,CUST-f195d056,2025-03-01,41,2055,411,8
USG-89a3053d,CUST-f195d056,2025-04-01,47,952,476,1
USG-86306936,CUST-f195d056,2025-05-01,43,862,431,6
USG-6f91dc77,CUST-f195d056,2025-06-01,36,730,365,10
USG-ab7e03a6,CUST-f195d056,2025-07-01,34,344,344,6
USG-3e340a3a,CUST-f195d056,2025-08-01,40,1620,405,1
USG-c5e9a8c0,CUST-f195d056,2025-09-01,40,818,409,5
USG-c3b8484f,CUST-f195d056,2025-10-01,47,475,475,4
USG-b2a3e3c1,CUST-f195d056,2025-11-01,41,2080,416,5
USG-4a323cde,CUST-f195d056,2025-12-01,43,878,439,6
USG-d55b4ff8,CUST-f195d056,2026-01-01,42,425,425,10
USG-df9d96a6,CUST-f195d056,2026-02-01,37,1492,373,7
USG-effb9ddc,CUST-f195d056,2026-03-01,43,866,433,7
USG-019dac1a,CUST-f195d056,2026-04-01,38,1540,385,6
USG-41b8e32c,CUST-e31297bb,2024-05-01,38,384,384,5
USG-0108ac7c,CUST-e31297bb,2024-06-01,41,1242,414,10
USG-89b31a30,CUST-e31297bb,2024-07-01,42,1272,424,6
USG-a9e38d4a,CUST-e31297bb,2024-08-01,42,2105,421,2
USG-abf0ac4b,CUST-e31297bb,2024-09-01,33,1690,338,10
USG-31c3867f,CUST-e31297bb,2024-10-01,33,331,331,5
USG-3e40c7c6,CUST-e31297bb,2024-11-01,34,680,340,2
USG-1054177e,CUST-e31297bb,2024-12-01,36,1805,361,9
USG-6a1f789a,CUST-e31297bb,2025-01-01,36,1472,368,4
USG-1ce09a59,CUST-e31297bb,2025-02-01,31,319,319,3
USG-6ed40d00,CUST-e31297bb,2025-03-01,31,939,313,3
USG-bc4ab427,CUST-e31297bb,2025-04-01,40,802,401,4
USG-f60d7840,CUST-e31297bb,2025-05-01,40,2005,401,9
USG-c6a0b446,CUST-e31297bb,2025-06-01,37,750,375,2
USG-119bb927,CUST-e31297bb,2025-07-01,38,1520,380,1
USG-f3879967,CUST-e31297bb,2025-08-01,39,1185,395,1
USG-212e2f61,CUST-e31297bb,2025-09-01,37,744,372,8
USG-6fbf3456,CUST-e31297bb,2025-10-01,28,287,287,1
USG-42006fe4,CUST-e31297bb,2025-11-01,39,792,396,9
USG-d5501a81,CUST-e31297bb,2025-12-01,41,1664,416,7
USG-9a420cb2,CUST-e31297bb,2026-01-01,35,1436,359,1
USG-f50bd341,CUST-e31297bb,2026-02-01,40,802,401,7
USG-9e730c1f,CUST-e31297bb,2026-03-01,29,582,291,8
USG-da483ea4,CUST-e31297bb,2026-04-01,33,1650,330,10
USG-c7add1dc,CUST-60da49cd,2026-01-01,26,528,264,7
USG-0f17b5cc,CUST-60da49cd,2026-02-01,22,672,224,4
USG-e2399c12,CUST-60da49cd,2026-03-01,26,1064,266,4
USG-38e222ad,CUST-60da49cd,2026-04-01,22,1130,226,9
USG-05960151,CUST-faf9160f,2026-04-01,7,74,74,10
USG-32deab7a,CUST-37c5940e,2025-11-01,19,990,198,10
USG-11cceebc,CUST-37c5940e,2025-12-01,24,747,249,8
USG-6d348998,CUST-37c5940e,2026-01-01,24,976,244,6
USG-ef4f64a9,CUST-37c5940e,2026-02-01,20,820,205,3
USG-71da32e4,CUST-37c5940e,2026-03-01,20,1030,206,9
USG-02a85ad7,CUST-37c5940e,2026-04-01,26,1040,260,4
USG-41753a29,CUST-f4056e06,2026-02-01,21,424,212,9
USG-10ce2c67,CUST-f4056e06,2026-03-01,22,228,228,7
USG-9771edfd,CUST-f4056e06,2026-04-01,21,1095,219,7
USG-8472b076,CUST-d10f422b,2025-01-01,1,48,12,9
USG-399582e6,CUST-d10f422b,2025-02-01,1,80,16,2
USG-949ea3cc,CUST-d10f422b,2025-03-01,1,34,17,8
USG-41e06ae5,CUST-d10f422b,2025-04-01,1,45,15,3
USG-3467dd11,CUST-d10f422b,2025-05-01,1,70,14,5
USG-d538c9e0,CUST-d10f422b,2025-06-01,1,70,14,1
USG-6a68ac6f,CUST-d10f422b,2025-07-01,1,14,14,8
USG-73ab6db8,CUST-d10f422b,2025-08-01,1,30,15,5
USG-49373301,CUST-d10f422b,2025-09-01,1,60,12,10
USG-29c6d7f6,CUST-d10f422b,2025-10-01,1,80,16,8
USG-cefb9ca3,CUST-d10f422b,2025-11-01,1,12,12,1
USG-49aca4bd,CUST-d10f422b,2025-12-01,1,75,15,4
USG-9bedb3c3,CUST-d10f422b,2026-01-01,1,13,13,10
USG-c0782d11,CUST-d10f422b,2026-02-01,1,45,15,5
USG-14a8344b,CUST-d10f422b,2026-03-01,1,10,2,8
USG-c0336e2b,CUST-d10f422b,2026-04-01,1,20,4,1
USG-75904cca,CUST-9a6226bd,2025-10-01,55,1668,556,9
USG-3f0f671f,CUST-9a6226bd,2025-11-01,44,1329,443,7
USG-3913dd43,CUST-9a6226bd,2025-12-01,57,1713,571,9
USG-9635e948,CUST-9a6226bd,2026-01-01,46,1872,468,3
USG-815af3fa,CUST-9a6226bd,2026-02-01,47,940,470,2
USG-d2b41001,CUST-9a6226bd,2026-03-01,1,1,1,9
USG-dc3b55a0,CUST-9a6226bd,2026-04-01,1,5,5,7
USG-cac32adf,CUST-8144fd0d,2026-01-01,35,1432,358,5
USG-88213ffd,CUST-8144fd0d,2026-02-01,30,1520,304,10
USG-5d5507ea,CUST-8144fd0d,2026-03-01,36,1098,366,4
USG-adcee2b4,CUST-8144fd0d,2026-04-01,39,1950,390,8
USG-7820e7a3,CUST-679ed425,2024-06-01,38,778,389,8
USG-7cc92242,CUST-679ed425,2024-07-01,38,1152,384,4
USG-6e8de8c4,CUST-679ed425,2024-08-01,37,742,371,7
USG-7cf32db0,CUST-679ed425,2024-09-01,41,2080,416,9
USG-d0fc113b,CUST-679ed425,2024-10-01,38,1140,380,2
USG-17e98aae,CUST-679ed425,2024-11-01,35,1065,355,8
USG-92a6f896,CUST-679ed425,2024-12-01,38,387,387,4
USG-d2060205,CUST-679ed425,2025-01-01,40,1604,401,4
USG-18aeb938,CUST-679ed425,2025-02-01,41,1239,413,3
USG-58ac010a,CUST-679ed425,2025-03-01,45,453,453,8
USG-676e90dd,CUST-679ed425,2025-04-01,40,1624,406,3
USG-5ce5b967,CUST-679ed425,2025-05-01,34,1725,345,10
USG-6a7e0718,CUST-679ed425,2025-06-01,34,1038,346,4
USG-45fd4a50,CUST-679ed425,2025-07-01,33,334,334,8
USG-c1066f2e,CUST-679ed425,2025-08-01,45,906,453,8
USG-9bd32225,CUST-679ed425,2025-09-01,33,339,339,6
USG-8bb9ccf9,CUST-679ed425,2025-10-01,40,2015,403,8
USG-84db47dc,CUST-679ed425,2025-11-01,36,734,367,1
USG-a75ec83b,CUST-679ed425,2025-12-01,38,385,385,8
USG-3eb71ada,CUST-679ed425,2026-01-01,38,1536,384,5
USG-759143fb,CUST-679ed425,2026-02-01,44,441,441,6
USG-56225dbf,CUST-679ed425,2026-03-01,1,12,3,5
USG-95a6b682,CUST-679ed425,2026-04-01,1,12,3,3
USG-d83aa2cc,CUST-8ae77d73,2024-05-01,7,284,71,9
USG-10fab271,CUST-8ae77d73,2024-06-01,7,292,73,6
USG-991dc387,CUST-8ae77d73,2024-07-01,7,216,72,6
USG-7b9b511b,CUST-8ae77d73,2024-08-01,7,219,73,3
USG-d8ffbd48,CUST-8ae77d73,2024-09-01,6,310,62,7
USG-4aa57fe7,CUST-8ae77d73,2024-10-01,6,132,66,10
USG-ef9ba7f5,CUST-8ae77d73,2024-11-01,6,300,60,1
USG-0bdc7e43,CUST-8ae77d73,2024-12-01,8,164,82,3
USG-3c31a5c7,CUST-8ae77d73,2025-01-01,8,328,82,8
USG-b913f72c,CUST-8ae77d73,2025-02-01,7,72,72,7
USG-714e5323,CUST-8ae77d73,2025-03-01,7,73,73,6
USG-388b82b0,CUST-8ae77d73,2025-04-01,8,246,82,2
USG-b5d4c987,CUST-8ae77d73,2025-05-01,6,122,61,8
USG-9d969671,CUST-8ae77d73,2025-06-01,7,148,74,9
USG-354138db,CUST-8ae77d73,2025-07-01,6,330,66,9
USG-ddabb8ac,CUST-8ae77d73,2025-08-01,6,122,61,10
USG-c1dc276f,CUST-8ae77d73,2025-09-01,5,116,58,9
USG-adb10237,CUST-8ae77d73,2025-10-01,7,365,73,9
USG-0c1c1215,CUST-8ae77d73,2025-11-01,6,130,65,6
USG-42fdcd7e,CUST-8ae77d73,2025-12-01,7,219,73,7
USG-9c67ff20,CUST-8ae77d73,2026-01-01,7,292,73,3
USG-87c96af2,CUST-8ae77d73,2026-02-01,7,280,70,2
USG-aae34b6e,CUST-8ae77d73,2026-03-01,1,0,0,6
USG-1f53a7c8,CUST-8ae77d73,2026-04-01,1,9,3,8
USG-973c3d56,CUST-ed00f759,2025-03-01,15,155,155,9
USG-e740b0e8,CUST-ed00f759,2025-04-01,17,342,171,8
USG-7db9e445,CUST-ed00f759,2025-05-01,15,155,155,5
USG-daa6cabc,CUST-ed00f759,2025-06-01,16,830,166,3
USG-92c3c3b4,CUST-ed00f759,2025-07-01,14,564,141,4
USG-591e4753,CUST-ed00f759,2025-08-01,15,154,154,7
USG-025771cf,CUST-ed00f759,2025-09-01,11,119,119,3
USG-d9008dea,CUST-ed00f759,2025-10-01,16,660,165,5
USG-bbdb78fe,CUST-ed00f759,2025-11-01,16,167,167,10
USG-041fab72,CUST-ed00f759,2025-12-01,16,164,164,5
USG-cddb3c9d,CUST-ed00f759,2026-01-01,15,153,153,10
USG-381c09f3,CUST-ed00f759,2026-02-01,17,170,170,1
USG-8e5969f9,CUST-ed00f759,2026-03-01,12,120,120,7
USG-9739a3f3,CUST-ed00f759,2026-04-01,14,700,140,6
USG-c45742cf,CUST-6a5f26f3,2025-05-01,15,471,157,4
USG-803759f0,CUST-6a5f26f3,2025-06-01,13,137,137,8
USG-1390ab61,CUST-6a5f26f3,2025-07-01,19,579,193,7
USG-acad6fca,CUST-6a5f26f3,2025-08-01,14,572,143,5
USG-a9599a83,CUST-6a5f26f3,2025-09-01,19,384,192,1
USG-d612fe67,CUST-6a5f26f3,2025-10-01,19,585,195,3
USG-ba999249,CUST-6a5f26f3,2025-11-01,18,378,189,6
USG-19c50107,CUST-6a5f26f3,2025-12-01,17,895,179,10
USG-9c645a5f,CUST-6a5f26f3,2026-01-01,16,672,168,4
USG-3a76cbee,CUST-6a5f26f3,2026-02-01,13,276,138,3
USG-188fd86c,CUST-6a5f26f3,2026-03-01,14,564,141,6
USG-1a146b4f,CUST-6a5f26f3,2026-04-01,18,756,189,10
USG-effad71c,CUST-741688ce,2025-09-01,39,1560,390,1
USG-c609ef87,CUST-741688ce,2025-10-01,48,1944,486,2
USG-2d241133,CUST-741688ce,2025-11-01,53,2120,530,2
USG-d3e56a5e,CUST-741688ce,2025-12-01,40,1227,409,1
USG-9f45d4a1,CUST-741688ce,2026-01-01,48,1464,488,1
USG-21d36a53,CUST-741688ce,2026-02-01,54,2184,546,5
USG-9822ad2e,CUST-741688ce,2026-03-01,1,2,1,8
USG-9e25ae30,CUST-741688ce,2026-04-01,1,9,3,4
USG-d384de1d,CUST-da70f1c3,2025-03-01,19,570,190,7
USG-6a2e4849,CUST-da70f1c3,2025-04-01,15,628,157,6
USG-666eb85f,CUST-da70f1c3,2025-05-01,13,414,138,4
USG-036d881f,CUST-da70f1c3,2025-06-01,15,612,153,5
USG-7cf965bb,CUST-da70f1c3,2025-07-01,13,556,139,1
USG-1958e88f,CUST-da70f1c3,2025-08-01,14,432,144,10
USG-51754d28,CUST-da70f1c3,2025-09-01,19,386,193,9
USG-3ce560ae,CUST-da70f1c3,2025-10-01,17,680,170,6
USG-082e1245,CUST-da70f1c3,2025-11-01,15,790,158,8
USG-189b8e9e,CUST-da70f1c3,2025-12-01,19,980,196,3
USG-0f20d071,CUST-da70f1c3,2026-01-01,13,138,138,6
USG-38f49145,CUST-da70f1c3,2026-02-01,19,386,193,9
USG-0e8800de,CUST-da70f1c3,2026-03-01,1,10,5,4
USG-66ffb71c,CUST-da70f1c3,2026-04-01,1,0,0,7
USG-13d669d0,CUST-b864ed22,2024-06-01,56,1134,567,1
USG-7dd43f1b,CUST-b864ed22,2024-07-01,56,1122,561,3
USG-09c0f90f,CUST-b864ed22,2024-08-01,50,2004,501,8
USG-cd19a8b1,CUST-b864ed22,2024-09-01,52,1563,521,5
USG-5956d35f,CUST-b864ed22,2024-10-01,42,858,429,10
USG-cc5c69ab,CUST-b864ed22,2024-11-01,52,1560,520,8
USG-49c642df,CUST-b864ed22,2024-12-01,48,1944,486,5
USG-6ad04ab8,CUST-b864ed22,2025-01-01,55,554,554,5
USG-a580107e,CUST-b864ed22,2025-02-01,57,2308,577,8
USG-22cd237c,CUST-b864ed22,2025-03-01,41,1640,410,5
USG-49e17f45,CUST-b864ed22,2025-04-01,56,2244,561,3
USG-0785728b,CUST-b864ed22,2025-05-01,53,2685,537,4
USG-c2bfc7ec,CUST-b864ed22,2025-06-01,51,1539,513,2
USG-0106e6a0,CUST-b864ed22,2025-07-01,49,494,494,7
USG-e06989a4,CUST-b864ed22,2025-08-01,47,472,472,1
USG-726d1ff0,CUST-b864ed22,2025-09-01,39,1955,391,8
USG-2e9c61a9,CUST-b864ed22,2025-10-01,49,1479,493,3
USG-dc72277e,CUST-b864ed22,2025-11-01,50,1006,503,10
USG-94056c53,CUST-b864ed22,2025-12-01,49,495,495,7
USG-e24a9da2,CUST-b864ed22,2026-01-01,50,1016,508,2
USG-a1175475,CUST-b864ed22,2026-02-01,41,820,410,7
USG-c3b3644c,CUST-b864ed22,2026-03-01,45,1362,454,10
USG-5f30324d,CUST-b864ed22,2026-04-01,47,476,476,3
USG-05a170e2,CUST-de8f0cf8,2025-02-01,15,155,155,1
USG-8a79b039,CUST-de8f0cf8,2025-03-01,14,435,145,8
USG-d963d4f5,CUST-de8f0cf8,2025-04-01,15,790,158,2
USG-443c487c,CUST-de8f0cf8,2025-05-01,14,730,146,5
USG-fcee97c9,CUST-de8f0cf8,2025-06-01,13,414,138,7
USG-167b1d89,CUST-de8f0cf8,2025-07-01,14,145,145,3
USG-38a09d6e,CUST-de8f0cf8,2025-08-01,18,370,185,5
USG-b0b18d11,CUST-de8f0cf8,2025-09-01,13,408,136,5
USG-a3408130,CUST-de8f0cf8,2025-10-01,12,508,127,1
USG-a8758878,CUST-de8f0cf8,2025-11-01,15,155,155,7
USG-9a45813c,CUST-de8f0cf8,2025-12-01,17,352,176,2
USG-50b8065b,CUST-de8f0cf8,2026-01-01,18,364,182,10
USG-ec66d6ae,CUST-de8f0cf8,2026-02-01,14,432,144,4
USG-188e3941,CUST-de8f0cf8,2026-03-01,1,8,2,9
USG-62f19772,CUST-de8f0cf8,2026-04-01,1,15,5,6
USG-9a9c0f1f,CUST-c7d5949b,2024-08-01,26,1056,264,4
USG-e40275b0,CUST-c7d5949b,2024-09-01,39,391,391,3
USG-2a5939b2,CUST-c7d5949b,2024-10-01,33,330,330,2
USG-bc41f350,CUST-c7d5949b,2024-11-01,36,730,365,7
USG-5dcc83f4,CUST-c7d5949b,2024-12-01,30,602,301,2
USG-301f2b73,CUST-c7d5949b,2025-01-01,38,1940,388,2
USG-1d1cf25f,CUST-c7d5949b,2025-02-01,30,909,303,8
USG-1c749092,CUST-c7d5949b,2025-03-01,38,1945,389,10
USG-74ae0bee,CUST-c7d5949b,2025-04-01,29,1160,290,8
USG-afb58813,CUST-c7d5949b,2025-05-01,26,268,268,6
USG-c4f7e3f9,CUST-c7d5949b,2025-06-01,37,1492,373,1
USG-60573f21,CUST-c7d5949b,2025-07-01,34,342,342,7
USG-76c21ceb,CUST-c7d5949b,2025-08-01,38,1532,383,4
USG-6e0efe78,CUST-c7d5949b,2025-09-01,28,1140,285,3
USG-68ae5e81,CUST-c7d5949b,2025-10-01,38,766,383,3
USG-e29c9a9d,CUST-c7d5949b,2025-11-01,31,1268,317,3
USG-2cdc50e0,CUST-c7d5949b,2025-12-01,26,1048,262,10
USG-31e6215d,CUST-c7d5949b,2026-01-01,33,990,330,8
USG-69f476b0,CUST-c7d5949b,2026-02-01,26,1330,266,10
USG-f82da15b,CUST-c7d5949b,2026-03-01,39,784,392,8
USG-146fd544,CUST-c7d5949b,2026-04-01,34,1700,340,8
USG-8e13c634,CUST-4d4eeb2f,2026-04-01,1,15,5,3
USG-85a5fdc1,CUST-5cbaa8ac,2025-04-01,43,874,437,10
USG-c48efa91,CUST-5cbaa8ac,2025-05-01,38,1524,381,4
USG-769e9622,CUST-5cbaa8ac,2025-06-01,35,351,351,9
USG-56c0f67c,CUST-5cbaa8ac,2025-07-01,33,1014,338,5
USG-ff22f305,CUST-5cbaa8ac,2025-08-01,31,1550,310,9
USG-d4a852d2,CUST-5cbaa8ac,2025-09-01,39,1965,393,6
USG-09031b06,CUST-5cbaa8ac,2025-10-01,36,1800,360,3
USG-f01ff727,CUST-5cbaa8ac,2025-11-01,37,1488,372,3
USG-5d9be923,CUST-5cbaa8ac,2025-12-01,40,403,403,2
USG-04966e21,CUST-5cbaa8ac,2026-01-01,35,1068,356,2
USG-158f1893,CUST-5cbaa8ac,2026-02-01,34,1700,340,6
USG-ed1c8cf8,CUST-5cbaa8ac,2026-03-01,1,4,1,5
USG-f9fb572e,CUST-5cbaa8ac,2026-04-01,1,15,3,8
USG-3e6315bd,CUST-5cbaa8ac,2026-05-01,1,0,0,6
USG-1eed415c,CUST-86882a24,2024-12-01,34,686,343,2
USG-1796c821,CUST-86882a24,2025-01-01,45,1836,459,10
USG-7340db8c,CUST-86882a24,2025-02-01,45,908,454,2
USG-d900bf0d,CUST-86882a24,2025-03-01,43,862,431,5
USG-eca0d55e,CUST-86882a24,2025-04-01,43,1302,434,7
USG-ce43066c,CUST-86882a24,2025-05-01,44,2220,444,7
USG-c9e574c7,CUST-86882a24,2025-06-01,42,1696,424,7
USG-4539f053,CUST-86882a24,2025-07-01,36,364,364,3
USG-7c4a0283,CUST-86882a24,2025-08-01,32,326,326,1
USG-571db3fa,CUST-86882a24,2025-09-01,43,860,430,8
USG-91f2316b,CUST-86882a24,2025-10-01,39,1170,390,10
USG-45a822d0,CUST-86882a24,2025-11-01,42,1281,427,9
USG-f22ef190,CUST-86882a24,2025-12-01,41,1648,412,1
USG-0dfd5301,CUST-86882a24,2026-01-01,42,1281,427,2
USG-56e82ea6,CUST-86882a24,2026-02-01,40,1221,407,4
USG-cf9db54f,CUST-86882a24,2026-03-01,38,387,387,7
USG-a5dd7f54,CUST-86882a24,2026-04-01,33,1690,338,1
USG-61a90812,CUST-be68bc71,2025-02-01,20,828,207,7
USG-8461d778,CUST-be68bc71,2025-03-01,21,426,213,3
USG-0f25b920,CUST-be68bc71,2025-04-01,19,780,195,10
USG-01afbfa9,CUST-be68bc71,2025-05-01,20,416,208,8
USG-660b2070,CUST-be68bc71,2025-06-01,16,652,163,3
USG-8d2be67b,CUST-be68bc71,2025-07-01,15,780,156,10
USG-10778e9c,CUST-be68bc71,2025-08-01,17,354,177,2
USG-dc2b53e5,CUST-be68bc71,2025-09-01,14,444,148,3
USG-92c6aade,CUST-be68bc71,2025-10-01,19,382,191,9
USG-dfe002d2,CUST-be68bc71,2025-11-01,17,178,178,8
USG-b5ba737e,CUST-be68bc71,2025-12-01,16,830,166,4
USG-779635a6,CUST-be68bc71,2026-01-01,19,585,195,5
USG-8d40e475,CUST-be68bc71,2026-02-01,16,805,161,5
USG-2b285139,CUST-be68bc71,2026-03-01,1,0,0,10
USG-514b9784,CUST-be68bc71,2026-04-01,1,9,3,6
USG-dc1dcbae,CUST-08c53e14,2026-01-01,36,1468,367,3
USG-d5f08e3d,CUST-08c53e14,2026-02-01,37,750,375,9
USG-a1d96c2b,CUST-08c53e14,2026-03-01,32,1625,325,3
USG-56b77cda,CUST-08c53e14,2026-04-01,39,1580,395,2
USG-6d2c490d,CUST-414c7cec,2025-12-01,41,832,416,7
USG-2266a38d,CUST-414c7cec,2026-01-01,44,446,446,8
USG-0aa768e4,CUST-414c7cec,2026-02-01,36,363,363,9
USG-ae727205,CUST-414c7cec,2026-03-01,38,381,381,2
USG-b86e43b8,CUST-414c7cec,2026-04-01,49,986,493,2
USG-92d7f560,CUST-94135c46,2026-03-01,1,16,4,8
USG-f4196d0e,CUST-94135c46,2026-04-01,1,1,1,8
USG-19e0541f,CUST-60b2a797,2024-11-01,19,591,197,5
USG-26e9e4ad,CUST-60b2a797,2024-12-01,21,648,216,7
USG-bbd1f340,CUST-60b2a797,2025-01-01,18,185,185,10
USG-6adcd2c4,CUST-60b2a797,2025-02-01,18,732,183,8
USG-0ab54e09,CUST-60b2a797,2025-03-01,20,205,205,2
USG-dece2273,CUST-60b2a797,2025-04-01,20,207,207,5
USG-f282e695,CUST-60b2a797,2025-05-01,17,170,170,2
USG-83210466,CUST-60b2a797,2025-06-01,15,304,152,7
USG-387376ee,CUST-60b2a797,2025-07-01,20,606,202,8
USG-33aa1042,CUST-60b2a797,2025-08-01,18,543,181,8
USG-5b6064c8,CUST-60b2a797,2025-09-01,18,724,181,6
USG-8dfb72f3,CUST-60b2a797,2025-10-01,20,418,209,3
USG-33c6f44a,CUST-60b2a797,2025-11-01,19,788,197,8
USG-8bc0c836,CUST-60b2a797,2025-12-01,22,227,227,1
USG-c0de8878,CUST-60b2a797,2026-01-01,17,712,178,9
USG-834c8eb4,CUST-60b2a797,2026-02-01,17,177,177,3
USG-6b8ee6d6,CUST-60b2a797,2026-03-01,17,171,171,10
USG-6f761153,CUST-60b2a797,2026-04-01,21,848,212,3
USG-f0a071ce,CUST-80002605,2025-05-01,6,256,64,1
USG-9456180c,CUST-80002605,2025-06-01,8,80,80,7
USG-20547994,CUST-80002605,2025-07-01,8,246,82,4
USG-2747bd22,CUST-80002605,2025-08-01,7,316,79,4
USG-ebf659df,CUST-80002605,2025-09-01,7,79,79,6
USG-029606c6,CUST-80002605,2025-10-01,6,183,61,3
USG-02b6c3d2,CUST-80002605,2025-11-01,7,71,71,8
USG-694cd9b5,CUST-80002605,2025-12-01,7,75,75,7
USG-ddea2496,CUST-80002605,2026-01-01,6,120,60,1
USG-840f216c,CUST-80002605,2026-02-01,8,328,82,2
USG-ec37851b,CUST-80002605,2026-03-01,6,65,65,8
USG-6505b751,CUST-80002605,2026-04-01,5,59,59,7
USG-c97cf19f,CUST-552b9fda,2026-03-01,18,900,180,1
USG-b0532b88,CUST-552b9fda,2026-04-01,18,756,189,1
USG-e30283c3,CUST-e15d4838,2025-01-01,18,552,184,2
USG-5b7d3407,CUST-e15d4838,2025-02-01,15,755,151,8
USG-709c8cb3,CUST-e15d4838,2025-03-01,17,696,174,4
USG-0ecaf1bf,CUST-e15d4838,2025-04-01,15,750,150,5
USG-b800c447,CUST-e15d4838,2025-05-01,17,172,172,10
USG-b2a7b96e,CUST-e15d4838,2025-06-01,20,836,209,1
USG-8041f5b9,CUST-e15d4838,2025-07-01,18,546,182,10
USG-cd79a1c2,CUST-e15d4838,2025-08-01,17,173,173,3
USG-3815b0d7,CUST-e15d4838,2025-09-01,15,765,153,4
USG-99549b2b,CUST-e15d4838,2025-10-01,14,576,144,9
USG-8937ec86,CUST-e15d4838,2025-11-01,18,720,180,8
USG-6e61ffe3,CUST-e15d4838,2025-12-01,20,1020,204,9
USG-99ed77c7,CUST-e15d4838,2026-01-01,20,416,208,5
USG-29703c72,CUST-e15d4838,2026-02-01,19,792,198,6
USG-c45441a0,CUST-e15d4838,2026-03-01,18,935,187,7
USG-82204111,CUST-e15d4838,2026-04-01,18,724,181,3
USG-aa47eff2,CUST-5370bd52,2025-04-01,28,1420,284,3
USG-26ddaf7a,CUST-5370bd52,2025-05-01,27,558,279,1
USG-68d705ac,CUST-5370bd52,2025-06-01,27,273,273,10
USG-6b924a06,CUST-5370bd52,2025-07-01,25,258,258,6
USG-5bcb13f6,CUST-5370bd52,2025-08-01,21,642,214,10
USG-afc1fe23,CUST-5370bd52,2025-09-01,28,284,284,2
USG-bae57bec,CUST-5370bd52,2025-10-01,26,534,267,4
USG-ad2fe0be,CUST-5370bd52,2025-11-01,22,454,227,2
USG-61a06556,CUST-5370bd52,2025-12-01,19,588,196,7
USG-0effb74b,CUST-5370bd52,2026-01-01,23,1160,232,2
USG-6515ff0c,CUST-5370bd52,2026-02-01,21,1080,216,3
USG-1e9565f5,CUST-5370bd52,2026-03-01,27,552,276,5
USG-5c6aba9a,CUST-5370bd52,2026-04-01,26,1048,262,5
USG-7120ac66,CUST-8f72dc14,2024-05-01,51,511,511,4
USG-25eb625f,CUST-8f72dc14,2024-06-01,48,1920,480,6
USG-0c074b8b,CUST-8f72dc14,2024-07-01,40,1206,402,3
USG-f972ff36,CUST-8f72dc14,2024-08-01,52,1044,522,2
USG-9b902b6e,CUST-8f72dc14,2024-09-01,46,2325,465,7
USG-3fa60cc8,CUST-8f72dc14,2024-10-01,51,2068,517,9
USG-35a01f71,CUST-8f72dc14,2024-11-01,40,816,408,2
USG-45df875c,CUST-8f72dc14,2024-12-01,56,2820,564,2
USG-31f6a486,CUST-8f72dc14,2025-01-01,46,2315,463,2
USG-e0c247ca,CUST-8f72dc14,2025-02-01,53,2120,530,10
USG-326b80cc,CUST-8f72dc14,2025-03-01,54,549,549,5
USG-a1c05827,CUST-8f72dc14,2025-04-01,56,2840,568,1
USG-4053ef3b,CUST-8f72dc14,2025-05-01,45,1353,451,5
USG-667bce32,CUST-8f72dc14,2025-06-01,50,509,509,6
USG-08027c69,CUST-8f72dc14,2025-07-01,52,2625,525,2
USG-c571e5c2,CUST-8f72dc14,2025-08-01,45,2280,456,4
USG-1e7620f5,CUST-8f72dc14,2025-09-01,51,1024,512,8
USG-76a2f1a4,CUST-8f72dc14,2025-10-01,50,501,501,2
USG-8ab5e717,CUST-8f72dc14,2025-11-01,51,1026,513,7
USG-9b161089,CUST-8f72dc14,2025-12-01,54,2730,546,10
USG-3ab28b6d,CUST-8f72dc14,2026-01-01,40,2010,402,9
USG-4e70f2d5,CUST-8f72dc14,2026-02-01,55,2228,557,1
USG-392c0c9f,CUST-8f72dc14,2026-03-01,1,20,5,9
USG-c3e9bb47,CUST-8f72dc14,2026-04-01,1,0,0,5
USG-6cc9e776,CUST-fd010587,2025-01-01,37,1496,374,7
USG-c1ab7e77,CUST-fd010587,2025-02-01,37,1508,377,8
USG-37bfd154,CUST-fd010587,2025-03-01,48,2415,483,5
USG-bb459583,CUST-fd010587,2025-04-01,38,389,389,7
USG-4ba3bba3,CUST-fd010587,2025-05-01,51,2076,519,1
USG-57456623,CUST-fd010587,2025-06-01,46,460,460,6
USG-58a97d57,CUST-fd010587,2025-07-01,49,1479,493,9
USG-4cab8a5c,CUST-fd010587,2025-08-01,38,387,387,5
USG-07dbd6cb,CUST-fd010587,2025-09-01,47,1888,472,8
USG-1bfcaefa,CUST-fd010587,2025-10-01,48,2440,488,6
USG-5e69e04c,CUST-fd010587,2025-11-01,48,972,486,5
USG-ebe27ee6,CUST-fd010587,2025-12-01,53,539,539,4
USG-fd5ced03,CUST-fd010587,2026-01-01,37,370,370,6
USG-f99a1fc6,CUST-fd010587,2026-02-01,37,1855,371,7
USG-3437f45e,CUST-fd010587,2026-03-01,37,1128,376,10
USG-d1470465,CUST-fd010587,2026-04-01,46,1840,460,3
USG-67ab2ebd,CUST-4c94d0e7,2025-08-01,34,1044,348,10
USG-c668be84,CUST-4c94d0e7,2025-09-01,37,1492,373,7
USG-fdfd6185,CUST-4c94d0e7,2025-10-01,36,366,366,10
USG-87a4899a,CUST-4c94d0e7,2025-11-01,36,1101,367,9
USG-ff261988,CUST-4c94d0e7,2025-12-01,47,950,475,6
USG-e41bbb15,CUST-4c94d0e7,2026-01-01,33,1680,336,1
USG-9cf98a17,CUST-4c94d0e7,2026-02-01,33,674,337,7
USG-6de60e8b,CUST-4c94d0e7,2026-03-01,36,1083,361,10
USG-4d80d019,CUST-4c94d0e7,2026-04-01,45,918,459,8
USG-9489524c,CUST-8ba43c90,2025-12-01,52,2112,528,1
USG-775c8c3f,CUST-8ba43c90,2026-01-01,48,2430,486,5
USG-0935b391,CUST-8ba43c90,2026-02-01,54,1094,547,7
USG-7f721617,CUST-8ba43c90,2026-03-01,48,962,481,10
USG-46e0d191,CUST-8ba43c90,2026-04-01,51,1530,510,6
USG-3cf1810f,CUST-a686a9a0,2026-01-01,12,381,127,5
USG-f57f298f,CUST-a686a9a0,2026-02-01,14,294,147,2
USG-9fc1cb64,CUST-a686a9a0,2026-03-01,1,5,1,1
USG-b96ce7b2,CUST-a686a9a0,2026-04-01,1,0,0,6
USG-1d613657,CUST-fa9a87d4,2026-03-01,1,8,2,7
USG-4ac144f7,CUST-fa9a87d4,2026-04-01,1,12,4,2
USG-d5c65a17,CUST-89bcb53d,2025-05-01,41,419,419,4
USG-22bfaaed,CUST-89bcb53d,2025-06-01,37,1113,371,6
USG-b5ede06f,CUST-89bcb53d,2025-07-01,39,794,397,3
USG-5b9ae3d4,CUST-89bcb53d,2025-08-01,41,822,411,8
USG-744d128b,CUST-89bcb53d,2025-09-01,33,1670,334,4
USG-6d2abb70,CUST-89bcb53d,2025-10-01,36,738,369,2
USG-3366c1f9,CUST-89bcb53d,2025-11-01,34,696,348,6
USG-e9406ff9,CUST-89bcb53d,2025-12-01,30,608,304,3
USG-9bba1402,CUST-89bcb53d,2026-01-01,32,966,322,3
USG-14b21fa8,CUST-89bcb53d,2026-02-01,29,592,296,10
USG-7667609d,CUST-89bcb53d,2026-03-01,1,8,2,10
USG-f392685f,CUST-89bcb53d,2026-04-01,1,9,3,7
USG-116eb1ba,CUST-7a2f88e9,2025-05-01,9,380,95,4
USG-0da53649,CUST-7a2f88e9,2025-06-01,10,324,108,1
USG-af8f2262,CUST-7a2f88e9,2025-07-01,7,225,75,6
USG-b5812257,CUST-7a2f88e9,2025-08-01,10,520,104,1
USG-93ab502d,CUST-7a2f88e9,2025-09-01,11,336,112,9
USG-1f910444,CUST-7a2f88e9,2025-10-01,8,243,81,1
USG-1f232761,CUST-7a2f88e9,2025-11-01,9,465,93,3
USG-00c6c44e,CUST-7a2f88e9,2025-12-01,9,188,94,6
USG-e6f13a85,CUST-7a2f88e9,2026-01-01,10,510,102,8
USG-2588d39c,CUST-7a2f88e9,2026-02-01,10,515,103,4
USG-34231d58,CUST-7a2f88e9,2026-03-01,1,20,5,1
USG-c4f114ea,CUST-7a2f88e9,2026-04-01,1,6,3,6
USG-04a7535c,CUST-742e32b7,2025-04-01,45,1820,455,4
USG-aa84788f,CUST-742e32b7,2025-05-01,43,2160,432,1
USG-879e6053,CUST-742e32b7,2025-06-01,42,2145,429,3
USG-6f0e3579,CUST-742e32b7,2025-07-01,51,1026,513,7
USG-5dedbe19,CUST-742e32b7,2025-08-01,38,778,389,2
USG-444c77f0,CUST-742e32b7,2025-09-01,53,2156,539,6
USG-764ce623,CUST-742e32b7,2025-10-01,51,517,517,2
USG-b3594795,CUST-742e32b7,2025-11-01,43,860,430,8
USG-f9d26ada,CUST-742e32b7,2025-12-01,49,996,498,5
USG-e045a0ba,CUST-742e32b7,2026-01-01,50,1506,502,8
USG-3ca0fc2a,CUST-742e32b7,2026-02-01,44,1347,449,7
USG-fb8fadf0,CUST-742e32b7,2026-03-01,1,25,5,9
USG-a258dd64,CUST-742e32b7,2026-04-01,1,20,5,4
USG-a53a2aae,CUST-262d7527,2024-06-01,38,768,384,8
USG-79ff4de8,CUST-262d7527,2024-07-01,46,2305,461,9
USG-fb8f2c9e,CUST-262d7527,2024-08-01,38,1905,381,1
USG-9aa16fcd,CUST-262d7527,2024-09-01,44,1323,441,4
USG-7c8d124b,CUST-262d7527,2024-10-01,38,1930,386,10
USG-939966a3,CUST-262d7527,2024-11-01,39,393,393,3
USG-264fb956,CUST-262d7527,2024-12-01,41,834,417,10
USG-0c96967e,CUST-262d7527,2025-01-01,36,1107,369,8
USG-8c0e4b74,CUST-262d7527,2025-02-01,41,1245,415,4
USG-19b5b101,CUST-262d7527,2025-03-01,42,1704,426,7
USG-b53f1c56,CUST-262d7527,2025-04-01,35,1050,350,6
USG-5fc9bc4a,CUST-262d7527,2025-05-01,32,978,326,7
USG-616d6c80,CUST-262d7527,2025-06-01,33,664,332,3
USG-7212e929,CUST-262d7527,2025-07-01,31,620,310,5
USG-51e740c3,CUST-262d7527,2025-08-01,42,1281,427,5
USG-bde05b05,CUST-262d7527,2025-09-01,43,864,432,10
USG-6c4c440e,CUST-262d7527,2025-10-01,39,1584,396,2
USG-7a36b510,CUST-262d7527,2025-11-01,34,341,341,8
USG-cc144834,CUST-262d7527,2025-12-01,32,1280,320,1
USG-086cd57d,CUST-262d7527,2026-01-01,45,1800,450,10
USG-36df92ae,CUST-262d7527,2026-02-01,40,800,400,10
USG-0248f46f,CUST-262d7527,2026-03-01,40,1203,401,2
USG-3853ffde,CUST-262d7527,2026-04-01,31,1256,314,9
USG-36d69b7b,CUST-849d9a28,2024-06-01,11,224,112,10
USG-37051249,CUST-849d9a28,2024-07-01,9,380,95,3
USG-3919b722,CUST-849d9a28,2024-08-01,13,665,133,7
USG-629d893c,CUST-849d9a28,2024-09-01,9,180,90,8
USG-1c4136a7,CUST-849d9a28,2024-10-01,11,448,112,2
USG-d169b927,CUST-849d9a28,2024-11-01,12,246,123,7
USG-074c5c84,CUST-849d9a28,2024-12-01,11,118,118,6
USG-5989c146,CUST-849d9a28,2025-01-01,10,318,106,7
USG-03366b20,CUST-849d9a28,2025-02-01,13,390,130,1
USG-010afa29,CUST-849d9a28,2025-03-01,12,480,120,10
USG-14a702f6,CUST-849d9a28,2025-04-01,10,206,103,4
USG-626eaa98,CUST-849d9a28,2025-05-01,10,515,103,9
USG-5121111d,CUST-849d9a28,2025-06-01,11,570,114,1
USG-4c78fd41,CUST-849d9a28,2025-07-01,11,595,119,9
USG-6a393d8c,CUST-849d9a28,2025-08-01,12,615,123,7
USG-62d996d9,CUST-849d9a28,2025-09-01,12,615,123,2
USG-200bb6b3,CUST-849d9a28,2025-10-01,9,93,93,8
USG-d8d9b1d5,CUST-849d9a28,2025-11-01,9,470,94,3
USG-2a050a32,CUST-849d9a28,2025-12-01,13,260,130,7
USG-9bfb1aad,CUST-849d9a28,2026-01-01,9,360,90,9
USG-b3f9f468,CUST-849d9a28,2026-02-01,9,270,90,9
USG-c31daa6b,CUST-849d9a28,2026-03-01,11,357,119,5
USG-3df071b5,CUST-849d9a28,2026-04-01,12,372,124,4
USG-2e62bd81,CUST-8551d75d,2025-11-01,47,950,475,2
USG-9050dd97,CUST-8551d75d,2025-12-01,47,954,477,7
USG-0cfd8e70,CUST-8551d75d,2026-01-01,48,1920,480,8
USG-893bf0c0,CUST-8551d75d,2026-02-01,47,958,479,9
USG-981df58e,CUST-8551d75d,2026-03-01,46,934,467,2
USG-1f07faec,CUST-8551d75d,2026-04-01,45,456,456,9
USG-90f838b4,CUST-ee64003b,2025-10-01,4,84,42,9
USG-7b8836b0,CUST-ee64003b,2025-11-01,4,86,43,1
USG-94c589dc,CUST-ee64003b,2025-12-01,4,168,42,10
USG-9491ca31,CUST-ee64003b,2026-01-01,4,135,45,7
USG-38b06ec8,CUST-ee64003b,2026-02-01,3,114,38,3
USG-21aec6a3,CUST-ee64003b,2026-03-01,1,0,0,2
USG-ef16ef28,CUST-ee64003b,2026-04-01,1,4,4,2
USG-5926a0eb,CUST-2131a0cf,2025-09-01,42,1716,429,5
USG-dc230c84,CUST-2131a0cf,2025-10-01,41,2090,418,2
USG-362bc384,CUST-2131a0cf,2025-11-01,46,922,461,2
USG-0adf2822,CUST-2131a0cf,2025-12-01,36,1440,360,6
USG-8a1bb8c9,CUST-2131a0cf,2026-01-01,44,1780,445,5
USG-9c7c35c6,CUST-2131a0cf,2026-02-01,40,810,405,1
USG-5c93de06,CUST-2131a0cf,2026-03-01,1,2,1,2
USG-e89fe389,CUST-2131a0cf,2026-04-01,1,1,1,8
USG-a51081a3,CUST-bea9d06d,2026-03-01,23,236,236,5
USG-7a6033fb,CUST-bea9d06d,2026-04-01,24,486,243,3
USG-ef19189e,CUST-d3520c1f,2025-06-01,29,1495,299,9
USG-e20e441b,CUST-d3520c1f,2025-07-01,26,267,267,9
USG-1bf06269,CUST-d3520c1f,2025-08-01,24,484,242,1
USG-a5330445,CUST-d3520c1f,2025-09-01,25,253,253,5
USG-c3d23695,CUST-d3520c1f,2025-10-01,22,663,221,3
USG-b4d9f37d,CUST-d3520c1f,2025-11-01,30,600,300,7
USG-64020880,CUST-d3520c1f,2025-12-01,21,1090,218,2
USG-fe1dc3e4,CUST-d3520c1f,2026-01-01,21,630,210,4
USG-766c6dc6,CUST-d3520c1f,2026-02-01,21,219,219,1
USG-302355e7,CUST-d3520c1f,2026-03-01,1,0,0,10
USG-dc316e23,CUST-d3520c1f,2026-04-01,1,10,5,6
USG-2e9340d8,CUST-a3c8567c,2025-01-01,3,74,37,3
USG-9e162a93,CUST-a3c8567c,2025-02-01,3,36,36,2
USG-5cf5cc85,CUST-a3c8567c,2025-03-01,3,148,37,1
USG-d0880a02,CUST-a3c8567c,2025-04-01,3,180,36,9
USG-5c4d2942,CUST-a3c8567c,2025-05-01,4,48,48,10
USG-11a92a4a,CUST-a3c8567c,2025-06-01,3,38,38,5
USG-fce57fc5,CUST-a3c8567c,2025-07-01,4,160,40,2
USG-6ab65cfe,CUST-a3c8567c,2025-08-01,4,96,48,7
USG-b7744aad,CUST-a3c8567c,2025-09-01,3,136,34,8
USG-c422aea6,CUST-a3c8567c,2025-10-01,3,140,35,3
USG-b4a9f651,CUST-a3c8567c,2025-11-01,3,102,34,6
USG-a612429e,CUST-a3c8567c,2025-12-01,3,170,34,9
USG-5fc6cd0b,CUST-a3c8567c,2026-01-01,3,66,33,6
USG-cee99d1a,CUST-a3c8567c,2026-02-01,3,74,37,6
USG-1c20c78b,CUST-a3c8567c,2026-03-01,3,136,34,3
USG-aa7c575d,CUST-a3c8567c,2026-04-01,4,120,40,2
USG-95bcbc49,CUST-50e69591,2025-12-01,2,125,25,5
USG-2c6e8063,CUST-50e69591,2026-01-01,2,26,26,8
USG-a9a5404e,CUST-50e69591,2026-02-01,2,75,25,2
USG-948436d0,CUST-50e69591,2026-03-01,3,93,31,2
USG-11059f55,CUST-50e69591,2026-04-01,2,48,24,1
USG-c65af545,CUST-938299d8,2024-07-01,29,596,298,1
USG-66c1f670,CUST-938299d8,2024-08-01,35,1785,357,3
USG-69a19ed2,CUST-938299d8,2024-09-01,28,286,286,8
USG-bc017f95,CUST-938299d8,2024-10-01,28,576,288,6
USG-29b85975,CUST-938299d8,2024-11-01,32,1280,320,7
USG-490a8cc8,CUST-938299d8,2024-12-01,29,582,291,10
USG-085e4c77,CUST-938299d8,2025-01-01,25,1020,255,4
USG-ee435acb,CUST-938299d8,2025-02-01,33,1660,332,6
USG-ac3352cf,CUST-938299d8,2025-03-01,30,618,309,4
USG-f1a514f9,CUST-938299d8,2025-04-01,32,1625,325,6
USG-3b89ed48,CUST-938299d8,2025-05-01,35,358,358,1
USG-5aec8ef7,CUST-938299d8,2025-06-01,25,1265,253,5
USG-03b44eee,CUST-938299d8,2025-07-01,26,524,262,7
USG-9db7d941,CUST-938299d8,2025-08-01,31,310,310,2
USG-174b7c45,CUST-938299d8,2025-09-01,33,1352,338,9
USG-698d7dda,CUST-938299d8,2025-10-01,27,279,279,5
USG-a711aa81,CUST-938299d8,2025-11-01,29,298,298,1
USG-e9bda105,CUST-938299d8,2025-12-01,27,831,277,6
USG-53544907,CUST-938299d8,2026-01-01,35,1071,357,9
USG-85a246cc,CUST-938299d8,2026-02-01,33,1017,339,7
USG-96b30245,CUST-938299d8,2026-03-01,35,1068,356,3
USG-5ca7ffb9,CUST-938299d8,2026-04-01,25,1280,256,2
USG-7e3b6420,CUST-e998d1f7,2025-08-01,42,2115,423,1
USG-334b0169,CUST-e998d1f7,2025-09-01,34,684,342,1
USG-3ccc562b,CUST-e998d1f7,2025-10-01,33,1005,335,2
USG-530ef7ef,CUST-e998d1f7,2025-11-01,41,2080,416,10
USG-67272e2a,CUST-e998d1f7,2025-12-01,32,321,321,10
USG-14afae7e,CUST-e998d1f7,2026-01-01,33,1348,337,6
USG-e683f129,CUST-e998d1f7,2026-02-01,32,975,325,2
USG-2c3822fd,CUST-e998d1f7,2026-03-01,46,2335,467,3
USG-3509000a,CUST-e998d1f7,2026-04-01,38,1528,382,8
USG-57b4ab39,CUST-dbae06c1,2024-05-01,31,314,314,5
USG-be5a280f,CUST-dbae06c1,2024-06-01,32,1280,320,3
USG-c2811c29,CUST-dbae06c1,2024-07-01,35,1775,355,5
USG-bae68383,CUST-dbae06c1,2024-08-01,39,1995,399,7
USG-1023aa77,CUST-dbae06c1,2024-09-01,31,1565,313,9
USG-5c044ce9,CUST-dbae06c1,2024-10-01,37,1512,378,3
USG-3240942d,CUST-dbae06c1,2024-11-01,26,268,268,5
USG-85c2f4f1,CUST-dbae06c1,2024-12-01,38,1900,380,8
USG-3500aab9,CUST-dbae06c1,2025-01-01,27,277,277,4
USG-44bd8851,CUST-dbae06c1,2025-02-01,31,954,318,4
USG-cf86e7e3,CUST-dbae06c1,2025-03-01,30,1220,305,5
USG-e3d03b25,CUST-dbae06c1,2025-04-01,27,837,279,3
USG-0256a9c0,CUST-dbae06c1,2025-05-01,36,1452,363,2
USG-262b19a9,CUST-dbae06c1,2025-06-01,35,1790,358,8
USG-49efa947,CUST-dbae06c1,2025-07-01,39,1176,392,4
USG-7ff0dbee,CUST-dbae06c1,2025-08-01,27,825,275,6
USG-ab68c2ef,CUST-dbae06c1,2025-09-01,34,1032,344,1
USG-16499417,CUST-dbae06c1,2025-10-01,39,395,395,1
USG-e87f2d14,CUST-dbae06c1,2025-11-01,28,1430,286,1
USG-b2d3b13e,CUST-dbae06c1,2025-12-01,39,1990,398,6
USG-a4a4399a,CUST-dbae06c1,2026-01-01,30,614,307,6
USG-d4c5ae1c,CUST-dbae06c1,2026-02-01,32,969,323,3
USG-dafcb3f4,CUST-dbae06c1,2026-03-01,37,750,375,10
USG-6462ab97,CUST-dbae06c1,2026-04-01,30,1204,301,2
USG-c574a39f,CUST-e6104d3f,2024-06-01,3,170,34,1
USG-45a8a747,CUST-e6104d3f,2024-07-01,2,58,29,5
USG-215e72aa,CUST-e6104d3f,2024-08-01,2,130,26,2
USG-e1e74a3c,CUST-e6104d3f,2024-09-01,2,104,26,5
USG-3cbd75fa,CUST-e6104d3f,2024-10-01,2,56,28,4
USG-7ade9f9a,CUST-e6104d3f,2024-11-01,2,112,28,5
USG-88feaee6,CUST-e6104d3f,2024-12-01,2,24,24,7
USG-c03408f6,CUST-e6104d3f,2025-01-01,2,46,23,6
USG-6d070752,CUST-e6104d3f,2025-02-01,2,75,25,4
USG-567da219,CUST-e6104d3f,2025-03-01,3,30,30,4
USG-181e484b,CUST-e6104d3f,2025-04-01,2,26,26,8
USG-66524c04,CUST-e6104d3f,2025-05-01,2,56,28,9
USG-d9e556fa,CUST-e6104d3f,2025-06-01,2,115,23,6
USG-4200ed3c,CUST-e6104d3f,2025-07-01,2,26,26,8
USG-9061ba34,CUST-e6104d3f,2025-08-01,2,27,27,2
USG-36d17df8,CUST-e6104d3f,2025-09-01,2,108,27,10
USG-b0aef863,CUST-e6104d3f,2025-10-01,2,115,23,5
USG-0cc5aee6,CUST-e6104d3f,2025-11-01,2,145,29,2
USG-d7f4b572,CUST-e6104d3f,2025-12-01,2,140,28,4
USG-c1c7d29f,CUST-e6104d3f,2026-01-01,2,125,25,7
USG-301ab614,CUST-e6104d3f,2026-02-01,3,30,30,1
USG-feadc774,CUST-e6104d3f,2026-03-01,3,160,32,3
USG-5c51a2fc,CUST-e6104d3f,2026-04-01,3,128,32,6
USG-a22cea9f,CUST-0d78a161,2025-09-01,27,546,273,1
USG-cb416331,CUST-0d78a161,2025-10-01,25,1032,258,5
USG-50c2a851,CUST-0d78a161,2025-11-01,22,884,221,8
USG-40c98880,CUST-0d78a161,2025-12-01,22,880,220,9
USG-4ecc0457,CUST-0d78a161,2026-01-01,26,1044,261,3
USG-350e5a7f,CUST-0d78a161,2026-02-01,21,216,216,9
USG-3543402c,CUST-0d78a161,2026-03-01,20,627,209,1
USG-03ac1665,CUST-0d78a161,2026-04-01,25,254,254,5
USG-a31e3c6c,CUST-fc4de2e3,2026-01-01,15,760,152,10
USG-db726031,CUST-fc4de2e3,2026-02-01,13,417,139,8
USG-48727b76,CUST-fc4de2e3,2026-03-01,15,780,156,10
USG-6cdb9703,CUST-fc4de2e3,2026-04-01,15,780,156,7
USG-eaf6601c,CUST-48f84fb2,2025-08-01,5,285,57,6
USG-79137028,CUST-48f84fb2,2025-09-01,7,74,74,5
USG-70708621,CUST-48f84fb2,2025-10-01,6,126,63,6
USG-7fdd6adc,CUST-48f84fb2,2025-11-01,7,152,76,1
USG-f4bb387d,CUST-48f84fb2,2025-12-01,6,315,63,7
USG-07084163,CUST-48f84fb2,2026-01-01,6,330,66,2
USG-0d737467,CUST-48f84fb2,2026-02-01,7,72,72,10
USG-7afcabf9,CUST-48f84fb2,2026-03-01,1,4,4,6
USG-72fb1386,CUST-48f84fb2,2026-04-01,1,5,1,4
USG-62ad5b8f,CUST-c4c4e773,2024-09-01,44,441,441,6
USG-4db9d994,CUST-c4c4e773,2024-10-01,37,1488,372,8
USG-d1e2bd41,CUST-c4c4e773,2024-11-01,37,376,376,9
USG-8925cba1,CUST-c4c4e773,2024-12-01,37,377,377,4
USG-9a2ebff7,CUST-c4c4e773,2025-01-01,43,2170,434,5
USG-8ea2fa86,CUST-c4c4e773,2025-02-01,34,1368,342,8
USG-9f0b17bf,CUST-c4c4e773,2025-03-01,41,1668,417,10
USG-dc9169d4,CUST-c4c4e773,2025-04-01,36,363,363,10
USG-d487e089,CUST-c4c4e773,2025-05-01,48,485,485,1
USG-6f91e39c,CUST-c4c4e773,2025-06-01,39,1576,394,2
USG-d9d72e88,CUST-c4c4e773,2025-07-01,43,437,437,10
USG-4a779478,CUST-c4c4e773,2025-08-01,39,1596,399,5
USG-be2fa97e,CUST-c4c4e773,2025-09-01,50,1509,503,6
USG-dfaede5d,CUST-c4c4e773,2025-10-01,49,1491,497,1
USG-9d52f6ee,CUST-c4c4e773,2025-11-01,48,2415,483,2
USG-4b149ca3,CUST-c4c4e773,2025-12-01,49,980,490,9
USG-9892f1b4,CUST-c4c4e773,2026-01-01,41,1664,416,8
USG-e90122b7,CUST-c4c4e773,2026-02-01,37,1122,374,4
USG-cdc69528,CUST-c4c4e773,2026-03-01,1,0,0,6
USG-0366de3c,CUST-c4c4e773,2026-04-01,1,12,3,7
USG-ba15c82e,CUST-cbc6c39b,2025-06-01,29,1188,297,10
USG-bc4cc63f,CUST-cbc6c39b,2025-07-01,27,1108,277,3
USG-c15d9a61,CUST-cbc6c39b,2025-08-01,35,702,351,3
USG-d71f7723,CUST-cbc6c39b,2025-09-01,34,696,348,3
USG-a8d29253,CUST-cbc6c39b,2025-10-01,38,760,380,8
USG-a10da452,CUST-cbc6c39b,2025-11-01,35,706,353,10
USG-9fdd50e2,CUST-cbc6c39b,2025-12-01,26,266,266,6
USG-48ea8bcc,CUST-cbc6c39b,2026-01-01,30,927,309,2
USG-6519b232,CUST-cbc6c39b,2026-02-01,37,1125,375,2
USG-c7a29b14,CUST-cbc6c39b,2026-03-01,1,10,5,5
USG-e434e0a6,CUST-cbc6c39b,2026-04-01,1,1,1,8
USG-b4080259,CUST-f8572bc2,2025-03-01,21,428,214,3
USG-7cebc315,CUST-f8572bc2,2025-04-01,25,1255,251,8
USG-7188a211,CUST-f8572bc2,2025-05-01,20,1015,203,2
USG-7bdb6ae2,CUST-f8572bc2,2025-06-01,22,900,225,1
USG-b19068b5,CUST-f8572bc2,2025-07-01,24,249,249,10
USG-33cab8b6,CUST-f8572bc2,2025-08-01,17,179,179,3
USG-084472c9,CUST-f8572bc2,2025-09-01,22,456,228,4
USG-bc68911c,CUST-f8572bc2,2025-10-01,20,412,206,8
USG-52710c08,CUST-f8572bc2,2025-11-01,19,382,191,8
USG-18c6f617,CUST-f8572bc2,2025-12-01,19,191,191,2
USG-6f6f2a8c,CUST-f8572bc2,2026-01-01,18,188,188,9
USG-76e1ea38,CUST-f8572bc2,2026-02-01,25,510,255,5
USG-2669729f,CUST-f8572bc2,2026-03-01,17,528,176,8
USG-09dfa0ad,CUST-f8572bc2,2026-04-01,23,924,231,9
USG-6f97b576,CUST-dd41dc26,2025-07-01,8,80,80,2
USG-edeeaa97,CUST-dd41dc26,2025-08-01,9,270,90,8
USG-03d7f2a7,CUST-dd41dc26,2025-09-01,7,158,79,1
USG-db08ba3c,CUST-dd41dc26,2025-10-01,8,243,81,8
USG-d9b59930,CUST-dd41dc26,2025-11-01,8,168,84,6
USG-08be4fa8,CUST-dd41dc26,2025-12-01,7,228,76,6
USG-6c483149,CUST-dd41dc26,2026-01-01,9,388,97,5
USG-dde79ebe,CUST-dd41dc26,2026-02-01,8,162,81,2
USG-ccfbf766,CUST-dd41dc26,2026-03-01,8,352,88,9
USG-f0cea076,CUST-dd41dc26,2026-04-01,8,420,84,3
USG-a1f5e672,CUST-4c613a85,2024-06-01,20,832,208,1
USG-5cd0f057,CUST-4c613a85,2024-07-01,17,870,174,10
USG-c6ef1f7d,CUST-4c613a85,2024-08-01,19,980,196,4
USG-da33a21b,CUST-4c613a85,2024-09-01,17,531,177,9
USG-a0c62bdb,CUST-4c613a85,2024-10-01,23,924,231,9
USG-dc7d6415,CUST-4c613a85,2024-11-01,23,237,237,7
USG-3ca92fd6,CUST-4c613a85,2024-12-01,20,824,206,1
USG-92cca149,CUST-4c613a85,2025-01-01,21,218,218,5
USG-6acb7ebd,CUST-4c613a85,2025-02-01,25,1255,251,10
USG-8b7ef594,CUST-4c613a85,2025-03-01,17,352,176,5
USG-0d363cda,CUST-4c613a85,2025-04-01,19,792,198,3
USG-d4a353c2,CUST-4c613a85,2025-05-01,22,442,221,7
USG-5e6aba2a,CUST-4c613a85,2025-06-01,17,358,179,5
USG-0fce6978,CUST-4c613a85,2025-07-01,23,233,233,9
USG-b694297c,CUST-4c613a85,2025-08-01,21,852,213,4
USG-5a37b84e,CUST-4c613a85,2025-09-01,18,900,180,4
USG-d42a3d63,CUST-4c613a85,2025-10-01,23,1165,233,2
USG-e6c41d16,CUST-4c613a85,2025-11-01,19,380,190,3
USG-4b67c24b,CUST-4c613a85,2025-12-01,22,448,224,9
USG-dfeedaaa,CUST-4c613a85,2026-01-01,23,238,238,5
USG-7f7f412c,CUST-4c613a85,2026-02-01,20,406,203,1
USG-0333785d,CUST-4c613a85,2026-03-01,1,25,5,4
USG-6e92d206,CUST-4c613a85,2026-04-01,1,10,2,2
USG-056bfa3d,CUST-8b690836,2024-09-01,28,861,287,8
USG-e14031cb,CUST-8b690836,2024-10-01,33,1660,332,3
USG-86ec01e5,CUST-8b690836,2024-11-01,37,752,376,9
USG-e1807d13,CUST-8b690836,2024-12-01,37,1484,371,9
USG-3c7ca8bb,CUST-8b690836,2025-01-01,38,774,387,4
USG-35d9472d,CUST-8b690836,2025-02-01,40,1612,403,3
USG-83ab91b5,CUST-8b690836,2025-03-01,39,796,398,8
USG-74b977f9,CUST-8b690836,2025-04-01,38,1935,387,2
USG-60e3854d,CUST-8b690836,2025-05-01,35,1059,353,6
USG-31aa4378,CUST-8b690836,2025-06-01,39,1995,399,3
USG-c0c360cc,CUST-8b690836,2025-07-01,32,1630,326,9
USG-69f858f3,CUST-8b690836,2025-08-01,31,620,310,2
USG-9f7d430d,CUST-8b690836,2025-09-01,30,1212,303,2
USG-9ada7028,CUST-8b690836,2025-10-01,33,664,332,4
USG-aeaa2cab,CUST-8b690836,2025-11-01,34,345,345,8
USG-ed83b9d9,CUST-8b690836,2025-12-01,38,1520,380,7
USG-d32a1809,CUST-8b690836,2026-01-01,27,1385,277,8
USG-b5a4abeb,CUST-8b690836,2026-02-01,31,318,318,8
USG-c64acd33,CUST-8b690836,2026-03-01,29,894,298,9
USG-d373fbfb,CUST-8b690836,2026-04-01,34,346,346,6
USG-b8eab72a,CUST-6d4bd898,2025-11-01,29,1480,296,2
USG-b8843f73,CUST-6d4bd898,2025-12-01,35,1760,352,2
USG-22182687,CUST-6d4bd898,2026-01-01,31,1585,317,4
USG-bb37897c,CUST-6d4bd898,2026-02-01,35,712,356,10
USG-d7ac04d7,CUST-6d4bd898,2026-03-01,38,1158,386,10
USG-ebfd2d9b,CUST-6d4bd898,2026-04-01,32,324,324,9
USG-669ebaf1,CUST-d5c013fe,2024-07-01,40,804,402,8
USG-da80e3bc,CUST-d5c013fe,2024-08-01,49,2470,494,2
USG-c990e758,CUST-d5c013fe,2024-09-01,42,2120,424,6
USG-55b8de1b,CUST-d5c013fe,2024-10-01,42,1260,420,4
USG-cd743162,CUST-d5c013fe,2024-11-01,52,2112,528,10
USG-dcef5e42,CUST-d5c013fe,2024-12-01,47,940,470,4
USG-10e11154,CUST-d5c013fe,2025-01-01,55,1100,550,1
USG-5dd3fb93,CUST-d5c013fe,2025-02-01,45,1365,455,9
USG-6113d56a,CUST-d5c013fe,2025-03-01,45,450,450,6
USG-076f0c1d,CUST-d5c013fe,2025-04-01,45,908,454,4
USG-065c4730,CUST-d5c013fe,2025-05-01,55,2236,559,8
USG-5db55a2f,CUST-d5c013fe,2025-06-01,47,476,476,10
USG-e3d1b8ec,CUST-d5c013fe,2025-07-01,42,1700,425,1
USG-0f9ecd7c,CUST-d5c013fe,2025-08-01,55,1677,559,2
USG-557d4a4a,CUST-d5c013fe,2025-09-01,53,2660,532,1
USG-e6a7a56c,CUST-d5c013fe,2025-10-01,42,1684,421,2
USG-330aa051,CUST-d5c013fe,2025-11-01,55,1116,558,1
USG-fd53a7a9,CUST-d5c013fe,2025-12-01,55,1116,558,7
USG-282f8cd6,CUST-d5c013fe,2026-01-01,39,1985,397,8
USG-78d2977d,CUST-d5c013fe,2026-02-01,43,1293,431,7
USG-83e05a7f,CUST-d5c013fe,2026-03-01,40,1632,408,9
USG-6d09fee6,CUST-d5c013fe,2026-04-01,49,2470,494,7
USG-c1154340,CUST-08925c36,2025-07-01,30,610,305,3
USG-f157c68d,CUST-08925c36,2025-08-01,41,1648,412,7
USG-b15d1dd8,CUST-08925c36,2025-09-01,29,1192,298,4
USG-e4929731,CUST-08925c36,2025-10-01,38,1155,385,2
USG-a10ceefc,CUST-08925c36,2025-11-01,39,1596,399,9
USG-c09cb6ca,CUST-08925c36,2025-12-01,37,1895,379,1
USG-bbcc239a,CUST-08925c36,2026-01-01,35,1432,358,5
USG-02fbf9f6,CUST-08925c36,2026-02-01,30,1224,306,10
USG-215438cd,CUST-08925c36,2026-03-01,37,752,376,7
USG-3cf3d7bc,CUST-08925c36,2026-04-01,35,708,354,4
USG-a35f8e2f,CUST-cd081517,2024-05-01,27,831,277,7
USG-fa2e1408,CUST-cd081517,2024-06-01,28,1405,281,5
USG-873ac5a6,CUST-cd081517,2024-07-01,23,714,238,8
USG-83e3d1b9,CUST-cd081517,2024-08-01,24,992,248,9
USG-af5af73f,CUST-cd081517,2024-09-01,23,478,239,10
USG-5d9585b2,CUST-cd081517,2024-10-01,23,690,230,9
USG-8e66019f,CUST-cd081517,2024-11-01,22,226,226,9
USG-1ac0f6a0,CUST-cd081517,2024-12-01,30,1500,300,4
USG-54b0d31e,CUST-cd081517,2025-01-01,24,738,246,9
USG-eca4b1c2,CUST-cd081517,2025-02-01,29,582,291,4
USG-a99d6606,CUST-cd081517,2025-03-01,27,1116,279,1
USG-d8afe74e,CUST-cd081517,2025-04-01,23,690,230,5
USG-06ea7d34,CUST-cd081517,2025-05-01,23,470,235,6
USG-3280119f,CUST-cd081517,2025-06-01,28,1144,286,8
USG-64d29198,CUST-cd081517,2025-07-01,26,534,267,2
USG-46ae96ed,CUST-cd081517,2025-08-01,30,1510,302,3
USG-ae5a639a,CUST-cd081517,2025-09-01,26,1320,264,9
USG-a3fed937,CUST-cd081517,2025-10-01,25,257,257,7
USG-44740eae,CUST-cd081517,2025-11-01,27,279,279,4
USG-cce30890,CUST-cd081517,2025-12-01,24,984,246,4
USG-c3a0eef1,CUST-cd081517,2026-01-01,27,1395,279,5
USG-4c56695e,CUST-cd081517,2026-02-01,20,1010,202,1
USG-55d7e0df,CUST-cd081517,2026-03-01,23,932,233,5
USG-abc8a880,CUST-cd081517,2026-04-01,21,422,211,7
USG-87ff392a,CUST-5eb3c3b8,2025-01-01,37,1860,372,1
USG-c5fb2640,CUST-5eb3c3b8,2025-02-01,32,1292,323,6
USG-58f3e382,CUST-5eb3c3b8,2025-03-01,29,298,298,1
USG-6e782dcc,CUST-5eb3c3b8,2025-04-01,32,325,325,10
USG-227baa79,CUST-5eb3c3b8,2025-05-01,36,1452,363,1
USG-d48913c1,CUST-5eb3c3b8,2025-06-01,36,1845,369,4
USG-1388bef2,CUST-5eb3c3b8,2025-07-01,33,676,338,2
USG-efbb88fe,CUST-5eb3c3b8,2025-08-01,28,1435,287,5
USG-47342776,CUST-5eb3c3b8,2025-09-01,26,1044,261,6
USG-525a7f34,CUST-5eb3c3b8,2025-10-01,33,666,333,6
USG-c12011fc,CUST-5eb3c3b8,2025-11-01,37,373,373,7
USG-f348d186,CUST-5eb3c3b8,2025-12-01,30,915,305,6
USG-ead95a15,CUST-5eb3c3b8,2026-01-01,29,894,298,9
USG-adb2c2cc,CUST-5eb3c3b8,2026-02-01,30,612,306,9
USG-7a1e2d4f,CUST-5eb3c3b8,2026-03-01,26,266,266,8
USG-110180ea,CUST-5eb3c3b8,2026-04-01,34,343,343,6
USG-15ff3eee,CUST-fdc1c0ec,2024-05-01,17,519,173,6
USG-24523341,CUST-fdc1c0ec,2024-06-01,20,1045,209,5
USG-61d3a57c,CUST-fdc1c0ec,2024-07-01,17,890,178,7
USG-dec59f00,CUST-fdc1c0ec,2024-08-01,16,169,169,7
USG-9ab71359,CUST-fdc1c0ec,2024-09-01,24,247,247,7
USG-7cb1b83c,CUST-fdc1c0ec,2024-10-01,24,242,242,6
USG-c7170e3d,CUST-fdc1c0ec,2024-11-01,18,185,185,8
USG-fe977848,CUST-fdc1c0ec,2024-12-01,20,200,200,3
USG-fff61af9,CUST-fdc1c0ec,2025-01-01,19,579,193,7
USG-3a7e8c6a,CUST-fdc1c0ec,2025-02-01,21,1095,219,2
USG-ed458d1a,CUST-fdc1c0ec,2025-03-01,21,633,211,4
USG-4ee9d14a,CUST-fdc1c0ec,2025-04-01,18,752,188,10
USG-a04f0488,CUST-fdc1c0ec,2025-05-01,25,753,251,8
USG-cc8f4f96,CUST-fdc1c0ec,2025-06-01,19,588,196,5
USG-55614f8f,CUST-fdc1c0ec,2025-07-01,20,201,201,7
USG-66816e97,CUST-fdc1c0ec,2025-08-01,21,645,215,3
USG-f69dd16a,CUST-fdc1c0ec,2025-09-01,20,612,204,4
USG-dff231c1,CUST-fdc1c0ec,2025-10-01,18,940,188,9
USG-3e0faa66,CUST-fdc1c0ec,2025-11-01,18,546,182,10
USG-7f38411e,CUST-fdc1c0ec,2025-12-01,22,912,228,10
USG-adbd1e4b,CUST-fdc1c0ec,2026-01-01,20,202,202,9
USG-1e7100c0,CUST-fdc1c0ec,2026-02-01,22,228,228,9
USG-6702a6f7,CUST-fdc1c0ec,2026-03-01,20,624,208,9
USG-752d7ae5,CUST-fdc1c0ec,2026-04-01,21,645,215,2
USG-ccb36466,CUST-84fea448,2025-02-01,16,332,166,7
USG-821a3cc8,CUST-84fea448,2025-03-01,18,564,188,9
USG-2b449198,CUST-84fea448,2025-04-01,15,462,154,2
USG-2d13ac69,CUST-84fea448,2025-05-01,13,540,135,2
USG-acf1f061,CUST-84fea448,2025-06-01,18,366,183,8
USG-9db66399,CUST-84fea448,2025-07-01,16,330,165,3
USG-154ccf6a,CUST-84fea448,2025-08-01,16,835,167,4
USG-7501cbbe,CUST-84fea448,2025-09-01,18,905,181,5
USG-3cc77356,CUST-84fea448,2025-10-01,14,145,145,3
USG-958fcd67,CUST-84fea448,2025-11-01,13,262,131,5
USG-b0d28601,CUST-84fea448,2025-12-01,18,567,189,6
USG-6a525440,CUST-84fea448,2026-01-01,17,890,178,10
USG-034f2f6d,CUST-84fea448,2026-02-01,16,164,164,8
USG-3b515f66,CUST-84fea448,2026-03-01,13,552,138,7
USG-585ac6d9,CUST-84fea448,2026-04-01,17,875,175,8
USG-b298bc3c,CUST-b78ed81a,2024-09-01,9,90,90,7
USG-da3f9fd3,CUST-b78ed81a,2024-10-01,8,324,81,6
USG-802eeef1,CUST-b78ed81a,2024-11-01,7,375,75,4
USG-999e2aee,CUST-b78ed81a,2024-12-01,7,75,75,6
USG-8af5d80a,CUST-b78ed81a,2025-01-01,6,64,64,5
USG-3a76246c,CUST-b78ed81a,2025-02-01,6,256,64,8
USG-b26e2448,CUST-b78ed81a,2025-03-01,7,300,75,8
USG-00633455,CUST-b78ed81a,2025-04-01,8,400,80,4
USG-b81e0b68,CUST-b78ed81a,2025-05-01,8,168,84,5
USG-a0c568b9,CUST-b78ed81a,2025-06-01,8,352,88,8
USG-24d35b48,CUST-b78ed81a,2025-07-01,6,68,68,10
USG-373caf87,CUST-b78ed81a,2025-08-01,7,222,74,6
USG-3b8db1c2,CUST-b78ed81a,2025-09-01,8,425,85,2
USG-0e6071e5,CUST-b78ed81a,2025-10-01,8,86,86,10
USG-8d42504e,CUST-b78ed81a,2025-11-01,7,213,71,1
USG-f9757188,CUST-b78ed81a,2025-12-01,9,450,90,10
USG-4da9e820,CUST-b78ed81a,2026-01-01,8,264,88,5
USG-2e1701fa,CUST-b78ed81a,2026-02-01,6,335,67,3
USG-571de584,CUST-b78ed81a,2026-03-01,7,365,73,8
USG-f93fde49,CUST-b78ed81a,2026-04-01,7,222,74,2
USG-e142488e,CUST-849effe9,2024-05-01,13,556,139,8
USG-c2861517,CUST-849effe9,2024-06-01,11,590,118,9
USG-08c4eb54,CUST-849effe9,2024-07-01,12,630,126,10
USG-872fe8b4,CUST-849effe9,2024-08-01,15,620,155,10
USG-0e5af05f,CUST-849effe9,2024-09-01,14,745,149,8
USG-6a6e92c7,CUST-849effe9,2024-10-01,13,260,130,10
USG-464a4144,CUST-849effe9,2024-11-01,15,453,151,2
USG-d90cefb0,CUST-849effe9,2024-12-01,13,264,132,6
USG-aa192328,CUST-849effe9,2025-01-01,13,670,134,5
USG-227c83ae,CUST-849effe9,2025-02-01,13,405,135,5
USG-4c5dcc8c,CUST-849effe9,2025-03-01,11,351,117,3
USG-987a13b8,CUST-849effe9,2025-04-01,12,508,127,3
USG-13fec146,CUST-849effe9,2025-05-01,12,366,122,6
USG-16821dec,CUST-849effe9,2025-06-01,14,564,141,9
USG-f2df2364,CUST-849effe9,2025-07-01,12,125,125,10
USG-84721ca9,CUST-849effe9,2025-08-01,12,484,121,3
USG-2a227d94,CUST-849effe9,2025-09-01,13,396,132,1
USG-3663948e,CUST-849effe9,2025-10-01,12,127,127,10
USG-089e8944,CUST-849effe9,2025-11-01,11,116,116,5
USG-5c6343f3,CUST-849effe9,2025-12-01,12,123,123,4
USG-345cc31a,CUST-849effe9,2026-01-01,12,254,127,9
USG-c93d5da4,CUST-849effe9,2026-02-01,15,152,152,4
USG-40dbc16b,CUST-849effe9,2026-03-01,12,600,120,10
USG-daa12e3b,CUST-849effe9,2026-04-01,13,135,135,1
USG-45c0f0dd,CUST-a7d52e02,2025-11-01,31,942,314,9
USG-fc4ed61f,CUST-a7d52e02,2025-12-01,29,1180,295,1
USG-f3b0981a,CUST-a7d52e02,2026-01-01,34,1368,342,6
USG-4116494b,CUST-a7d52e02,2026-02-01,24,480,240,10
USG-e4041900,CUST-a7d52e02,2026-03-01,31,1570,314,4
USG-cdb8f42d,CUST-a7d52e02,2026-04-01,33,1680,336,3
USG-cfa5a8c1,CUST-1dba7631,2025-11-01,16,668,167,10
USG-12ddbc04,CUST-1dba7631,2025-12-01,20,820,205,5
USG-182deb59,CUST-1dba7631,2026-01-01,19,776,194,4
USG-99556b98,CUST-1dba7631,2026-02-01,14,584,146,8
USG-5cef517a,CUST-1dba7631,2026-03-01,14,576,144,3
USG-d00a48c1,CUST-1dba7631,2026-04-01,16,672,168,9
USG-7b224fc1,CUST-b95eeb34,2024-11-01,18,364,182,4
USG-8de1ef63,CUST-b95eeb34,2024-12-01,24,972,243,4
USG-45416458,CUST-b95eeb34,2025-01-01,24,245,245,4
USG-564126e3,CUST-b95eeb34,2025-02-01,17,352,176,3
USG-38674937,CUST-b95eeb34,2025-03-01,24,964,241,3
USG-1cb6614e,CUST-b95eeb34,2025-04-01,20,1010,202,9
USG-deca4bd3,CUST-b95eeb34,2025-05-01,21,213,213,10
USG-b930e472,CUST-b95eeb34,2025-06-01,19,792,198,6
USG-21c75a6b,CUST-b95eeb34,2025-07-01,24,741,247,10
USG-ab0673c9,CUST-b95eeb34,2025-08-01,21,218,218,6
USG-f6632610,CUST-b95eeb34,2025-09-01,19,585,195,5
USG-ea9001e9,CUST-b95eeb34,2025-10-01,26,520,260,5
USG-a8090b15,CUST-b95eeb34,2025-11-01,26,780,260,5
USG-dba3b579,CUST-b95eeb34,2025-12-01,18,185,185,8
USG-6db4591e,CUST-b95eeb34,2026-01-01,20,209,209,9
USG-35295268,CUST-b95eeb34,2026-02-01,23,233,233,3
USG-0543b402,CUST-b95eeb34,2026-03-01,25,1260,252,4
USG-f259124e,CUST-b95eeb34,2026-04-01,25,1270,254,3
USG-efbb7f2e,CUST-b01f955d,2026-01-01,22,226,226,10
USG-3db1d5ec,CUST-b01f955d,2026-02-01,24,243,243,6
USG-2699e0bb,CUST-b01f955d,2026-03-01,25,1012,253,6
USG-2d047089,CUST-b01f955d,2026-04-01,22,684,228,7
USG-d890ff7e,CUST-ce16b0e1,2026-04-01,26,1076,269,10
USG-a7e803e8,CUST-82a00925,2026-02-01,2,24,24,10
USG-9ba4328f,CUST-82a00925,2026-03-01,2,52,26,4
USG-8f1c7c6a,CUST-82a00925,2026-04-01,2,75,25,3
USG-ade153b2,CUST-67682818,2024-08-01,38,1164,388,2
USG-84b08b2b,CUST-67682818,2024-09-01,49,1976,494,6
USG-7931130a,CUST-67682818,2024-10-01,42,1272,424,3
USG-ae3c4035,CUST-67682818,2024-11-01,41,2075,415,7
USG-98dc22a4,CUST-67682818,2024-12-01,50,502,502,3
USG-adbaae5f,CUST-67682818,2025-01-01,41,2090,418,4
USG-4ea0b7ad,CUST-67682818,2025-02-01,47,946,473,4
USG-8e8607c3,CUST-67682818,2025-03-01,47,1908,477,10
USG-4dd87215,CUST-67682818,2025-04-01,39,780,390,1
USG-2ea51408,CUST-67682818,2025-05-01,35,1059,353,5
USG-fe29e791,CUST-67682818,2025-06-01,47,1888,472,7
USG-49114a87,CUST-67682818,2025-07-01,50,500,500,7
USG-e360c012,CUST-67682818,2025-08-01,48,968,484,10
USG-27259077,CUST-67682818,2025-09-01,47,1437,479,1
USG-ef8a3f4d,CUST-67682818,2025-10-01,46,1383,461,2
USG-5537d61d,CUST-67682818,2025-11-01,33,339,339,9
USG-a060fcfd,CUST-67682818,2025-12-01,38,1556,389,4
USG-d09a1dc5,CUST-67682818,2026-01-01,45,1800,450,6
USG-6541097c,CUST-67682818,2026-02-01,47,954,477,5
USG-c5f36daf,CUST-67682818,2026-03-01,44,1776,444,6
USG-025df2c1,CUST-67682818,2026-04-01,45,1365,455,5
USG-cca31f09,CUST-98e44085,2024-06-01,25,502,251,1
USG-58d0c4d1,CUST-98e44085,2024-07-01,20,1015,203,5
USG-b5af6195,CUST-98e44085,2024-08-01,25,1000,250,8
USG-3e06dae1,CUST-98e44085,2024-09-01,24,980,245,5
USG-c25ba95d,CUST-98e44085,2024-10-01,21,210,210,2
USG-445234f9,CUST-98e44085,2024-11-01,26,1315,263,10
USG-64fed987,CUST-98e44085,2024-12-01,19,995,199,10
USG-6fa8917a,CUST-98e44085,2025-01-01,19,579,193,4
USG-9317226a,CUST-98e44085,2025-02-01,25,516,258,6
USG-b929112a,CUST-98e44085,2025-03-01,26,789,263,3
USG-fc304075,CUST-98e44085,2025-04-01,21,856,214,3
USG-eec372e9,CUST-98e44085,2025-05-01,25,1295,259,7
USG-18bcec7f,CUST-98e44085,2025-06-01,25,257,257,8
USG-d1b7f6c3,CUST-98e44085,2025-07-01,24,1230,246,2
USG-b34853ed,CUST-98e44085,2025-08-01,25,518,259,9
USG-84a30e53,CUST-98e44085,2025-09-01,20,836,209,6
USG-5ca5a645,CUST-98e44085,2025-10-01,26,520,260,5
USG-07abc515,CUST-98e44085,2025-11-01,25,1016,254,5
USG-aa7044e4,CUST-98e44085,2025-12-01,23,1195,239,6
USG-1b5d1e06,CUST-98e44085,2026-01-01,18,920,184,3
USG-febbc7c1,CUST-98e44085,2026-02-01,24,244,244,6
USG-6887acec,CUST-98e44085,2026-03-01,1,15,5,5
USG-041e36b1,CUST-98e44085,2026-04-01,1,9,3,2
USG-05fdd512,CUST-2e77d591,2024-10-01,6,315,63,1
USG-1a4fa977,CUST-2e77d591,2024-11-01,8,324,81,2
USG-b705f160,CUST-2e77d591,2024-12-01,6,192,64,10
USG-4270a143,CUST-2e77d591,2025-01-01,7,300,75,3
USG-9fe274b2,CUST-2e77d591,2025-02-01,7,71,71,4
USG-d06d3271,CUST-2e77d591,2025-03-01,6,325,65,5
USG-d7a76684,CUST-2e77d591,2025-04-01,7,146,73,10
USG-018fe9d6,CUST-2e77d591,2025-05-01,8,255,85,3
USG-35aa36bc,CUST-2e77d591,2025-06-01,7,234,78,5
USG-f36c9fa7,CUST-2e77d591,2025-07-01,8,82,82,10
USG-3d31dd8d,CUST-2e77d591,2025-08-01,9,184,92,2
USG-cd9eaaf8,CUST-2e77d591,2025-09-01,7,79,79,8
USG-85874f62,CUST-2e77d591,2025-10-01,7,156,78,1
USG-42a4a7b4,CUST-2e77d591,2025-11-01,8,264,88,4
USG-de30589a,CUST-2e77d591,2025-12-01,7,79,79,4
USG-fe9c24f9,CUST-2e77d591,2026-01-01,8,168,84,3
USG-71230aad,CUST-2e77d591,2026-02-01,8,168,84,7
USG-1807d2df,CUST-2e77d591,2026-03-01,6,195,65,6
USG-56b4ab4c,CUST-2e77d591,2026-04-01,8,255,85,6
USG-45788edc,CUST-eb5dfa56,2024-06-01,57,2292,573,3
USG-412b4117,CUST-eb5dfa56,2024-07-01,56,1698,566,10
USG-25141dd4,CUST-eb5dfa56,2024-08-01,48,1956,489,6
USG-060baf20,CUST-eb5dfa56,2024-09-01,53,2140,535,9
USG-c16af988,CUST-eb5dfa56,2024-10-01,52,1054,527,10
USG-ee64f517,CUST-eb5dfa56,2024-11-01,43,2195,439,5
USG-d1b5bf62,CUST-eb5dfa56,2024-12-01,43,432,432,10
USG-a34ed083,CUST-eb5dfa56,2025-01-01,52,525,525,9
USG-1ca3936b,CUST-eb5dfa56,2025-02-01,49,1470,490,8
USG-8d4d4e7b,CUST-eb5dfa56,2025-03-01,49,2495,499,3
USG-550ac7c1,CUST-eb5dfa56,2025-04-01,54,2725,545,1
USG-f3b7048e,CUST-eb5dfa56,2025-05-01,52,2625,525,6
USG-b3617f98,CUST-eb5dfa56,2025-06-01,48,2430,486,4
USG-a19dffb5,CUST-eb5dfa56,2025-07-01,51,2550,510,4
USG-f04f969d,CUST-eb5dfa56,2025-08-01,39,394,394,9
USG-d8d9dbdf,CUST-eb5dfa56,2025-09-01,51,2040,510,6
USG-b70620fd,CUST-eb5dfa56,2025-10-01,51,2575,515,9
USG-c81bd1bd,CUST-eb5dfa56,2025-11-01,44,449,449,8
USG-bec362a7,CUST-eb5dfa56,2025-12-01,53,1617,539,7
USG-e53260e1,CUST-eb5dfa56,2026-01-01,42,1266,422,7
USG-1373f039,CUST-eb5dfa56,2026-02-01,51,517,517,4
USG-b2f50a75,CUST-eb5dfa56,2026-03-01,57,2280,570,2
USG-1e5732b3,CUST-eb5dfa56,2026-04-01,57,2880,576,8
USG-0fb32627,CUST-357b7960,2025-05-01,19,579,193,1
USG-84414b40,CUST-357b7960,2025-06-01,21,1070,214,1
USG-fc825821,CUST-357b7960,2025-07-01,20,204,204,8
USG-25b91141,CUST-357b7960,2025-08-01,17,358,179,1
USG-9650ff5b,CUST-357b7960,2025-09-01,17,860,172,1
USG-491d3995,CUST-357b7960,2025-10-01,22,663,221,4
USG-5a4ef460,CUST-357b7960,2025-11-01,19,792,198,5
USG-58ab7159,CUST-357b7960,2025-12-01,22,672,224,8
USG-b271837e,CUST-357b7960,2026-01-01,23,460,230,10
USG-28af2ee6,CUST-357b7960,2026-02-01,16,332,166,5
USG-91fd8477,CUST-357b7960,2026-03-01,20,603,201,5
USG-016a9e82,CUST-357b7960,2026-04-01,15,616,154,4
USG-eb0f755e,CUST-61dcbe72,2026-03-01,28,1124,281,2
USG-72c001c7,CUST-61dcbe72,2026-04-01,38,1945,389,1
USG-e88330fa,CUST-47b838dc,2024-09-01,5,58,58,4
USG-3454095c,CUST-47b838dc,2024-10-01,7,312,78,3
USG-ffbdf273,CUST-47b838dc,2024-11-01,7,74,74,7
USG-3f4b3c1d,CUST-47b838dc,2024-12-01,7,222,74,3
USG-2cdb9891,CUST-47b838dc,2025-01-01,8,82,82,7
USG-97e07b1c,CUST-47b838dc,2025-02-01,6,272,68,5
USG-5e873b31,CUST-47b838dc,2025-03-01,7,70,70,8
USG-4eca71b9,CUST-47b838dc,2025-04-01,7,152,76,6
USG-99beeda9,CUST-47b838dc,2025-05-01,6,183,61,7
USG-f53293c2,CUST-47b838dc,2025-06-01,6,67,67,9
USG-39755019,CUST-47b838dc,2025-07-01,6,126,63,1
USG-36df7bb8,CUST-47b838dc,2025-08-01,7,75,75,7
USG-e5dbd975,CUST-47b838dc,2025-09-01,5,295,59,4
USG-b74838cf,CUST-47b838dc,2025-10-01,6,183,61,3
USG-afe6e2a3,CUST-47b838dc,2025-11-01,8,84,84,1
USG-9ee8a5a5,CUST-47b838dc,2025-12-01,8,320,80,5
USG-d208a175,CUST-47b838dc,2026-01-01,5,232,58,7
USG-b619f9a2,CUST-47b838dc,2026-02-01,7,231,77,4
USG-d3306b71,CUST-47b838dc,2026-03-01,8,415,83,7
USG-63dbb2f3,CUST-47b838dc,2026-04-01,5,171,57,3
USG-c2d086e3,CUST-c3c9c80a,2025-11-01,33,672,336,2
USG-a87b0d9f,CUST-c3c9c80a,2025-12-01,28,562,281,4
USG-731b2e29,CUST-c3c9c80a,2026-01-01,25,750,250,7
USG-456b4d85,CUST-c3c9c80a,2026-02-01,33,999,333,5
USG-8f7fb607,CUST-c3c9c80a,2026-03-01,29,290,290,7
USG-fa81eefb,CUST-c3c9c80a,2026-04-01,24,960,240,1
USG-49810d2e,CUST-ab53b700,2026-03-01,1,6,3,8
USG-30516216,CUST-ab53b700,2026-04-01,1,15,3,9
USG-9139db22,CUST-aff07881,2024-06-01,48,484,484,5
USG-70a687bc,CUST-aff07881,2024-07-01,39,393,393,1
USG-cbfa8b4a,CUST-aff07881,2024-08-01,38,762,381,10
USG-7e4ad8af,CUST-aff07881,2024-09-01,37,1125,375,8
USG-df1ac1fa,CUST-aff07881,2024-10-01,48,2425,485,1
USG-cb030d6b,CUST-aff07881,2024-11-01,50,504,504,8
USG-ed77d29d,CUST-aff07881,2024-12-01,38,1143,381,7
USG-6b5a7377,CUST-aff07881,2025-01-01,42,1680,420,6
USG-781cae7e,CUST-aff07881,2025-02-01,47,1410,470,8
USG-5eaf6817,CUST-aff07881,2025-03-01,51,2040,510,10
USG-468c26fa,CUST-aff07881,2025-04-01,37,748,374,4
USG-a7f6bdb7,CUST-aff07881,2025-05-01,44,1776,444,6
USG-287954f3,CUST-aff07881,2025-06-01,48,1461,487,8
USG-0e78de37,CUST-aff07881,2025-07-01,54,542,542,1
USG-f9b3029c,CUST-aff07881,2025-08-01,52,2605,521,10
USG-005c51ed,CUST-aff07881,2025-09-01,47,956,478,8
USG-14b23cff,CUST-aff07881,2025-10-01,46,2340,468,7
USG-697f63df,CUST-aff07881,2025-11-01,42,856,428,1
USG-0fcc582a,CUST-aff07881,2025-12-01,47,1410,470,6
USG-678b279b,CUST-aff07881,2026-01-01,52,1050,525,5
USG-fc37cd08,CUST-aff07881,2026-02-01,53,532,532,5
USG-9857d896,CUST-aff07881,2026-03-01,48,2415,483,3
USG-33f0f82a,CUST-aff07881,2026-04-01,37,1500,375,1
USG-25a9cf25,CUST-4eaf4184,2026-03-01,1,32,8,8
USG-3a903a07,CUST-4eaf4184,2026-04-01,1,30,10,8
USG-83ef1231,CUST-5fe55e45,2024-10-01,16,820,164,7
USG-ba79c57a,CUST-5fe55e45,2024-11-01,20,209,209,7
USG-32c572e2,CUST-5fe55e45,2024-12-01,16,330,165,6
USG-0d2d9633,CUST-5fe55e45,2025-01-01,15,620,155,3
USG-6d3b2477,CUST-5fe55e45,2025-02-01,21,420,210,1
USG-4dd931bc,CUST-5fe55e45,2025-03-01,16,489,163,9
USG-09f73d61,CUST-5fe55e45,2025-04-01,16,644,161,3
USG-f8062d3e,CUST-5fe55e45,2025-05-01,22,446,223,4
USG-40873757,CUST-5fe55e45,2025-06-01,21,1070,214,1
USG-1f1207a2,CUST-5fe55e45,2025-07-01,20,624,208,9
USG-ffba91fa,CUST-5fe55e45,2025-08-01,21,219,219,9
USG-6c1bf4b8,CUST-5fe55e45,2025-09-01,21,1080,216,7
USG-ccd2818f,CUST-5fe55e45,2025-10-01,21,215,215,2
USG-f8d5eefd,CUST-5fe55e45,2025-11-01,16,486,162,9
USG-13adad00,CUST-5fe55e45,2025-12-01,15,453,151,4
USG-dcc47e92,CUST-5fe55e45,2026-01-01,15,462,154,8
USG-28543fb6,CUST-5fe55e45,2026-02-01,21,436,218,2
USG-6cdfe7fb,CUST-5fe55e45,2026-03-01,15,628,157,2
USG-aa4fb953,CUST-5fe55e45,2026-04-01,20,1010,202,2
USG-25c55026,CUST-9f4dca65,2026-01-01,1,10,10,8
USG-f1d74d36,CUST-9f4dca65,2026-02-01,1,44,11,4
USG-e11a5a2e,CUST-9f4dca65,2026-03-01,1,4,2,2
USG-6d2ec21b,CUST-9f4dca65,2026-04-01,1,4,2,7
USG-e1b768b7,CUST-bb7bce3b,2024-09-01,22,904,226,2
USG-85e3f6d9,CUST-bb7bce3b,2024-10-01,21,852,213,1
USG-c9005d16,CUST-bb7bce3b,2024-11-01,30,1505,301,7
USG-a010c788,CUST-bb7bce3b,2024-12-01,25,1036,259,5
USG-cbb8032a,CUST-bb7bce3b,2025-01-01,24,744,248,2
USG-d08aaf66,CUST-bb7bce3b,2025-02-01,23,470,235,6
USG-15f22fa8,CUST-bb7bce3b,2025-03-01,29,885,295,7
USG-3b77c75f,CUST-bb7bce3b,2025-04-01,26,786,262,4
USG-643d815b,CUST-bb7bce3b,2025-05-01,27,810,270,3
USG-ea1cac54,CUST-bb7bce3b,2025-06-01,24,720,240,8
USG-3ed00d5e,CUST-bb7bce3b,2025-07-01,25,1004,251,9
USG-ccfe4ff4,CUST-bb7bce3b,2025-08-01,26,1325,265,8
USG-a5816daf,CUST-bb7bce3b,2025-09-01,27,558,279,10
USG-a709f50f,CUST-bb7bce3b,2025-10-01,24,976,244,7
USG-d69c5123,CUST-bb7bce3b,2025-11-01,20,418,209,4
USG-09ad8ab6,CUST-bb7bce3b,2025-12-01,27,273,273,2
USG-c906e18c,CUST-bb7bce3b,2026-01-01,23,232,232,10
USG-30a0f883,CUST-bb7bce3b,2026-02-01,24,241,241,8
USG-811501b6,CUST-bb7bce3b,2026-03-01,28,287,287,6
USG-72178e00,CUST-bb7bce3b,2026-04-01,27,271,271,10
USG-14e2326b,CUST-9c3a5dc8,2025-06-01,37,758,379,3
USG-561af448,CUST-9c3a5dc8,2025-07-01,28,858,286,8
USG-c428c659,CUST-9c3a5dc8,2025-08-01,37,748,374,6
USG-c6384348,CUST-9c3a5dc8,2025-09-01,35,1400,350,2
USG-8f40b265,CUST-9c3a5dc8,2025-10-01,34,1044,348,10
USG-1183821d,CUST-9c3a5dc8,2025-11-01,38,1149,383,4
USG-4511d145,CUST-9c3a5dc8,2025-12-01,28,1435,287,5
USG-5350bae0,CUST-9c3a5dc8,2026-01-01,26,538,269,10
USG-152f35ab,CUST-9c3a5dc8,2026-02-01,34,345,345,7
USG-3a9b39d7,CUST-9c3a5dc8,2026-03-01,1,5,1,9
USG-3574a418,CUST-9c3a5dc8,2026-04-01,1,0,0,7
USG-f755f2e8,CUST-e427ee9b,2025-10-01,17,348,174,1
USG-6f6f1a53,CUST-e427ee9b,2025-11-01,25,1265,253,9
USG-ac69f9ed,CUST-e427ee9b,2025-12-01,17,175,175,9
USG-2f1a789c,CUST-e427ee9b,2026-01-01,18,376,188,5
USG-c8d769f1,CUST-e427ee9b,2026-02-01,23,478,239,7
USG-55a7e662,CUST-e427ee9b,2026-03-01,19,764,191,9
USG-021a0f6f,CUST-e427ee9b,2026-04-01,17,875,175,8
USG-747d043b,CUST-2bae8873,2026-04-01,1,8,4,5
USG-6b1039c4,CUST-ca0c3d0a,2026-03-01,1,3,1,5
USG-828072b4,CUST-ca0c3d0a,2026-04-01,1,0,0,8
USG-4b9dd156,CUST-04eb2a9d,2025-04-01,17,890,178,8
USG-0865f389,CUST-04eb2a9d,2025-05-01,22,456,228,1
USG-96957636,CUST-04eb2a9d,2025-06-01,21,651,217,8
USG-663c2371,CUST-04eb2a9d,2025-07-01,19,955,191,4
USG-21abd5b0,CUST-04eb2a9d,2025-08-01,17,890,178,4
USG-42c08b51,CUST-04eb2a9d,2025-09-01,22,1135,227,8
USG-c1fc2a60,CUST-04eb2a9d,2025-10-01,16,336,168,10
USG-b7ed8a2a,CUST-04eb2a9d,2025-11-01,23,236,236,7
USG-382bf77f,CUST-04eb2a9d,2025-12-01,22,1110,222,10
USG-6c7550bd,CUST-04eb2a9d,2026-01-01,16,507,169,6
USG-0b1ca34c,CUST-04eb2a9d,2026-02-01,18,376,188,7
USG-818f9458,CUST-04eb2a9d,2026-03-01,17,712,178,4
USG-d992e160,CUST-04eb2a9d,2026-04-01,18,368,184,6
USG-337ec25f,CUST-19385970,2026-03-01,23,1155,231,8
USG-f0a3c9f3,CUST-19385970,2026-04-01,26,1056,264,4
USG-de8cec47,CUST-837ee74e,2024-05-01,11,117,117,10
USG-062a3842,CUST-837ee74e,2024-06-01,14,426,142,5
USG-258ca425,CUST-837ee74e,2024-07-01,17,680,170,7
USG-a8dadfb9,CUST-837ee74e,2024-08-01,13,272,136,3
USG-855ca2f2,CUST-837ee74e,2024-09-01,13,670,134,7
USG-28b95335,CUST-837ee74e,2024-10-01,14,438,146,2
USG-2dd01466,CUST-837ee74e,2024-11-01,14,280,140,2
USG-5303e697,CUST-837ee74e,2024-12-01,14,144,144,8
USG-f1f7a75d,CUST-837ee74e,2025-01-01,12,366,122,3
USG-bc3e2b0b,CUST-837ee74e,2025-02-01,15,459,153,6
USG-c14d2e8e,CUST-837ee74e,2025-03-01,13,528,132,1
USG-df6c670f,CUST-837ee74e,2025-04-01,15,474,158,1
USG-9199845e,CUST-837ee74e,2025-05-01,15,459,153,8
USG-43f3a48d,CUST-837ee74e,2025-06-01,13,393,131,9
USG-b4794664,CUST-837ee74e,2025-07-01,17,688,172,7
USG-b037971a,CUST-837ee74e,2025-08-01,14,705,141,8
USG-0abe57ca,CUST-837ee74e,2025-09-01,14,147,147,4
USG-b7983999,CUST-837ee74e,2025-10-01,14,296,148,2
USG-25503b4c,CUST-837ee74e,2025-11-01,12,508,127,1
USG-4b89fa5a,CUST-837ee74e,2025-12-01,14,290,145,4
USG-3d8aeeee,CUST-837ee74e,2026-01-01,13,411,137,9
USG-d0637059,CUST-837ee74e,2026-02-01,12,254,127,5
USG-ce52efd6,CUST-837ee74e,2026-03-01,13,411,137,9
USG-2fb5b23e,CUST-837ee74e,2026-04-01,14,592,148,1
USG-9940b9c7,CUST-4f4df38d,2025-08-01,30,915,305,4
USG-e45af75a,CUST-4f4df38d,2025-09-01,32,1288,322,7
USG-7b877ba0,CUST-4f4df38d,2025-10-01,37,1128,376,5
USG-1866f637,CUST-4f4df38d,2025-11-01,33,1008,336,2
USG-dc7f8e74,CUST-4f4df38d,2025-12-01,29,1465,293,2
USG-965b8327,CUST-4f4df38d,2026-01-01,28,283,283,5
USG-cb56ba56,CUST-4f4df38d,2026-02-01,37,1492,373,4
USG-1fb7d0d8,CUST-4f4df38d,2026-03-01,35,358,358,3
USG-d51b294e,CUST-4f4df38d,2026-04-01,39,1970,394,4
USG-65b849a7,CUST-1524a146,2026-04-01,1,10,2,5
USG-702256fc,CUST-18816421,2025-12-01,15,157,157,2
USG-0df14814,CUST-18816421,2026-01-01,13,524,131,2
USG-fa368aba,CUST-18816421,2026-02-01,13,524,131,8
USG-af1d88b6,CUST-18816421,2026-03-01,16,498,166,7
USG-81f9a99b,CUST-18816421,2026-04-01,16,489,163,4
USG-aa1d764d,CUST-96b70047,2025-10-01,49,490,490,10
USG-5ac7b4d3,CUST-96b70047,2025-11-01,36,1452,363,5
USG-236b4f6f,CUST-96b70047,2025-12-01,39,1965,393,5
USG-bf6e9454,CUST-96b70047,2026-01-01,34,1740,348,1
USG-5a3578d1,CUST-96b70047,2026-02-01,46,460,460,9
USG-3b37a48c,CUST-96b70047,2026-03-01,44,898,449,3
USG-8e9b2415,CUST-96b70047,2026-04-01,44,444,444,7
USG-1ec3d028,CUST-e867116b,2024-06-01,16,805,161,10
USG-d0dd98f8,CUST-e867116b,2024-07-01,15,474,158,9
USG-4fd33601,CUST-e867116b,2024-08-01,15,157,157,3
USG-069b4afa,CUST-e867116b,2024-09-01,15,308,154,8
USG-077a0d9b,CUST-e867116b,2024-10-01,13,414,138,3
USG-8c4fafed,CUST-e867116b,2024-11-01,16,483,161,9
USG-553d5026,CUST-e867116b,2024-12-01,14,280,140,9
USG-1224ccde,CUST-e867116b,2025-01-01,11,230,115,4
USG-87e263db,CUST-e867116b,2025-02-01,14,580,145,6
USG-e8410ab3,CUST-e867116b,2025-03-01,13,552,138,1
USG-acd37b41,CUST-e867116b,2025-04-01,17,850,170,1
USG-5a610624,CUST-e867116b,2025-05-01,13,675,135,1
USG-46e781ec,CUST-e867116b,2025-06-01,15,152,152,9
USG-781818da,CUST-e867116b,2025-07-01,15,790,158,1
USG-51e1aee8,CUST-e867116b,2025-08-01,11,228,114,1
USG-4268af41,CUST-e867116b,2025-09-01,11,228,114,8
USG-cac94199,CUST-e867116b,2025-10-01,14,725,145,7
USG-178ba66d,CUST-e867116b,2025-11-01,16,652,163,3
USG-81cc6745,CUST-e867116b,2025-12-01,15,318,159,1
USG-61d40429,CUST-e867116b,2026-01-01,16,332,166,1
USG-625c8604,CUST-e867116b,2026-02-01,14,140,140,9
USG-89b6c631,CUST-e867116b,2026-03-01,11,468,117,10
USG-6fc07ccf,CUST-e867116b,2026-04-01,15,312,156,4
USG-3488376f,CUST-a8d6e9c1,2024-10-01,49,1976,494,7
USG-470e0978,CUST-a8d6e9c1,2024-11-01,53,2152,538,3
USG-3a98e759,CUST-a8d6e9c1,2024-12-01,38,1158,386,2
USG-ef015f96,CUST-a8d6e9c1,2025-01-01,42,429,429,10
USG-c1c28523,CUST-a8d6e9c1,2025-02-01,54,546,546,8
USG-36f2f4df,CUST-a8d6e9c1,2025-03-01,36,732,366,8
USG-2388939d,CUST-a8d6e9c1,2025-04-01,49,2495,499,3
USG-4674b841,CUST-a8d6e9c1,2025-05-01,51,2585,517,5
USG-fb92aec4,CUST-a8d6e9c1,2025-06-01,52,1040,520,9
USG-f6aa1ece,CUST-a8d6e9c1,2025-07-01,44,1320,440,9
USG-66076440,CUST-a8d6e9c1,2025-08-01,50,1012,506,5
USG-e178f9af,CUST-a8d6e9c1,2025-09-01,47,1888,472,4
USG-3073e703,CUST-a8d6e9c1,2025-10-01,46,2335,467,8
USG-c1b73c43,CUST-a8d6e9c1,2025-11-01,48,1449,483,10
USG-1e462fde,CUST-a8d6e9c1,2025-12-01,42,2120,424,2
USG-02025e19,CUST-a8d6e9c1,2026-01-01,37,750,375,4
USG-ae4ea63e,CUST-a8d6e9c1,2026-02-01,53,1611,537,6
USG-10f8d909,CUST-a8d6e9c1,2026-03-01,1,20,4,6
USG-512778d9,CUST-a8d6e9c1,2026-04-01,1,6,3,9
USG-e0f395ab,CUST-cbfd530c,2025-02-01,30,1212,303,4
USG-ff9a666c,CUST-cbfd530c,2025-03-01,36,1810,362,2
USG-20d8c738,CUST-cbfd530c,2025-04-01,39,395,395,10
USG-c220de43,CUST-cbfd530c,2025-05-01,27,831,277,9
USG-a4c7f5bf,CUST-cbfd530c,2025-06-01,34,680,340,1
USG-e5eec969,CUST-cbfd530c,2025-07-01,36,738,369,10
USG-f18c1239,CUST-cbfd530c,2025-08-01,32,987,329,10
USG-bc49c81c,CUST-cbfd530c,2025-09-01,35,355,355,10
USG-9047c8e6,CUST-cbfd530c,2025-10-01,31,1256,314,8
USG-1ae8ff0f,CUST-cbfd530c,2025-11-01,35,702,351,1
USG-a3d6f879,CUST-cbfd530c,2025-12-01,29,1495,299,9
USG-fe607fce,CUST-cbfd530c,2026-01-01,35,357,357,5
USG-ab4aff84,CUST-cbfd530c,2026-02-01,31,954,318,9
USG-abff35eb,CUST-cbfd530c,2026-03-01,28,284,284,9
USG-848fa78a,CUST-cbfd530c,2026-04-01,40,403,403,8
USG-67592a04,CUST-843d21ee,2024-07-01,28,855,285,6
USG-6e2b18a7,CUST-843d21ee,2024-08-01,36,1101,367,9
USG-0015826c,CUST-843d21ee,2024-09-01,36,1083,361,10
USG-f1e94ee0,CUST-843d21ee,2024-10-01,29,297,297,10
USG-b3001c16,CUST-843d21ee,2024-11-01,37,1512,378,3
USG-772d6613,CUST-843d21ee,2024-12-01,33,1680,336,7
USG-9473f29b,CUST-843d21ee,2025-01-01,30,1545,309,1
USG-7422e18f,CUST-843d21ee,2025-02-01,39,1572,393,3
USG-6c973bd8,CUST-843d21ee,2025-03-01,39,394,394,9
USG-a7b1e98f,CUST-843d21ee,2025-04-01,34,348,348,6
USG-25db5205,CUST-843d21ee,2025-05-01,32,324,324,2
USG-01fa39ac,CUST-843d21ee,2025-06-01,33,1356,339,5
USG-6e150680,CUST-843d21ee,2025-07-01,37,1134,378,8
USG-a734be9c,CUST-843d21ee,2025-08-01,30,612,306,10
USG-409bc72d,CUST-843d21ee,2025-09-01,28,843,281,6
USG-554af59b,CUST-843d21ee,2025-10-01,37,1516,379,9
USG-74c391e1,CUST-843d21ee,2025-11-01,26,1335,267,5
USG-ba4ff935,CUST-843d21ee,2025-12-01,32,1600,320,1
USG-c815b55c,CUST-843d21ee,2026-01-01,26,792,264,9
USG-7a7ea41d,CUST-843d21ee,2026-02-01,27,556,278,7
USG-f1f6fad5,CUST-843d21ee,2026-03-01,37,1131,377,3
USG-2324b060,CUST-843d21ee,2026-04-01,30,906,302,8
USG-4130c1ca,CUST-1eb8c14a,2024-11-01,29,580,290,6
USG-c717356c,CUST-1eb8c14a,2024-12-01,30,302,302,7
USG-4c814f9a,CUST-1eb8c14a,2025-01-01,41,1652,413,3
USG-bf229373,CUST-1eb8c14a,2025-02-01,32,987,329,7
USG-5db3c06b,CUST-1eb8c14a,2025-03-01,29,876,292,8
USG-9876010d,CUST-1eb8c14a,2025-04-01,38,768,384,5
USG-c966dd1f,CUST-1eb8c14a,2025-05-01,36,1444,361,5
USG-c58e5451,CUST-1eb8c14a,2025-06-01,35,702,351,1
USG-0099d188,CUST-1eb8c14a,2025-07-01,42,2100,420,4
USG-4ade8fcb,CUST-1eb8c14a,2025-08-01,33,666,333,9
USG-5b84a1bf,CUST-1eb8c14a,2025-09-01,37,1855,371,2
USG-60caf2c8,CUST-1eb8c14a,2025-10-01,40,408,408,1
USG-c1dffb70,CUST-1eb8c14a,2025-11-01,38,1548,387,4
USG-b6cd4007,CUST-1eb8c14a,2025-12-01,32,1292,323,5
USG-d2f20f3f,CUST-1eb8c14a,2026-01-01,37,375,375,9
USG-062af548,CUST-1eb8c14a,2026-02-01,28,861,287,3
USG-7e7de60b,CUST-1eb8c14a,2026-03-01,29,584,292,3
USG-9283bccb,CUST-1eb8c14a,2026-04-01,31,939,313,10
USG-0d8cb365,CUST-604e12dd,2026-03-01,1,8,2,4
USG-cfd8c734,CUST-604e12dd,2026-04-01,1,4,1,9
USG-97ca296d,CUST-053d4674,2025-05-01,43,860,430,9
USG-972d4c57,CUST-053d4674,2025-06-01,46,1848,462,6
USG-ce321ef3,CUST-053d4674,2025-07-01,48,1440,480,6
USG-74d1bd1a,CUST-053d4674,2025-08-01,38,1143,381,9
USG-b6b1524a,CUST-053d4674,2025-09-01,39,1173,391,7
USG-b3a68592,CUST-053d4674,2025-10-01,46,1401,467,1
USG-ec8fce4e,CUST-053d4674,2025-11-01,44,1768,442,7
USG-5e2d1548,CUST-053d4674,2025-12-01,36,1840,368,8
USG-d5432542,CUST-053d4674,2026-01-01,41,1640,410,5
USG-7994b000,CUST-053d4674,2026-02-01,46,2330,466,8
USG-6f69fa7f,CUST-053d4674,2026-03-01,34,342,342,1
USG-8de583fc,CUST-053d4674,2026-04-01,33,999,333,6
USG-09fd5f83,CUST-0d53101c,2025-09-01,13,411,137,6
USG-ac3351d4,CUST-0d53101c,2025-10-01,16,324,162,5
USG-d5c0b5ce,CUST-0d53101c,2025-11-01,13,695,139,6
USG-ae6ffe9c,CUST-0d53101c,2025-12-01,12,366,122,9
USG-c7c1328f,CUST-0d53101c,2026-01-01,13,520,130,1
USG-5937980e,CUST-0d53101c,2026-02-01,13,130,130,5
USG-c7b6a93e,CUST-0d53101c,2026-03-01,13,405,135,7
USG-dbbbbe7a,CUST-0d53101c,2026-04-01,12,252,126,8
USG-b9b51f09,CUST-0d53101c,2026-05-01,11,580,116,6
USG-bd1a09af,CUST-e3ca8fdf,2024-12-01,28,288,288,9
USG-cf35f193,CUST-e3ca8fdf,2025-01-01,28,1148,287,2
USG-983c9313,CUST-e3ca8fdf,2025-02-01,30,1200,300,6
USG-00846b71,CUST-e3ca8fdf,2025-03-01,36,1089,363,6
USG-5f974ac5,CUST-e3ca8fdf,2025-04-01,35,700,350,3
USG-ee8b4ff3,CUST-e3ca8fdf,2025-05-01,35,352,352,4
USG-30b42923,CUST-e3ca8fdf,2025-06-01,30,614,307,5
USG-ecd28aa0,CUST-e3ca8fdf,2025-07-01,28,1420,284,8
USG-aa536055,CUST-e3ca8fdf,2025-08-01,38,1556,389,2
USG-bbe2e5d0,CUST-e3ca8fdf,2025-09-01,28,284,284,2
USG-f5f2b593,CUST-e3ca8fdf,2025-10-01,37,1484,371,8
USG-1d265dd0,CUST-e3ca8fdf,2025-11-01,36,1472,368,5
USG-962bca47,CUST-e3ca8fdf,2025-12-01,40,804,402,7
USG-5a7e7882,CUST-e3ca8fdf,2026-01-01,28,840,280,9
USG-f5a95d77,CUST-e3ca8fdf,2026-02-01,35,358,358,10
USG-8df2ed3f,CUST-e3ca8fdf,2026-03-01,34,1720,344,3
USG-30be9a7e,CUST-e3ca8fdf,2026-04-01,33,999,333,4
USG-3f8142ec,CUST-ac68aa70,2024-09-01,34,1041,347,8
USG-46f4f054,CUST-ac68aa70,2024-10-01,32,1620,324,4
USG-fa2e8cd7,CUST-ac68aa70,2024-11-01,42,1281,427,8
USG-aa1814c3,CUST-ac68aa70,2024-12-01,34,1720,344,9
USG-061da11c,CUST-ac68aa70,2025-01-01,37,1855,371,7
USG-3a3f3bb0,CUST-ac68aa70,2025-02-01,29,299,299,9
USG-5a9132ec,CUST-ac68aa70,2025-03-01,38,1532,383,7
USG-3181f08a,CUST-ac68aa70,2025-04-01,33,996,332,9
USG-3add886a,CUST-ac68aa70,2025-05-01,38,1925,385,5
USG-59e1ca71,CUST-ac68aa70,2025-06-01,31,1575,315,7
USG-372923c8,CUST-ac68aa70,2025-07-01,37,758,379,2
USG-acc021d7,CUST-ac68aa70,2025-08-01,41,1672,418,10
USG-ce2cc381,CUST-ac68aa70,2025-09-01,39,393,393,6
USG-de6699ed,CUST-ac68aa70,2025-10-01,31,315,315,3
USG-10836bb6,CUST-ac68aa70,2025-11-01,43,430,430,6
USG-59310e65,CUST-ac68aa70,2025-12-01,33,1332,333,5
USG-c377b43c,CUST-ac68aa70,2026-01-01,29,1480,296,5
USG-58f3b305,CUST-ac68aa70,2026-02-01,42,2105,421,6
USG-6128dc38,CUST-ac68aa70,2026-03-01,36,1460,365,7
USG-03fac46d,CUST-ac68aa70,2026-04-01,37,1110,370,10
USG-b6d7c8ef,CUST-ac68aa70,2026-05-01,41,413,413,3
USG-d523335c,CUST-c05b4b6d,2024-07-01,22,446,223,1
USG-66ac144c,CUST-c05b4b6d,2024-08-01,22,442,221,8
USG-7260ba70,CUST-c05b4b6d,2024-09-01,25,254,254,9
USG-cf8ab4fa,CUST-c05b4b6d,2024-10-01,23,478,239,6
USG-563afed6,CUST-c05b4b6d,2024-11-01,22,687,229,2
USG-14cb727f,CUST-c05b4b6d,2024-12-01,19,384,192,5
USG-568af12e,CUST-c05b4b6d,2025-01-01,20,412,206,4
USG-a0265fa8,CUST-c05b4b6d,2025-02-01,19,579,193,9
USG-86eba4b5,CUST-c05b4b6d,2025-03-01,18,364,182,5
USG-acc1f338,CUST-c05b4b6d,2025-04-01,20,832,208,2
USG-9e00efc6,CUST-c05b4b6d,2025-05-01,25,1036,259,3
USG-72ab0dfa,CUST-c05b4b6d,2025-06-01,24,996,249,5
USG-fdb9cb43,CUST-c05b4b6d,2025-07-01,24,738,246,2
USG-6ce972c7,CUST-c05b4b6d,2025-08-01,25,774,258,10
USG-3e7010d2,CUST-c05b4b6d,2025-09-01,18,752,188,4
USG-2d7f9fc6,CUST-c05b4b6d,2025-10-01,18,189,189,3
USG-0ec430d3,CUST-c05b4b6d,2025-11-01,19,780,195,5
USG-19eec947,CUST-c05b4b6d,2025-12-01,23,233,233,3
USG-4963b4a8,CUST-c05b4b6d,2026-01-01,22,224,224,1
USG-c2f2762b,CUST-c05b4b6d,2026-02-01,26,263,263,8
USG-09176cab,CUST-c05b4b6d,2026-03-01,21,636,212,5
USG-cd3f9212,CUST-c05b4b6d,2026-04-01,19,588,196,7
USG-d99bf630,CUST-fb538081,2025-12-01,1,36,9,4
USG-6412eb35,CUST-fb538081,2026-01-01,1,27,9,7
USG-4cb268dd,CUST-fb538081,2026-02-01,1,40,10,3
USG-65e723db,CUST-fb538081,2026-03-01,1,20,4,8
USG-d43ddbc6,CUST-fb538081,2026-04-01,1,0,0,6
USG-bbae1cae,CUST-7d8148a0,2025-12-01,7,72,72,5
USG-d021b032,CUST-7d8148a0,2026-01-01,9,186,93,6
USG-9083d0c7,CUST-7d8148a0,2026-02-01,9,99,99,8
USG-d65b8ca7,CUST-7d8148a0,2026-03-01,1,2,1,7
USG-191ee9fe,CUST-7d8148a0,2026-04-01,1,12,4,1
USG-fb356603,CUST-d1e81d22,2025-08-01,15,471,157,9
USG-9876e7a2,CUST-d1e81d22,2025-09-01,13,544,136,1
USG-edbdfa84,CUST-d1e81d22,2025-10-01,15,302,151,4
USG-45f22e67,CUST-d1e81d22,2025-11-01,13,536,134,3
USG-d92c8a8f,CUST-d1e81d22,2025-12-01,16,495,165,1
USG-9b76683f,CUST-d1e81d22,2026-01-01,16,498,166,4
USG-47f38bf7,CUST-d1e81d22,2026-02-01,11,468,117,2
USG-15f6c630,CUST-d1e81d22,2026-03-01,17,340,170,10
USG-0f9fc952,CUST-d1e81d22,2026-04-01,11,348,116,6
USG-ba6dd9ad,CUST-f10cb580,2025-06-01,34,1745,349,3
USG-f32cc740,CUST-f10cb580,2025-07-01,34,682,341,4
USG-797ecd05,CUST-f10cb580,2025-08-01,31,1560,312,8
USG-0a1bc731,CUST-f10cb580,2025-09-01,28,840,280,7
USG-6fc747c7,CUST-f10cb580,2025-10-01,35,706,353,4
USG-c3af9bd0,CUST-f10cb580,2025-11-01,32,966,322,7
USG-57aef461,CUST-f10cb580,2025-12-01,30,927,309,10
USG-596bcf87,CUST-f10cb580,2026-01-01,35,1760,352,3
USG-282b6eac,CUST-f10cb580,2026-02-01,35,704,352,10
USG-660a4808,CUST-f10cb580,2026-03-01,1,16,4,5
USG-03c33b58,CUST-f10cb580,2026-04-01,1,16,4,10
USG-9ee94886,CUST-1dfc7f66,2024-07-01,24,723,241,6
USG-1f614a29,CUST-1dfc7f66,2024-08-01,29,588,294,4
USG-f990c4c9,CUST-1dfc7f66,2024-09-01,34,344,344,8
USG-3376728c,CUST-1dfc7f66,2024-10-01,31,620,310,7
USG-bf94445a,CUST-1dfc7f66,2024-11-01,31,311,311,10
USG-166f3200,CUST-1dfc7f66,2024-12-01,31,316,316,5
USG-83f48c2f,CUST-1dfc7f66,2025-01-01,26,798,266,1
USG-f36ebe19,CUST-1dfc7f66,2025-02-01,24,744,248,1
USG-9e1c6c79,CUST-1dfc7f66,2025-03-01,27,1104,276,6
USG-57b38e0e,CUST-1dfc7f66,2025-04-01,32,1645,329,10
USG-1f7dcd7b,CUST-1dfc7f66,2025-05-01,32,327,327,7
USG-3fdc426e,CUST-1dfc7f66,2025-06-01,27,1100,275,10
USG-41b5a062,CUST-1dfc7f66,2025-07-01,29,590,295,3
USG-62952be1,CUST-1dfc7f66,2025-08-01,26,780,260,3
USG-65d82306,CUST-1dfc7f66,2025-09-01,24,482,241,1
USG-85f1686b,CUST-1dfc7f66,2025-10-01,24,488,244,2
USG-99f5c4dd,CUST-1dfc7f66,2025-11-01,30,304,304,7
USG-37d2398e,CUST-1dfc7f66,2025-12-01,33,1348,337,2
USG-50c24838,CUST-1dfc7f66,2026-01-01,32,648,324,7
USG-36af4826,CUST-1dfc7f66,2026-02-01,32,978,326,10
USG-a25d0a6d,CUST-1dfc7f66,2026-03-01,24,246,246,5
USG-6c65f335,CUST-1dfc7f66,2026-04-01,35,706,353,1
USG-88d07cef,CUST-067913d0,2025-03-01,37,1508,377,2
USG-b3de67ba,CUST-067913d0,2025-04-01,37,746,373,4
USG-389829a0,CUST-067913d0,2025-05-01,37,1512,378,2
USG-e9af6063,CUST-067913d0,2025-06-01,39,794,397,5
USG-e97f7e81,CUST-067913d0,2025-07-01,51,1539,513,3
USG-b6018506,CUST-067913d0,2025-08-01,37,1875,375,3
USG-f2c874a4,CUST-067913d0,2025-09-01,38,760,380,1
USG-1dfe317a,CUST-067913d0,2025-10-01,37,752,376,1
USG-eb8c826d,CUST-067913d0,2025-11-01,35,353,353,4
USG-16758113,CUST-067913d0,2025-12-01,37,1865,373,10
USG-4d656bdb,CUST-067913d0,2026-01-01,38,760,380,5
USG-29453ce5,CUST-067913d0,2026-02-01,46,1398,466,1
USG-5d94332d,CUST-067913d0,2026-03-01,1,25,5,8
USG-2ea6bc49,CUST-067913d0,2026-04-01,1,4,4,4
USG-005a8856,CUST-3f36a156,2025-12-01,16,322,161,10
USG-2a87f165,CUST-3f36a156,2026-01-01,16,672,168,2
USG-60fc7073,CUST-3f36a156,2026-02-01,19,760,190,7
USG-ca7656ff,CUST-3f36a156,2026-03-01,1,5,1,5
USG-035ced03,CUST-3f36a156,2026-04-01,1,25,5,5
USG-5137daad,CUST-0c2d91ad,2025-09-01,23,952,238,5
USG-60e09efb,CUST-0c2d91ad,2025-10-01,17,895,179,10
USG-6d9ee361,CUST-0c2d91ad,2025-11-01,25,1000,250,10
USG-9315c712,CUST-0c2d91ad,2025-12-01,25,510,255,7
USG-4f3e7b27,CUST-0c2d91ad,2026-01-01,18,540,180,1
USG-e8b80ada,CUST-0c2d91ad,2026-02-01,22,222,222,8
USG-95c27134,CUST-0c2d91ad,2026-03-01,17,177,177,7
USG-3574bc39,CUST-0c2d91ad,2026-04-01,19,390,195,7
USG-cfcc3865,CUST-7ffacf3e,2025-12-01,3,64,32,2
USG-901c8d6b,CUST-7ffacf3e,2026-01-01,4,123,41,7
USG-2c6bc962,CUST-7ffacf3e,2026-02-01,3,74,37,7
USG-822dc431,CUST-7ffacf3e,2026-03-01,1,0,0,4
USG-d3b365ac,CUST-7ffacf3e,2026-04-01,1,6,3,10
USG-64491034,CUST-4ad5cbbd,2026-04-01,7,380,76,9
USG-8eaf0b3f,CUST-220dd792,2025-10-01,29,1192,298,8
USG-a3b0cae9,CUST-220dd792,2025-11-01,26,530,265,5
USG-5de4e809,CUST-220dd792,2025-12-01,26,1325,265,3
USG-1e0eca62,CUST-220dd792,2026-01-01,24,996,249,3
USG-fe6f9fd2,CUST-220dd792,2026-02-01,31,626,313,3
USG-24f03429,CUST-220dd792,2026-03-01,36,1805,361,4
USG-f51efc58,CUST-220dd792,2026-04-01,26,265,265,4
USG-4408dbe7,CUST-528e7eab,2024-06-01,31,936,312,3
USG-68692fb7,CUST-528e7eab,2024-07-01,28,578,289,6
USG-bb745f97,CUST-528e7eab,2024-08-01,27,276,276,7
USG-b3801b62,CUST-528e7eab,2024-09-01,22,228,228,10
USG-b0953002,CUST-528e7eab,2024-10-01,30,912,304,1
USG-974c706b,CUST-528e7eab,2024-11-01,30,306,306,5
USG-6c56fcab,CUST-528e7eab,2024-12-01,24,488,244,5
USG-d39d18e8,CUST-528e7eab,2025-01-01,24,496,248,3
USG-2b78afe0,CUST-528e7eab,2025-02-01,27,550,275,5
USG-09e67bc7,CUST-528e7eab,2025-03-01,29,1196,299,8
USG-849078ce,CUST-528e7eab,2025-04-01,28,1420,284,10
USG-e568f9dc,CUST-528e7eab,2025-05-01,23,472,236,6
USG-b9fd6207,CUST-528e7eab,2025-06-01,21,864,216,3
USG-aa9ebdcd,CUST-528e7eab,2025-07-01,28,1430,286,4
USG-dae0e147,CUST-528e7eab,2025-08-01,23,932,233,5
USG-8962de1e,CUST-528e7eab,2025-09-01,22,448,224,6
USG-c984f7d9,CUST-528e7eab,2025-10-01,27,542,271,4
USG-264d5a05,CUST-528e7eab,2025-11-01,28,1152,288,9
USG-c5fcb695,CUST-528e7eab,2025-12-01,28,1405,281,6
USG-63872002,CUST-528e7eab,2026-01-01,29,296,296,10
USG-d52c196d,CUST-528e7eab,2026-02-01,21,430,215,1
USG-457bdeaf,CUST-528e7eab,2026-03-01,27,822,274,6
USG-dd548f68,CUST-528e7eab,2026-04-01,27,816,272,10
USG-ec059e71,CUST-0735c152,2025-12-01,15,306,153,6
USG-cb528691,CUST-0735c152,2026-01-01,20,832,208,3
USG-c7fc2f80,CUST-0735c152,2026-02-01,16,330,165,1
USG-d54384d2,CUST-0735c152,2026-03-01,14,149,149,9
USG-feb074f6,CUST-0735c152,2026-04-01,18,180,180,9
USG-c6b993cd,CUST-9cf8f888,2024-10-01,24,726,242,9
USG-611850b8,CUST-9cf8f888,2024-11-01,26,1052,263,8
USG-f0f72916,CUST-9cf8f888,2024-12-01,21,636,212,3
USG-3fd2ef17,CUST-9cf8f888,2025-01-01,25,255,255,5
USG-9ff54a7f,CUST-9cf8f888,2025-02-01,23,711,237,7
USG-91ffa73a,CUST-9cf8f888,2025-03-01,26,267,267,9
USG-6e88c2ca,CUST-9cf8f888,2025-04-01,24,980,245,10
USG-3a5c51e5,CUST-9cf8f888,2025-05-01,19,398,199,8
USG-c0be6104,CUST-9cf8f888,2025-06-01,26,265,265,3
USG-c3ec3bb9,CUST-9cf8f888,2025-07-01,21,434,217,6
USG-879d3f90,CUST-9cf8f888,2025-08-01,26,783,261,2
USG-8dcd0b1e,CUST-9cf8f888,2025-09-01,26,260,260,6
USG-5ea682dc,CUST-9cf8f888,2025-10-01,21,876,219,3
USG-4f8e9826,CUST-9cf8f888,2025-11-01,24,247,247,3
USG-2f08ee22,CUST-9cf8f888,2025-12-01,22,900,225,8
USG-1e6856cc,CUST-9cf8f888,2026-01-01,22,1125,225,1
USG-be1185f9,CUST-9cf8f888,2026-02-01,25,1295,259,5
USG-ac3efde3,CUST-9cf8f888,2026-03-01,1,0,0,10
USG-0a57e451,CUST-9cf8f888,2026-04-01,1,9,3,8
USG-86807b61,CUST-75707daa,2024-06-01,2,100,25,5
USG-1d2b1975,CUST-75707daa,2024-07-01,2,72,24,6
USG-64d56c8d,CUST-75707daa,2024-08-01,3,60,30,1
USG-5a92cc14,CUST-75707daa,2024-09-01,2,81,27,4
USG-e384a742,CUST-75707daa,2024-10-01,2,92,23,2
USG-d44ed6c6,CUST-75707daa,2024-11-01,2,50,25,5
USG-0014242b,CUST-75707daa,2024-12-01,3,64,32,8
USG-966f70f3,CUST-75707daa,2025-01-01,2,46,23,5
USG-de471513,CUST-75707daa,2025-02-01,2,24,24,1
USG-d52f0b8f,CUST-75707daa,2025-03-01,2,87,29,7
USG-c940bb6e,CUST-75707daa,2025-04-01,2,28,28,10
USG-4a9db946,CUST-75707daa,2025-05-01,3,96,32,4
USG-7d60058a,CUST-75707daa,2025-06-01,3,30,30,3
USG-58d01897,CUST-75707daa,2025-07-01,2,72,24,3
USG-8586c4d4,CUST-75707daa,2025-08-01,3,120,30,5
USG-c7f44edb,CUST-75707daa,2025-09-01,2,84,28,8
USG-d0749b65,CUST-75707daa,2025-10-01,2,28,28,7
USG-f0f47ea3,CUST-75707daa,2025-11-01,2,108,27,5
USG-bda3658e,CUST-75707daa,2025-12-01,2,125,25,7
USG-b5e241c8,CUST-75707daa,2026-01-01,2,58,29,1
USG-8c8ce1d9,CUST-75707daa,2026-02-01,2,27,27,8
USG-982be2fb,CUST-75707daa,2026-03-01,1,4,4,1
USG-907b8666,CUST-75707daa,2026-04-01,1,5,5,1
USG-0c6215c1,CUST-5156ec81,2026-01-01,5,165,55,9
USG-c2cf493f,CUST-5156ec81,2026-02-01,7,216,72,7
USG-1352e05f,CUST-5156ec81,2026-03-01,6,201,67,3
USG-b25049a4,CUST-5156ec81,2026-04-01,5,270,54,8
USG-8eee7da2,CUST-6efbb91b,2025-06-01,18,181,181,1
USG-131a1d81,CUST-6efbb91b,2025-07-01,15,760,152,2
USG-f9c5c017,CUST-6efbb91b,2025-08-01,18,188,188,8
USG-4f5ba7f1,CUST-6efbb91b,2025-09-01,14,288,144,2
USG-15c0f64a,CUST-6efbb91b,2025-10-01,18,546,182,10
USG-24ef31b0,CUST-6efbb91b,2025-11-01,14,145,145,5
USG-832643fb,CUST-6efbb91b,2025-12-01,17,342,171,1
USG-8be9314e,CUST-6efbb91b,2026-01-01,18,724,181,5
USG-379c6b59,CUST-6efbb91b,2026-02-01,13,411,137,2
USG-89c2aa28,CUST-6efbb91b,2026-03-01,1,1,1,1
USG-1be99525,CUST-6efbb91b,2026-04-01,1,3,3,5
USG-3723d175,CUST-ca55489e,2024-09-01,42,427,427,1
USG-c5218897,CUST-ca55489e,2024-10-01,40,1209,403,1
USG-b7e28a2a,CUST-ca55489e,2024-11-01,31,957,319,9
USG-8726537c,CUST-ca55489e,2024-12-01,36,1805,361,6
USG-42da7dae,CUST-ca55489e,2025-01-01,29,1172,293,1
USG-29a01786,CUST-ca55489e,2025-02-01,39,1592,398,6
USG-d6812968,CUST-ca55489e,2025-03-01,38,1143,381,2
USG-ab9edde9,CUST-ca55489e,2025-04-01,32,652,326,6
USG-b59fcaa0,CUST-ca55489e,2025-05-01,42,1266,422,7
USG-ea62fdab,CUST-ca55489e,2025-06-01,29,873,291,2
USG-dad26e93,CUST-ca55489e,2025-07-01,32,652,326,8
USG-37ff85e7,CUST-ca55489e,2025-08-01,35,712,356,2
USG-93fa1e87,CUST-ca55489e,2025-09-01,33,674,337,9
USG-c8ea82af,CUST-ca55489e,2025-10-01,34,343,343,6
USG-d4a8b34d,CUST-ca55489e,2025-11-01,30,305,305,7
USG-269c0f4a,CUST-ca55489e,2025-12-01,31,1252,313,2
USG-91d76475,CUST-ca55489e,2026-01-01,32,972,324,10
USG-b3d6840d,CUST-ca55489e,2026-02-01,31,315,315,1
USG-85a55208,CUST-ca55489e,2026-03-01,1,3,3,7
USG-de3870aa,CUST-ca55489e,2026-04-01,1,2,2,5
USG-f27d8128,CUST-70bb5d0f,2025-12-01,53,2148,537,3
USG-f82535a3,CUST-70bb5d0f,2026-01-01,58,1761,587,4
USG-20852a60,CUST-70bb5d0f,2026-02-01,42,422,422,8
USG-bfdb9ceb,CUST-70bb5d0f,2026-03-01,43,438,438,3
USG-8549f856,CUST-70bb5d0f,2026-04-01,42,1708,427,3
USG-d47ccb78,CUST-547276dc,2025-04-01,19,950,190,5
USG-836e4ba5,CUST-547276dc,2025-05-01,16,322,161,5
USG-cfc4003a,CUST-547276dc,2025-06-01,20,1015,203,9
USG-f213b381,CUST-547276dc,2025-07-01,16,169,169,10
USG-6b156af7,CUST-547276dc,2025-08-01,16,845,169,3
USG-75958092,CUST-547276dc,2025-09-01,16,322,161,4
USG-8059461f,CUST-547276dc,2025-10-01,16,167,167,1
USG-38c5f9e7,CUST-547276dc,2025-11-01,20,1015,203,10
USG-ba59e020,CUST-547276dc,2025-12-01,17,179,179,10
USG-95b14ed8,CUST-547276dc,2026-01-01,20,621,207,1
USG-d8e1ed7a,CUST-547276dc,2026-02-01,14,700,140,10
USG-3258343b,CUST-547276dc,2026-03-01,18,186,186,3
USG-52d26b16,CUST-547276dc,2026-04-01,19,985,197,8
USG-cbce5106,CUST-7837d6ea,2025-03-01,53,2660,532,3
USG-b1ed425a,CUST-7837d6ea,2025-04-01,52,1046,523,9
USG-9896f223,CUST-7837d6ea,2025-05-01,49,1488,496,2
USG-f54bcef0,CUST-7837d6ea,2025-06-01,45,2295,459,5
USG-98c23337,CUST-7837d6ea,2025-07-01,51,1548,516,5
USG-cf570067,CUST-7837d6ea,2025-08-01,51,1554,518,6
USG-06961626,CUST-7837d6ea,2025-09-01,55,1110,555,7
USG-18748838,CUST-7837d6ea,2025-10-01,47,954,477,8
USG-13049611,CUST-7837d6ea,2025-11-01,44,1764,441,10
USG-192a7fc6,CUST-7837d6ea,2025-12-01,56,2244,561,5
USG-34400031,CUST-7837d6ea,2026-01-01,50,501,501,1
USG-78ed82fe,CUST-7837d6ea,2026-02-01,45,918,459,10
USG-2da7f467,CUST-7837d6ea,2026-03-01,51,1038,519,8
USG-6355f270,CUST-7837d6ea,2026-04-01,42,1266,422,4
USG-12e70f85,CUST-aaf94b57,2025-06-01,2,80,20,8
USG-b61fcdb2,CUST-aaf94b57,2025-07-01,1,90,18,4
USG-8bd2162f,CUST-aaf94b57,2025-08-01,2,80,20,8
USG-e2d5b365,CUST-aaf94b57,2025-09-01,1,19,19,8
USG-e9ebaac0,CUST-aaf94b57,2025-10-01,1,30,15,5
USG-990177fa,CUST-aaf94b57,2025-11-01,2,110,22,10
USG-bbfe861d,CUST-aaf94b57,2025-12-01,2,63,21,2
USG-392807c0,CUST-aaf94b57,2026-01-01,2,40,20,4
USG-d2c143ec,CUST-aaf94b57,2026-02-01,2,20,20,6
USG-49150fb6,CUST-aaf94b57,2026-03-01,1,36,18,1
USG-556c7e20,CUST-aaf94b57,2026-04-01,1,38,19,7
USG-414f9523,CUST-4cf37234,2025-03-01,17,688,172,3
USG-e68f0494,CUST-4cf37234,2025-04-01,16,664,166,3
USG-42f1e3cc,CUST-4cf37234,2025-05-01,21,642,214,2
USG-34d9a5c4,CUST-4cf37234,2025-06-01,22,884,221,7
USG-3ae55bff,CUST-4cf37234,2025-07-01,17,850,170,7
USG-0ec47c0e,CUST-4cf37234,2025-08-01,24,976,244,2
USG-094e8c6a,CUST-4cf37234,2025-09-01,24,246,246,9
USG-a575c57a,CUST-4cf37234,2025-10-01,18,376,188,10
USG-f31362c8,CUST-4cf37234,2025-11-01,16,835,167,3
USG-2a9bcb7a,CUST-4cf37234,2025-12-01,22,880,220,7
USG-ca1cc4dc,CUST-4cf37234,2026-01-01,23,478,239,7
USG-a9ade7a1,CUST-4cf37234,2026-02-01,16,835,167,7
USG-073545c3,CUST-4cf37234,2026-03-01,1,2,1,4
USG-7da8e37f,CUST-4cf37234,2026-04-01,1,20,4,6
USG-3fc6f354,CUST-53072c9e,2024-08-01,3,120,30,8
USG-b5fc97aa,CUST-53072c9e,2024-09-01,3,93,31,6
USG-9bc0e4f5,CUST-53072c9e,2024-10-01,2,25,25,1
USG-67e695a5,CUST-53072c9e,2024-11-01,2,29,29,10
USG-b4c0b4a5,CUST-53072c9e,2024-12-01,2,52,26,1
USG-4091184d,CUST-53072c9e,2025-01-01,3,150,30,3
USG-82791980,CUST-53072c9e,2025-02-01,3,150,30,9
USG-2c6291d9,CUST-53072c9e,2025-03-01,3,108,36,6
USG-c06414e9,CUST-53072c9e,2025-04-01,3,111,37,5
USG-3247d724,CUST-53072c9e,2025-05-01,3,175,35,10
USG-21a76f3c,CUST-53072c9e,2025-06-01,3,35,35,3
USG-87d777ee,CUST-53072c9e,2025-07-01,2,112,28,2
USG-29422b00,CUST-53072c9e,2025-08-01,3,90,30,1
USG-cd8a13d5,CUST-53072c9e,2025-09-01,3,170,34,10
USG-9d0daf16,CUST-53072c9e,2025-10-01,3,33,33,8
USG-17b496a7,CUST-53072c9e,2025-11-01,3,150,30,2
USG-e098333b,CUST-53072c9e,2025-12-01,3,175,35,2
USG-b8f42396,CUST-53072c9e,2026-01-01,3,105,35,10
USG-4ffd2678,CUST-53072c9e,2026-02-01,3,72,36,7
USG-777fe721,CUST-53072c9e,2026-03-01,3,93,31,10
USG-65542c33,CUST-53072c9e,2026-04-01,2,50,25,2
USG-0a54b707,CUST-eb79910c,2025-04-01,23,1170,234,2
USG-5fd0c276,CUST-eb79910c,2025-05-01,28,1140,285,7
USG-9921df1f,CUST-eb79910c,2025-06-01,23,702,234,1
USG-228c171a,CUST-eb79910c,2025-07-01,28,285,285,5
USG-1d615559,CUST-eb79910c,2025-08-01,21,840,210,6
USG-ae9d56a6,CUST-eb79910c,2025-09-01,25,506,253,2
USG-363ee2d9,CUST-eb79910c,2025-10-01,22,892,223,6
USG-2526d022,CUST-eb79910c,2025-11-01,25,506,253,3
USG-c5265414,CUST-eb79910c,2025-12-01,25,251,251,9
USG-24d78bc0,CUST-eb79910c,2026-01-01,21,1075,215,7
USG-2baaee13,CUST-eb79910c,2026-02-01,19,390,195,10
USG-89cbaef9,CUST-eb79910c,2026-03-01,1,0,0,7
USG-19a28c1b,CUST-eb79910c,2026-04-01,1,9,3,9
USG-162dac40,CUST-61f00f42,2025-10-01,22,669,223,7
USG-8e755562,CUST-61f00f42,2025-11-01,22,678,226,4
USG-b01c062e,CUST-61f00f42,2025-12-01,25,759,253,2
USG-90f22103,CUST-61f00f42,2026-01-01,26,528,264,5
USG-a3028e87,CUST-61f00f42,2026-02-01,24,972,243,5
USG-a3a5502b,CUST-61f00f42,2026-03-01,20,402,201,8
USG-178ca878,CUST-61f00f42,2026-04-01,18,183,183,3
USG-5932cb65,CUST-17cb34c0,2025-05-01,3,38,38,1
USG-b58b7137,CUST-17cb34c0,2025-06-01,3,170,34,2
USG-94c6ab63,CUST-17cb34c0,2025-07-01,4,44,44,1
USG-6d0871bf,CUST-17cb34c0,2025-08-01,3,70,35,1
USG-e7ec69e6,CUST-17cb34c0,2025-09-01,3,78,39,5
USG-8b21a946,CUST-17cb34c0,2025-10-01,4,180,45,1
USG-9a83420f,CUST-17cb34c0,2025-11-01,4,200,40,1
USG-62fc2230,CUST-17cb34c0,2025-12-01,4,120,40,8
USG-373e01a2,CUST-17cb34c0,2026-01-01,4,210,42,6
USG-66c92386,CUST-17cb34c0,2026-02-01,3,128,32,7
USG-da3f7f41,CUST-17cb34c0,2026-03-01,3,32,32,8
USG-81d15b92,CUST-17cb34c0,2026-04-01,4,132,44,5
USG-409dbf5a,CUST-a6a752a8,2025-05-01,16,169,169,5
USG-e6022955,CUST-a6a752a8,2025-06-01,12,645,129,5
USG-a7a0b371,CUST-a6a752a8,2025-07-01,16,640,160,2
USG-df36d34a,CUST-a6a752a8,2025-08-01,14,284,142,3
USG-048533b7,CUST-a6a752a8,2025-09-01,15,628,157,8
USG-18b705ca,CUST-a6a752a8,2025-10-01,12,124,124,1
USG-4c8b48cd,CUST-a6a752a8,2025-11-01,13,136,136,3
USG-2f3917d3,CUST-a6a752a8,2025-12-01,15,159,159,3
USG-5b0a90de,CUST-a6a752a8,2026-01-01,14,441,147,7
USG-2a5adb0f,CUST-a6a752a8,2026-02-01,13,411,137,10
USG-9ab97c16,CUST-a6a752a8,2026-03-01,12,125,125,9
USG-5c848857,CUST-a6a752a8,2026-04-01,15,604,151,9
USG-8ebe0609,CUST-96b7841d,2025-11-01,30,906,302,10
USG-484385e7,CUST-96b7841d,2025-12-01,27,554,277,4
USG-2e421944,CUST-96b7841d,2026-01-01,28,1148,287,5
USG-df2969cb,CUST-96b7841d,2026-02-01,25,1265,253,2
USG-75b4054b,CUST-96b7841d,2026-03-01,27,544,272,4
USG-1f9b1dfc,CUST-96b7841d,2026-04-01,27,1365,273,8
USG-a2020695,CUST-1ab018d6,2024-09-01,18,549,183,5
USG-2f467890,CUST-1ab018d6,2024-10-01,19,396,198,8
USG-69b63c3b,CUST-1ab018d6,2024-11-01,25,1020,255,1
USG-a30e55fd,CUST-1ab018d6,2024-12-01,23,230,230,9
USG-256a601a,CUST-1ab018d6,2025-01-01,20,612,204,4
USG-dbbc0460,CUST-1ab018d6,2025-02-01,24,976,244,10
USG-5d0515aa,CUST-1ab018d6,2025-03-01,20,808,202,4
USG-0284752c,CUST-1ab018d6,2025-04-01,18,370,185,5
USG-63ba2d62,CUST-1ab018d6,2025-05-01,19,955,191,1
USG-782592a1,CUST-1ab018d6,2025-06-01,17,531,177,10
USG-12f4ccb9,CUST-1ab018d6,2025-07-01,19,760,190,9
USG-3814841e,CUST-1ab018d6,2025-08-01,25,774,258,3
USG-c7d96682,CUST-1ab018d6,2025-09-01,25,750,250,7
USG-215126be,CUST-1ab018d6,2025-10-01,23,239,239,6
USG-345a3ed7,CUST-1ab018d6,2025-11-01,18,364,182,2
USG-7a2ae76f,CUST-1ab018d6,2025-12-01,24,968,242,8
USG-7b82943b,CUST-1ab018d6,2026-01-01,21,211,211,9
USG-928cd34f,CUST-1ab018d6,2026-02-01,25,1028,257,1
USG-d937be4d,CUST-1ab018d6,2026-03-01,18,732,183,7
USG-cb826971,CUST-1ab018d6,2026-04-01,25,1260,252,10
USG-32ec9bc3,CUST-1765ce50,2024-11-01,23,476,238,5
USG-447d7170,CUST-1765ce50,2024-12-01,20,606,202,7
USG-2420c9d8,CUST-1765ce50,2025-01-01,22,448,224,10
USG-da19c974,CUST-1765ce50,2025-02-01,21,633,211,5
USG-fe5eec48,CUST-1765ce50,2025-03-01,25,257,257,5
USG-a27921bc,CUST-1765ce50,2025-04-01,25,777,259,1
USG-d47114e0,CUST-1765ce50,2025-05-01,25,1280,256,9
USG-769f92b4,CUST-1765ce50,2025-06-01,22,1140,228,4
USG-9443ef0d,CUST-1765ce50,2025-07-01,26,1044,261,7
USG-c4cc7c3c,CUST-1765ce50,2025-08-01,24,247,247,9
USG-034a99d9,CUST-1765ce50,2025-09-01,20,603,201,5
USG-22d2c626,CUST-1765ce50,2025-10-01,24,992,248,1
USG-66ab9c7f,CUST-1765ce50,2025-11-01,20,812,203,6
USG-a291f815,CUST-1765ce50,2025-12-01,28,568,284,9
USG-80f7fcae,CUST-1765ce50,2026-01-01,25,514,257,2
USG-db8b6009,CUST-1765ce50,2026-02-01,22,446,223,1
USG-5126bb78,CUST-1765ce50,2026-03-01,23,944,236,10
USG-52645815,CUST-1765ce50,2026-04-01,26,266,266,10
USG-81a3a66b,CUST-ccb5e68c,2026-02-01,3,170,34,8
USG-9c854c8c,CUST-ccb5e68c,2026-03-01,3,31,31,2
USG-2ec6138b,CUST-ccb5e68c,2026-04-01,2,145,29,4
USG-de100073,CUST-2d55f928,2025-01-01,56,1689,563,6
USG-b5c1dfa8,CUST-2d55f928,2025-02-01,39,1970,394,9
USG-5e77deec,CUST-2d55f928,2025-03-01,40,1227,409,6
USG-061bc931,CUST-2d55f928,2025-04-01,43,432,432,9
USG-39d5816c,CUST-2d55f928,2025-05-01,42,1680,420,9
USG-aa651d8d,CUST-2d55f928,2025-06-01,47,1437,479,8
USG-9b940713,CUST-2d55f928,2025-07-01,52,1572,524,3
USG-db6d3449,CUST-2d55f928,2025-08-01,54,549,549,8
USG-b97ac2e5,CUST-2d55f928,2025-09-01,53,1599,533,4
USG-b17565da,CUST-2d55f928,2025-10-01,48,962,481,1
USG-0c64ce7e,CUST-2d55f928,2025-11-01,53,2685,537,6
USG-6e4290fc,CUST-2d55f928,2025-12-01,53,538,538,1
USG-e14d87e8,CUST-2d55f928,2026-01-01,46,1860,465,8
USG-9f47afbd,CUST-2d55f928,2026-02-01,46,1395,465,6
USG-6a2ac544,CUST-2d55f928,2026-03-01,38,1140,380,4
USG-341f8b0d,CUST-2d55f928,2026-04-01,56,1695,565,8
USG-85423469,CUST-24ffe97e,2026-02-01,48,1940,485,1
USG-e5bb8238,CUST-24ffe97e,2026-03-01,44,1768,442,8
USG-69d38ee6,CUST-24ffe97e,2026-04-01,36,1472,368,2
USG-22698cb5,CUST-856962a3,2025-10-01,12,384,128,8
USG-5c7f9b7b,CUST-856962a3,2025-11-01,13,402,134,2
USG-6084e211,CUST-856962a3,2025-12-01,16,332,166,3
USG-a61144ea,CUST-856962a3,2026-01-01,15,612,153,7
USG-e0fbc0ab,CUST-856962a3,2026-02-01,15,477,159,9
USG-bb10902a,CUST-856962a3,2026-03-01,1,10,5,5
USG-6ba0fda7,CUST-856962a3,2026-04-01,1,10,5,7
USG-8489342b,CUST-ff80b300,2024-09-01,16,166,166,8
USG-ada6467e,CUST-ff80b300,2024-10-01,16,660,165,6
USG-2da35366,CUST-ff80b300,2024-11-01,18,720,180,4
USG-77c8dd11,CUST-ff80b300,2024-12-01,13,540,135,2
USG-01c7c870,CUST-ff80b300,2025-01-01,14,592,148,1
USG-61cee396,CUST-ff80b300,2025-02-01,13,408,136,2
USG-0dbc1ac4,CUST-ff80b300,2025-03-01,17,510,170,1
USG-9cffa6be,CUST-ff80b300,2025-04-01,19,190,190,1
USG-5dc3c90f,CUST-ff80b300,2025-05-01,18,925,185,3
USG-a312038a,CUST-ff80b300,2025-06-01,15,760,152,4
USG-15324b30,CUST-ff80b300,2025-07-01,19,570,190,10
USG-3a7eee06,CUST-ff80b300,2025-08-01,17,696,174,3
USG-2db08375,CUST-ff80b300,2025-09-01,16,320,160,9
USG-c7d0d380,CUST-ff80b300,2025-10-01,16,648,162,7
USG-82f8f050,CUST-ff80b300,2025-11-01,15,152,152,3
USG-c54e3be0,CUST-ff80b300,2025-12-01,14,580,145,2
USG-1820a30b,CUST-ff80b300,2026-01-01,14,149,149,4
USG-72cb341d,CUST-ff80b300,2026-02-01,16,160,160,3
USG-94d23ae6,CUST-ff80b300,2026-03-01,16,332,166,7
USG-d8dc38f6,CUST-ff80b300,2026-04-01,18,736,184,6
USG-d94c1728,CUST-76fca5a2,2024-10-01,10,416,104,8
USG-54087f3d,CUST-76fca5a2,2024-11-01,9,192,96,8
USG-8a26068e,CUST-76fca5a2,2024-12-01,9,288,96,6
USG-75bd5f57,CUST-76fca5a2,2025-01-01,10,327,109,1
USG-0db7b4da,CUST-76fca5a2,2025-02-01,9,273,91,10
USG-985771c7,CUST-76fca5a2,2025-03-01,10,535,107,10
USG-c2231b2e,CUST-76fca5a2,2025-04-01,9,364,91,6
USG-03f2a299,CUST-76fca5a2,2025-05-01,10,318,106,4
USG-1f6c3f56,CUST-76fca5a2,2025-06-01,9,291,97,3
USG-ac190c74,CUST-76fca5a2,2025-07-01,8,88,88,10
USG-709f2aed,CUST-76fca5a2,2025-08-01,9,92,92,6
USG-20aa1f8e,CUST-76fca5a2,2025-09-01,9,276,92,8
USG-9025f4da,CUST-76fca5a2,2025-10-01,11,348,116,9
USG-fa779bf2,CUST-76fca5a2,2025-11-01,11,234,117,10
USG-b1235d65,CUST-76fca5a2,2025-12-01,10,108,108,2
USG-bfcb01e8,CUST-76fca5a2,2026-01-01,12,480,120,7
USG-08c47084,CUST-76fca5a2,2026-02-01,11,565,113,3
USG-2373de75,CUST-76fca5a2,2026-03-01,11,115,115,5
USG-af13d4da,CUST-76fca5a2,2026-04-01,11,580,116,9
USG-f5b7812d,CUST-623f9419,2025-01-01,20,414,207,9
USG-010226ef,CUST-623f9419,2025-02-01,17,525,175,9
USG-c1206978,CUST-623f9419,2025-03-01,15,477,159,4
USG-8dac5ad9,CUST-623f9419,2025-04-01,14,720,144,10
USG-f6fa4cb3,CUST-623f9419,2025-05-01,19,768,192,4
USG-2c67a750,CUST-623f9419,2025-06-01,18,546,182,5
USG-0eddce14,CUST-623f9419,2025-07-01,20,410,205,5
USG-88d90478,CUST-623f9419,2025-08-01,14,735,147,5
USG-0df650df,CUST-623f9419,2025-09-01,20,1005,201,1
USG-aa06a924,CUST-623f9419,2025-10-01,16,656,164,9
USG-399a91a5,CUST-623f9419,2025-11-01,18,900,180,9
USG-da1f0337,CUST-623f9419,2025-12-01,18,188,188,9
USG-9ed2e7ea,CUST-623f9419,2026-01-01,19,776,194,4
USG-3ebbbed9,CUST-623f9419,2026-02-01,20,618,206,3
USG-0ee92a66,CUST-623f9419,2026-03-01,17,534,178,8
USG-2419f428,CUST-623f9419,2026-04-01,20,200,200,2
USG-f1a33a64,CUST-193ed1d8,2026-04-01,18,736,184,4
USG-0914fe2d,CUST-718109c8,2026-04-01,1,4,4,6
USG-313bf97d,CUST-e56b6a7e,2025-06-01,44,1788,447,3
USG-aec5fbf7,CUST-e56b6a7e,2025-07-01,38,1536,384,4
USG-c85a42be,CUST-e56b6a7e,2025-08-01,44,1768,442,2
USG-857108f5,CUST-e56b6a7e,2025-09-01,41,2075,415,8
USG-f89ab6ad,CUST-e56b6a7e,2025-10-01,40,1224,408,1
USG-41cf40e1,CUST-e56b6a7e,2025-11-01,50,1002,501,2
USG-7c19e047,CUST-e56b6a7e,2025-12-01,47,477,477,7
USG-bbc41b68,CUST-e56b6a7e,2026-01-01,45,451,451,7
USG-3e33e14b,CUST-e56b6a7e,2026-02-01,40,1612,403,10
USG-5c8e2d39,CUST-e56b6a7e,2026-03-01,50,2530,506,10
USG-0465fdb3,CUST-e56b6a7e,2026-04-01,49,1964,491,8
USG-f333a60d,CUST-4c846cd0,2024-11-01,53,1074,537,2
USG-ed9afc4c,CUST-4c846cd0,2024-12-01,46,920,460,5
USG-915cc4de,CUST-4c846cd0,2025-01-01,45,906,453,3
USG-9148218f,CUST-4c846cd0,2025-02-01,41,1660,415,9
USG-05bdb496,CUST-4c846cd0,2025-03-01,44,445,445,8
USG-c48a5854,CUST-4c846cd0,2025-04-01,38,1544,386,2
USG-5b50742e,CUST-4c846cd0,2025-05-01,48,2425,485,10
USG-99b079eb,CUST-4c846cd0,2025-06-01,43,2170,434,3
USG-301e546e,CUST-4c846cd0,2025-07-01,42,2145,429,6
USG-8c20d91e,CUST-4c846cd0,2025-08-01,49,990,495,6
USG-265191cf,CUST-4c846cd0,2025-09-01,55,2755,551,9
USG-948c169d,CUST-4c846cd0,2025-10-01,37,378,378,10
USG-d457fa87,CUST-4c846cd0,2025-11-01,40,402,402,4
USG-47626c04,CUST-4c846cd0,2025-12-01,51,1022,511,5
USG-5be31804,CUST-4c846cd0,2026-01-01,43,860,430,5
USG-4deb0b40,CUST-4c846cd0,2026-02-01,45,456,456,2
USG-0d048977,CUST-4c846cd0,2026-03-01,43,1293,431,9
USG-7767c6b2,CUST-4c846cd0,2026-04-01,55,1100,550,2
USG-b6afbabb,CUST-6bf6fa87,2024-06-01,24,1245,249,6
USG-8722d991,CUST-6bf6fa87,2024-07-01,24,245,245,10
USG-bbbbf4ff,CUST-6bf6fa87,2024-08-01,35,1400,350,1
USG-fd8d6326,CUST-6bf6fa87,2024-09-01,28,1148,287,7
USG-f6b9126e,CUST-6bf6fa87,2024-10-01,35,1755,351,4
USG-85eba248,CUST-6bf6fa87,2024-11-01,33,333,333,4
USG-7be44be1,CUST-6bf6fa87,2024-12-01,24,988,247,5
USG-297721f7,CUST-6bf6fa87,2025-01-01,27,1360,272,4
USG-ff4194b1,CUST-6bf6fa87,2025-02-01,25,774,258,3
USG-c7e071cb,CUST-6bf6fa87,2025-03-01,27,277,277,4
USG-14b0ee2b,CUST-6bf6fa87,2025-04-01,34,698,349,4
USG-0e9f670a,CUST-6bf6fa87,2025-05-01,31,634,317,2
USG-0c2350ad,CUST-6bf6fa87,2025-06-01,23,478,239,6
USG-941c3f78,CUST-6bf6fa87,2025-07-01,34,1388,347,8
USG-72933a54,CUST-6bf6fa87,2025-08-01,27,1370,274,2
USG-ab6ce6d5,CUST-6bf6fa87,2025-09-01,27,1350,270,10
USG-cd9129ce,CUST-6bf6fa87,2025-10-01,27,1390,278,8
USG-89de2921,CUST-6bf6fa87,2025-11-01,29,582,291,2
USG-5b899ffc,CUST-6bf6fa87,2025-12-01,31,1272,318,1
USG-b094a459,CUST-6bf6fa87,2026-01-01,27,1390,278,3
USG-a5aa1d12,CUST-6bf6fa87,2026-02-01,27,558,279,3
USG-361b0072,CUST-6bf6fa87,2026-03-01,1,0,0,5
USG-4c158818,CUST-6bf6fa87,2026-04-01,1,3,1,5
USG-28af0a9e,CUST-7729ce4c,2025-11-01,19,380,190,7
USG-d97f7d1d,CUST-7729ce4c,2025-12-01,22,1140,228,9
USG-273ff564,CUST-7729ce4c,2026-01-01,20,400,200,7
USG-9498d92d,CUST-7729ce4c,2026-02-01,19,398,199,7
USG-48d5e762,CUST-7729ce4c,2026-03-01,20,627,209,5
USG-f4531682,CUST-7729ce4c,2026-04-01,21,1080,216,9
USG-b6d31e28,CUST-2606ee03,2025-06-01,38,1548,387,4
USG-b8cf6dd9,CUST-2606ee03,2025-07-01,50,2016,504,8
USG-fbd77b32,CUST-2606ee03,2025-08-01,50,2525,505,3
USG-cb9938a6,CUST-2606ee03,2025-09-01,48,1928,482,1
USG-1f99e43c,CUST-2606ee03,2025-10-01,41,2080,416,5
USG-39498ea7,CUST-2606ee03,2025-11-01,39,1965,393,3
USG-6e124c74,CUST-2606ee03,2025-12-01,50,504,504,10
USG-4fb02678,CUST-2606ee03,2026-01-01,51,1554,518,8
USG-0423630a,CUST-2606ee03,2026-02-01,41,828,414,6
USG-3f57ba3c,CUST-2606ee03,2026-03-01,37,1875,375,8
USG-9420c7a7,CUST-2606ee03,2026-04-01,46,930,465,1
USG-6977c45c,CUST-c6948307,2025-06-01,31,626,313,9
USG-1ffc4993,CUST-c6948307,2025-07-01,30,301,301,2
USG-42d78203,CUST-c6948307,2025-08-01,26,260,260,4
USG-14dee26b,CUST-c6948307,2025-09-01,30,1525,305,10
USG-2d17e8bd,CUST-c6948307,2025-10-01,30,1520,304,10
USG-ce4cd13a,CUST-c6948307,2025-11-01,35,350,350,2
USG-b15dbc6c,CUST-c6948307,2025-12-01,28,288,288,6
USG-633eb1e2,CUST-c6948307,2026-01-01,31,954,318,8
USG-b2065c31,CUST-c6948307,2026-02-01,36,362,362,7
USG-4f93d0a3,CUST-c6948307,2026-03-01,31,311,311,7
USG-98d15c8d,CUST-c6948307,2026-04-01,30,610,305,1
USG-2564e452,CUST-8abd891d,2025-10-01,18,183,183,1
USG-4085f31d,CUST-8abd891d,2025-11-01,19,576,192,5
USG-119e5902,CUST-8abd891d,2025-12-01,19,960,192,1
USG-fc7bfd3a,CUST-8abd891d,2026-01-01,13,278,139,2
USG-92be8f72,CUST-8abd891d,2026-02-01,18,567,189,4
USG-717ae840,CUST-8abd891d,2026-03-01,19,784,196,1
USG-42817add,CUST-8abd891d,2026-04-01,19,780,195,5
USG-6293b597,CUST-6a554766,2024-10-01,9,96,96,2
USG-d4269946,CUST-6a554766,2024-11-01,12,384,128,5
USG-0d1e0ba1,CUST-6a554766,2024-12-01,11,565,113,10
USG-6d5468ad,CUST-6a554766,2025-01-01,9,93,93,8
USG-6bbcb7db,CUST-6a554766,2025-02-01,11,114,114,10
USG-f5bbf17d,CUST-6a554766,2025-03-01,10,520,104,1
USG-942beb51,CUST-6a554766,2025-04-01,11,114,114,4
USG-a3396510,CUST-6a554766,2025-05-01,10,104,104,8
USG-33a00242,CUST-6a554766,2025-06-01,11,348,116,10
USG-14100867,CUST-6a554766,2025-07-01,9,279,93,10
USG-12fd7a8a,CUST-6a554766,2025-08-01,10,202,101,7
USG-6bc77a7e,CUST-6a554766,2025-09-01,8,445,89,1
USG-6e525507,CUST-6a554766,2025-10-01,12,127,127,7
USG-1f2c9d05,CUST-6a554766,2025-11-01,12,124,124,2
USG-b99f3f70,CUST-6a554766,2025-12-01,12,363,121,4
USG-c51c53f2,CUST-6a554766,2026-01-01,13,524,131,1
USG-11139c47,CUST-6a554766,2026-02-01,11,345,115,4
USG-9cfe62f3,CUST-6a554766,2026-03-01,11,342,114,4
USG-4a2818d5,CUST-6a554766,2026-04-01,11,580,116,8
USG-4826e90e,CUST-20b2676e,2025-06-01,9,98,98,10
USG-9c3a5d05,CUST-20b2676e,2025-07-01,11,112,112,6
USG-59fb3dca,CUST-20b2676e,2025-08-01,10,202,101,1
USG-fa50834e,CUST-20b2676e,2025-09-01,10,218,109,6
USG-8458ea94,CUST-20b2676e,2025-10-01,13,274,137,5
USG-f57ee335,CUST-20b2676e,2025-11-01,12,620,124,9
USG-36f965b5,CUST-20b2676e,2025-12-01,12,635,127,9
USG-5d2eb3e0,CUST-20b2676e,2026-01-01,9,279,93,10
USG-5e53e483,CUST-20b2676e,2026-02-01,11,345,115,7
USG-09a4967a,CUST-20b2676e,2026-03-01,10,315,105,6
USG-e39e0f1d,CUST-20b2676e,2026-04-01,10,109,109,7
USG-ba26fc11,CUST-c1c851c8,2025-06-01,32,656,328,5
USG-f4e92572,CUST-c1c851c8,2025-07-01,24,732,244,8
USG-119d0571,CUST-c1c851c8,2025-08-01,33,993,331,2
USG-323f983a,CUST-c1c851c8,2025-09-01,25,1250,250,4
USG-cc205c38,CUST-c1c851c8,2025-10-01,28,1425,285,2
USG-a58b81b4,CUST-c1c851c8,2025-11-01,31,632,316,9
USG-5295e284,CUST-c1c851c8,2025-12-01,31,1590,318,2
USG-ef212e82,CUST-c1c851c8,2026-01-01,32,1296,324,8
USG-a4ad3d0d,CUST-c1c851c8,2026-02-01,29,293,293,10
USG-75ed82c7,CUST-c1c851c8,2026-03-01,1,15,5,3
USG-d1069080,CUST-c1c851c8,2026-04-01,1,0,0,6
USG-c3646f1f,CUST-20246ddc,2025-04-01,35,1424,356,9
USG-80f4cd97,CUST-20246ddc,2025-05-01,40,409,409,5
USG-d66ae597,CUST-20246ddc,2025-06-01,38,766,383,10
USG-8542280b,CUST-20246ddc,2025-07-01,32,1605,321,1
USG-bda249d9,CUST-20246ddc,2025-08-01,28,1445,289,9
USG-570e5760,CUST-20246ddc,2025-09-01,36,736,368,6
USG-5a2e8452,CUST-20246ddc,2025-10-01,39,1970,394,6
USG-442164af,CUST-20246ddc,2025-11-01,35,706,353,10
USG-535e305b,CUST-20246ddc,2025-12-01,38,1930,386,1
USG-6f908165,CUST-20246ddc,2026-01-01,31,312,312,4
USG-8d87e10f,CUST-20246ddc,2026-02-01,34,698,349,2
USG-67d2a376,CUST-20246ddc,2026-03-01,1,1,1,6
USG-7b4cb12c,CUST-20246ddc,2026-04-01,1,20,4,7
USG-0c72c72d,CUST-cdfca35a,2025-11-01,31,951,317,9
USG-26c59869,CUST-cdfca35a,2025-12-01,28,282,282,8
USG-f7b57299,CUST-cdfca35a,2026-01-01,27,1080,270,9
USG-08f6f67f,CUST-cdfca35a,2026-02-01,24,498,249,5
USG-d6730c2d,CUST-cdfca35a,2026-03-01,35,1785,357,6
USG-2c94ac29,CUST-cdfca35a,2026-04-01,32,322,322,5
USG-14b80b78,CUST-07a5c73d,2025-04-01,1,15,15,9
USG-a060f5fe,CUST-07a5c73d,2025-05-01,1,56,14,2
USG-b00d8e3f,CUST-07a5c73d,2025-06-01,1,16,16,1
USG-5e7dc7de,CUST-07a5c73d,2025-07-01,1,39,13,9
USG-b105b49e,CUST-07a5c73d,2025-08-01,1,57,19,2
USG-312dda5c,CUST-07a5c73d,2025-09-01,1,36,18,4
USG-874014f5,CUST-07a5c73d,2025-10-01,1,90,18,2
USG-d82b3799,CUST-07a5c73d,2025-11-01,1,65,13,5
USG-18927510,CUST-07a5c73d,2025-12-01,1,36,18,6
USG-7b521d02,CUST-07a5c73d,2026-01-01,1,30,15,10
USG-c1db6023,CUST-07a5c73d,2026-02-01,1,48,16,6
USG-b4990990,CUST-07a5c73d,2026-03-01,1,48,16,5
USG-027d185d,CUST-07a5c73d,2026-04-01,1,28,14,10
USG-86faecb8,CUST-cb351f80,2024-08-01,28,280,280,1
USG-27d39a9e,CUST-cb351f80,2024-09-01,29,598,299,2
USG-6c186e1f,CUST-cb351f80,2024-10-01,26,1335,267,5
USG-6b085c06,CUST-cb351f80,2024-11-01,24,964,241,2
USG-bb84ee3f,CUST-cb351f80,2024-12-01,24,726,242,9
USG-dd4148f4,CUST-cb351f80,2025-01-01,34,680,340,5
USG-46bbc82f,CUST-cb351f80,2025-02-01,31,315,315,10
USG-44e23016,CUST-cb351f80,2025-03-01,27,828,276,3
USG-b7410ce8,CUST-cb351f80,2025-04-01,33,1344,336,2
USG-a6e6a726,CUST-cb351f80,2025-05-01,24,976,244,7
USG-f3f9fc3e,CUST-cb351f80,2025-06-01,34,1715,343,5
USG-9dd00d9c,CUST-cb351f80,2025-07-01,28,288,288,1
USG-a8b5706d,CUST-cb351f80,2025-08-01,23,476,238,4
USG-af20abfa,CUST-cb351f80,2025-09-01,25,254,254,2
USG-64f325c3,CUST-cb351f80,2025-10-01,27,1385,277,7
USG-543f1602,CUST-cb351f80,2025-11-01,26,804,268,7
USG-d5a6463b,CUST-cb351f80,2025-12-01,30,608,304,3
USG-c8788df3,CUST-cb351f80,2026-01-01,25,510,255,7
USG-4e89baea,CUST-cb351f80,2026-02-01,28,287,287,5
USG-42a47e92,CUST-cb351f80,2026-03-01,1,3,1,5
USG-b61e268b,CUST-cb351f80,2026-04-01,1,6,3,3
USG-b4404133,CUST-1a745f11,2024-09-01,42,1680,420,5
USG-456b7fc9,CUST-1a745f11,2024-10-01,44,447,447,6
USG-f3205065,CUST-1a745f11,2024-11-01,50,2500,500,10
USG-ddc42e5e,CUST-1a745f11,2024-12-01,46,466,466,6
USG-3fa87e15,CUST-1a745f11,2025-01-01,45,1374,458,1
USG-a3e9b7b1,CUST-1a745f11,2025-02-01,43,1317,439,3
USG-33c89453,CUST-1a745f11,2025-03-01,42,424,424,7
USG-cc600823,CUST-1a745f11,2025-04-01,42,1708,427,3
USG-c5800607,CUST-1a745f11,2025-05-01,39,1564,391,8
USG-26d81fd5,CUST-1a745f11,2025-06-01,36,366,366,9
USG-a2f06382,CUST-1a745f11,2025-07-01,41,1672,418,5
USG-5da73d6b,CUST-1a745f11,2025-08-01,49,496,496,1
USG-a05ba9aa,CUST-1a745f11,2025-09-01,47,1425,475,10
USG-1248c0b2,CUST-1a745f11,2025-10-01,34,1047,349,8
USG-2a5f1216,CUST-1a745f11,2025-11-01,48,2440,488,9
USG-af8dee61,CUST-1a745f11,2025-12-01,46,461,461,6
USG-267ea927,CUST-1a745f11,2026-01-01,39,393,393,9
USG-2221eeb5,CUST-1a745f11,2026-02-01,38,1164,388,6
USG-95f51c4d,CUST-1a745f11,2026-03-01,36,1456,364,5
USG-8ef36c05,CUST-1a745f11,2026-04-01,37,1131,377,3
USG-861205a5,CUST-9041ec25,2025-05-01,6,134,67,3
USG-b3c0b9a5,CUST-9041ec25,2025-06-01,8,162,81,5
USG-e4e67d3d,CUST-9041ec25,2025-07-01,8,352,88,3
USG-f8d1750d,CUST-9041ec25,2025-08-01,8,82,82,3
USG-df823a8b,CUST-9041ec25,2025-09-01,6,128,64,10
USG-33386724,CUST-9041ec25,2025-10-01,6,264,66,3
USG-4dab10b8,CUST-9041ec25,2025-11-01,7,76,76,4
USG-d88aa381,CUST-9041ec25,2025-12-01,8,174,87,1
USG-40f1e621,CUST-9041ec25,2026-01-01,7,219,73,8
USG-0d64ced8,CUST-9041ec25,2026-02-01,8,80,80,4
USG-c788404b,CUST-9041ec25,2026-03-01,1,0,0,6
USG-9e427bbb,CUST-9041ec25,2026-04-01,1,6,3,6
USG-a9510089,CUST-6b1b1fa5,2024-06-01,10,103,103,3
USG-778c1cab,CUST-6b1b1fa5,2024-07-01,11,114,114,4
USG-4050d93c,CUST-6b1b1fa5,2024-08-01,10,101,101,2
USG-7e0f756d,CUST-6b1b1fa5,2024-09-01,11,333,111,7
USG-16d89a9c,CUST-6b1b1fa5,2024-10-01,11,348,116,3
USG-9930c6e4,CUST-6b1b1fa5,2024-11-01,10,210,105,8
USG-e3ee5e74,CUST-6b1b1fa5,2024-12-01,13,665,133,1
USG-af1b50d4,CUST-6b1b1fa5,2025-01-01,14,447,149,6
USG-bcabe089,CUST-6b1b1fa5,2025-02-01,13,670,134,3
USG-205d55c5,CUST-6b1b1fa5,2025-03-01,13,552,138,8
USG-986772df,CUST-6b1b1fa5,2025-04-01,10,202,101,7
USG-72d9f9e5,CUST-6b1b1fa5,2025-05-01,10,309,103,10
USG-cbf1e366,CUST-6b1b1fa5,2025-06-01,12,620,124,8
USG-db67be8e,CUST-6b1b1fa5,2025-07-01,13,655,131,8
USG-4c0ef688,CUST-6b1b1fa5,2025-08-01,13,405,135,7
USG-49a8c6af,CUST-6b1b1fa5,2025-09-01,13,536,134,5
USG-c3416a75,CUST-6b1b1fa5,2025-10-01,10,208,104,6
USG-0c5333d2,CUST-6b1b1fa5,2025-11-01,10,404,101,7
USG-0b52c3eb,CUST-6b1b1fa5,2025-12-01,14,700,140,10
USG-ae53d976,CUST-6b1b1fa5,2026-01-01,11,238,119,8
USG-8f55101a,CUST-6b1b1fa5,2026-02-01,13,272,136,4
USG-1cdcf038,CUST-6b1b1fa5,2026-03-01,1,16,4,9
USG-b648d31f,CUST-6b1b1fa5,2026-04-01,1,0,0,8
USG-3d173b35,CUST-d137f591,2025-07-01,7,390,78,5
USG-fd282efd,CUST-d137f591,2025-08-01,6,66,66,6
USG-db2f1212,CUST-d137f591,2025-09-01,7,140,70,1
USG-f4257800,CUST-d137f591,2025-10-01,5,112,56,8
USG-7ed5bb1c,CUST-d137f591,2025-11-01,7,75,75,5
USG-88ce0b03,CUST-d137f591,2025-12-01,5,171,57,10
USG-7b24620a,CUST-d137f591,2026-01-01,7,146,73,3
USG-d56c59d5,CUST-d137f591,2026-02-01,5,295,59,2
USG-e8f540f6,CUST-d137f591,2026-03-01,1,4,2,4
USG-1155c124,CUST-d137f591,2026-04-01,1,0,0,2
USG-35dad1e5,CUST-ae017018,2025-11-01,27,1370,274,8
USG-33c7001c,CUST-ae017018,2025-12-01,21,636,212,7
USG-2ed33236,CUST-ae017018,2026-01-01,23,237,237,8
USG-09ddea7d,CUST-ae017018,2026-02-01,19,970,194,9
USG-700d53f2,CUST-ae017018,2026-03-01,25,1290,258,6
USG-013f23a0,CUST-ae017018,2026-04-01,26,266,266,2
USG-8f912ae7,CUST-12eb49e7,2025-07-01,19,792,198,3
USG-f3b67dce,CUST-12eb49e7,2025-08-01,17,178,178,4
USG-71600cea,CUST-12eb49e7,2025-09-01,19,594,198,6
USG-be061988,CUST-12eb49e7,2025-10-01,23,1165,233,7
USG-8ec288c0,CUST-12eb49e7,2025-11-01,16,640,160,5
USG-4624a22a,CUST-12eb49e7,2025-12-01,16,676,169,3
USG-de25cd7d,CUST-12eb49e7,2026-01-01,21,648,216,6
USG-1ac23d7f,CUST-12eb49e7,2026-02-01,22,1110,222,5
USG-a7794ea4,CUST-12eb49e7,2026-03-01,21,1075,215,4
USG-1b8daf02,CUST-12eb49e7,2026-04-01,19,582,194,8
USG-74d2debc,CUST-97898471,2025-07-01,34,1044,348,1
USG-a5fc04dd,CUST-97898471,2025-08-01,34,343,343,6
USG-0ec5311b,CUST-97898471,2025-09-01,36,1440,360,2
USG-1c3e86b0,CUST-97898471,2025-10-01,28,1128,282,9
USG-8557b741,CUST-97898471,2025-11-01,30,924,308,5
USG-c18b61c5,CUST-97898471,2025-12-01,27,558,279,8
USG-87221fe2,CUST-97898471,2026-01-01,38,1925,385,10
USG-661efb69,CUST-97898471,2026-02-01,30,921,307,5
USG-d0efaef0,CUST-97898471,2026-03-01,40,1600,400,10
USG-2357f274,CUST-97898471,2026-04-01,38,1540,385,7
USG-b7131c7d,CUST-437adb51,2025-03-01,27,810,270,5
USG-bb64a3f7,CUST-437adb51,2025-04-01,23,928,232,8
USG-0117b6b7,CUST-437adb51,2025-05-01,19,965,193,9
USG-af278626,CUST-437adb51,2025-06-01,19,190,190,9
USG-1e75e467,CUST-437adb51,2025-07-01,19,792,198,8
USG-a10ebb05,CUST-437adb51,2025-08-01,24,726,242,8
USG-91890331,CUST-437adb51,2025-09-01,22,1125,225,7
USG-f049315a,CUST-437adb51,2025-10-01,22,1115,223,5
USG-bc77de13,CUST-437adb51,2025-11-01,21,434,217,8
USG-9d4d564c,CUST-437adb51,2025-12-01,26,530,265,2
USG-ef61f9a4,CUST-437adb51,2026-01-01,24,1205,241,2
USG-8e932d33,CUST-437adb51,2026-02-01,21,848,212,6
USG-441e3aef,CUST-437adb51,2026-03-01,1,2,2,4
USG-0bec44f1,CUST-437adb51,2026-04-01,1,6,2,6
USG-6680128b,CUST-62cc3cb0,2025-10-01,19,980,196,8
USG-b586647b,CUST-62cc3cb0,2025-11-01,19,195,195,8
USG-1485097e,CUST-62cc3cb0,2025-12-01,19,192,192,8
USG-f1942ac2,CUST-62cc3cb0,2026-01-01,21,214,214,5
USG-f6507a0e,CUST-62cc3cb0,2026-02-01,19,582,194,6
USG-b0c6f0d8,CUST-62cc3cb0,2026-03-01,21,219,219,1
USG-6faa1a32,CUST-62cc3cb0,2026-04-01,15,306,153,2
USG-a5c7b9db,CUST-86c6d587,2024-07-01,47,476,476,3
USG-f13c1d95,CUST-86c6d587,2024-08-01,40,1206,402,10
USG-0a607e78,CUST-86c6d587,2024-09-01,35,708,354,10
USG-3814367f,CUST-86c6d587,2024-10-01,42,1281,427,7
USG-8d956bd6,CUST-86c6d587,2024-11-01,39,796,398,5
USG-6be15866,CUST-86c6d587,2024-12-01,33,1002,334,6
USG-7b06ea0b,CUST-86c6d587,2025-01-01,45,906,453,6
USG-37d59089,CUST-86c6d587,2025-02-01,46,464,464,8
USG-927b3c3b,CUST-86c6d587,2025-03-01,40,2005,401,6
USG-a62fdc50,CUST-86c6d587,2025-04-01,39,790,395,7
USG-a18d0888,CUST-86c6d587,2025-05-01,37,750,375,5
USG-9fc6c2e2,CUST-86c6d587,2025-06-01,36,1080,360,3
USG-24ead1eb,CUST-86c6d587,2025-07-01,40,814,407,3
USG-3905ba6a,CUST-86c6d587,2025-08-01,32,658,329,1
USG-daa54b1f,CUST-86c6d587,2025-09-01,37,370,370,7
USG-33475dd1,CUST-86c6d587,2025-10-01,37,1865,373,7
USG-04a27723,CUST-86c6d587,2025-11-01,33,664,332,7
USG-32154622,CUST-86c6d587,2025-12-01,38,381,381,2
USG-50881828,CUST-86c6d587,2026-01-01,44,2215,443,8
USG-5e404b8a,CUST-86c6d587,2026-02-01,39,1965,393,7
USG-4125d870,CUST-86c6d587,2026-03-01,1,6,3,8
USG-6a13250f,CUST-86c6d587,2026-04-01,1,3,1,1
USG-4b3da2e0,CUST-9be879fa,2025-09-01,3,78,39,2
USG-e8bc5119,CUST-9be879fa,2025-10-01,4,123,41,7
USG-ed386ce7,CUST-9be879fa,2025-11-01,4,205,41,4
USG-9f3b08e3,CUST-9be879fa,2025-12-01,4,42,42,6
USG-52ec2edc,CUST-9be879fa,2026-01-01,4,164,41,6
USG-d8285911,CUST-9be879fa,2026-02-01,3,155,31,7
USG-3c66a2dd,CUST-9be879fa,2026-03-01,4,44,44,6
USG-708c6219,CUST-9be879fa,2026-04-01,4,220,44,5
USG-5a2b706c,CUST-3d7c0349,2025-05-01,15,318,159,4
USG-3fbcc485,CUST-3d7c0349,2025-06-01,14,710,142,5
USG-2c8109ef,CUST-3d7c0349,2025-07-01,12,123,123,1
USG-c95f3161,CUST-3d7c0349,2025-08-01,16,332,166,1
USG-f55d0e11,CUST-3d7c0349,2025-09-01,15,604,151,8
USG-4b2f0735,CUST-3d7c0349,2025-10-01,14,143,143,5
USG-f6ea9310,CUST-3d7c0349,2025-11-01,12,488,122,3
USG-b72bfa13,CUST-3d7c0349,2025-12-01,13,266,133,2
USG-91ff4e77,CUST-3d7c0349,2026-01-01,16,169,169,8
USG-1ea634ce,CUST-3d7c0349,2026-02-01,13,685,137,7
USG-c9553a3b,CUST-3d7c0349,2026-03-01,14,294,147,10
USG-2b0e1eec,CUST-3d7c0349,2026-04-01,14,429,143,9
USG-cccb051e,CUST-e146e934,2026-01-01,21,216,216,5
USG-2afa69ba,CUST-e146e934,2026-02-01,24,492,246,5
USG-3cf25bcb,CUST-e146e934,2026-03-01,26,532,266,1
USG-97d7c243,CUST-e146e934,2026-04-01,22,229,229,5
USG-75936e41,CUST-4f0a5c3e,2024-08-01,10,100,100,8
USG-51a51182,CUST-4f0a5c3e,2024-09-01,11,236,118,3
USG-8b1e7ca8,CUST-4f0a5c3e,2024-10-01,12,369,123,10
USG-11dbe2e3,CUST-4f0a5c3e,2024-11-01,14,705,141,6
USG-b6eaa04b,CUST-4f0a5c3e,2024-12-01,14,700,140,4
USG-9f331ae1,CUST-4f0a5c3e,2025-01-01,13,528,132,5
USG-b033164a,CUST-4f0a5c3e,2025-02-01,10,416,104,1
USG-8393c9bb,CUST-4f0a5c3e,2025-03-01,10,400,100,8
USG-9a1eb6ae,CUST-4f0a5c3e,2025-04-01,12,645,129,8
USG-3a1dc4db,CUST-4f0a5c3e,2025-05-01,14,715,143,9
USG-e9cd1740,CUST-4f0a5c3e,2025-06-01,9,99,99,2
USG-87e34040,CUST-4f0a5c3e,2025-07-01,13,135,135,6
USG-ada3d146,CUST-4f0a5c3e,2025-08-01,10,525,105,3
USG-94ecc15a,CUST-4f0a5c3e,2025-09-01,14,710,142,4
USG-0dfff41d,CUST-4f0a5c3e,2025-10-01,11,228,114,3
USG-d3f4c5fa,CUST-4f0a5c3e,2025-11-01,10,424,106,6
USG-42b57318,CUST-4f0a5c3e,2025-12-01,9,294,98,9
USG-64c117ad,CUST-4f0a5c3e,2026-01-01,13,540,135,4
USG-bcadc218,CUST-4f0a5c3e,2026-02-01,12,381,127,5
USG-02c4f0fb,CUST-4f0a5c3e,2026-03-01,12,615,123,7
USG-fc250c36,CUST-4f0a5c3e,2026-04-01,12,492,123,1
USG-6ef6a082,CUST-7538e404,2025-10-01,17,344,172,7
USG-1c7d37aa,CUST-7538e404,2025-11-01,12,381,127,6
USG-bab7fb56,CUST-7538e404,2025-12-01,15,318,159,8
USG-d758ae3f,CUST-7538e404,2026-01-01,15,314,157,10
USG-2287e42a,CUST-7538e404,2026-02-01,15,156,156,3
USG-4801a11d,CUST-7538e404,2026-03-01,12,384,128,7
USG-31a53eef,CUST-7538e404,2026-04-01,12,504,126,10
USG-4ce87347,CUST-cf9cb99a,2024-06-01,47,476,476,5
USG-f08b43fe,CUST-cf9cb99a,2024-07-01,42,1716,429,2
USG-0805ace5,CUST-cf9cb99a,2024-08-01,35,1775,355,7
USG-52d96598,CUST-cf9cb99a,2024-09-01,46,1386,462,5
USG-5b0f2ec1,CUST-cf9cb99a,2024-10-01,39,1990,398,1
USG-f529666d,CUST-cf9cb99a,2024-11-01,47,1434,478,4
USG-75f7ded8,CUST-cf9cb99a,2024-12-01,43,432,432,3
USG-96f43192,CUST-cf9cb99a,2025-01-01,45,1816,454,8
USG-f05d4f52,CUST-cf9cb99a,2025-02-01,50,507,507,6
USG-565f1d6e,CUST-cf9cb99a,2025-03-01,34,1047,349,7
USG-f227ee32,CUST-cf9cb99a,2025-04-01,48,964,482,4
USG-cbbb7187,CUST-cf9cb99a,2025-05-01,51,1024,512,5
USG-de2ea9de,CUST-cf9cb99a,2025-06-01,41,1248,416,6
USG-4f892088,CUST-cf9cb99a,2025-07-01,51,2068,517,1
USG-2073f37f,CUST-cf9cb99a,2025-08-01,39,1194,398,2
USG-dad6f7f8,CUST-cf9cb99a,2025-09-01,36,1805,361,1
USG-332cf0cb,CUST-cf9cb99a,2025-10-01,50,1515,505,7
USG-5f057111,CUST-cf9cb99a,2025-11-01,47,948,474,3
USG-67f3e9f4,CUST-cf9cb99a,2025-12-01,46,1856,464,10
USG-2ac2f310,CUST-cf9cb99a,2026-01-01,35,359,359,2
USG-73d3e9af,CUST-cf9cb99a,2026-02-01,48,2440,488,6
USG-ceed35bf,CUST-cf9cb99a,2026-03-01,36,1098,366,10
USG-e9e445f6,CUST-cf9cb99a,2026-04-01,47,1880,470,3
USG-1223556f,CUST-a4bf3b9f,2025-12-01,49,494,494,7
USG-b4a8afae,CUST-a4bf3b9f,2026-01-01,43,866,433,3
USG-683a802a,CUST-a4bf3b9f,2026-02-01,35,1775,355,3
USG-15de19a5,CUST-a4bf3b9f,2026-03-01,1,4,2,9
USG-38c49196,CUST-a4bf3b9f,2026-04-01,1,2,2,9
USG-41993e1a,CUST-aec25cb8,2025-07-01,21,876,219,7
USG-9dcc85a3,CUST-aec25cb8,2025-08-01,19,784,196,6
USG-21ec7b0c,CUST-aec25cb8,2025-09-01,25,504,252,3
USG-d33c9020,CUST-aec25cb8,2025-10-01,25,756,252,9
USG-3623232f,CUST-aec25cb8,2025-11-01,27,1365,273,4
USG-4818e1c8,CUST-aec25cb8,2025-12-01,22,229,229,8
USG-19697cc5,CUST-aec25cb8,2026-01-01,24,488,244,4
USG-ad7e5c75,CUST-aec25cb8,2026-02-01,28,846,282,1
USG-c98a5be4,CUST-aec25cb8,2026-03-01,23,474,237,8
USG-c0093669,CUST-aec25cb8,2026-04-01,23,948,237,2
USG-8bff538b,CUST-49b7e286,2025-01-01,21,1075,215,3
USG-7faaee8b,CUST-49b7e286,2025-02-01,21,864,216,9
USG-5e5b1600,CUST-49b7e286,2025-03-01,18,910,182,1
USG-4e30c005,CUST-49b7e286,2025-04-01,19,193,193,8
USG-b5d23c91,CUST-49b7e286,2025-05-01,19,784,196,6
USG-ce7e3131,CUST-49b7e286,2025-06-01,17,170,170,1
USG-042e22d2,CUST-49b7e286,2025-07-01,16,332,166,8
USG-3e0e54d3,CUST-49b7e286,2025-08-01,22,227,227,10
USG-477f079c,CUST-49b7e286,2025-09-01,16,668,167,1
USG-f8bd16c2,CUST-49b7e286,2025-10-01,17,173,173,10
USG-f8776424,CUST-49b7e286,2025-11-01,16,163,163,4
USG-505bed26,CUST-49b7e286,2025-12-01,22,880,220,2
USG-b2d9cdee,CUST-49b7e286,2026-01-01,17,172,172,4
USG-bab12a5c,CUST-49b7e286,2026-02-01,21,639,213,8
USG-aaaf57ce,CUST-49b7e286,2026-03-01,21,856,214,10
USG-e6248b93,CUST-49b7e286,2026-04-01,16,338,169,3
USG-9a9fb25c,CUST-58d7121b,2025-08-01,34,1730,346,10
USG-20d22ce6,CUST-58d7121b,2025-09-01,32,1640,328,6
USG-89426986,CUST-58d7121b,2025-10-01,32,1300,325,7
USG-2f4dc9f8,CUST-58d7121b,2025-11-01,39,788,394,10
USG-e136e961,CUST-58d7121b,2025-12-01,32,646,323,7
USG-e87b2812,CUST-58d7121b,2026-01-01,39,1965,393,4
USG-e72a4e9e,CUST-58d7121b,2026-02-01,30,924,308,1
USG-0d5f4bca,CUST-58d7121b,2026-03-01,38,770,385,9
USG-e0fc408e,CUST-58d7121b,2026-04-01,30,1500,300,6
USG-23756fbb,CUST-830abdc0,2024-12-01,32,1292,323,2
USG-feeca9ff,CUST-830abdc0,2025-01-01,34,344,344,10
USG-d9f3f0d2,CUST-830abdc0,2025-02-01,36,361,361,10
USG-e945cd00,CUST-830abdc0,2025-03-01,32,327,327,5
USG-b549c06d,CUST-830abdc0,2025-04-01,26,520,260,4
USG-c5718286,CUST-830abdc0,2025-05-01,30,618,309,8
USG-bce50175,CUST-830abdc0,2025-06-01,27,831,277,5
USG-0fcd145e,CUST-830abdc0,2025-07-01,30,600,300,3
USG-e32dc948,CUST-830abdc0,2025-08-01,32,1600,320,5
USG-d0fdcfaa,CUST-830abdc0,2025-09-01,27,1100,275,4
USG-89918e4f,CUST-830abdc0,2025-10-01,36,1444,361,3
USG-bc426a91,CUST-830abdc0,2025-11-01,28,564,282,2
USG-53d738e7,CUST-830abdc0,2025-12-01,36,1083,361,4
USG-e94bded1,CUST-830abdc0,2026-01-01,27,277,277,2
USG-6e8c0524,CUST-830abdc0,2026-02-01,30,1545,309,4
USG-5ed5a4da,CUST-830abdc0,2026-03-01,1,5,1,8
USG-cfcff48b,CUST-830abdc0,2026-04-01,1,6,2,2
USG-3dc5c528,CUST-5e8d064b,2024-11-01,5,228,57,6
USG-0e1e89a9,CUST-5e8d064b,2024-12-01,5,59,59,7
USG-14197860,CUST-5e8d064b,2025-01-01,4,168,42,3
USG-e22e2926,CUST-5e8d064b,2025-02-01,5,174,58,10
USG-183adbf4,CUST-5e8d064b,2025-03-01,5,59,59,4
USG-2af808ca,CUST-5e8d064b,2025-04-01,4,184,46,7
USG-336b8c71,CUST-5e8d064b,2025-05-01,5,59,59,6
USG-bfab3762,CUST-5e8d064b,2025-06-01,5,177,59,3
USG-eaaa40c8,CUST-5e8d064b,2025-07-01,5,220,55,7
USG-e5d3fdb2,CUST-5e8d064b,2025-08-01,5,232,58,2
USG-54aa86cf,CUST-5e8d064b,2025-09-01,6,63,63,9
USG-ca6c5892,CUST-5e8d064b,2025-10-01,4,88,44,1
USG-5ed7b977,CUST-5e8d064b,2025-11-01,5,104,52,10
USG-b2920ed6,CUST-5e8d064b,2025-12-01,4,44,44,9
USG-cb3f4b5b,CUST-5e8d064b,2026-01-01,4,188,47,6
USG-eb59e91f,CUST-5e8d064b,2026-02-01,6,62,62,7
USG-ca1ceaa9,CUST-5e8d064b,2026-03-01,1,4,1,10
USG-7ddf5f43,CUST-5e8d064b,2026-04-01,1,25,5,6
USG-b36059b6,CUST-5e8d064b,2026-05-01,1,0,0,8
USG-9aab82e4,CUST-e90c6e55,2024-09-01,50,2016,504,6
USG-0b39a438,CUST-e90c6e55,2024-10-01,43,2170,434,10
USG-a0a54dd9,CUST-e90c6e55,2024-11-01,38,1910,382,7
USG-fdb17d3a,CUST-e90c6e55,2024-12-01,55,2208,552,10
USG-9e861a80,CUST-e90c6e55,2025-01-01,45,450,450,3
USG-20b8ed16,CUST-e90c6e55,2025-02-01,39,1576,394,5
USG-3c61555e,CUST-e90c6e55,2025-03-01,55,2750,550,10
USG-c3a13b43,CUST-e90c6e55,2025-04-01,51,1545,515,2
USG-45831fb1,CUST-e90c6e55,2025-05-01,52,1050,525,8
USG-b7f61898,CUST-e90c6e55,2025-06-01,49,1473,491,4
USG-c503c580,CUST-e90c6e55,2025-07-01,53,1596,532,3
USG-23299f61,CUST-e90c6e55,2025-08-01,42,423,423,7
USG-1b88dc2f,CUST-e90c6e55,2025-09-01,39,794,397,2
USG-07707fbe,CUST-e90c6e55,2025-10-01,46,1840,460,5
USG-1cd0ee7e,CUST-e90c6e55,2025-11-01,49,1497,499,3
USG-b38e2850,CUST-e90c6e55,2025-12-01,40,402,402,3
USG-0d8a2d97,CUST-e90c6e55,2026-01-01,49,988,494,2
USG-dc4f3235,CUST-e90c6e55,2026-02-01,51,2590,518,8
USG-f1c54a1f,CUST-e90c6e55,2026-03-01,40,2020,404,2
USG-b9653788,CUST-e90c6e55,2026-04-01,49,2460,492,1
USG-2786e037,CUST-bda53b39,2025-06-01,42,1708,427,4
USG-d31a051a,CUST-bda53b39,2025-07-01,40,1209,403,2
USG-729af39a,CUST-bda53b39,2025-08-01,38,778,389,10
USG-f036ec33,CUST-bda53b39,2025-09-01,56,2805,561,4
USG-d5b64a4b,CUST-bda53b39,2025-10-01,52,1566,522,1
USG-50f38788,CUST-bda53b39,2025-11-01,48,960,480,4
USG-c9220f7e,CUST-bda53b39,2025-12-01,41,415,415,1
USG-3b0f19c3,CUST-bda53b39,2026-01-01,44,880,440,6
USG-deef108e,CUST-bda53b39,2026-02-01,39,798,399,6
USG-cee3491a,CUST-bda53b39,2026-03-01,1,20,5,4
USG-37df8f60,CUST-bda53b39,2026-04-01,1,15,5,4
USG-91cce92b,CUST-f40e61e7,2024-06-01,4,46,46,10
USG-0ab27fab,CUST-f40e61e7,2024-07-01,4,45,45,7
USG-7093d3d5,CUST-f40e61e7,2024-08-01,3,76,38,6
USG-9b3fad72,CUST-f40e61e7,2024-09-01,3,38,38,6
USG-d2323a72,CUST-f40e61e7,2024-10-01,4,98,49,4
USG-c80629ec,CUST-f40e61e7,2024-11-01,5,250,50,3
USG-81b3ceb5,CUST-f40e61e7,2024-12-01,3,39,39,8
USG-d8055d98,CUST-f40e61e7,2025-01-01,4,240,48,10
USG-22ac8ffe,CUST-f40e61e7,2025-02-01,5,100,50,1
USG-a7135dca,CUST-f40e61e7,2025-03-01,4,205,41,3
USG-4cd88298,CUST-f40e61e7,2025-04-01,4,220,44,5
USG-fc669fe2,CUST-f40e61e7,2025-05-01,4,200,40,1
USG-1cf46dde,CUST-f40e61e7,2025-06-01,3,185,37,5
USG-bb6fc30d,CUST-f40e61e7,2025-07-01,4,40,40,9
USG-0eb07f75,CUST-f40e61e7,2025-08-01,4,41,41,10
USG-9010a366,CUST-f40e61e7,2025-09-01,4,225,45,2
USG-ea068131,CUST-f40e61e7,2025-10-01,4,82,41,6
USG-d410d9f1,CUST-f40e61e7,2025-11-01,5,250,50,10
USG-72bf3966,CUST-f40e61e7,2025-12-01,3,111,37,6
USG-f9c17cba,CUST-f40e61e7,2026-01-01,3,152,38,6
USG-cca9f09f,CUST-f40e61e7,2026-02-01,3,72,36,9
USG-b3cded4a,CUST-f40e61e7,2026-03-01,1,3,3,4
USG-9edcce1c,CUST-f40e61e7,2026-04-01,1,12,3,5
USG-fbdf1f08,CUST-58a6d180,2025-12-01,42,1692,423,2
USG-51427aef,CUST-58a6d180,2026-01-01,43,431,431,6
USG-ffb1d16b,CUST-58a6d180,2026-02-01,40,806,403,8
USG-28b415be,CUST-58a6d180,2026-03-01,47,1904,476,4
USG-11a0161a,CUST-58a6d180,2026-04-01,42,423,423,3
USG-d4e0f9d4,CUST-939918be,2025-04-01,28,1144,286,1
USG-a3dad7f0,CUST-939918be,2025-05-01,25,768,256,4
USG-3b79034b,CUST-939918be,2025-06-01,29,594,297,2
USG-add7fa61,CUST-939918be,2025-07-01,26,1300,260,10
USG-51ff59b5,CUST-939918be,2025-08-01,24,244,244,7
USG-ae967456,CUST-939918be,2025-09-01,27,1108,277,3
USG-610d4318,CUST-939918be,2025-10-01,31,1264,316,8
USG-e9502ef7,CUST-939918be,2025-11-01,31,316,316,5
USG-bdf1aca2,CUST-939918be,2025-12-01,22,884,221,3
USG-bd104c73,CUST-939918be,2026-01-01,27,276,276,10
USG-e4e65384,CUST-939918be,2026-02-01,29,292,292,7
USG-900ff134,CUST-939918be,2026-03-01,30,1530,306,8
USG-868aa53d,CUST-939918be,2026-04-01,24,1225,245,7
USG-2239c5a3,CUST-17ef62b3,2026-04-01,32,981,327,1
USG-c172074b,CUST-2e5375d1,2024-06-01,51,515,515,10
USG-455f02a5,CUST-2e5375d1,2024-07-01,52,1569,523,6
USG-affc9497,CUST-2e5375d1,2024-08-01,41,416,416,8
USG-b7d5dfaf,CUST-2e5375d1,2024-09-01,55,1656,552,1
USG-2ed0105e,CUST-2e5375d1,2024-10-01,41,419,419,7
USG-4cfe26c3,CUST-2e5375d1,2024-11-01,39,784,392,9
USG-d2c0260a,CUST-2e5375d1,2024-12-01,52,1584,528,1
USG-52eed5c8,CUST-2e5375d1,2025-01-01,41,1652,413,3
USG-283bed64,CUST-2e5375d1,2025-02-01,52,2112,528,6
USG-106e6d93,CUST-2e5375d1,2025-03-01,42,1692,423,7
USG-07bcb4a2,CUST-2e5375d1,2025-04-01,52,523,523,10
USG-58341013,CUST-2e5375d1,2025-05-01,42,1275,425,3
USG-05ffa7ae,CUST-2e5375d1,2025-06-01,43,437,437,10
USG-afb2aaf0,CUST-2e5375d1,2025-07-01,43,872,436,7
USG-f4e86924,CUST-2e5375d1,2025-08-01,49,496,496,4
USG-097c8565,CUST-2e5375d1,2025-09-01,46,1395,465,3
USG-ddad9b58,CUST-2e5375d1,2025-10-01,46,2325,465,3
USG-5249908a,CUST-2e5375d1,2025-11-01,40,812,406,3
USG-e1d742ad,CUST-2e5375d1,2025-12-01,48,1940,485,8
USG-dbffc453,CUST-2e5375d1,2026-01-01,46,1398,466,4
USG-afbd0af4,CUST-2e5375d1,2026-02-01,54,2720,544,6
USG-7765aecc,CUST-2e5375d1,2026-03-01,48,485,485,10
USG-a3e1ed10,CUST-2e5375d1,2026-04-01,45,1828,457,7
USG-a0569dec,CUST-8d38755b,2024-07-01,13,680,136,7
USG-3c386451,CUST-8d38755b,2024-08-01,14,735,147,3
USG-09c6349b,CUST-8d38755b,2024-09-01,11,348,116,4
USG-5b23c0f4,CUST-8d38755b,2024-10-01,13,540,135,4
USG-f26f43af,CUST-8d38755b,2024-11-01,13,262,131,9
USG-0f0ba996,CUST-8d38755b,2024-12-01,13,135,135,8
USG-0762d590,CUST-8d38755b,2025-01-01,15,608,152,6
USG-c6851ede,CUST-8d38755b,2025-02-01,15,465,155,10
USG-2a0d6cf7,CUST-8d38755b,2025-03-01,15,450,150,4
USG-55f190e7,CUST-8d38755b,2025-04-01,14,423,141,1
USG-6be4e34c,CUST-8d38755b,2025-05-01,13,655,131,9
USG-d7d74966,CUST-8d38755b,2025-06-01,14,710,142,3
USG-02ceea0b,CUST-8d38755b,2025-07-01,14,705,141,7
USG-45e9fa81,CUST-8d38755b,2025-08-01,12,121,121,10
USG-d21c93ec,CUST-8d38755b,2025-09-01,14,560,140,3
USG-6b58326c,CUST-8d38755b,2025-10-01,13,411,137,5
USG-a74b9b4f,CUST-8d38755b,2025-11-01,11,575,115,4
USG-4f0daa66,CUST-8d38755b,2025-12-01,14,730,146,5
USG-3e850f70,CUST-8d38755b,2026-01-01,15,158,158,5
USG-6d8a9be6,CUST-8d38755b,2026-02-01,15,157,157,5
USG-51be508c,CUST-8d38755b,2026-03-01,1,1,1,6
USG-d554209f,CUST-8d38755b,2026-04-01,1,6,2,1
USG-21cb3ccd,CUST-fef091ff,2025-02-01,29,1172,293,3
USG-2dde116d,CUST-fef091ff,2025-03-01,28,564,282,9
USG-be182163,CUST-fef091ff,2025-04-01,36,1083,361,8
USG-bc3736a4,CUST-fef091ff,2025-05-01,27,828,276,1
USG-27339a27,CUST-fef091ff,2025-06-01,36,1080,360,3
USG-1e9e43f3,CUST-fef091ff,2025-07-01,33,1340,335,8
USG-7b4f77f2,CUST-fef091ff,2025-08-01,36,366,366,4
USG-3f67a59c,CUST-fef091ff,2025-09-01,28,1156,289,7
USG-61892af6,CUST-fef091ff,2025-10-01,29,582,291,1
USG-cf714938,CUST-fef091ff,2025-11-01,36,1448,362,10
USG-2cd316be,CUST-fef091ff,2025-12-01,34,1376,344,6
USG-5e030bcb,CUST-fef091ff,2026-01-01,25,254,254,10
USG-685b8a8d,CUST-fef091ff,2026-02-01,24,744,248,2
USG-9b09550a,CUST-fef091ff,2026-03-01,32,960,320,1
USG-f218457f,CUST-fef091ff,2026-04-01,30,608,304,5
USG-fb8bd027,CUST-edb5e15d,2024-07-01,55,556,556,6
USG-b9de756f,CUST-edb5e15d,2024-08-01,54,1620,540,2
USG-c15d2213,CUST-edb5e15d,2024-09-01,53,538,538,8
USG-ddc09da4,CUST-edb5e15d,2024-10-01,40,812,406,10
USG-c95c2600,CUST-edb5e15d,2024-11-01,42,426,426,10
USG-93c51922,CUST-edb5e15d,2024-12-01,42,1275,425,2
USG-72de9fd0,CUST-edb5e15d,2025-01-01,54,1094,547,10
USG-d92889b0,CUST-edb5e15d,2025-02-01,40,804,402,10
USG-f5fd411a,CUST-edb5e15d,2025-03-01,53,533,533,2
USG-6985055b,CUST-edb5e15d,2025-04-01,55,552,552,5
USG-27b09104,CUST-edb5e15d,2025-05-01,48,1936,484,3
USG-30a981bb,CUST-edb5e15d,2025-06-01,51,519,519,6
USG-9c4c1054,CUST-edb5e15d,2025-07-01,59,1785,595,3
USG-c9312c7d,CUST-edb5e15d,2025-08-01,44,2220,444,4
USG-ba83961b,CUST-edb5e15d,2025-09-01,53,534,534,5
USG-32e10c1b,CUST-edb5e15d,2025-10-01,51,2072,518,6
USG-a0b2c032,CUST-edb5e15d,2025-11-01,49,1476,492,6
USG-23de39f0,CUST-edb5e15d,2025-12-01,47,2355,471,5
USG-c7d39ebe,CUST-edb5e15d,2026-01-01,45,1812,453,4
USG-20c8c705,CUST-edb5e15d,2026-02-01,43,870,435,9
USG-8098feb8,CUST-edb5e15d,2026-03-01,1,12,4,7
USG-05710f0f,CUST-edb5e15d,2026-04-01,1,2,2,10
USG-ec82b011,CUST-5b12676e,2024-06-01,39,1176,392,9
USG-8b3b7618,CUST-5b12676e,2024-07-01,42,422,422,9
USG-0c3c6bfa,CUST-5b12676e,2024-08-01,41,410,410,4
USG-6f12bc14,CUST-5b12676e,2024-09-01,39,1564,391,1
USG-4e4ebb98,CUST-5b12676e,2024-10-01,46,1383,461,5
USG-88292fa8,CUST-5b12676e,2024-11-01,53,538,538,4
USG-60ce4622,CUST-5b12676e,2024-12-01,45,2270,454,4
USG-5853e5e7,CUST-5b12676e,2025-01-01,55,1653,551,2
USG-ef725cbb,CUST-5b12676e,2025-02-01,56,2276,569,4
USG-a4af7eb3,CUST-5b12676e,2025-03-01,42,846,423,1
USG-9a85f73c,CUST-5b12676e,2025-04-01,56,2268,567,2
USG-99ad5474,CUST-5b12676e,2025-05-01,48,978,489,2
USG-80bee39a,CUST-5b12676e,2025-06-01,50,2520,504,3
USG-70fe8fc4,CUST-5b12676e,2025-07-01,40,1604,401,1
USG-74b8c33f,CUST-5b12676e,2025-08-01,55,1106,553,10
USG-5ebd9159,CUST-5b12676e,2025-09-01,41,830,415,2
USG-ef2dcd75,CUST-5b12676e,2025-10-01,48,1940,485,8
USG-92d90b9a,CUST-5b12676e,2025-11-01,57,2870,574,2
USG-bb8c0484,CUST-5b12676e,2025-12-01,51,513,513,9
USG-e0c600ad,CUST-5b12676e,2026-01-01,53,538,538,3
USG-b385ab5c,CUST-5b12676e,2026-02-01,56,1122,561,9
USG-45325554,CUST-5b12676e,2026-03-01,49,1960,490,10
USG-6b819026,CUST-5b12676e,2026-04-01,51,514,514,3
USG-3173e63e,CUST-cfab551c,2025-03-01,47,1422,474,8
USG-14697d1f,CUST-cfab551c,2025-04-01,43,1308,436,4
USG-9bbd8e27,CUST-cfab551c,2025-05-01,46,1860,465,5
USG-80efd756,CUST-cfab551c,2025-06-01,37,379,379,2
USG-b8279f22,CUST-cfab551c,2025-07-01,43,870,435,6
USG-1e3fc465,CUST-cfab551c,2025-08-01,38,1532,383,3
USG-b0f59015,CUST-cfab551c,2025-09-01,42,842,421,10
USG-d3778139,CUST-cfab551c,2025-10-01,49,1992,498,3
USG-3fdffa27,CUST-cfab551c,2025-11-01,38,385,385,3
USG-531659e6,CUST-cfab551c,2025-12-01,37,1119,373,10
USG-3e9252fa,CUST-cfab551c,2026-01-01,35,716,358,2
USG-9efdd7c0,CUST-cfab551c,2026-02-01,41,1239,413,10
USG-388294c4,CUST-cfab551c,2026-03-01,34,1038,346,1
USG-b3fd4413,CUST-cfab551c,2026-04-01,43,2175,435,1
USG-eea14dae,CUST-adabdc5a,2025-09-01,30,906,302,8
USG-3a3a2b3e,CUST-adabdc5a,2025-10-01,29,1180,295,10
USG-fe1bde9e,CUST-adabdc5a,2025-11-01,30,927,309,4
USG-aaaade3d,CUST-adabdc5a,2025-12-01,35,355,355,1
USG-883114d1,CUST-adabdc5a,2026-01-01,32,1312,328,4
USG-c7d8bee0,CUST-adabdc5a,2026-02-01,30,1530,306,3
USG-44eb53fe,CUST-adabdc5a,2026-03-01,33,1011,337,4
USG-e090eaf8,CUST-adabdc5a,2026-04-01,40,1218,406,9
USG-5f966540,CUST-507020f0,2026-03-01,28,576,288,5
USG-2b5158e2,CUST-507020f0,2026-04-01,36,1448,362,9
USG-d1b69e63,CUST-d387ceae,2025-03-01,33,668,334,4
USG-9760728e,CUST-d387ceae,2025-04-01,38,1155,385,9
USG-59309ecb,CUST-d387ceae,2025-05-01,30,912,304,3
USG-4b14d94e,CUST-d387ceae,2025-06-01,26,263,263,2
USG-002c9c6b,CUST-d387ceae,2025-07-01,38,1161,387,5
USG-d7e5eb38,CUST-d387ceae,2025-08-01,29,897,299,9
USG-d7ac0f28,CUST-d387ceae,2025-09-01,37,1480,370,10
USG-4bdf96cd,CUST-d387ceae,2025-10-01,27,1112,278,5
USG-9bde3516,CUST-d387ceae,2025-11-01,26,267,267,9
USG-29b8aaae,CUST-d387ceae,2025-12-01,37,1484,371,1
USG-0481aae6,CUST-d387ceae,2026-01-01,38,772,386,3
USG-af9c137f,CUST-d387ceae,2026-02-01,27,1092,273,8
USG-1a5f14a9,CUST-d387ceae,2026-03-01,1,10,2,10
USG-d428a0af,CUST-d387ceae,2026-04-01,1,0,0,6
USG-ccb5271e,CUST-f6514292,2026-02-01,36,1835,367,9
USG-63c4e123,CUST-f6514292,2026-03-01,1,5,1,2
USG-eeffd0fb,CUST-f6514292,2026-04-01,1,0,0,3
USG-3dc97b9b,CUST-d8e1f3cd,2025-03-01,1,13,13,1
USG-d4fc659c,CUST-d8e1f3cd,2025-04-01,1,44,11,3
USG-ae53fde6,CUST-d8e1f3cd,2025-05-01,1,13,13,1
USG-ec20eded,CUST-d8e1f3cd,2025-06-01,1,75,15,8
USG-b4fd13c5,CUST-d8e1f3cd,2025-07-01,1,33,11,8
USG-7636af16,CUST-d8e1f3cd,2025-08-01,1,36,12,2
USG-d539cc9a,CUST-d8e1f3cd,2025-09-01,1,22,11,8
USG-4e73ba8b,CUST-d8e1f3cd,2025-10-01,1,10,10,8
USG-febfa4b3,CUST-d8e1f3cd,2025-11-01,1,56,14,4
USG-b97dcde6,CUST-d8e1f3cd,2025-12-01,1,11,11,3
USG-6b2adcf6,CUST-d8e1f3cd,2026-01-01,1,11,11,8
USG-c50b232e,CUST-d8e1f3cd,2026-02-01,1,48,12,9
USG-40db1acd,CUST-d8e1f3cd,2026-03-01,1,26,13,2
USG-2da18c57,CUST-d8e1f3cd,2026-04-01,1,60,15,5
USG-0f2d2f18,CUST-445ef13a,2024-09-01,19,384,192,4
USG-95dd18d1,CUST-445ef13a,2024-10-01,20,1025,205,6
USG-9baa173b,CUST-445ef13a,2024-11-01,22,1140,228,6
USG-c1cc8283,CUST-445ef13a,2024-12-01,26,792,264,7
USG-d010c115,CUST-445ef13a,2025-01-01,19,960,192,3
USG-537b8fe6,CUST-445ef13a,2025-02-01,23,693,231,10
USG-d4be9af6,CUST-445ef13a,2025-03-01,18,905,181,5
USG-2b16751e,CUST-445ef13a,2025-04-01,25,256,256,5
USG-e40d678d,CUST-445ef13a,2025-05-01,22,444,222,8
USG-280ec509,CUST-445ef13a,2025-06-01,21,432,216,8
USG-7cb8b915,CUST-445ef13a,2025-07-01,24,492,246,6
USG-3555108e,CUST-445ef13a,2025-08-01,26,792,264,9
USG-cb9f2be2,CUST-445ef13a,2025-09-01,20,836,209,5
USG-bc31f5f3,CUST-445ef13a,2025-10-01,26,1068,267,7
USG-7ed7487a,CUST-445ef13a,2025-11-01,23,690,230,8
USG-7c54f1a8,CUST-445ef13a,2025-12-01,22,221,221,6
USG-000b1cf6,CUST-445ef13a,2026-01-01,18,752,188,6
USG-2bdd689c,CUST-445ef13a,2026-02-01,26,262,262,7
USG-69d2bf4f,CUST-445ef13a,2026-03-01,21,1095,219,7
USG-d328f9b3,CUST-445ef13a,2026-04-01,26,780,260,2
USG-ec8a6e35,CUST-8407e4af,2026-01-01,5,56,56,6
USG-076dc39a,CUST-8407e4af,2026-02-01,6,186,62,7
USG-ed3c3b22,CUST-8407e4af,2026-03-01,6,60,60,5
USG-29d7978f,CUST-8407e4af,2026-04-01,6,272,68,5
USG-013e4d41,CUST-036f64f2,2024-05-01,24,960,240,10
USG-79bf1147,CUST-036f64f2,2024-06-01,19,955,191,1
USG-4ea86666,CUST-036f64f2,2024-07-01,22,678,226,7
USG-42aba082,CUST-036f64f2,2024-08-01,19,195,195,7
USG-6373f8c8,CUST-036f64f2,2024-09-01,18,360,180,9
USG-1bfd1fd8,CUST-036f64f2,2024-10-01,19,576,192,2
USG-9f6d9894,CUST-036f64f2,2024-11-01,19,784,196,6
USG-dae2ca39,CUST-036f64f2,2024-12-01,16,324,162,1
USG-25f0a3fa,CUST-036f64f2,2025-01-01,21,428,214,3
USG-5ee87b80,CUST-036f64f2,2025-02-01,18,189,189,3
USG-efde536e,CUST-036f64f2,2025-03-01,22,448,224,9
USG-7e019ed5,CUST-036f64f2,2025-04-01,16,815,163,5
USG-fb3a69e0,CUST-036f64f2,2025-05-01,18,732,183,3
USG-5c1e708a,CUST-036f64f2,2025-06-01,23,940,235,4
USG-89dfd388,CUST-036f64f2,2025-07-01,18,188,188,5
USG-c116f77d,CUST-036f64f2,2025-08-01,20,609,203,10
USG-9369efcb,CUST-036f64f2,2025-09-01,23,231,231,6
USG-8904fa31,CUST-036f64f2,2025-10-01,21,432,216,10
USG-aee4801a,CUST-036f64f2,2025-11-01,23,717,239,6
USG-692df3d9,CUST-036f64f2,2025-12-01,22,1115,223,10
USG-2ab40055,CUST-036f64f2,2026-01-01,18,905,181,6
USG-b36ec10e,CUST-036f64f2,2026-02-01,18,360,180,6
USG-7f4ade4f,CUST-036f64f2,2026-03-01,20,609,203,10
USG-85b000ff,CUST-036f64f2,2026-04-01,21,1055,211,10
USG-7109f6dc,CUST-6635a952,2025-10-01,48,1940,485,10
USG-e6dbc248,CUST-6635a952,2025-11-01,41,1242,414,10
USG-e62ca9d5,CUST-6635a952,2025-12-01,47,956,478,3
USG-11e9e0d8,CUST-6635a952,2026-01-01,44,1796,449,6
USG-ffe82567,CUST-6635a952,2026-02-01,36,366,366,10
USG-a7c9f137,CUST-6635a952,2026-03-01,47,475,475,9
USG-752d3bc0,CUST-6635a952,2026-04-01,36,1104,368,10
USG-4a29c4cd,CUST-1da61406,2024-09-01,21,219,219,2
USG-49dd53c2,CUST-1da61406,2024-10-01,20,1010,202,7
USG-6fd67d8c,CUST-1da61406,2024-11-01,21,872,218,1
USG-21383843,CUST-1da61406,2024-12-01,25,1250,250,2
USG-edf3517d,CUST-1da61406,2025-01-01,28,285,285,6
USG-e94153f9,CUST-1da61406,2025-02-01,26,780,260,6
USG-fd01fc13,CUST-1da61406,2025-03-01,25,1016,254,2
USG-cce84bc9,CUST-1da61406,2025-04-01,25,1020,255,5
USG-a8853309,CUST-1da61406,2025-05-01,20,603,201,10
USG-9e69f36b,CUST-1da61406,2025-06-01,24,1215,243,4
USG-c436f05d,CUST-1da61406,2025-07-01,22,660,220,6
USG-97421678,CUST-1da61406,2025-08-01,25,759,253,3
USG-17ea1e53,CUST-1da61406,2025-09-01,20,609,203,3
USG-e2b40193,CUST-1da61406,2025-10-01,19,980,196,5
USG-184c26bc,CUST-1da61406,2025-11-01,27,1370,274,3
USG-aa844725,CUST-1da61406,2025-12-01,24,992,248,6
USG-3a7dc0b7,CUST-1da61406,2026-01-01,22,221,221,8
USG-b0fd0185,CUST-1da61406,2026-02-01,24,496,248,6
USG-3987a2b4,CUST-1da61406,2026-03-01,22,681,227,5
USG-c25eeedf,CUST-1da61406,2026-04-01,20,206,206,10
USG-6e0bdfbb,CUST-a6e33b00,2026-01-01,3,140,35,6
USG-88941c7e,CUST-a6e33b00,2026-02-01,3,152,38,1
USG-3784548d,CUST-a6e33b00,2026-03-01,4,160,40,10
USG-ab540c2e,CUST-a6e33b00,2026-04-01,4,40,40,7
USG-6f7b681a,CUST-5c09adc1,2025-05-01,6,264,66,10
USG-1e1fbb07,CUST-5c09adc1,2025-06-01,5,102,51,6
USG-02fe5e97,CUST-5c09adc1,2025-07-01,6,128,64,9
USG-6f70070a,CUST-5c09adc1,2025-08-01,5,255,51,4
USG-79c498c1,CUST-5c09adc1,2025-09-01,5,270,54,6
USG-20420aed,CUST-5c09adc1,2025-10-01,6,201,67,10
USG-c65e28ac,CUST-5c09adc1,2025-11-01,6,320,64,3
USG-763fbbc7,CUST-5c09adc1,2025-12-01,5,56,56,7
USG-04b0775e,CUST-5c09adc1,2026-01-01,5,116,58,3
USG-32aaabf1,CUST-5c09adc1,2026-02-01,5,55,55,6
USG-f156778d,CUST-5c09adc1,2026-03-01,1,15,3,5
USG-f73c496f,CUST-5c09adc1,2026-04-01,1,4,4,7
USG-826ddb62,CUST-3caa962d,2025-07-01,37,1870,374,3
USG-feb0904b,CUST-3caa962d,2025-08-01,46,462,462,1
USG-8731bdf2,CUST-3caa962d,2025-09-01,37,744,372,6
USG-2a4ac362,CUST-3caa962d,2025-10-01,52,1042,521,1
USG-a9e379ab,CUST-3caa962d,2025-11-01,54,1623,541,6
USG-c94df545,CUST-3caa962d,2025-12-01,55,2216,554,10
USG-d9d5e090,CUST-3caa962d,2026-01-01,39,1560,390,4
USG-dfca724d,CUST-3caa962d,2026-02-01,50,2500,500,5
USG-7ceeda88,CUST-3caa962d,2026-03-01,53,2665,533,6
USG-e1871f31,CUST-3caa962d,2026-04-01,54,2168,542,4
USG-bc1cf9b3,CUST-c666c845,2024-12-01,23,1195,239,5
USG-2c24c84e,CUST-c666c845,2025-01-01,26,263,263,4
USG-030b590c,CUST-c666c845,2025-02-01,27,1108,277,9
USG-5a52c66e,CUST-c666c845,2025-03-01,25,253,253,2
USG-3c8f3f5b,CUST-c666c845,2025-04-01,26,260,260,2
USG-a3cfb6ae,CUST-c666c845,2025-05-01,21,430,215,4
USG-7639d849,CUST-c666c845,2025-06-01,28,1420,284,6
USG-f62a2317,CUST-c666c845,2025-07-01,29,584,292,4
USG-db6cb0b8,CUST-c666c845,2025-08-01,22,669,223,4
USG-cdb3fe9b,CUST-c666c845,2025-09-01,22,220,220,8
USG-955e75b3,CUST-c666c845,2025-10-01,20,816,204,2
USG-0a69511b,CUST-c666c845,2025-11-01,21,1085,217,8
USG-46f51a86,CUST-c666c845,2025-12-01,28,1124,281,4
USG-e33393bb,CUST-c666c845,2026-01-01,22,1140,228,8
USG-37495f5c,CUST-c666c845,2026-02-01,28,1400,280,1
USG-e5bcd195,CUST-c666c845,2026-03-01,28,288,288,4
USG-f061c354,CUST-c666c845,2026-04-01,27,542,271,3
USG-911d1f57,CUST-e2fd37f4,2025-04-01,31,1585,317,3
USG-d41e38e0,CUST-e2fd37f4,2025-05-01,33,337,337,5
USG-0d52b469,CUST-e2fd37f4,2025-06-01,35,1059,353,4
USG-404199d6,CUST-e2fd37f4,2025-07-01,44,442,442,10
USG-5f4991f4,CUST-e2fd37f4,2025-08-01,38,1925,385,2
USG-0a88b668,CUST-e2fd37f4,2025-09-01,37,1119,373,10
USG-dfde1848,CUST-e2fd37f4,2025-10-01,36,364,364,1
USG-12d84ce2,CUST-e2fd37f4,2025-11-01,43,866,433,6
USG-40e7a212,CUST-e2fd37f4,2025-12-01,46,2315,463,1
USG-2bbb05b9,CUST-e2fd37f4,2026-01-01,31,622,311,9
USG-89e5a744,CUST-e2fd37f4,2026-02-01,35,710,355,5
USG-a6fe7eeb,CUST-e2fd37f4,2026-03-01,42,1712,428,1
USG-f8855ed5,CUST-e2fd37f4,2026-04-01,41,2090,418,4
USG-44313232,CUST-120eb793,2025-06-01,46,468,468,4
USG-f16cf311,CUST-120eb793,2025-07-01,44,1335,445,4
USG-c2e21907,CUST-120eb793,2025-08-01,40,804,402,1
USG-ce57c817,CUST-120eb793,2025-09-01,50,2024,506,10
USG-77faa7a1,CUST-120eb793,2025-10-01,38,387,387,8
USG-5c9bcb99,CUST-120eb793,2025-11-01,39,792,396,6
USG-5301db62,CUST-120eb793,2025-12-01,44,898,449,7
USG-82420578,CUST-120eb793,2026-01-01,44,892,446,1
USG-db2111ee,CUST-120eb793,2026-02-01,37,1113,371,3
USG-0951dd04,CUST-120eb793,2026-03-01,46,1864,466,10
USG-f8433e1d,CUST-120eb793,2026-04-01,43,1293,431,5
USG-d6407489,CUST-bcb7edf8,2024-06-01,18,187,187,7
USG-2e7a55f5,CUST-bcb7edf8,2024-07-01,25,255,255,1
USG-b75acae7,CUST-bcb7edf8,2024-08-01,20,208,208,9
USG-4f3839fd,CUST-bcb7edf8,2024-09-01,18,184,184,3
USG-6cc1f67b,CUST-bcb7edf8,2024-10-01,19,780,195,7
USG-35233c83,CUST-bcb7edf8,2024-11-01,21,630,210,4
USG-af300c5e,CUST-bcb7edf8,2024-12-01,20,1030,206,3
USG-a7484cf7,CUST-bcb7edf8,2025-01-01,18,364,182,6
USG-77f8c81f,CUST-bcb7edf8,2025-02-01,17,176,176,2
USG-e817c28e,CUST-bcb7edf8,2025-03-01,19,579,193,10
USG-004243d7,CUST-bcb7edf8,2025-04-01,20,1025,205,6
USG-ae88a0b0,CUST-bcb7edf8,2025-05-01,17,350,175,10
USG-0c930545,CUST-bcb7edf8,2025-06-01,17,895,179,5
USG-ea56d52a,CUST-bcb7edf8,2025-07-01,21,1080,216,10
USG-5b09196b,CUST-bcb7edf8,2025-08-01,19,582,194,10
USG-fac85a40,CUST-bcb7edf8,2025-09-01,19,980,196,8
USG-b4210549,CUST-bcb7edf8,2025-10-01,18,552,184,8
USG-eb3bc7b0,CUST-bcb7edf8,2025-11-01,24,245,245,5
USG-c9089cc7,CUST-bcb7edf8,2025-12-01,21,645,215,3
USG-2b4d3443,CUST-bcb7edf8,2026-01-01,23,924,231,6
USG-102b5444,CUST-bcb7edf8,2026-02-01,20,1040,208,5
USG-27a6d92a,CUST-bcb7edf8,2026-03-01,1,4,4,5
USG-2973262b,CUST-bcb7edf8,2026-04-01,1,9,3,2
USG-a6559bcb,CUST-a3d6e5ec,2025-02-01,41,1248,416,5
USG-6d194b03,CUST-a3d6e5ec,2025-03-01,44,1323,441,8
USG-6b4e3170,CUST-a3d6e5ec,2025-04-01,42,421,421,5
USG-082d5859,CUST-a3d6e5ec,2025-05-01,49,998,499,6
USG-2cf28a19,CUST-a3d6e5ec,2025-06-01,38,1945,389,9
USG-cb1b9ea9,CUST-a3d6e5ec,2025-07-01,46,1848,462,5
USG-e9d03c02,CUST-a3d6e5ec,2025-08-01,43,433,433,9
USG-a8b08f90,CUST-a3d6e5ec,2025-09-01,47,476,476,5
USG-e7c8caf0,CUST-a3d6e5ec,2025-10-01,40,408,408,8
USG-f408f206,CUST-a3d6e5ec,2025-11-01,53,1602,534,3
USG-5c2ae34b,CUST-a3d6e5ec,2025-12-01,37,1890,378,2
USG-5ae00ff7,CUST-a3d6e5ec,2026-01-01,40,1620,405,10
USG-07d048e3,CUST-a3d6e5ec,2026-02-01,47,1908,477,6
USG-53ed046d,CUST-a3d6e5ec,2026-03-01,1,10,2,4
USG-3ce00ed9,CUST-a3d6e5ec,2026-04-01,1,8,4,8
USG-bf595839,CUST-75a2d98b,2024-12-01,25,512,256,8
USG-fa68a022,CUST-75a2d98b,2025-01-01,28,846,282,5
USG-6cb20f37,CUST-75a2d98b,2025-02-01,29,584,292,5
USG-1f23ccd6,CUST-75a2d98b,2025-03-01,21,654,218,1
USG-3635a7b7,CUST-75a2d98b,2025-04-01,28,1400,280,4
USG-a8f18baa,CUST-75a2d98b,2025-05-01,23,234,234,3
USG-0273cacf,CUST-75a2d98b,2025-06-01,23,472,236,3
USG-8d22dec6,CUST-75a2d98b,2025-07-01,23,920,230,3
USG-98ea3f76,CUST-75a2d98b,2025-08-01,21,630,210,2
USG-ef45cc56,CUST-75a2d98b,2025-09-01,26,804,268,4
USG-b8f098f9,CUST-75a2d98b,2025-10-01,29,291,291,1
USG-38817286,CUST-75a2d98b,2025-11-01,29,588,294,3
USG-ea2b5edc,CUST-75a2d98b,2025-12-01,23,1150,230,9
USG-645f07be,CUST-75a2d98b,2026-01-01,27,1370,274,8
USG-eda069b0,CUST-75a2d98b,2026-02-01,30,606,303,4
USG-1bf475be,CUST-75a2d98b,2026-03-01,30,610,305,2
USG-67ca501c,CUST-75a2d98b,2026-04-01,30,1540,308,6
USG-f3ded6ee,CUST-2b2bfdba,2024-11-01,48,1936,484,6
USG-13a4628d,CUST-2b2bfdba,2024-12-01,45,2255,451,3
USG-13845ea6,CUST-2b2bfdba,2025-01-01,56,1136,568,3
USG-1e0fb924,CUST-2b2bfdba,2025-02-01,56,2820,564,10
USG-41932bc8,CUST-2b2bfdba,2025-03-01,43,1311,437,2
USG-77e9743d,CUST-2b2bfdba,2025-04-01,52,2610,522,9
USG-f7744199,CUST-2b2bfdba,2025-05-01,44,2245,449,10
USG-8e3e9f28,CUST-2b2bfdba,2025-06-01,51,2590,518,9
USG-48756b90,CUST-2b2bfdba,2025-07-01,56,569,569,9
USG-678af376,CUST-2b2bfdba,2025-08-01,40,406,406,10
USG-75b2eb62,CUST-2b2bfdba,2025-09-01,50,1004,502,9
USG-a086adc3,CUST-2b2bfdba,2025-10-01,40,2030,406,4
USG-a62b13ca,CUST-2b2bfdba,2025-11-01,43,437,437,7
USG-74066621,CUST-2b2bfdba,2025-12-01,43,864,432,10
USG-923fd20b,CUST-2b2bfdba,2026-01-01,52,1575,525,6
USG-553bfe2b,CUST-2b2bfdba,2026-02-01,41,1257,419,4
USG-1257fcbe,CUST-2b2bfdba,2026-03-01,41,2095,419,8
USG-a2840511,CUST-2b2bfdba,2026-04-01,51,2595,519,8
USG-6ab6549b,CUST-312938fd,2025-08-01,7,234,78,1
USG-3283e382,CUST-312938fd,2025-09-01,8,420,84,4
USG-25c2e3c6,CUST-312938fd,2025-10-01,6,130,65,5
USG-1cbdfb85,CUST-312938fd,2025-11-01,8,83,83,1
USG-fe5ee54e,CUST-312938fd,2025-12-01,7,78,78,8
USG-27d87826,CUST-312938fd,2026-01-01,6,264,66,4
USG-94f4f3c1,CUST-312938fd,2026-02-01,6,198,66,4
USG-55d8ed70,CUST-312938fd,2026-03-01,6,300,60,8
USG-d5b93f76,CUST-312938fd,2026-04-01,8,164,82,5
USG-81c8cbc6,CUST-312938fd,2026-05-01,6,335,67,4
USG-96549afc,CUST-49195643,2024-09-01,45,451,451,8
USG-cc139b88,CUST-49195643,2024-10-01,37,744,372,2
USG-ba896d3d,CUST-49195643,2024-11-01,51,1022,511,6
USG-ddc41531,CUST-49195643,2024-12-01,43,2190,438,10
USG-343c5951,CUST-49195643,2025-01-01,42,2135,427,2
USG-7d2e961d,CUST-49195643,2025-02-01,35,1077,359,2
USG-07c40a33,CUST-49195643,2025-03-01,45,2255,451,3
USG-c2e1f37a,CUST-49195643,2025-04-01,43,866,433,5
USG-37f23821,CUST-49195643,2025-05-01,40,2010,402,6
USG-fe292d0a,CUST-49195643,2025-06-01,38,382,382,8
USG-2e9118a0,CUST-49195643,2025-07-01,41,2090,418,2
USG-6e69620b,CUST-49195643,2025-08-01,41,2065,413,4
USG-290058ae,CUST-49195643,2025-09-01,36,1830,366,8
USG-9592f2f6,CUST-49195643,2025-10-01,43,2185,437,6
USG-1e0e57e6,CUST-49195643,2025-11-01,36,1476,369,6
USG-3cfef41c,CUST-49195643,2025-12-01,50,501,501,2
USG-03d525bf,CUST-49195643,2026-01-01,50,505,505,1
USG-be119e61,CUST-49195643,2026-02-01,41,1248,416,1
USG-474f56cc,CUST-49195643,2026-03-01,1,4,1,8
USG-c3c6686c,CUST-49195643,2026-04-01,1,3,3,2
USG-f333b7e4,CUST-80149380,2025-12-01,40,802,401,2
USG-01d26637,CUST-80149380,2026-01-01,33,1002,334,8
USG-32d57149,CUST-80149380,2026-02-01,33,331,331,1
USG-84d8a9cb,CUST-80149380,2026-03-01,28,1128,282,7
USG-edab23eb,CUST-80149380,2026-04-01,38,1155,385,8
USG-87379b75,CUST-2d544a89,2024-10-01,41,2080,416,8
USG-37bd8322,CUST-2d544a89,2024-11-01,53,1076,538,9
USG-31275f11,CUST-2d544a89,2024-12-01,40,1632,408,2
USG-cf6dce90,CUST-2d544a89,2025-01-01,49,2470,494,5
USG-89fa9a78,CUST-2d544a89,2025-02-01,50,1512,504,9
USG-90502657,CUST-2d544a89,2025-03-01,37,1492,373,4
USG-d0e78f20,CUST-2d544a89,2025-04-01,51,1028,514,2
USG-4d200b52,CUST-2d544a89,2025-05-01,39,391,391,9
USG-c7806e70,CUST-2d544a89,2025-06-01,38,1552,388,4
USG-72daacf8,CUST-2d544a89,2025-07-01,53,2144,536,3
USG-2e248dee,CUST-2d544a89,2025-08-01,41,419,419,2
USG-3f0f2811,CUST-2d544a89,2025-09-01,38,1925,385,1
USG-c3080ba0,CUST-2d544a89,2025-10-01,49,986,493,2
USG-cbbaee6c,CUST-2d544a89,2025-11-01,36,1476,369,3
USG-2d13d7f0,CUST-2d544a89,2025-12-01,40,401,401,6
USG-5ad03009,CUST-2d544a89,2026-01-01,36,1464,366,5
USG-8a0378ab,CUST-2d544a89,2026-02-01,46,920,460,6
USG-a86489d9,CUST-2d544a89,2026-03-01,38,776,388,10
USG-eca2bc01,CUST-2d544a89,2026-04-01,38,1164,388,7
USG-7736a857,CUST-2d544a89,2026-05-01,42,1260,420,8
USG-8936c410,CUST-ad91b077,2025-01-01,17,179,179,7
USG-cbd27fe3,CUST-ad91b077,2025-02-01,21,630,210,6
USG-c74c7d03,CUST-ad91b077,2025-03-01,19,950,190,1
USG-41256195,CUST-ad91b077,2025-04-01,17,534,178,4
USG-e7471ae0,CUST-ad91b077,2025-05-01,19,570,190,3
USG-eeca2c64,CUST-ad91b077,2025-06-01,22,456,228,8
USG-e6435a42,CUST-ad91b077,2025-07-01,17,522,174,7
USG-0fac3bf2,CUST-ad91b077,2025-08-01,19,780,195,3
USG-ecb3d49b,CUST-ad91b077,2025-09-01,17,700,175,7
USG-b8d7c9d3,CUST-ad91b077,2025-10-01,16,501,167,8
USG-043f3bf4,CUST-ad91b077,2025-11-01,20,627,209,6
USG-ef2a0f87,CUST-ad91b077,2025-12-01,24,723,241,3
USG-bc1df592,CUST-ad91b077,2026-01-01,22,666,222,3
USG-50ddda9c,CUST-ad91b077,2026-02-01,21,651,217,10
USG-654a061c,CUST-ad91b077,2026-03-01,22,672,224,3
USG-0d934544,CUST-ad91b077,2026-04-01,19,955,191,8
USG-190f19f1,CUST-085a7924,2026-01-01,23,693,231,4
USG-4ddd5215,CUST-085a7924,2026-02-01,28,1400,280,7
USG-6a50b3b1,CUST-085a7924,2026-03-01,23,460,230,5
USG-67f15605,CUST-085a7924,2026-04-01,32,1605,321,10
USG-3d20e337,CUST-de82adb1,2026-04-01,30,600,300,2
USG-b3ac9085,CUST-16d4582c,2025-05-01,18,561,187,7
USG-c665e924,CUST-16d4582c,2025-06-01,26,520,260,10
USG-aa0a7058,CUST-16d4582c,2025-07-01,23,476,238,2
USG-5a9ae0fc,CUST-16d4582c,2025-08-01,19,573,191,5
USG-6ffd43d9,CUST-16d4582c,2025-09-01,25,771,257,1
USG-d1ae8b76,CUST-16d4582c,2025-10-01,19,191,191,5
USG-998622e0,CUST-16d4582c,2025-11-01,20,808,202,10
USG-f63d4767,CUST-16d4582c,2025-12-01,27,272,272,9
USG-2bb047ad,CUST-16d4582c,2026-01-01,22,1105,221,1
USG-d18133f6,CUST-16d4582c,2026-02-01,23,1155,231,4
USG-fa5706e4,CUST-16d4582c,2026-03-01,21,642,214,6
USG-499b19b5,CUST-16d4582c,2026-04-01,27,546,273,7
USG-6ccc4223,CUST-84c09698,2024-06-01,13,660,132,8
USG-f7a86230,CUST-84c09698,2024-07-01,13,675,135,8
USG-5049d043,CUST-84c09698,2024-08-01,14,588,147,5
USG-0da5c732,CUST-84c09698,2024-09-01,12,366,122,3
USG-db9471ff,CUST-84c09698,2024-10-01,15,150,150,5
USG-f88f0c8c,CUST-84c09698,2024-11-01,12,630,126,3
USG-3c8def47,CUST-84c09698,2024-12-01,16,480,160,7
USG-2b1d074f,CUST-84c09698,2025-01-01,14,715,143,8
USG-42388496,CUST-84c09698,2025-02-01,16,825,165,6
USG-24ab29ff,CUST-84c09698,2025-03-01,11,468,117,9
USG-95ad06bd,CUST-84c09698,2025-04-01,16,652,163,8
USG-222cb772,CUST-84c09698,2025-05-01,16,501,167,4
USG-418a5914,CUST-84c09698,2025-06-01,11,585,117,2
USG-5e576494,CUST-84c09698,2025-07-01,13,133,133,9
USG-4fe3f557,CUST-84c09698,2025-08-01,16,652,163,9
USG-14934a37,CUST-84c09698,2025-09-01,15,760,152,5
USG-abdd1a4e,CUST-84c09698,2025-10-01,13,135,135,10
USG-113784e2,CUST-84c09698,2025-11-01,16,332,166,5
USG-978202fb,CUST-84c09698,2025-12-01,13,138,138,10
USG-becbf713,CUST-84c09698,2026-01-01,14,298,149,8
USG-1a7f0c13,CUST-84c09698,2026-02-01,13,266,133,8
USG-b5fa254d,CUST-84c09698,2026-03-01,16,165,165,1
USG-bc2eb33c,CUST-84c09698,2026-04-01,15,775,155,6
USG-7d5e3bae,CUST-714bd6b4,2025-01-01,47,1896,474,4
USG-7d12b8e2,CUST-714bd6b4,2025-02-01,42,2100,420,8
USG-ddb2de0d,CUST-714bd6b4,2025-03-01,42,426,426,6
USG-4db3d761,CUST-714bd6b4,2025-04-01,40,800,400,1
USG-581380d0,CUST-714bd6b4,2025-05-01,46,930,465,7
USG-d846a720,CUST-714bd6b4,2025-06-01,37,377,377,2
USG-6bd5544e,CUST-714bd6b4,2025-07-01,41,1660,415,5
USG-db794cf6,CUST-714bd6b4,2025-08-01,50,506,506,10
USG-02368002,CUST-714bd6b4,2025-09-01,53,1074,537,10
USG-1ef1ecc3,CUST-714bd6b4,2025-10-01,51,1542,514,2
USG-7a9fda4f,CUST-714bd6b4,2025-11-01,48,964,482,7
USG-2cf148ad,CUST-714bd6b4,2025-12-01,45,2260,452,1
USG-398952e8,CUST-714bd6b4,2026-01-01,43,866,433,3
USG-33a02d7d,CUST-714bd6b4,2026-02-01,49,2455,491,10
USG-60f8abc4,CUST-714bd6b4,2026-03-01,41,411,411,2
USG-18ed8280,CUST-714bd6b4,2026-04-01,44,892,446,1
USG-9a5e7240,CUST-ee341a66,2025-03-01,35,1416,354,1
USG-b1e5574e,CUST-ee341a66,2025-04-01,41,412,412,9
USG-e5166503,CUST-ee341a66,2025-05-01,35,1424,356,10
USG-aa35b16f,CUST-ee341a66,2025-06-01,32,1296,324,8
USG-138f4f33,CUST-ee341a66,2025-07-01,44,882,441,8
USG-496a11a6,CUST-ee341a66,2025-08-01,34,349,349,7
USG-8d6de5b4,CUST-ee341a66,2025-09-01,44,882,441,8
USG-55100531,CUST-ee341a66,2025-10-01,36,738,369,8
USG-1167297c,CUST-ee341a66,2025-11-01,36,363,363,2
USG-777fdf07,CUST-ee341a66,2025-12-01,32,1284,321,10
USG-7305e927,CUST-ee341a66,2026-01-01,45,1832,458,8
USG-4e9d8fd6,CUST-ee341a66,2026-02-01,36,361,361,10
USG-646b32a6,CUST-ee341a66,2026-03-01,1,20,5,1
USG-e548837f,CUST-ee341a66,2026-04-01,1,0,0,4
USG-546835c8,CUST-82c8d8be,2026-04-01,1,8,2,7
USG-33cf58d9,CUST-82c8d8be,2026-05-01,1,5,5,9
USG-751e8af1,CUST-97d3d8e4,2025-04-01,1,13,13,9
USG-78229c74,CUST-97d3d8e4,2025-05-01,1,32,16,8
USG-fbd8920c,CUST-97d3d8e4,2025-06-01,1,44,11,1
USG-bffc657a,CUST-97d3d8e4,2025-07-01,1,15,15,1
USG-178a6290,CUST-97d3d8e4,2025-08-01,1,32,16,3
USG-7533e6c4,CUST-97d3d8e4,2025-09-01,1,30,15,7
USG-edcdf470,CUST-97d3d8e4,2025-10-01,1,28,14,10
USG-6b225f3a,CUST-97d3d8e4,2025-11-01,1,11,11,1
USG-3aa8bfd5,CUST-97d3d8e4,2025-12-01,1,11,11,9
USG-504d7bc3,CUST-97d3d8e4,2026-01-01,1,64,16,10
USG-b5cce750,CUST-97d3d8e4,2026-02-01,1,36,12,10
USG-7507d291,CUST-97d3d8e4,2026-03-01,1,44,11,8
USG-21a6f3f5,CUST-97d3d8e4,2026-04-01,1,65,13,8
USG-9f8eabf6,CUST-e70bd133,2025-10-01,36,364,364,5
USG-1fa263c5,CUST-e70bd133,2025-11-01,46,461,461,2
USG-c6d260e5,CUST-e70bd133,2025-12-01,49,1968,492,4
USG-31853b7d,CUST-e70bd133,2026-01-01,50,2500,500,3
USG-b96276f5,CUST-e70bd133,2026-02-01,48,1449,483,2
USG-2b682d43,CUST-e70bd133,2026-03-01,1,16,4,5
USG-0ad47041,CUST-e70bd133,2026-04-01,1,5,1,6
USG-edc5f1f2,CUST-d6ef7ffb,2025-02-01,28,283,283,7
USG-d8a4f58a,CUST-d6ef7ffb,2025-03-01,26,263,263,2
USG-35d7fada,CUST-d6ef7ffb,2025-04-01,31,1244,311,1
USG-41699814,CUST-d6ef7ffb,2025-05-01,30,616,308,6
USG-239e2182,CUST-d6ef7ffb,2025-06-01,24,726,242,10
USG-edcb740c,CUST-d6ef7ffb,2025-07-01,25,771,257,1
USG-fd629318,CUST-d6ef7ffb,2025-08-01,31,957,319,3
USG-4c2dfc87,CUST-d6ef7ffb,2025-09-01,31,312,312,9
USG-264b7e55,CUST-d6ef7ffb,2025-10-01,28,572,286,6
USG-8dce957d,CUST-d6ef7ffb,2025-11-01,30,912,304,9
USG-3bfcfa9f,CUST-d6ef7ffb,2025-12-01,22,880,220,6
USG-3d405f86,CUST-d6ef7ffb,2026-01-01,28,843,281,1
USG-b92f28cf,CUST-d6ef7ffb,2026-02-01,32,640,320,5
USG-0da840a7,CUST-d6ef7ffb,2026-03-01,23,690,230,3
USG-b75e24f9,CUST-d6ef7ffb,2026-04-01,26,520,260,6
USG-7671fdb2,CUST-3b20d8b3,2024-10-01,8,356,89,6
USG-6a22e97b,CUST-3b20d8b3,2024-11-01,9,368,92,8
USG-a845e25e,CUST-3b20d8b3,2024-12-01,11,236,118,3
USG-1735dd2c,CUST-3b20d8b3,2025-01-01,8,80,80,7
USG-6bf93cce,CUST-3b20d8b3,2025-02-01,8,168,84,10
USG-15924cd1,CUST-3b20d8b3,2025-03-01,11,226,113,1
USG-19e95ef6,CUST-3b20d8b3,2025-04-01,9,450,90,7
USG-6acdb4aa,CUST-3b20d8b3,2025-05-01,9,392,98,5
USG-4e80f38c,CUST-3b20d8b3,2025-06-01,9,186,93,3
USG-f66de802,CUST-3b20d8b3,2025-07-01,10,404,101,9
USG-6b908b0f,CUST-3b20d8b3,2025-08-01,8,162,81,10
USG-2e81138a,CUST-3b20d8b3,2025-09-01,8,249,83,10
USG-0f0ccb50,CUST-3b20d8b3,2025-10-01,9,98,98,10
USG-dec39335,CUST-3b20d8b3,2025-11-01,11,468,117,7
USG-4f2b3de6,CUST-3b20d8b3,2025-12-01,11,460,115,3
USG-c89eb186,CUST-3b20d8b3,2026-01-01,10,103,103,3
USG-f1004b39,CUST-3b20d8b3,2026-02-01,11,595,119,7
USG-56ac94ff,CUST-3b20d8b3,2026-03-01,11,354,118,10
USG-3694397c,CUST-3b20d8b3,2026-04-01,10,104,104,5
USG-88cb856a,CUST-d11984dc,2026-02-01,45,450,450,7
USG-619f854a,CUST-d11984dc,2026-03-01,38,1905,381,6
USG-86236a7b,CUST-d11984dc,2026-04-01,47,1425,475,9
USG-171402e6,CUST-3af5845d,2025-11-01,40,1206,402,7
USG-1cba1c6c,CUST-3af5845d,2025-12-01,41,1664,416,2
USG-21e79ae9,CUST-3af5845d,2026-01-01,39,1592,398,2
USG-25a1fff0,CUST-3af5845d,2026-02-01,41,1248,416,3
USG-6f0a43b0,CUST-3af5845d,2026-03-01,43,2185,437,4
USG-8c69b097,CUST-3af5845d,2026-04-01,46,936,468,9
USG-271d76e4,CUST-a6fc897f,2025-04-01,54,1082,541,3
USG-be4a788f,CUST-a6fc897f,2025-05-01,55,1116,558,8
USG-868a1548,CUST-a6fc897f,2025-06-01,52,2100,525,6
USG-29d2da11,CUST-a6fc897f,2025-07-01,42,2140,428,5
USG-7bdd916f,CUST-a6fc897f,2025-08-01,40,1212,404,10
USG-dcdfe4ef,CUST-a6fc897f,2025-09-01,52,1578,526,7
USG-2708cbf1,CUST-a6fc897f,2025-10-01,51,1530,510,5
USG-aa1960eb,CUST-a6fc897f,2025-11-01,50,1006,503,1
USG-6828523d,CUST-a6fc897f,2025-12-01,51,1032,516,2
USG-6c397833,CUST-a6fc897f,2026-01-01,54,1082,541,7
USG-f9fb9c88,CUST-a6fc897f,2026-02-01,45,2290,458,5
USG-80544b30,CUST-a6fc897f,2026-03-01,44,896,448,9
USG-51f84ec9,CUST-a6fc897f,2026-04-01,56,1136,568,4
USG-de18f476,CUST-66502c44,2024-11-01,9,282,94,6
USG-36c24542,CUST-66502c44,2024-12-01,8,172,86,6
USG-4952710e,CUST-66502c44,2025-01-01,7,375,75,3
USG-719c1cfc,CUST-66502c44,2025-02-01,9,470,94,10
USG-4ebbb9b2,CUST-66502c44,2025-03-01,9,372,93,6
USG-a3b984c2,CUST-66502c44,2025-04-01,8,261,87,5
USG-82045ff8,CUST-66502c44,2025-05-01,8,164,82,1
USG-5675991e,CUST-66502c44,2025-06-01,9,186,93,10
USG-dba2114f,CUST-66502c44,2025-07-01,8,80,80,4
USG-32e77d33,CUST-66502c44,2025-08-01,7,280,70,7
USG-592924de,CUST-66502c44,2025-09-01,6,325,65,2
USG-7d70e5ac,CUST-66502c44,2025-10-01,9,364,91,8
USG-0fa0f120,CUST-66502c44,2025-11-01,9,93,93,5
USG-6bc32357,CUST-66502c44,2025-12-01,9,90,90,2
USG-0667e1bb,CUST-66502c44,2026-01-01,7,370,74,2
USG-d1f58926,CUST-66502c44,2026-02-01,8,166,83,4
USG-4d04f3ae,CUST-66502c44,2026-03-01,6,130,65,10
USG-15cda851,CUST-66502c44,2026-04-01,7,355,71,2
USG-1392d75c,CUST-7d69a4ca,2026-01-01,6,252,63,7
USG-28ee3dee,CUST-7d69a4ca,2026-02-01,6,310,62,2
USG-dada2913,CUST-7d69a4ca,2026-03-01,6,315,63,8
USG-b702ed19,CUST-7d69a4ca,2026-04-01,7,231,77,1
USG-fc31ea1d,CUST-e5fe2b23,2025-01-01,22,1140,228,3
USG-66cb397f,CUST-e5fe2b23,2025-02-01,16,501,167,2
USG-023f566e,CUST-e5fe2b23,2025-03-01,16,805,161,9
USG-ed0ad659,CUST-e5fe2b23,2025-04-01,22,224,224,1
USG-ca21f522,CUST-e5fe2b23,2025-05-01,20,627,209,5
USG-4edf51e6,CUST-e5fe2b23,2025-06-01,17,175,175,3
USG-00fe8e24,CUST-e5fe2b23,2025-07-01,19,388,194,3
USG-bc1ddf0c,CUST-e5fe2b23,2025-08-01,21,868,217,6
USG-014f96d6,CUST-e5fe2b23,2025-09-01,18,567,189,3
USG-ff0691b3,CUST-e5fe2b23,2025-10-01,19,772,193,4
USG-737ad4e6,CUST-e5fe2b23,2025-11-01,20,1010,202,3
USG-5a6721da,CUST-e5fe2b23,2025-12-01,18,376,188,3
USG-257d458e,CUST-e5fe2b23,2026-01-01,22,908,227,7
USG-4b8ff9e2,CUST-e5fe2b23,2026-02-01,21,216,216,2
USG-94913b12,CUST-e5fe2b23,2026-03-01,1,4,2,2
USG-c159fc0b,CUST-e5fe2b23,2026-04-01,1,5,5,8
USG-5e6a7aed,CUST-2399b93c,2026-02-01,16,815,163,9
USG-d7358bb2,CUST-2399b93c,2026-03-01,20,836,209,2
USG-6dc3b6c6,CUST-2399b93c,2026-04-01,16,498,166,3
USG-fabcbb98,CUST-a46ba972,2026-03-01,25,753,251,3
USG-c190541a,CUST-a46ba972,2026-04-01,23,239,239,7
USG-3a60d275,CUST-a0a24116,2025-11-01,42,1266,422,7
USG-32df39a6,CUST-a0a24116,2025-12-01,40,1221,407,4
USG-6a06c4e6,CUST-a0a24116,2026-01-01,35,706,353,9
USG-af2d521f,CUST-a0a24116,2026-02-01,40,405,405,7
USG-c0999558,CUST-a0a24116,2026-03-01,35,704,352,9
USG-039a700d,CUST-a0a24116,2026-04-01,38,1152,384,5
USG-d0f9f973,CUST-3ac032b8,2025-07-01,37,1870,374,5
USG-3593f60c,CUST-3ac032b8,2025-08-01,48,1452,484,4
USG-61d991d0,CUST-3ac032b8,2025-09-01,46,2330,466,5
USG-0fe2c1e7,CUST-3ac032b8,2025-10-01,45,1359,453,3
USG-1bfce4c3,CUST-3ac032b8,2025-11-01,51,2550,510,8
USG-be7075b2,CUST-3ac032b8,2025-12-01,51,1020,510,5
USG-26a6d536,CUST-3ac032b8,2026-01-01,42,2125,425,8
USG-a86abc61,CUST-3ac032b8,2026-02-01,53,2655,531,10
USG-987086b7,CUST-3ac032b8,2026-03-01,1,8,4,3
USG-142d12d9,CUST-3ac032b8,2026-04-01,1,6,2,6
USG-43f16d64,CUST-0f4300a7,2025-04-01,33,1002,334,3
USG-2109b8b1,CUST-0f4300a7,2025-05-01,30,308,308,2
USG-742b46f0,CUST-0f4300a7,2025-06-01,33,1670,334,10
USG-34f5e4fa,CUST-0f4300a7,2025-07-01,34,349,349,8
USG-f9792be5,CUST-0f4300a7,2025-08-01,35,1068,356,5
USG-2942416b,CUST-0f4300a7,2025-09-01,34,1725,345,1
USG-4824158a,CUST-0f4300a7,2025-10-01,39,1584,396,10
USG-4db063b7,CUST-0f4300a7,2025-11-01,37,1480,370,3
USG-9c4ed703,CUST-0f4300a7,2025-12-01,43,1732,433,10
USG-019d8a7f,CUST-0f4300a7,2026-01-01,31,632,316,4
USG-bc53c1fe,CUST-0f4300a7,2026-02-01,37,746,373,1
USG-1e458fb3,CUST-0f4300a7,2026-03-01,29,590,295,6
USG-7dbe3fac,CUST-0f4300a7,2026-04-01,39,796,398,10
USG-5237fe9c,CUST-18c47b49,2025-01-01,20,414,207,6
USG-acaaf1f7,CUST-18c47b49,2025-02-01,17,346,173,8
USG-a128a683,CUST-18c47b49,2025-03-01,20,820,205,4
USG-ebaafabc,CUST-18c47b49,2025-04-01,15,456,152,3
USG-2dfcf077,CUST-18c47b49,2025-05-01,16,835,167,8
USG-e66192b2,CUST-18c47b49,2025-06-01,20,203,203,4
USG-76dbf156,CUST-18c47b49,2025-07-01,21,217,217,2
USG-01dca9b1,CUST-18c47b49,2025-08-01,17,177,177,8
USG-c847c940,CUST-18c47b49,2025-09-01,16,324,162,6
USG-ee3d9ecc,CUST-18c47b49,2025-10-01,18,740,185,3
USG-2fbf0028,CUST-18c47b49,2025-11-01,20,1045,209,3
USG-34396fbb,CUST-18c47b49,2025-12-01,15,153,153,6
USG-9a13e2dc,CUST-18c47b49,2026-01-01,17,525,175,5
USG-91397621,CUST-18c47b49,2026-02-01,16,640,160,9
USG-92b57c35,CUST-18c47b49,2026-03-01,17,716,179,2
USG-50a82bd4,CUST-18c47b49,2026-04-01,16,805,161,4
USG-ead7230c,CUST-139cee93,2025-11-01,21,1085,217,10
USG-e3c9f331,CUST-139cee93,2025-12-01,15,156,156,6
USG-e97d11ff,CUST-139cee93,2026-01-01,20,627,209,9
USG-4849bf62,CUST-139cee93,2026-02-01,21,434,217,6
USG-7921cf1f,CUST-139cee93,2026-03-01,1,6,3,8
USG-cd558d6e,CUST-139cee93,2026-04-01,1,5,1,7
USG-6c25579e,CUST-e1bd2e79,2026-03-01,37,750,375,2
USG-427d26fd,CUST-e1bd2e79,2026-04-01,40,800,400,1
USG-4dcdfd56,CUST-b321b91d,2025-12-01,35,704,352,9
USG-c5a0284f,CUST-b321b91d,2026-01-01,32,1640,328,8
USG-d36689da,CUST-b321b91d,2026-02-01,34,692,346,8
USG-01034f97,CUST-b321b91d,2026-03-01,33,336,336,6
USG-7de7d243,CUST-b321b91d,2026-04-01,30,1204,301,3
USG-c36261e5,CUST-f2eb4c6d,2025-07-01,3,144,36,6
USG-bc2085ee,CUST-f2eb4c6d,2025-08-01,2,108,27,7
USG-54d92d48,CUST-f2eb4c6d,2025-09-01,3,35,35,3
USG-10f9ffd4,CUST-f2eb4c6d,2025-10-01,4,200,40,6
USG-9f231e60,CUST-f2eb4c6d,2025-11-01,4,160,40,9
USG-aa27fa9f,CUST-f2eb4c6d,2025-12-01,3,93,31,5
USG-636fb3cc,CUST-f2eb4c6d,2026-01-01,2,84,28,10
USG-b966a91b,CUST-f2eb4c6d,2026-02-01,3,30,30,2
USG-924a50c3,CUST-f2eb4c6d,2026-03-01,1,0,0,7
USG-a083e5ea,CUST-f2eb4c6d,2026-04-01,1,25,5,6
USG-10c8dfa1,CUST-968702e4,2024-06-01,20,400,200,7
USG-3c59fa87,CUST-968702e4,2024-07-01,18,370,185,2
USG-fbae7192,CUST-968702e4,2024-08-01,17,680,170,1
USG-484febbf,CUST-968702e4,2024-09-01,18,732,183,4
USG-57cfa633,CUST-968702e4,2024-10-01,14,438,146,2
USG-13b5f19c,CUST-968702e4,2024-11-01,17,344,172,3
USG-f6e963d4,CUST-968702e4,2024-12-01,17,175,175,7
USG-f48b5804,CUST-968702e4,2025-01-01,19,760,190,2
USG-0b5a5d51,CUST-968702e4,2025-02-01,14,148,148,8
USG-17a019d3,CUST-968702e4,2025-03-01,18,368,184,10
USG-f20a7f87,CUST-968702e4,2025-04-01,17,680,170,2
USG-6b3f7cec,CUST-968702e4,2025-05-01,17,537,179,9
USG-e3ce16f4,CUST-968702e4,2025-06-01,15,462,154,5
USG-790ca973,CUST-968702e4,2025-07-01,15,312,156,1
USG-4708a92e,CUST-968702e4,2025-08-01,13,405,135,6
USG-16307a40,CUST-968702e4,2025-09-01,19,760,190,8
USG-9d6e0885,CUST-968702e4,2025-10-01,16,498,166,2
USG-006f5ecb,CUST-968702e4,2025-11-01,17,537,179,7
USG-8f79dc9f,CUST-968702e4,2025-12-01,19,570,190,2
USG-a9d80f46,CUST-968702e4,2026-01-01,16,169,169,7
USG-8fec6476,CUST-968702e4,2026-02-01,15,302,151,6
USG-cd2fb098,CUST-968702e4,2026-03-01,15,300,150,7
USG-cd8a510a,CUST-968702e4,2026-04-01,14,444,148,8
USG-4263dcf4,CUST-38c2a5b2,2025-04-01,36,1815,363,7
USG-a45dd37b,CUST-38c2a5b2,2025-05-01,37,371,371,8
USG-54892183,CUST-38c2a5b2,2025-06-01,46,926,463,6
USG-0b327f62,CUST-38c2a5b2,2025-07-01,31,1248,312,7
USG-db3de2c2,CUST-38c2a5b2,2025-08-01,37,1496,374,10
USG-a64d207e,CUST-38c2a5b2,2025-09-01,40,1221,407,1
USG-4c0260d3,CUST-38c2a5b2,2025-10-01,38,1164,388,3
USG-cba2a780,CUST-38c2a5b2,2025-11-01,37,374,374,7
USG-94abef11,CUST-38c2a5b2,2025-12-01,38,1548,387,6
USG-6370aee2,CUST-38c2a5b2,2026-01-01,36,724,362,3
USG-9ebecdb6,CUST-38c2a5b2,2026-02-01,36,1104,368,8
USG-0fb87b0f,CUST-38c2a5b2,2026-03-01,35,350,350,5
USG-2a770e0a,CUST-38c2a5b2,2026-04-01,31,954,318,1
USG-a3dfcea7,CUST-c30713a0,2024-06-01,39,1170,390,4
USG-771aa3b5,CUST-c30713a0,2024-07-01,36,1820,364,5
USG-94884f9e,CUST-c30713a0,2024-08-01,35,714,357,6
USG-47ce5616,CUST-c30713a0,2024-09-01,36,1464,366,1
USG-1a87eaa6,CUST-c30713a0,2024-10-01,28,285,285,9
USG-34b25182,CUST-c30713a0,2024-11-01,37,754,377,1
USG-2a833a1e,CUST-c30713a0,2024-12-01,41,1648,412,2
USG-00c9b41b,CUST-c30713a0,2025-01-01,33,678,339,9
USG-97fc554b,CUST-c30713a0,2025-02-01,41,410,410,10
USG-0be22c1f,CUST-c30713a0,2025-03-01,31,1570,314,3
USG-ec2fd5d4,CUST-c30713a0,2025-04-01,35,1755,351,2
USG-1ba88b50,CUST-c30713a0,2025-05-01,35,1775,355,4
USG-34728884,CUST-c30713a0,2025-06-01,36,363,363,10
USG-88189e4a,CUST-c30713a0,2025-07-01,35,1795,359,3
USG-5d59cc38,CUST-c30713a0,2025-08-01,29,891,297,1
USG-f3749cb7,CUST-c30713a0,2025-09-01,29,1485,297,2
USG-7fab4ab0,CUST-c30713a0,2025-10-01,35,1050,350,8
USG-34eff19d,CUST-c30713a0,2025-11-01,34,343,343,2
USG-8e3c539d,CUST-c30713a0,2025-12-01,35,1780,356,7
USG-09ff5d1e,CUST-c30713a0,2026-01-01,38,1155,385,3
USG-e4723a60,CUST-c30713a0,2026-02-01,30,602,301,5
USG-8ce5b631,CUST-c30713a0,2026-03-01,36,368,368,6
USG-089ea6c5,CUST-c30713a0,2026-04-01,30,1510,302,10
USG-67ace964,CUST-c30713a0,2026-05-01,31,1575,315,2
USG-2c4cb975,CUST-282c92db,2025-08-01,53,2120,530,7
USG-9f645008,CUST-282c92db,2025-09-01,44,443,443,8
USG-f20c1581,CUST-282c92db,2025-10-01,55,1116,558,2
USG-34387a70,CUST-282c92db,2025-11-01,41,2090,418,8
USG-dcdbc730,CUST-282c92db,2025-12-01,55,2750,550,4
USG-49e1eb1d,CUST-282c92db,2026-01-01,40,1203,401,3
USG-08247ddc,CUST-282c92db,2026-02-01,51,2056,514,7
USG-bd6045de,CUST-282c92db,2026-03-01,53,1590,530,6
USG-90b58b8d,CUST-282c92db,2026-04-01,49,1984,496,7
USG-bc7ddef4,CUST-0e2610e0,2024-09-01,32,328,328,9
USG-e312a6df,CUST-0e2610e0,2024-10-01,39,1197,399,7
USG-8364ddd5,CUST-0e2610e0,2024-11-01,38,1528,382,6
USG-b621d7f5,CUST-0e2610e0,2024-12-01,29,584,292,10
USG-04a632e9,CUST-0e2610e0,2025-01-01,29,584,292,8
USG-fcf4852b,CUST-0e2610e0,2025-02-01,29,870,290,5
USG-37cef527,CUST-0e2610e0,2025-03-01,35,702,351,7
USG-9b628e35,CUST-0e2610e0,2025-04-01,30,301,301,4
USG-54885b99,CUST-0e2610e0,2025-05-01,31,634,317,6
USG-7afbcffa,CUST-0e2610e0,2025-06-01,28,560,280,5
USG-a08acfd0,CUST-0e2610e0,2025-07-01,33,1332,333,5
USG-f676d17b,CUST-0e2610e0,2025-08-01,41,1660,415,9
USG-88706177,CUST-0e2610e0,2025-09-01,33,1352,338,5
USG-5c6a8b02,CUST-0e2610e0,2025-10-01,36,1101,367,7
USG-5f84c71d,CUST-0e2610e0,2025-11-01,37,1122,374,5
USG-d8086991,CUST-0e2610e0,2025-12-01,35,352,352,9
USG-ac878486,CUST-0e2610e0,2026-01-01,39,1580,395,4
USG-85a36207,CUST-0e2610e0,2026-02-01,36,1810,362,3
USG-0f791cb5,CUST-0e2610e0,2026-03-01,29,584,292,6
USG-b75642ea,CUST-0e2610e0,2026-04-01,40,2015,403,9
USG-887c48bc,CUST-97cbde60,2025-07-01,48,1948,487,5
USG-a2a9c0bd,CUST-97cbde60,2025-08-01,55,1656,552,1
USG-37d985de,CUST-97cbde60,2025-09-01,43,434,434,6
USG-b166e92c,CUST-97cbde60,2025-10-01,40,1212,404,7
USG-d8269a4b,CUST-97cbde60,2025-11-01,46,2325,465,7
USG-832bd41d,CUST-97cbde60,2025-12-01,45,1820,455,10
USG-60b4e0a3,CUST-97cbde60,2026-01-01,50,2008,502,4
USG-2cbd7e26,CUST-97cbde60,2026-02-01,49,1494,498,5
USG-1b8149d7,CUST-97cbde60,2026-03-01,48,1940,485,2
USG-596ceb34,CUST-97cbde60,2026-04-01,43,436,436,3
USG-507338f4,CUST-af683561,2025-10-01,20,1000,200,4
USG-5df4c760,CUST-af683561,2025-11-01,16,165,165,1
USG-c291e331,CUST-af683561,2025-12-01,17,708,177,3
USG-b621cb28,CUST-af683561,2026-01-01,19,955,191,8
USG-8ad4dc23,CUST-af683561,2026-02-01,17,708,177,6
USG-fd16ae60,CUST-af683561,2026-03-01,17,354,177,1
USG-740bed68,CUST-af683561,2026-04-01,21,840,210,1
USG-d42e9fef,CUST-bc3fb2d0,2024-05-01,40,2025,405,4
USG-cf47f647,CUST-bc3fb2d0,2024-06-01,40,1604,401,8
USG-f5a3d44e,CUST-bc3fb2d0,2024-07-01,51,2068,517,8
USG-6e502c70,CUST-bc3fb2d0,2024-08-01,40,408,408,1
USG-477b08d5,CUST-bc3fb2d0,2024-09-01,51,2590,518,5
USG-bb70737f,CUST-bc3fb2d0,2024-10-01,39,1596,399,2
USG-11df513b,CUST-bc3fb2d0,2024-11-01,49,498,498,9
USG-1b8ef70d,CUST-bc3fb2d0,2024-12-01,39,396,396,1
USG-889c441f,CUST-bc3fb2d0,2025-01-01,40,1203,401,1
USG-5d165ad6,CUST-bc3fb2d0,2025-02-01,47,950,475,6
USG-99b2c66a,CUST-bc3fb2d0,2025-03-01,49,2475,495,3
USG-fe33194c,CUST-bc3fb2d0,2025-04-01,44,448,448,8
USG-b70c5bce,CUST-bc3fb2d0,2025-05-01,39,796,398,1
USG-d85b4a9f,CUST-bc3fb2d0,2025-06-01,40,400,400,7
USG-62a7d65b,CUST-bc3fb2d0,2025-07-01,43,1302,434,7
USG-8c314721,CUST-bc3fb2d0,2025-08-01,48,489,489,9
USG-a17c87e6,CUST-bc3fb2d0,2025-09-01,53,2124,531,9
USG-88b49ea5,CUST-bc3fb2d0,2025-10-01,50,2020,505,10
USG-56738734,CUST-bc3fb2d0,2025-11-01,44,2235,447,9
USG-f32b5f10,CUST-bc3fb2d0,2025-12-01,54,1623,541,9
USG-53af6345,CUST-bc3fb2d0,2026-01-01,47,1900,475,10
USG-a8ae31e2,CUST-bc3fb2d0,2026-02-01,49,1485,495,8
USG-19f7cce0,CUST-bc3fb2d0,2026-03-01,48,1956,489,2
USG-9b37f847,CUST-bc3fb2d0,2026-04-01,38,1900,380,2
USG-72830119,CUST-378af3ab,2025-06-01,28,1420,284,5
USG-2af8796f,CUST-378af3ab,2025-07-01,23,1175,235,1
USG-d1b2353f,CUST-378af3ab,2025-08-01,28,1430,286,3
USG-258f974a,CUST-378af3ab,2025-09-01,27,1365,273,6
USG-133ab1f3,CUST-378af3ab,2025-10-01,20,1020,204,4
USG-f33bc644,CUST-378af3ab,2025-11-01,28,1148,287,9
USG-60e2d5ab,CUST-378af3ab,2025-12-01,28,1156,289,9
USG-c4abcc2a,CUST-378af3ab,2026-01-01,27,1390,278,10
USG-adbcca8d,CUST-378af3ab,2026-02-01,25,750,250,3
USG-e89e46f6,CUST-378af3ab,2026-03-01,1,0,0,4
USG-940e9924,CUST-378af3ab,2026-04-01,1,4,1,6
USG-a8d519e8,CUST-378af3ab,2026-05-01,1,0,0,1
USG-665d2678,CUST-e569da5e,2024-11-01,42,850,425,5
USG-f2bb0950,CUST-e569da5e,2024-12-01,38,1152,384,3
USG-7d0d8f95,CUST-e569da5e,2025-01-01,37,1496,374,7
USG-e99fe39f,CUST-e569da5e,2025-02-01,43,435,435,4
USG-a535c45e,CUST-e569da5e,2025-03-01,40,812,406,10
USG-7dff436f,CUST-e569da5e,2025-04-01,41,1257,419,8
USG-a5198b96,CUST-e569da5e,2025-05-01,44,894,447,10
USG-37e800ac,CUST-e569da5e,2025-06-01,44,443,443,1
USG-bc6a56a1,CUST-e569da5e,2025-07-01,46,2330,466,3
USG-6864fed9,CUST-e569da5e,2025-08-01,50,2525,505,8
USG-bf00fd06,CUST-e569da5e,2025-09-01,37,1131,377,4
USG-082f9a3e,CUST-e569da5e,2025-10-01,46,1848,462,9
USG-22325b17,CUST-e569da5e,2025-11-01,44,448,448,3
USG-dd2523bd,CUST-e569da5e,2025-12-01,49,2470,494,8
USG-9a8fa081,CUST-e569da5e,2026-01-01,44,1768,442,3
USG-607d43a6,CUST-e569da5e,2026-02-01,38,776,388,6
USG-465c8f4f,CUST-e569da5e,2026-03-01,42,1266,422,7
USG-66ae631c,CUST-e569da5e,2026-04-01,50,1515,505,4
USG-17bc6d6b,CUST-8925dbd6,2026-02-01,37,754,377,9
USG-234f3cd1,CUST-8925dbd6,2026-03-01,46,1401,467,9
USG-a2f41e05,CUST-8925dbd6,2026-04-01,50,2510,502,10
USG-4d7fe363,CUST-89533620,2025-08-01,42,858,429,2
USG-38567f55,CUST-89533620,2025-09-01,32,326,326,1
USG-1a192116,CUST-89533620,2025-10-01,37,1131,377,10
USG-8511a842,CUST-89533620,2025-11-01,43,1314,438,1
USG-22311c39,CUST-89533620,2025-12-01,44,445,445,3
USG-3658435b,CUST-89533620,2026-01-01,34,1364,341,1
USG-da955c08,CUST-89533620,2026-02-01,33,996,332,3
USG-465647f5,CUST-89533620,2026-03-01,1,4,1,4
USG-c1c2b752,CUST-89533620,2026-04-01,1,1,1,4
USG-c036408f,CUST-9be7d170,2025-09-01,18,366,183,5
USG-044516ba,CUST-9be7d170,2025-10-01,13,536,134,2
USG-093c6869,CUST-9be7d170,2025-11-01,18,910,182,8
USG-fc096095,CUST-9be7d170,2025-12-01,18,748,187,3
USG-1c6e06e3,CUST-9be7d170,2026-01-01,18,740,185,8
USG-5e5d7c3b,CUST-9be7d170,2026-02-01,16,507,169,3
USG-e29f4e9a,CUST-9be7d170,2026-03-01,19,965,193,3
USG-9e7edebb,CUST-9be7d170,2026-04-01,13,136,136,8
USG-4d639f5e,CUST-b080e00f,2025-02-01,7,234,78,9
USG-4590e3e5,CUST-b080e00f,2025-03-01,8,87,87,6
USG-6a6bfa47,CUST-b080e00f,2025-04-01,9,364,91,6
USG-9d810ba3,CUST-b080e00f,2025-05-01,9,376,94,10
USG-b92668b5,CUST-b080e00f,2025-06-01,7,76,76,4
USG-88f91bae,CUST-b080e00f,2025-07-01,6,67,67,5
USG-148cf039,CUST-b080e00f,2025-08-01,8,81,81,10
USG-ebb178c8,CUST-b080e00f,2025-09-01,9,273,91,2
USG-a727c754,CUST-b080e00f,2025-10-01,8,328,82,3
USG-2cae1f1d,CUST-b080e00f,2025-11-01,7,234,78,6
USG-77b260a5,CUST-b080e00f,2025-12-01,7,312,78,6
USG-084791bb,CUST-b080e00f,2026-01-01,9,460,92,7
USG-da34997e,CUST-b080e00f,2026-02-01,8,348,87,3
USG-de7ccafe,CUST-b080e00f,2026-03-01,8,178,89,8
USG-d8bd0eda,CUST-b080e00f,2026-04-01,7,316,79,8
USG-c1720ee7,CUST-ae0f44fc,2025-10-01,6,252,63,2
USG-1547b32b,CUST-ae0f44fc,2025-11-01,5,255,51,10
USG-bb01b6ea,CUST-ae0f44fc,2025-12-01,6,120,60,10
USG-5eb572b9,CUST-ae0f44fc,2026-01-01,6,260,65,7
USG-b70ae904,CUST-ae0f44fc,2026-02-01,6,256,64,1
USG-6c0b0876,CUST-ae0f44fc,2026-03-01,1,20,5,1
USG-a28d6d2b,CUST-ae0f44fc,2026-04-01,1,0,0,3
USG-3f5b7cf1,CUST-84aeccf2,2025-12-01,33,1328,332,3
USG-facc67c9,CUST-84aeccf2,2026-01-01,37,1119,373,6
USG-04e0cea9,CUST-84aeccf2,2026-02-01,29,1485,297,5
USG-10a5db22,CUST-84aeccf2,2026-03-01,40,402,402,1
USG-964c5b75,CUST-84aeccf2,2026-04-01,30,1510,302,8
USG-db6d1f17,CUST-8aab79ce,2024-09-01,28,280,280,7
USG-77451181,CUST-8aab79ce,2024-10-01,31,951,317,7
USG-d23d466e,CUST-8aab79ce,2024-11-01,30,924,308,10
USG-088cb12f,CUST-8aab79ce,2024-12-01,24,1225,245,2
USG-80eb6f15,CUST-8aab79ce,2025-01-01,28,1410,282,7
USG-6cfe4a1b,CUST-8aab79ce,2025-02-01,27,810,270,10
USG-dbfd7568,CUST-8aab79ce,2025-03-01,28,1128,282,5
USG-d4567281,CUST-8aab79ce,2025-04-01,27,552,276,3
USG-3156ca02,CUST-8aab79ce,2025-05-01,21,1065,213,3
USG-767dd840,CUST-8aab79ce,2025-06-01,23,1150,230,7
USG-c3db4c30,CUST-8aab79ce,2025-07-01,26,266,266,4
USG-5e883046,CUST-8aab79ce,2025-08-01,26,786,262,8
USG-af9d7752,CUST-8aab79ce,2025-09-01,26,807,269,6
USG-f6fad48a,CUST-8aab79ce,2025-10-01,26,1056,264,6
USG-cb5d2a28,CUST-8aab79ce,2025-11-01,23,1175,235,3
USG-34247534,CUST-8aab79ce,2025-12-01,24,960,240,5
USG-e953b912,CUST-8aab79ce,2026-01-01,23,1170,234,2
USG-3be9ee08,CUST-8aab79ce,2026-02-01,23,472,236,3
USG-f6204f69,CUST-8aab79ce,2026-03-01,24,996,249,6
USG-c3e873a0,CUST-8aab79ce,2026-04-01,21,214,214,3
USG-2feee881,CUST-17918c1c,2025-07-01,9,270,90,4
USG-67dcbda3,CUST-17918c1c,2025-08-01,10,300,100,1
USG-f5bf179a,CUST-17918c1c,2025-09-01,9,285,95,6
USG-08d66f52,CUST-17918c1c,2025-10-01,11,440,110,4
USG-5cf9212e,CUST-17918c1c,2025-11-01,7,390,78,3
USG-93c540fe,CUST-17918c1c,2025-12-01,9,392,98,7
USG-17f80df4,CUST-17918c1c,2026-01-01,8,240,80,8
USG-866de17a,CUST-17918c1c,2026-02-01,9,90,90,4
USG-1c59e7c6,CUST-17918c1c,2026-03-01,1,8,4,9
USG-79519f36,CUST-17918c1c,2026-04-01,1,0,0,2
USG-80c7cc95,CUST-91de8665,2024-11-01,3,99,33,6
USG-edfd4d2f,CUST-91de8665,2024-12-01,4,205,41,7
USG-b510715f,CUST-91de8665,2025-01-01,3,148,37,10
USG-e3912449,CUST-91de8665,2025-02-01,3,180,36,7
USG-5d342868,CUST-91de8665,2025-03-01,4,210,42,4
USG-47498b3c,CUST-91de8665,2025-04-01,4,86,43,10
USG-f45b32d2,CUST-91de8665,2025-05-01,4,90,45,9
USG-febef96e,CUST-91de8665,2025-06-01,3,72,36,9
USG-909df4ac,CUST-91de8665,2025-07-01,4,160,40,9
USG-84422459,CUST-91de8665,2025-08-01,4,205,41,7
USG-78ed7cf9,CUST-91de8665,2025-09-01,4,205,41,3
USG-430fa4e7,CUST-91de8665,2025-10-01,3,38,38,8
USG-c2a471f3,CUST-91de8665,2025-11-01,3,144,36,9
USG-66565973,CUST-91de8665,2025-12-01,3,136,34,6
USG-34f1662f,CUST-91de8665,2026-01-01,3,70,35,4
USG-22ccc34e,CUST-91de8665,2026-02-01,3,152,38,10
USG-e09ea72a,CUST-91de8665,2026-03-01,4,230,46,4
USG-3d56e9b6,CUST-91de8665,2026-04-01,4,160,40,4
USG-5a42f307,CUST-11156cfe,2024-09-01,40,810,405,2
USG-65bce4c2,CUST-11156cfe,2024-10-01,39,1985,397,1
USG-37f26cdd,CUST-11156cfe,2024-11-01,36,1830,366,5
USG-8dc2b118,CUST-11156cfe,2024-12-01,45,2250,450,7
USG-b534b552,CUST-11156cfe,2025-01-01,31,624,312,4
USG-081c7cd6,CUST-11156cfe,2025-02-01,45,902,451,10
USG-1c3193bf,CUST-11156cfe,2025-03-01,44,2235,447,6
USG-da5cc933,CUST-11156cfe,2025-04-01,31,1264,316,8
USG-86511af1,CUST-11156cfe,2025-05-01,33,662,331,7
USG-81ee6143,CUST-11156cfe,2025-06-01,41,1640,410,3
USG-73cb22f2,CUST-11156cfe,2025-07-01,39,390,390,8
USG-094aa437,CUST-11156cfe,2025-08-01,37,1480,370,8
USG-bc16846c,CUST-11156cfe,2025-09-01,43,2160,432,7
USG-6ed73553,CUST-11156cfe,2025-10-01,45,912,456,10
USG-5056c8ab,CUST-11156cfe,2025-11-01,38,1910,382,2
USG-f24aca8e,CUST-11156cfe,2025-12-01,45,459,459,6
USG-121bb3c6,CUST-11156cfe,2026-01-01,40,1632,408,5
USG-d51d22fb,CUST-11156cfe,2026-02-01,44,2235,447,10
USG-92bb23f5,CUST-11156cfe,2026-03-01,44,890,445,4
USG-23d48a14,CUST-11156cfe,2026-04-01,31,626,313,8
USG-7ffca315,CUST-f64fa4c3,2026-01-01,12,500,125,3
USG-c428bd7e,CUST-f64fa4c3,2026-02-01,18,364,182,7
USG-d44a602b,CUST-f64fa4c3,2026-03-01,12,258,129,4
USG-032a6ebd,CUST-f64fa4c3,2026-04-01,13,655,131,8
USG-ef9c2d42,CUST-3e052394,2025-04-01,10,101,101,9
USG-780d3a9f,CUST-3e052394,2025-05-01,10,535,107,2
USG-7e938a09,CUST-3e052394,2025-06-01,11,440,110,7
USG-ff1b84cb,CUST-3e052394,2025-07-01,8,176,88,10
USG-642eb116,CUST-3e052394,2025-08-01,9,388,97,4
USG-a7bf547d,CUST-3e052394,2025-09-01,12,496,124,3
USG-273c1157,CUST-3e052394,2025-10-01,9,384,96,4
USG-6a0e79c8,CUST-3e052394,2025-11-01,11,330,110,8
USG-6cb93138,CUST-3e052394,2025-12-01,11,468,117,9
USG-ad1d63db,CUST-3e052394,2026-01-01,9,98,98,8
USG-3af55542,CUST-3e052394,2026-02-01,9,270,90,4
USG-b1a1c565,CUST-3e052394,2026-03-01,10,318,106,9
USG-b93ecbb5,CUST-3e052394,2026-04-01,11,117,117,1
USG-7bae9399,CUST-2872acb4,2024-09-01,32,1600,320,9
USG-98f29468,CUST-2872acb4,2024-10-01,29,1485,297,3
USG-6875f6bc,CUST-2872acb4,2024-11-01,34,1020,340,6
USG-1322ce42,CUST-2872acb4,2024-12-01,32,987,329,2
USG-630849b5,CUST-2872acb4,2025-01-01,35,1755,351,1
USG-6983d6bf,CUST-2872acb4,2025-02-01,28,1128,282,4
USG-f1cd288a,CUST-2872acb4,2025-03-01,28,1430,286,8
USG-d2ba996d,CUST-2872acb4,2025-04-01,29,580,290,5
USG-282a1d7b,CUST-2872acb4,2025-05-01,36,1083,361,4
USG-c4ef5744,CUST-2872acb4,2025-06-01,36,1098,366,10
USG-5dd30700,CUST-2872acb4,2025-07-01,31,313,313,1
USG-1c2ac2e4,CUST-2872acb4,2025-08-01,30,1520,304,10
USG-03b31e7a,CUST-2872acb4,2025-09-01,32,1288,322,3
USG-67615a4a,CUST-2872acb4,2025-10-01,26,526,263,7
USG-8d59853e,CUST-2872acb4,2025-11-01,28,1128,282,2
USG-ce2dd79c,CUST-2872acb4,2025-12-01,33,1011,337,4
USG-49424ed2,CUST-2872acb4,2026-01-01,27,273,273,1
USG-de963892,CUST-2872acb4,2026-02-01,26,262,262,3
USG-39ce8fbd,CUST-2872acb4,2026-03-01,1,9,3,1
USG-a04ec835,CUST-2872acb4,2026-04-01,1,12,3,10
USG-21cadad2,CUST-7d4497d2,2025-05-01,27,1104,276,10
USG-df210e4e,CUST-7d4497d2,2025-06-01,22,1120,224,1
USG-3c017c80,CUST-7d4497d2,2025-07-01,28,289,289,5
USG-aab2903d,CUST-7d4497d2,2025-08-01,23,1175,235,7
USG-4548671d,CUST-7d4497d2,2025-09-01,26,264,264,2
USG-f57922a2,CUST-7d4497d2,2025-10-01,29,1465,293,2
USG-ca55ae3c,CUST-7d4497d2,2025-11-01,21,215,215,8
USG-5c2c0599,CUST-7d4497d2,2025-12-01,23,234,234,1
USG-51fe3bd1,CUST-7d4497d2,2026-01-01,20,1010,202,10
USG-403b07fd,CUST-7d4497d2,2026-02-01,26,804,268,6
USG-b1551b39,CUST-7d4497d2,2026-03-01,25,756,252,10
USG-5a91add6,CUST-7d4497d2,2026-04-01,22,1105,221,3
USG-c5872111,CUST-299a503a,2024-09-01,38,1161,387,5
USG-328830f6,CUST-299a503a,2024-10-01,41,1676,419,6
USG-970c0b36,CUST-299a503a,2024-11-01,39,788,394,3
USG-fd123672,CUST-299a503a,2024-12-01,37,1890,378,10
USG-35a3cefd,CUST-299a503a,2025-01-01,41,417,417,4
USG-b20ffa16,CUST-299a503a,2025-02-01,47,2370,474,10
USG-3fd53c79,CUST-299a503a,2025-03-01,42,429,429,8
USG-f761610c,CUST-299a503a,2025-04-01,43,2170,434,4
USG-374bafc5,CUST-299a503a,2025-05-01,39,399,399,4
USG-97607d7f,CUST-299a503a,2025-06-01,46,1383,461,7
USG-1117b9dc,CUST-299a503a,2025-07-01,46,2335,467,1
USG-f23dc117,CUST-299a503a,2025-08-01,44,1344,448,7
USG-d381198b,CUST-299a503a,2025-09-01,46,469,469,1
USG-8c8f8b4c,CUST-299a503a,2025-10-01,51,1026,513,7
USG-25cc009d,CUST-299a503a,2025-11-01,52,524,524,3
USG-bd81e348,CUST-299a503a,2025-12-01,45,1820,455,5
USG-10c369d4,CUST-299a503a,2026-01-01,36,1845,369,2
USG-241d9cf3,CUST-299a503a,2026-02-01,37,746,373,1
USG-fefc71c4,CUST-299a503a,2026-03-01,1,20,5,10
USG-b6b81eb7,CUST-299a503a,2026-04-01,1,8,4,9
USG-4c67d7ec,CUST-edd3b552,2024-06-01,6,207,69,3
USG-76456a63,CUST-edd3b552,2024-07-01,8,425,85,10
USG-ebe28b25,CUST-edd3b552,2024-08-01,8,435,87,10
USG-e9427c0a,CUST-edd3b552,2024-09-01,8,400,80,10
USG-2fe7dabf,CUST-edd3b552,2024-10-01,9,198,99,1
USG-a920f498,CUST-edd3b552,2024-11-01,9,186,93,9
USG-72adfd37,CUST-edd3b552,2024-12-01,7,228,76,3
USG-d4a42947,CUST-edd3b552,2025-01-01,6,207,69,1
USG-4aefc01f,CUST-edd3b552,2025-02-01,7,77,77,9
USG-6589cb8e,CUST-edd3b552,2025-03-01,9,98,98,10
USG-335b1087,CUST-edd3b552,2025-04-01,7,280,70,1
USG-d93ea7af,CUST-edd3b552,2025-05-01,7,380,76,6
USG-5a217542,CUST-edd3b552,2025-06-01,9,460,92,10
USG-d1fe2179,CUST-edd3b552,2025-07-01,8,243,81,10
USG-db7791e1,CUST-edd3b552,2025-08-01,9,98,98,9
USG-b93e5736,CUST-edd3b552,2025-09-01,9,297,99,1
USG-fe03ed23,CUST-edd3b552,2025-10-01,8,174,87,9
USG-c73a43c5,CUST-edd3b552,2025-11-01,9,392,98,6
USG-dd8b15a3,CUST-edd3b552,2025-12-01,10,400,100,2
USG-3615b563,CUST-edd3b552,2026-01-01,8,176,88,8
USG-4612d786,CUST-edd3b552,2026-02-01,8,88,88,6
USG-df75ef8a,CUST-edd3b552,2026-03-01,7,300,75,5
USG-4e7d5f13,CUST-edd3b552,2026-04-01,8,84,84,6
USG-ab036522,CUST-e0bba678,2025-12-01,20,406,203,1
USG-030128a7,CUST-e0bba678,2026-01-01,24,244,244,6
USG-3af09380,CUST-e0bba678,2026-02-01,20,204,204,10
USG-77149d67,CUST-e0bba678,2026-03-01,1,15,5,5
USG-5f189c39,CUST-e0bba678,2026-04-01,1,20,5,2
USG-768cbb9c,CUST-080da586,2025-07-01,15,156,156,3
USG-29f5ffbe,CUST-080da586,2025-08-01,22,440,220,6
USG-578646dd,CUST-080da586,2025-09-01,15,636,159,6
USG-592868a9,CUST-080da586,2025-10-01,22,884,221,1
USG-d2fe0fc1,CUST-080da586,2025-11-01,22,660,220,1
USG-fbd89557,CUST-080da586,2025-12-01,23,1155,231,1
USG-d3b824c3,CUST-080da586,2026-01-01,21,657,219,6
USG-f8507498,CUST-080da586,2026-02-01,20,836,209,6
USG-af6452a9,CUST-080da586,2026-03-01,1,15,3,10
USG-dfd87295,CUST-080da586,2026-04-01,1,4,1,10
USG-85835e88,CUST-b520298d,2025-07-01,43,2180,436,2
USG-6680cacc,CUST-b520298d,2025-08-01,43,1290,430,8
USG-cdcbbcd2,CUST-b520298d,2025-09-01,33,1332,333,3
USG-abc9433b,CUST-b520298d,2025-10-01,42,2115,423,1
USG-b9bd7968,CUST-b520298d,2025-11-01,39,1194,398,3
USG-e8f2264f,CUST-b520298d,2025-12-01,30,1530,306,7
USG-bbbcc02b,CUST-b520298d,2026-01-01,41,413,413,10
USG-427b38da,CUST-b520298d,2026-02-01,31,624,312,8
USG-f44f315b,CUST-b520298d,2026-03-01,35,1068,356,8
USG-4919e9d6,CUST-b520298d,2026-04-01,30,912,304,3
USG-1ec3e35e,CUST-a4e24551,2025-05-01,14,294,147,3
USG-44b08a9c,CUST-a4e24551,2025-06-01,11,114,114,10
USG-8980ab7a,CUST-a4e24551,2025-07-01,11,452,113,7
USG-10c6ce44,CUST-a4e24551,2025-08-01,15,304,152,4
USG-fb39b2df,CUST-a4e24551,2025-09-01,13,274,137,9
USG-01ae05a9,CUST-a4e24551,2025-10-01,11,232,116,4
USG-da9222c6,CUST-a4e24551,2025-11-01,11,550,110,4
USG-8767591d,CUST-a4e24551,2025-12-01,11,345,115,6
USG-b8b62d22,CUST-a4e24551,2026-01-01,16,328,164,8
USG-03081de8,CUST-a4e24551,2026-02-01,13,139,139,4
USG-00ebd3bc,CUST-a4e24551,2026-03-01,12,254,127,4
USG-8c631a48,CUST-a4e24551,2026-04-01,15,302,151,9
USG-c16fbe77,CUST-78ba4365,2025-05-01,21,426,213,6
USG-af925cd8,CUST-78ba4365,2025-06-01,22,912,228,9
USG-e63d14c4,CUST-78ba4365,2025-07-01,22,1125,225,1
USG-3a4edb6c,CUST-78ba4365,2025-08-01,25,777,259,9
USG-0e3cf2de,CUST-78ba4365,2025-09-01,19,192,192,6
USG-e02e02bd,CUST-78ba4365,2025-10-01,27,1370,274,6
USG-d90f0794,CUST-78ba4365,2025-11-01,27,550,275,9
USG-586d047e,CUST-78ba4365,2025-12-01,19,796,199,6
USG-5e431ef5,CUST-78ba4365,2026-01-01,27,270,270,2
USG-287bc8b9,CUST-78ba4365,2026-02-01,26,807,269,4
USG-5f1b8512,CUST-78ba4365,2026-03-01,25,759,253,8
USG-1d90e236,CUST-78ba4365,2026-04-01,23,1195,239,1
USG-16d07f35,CUST-28f39c37,2025-10-01,25,753,251,10
USG-77764912,CUST-28f39c37,2025-11-01,29,299,299,5
USG-29c68302,CUST-28f39c37,2025-12-01,29,1470,294,2
USG-186b777f,CUST-28f39c37,2026-01-01,24,240,240,5
USG-50f56196,CUST-28f39c37,2026-02-01,23,928,232,2
USG-6c795cba,CUST-28f39c37,2026-03-01,29,1475,295,6
USG-f4a9215b,CUST-28f39c37,2026-04-01,23,920,230,2
USG-746a71b2,CUST-3af3ee83,2025-03-01,2,88,22,6
USG-27d93502,CUST-3af3ee83,2025-04-01,2,54,27,7
USG-2225bca6,CUST-3af3ee83,2025-05-01,2,130,26,9
USG-973e92cf,CUST-3af3ee83,2025-06-01,2,78,26,6
USG-9e32e3a2,CUST-3af3ee83,2025-07-01,2,100,25,4
USG-0a1f4ac6,CUST-3af3ee83,2025-08-01,2,108,27,7
USG-521711ee,CUST-3af3ee83,2025-09-01,2,135,27,10
USG-edf29e70,CUST-3af3ee83,2025-10-01,3,160,32,10
USG-41e944f8,CUST-3af3ee83,2025-11-01,2,44,22,5
USG-77347550,CUST-3af3ee83,2025-12-01,2,50,25,4
USG-4413edd8,CUST-3af3ee83,2026-01-01,3,160,32,2
USG-ef87d0b4,CUST-3af3ee83,2026-02-01,3,62,31,3
USG-8c7d92d4,CUST-3af3ee83,2026-03-01,1,12,3,5
USG-638337ad,CUST-3af3ee83,2026-04-01,1,12,4,10
USG-7a1ca9f1,CUST-6dd472b0,2024-12-01,28,1144,286,2
USG-74ba35ca,CUST-6dd472b0,2025-01-01,31,628,314,9
USG-f5a0e13d,CUST-6dd472b0,2025-02-01,34,1368,342,4
USG-eaa971eb,CUST-6dd472b0,2025-03-01,36,1840,368,1
USG-58c13e58,CUST-6dd472b0,2025-04-01,36,722,361,4
USG-08f16368,CUST-6dd472b0,2025-05-01,28,849,283,2
USG-e928be10,CUST-6dd472b0,2025-06-01,35,357,357,4
USG-611a370a,CUST-6dd472b0,2025-07-01,31,318,318,2
USG-0e1ab1e7,CUST-6dd472b0,2025-08-01,40,400,400,3
USG-e5aa4fef,CUST-6dd472b0,2025-09-01,33,1011,337,8
USG-1e92e90c,CUST-6dd472b0,2025-10-01,29,891,297,8
USG-d4821709,CUST-6dd472b0,2025-11-01,40,2025,405,4
USG-b9ccf7be,CUST-6dd472b0,2025-12-01,33,664,332,4
USG-d1365ea8,CUST-6dd472b0,2026-01-01,37,376,376,8
USG-9f438abb,CUST-6dd472b0,2026-02-01,37,375,375,10
USG-c42a5715,CUST-6dd472b0,2026-03-01,1,20,5,9
USG-127a73aa,CUST-6dd472b0,2026-04-01,1,2,1,6
USG-8bb5f7a7,CUST-61f9c394,2026-03-01,28,1410,282,5
USG-a7e0de8f,CUST-61f9c394,2026-04-01,29,294,294,4
USG-b7704312,CUST-aeb331e5,2024-11-01,36,1083,361,8
USG-157018e3,CUST-aeb331e5,2024-12-01,30,1535,307,8
USG-9a843c34,CUST-aeb331e5,2025-01-01,30,924,308,1
USG-c100b288,CUST-aeb331e5,2025-02-01,38,764,382,10
USG-9cf04aaa,CUST-aeb331e5,2025-03-01,33,1650,330,7
USG-27746afc,CUST-aeb331e5,2025-04-01,28,1124,281,6
USG-e843100b,CUST-aeb331e5,2025-05-01,32,1284,321,8
USG-e28e1fff,CUST-aeb331e5,2025-06-01,34,345,345,7
USG-c79c7e90,CUST-aeb331e5,2025-07-01,28,566,283,5
USG-e0b9b04b,CUST-aeb331e5,2025-08-01,30,906,302,2
USG-6a8c6605,CUST-aeb331e5,2025-09-01,27,278,278,10
USG-caafac86,CUST-aeb331e5,2025-10-01,30,927,309,6
USG-05f64f4e,CUST-aeb331e5,2025-11-01,27,554,277,5
USG-d4a5696b,CUST-aeb331e5,2025-12-01,28,562,281,9
USG-8ae6caa9,CUST-aeb331e5,2026-01-01,39,790,395,5
USG-ba114325,CUST-aeb331e5,2026-02-01,34,340,340,2
USG-b7c7fc93,CUST-aeb331e5,2026-03-01,39,395,395,8
USG-4dfb5982,CUST-aeb331e5,2026-04-01,27,1092,273,5
USG-034e0779,CUST-ca7eff95,2025-09-01,37,1116,372,5
USG-cad12667,CUST-ca7eff95,2025-10-01,29,594,297,8
USG-76887bd2,CUST-ca7eff95,2025-11-01,34,1032,344,3
USG-f74aa31b,CUST-ca7eff95,2025-12-01,25,774,258,7
USG-2f7be9f9,CUST-ca7eff95,2026-01-01,33,1002,334,7
USG-545559fb,CUST-ca7eff95,2026-02-01,37,376,376,7
USG-c65effb4,CUST-ca7eff95,2026-03-01,34,1029,343,2
USG-55122137,CUST-ca7eff95,2026-04-01,30,1200,300,4
USG-ace04795,CUST-a7c12151,2025-03-01,10,520,104,5
USG-6903a010,CUST-a7c12151,2025-04-01,8,425,85,2
USG-172717a6,CUST-a7c12151,2025-05-01,9,93,93,8
USG-6df3ced4,CUST-a7c12151,2025-06-01,10,106,106,10
USG-c42c6494,CUST-a7c12151,2025-07-01,8,85,85,10
USG-a4e77edf,CUST-a7c12151,2025-08-01,10,100,100,5
USG-590a99db,CUST-a7c12151,2025-09-01,12,123,123,5
USG-7d9e7083,CUST-a7c12151,2025-10-01,10,109,109,5
USG-e3771805,CUST-a7c12151,2025-11-01,10,327,109,6
USG-17875f6c,CUST-a7c12151,2025-12-01,10,214,107,9
USG-34bcdeb1,CUST-a7c12151,2026-01-01,10,210,105,7
USG-8584345a,CUST-a7c12151,2026-02-01,10,432,108,3
USG-5647ff50,CUST-a7c12151,2026-03-01,11,440,110,2
USG-4175f2b0,CUST-a7c12151,2026-04-01,12,600,120,1
USG-19c5b248,CUST-f33f4e02,2025-08-01,25,1275,255,9
USG-d8824fbe,CUST-f33f4e02,2025-09-01,32,1304,326,9
USG-4ef45144,CUST-f33f4e02,2025-10-01,26,522,261,8
USG-5b743d0f,CUST-f33f4e02,2025-11-01,30,614,307,1
USG-826b8052,CUST-f33f4e02,2025-12-01,31,1595,319,1
USG-0b0102a1,CUST-f33f4e02,2026-01-01,27,277,277,5
USG-beaab4d1,CUST-f33f4e02,2026-02-01,30,1232,308,5
USG-e92d5576,CUST-f33f4e02,2026-03-01,25,254,254,4
USG-877f92e0,CUST-f33f4e02,2026-04-01,22,228,228,7
USG-d8bed1ed,CUST-fccf0628,2024-07-01,28,846,282,2
USG-eb095d78,CUST-fccf0628,2024-08-01,37,1885,377,1
USG-39067458,CUST-fccf0628,2024-09-01,35,1770,354,8
USG-55d8cebb,CUST-fccf0628,2024-10-01,31,314,314,1
USG-f54f8d84,CUST-fccf0628,2024-11-01,30,1228,307,4
USG-b2c550d6,CUST-fccf0628,2024-12-01,38,766,383,8
USG-5ccd94e2,CUST-fccf0628,2025-01-01,30,616,308,8
USG-96844cb6,CUST-fccf0628,2025-02-01,31,1252,313,10
USG-c185046d,CUST-fccf0628,2025-03-01,40,403,403,5
USG-3853183c,CUST-fccf0628,2025-04-01,39,798,399,7
USG-ee128bd1,CUST-fccf0628,2025-05-01,40,1224,408,10
USG-64ec5e3d,CUST-fccf0628,2025-06-01,28,1156,289,4
USG-864f4225,CUST-fccf0628,2025-07-01,33,996,332,3
USG-f09790b1,CUST-fccf0628,2025-08-01,30,915,305,5
USG-063b8af4,CUST-fccf0628,2025-09-01,36,365,365,6
USG-0fcc8c09,CUST-fccf0628,2025-10-01,40,2020,404,8
USG-063f9bd5,CUST-fccf0628,2025-11-01,40,1221,407,6
USG-33055078,CUST-fccf0628,2025-12-01,29,888,296,10
USG-57a217e3,CUST-fccf0628,2026-01-01,36,1095,365,3
USG-8be5b481,CUST-fccf0628,2026-02-01,34,1364,341,1
USG-a15e2f66,CUST-fccf0628,2026-03-01,1,5,5,10
USG-f36fffde,CUST-fccf0628,2026-04-01,1,20,4,8
USG-d786a25e,CUST-63748bb8,2024-10-01,8,88,88,6
USG-f7d50ce5,CUST-63748bb8,2024-11-01,7,150,75,2
USG-dc339f33,CUST-63748bb8,2024-12-01,10,420,105,5
USG-39c130bb,CUST-63748bb8,2025-01-01,7,75,75,10
USG-362f44d9,CUST-63748bb8,2025-02-01,9,94,94,4
USG-0eba8a0b,CUST-63748bb8,2025-03-01,8,348,87,5
USG-29407509,CUST-63748bb8,2025-04-01,9,194,97,6
USG-07a06230,CUST-63748bb8,2025-05-01,10,210,105,7
USG-5a2d754c,CUST-63748bb8,2025-06-01,7,292,73,3
USG-63d80d39,CUST-63748bb8,2025-07-01,9,455,91,3
USG-c20cb4e0,CUST-63748bb8,2025-08-01,7,390,78,5
USG-7de6abf2,CUST-63748bb8,2025-09-01,7,316,79,10
USG-e4d76f52,CUST-63748bb8,2025-10-01,10,208,104,9
USG-523357f9,CUST-63748bb8,2025-11-01,9,285,95,10
USG-72b35043,CUST-63748bb8,2025-12-01,8,410,82,10
USG-63f594f0,CUST-63748bb8,2026-01-01,7,234,78,2
USG-134ae712,CUST-63748bb8,2026-02-01,9,285,95,8
USG-2d07c9e1,CUST-63748bb8,2026-03-01,1,4,2,10
USG-9a45e96b,CUST-63748bb8,2026-04-01,1,10,2,8
USG-a6a58d40,CUST-6d0d4c61,2025-03-01,22,687,229,6
USG-dd3b4ccd,CUST-6d0d4c61,2025-04-01,20,1025,205,9
USG-0c92b83c,CUST-6d0d4c61,2025-05-01,26,1300,260,6
USG-6251f856,CUST-6d0d4c61,2025-06-01,29,584,292,9
USG-d3eaeaca,CUST-6d0d4c61,2025-07-01,21,852,213,7
USG-abe08513,CUST-6d0d4c61,2025-08-01,23,944,236,1
USG-381b2da5,CUST-6d0d4c61,2025-09-01,21,215,215,2
USG-8252f0c8,CUST-6d0d4c61,2025-10-01,21,211,211,4
USG-6b9e5f80,CUST-6d0d4c61,2025-11-01,21,1085,217,8
USG-3285e66d,CUST-6d0d4c61,2025-12-01,22,458,229,5
USG-13b22682,CUST-6d0d4c61,2026-01-01,21,636,212,5
USG-4363fb27,CUST-6d0d4c61,2026-02-01,26,534,267,6
USG-b40fb614,CUST-6d0d4c61,2026-03-01,22,669,223,8
USG-a53959f6,CUST-6d0d4c61,2026-04-01,22,1115,223,9
USG-87b591b2,CUST-f79505dc,2024-10-01,39,1965,393,7
USG-e9dce845,CUST-f79505dc,2024-11-01,43,862,431,9
USG-2a4c8ef9,CUST-f79505dc,2024-12-01,40,1206,402,3
USG-7550c31f,CUST-f79505dc,2025-01-01,35,1062,354,4
USG-c08511df,CUST-f79505dc,2025-02-01,30,608,304,6
USG-87ca8887,CUST-f79505dc,2025-03-01,40,1206,402,3
USG-e80500df,CUST-f79505dc,2025-04-01,44,1329,443,2
USG-f2d1a0ee,CUST-f79505dc,2025-05-01,37,1116,372,7
USG-a02da59d,CUST-f79505dc,2025-06-01,36,362,362,7
USG-ded191dd,CUST-f79505dc,2025-07-01,44,2205,441,10
USG-96371848,CUST-f79505dc,2025-08-01,42,840,420,5
USG-78f40086,CUST-f79505dc,2025-09-01,36,1107,369,8
USG-0de23726,CUST-f79505dc,2025-10-01,41,1660,415,2
USG-1877d977,CUST-f79505dc,2025-11-01,30,301,301,2
USG-2afe7469,CUST-f79505dc,2025-12-01,30,610,305,1
USG-53b97878,CUST-f79505dc,2026-01-01,32,323,323,3
USG-0b72f54c,CUST-f79505dc,2026-02-01,33,990,330,6
USG-bf27b4de,CUST-f79505dc,2026-03-01,31,315,315,7
USG-b37c8cdb,CUST-f79505dc,2026-04-01,38,776,388,3
USG-ef2996e3,CUST-e3ad43ab,2026-03-01,9,276,92,5
USG-ae8e7fd8,CUST-e3ad43ab,2026-04-01,8,178,89,3
USG-b39c645e,CUST-2e4e6ff0,2025-04-01,24,492,246,7
USG-856a077b,CUST-2e4e6ff0,2025-05-01,24,480,240,2
USG-0234653c,CUST-2e4e6ff0,2025-06-01,20,603,201,4
USG-16663f42,CUST-2e4e6ff0,2025-07-01,25,254,254,6
USG-c79327d0,CUST-2e4e6ff0,2025-08-01,23,693,231,6
USG-a25c6500,CUST-2e4e6ff0,2025-09-01,18,930,186,7
USG-37488c56,CUST-2e4e6ff0,2025-10-01,21,868,217,8
USG-26e56156,CUST-2e4e6ff0,2025-11-01,22,223,223,2
USG-36c3f5ad,CUST-2e4e6ff0,2025-12-01,23,702,234,10
USG-47950707,CUST-2e4e6ff0,2026-01-01,18,366,183,7
USG-1ca2f153,CUST-2e4e6ff0,2026-02-01,22,444,222,4
USG-2fa4e62c,CUST-2e4e6ff0,2026-03-01,25,1016,254,4
USG-83234fee,CUST-2e4e6ff0,2026-04-01,20,612,204,7
USG-08be9c44,CUST-fe255d4f,2026-04-01,34,690,345,4
USG-9d671715,CUST-965b3e1d,2024-08-01,35,1795,359,4
USG-8a9daa21,CUST-965b3e1d,2024-09-01,31,942,314,8
USG-fac42c28,CUST-965b3e1d,2024-10-01,31,1256,314,4
USG-5c5d7031,CUST-965b3e1d,2024-11-01,32,1640,328,2
USG-cad176e0,CUST-965b3e1d,2024-12-01,35,1062,354,6
USG-e012e1b6,CUST-965b3e1d,2025-01-01,32,1610,322,8
USG-654d89a5,CUST-965b3e1d,2025-02-01,36,734,367,7
USG-aa4e2bbd,CUST-965b3e1d,2025-03-01,30,604,302,4
USG-4eac3fb7,CUST-965b3e1d,2025-04-01,35,1053,351,1
USG-41bfc29d,CUST-965b3e1d,2025-05-01,45,2250,450,4
USG-9f8fa0fd,CUST-965b3e1d,2025-06-01,30,1515,303,10
USG-c6b721aa,CUST-965b3e1d,2025-07-01,38,1910,382,10
USG-fd771394,CUST-965b3e1d,2025-08-01,44,2245,449,6
USG-4e8cf125,CUST-965b3e1d,2025-09-01,30,1515,303,7
USG-e89e2aeb,CUST-965b3e1d,2025-10-01,37,1880,376,7
USG-50fec064,CUST-965b3e1d,2025-11-01,38,1935,387,10
USG-67d36cdb,CUST-965b3e1d,2025-12-01,33,1670,334,2
USG-81e47874,CUST-965b3e1d,2026-01-01,45,452,452,10
USG-d6f8f13f,CUST-965b3e1d,2026-02-01,34,1380,345,5
USG-d47225b4,CUST-965b3e1d,2026-03-01,36,720,360,4
USG-44b43a90,CUST-965b3e1d,2026-04-01,44,446,446,10
USG-967d6431,CUST-006f8d23,2024-10-01,38,389,389,3
USG-e0459e95,CUST-006f8d23,2024-11-01,33,1005,335,6
USG-9d6ca75b,CUST-006f8d23,2024-12-01,30,927,309,9
USG-100bd872,CUST-006f8d23,2025-01-01,40,808,404,8
USG-2626c119,CUST-006f8d23,2025-02-01,32,646,323,4
USG-72cbb476,CUST-006f8d23,2025-03-01,31,1268,317,1
USG-82e6c9ce,CUST-006f8d23,2025-04-01,31,1555,311,10
USG-379d48a2,CUST-006f8d23,2025-05-01,35,1404,351,9
USG-edb593d9,CUST-006f8d23,2025-06-01,35,1780,356,6
USG-67638ec3,CUST-006f8d23,2025-07-01,41,1233,411,4
USG-93c1f9d6,CUST-006f8d23,2025-08-01,30,1208,302,3
USG-b258c219,CUST-006f8d23,2025-09-01,42,426,426,7
USG-545dfe13,CUST-006f8d23,2025-10-01,34,344,344,5
USG-aa5a0db6,CUST-006f8d23,2025-11-01,39,1185,395,8
USG-1a8e95f8,CUST-006f8d23,2025-12-01,32,1615,323,7
USG-bec97ca9,CUST-006f8d23,2026-01-01,40,1200,400,4
USG-defc856d,CUST-006f8d23,2026-02-01,30,912,304,6
USG-8c06d779,CUST-006f8d23,2026-03-01,1,12,3,2
USG-42fd21ea,CUST-006f8d23,2026-04-01,1,5,5,4
USG-e0264e4a,CUST-23f47afb,2024-11-01,29,588,294,8
USG-9adf5d52,CUST-23f47afb,2024-12-01,33,1332,333,1
USG-0d5c831e,CUST-23f47afb,2025-01-01,36,1830,366,10
USG-78cac5bb,CUST-23f47afb,2025-02-01,39,1975,395,7
USG-61f3e1f3,CUST-23f47afb,2025-03-01,37,1865,373,4
USG-6dcf46dd,CUST-23f47afb,2025-04-01,42,2135,427,5
USG-11ea800a,CUST-23f47afb,2025-05-01,31,630,315,4
USG-a19fe903,CUST-23f47afb,2025-06-01,30,1500,300,5
USG-6fe96791,CUST-23f47afb,2025-07-01,39,792,396,2
USG-1fabe2c4,CUST-23f47afb,2025-08-01,31,1550,310,7
USG-e94466cb,CUST-23f47afb,2025-09-01,29,584,292,1
USG-d10a3490,CUST-23f47afb,2025-10-01,39,1970,394,2
USG-51e90616,CUST-23f47afb,2025-11-01,36,1095,365,1
USG-fd57a3d0,CUST-23f47afb,2025-12-01,37,1895,379,10
USG-41ff913f,CUST-23f47afb,2026-01-01,30,302,302,5
USG-5eb46627,CUST-23f47afb,2026-02-01,39,1179,393,1
USG-c19c3af8,CUST-23f47afb,2026-03-01,33,337,337,9
USG-7ef4f75b,CUST-23f47afb,2026-04-01,33,336,336,4
USG-1506e45f,CUST-e6dfd6f8,2025-11-01,32,963,321,3
USG-3f75a984,CUST-e6dfd6f8,2025-12-01,42,1684,421,4
USG-131aebf9,CUST-e6dfd6f8,2026-01-01,39,1185,395,2
USG-f824d5dc,CUST-e6dfd6f8,2026-02-01,41,820,410,7
USG-b1bea7b6,CUST-e6dfd6f8,2026-03-01,32,654,327,6
USG-943adebe,CUST-e6dfd6f8,2026-04-01,38,764,382,10
USG-d33f013e,CUST-6a61bd4e,2025-01-01,44,1332,444,6
USG-f80a7dd8,CUST-6a61bd4e,2025-02-01,34,1372,343,1
USG-39b0eb75,CUST-6a61bd4e,2025-03-01,44,882,441,5
USG-543c7fa2,CUST-6a61bd4e,2025-04-01,31,314,314,8
USG-5a36b97f,CUST-6a61bd4e,2025-05-01,35,1062,354,3
USG-c33716d8,CUST-6a61bd4e,2025-06-01,36,734,367,10
USG-6901f91a,CUST-6a61bd4e,2025-07-01,41,1672,418,9
USG-8dfbfd13,CUST-6a61bd4e,2025-08-01,41,822,411,8
USG-44a8b540,CUST-6a61bd4e,2025-09-01,43,1732,433,9
USG-6459a3f6,CUST-6a61bd4e,2025-10-01,44,443,443,10
USG-48f63071,CUST-6a61bd4e,2025-11-01,32,1625,325,2
USG-e7c5a3b3,CUST-6a61bd4e,2025-12-01,33,1008,336,7
USG-136537ea,CUST-6a61bd4e,2026-01-01,37,1110,370,3
USG-43a353f2,CUST-6a61bd4e,2026-02-01,43,2155,431,1
USG-c3b6a6a7,CUST-6a61bd4e,2026-03-01,1,16,4,1
USG-9a8a6560,CUST-6a61bd4e,2026-04-01,1,1,1,10
USG-7ff12c27,CUST-25c76e06,2024-05-01,45,2270,454,1
USG-c3d630b4,CUST-25c76e06,2024-06-01,41,834,417,6
USG-e8805c41,CUST-25c76e06,2024-07-01,45,458,458,6
USG-0e1a1699,CUST-25c76e06,2024-08-01,41,419,419,8
USG-bbe5fe9a,CUST-25c76e06,2024-09-01,37,748,374,4
USG-35e1968d,CUST-25c76e06,2024-10-01,33,338,338,3
USG-54d5dc6c,CUST-25c76e06,2024-11-01,42,1281,427,4
USG-7c959072,CUST-25c76e06,2024-12-01,35,1790,358,8
USG-2279adaf,CUST-25c76e06,2025-01-01,32,1280,320,1
USG-c344562f,CUST-25c76e06,2025-02-01,36,738,369,8
USG-b91ee9e4,CUST-25c76e06,2025-03-01,44,1326,442,9
USG-6547c654,CUST-25c76e06,2025-04-01,39,1179,393,4
USG-178e5e00,CUST-25c76e06,2025-05-01,39,1576,394,3
USG-df5dadfd,CUST-25c76e06,2025-06-01,32,325,325,6
USG-ef8e4fc9,CUST-25c76e06,2025-07-01,35,712,356,1
USG-8d2bcc7d,CUST-25c76e06,2025-08-01,32,642,321,6
USG-baf8532a,CUST-25c76e06,2025-09-01,47,2360,472,7
USG-06f73e47,CUST-25c76e06,2025-10-01,36,1089,363,2
USG-00640e04,CUST-25c76e06,2025-11-01,35,700,350,2
USG-cb56b9f2,CUST-25c76e06,2025-12-01,46,1401,467,2
USG-6412e1eb,CUST-25c76e06,2026-01-01,41,2075,415,4
USG-80313a99,CUST-25c76e06,2026-02-01,41,2085,417,5
USG-97a95009,CUST-25c76e06,2026-03-01,1,2,1,7
USG-3c1f34a0,CUST-25c76e06,2026-04-01,1,20,5,4
USG-91f54235,CUST-5c3501c1,2024-08-01,5,102,51,1
USG-9668e3b9,CUST-5c3501c1,2024-09-01,5,280,56,1
USG-d0e7761b,CUST-5c3501c1,2024-10-01,6,192,64,10
USG-add25921,CUST-5c3501c1,2024-11-01,4,45,45,6
USG-fa290cab,CUST-5c3501c1,2024-12-01,6,180,60,4
USG-06f3e6f0,CUST-5c3501c1,2025-01-01,6,244,61,7
USG-3b190c6b,CUST-5c3501c1,2025-02-01,5,106,53,7
USG-6ff52191,CUST-5c3501c1,2025-03-01,4,98,49,6
USG-d8c93db6,CUST-5c3501c1,2025-04-01,4,135,45,6
USG-1605d103,CUST-5c3501c1,2025-05-01,4,230,46,3
USG-2d4f7801,CUST-5c3501c1,2025-06-01,4,141,47,4
USG-a3f6898c,CUST-5c3501c1,2025-07-01,6,305,61,6
USG-e22edd90,CUST-5c3501c1,2025-08-01,5,290,58,8
USG-d65f3200,CUST-5c3501c1,2025-09-01,5,295,59,4
USG-98fe4bdd,CUST-5c3501c1,2025-10-01,5,290,58,7
USG-4593a323,CUST-5c3501c1,2025-11-01,5,200,50,8
USG-d32712de,CUST-5c3501c1,2025-12-01,5,100,50,4
USG-ad72cfeb,CUST-5c3501c1,2026-01-01,5,50,50,10
USG-f0fb08ac,CUST-5c3501c1,2026-02-01,5,212,53,5
USG-61ba8b7b,CUST-5c3501c1,2026-03-01,4,172,43,5
USG-7e8f55b4,CUST-5c3501c1,2026-04-01,4,90,45,2
USG-8113139e,CUST-5421dac1,2025-09-01,15,318,159,5
USG-c92c40da,CUST-5421dac1,2025-10-01,15,632,158,9
USG-74069f4c,CUST-5421dac1,2025-11-01,15,616,154,6
USG-79421270,CUST-5421dac1,2025-12-01,14,564,141,4
USG-e4c50328,CUST-5421dac1,2026-01-01,14,149,149,4
USG-0dac2b3c,CUST-5421dac1,2026-02-01,18,925,185,2
USG-82952f80,CUST-5421dac1,2026-03-01,15,157,157,6
USG-67d8d895,CUST-5421dac1,2026-04-01,14,740,148,7
USG-0cdf1fb5,CUST-ddaa84de,2024-07-01,12,504,126,5
USG-553d4929,CUST-ddaa84de,2024-08-01,9,194,97,2
USG-822945df,CUST-ddaa84de,2024-09-01,9,388,97,5
USG-e5e191c6,CUST-ddaa84de,2024-10-01,12,360,120,4
USG-7f4bbf2f,CUST-ddaa84de,2024-11-01,10,424,106,9
USG-f8f970cb,CUST-ddaa84de,2024-12-01,11,472,118,10
USG-13875eb7,CUST-ddaa84de,2025-01-01,13,528,132,5
USG-9b72d68f,CUST-ddaa84de,2025-02-01,10,214,107,7
USG-5f4ae8d1,CUST-ddaa84de,2025-03-01,11,464,116,4
USG-ae4a52f3,CUST-ddaa84de,2025-04-01,8,89,89,4
USG-0fe88dbe,CUST-ddaa84de,2025-05-01,9,196,98,8
USG-d5631993,CUST-ddaa84de,2025-06-01,11,585,117,9
USG-5a42fa88,CUST-ddaa84de,2025-07-01,13,132,132,8
USG-5187dce0,CUST-ddaa84de,2025-08-01,8,356,89,8
USG-b8970386,CUST-ddaa84de,2025-09-01,9,475,95,7
USG-cc818fd8,CUST-ddaa84de,2025-10-01,9,460,92,5
USG-7b36edd5,CUST-ddaa84de,2025-11-01,11,585,117,6
USG-36d97ff0,CUST-ddaa84de,2025-12-01,9,376,94,6
USG-3b18fbfa,CUST-ddaa84de,2026-01-01,10,108,108,7
USG-24e47721,CUST-ddaa84de,2026-02-01,12,244,122,9
USG-27b6085e,CUST-ddaa84de,2026-03-01,10,306,102,3
USG-b54c0e8d,CUST-ddaa84de,2026-04-01,10,428,107,9
USG-a242e90d,CUST-5ca98895,2024-07-01,40,802,401,9
USG-54685ea0,CUST-5ca98895,2024-08-01,45,1356,452,7
USG-83102d76,CUST-5ca98895,2024-09-01,38,381,381,1
USG-60d113de,CUST-5ca98895,2024-10-01,47,1888,472,7
USG-8099aca3,CUST-5ca98895,2024-11-01,38,1140,380,10
USG-eb5268a6,CUST-5ca98895,2024-12-01,39,798,399,3
USG-e36d5986,CUST-5ca98895,2025-01-01,50,2008,502,9
USG-d857fabf,CUST-5ca98895,2025-02-01,47,2390,478,9
USG-3526ecc6,CUST-5ca98895,2025-03-01,42,429,429,7
USG-aee3546d,CUST-5ca98895,2025-04-01,47,944,472,1
USG-c30e708a,CUST-5ca98895,2025-05-01,51,1034,517,5
USG-c8ff2719,CUST-5ca98895,2025-06-01,50,2012,503,2
USG-58acdc30,CUST-5ca98895,2025-07-01,38,382,382,3
USG-15f4c521,CUST-5ca98895,2025-08-01,45,454,454,3
USG-f5e2ab95,CUST-5ca98895,2025-09-01,53,2670,534,6
USG-86f1b034,CUST-5ca98895,2025-10-01,48,1455,485,2
USG-58fc7a8b,CUST-5ca98895,2025-11-01,49,990,495,10
USG-b7844ca0,CUST-5ca98895,2025-12-01,48,483,483,8
USG-d93ae95e,CUST-5ca98895,2026-01-01,39,792,396,1
USG-d7db34bd,CUST-5ca98895,2026-02-01,51,1026,513,6
USG-d5e66368,CUST-5ca98895,2026-03-01,1,25,5,3
USG-67c941c2,CUST-5ca98895,2026-04-01,1,2,1,10
USG-7cfe3f34,CUST-385168c4,2026-03-01,1,12,4,2
USG-a04e0999,CUST-385168c4,2026-04-01,1,0,0,4
USG-57249656,CUST-55b35881,2024-10-01,36,1820,364,10
USG-dff912f9,CUST-55b35881,2024-11-01,32,1316,329,4
USG-f6406b7c,CUST-55b35881,2024-12-01,33,1340,335,10
USG-cd7b9479,CUST-55b35881,2025-01-01,28,1420,284,8
USG-83343666,CUST-55b35881,2025-02-01,31,1260,315,9
USG-da77d1e7,CUST-55b35881,2025-03-01,37,744,372,7
USG-e791d448,CUST-55b35881,2025-04-01,26,1325,265,5
USG-b61779d3,CUST-55b35881,2025-05-01,28,1440,288,7
USG-35d4b18b,CUST-55b35881,2025-06-01,37,1480,370,6
USG-eb92975d,CUST-55b35881,2025-07-01,27,831,277,5
USG-5dbe8838,CUST-55b35881,2025-08-01,36,1476,369,6
USG-f865efd2,CUST-55b35881,2025-09-01,32,648,324,1
USG-a4a906ef,CUST-55b35881,2025-10-01,38,764,382,1
USG-bc57ec75,CUST-55b35881,2025-11-01,31,314,314,5
USG-3f863834,CUST-55b35881,2025-12-01,35,1765,353,5
USG-5a74f263,CUST-55b35881,2026-01-01,37,1850,370,2
USG-16e612a1,CUST-55b35881,2026-02-01,34,1364,341,3
USG-810b6d25,CUST-55b35881,2026-03-01,27,1350,270,9
USG-d2f47942,CUST-55b35881,2026-04-01,27,548,274,1
USG-15d74143,CUST-d5780f73,2025-03-01,31,957,319,4
USG-b64b9e65,CUST-d5780f73,2025-04-01,46,930,465,10
USG-cb3aba3f,CUST-d5780f73,2025-05-01,33,1011,337,2
USG-556ad57d,CUST-d5780f73,2025-06-01,41,2050,410,2
USG-b64c682a,CUST-d5780f73,2025-07-01,43,438,438,8
USG-5af0fd30,CUST-d5780f73,2025-08-01,41,824,412,4
USG-82b4a18c,CUST-d5780f73,2025-09-01,32,963,321,1
USG-c4c0e0ed,CUST-d5780f73,2025-10-01,47,1431,477,10
USG-71ca1528,CUST-d5780f73,2025-11-01,47,471,471,5
USG-4050cdce,CUST-d5780f73,2025-12-01,36,726,363,8
USG-e05e8ca5,CUST-d5780f73,2026-01-01,33,1665,333,3
USG-754d85cf,CUST-d5780f73,2026-02-01,40,409,409,3
USG-47d4bbe1,CUST-d5780f73,2026-03-01,43,1290,430,5
USG-2ea9f155,CUST-d5780f73,2026-04-01,43,439,439,7
USG-dae99121,CUST-f1a7757f,2024-07-01,5,285,57,4
USG-d69df766,CUST-f1a7757f,2024-08-01,6,256,64,3
USG-b7bbe85b,CUST-f1a7757f,2024-09-01,4,49,49,9
USG-9f84056f,CUST-f1a7757f,2024-10-01,5,177,59,2
USG-f67baf10,CUST-f1a7757f,2024-11-01,6,252,63,4
USG-9f356d53,CUST-f1a7757f,2024-12-01,4,230,46,2
USG-7889cd73,CUST-f1a7757f,2025-01-01,4,47,47,6
USG-6ad79827,CUST-f1a7757f,2025-02-01,5,159,53,2
USG-13a59c7a,CUST-f1a7757f,2025-03-01,4,176,44,7
USG-cc3f2280,CUST-f1a7757f,2025-04-01,6,126,63,7
USG-909a35e3,CUST-f1a7757f,2025-05-01,6,183,61,10
USG-73dd8464,CUST-f1a7757f,2025-06-01,4,144,48,3
USG-89f55753,CUST-f1a7757f,2025-07-01,5,250,50,4
USG-c2c17db7,CUST-f1a7757f,2025-08-01,5,54,54,7
USG-d881223e,CUST-f1a7757f,2025-09-01,4,192,48,9
USG-5a57a017,CUST-f1a7757f,2025-10-01,4,44,44,7
USG-a60cd60a,CUST-f1a7757f,2025-11-01,4,147,49,7
USG-6aa82a6e,CUST-f1a7757f,2025-12-01,5,260,52,5
USG-545e5dad,CUST-f1a7757f,2026-01-01,6,60,60,4
USG-62473ebc,CUST-f1a7757f,2026-02-01,4,230,46,1
USG-a34e1a93,CUST-f1a7757f,2026-03-01,1,0,0,3
USG-b21da7ea,CUST-f1a7757f,2026-04-01,1,4,4,6
USG-8e6b740f,CUST-2fa31bc6,2025-01-01,30,918,306,2
USG-3cc36251,CUST-2fa31bc6,2025-02-01,31,1565,313,6
USG-89f560ca,CUST-2fa31bc6,2025-03-01,27,278,278,1
USG-ba10f239,CUST-2fa31bc6,2025-04-01,23,924,231,1
USG-65655620,CUST-2fa31bc6,2025-05-01,23,705,235,4
USG-ffa90ad2,CUST-2fa31bc6,2025-06-01,31,1595,319,7
USG-be31f92e,CUST-2fa31bc6,2025-07-01,27,1385,277,10
USG-9c4964ae,CUST-2fa31bc6,2025-08-01,22,666,222,1
USG-88767650,CUST-2fa31bc6,2025-09-01,28,560,280,4
USG-5b6f377c,CUST-2fa31bc6,2025-10-01,25,514,257,2
USG-0095c33a,CUST-2fa31bc6,2025-11-01,26,1056,264,7
USG-c9fc9224,CUST-2fa31bc6,2025-12-01,22,904,226,2
USG-e8d07266,CUST-2fa31bc6,2026-01-01,26,1320,264,3
USG-41abb752,CUST-2fa31bc6,2026-02-01,27,1355,271,9
USG-f8f671a9,CUST-2fa31bc6,2026-03-01,25,1004,251,9
USG-309b4783,CUST-2fa31bc6,2026-04-01,30,1220,305,2
USG-b335f07a,CUST-e068850e,2025-01-01,24,1200,240,4
USG-5f04643d,CUST-e068850e,2025-02-01,32,1640,328,4
USG-9a7a45ab,CUST-e068850e,2025-03-01,26,1064,266,1
USG-6c1bb62f,CUST-e068850e,2025-04-01,27,271,271,1
USG-35a3e5cf,CUST-e068850e,2025-05-01,30,918,306,8
USG-a604cf0f,CUST-e068850e,2025-06-01,25,258,258,9
USG-4a88d905,CUST-e068850e,2025-07-01,23,1170,234,3
USG-81d44381,CUST-e068850e,2025-08-01,34,680,340,2
USG-8e03573c,CUST-e068850e,2025-09-01,31,936,312,9
USG-1fd21f85,CUST-e068850e,2025-10-01,25,251,251,5
USG-5ef37bea,CUST-e068850e,2025-11-01,31,316,316,5
USG-5481180a,CUST-e068850e,2025-12-01,31,957,319,7
USG-a3d5995e,CUST-e068850e,2026-01-01,29,1480,296,10
USG-cb9694dc,CUST-e068850e,2026-02-01,26,795,265,10
USG-710aa393,CUST-e068850e,2026-03-01,27,834,278,10
USG-06d81bb6,CUST-e068850e,2026-04-01,33,338,338,1
USG-221f8204,CUST-38586e34,2026-02-01,40,1624,406,7
USG-4a424b32,CUST-38586e34,2026-03-01,49,2455,491,4
USG-3df3c075,CUST-38586e34,2026-04-01,43,1308,436,1
USG-55b68741,CUST-fbc83c96,2025-12-01,3,185,37,6
USG-c96fd827,CUST-fbc83c96,2026-01-01,3,34,34,4
USG-99d239e2,CUST-fbc83c96,2026-02-01,4,86,43,1
USG-98484969,CUST-fbc83c96,2026-03-01,4,160,40,7
USG-3426af2d,CUST-fbc83c96,2026-04-01,3,33,33,7
USG-87833f9f,CUST-7d7661ce,2024-10-01,43,1728,432,7
USG-f7be4b93,CUST-7d7661ce,2024-11-01,37,1131,377,7
USG-e9234fe9,CUST-7d7661ce,2024-12-01,34,1705,341,3
USG-27e5a226,CUST-7d7661ce,2025-01-01,41,412,412,10
USG-ec3960eb,CUST-7d7661ce,2025-02-01,37,744,372,9
USG-bbc66042,CUST-7d7661ce,2025-03-01,34,1700,340,2
USG-1de9a0d8,CUST-7d7661ce,2025-04-01,37,1850,370,7
USG-619cd6c1,CUST-7d7661ce,2025-05-01,37,1895,379,3
USG-03bfb9bc,CUST-7d7661ce,2025-06-01,32,984,328,5
USG-45a1212b,CUST-7d7661ce,2025-07-01,42,427,427,6
USG-cfbaf06d,CUST-7d7661ce,2025-08-01,34,698,349,5
USG-9729cd4d,CUST-7d7661ce,2025-09-01,36,1472,368,3
USG-bf659b2f,CUST-7d7661ce,2025-10-01,30,614,307,10
USG-91d2eee7,CUST-7d7661ce,2025-11-01,35,710,355,7
USG-3f54c706,CUST-7d7661ce,2025-12-01,31,1585,317,2
USG-5cd86a80,CUST-7d7661ce,2026-01-01,35,1065,355,10
USG-a15c8d1c,CUST-7d7661ce,2026-02-01,39,1185,395,2
USG-42e49762,CUST-7d7661ce,2026-03-01,36,730,365,4
USG-9ae14e24,CUST-7d7661ce,2026-04-01,30,1525,305,1
USG-72cc6735,CUST-9c9d1f25,2025-12-01,4,160,40,7
USG-ec60a78e,CUST-9c9d1f25,2026-01-01,5,250,50,7
USG-52558ecc,CUST-9c9d1f25,2026-02-01,3,148,37,3
USG-7040a35c,CUST-9c9d1f25,2026-03-01,1,0,0,6
USG-0b67dac6,CUST-9c9d1f25,2026-04-01,1,20,4,4
USG-4ee25a26,CUST-ddb1e5a1,2024-08-01,41,1239,413,1
USG-e6aa10c0,CUST-ddb1e5a1,2024-09-01,49,1485,495,8
USG-0da6a8ff,CUST-ddb1e5a1,2024-10-01,35,1077,359,8
USG-ad0452b6,CUST-ddb1e5a1,2024-11-01,36,736,368,7
USG-c44e6b00,CUST-ddb1e5a1,2024-12-01,40,1224,408,7
USG-1c4c973b,CUST-ddb1e5a1,2025-01-01,50,1509,503,2
USG-40fc7f9d,CUST-ddb1e5a1,2025-02-01,47,1416,472,7
USG-37119fca,CUST-ddb1e5a1,2025-03-01,42,1684,421,2
USG-e62f8ab6,CUST-ddb1e5a1,2025-04-01,41,411,411,2
USG-6f3afe00,CUST-ddb1e5a1,2025-05-01,49,994,497,1
USG-999fbde8,CUST-ddb1e5a1,2025-06-01,51,518,518,2
USG-6de135f9,CUST-ddb1e5a1,2025-07-01,44,444,444,6
USG-18d92d06,CUST-ddb1e5a1,2025-08-01,46,2315,463,4
USG-3fcab637,CUST-ddb1e5a1,2025-09-01,48,2435,487,7
USG-81c52d19,CUST-ddb1e5a1,2025-10-01,43,2195,439,3
USG-1c22b4fe,CUST-ddb1e5a1,2025-11-01,49,1976,494,3
USG-330e4b76,CUST-ddb1e5a1,2025-12-01,41,1248,416,3
USG-6ee69bd9,CUST-ddb1e5a1,2026-01-01,41,1652,413,2
USG-82312a72,CUST-ddb1e5a1,2026-02-01,41,828,414,4
USG-268d77d4,CUST-ddb1e5a1,2026-03-01,1,10,2,9
USG-72362777,CUST-ddb1e5a1,2026-04-01,1,15,5,9
USG-7b4fd1fd,CUST-09fc0fb3,2024-09-01,3,152,38,2
USG-0482f36a,CUST-09fc0fb3,2024-10-01,3,170,34,4
USG-febc4999,CUST-09fc0fb3,2024-11-01,3,111,37,4
USG-ad681d9b,CUST-09fc0fb3,2024-12-01,3,62,31,3
USG-e2c77be9,CUST-09fc0fb3,2025-01-01,3,140,35,9
USG-f4e8e72f,CUST-09fc0fb3,2025-02-01,3,64,32,2
USG-e5c3e8b9,CUST-09fc0fb3,2025-03-01,3,36,36,2
USG-edf0fd5d,CUST-09fc0fb3,2025-04-01,3,72,36,10
USG-55ae8f54,CUST-09fc0fb3,2025-05-01,3,68,34,1
USG-1a2a1833,CUST-09fc0fb3,2025-06-01,3,102,34,1
USG-f4a9b802,CUST-09fc0fb3,2025-07-01,2,108,27,7
USG-1fcffd53,CUST-09fc0fb3,2025-08-01,3,93,31,10
USG-74230e6f,CUST-09fc0fb3,2025-09-01,3,36,36,2
USG-0154fc78,CUST-09fc0fb3,2025-10-01,3,39,39,6
USG-ee275100,CUST-09fc0fb3,2025-11-01,3,33,33,3
USG-776611cb,CUST-09fc0fb3,2025-12-01,3,152,38,9
USG-0000fc4d,CUST-09fc0fb3,2026-01-01,3,165,33,1
USG-b8d05ff1,CUST-09fc0fb3,2026-02-01,3,175,35,1
USG-f6ea7961,CUST-09fc0fb3,2026-03-01,2,116,29,10
USG-701d5c31,CUST-09fc0fb3,2026-04-01,3,102,34,7
USG-415c9cd4,CUST-a1472ce2,2026-04-01,10,103,103,10
USG-ce04d8cb,CUST-513f13e0,2024-05-01,41,412,412,9
USG-b4ff3564,CUST-513f13e0,2024-06-01,44,2210,442,7
USG-09bbc16b,CUST-513f13e0,2024-07-01,46,2300,460,9
USG-c46d7d14,CUST-513f13e0,2024-08-01,35,700,350,7
USG-e54789c2,CUST-513f13e0,2024-09-01,41,1652,413,2
USG-47d677fe,CUST-513f13e0,2024-10-01,38,772,386,7
USG-13a2b51e,CUST-513f13e0,2024-11-01,47,1888,472,2
USG-0e6886e4,CUST-513f13e0,2024-12-01,39,1568,392,6
USG-31eb12b7,CUST-513f13e0,2025-01-01,34,1396,349,10
USG-fec45e2a,CUST-513f13e0,2025-02-01,43,866,433,7
USG-cfe8f84a,CUST-513f13e0,2025-03-01,41,1257,419,5
USG-caab1766,CUST-513f13e0,2025-04-01,43,2165,433,8
USG-497357ba,CUST-513f13e0,2025-05-01,46,2340,468,2
USG-58863a0c,CUST-513f13e0,2025-06-01,42,1281,427,2
USG-2764c57a,CUST-513f13e0,2025-07-01,43,1290,430,6
USG-db7c30c0,CUST-513f13e0,2025-08-01,45,1812,453,8
USG-c063ada8,CUST-513f13e0,2025-09-01,32,325,325,9
USG-691e3953,CUST-513f13e0,2025-10-01,44,1792,448,6
USG-8ea3b8b1,CUST-513f13e0,2025-11-01,46,469,469,6
USG-3a24bcec,CUST-513f13e0,2025-12-01,38,1164,388,5
USG-3110f399,CUST-513f13e0,2026-01-01,45,2270,454,2
USG-59c2fd60,CUST-513f13e0,2026-02-01,40,2030,406,9
USG-14f71fdc,CUST-513f13e0,2026-03-01,42,1700,425,8
USG-462e5452,CUST-513f13e0,2026-04-01,40,2010,402,6
USG-44b61073,CUST-9e3c6478,2024-08-01,36,732,366,10
USG-8c12fd2a,CUST-9e3c6478,2024-09-01,38,1910,382,4
USG-e5dd1b99,CUST-9e3c6478,2024-10-01,45,456,456,8
USG-88847581,CUST-9e3c6478,2024-11-01,52,528,528,5
USG-4a1cfc38,CUST-9e3c6478,2024-12-01,51,519,519,2
USG-0605ed70,CUST-9e3c6478,2025-01-01,40,2025,405,9
USG-4cc43725,CUST-9e3c6478,2025-02-01,51,1032,516,9
USG-2e6c0a49,CUST-9e3c6478,2025-03-01,53,1078,539,9
USG-e990d6f0,CUST-9e3c6478,2025-04-01,48,481,481,5
USG-5fca8198,CUST-9e3c6478,2025-05-01,36,1456,364,3
USG-e2598800,CUST-9e3c6478,2025-06-01,41,2090,418,7
USG-8014d3a1,CUST-9e3c6478,2025-07-01,48,970,485,6
USG-d8ca57e9,CUST-9e3c6478,2025-08-01,51,1026,513,4
USG-10114bd1,CUST-9e3c6478,2025-09-01,43,870,435,8
USG-eaee55a0,CUST-9e3c6478,2025-10-01,52,1054,527,1
USG-79248ce7,CUST-9e3c6478,2025-11-01,45,2260,452,1
USG-5fef8219,CUST-9e3c6478,2025-12-01,40,1215,405,5
USG-cfdc9f08,CUST-9e3c6478,2026-01-01,41,2085,417,5
USG-203c4cfb,CUST-9e3c6478,2026-02-01,50,1012,506,3
USG-85f373ce,CUST-9e3c6478,2026-03-01,51,512,512,10
USG-78ac44e8,CUST-9e3c6478,2026-04-01,41,2095,419,7
USG-b5f72793,CUST-199c2696,2024-08-01,28,1148,287,8
USG-46626836,CUST-199c2696,2024-09-01,33,664,332,1
USG-a085e00a,CUST-199c2696,2024-10-01,33,1320,330,10
USG-da1d7f7a,CUST-199c2696,2024-11-01,34,1740,348,10
USG-ff14791c,CUST-199c2696,2024-12-01,24,1230,246,10
USG-f00308a3,CUST-199c2696,2025-01-01,31,1565,313,5
USG-10aabffb,CUST-199c2696,2025-02-01,28,1136,284,2
USG-3475b76c,CUST-199c2696,2025-03-01,29,1460,292,10
USG-98c3aa7c,CUST-199c2696,2025-04-01,28,281,281,1
USG-2f627fe1,CUST-199c2696,2025-05-01,26,789,263,7
USG-0e4df2df,CUST-199c2696,2025-06-01,32,648,324,6
USG-6e4a417d,CUST-199c2696,2025-07-01,29,1176,294,3
USG-e682cea1,CUST-199c2696,2025-08-01,24,1225,245,1
USG-9d994fc4,CUST-199c2696,2025-09-01,25,254,254,6
USG-fca81b93,CUST-199c2696,2025-10-01,29,1455,291,6
USG-640af547,CUST-199c2696,2025-11-01,28,281,281,1
USG-9f430ed7,CUST-199c2696,2025-12-01,32,984,328,5
USG-626fedcf,CUST-199c2696,2026-01-01,24,984,246,7
USG-af3dc1ca,CUST-199c2696,2026-02-01,31,318,318,6
USG-1a0cd51b,CUST-199c2696,2026-03-01,32,646,323,8
USG-e13d3089,CUST-199c2696,2026-04-01,28,562,281,3
USG-1962cd37,CUST-fb0eee8f,2026-01-01,1,72,18,6
USG-4ee2ad42,CUST-fb0eee8f,2026-02-01,2,42,21,9
USG-6da42153,CUST-fb0eee8f,2026-03-01,1,5,1,1
USG-1ae76869,CUST-fb0eee8f,2026-04-01,1,4,2,8
USG-2b4d8754,CUST-e25fe3c0,2025-06-01,2,40,20,8
USG-d8d8daad,CUST-e25fe3c0,2025-07-01,2,26,26,8
USG-bbb72932,CUST-e25fe3c0,2025-08-01,2,40,20,3
USG-e554d0b3,CUST-e25fe3c0,2025-09-01,2,81,27,9
USG-0b5da30d,CUST-e25fe3c0,2025-10-01,2,56,28,3
USG-f32ee0c0,CUST-e25fe3c0,2025-11-01,2,84,21,8
USG-4bcbb958,CUST-e25fe3c0,2025-12-01,2,108,27,8
USG-4416a6ae,CUST-e25fe3c0,2026-01-01,2,69,23,7
USG-3dbea172,CUST-e25fe3c0,2026-02-01,2,110,22,6
USG-82878032,CUST-e25fe3c0,2026-03-01,2,42,21,5
USG-fd655e1c,CUST-e25fe3c0,2026-04-01,2,60,20,9
USG-7c1f08ff,CUST-8116f475,2024-11-01,13,660,132,10
USG-aede31f2,CUST-8116f475,2024-12-01,15,770,154,1
USG-17a435ad,CUST-8116f475,2025-01-01,17,708,177,6
USG-1dd71987,CUST-8116f475,2025-02-01,15,456,152,7
USG-9866d938,CUST-8116f475,2025-03-01,17,860,172,6
USG-16b7bb5b,CUST-8116f475,2025-04-01,16,656,164,9
USG-f3249574,CUST-8116f475,2025-05-01,14,438,146,6
USG-4c0ebe75,CUST-8116f475,2025-06-01,12,640,128,3
USG-61461744,CUST-8116f475,2025-07-01,14,560,140,10
USG-cee87288,CUST-8116f475,2025-08-01,13,552,138,9
USG-edc6c321,CUST-8116f475,2025-09-01,16,825,165,9
USG-8a1d37c1,CUST-8116f475,2025-10-01,18,181,181,7
USG-82efd197,CUST-8116f475,2025-11-01,14,288,144,9
USG-e608232e,CUST-8116f475,2025-12-01,15,306,153,6
USG-67319963,CUST-8116f475,2026-01-01,12,645,129,8
USG-0f61e69b,CUST-8116f475,2026-02-01,15,608,152,4
USG-61673e15,CUST-8116f475,2026-03-01,13,139,139,5
USG-82418091,CUST-8116f475,2026-04-01,14,560,140,8
USG-4133cd88,CUST-770ddcce,2025-11-01,21,864,216,4
USG-17e20d24,CUST-770ddcce,2025-12-01,24,242,242,1
USG-c79e4e39,CUST-770ddcce,2026-01-01,20,1030,206,9
USG-11497f1b,CUST-770ddcce,2026-02-01,22,458,229,8
USG-c24cf0e9,CUST-770ddcce,2026-03-01,23,1165,233,7
USG-c28b35b2,CUST-770ddcce,2026-04-01,27,1116,279,9
USG-6dfa3bbb,CUST-e4dbd38d,2025-07-01,41,1676,419,8
USG-d68dc9b6,CUST-e4dbd38d,2025-08-01,44,1329,443,3
USG-00ca222f,CUST-e4dbd38d,2025-09-01,49,1473,491,1
USG-fb0e6ca2,CUST-e4dbd38d,2025-10-01,44,1329,443,8
USG-199b87a5,CUST-e4dbd38d,2025-11-01,42,1263,421,7
USG-5e9c5804,CUST-e4dbd38d,2025-12-01,36,361,361,7
USG-ef423b37,CUST-e4dbd38d,2026-01-01,36,1468,367,6
USG-daa52441,CUST-e4dbd38d,2026-02-01,34,1392,348,6
USG-a7b5059b,CUST-e4dbd38d,2026-03-01,1,0,0,4
USG-642a5329,CUST-e4dbd38d,2026-04-01,1,0,0,2
USG-fdb8dd96,CUST-24820ce9,2025-08-01,18,370,185,9
USG-98084738,CUST-24820ce9,2025-09-01,13,680,136,9
USG-3d050eb9,CUST-24820ce9,2025-10-01,16,676,169,10
USG-38623127,CUST-24820ce9,2025-11-01,13,524,131,9
USG-c2c9d736,CUST-24820ce9,2025-12-01,15,155,155,5
USG-64d60201,CUST-24820ce9,2026-01-01,15,620,155,1
USG-fdd89cc9,CUST-24820ce9,2026-02-01,17,178,178,8
USG-dd8ce9f4,CUST-24820ce9,2026-03-01,1,0,0,10
USG-2c8663f6,CUST-24820ce9,2026-04-01,1,5,1,7
USG-e95f30a9,CUST-1800dd8d,2025-04-01,20,603,201,6
USG-db46c70c,CUST-1800dd8d,2025-05-01,26,530,265,3
USG-e909afb9,CUST-1800dd8d,2025-06-01,23,235,235,3
USG-00a6ff7a,CUST-1800dd8d,2025-07-01,22,892,223,6
USG-9c8372ef,CUST-1800dd8d,2025-08-01,23,1150,230,6
USG-71a6cf08,CUST-1800dd8d,2025-09-01,26,1340,268,8
USG-09456a99,CUST-1800dd8d,2025-10-01,29,586,293,6
USG-4e6ece99,CUST-1800dd8d,2025-11-01,20,1040,208,4
USG-3b6d2fa7,CUST-1800dd8d,2025-12-01,21,422,211,3
USG-ba50ce5f,CUST-1800dd8d,2026-01-01,27,1104,276,2
USG-19780f48,CUST-1800dd8d,2026-02-01,20,205,205,9
USG-691e14c5,CUST-1800dd8d,2026-03-01,1,0,0,3
USG-437f205e,CUST-1800dd8d,2026-04-01,1,0,0,10
USG-1901905a,CUST-fd71a399,2025-08-01,22,1125,225,5
USG-6f60456a,CUST-fd71a399,2025-09-01,26,804,268,6
USG-be9e2d6b,CUST-fd71a399,2025-10-01,25,1036,259,4
USG-cdd88edb,CUST-fd71a399,2025-11-01,25,502,251,3
USG-1ba75987,CUST-fd71a399,2025-12-01,28,562,281,10
USG-c5fbc575,CUST-fd71a399,2026-01-01,22,454,227,2
USG-67f1419a,CUST-fd71a399,2026-02-01,28,560,280,7
USG-8614c632,CUST-fd71a399,2026-03-01,26,786,262,10
USG-07c268a2,CUST-fd71a399,2026-04-01,27,828,276,10
USG-6e5429fa,CUST-39164db8,2024-07-01,28,1435,287,5
USG-fffab5bf,CUST-39164db8,2024-08-01,26,1300,260,8
USG-da613570,CUST-39164db8,2024-09-01,24,1200,240,8
USG-5676de01,CUST-39164db8,2024-10-01,31,1570,314,5
USG-5fa9c3e6,CUST-39164db8,2024-11-01,29,1196,299,3
USG-0bc821eb,CUST-39164db8,2024-12-01,26,538,269,8
USG-aff7f3a6,CUST-39164db8,2025-01-01,22,446,223,5
USG-3849c3e4,CUST-39164db8,2025-02-01,31,1268,317,10
USG-4ea0891c,CUST-39164db8,2025-03-01,27,822,274,10
USG-de44b904,CUST-39164db8,2025-04-01,27,1380,276,1
USG-a67bff4c,CUST-39164db8,2025-05-01,28,1132,283,7
USG-c08c4e28,CUST-39164db8,2025-06-01,31,318,318,10
USG-b07d669e,CUST-39164db8,2025-07-01,24,1245,249,4
USG-a2b113e3,CUST-39164db8,2025-08-01,32,1292,323,3
USG-c573afa8,CUST-39164db8,2025-09-01,31,1268,317,5
USG-40fccc7c,CUST-39164db8,2025-10-01,26,783,261,9
USG-15741c18,CUST-39164db8,2025-11-01,31,1575,315,10
USG-6f434b53,CUST-39164db8,2025-12-01,27,554,277,5
USG-272167c2,CUST-39164db8,2026-01-01,24,738,246,7
USG-8926b164,CUST-39164db8,2026-02-01,31,632,316,2
USG-6a1deed3,CUST-39164db8,2026-03-01,23,1165,233,5
USG-74cb56a3,CUST-39164db8,2026-04-01,30,304,304,10
USG-351ed2f1,CUST-d32c5846,2025-06-01,42,1287,429,10
USG-f60f5d22,CUST-d32c5846,2025-07-01,44,2215,443,1
USG-ee20c08e,CUST-d32c5846,2025-08-01,51,511,511,2
USG-11bd995a,CUST-d32c5846,2025-09-01,42,423,423,3
USG-691b7903,CUST-d32c5846,2025-10-01,58,584,584,6
USG-663a0372,CUST-d32c5846,2025-11-01,52,1048,524,9
USG-b8cde0f3,CUST-d32c5846,2025-12-01,46,930,465,7
USG-0d72b61f,CUST-d32c5846,2026-01-01,49,495,495,6
USG-4022fbf1,CUST-d32c5846,2026-02-01,45,452,452,7
USG-a0ba86a1,CUST-d32c5846,2026-03-01,52,1054,527,4
USG-da1a9f42,CUST-d32c5846,2026-04-01,49,491,491,9
USG-21e7722d,CUST-127420f7,2025-10-01,52,2092,523,8
USG-404bc355,CUST-127420f7,2025-11-01,42,2130,426,1
USG-d354ed8f,CUST-127420f7,2025-12-01,49,990,495,3
USG-bf2d4a7c,CUST-127420f7,2026-01-01,38,1552,388,1
USG-b70ed632,CUST-127420f7,2026-02-01,44,1335,445,8
USG-ed1a5326,CUST-127420f7,2026-03-01,45,1353,451,4
USG-a9dcf3ab,CUST-127420f7,2026-04-01,38,1552,388,5
USG-4ecfba2d,CUST-a06a15c2,2025-07-01,46,1860,465,5
USG-e133fe99,CUST-a06a15c2,2025-08-01,55,1102,551,2
USG-99906d41,CUST-a06a15c2,2025-09-01,51,1020,510,3
USG-41b2cdbd,CUST-a06a15c2,2025-10-01,40,816,408,9
USG-9125775e,CUST-a06a15c2,2025-11-01,53,1617,539,5
USG-5ef209f1,CUST-a06a15c2,2025-12-01,41,1648,412,8
USG-b06be78a,CUST-a06a15c2,2026-01-01,41,1233,411,9
USG-c7418341,CUST-a06a15c2,2026-02-01,43,862,431,2
USG-4010f2a6,CUST-a06a15c2,2026-03-01,48,1446,482,6
USG-d3e166b0,CUST-a06a15c2,2026-04-01,47,2390,478,7
USG-f2773ca5,CUST-9e751c77,2025-09-01,24,744,248,4
USG-fa342888,CUST-9e751c77,2025-10-01,24,482,241,2
USG-2b168fd3,CUST-9e751c77,2025-11-01,24,744,248,9
USG-9c94b46a,CUST-9e751c77,2025-12-01,28,1445,289,4
USG-0bb37ca5,CUST-9e751c77,2026-01-01,31,632,316,4
USG-7c1d98f2,CUST-9e751c77,2026-02-01,23,1165,233,2
USG-92772155,CUST-9e751c77,2026-03-01,26,524,262,6
USG-6fc53006,CUST-9e751c77,2026-04-01,28,1140,285,8
USG-79df7e74,CUST-9e751c77,2026-05-01,33,1340,335,8
USG-11403462,CUST-15a1b230,2025-12-01,45,910,455,5
USG-5789a395,CUST-15a1b230,2026-01-01,39,1176,392,5
USG-89a73835,CUST-15a1b230,2026-02-01,47,1904,476,6
USG-d9da0bb8,CUST-15a1b230,2026-03-01,46,1844,461,2
USG-e654fe3f,CUST-15a1b230,2026-04-01,36,365,365,6
USG-775992fb,CUST-f07a9d8a,2025-08-01,46,1864,466,9
USG-f5ce71dd,CUST-f07a9d8a,2025-09-01,47,958,479,2
USG-fb192a8b,CUST-f07a9d8a,2025-10-01,45,904,452,5
USG-87aaad8d,CUST-f07a9d8a,2025-11-01,36,1095,365,6
USG-1d6aa1d4,CUST-f07a9d8a,2025-12-01,44,1760,440,4
USG-0cb83904,CUST-f07a9d8a,2026-01-01,43,1305,435,7
USG-3d0eb909,CUST-f07a9d8a,2026-02-01,42,1281,427,9
USG-ead907a4,CUST-f07a9d8a,2026-03-01,37,374,374,1
USG-90d6621a,CUST-f07a9d8a,2026-04-01,47,473,473,4
USG-057d4fae,CUST-0f8dafb1,2025-01-01,42,1260,420,9
USG-5edd8b03,CUST-0f8dafb1,2025-02-01,48,970,485,7
USG-ce0b8dbf,CUST-0f8dafb1,2025-03-01,39,784,392,8
USG-12194996,CUST-0f8dafb1,2025-04-01,42,842,421,8
USG-857f549e,CUST-0f8dafb1,2025-05-01,47,2355,471,3
USG-052cafef,CUST-0f8dafb1,2025-06-01,42,856,428,2
USG-67ea3758,CUST-0f8dafb1,2025-07-01,49,984,492,4
USG-1980e494,CUST-0f8dafb1,2025-08-01,45,1824,456,3
USG-c87c1f32,CUST-0f8dafb1,2025-09-01,52,2620,524,9
USG-628055b4,CUST-0f8dafb1,2025-10-01,36,726,363,7
USG-e64ff227,CUST-0f8dafb1,2025-11-01,53,1599,533,10
USG-42a321f3,CUST-0f8dafb1,2025-12-01,53,531,531,7
USG-95524285,CUST-0f8dafb1,2026-01-01,47,1422,474,10
USG-22d4995c,CUST-0f8dafb1,2026-02-01,48,485,485,2
USG-e9a7b628,CUST-0f8dafb1,2026-03-01,45,1836,459,5
USG-5efed146,CUST-0f8dafb1,2026-04-01,39,794,397,6
USG-84fff1de,CUST-f462e572,2024-10-01,18,945,189,6
USG-b107448f,CUST-f462e572,2024-11-01,24,492,246,2
USG-74bb9bd1,CUST-f462e572,2024-12-01,25,255,255,9
USG-9d559d2f,CUST-f462e572,2025-01-01,21,218,218,1
USG-ebfb9b41,CUST-f462e572,2025-02-01,18,360,180,3
USG-102da2d3,CUST-f462e572,2025-03-01,18,188,188,6
USG-1611ddf0,CUST-f462e572,2025-04-01,19,394,197,1
USG-5e9446c9,CUST-f462e572,2025-05-01,22,448,224,10
USG-ec2f82a8,CUST-f462e572,2025-06-01,24,960,240,1
USG-15157d7e,CUST-f462e572,2025-07-01,22,1115,223,1
USG-05fe2209,CUST-f462e572,2025-08-01,20,808,202,2
USG-541c268c,CUST-f462e572,2025-09-01,25,251,251,1
USG-2e731245,CUST-f462e572,2025-10-01,25,759,253,8
USG-cc87d457,CUST-f462e572,2025-11-01,25,506,253,5
USG-1285582c,CUST-f462e572,2025-12-01,24,744,248,10
USG-17b6a83e,CUST-f462e572,2026-01-01,23,231,231,2
USG-6576afa3,CUST-f462e572,2026-02-01,25,512,256,10
USG-765360cb,CUST-f462e572,2026-03-01,1,0,0,7
USG-4480822b,CUST-f462e572,2026-04-01,1,2,2,7
USG-602d455c,CUST-b539a44b,2025-07-01,27,1380,276,6
USG-52827cc9,CUST-b539a44b,2025-08-01,26,1072,268,1
USG-3afaf4bf,CUST-b539a44b,2025-09-01,23,476,238,2
USG-6ee93819,CUST-b539a44b,2025-10-01,26,528,264,6
USG-ecf340a3,CUST-b539a44b,2025-11-01,22,672,224,6
USG-feda98a1,CUST-b539a44b,2025-12-01,22,440,220,3
USG-e2bacade,CUST-b539a44b,2026-01-01,29,299,299,6
USG-9abbb869,CUST-b539a44b,2026-02-01,23,705,235,2
USG-d4da3d06,CUST-b539a44b,2026-03-01,29,1160,290,10
USG-416bb242,CUST-b539a44b,2026-04-01,30,921,307,7
USG-f4a991de,CUST-d5d86457,2025-08-01,43,2155,431,7
USG-49e4c328,CUST-d5d86457,2025-09-01,44,1784,446,5
USG-96dd981b,CUST-d5d86457,2025-10-01,45,452,452,5
USG-aa30cce2,CUST-d5d86457,2025-11-01,40,2030,406,5
USG-6d3361af,CUST-d5d86457,2025-12-01,37,376,376,1
USG-bf65b1d6,CUST-d5d86457,2026-01-01,53,532,532,4
USG-578edbff,CUST-d5d86457,2026-02-01,51,2068,517,5
USG-121bfb53,CUST-d5d86457,2026-03-01,41,2055,411,5
USG-2d6187e2,CUST-d5d86457,2026-04-01,46,466,466,1
USG-fbb358c6,CUST-7451acfe,2025-07-01,39,1965,393,3
USG-081fb4dd,CUST-7451acfe,2025-08-01,34,696,348,3
USG-48110653,CUST-7451acfe,2025-09-01,37,1850,370,4
USG-d149d36d,CUST-7451acfe,2025-10-01,35,1412,353,3
USG-1a98ddba,CUST-7451acfe,2025-11-01,42,840,420,4
USG-a0eef7f3,CUST-7451acfe,2025-12-01,43,1299,433,6
USG-236cbef9,CUST-7451acfe,2026-01-01,32,975,325,5
USG-98508c04,CUST-7451acfe,2026-02-01,33,1348,337,7
USG-6848691b,CUST-7451acfe,2026-03-01,37,1885,377,7
USG-0f16246c,CUST-7451acfe,2026-04-01,47,1908,477,2
USG-0a625664,CUST-85cef7dd,2024-12-01,3,33,33,1
USG-868daa69,CUST-85cef7dd,2025-01-01,2,75,25,10
USG-6a3838bf,CUST-85cef7dd,2025-02-01,2,25,25,9
USG-e95da009,CUST-85cef7dd,2025-03-01,3,70,35,5
USG-bcfbddc7,CUST-85cef7dd,2025-04-01,3,60,30,10
USG-302707a7,CUST-85cef7dd,2025-05-01,2,54,27,5
USG-266cb2bc,CUST-85cef7dd,2025-06-01,3,155,31,2
USG-539e0a4c,CUST-85cef7dd,2025-07-01,2,56,28,7
USG-c89ef4e4,CUST-85cef7dd,2025-08-01,3,144,36,4
USG-89c06c5c,CUST-85cef7dd,2025-09-01,2,75,25,6
USG-d5a9e49f,CUST-85cef7dd,2025-10-01,3,160,32,1
USG-115b9de6,CUST-85cef7dd,2025-11-01,3,160,32,8
USG-98b48f1f,CUST-85cef7dd,2025-12-01,2,87,29,8
USG-b6a24634,CUST-85cef7dd,2026-01-01,2,56,28,2
USG-080a3f43,CUST-85cef7dd,2026-02-01,3,62,31,9
USG-68c4994d,CUST-85cef7dd,2026-03-01,2,52,26,8
USG-97c67908,CUST-85cef7dd,2026-04-01,2,125,25,5
USG-8d82565f,CUST-30fd8ae7,2024-12-01,13,675,135,6
USG-8f67b0db,CUST-30fd8ae7,2025-01-01,12,240,120,9
USG-6c7dbde4,CUST-30fd8ae7,2025-02-01,12,625,125,6
USG-2a7928ac,CUST-30fd8ae7,2025-03-01,16,486,162,2
USG-a64cb1ee,CUST-30fd8ae7,2025-04-01,15,456,152,3
USG-56ca48e4,CUST-30fd8ae7,2025-05-01,15,312,156,7
USG-5cd363ad,CUST-30fd8ae7,2025-06-01,16,492,164,8
USG-5b05989b,CUST-30fd8ae7,2025-07-01,12,488,122,8
USG-39f64588,CUST-30fd8ae7,2025-08-01,13,536,134,1
USG-fe9bdfd6,CUST-30fd8ae7,2025-09-01,12,496,124,6
USG-d7bf3705,CUST-30fd8ae7,2025-10-01,13,131,131,6
USG-c3d79759,CUST-30fd8ae7,2025-11-01,13,685,137,8
USG-eafda9f3,CUST-30fd8ae7,2025-12-01,12,496,124,10
USG-995d58a4,CUST-30fd8ae7,2026-01-01,13,133,133,9
USG-a227c92c,CUST-30fd8ae7,2026-02-01,12,516,129,3
USG-bab6fbb4,CUST-30fd8ae7,2026-03-01,15,632,158,8
USG-b708f88b,CUST-30fd8ae7,2026-04-01,13,690,138,10
USG-9ad796ff,CUST-72166496,2025-08-01,38,386,386,7
USG-d59e9b67,CUST-72166496,2025-09-01,39,1194,398,2
USG-faa6a315,CUST-72166496,2025-10-01,37,1850,370,7
USG-83552cbd,CUST-72166496,2025-11-01,29,891,297,7
USG-2336d9c2,CUST-72166496,2025-12-01,35,355,355,2
USG-aecb84ba,CUST-72166496,2026-01-01,41,2085,417,3
USG-21e789a0,CUST-72166496,2026-02-01,37,754,377,2
USG-37a0883e,CUST-72166496,2026-03-01,40,1600,400,6
USG-6f29ed64,CUST-72166496,2026-04-01,37,1110,370,4
USG-8035c82b,CUST-04ab9914,2026-01-01,19,396,198,1
USG-f697d796,CUST-04ab9914,2026-02-01,20,600,200,4
USG-e1a627a7,CUST-04ab9914,2026-03-01,23,924,231,4
USG-a8fc0f88,CUST-04ab9914,2026-04-01,16,489,163,10
USG-9ad89883,CUST-da152191,2025-01-01,53,1078,539,9
USG-01d45361,CUST-da152191,2025-02-01,47,1900,475,10
USG-d19eefea,CUST-da152191,2025-03-01,37,1512,378,2
USG-171d2ef8,CUST-da152191,2025-04-01,48,1440,480,7
USG-a4cddbd0,CUST-da152191,2025-05-01,46,920,460,5
USG-9feafac6,CUST-da152191,2025-06-01,52,1572,524,10
USG-9ed88a36,CUST-da152191,2025-07-01,53,1605,535,3
USG-511d7f36,CUST-da152191,2025-08-01,39,1568,392,10
USG-74aec801,CUST-da152191,2025-09-01,52,2610,522,3
USG-9b165ff8,CUST-da152191,2025-10-01,42,1266,422,9
USG-20773a55,CUST-da152191,2025-11-01,50,501,501,1
USG-3b169070,CUST-da152191,2025-12-01,39,1191,397,9
USG-76ab90bf,CUST-da152191,2026-01-01,37,1860,372,8
USG-f3021d62,CUST-da152191,2026-02-01,42,856,428,5
USG-c0047341,CUST-da152191,2026-03-01,49,2480,496,2
USG-e89466c1,CUST-da152191,2026-04-01,49,491,491,9
USG-defe305d,CUST-fb326979,2026-04-01,25,516,258,5
USG-bea784f2,CUST-53c7df35,2025-09-01,34,686,343,2
USG-65832401,CUST-53c7df35,2025-10-01,34,682,341,8
USG-00446e2c,CUST-53c7df35,2025-11-01,32,642,321,8
USG-cebe587f,CUST-53c7df35,2025-12-01,33,1340,335,9
USG-f75d30d4,CUST-53c7df35,2026-01-01,32,984,328,1
USG-b72196d0,CUST-53c7df35,2026-02-01,29,588,294,3
USG-89b252db,CUST-53c7df35,2026-03-01,34,1730,346,2
USG-1602c35e,CUST-53c7df35,2026-04-01,34,346,346,7
USG-f249b4fe,CUST-2ff11590,2025-01-01,34,1380,345,8
USG-636e1d3c,CUST-2ff11590,2025-02-01,37,372,372,1
USG-dc1a6fff,CUST-2ff11590,2025-03-01,31,310,310,3
USG-08fe4fb3,CUST-2ff11590,2025-04-01,28,1144,286,4
USG-bb9f90b5,CUST-2ff11590,2025-05-01,34,1360,340,5
USG-b352b69f,CUST-2ff11590,2025-06-01,32,969,323,2
USG-c67d9746,CUST-2ff11590,2025-07-01,34,1725,345,2
USG-a44cec92,CUST-2ff11590,2025-08-01,34,1745,349,1
USG-65dfe565,CUST-2ff11590,2025-09-01,28,281,281,1
USG-d6f55ecb,CUST-2ff11590,2025-10-01,38,384,384,4
USG-3f958b6f,CUST-2ff11590,2025-11-01,31,624,312,2
USG-4444cc21,CUST-2ff11590,2025-12-01,31,1585,317,10
USG-4393358c,CUST-2ff11590,2026-01-01,28,281,281,2
USG-6f126002,CUST-2ff11590,2026-02-01,29,584,292,10
USG-c7a5186d,CUST-2ff11590,2026-03-01,30,903,301,9
USG-e619ba54,CUST-2ff11590,2026-04-01,39,399,399,10
USG-771da1dc,CUST-e1557fc8,2026-01-01,8,336,84,3
USG-db9a1bcf,CUST-e1557fc8,2026-02-01,7,154,77,8
USG-03800d0c,CUST-e1557fc8,2026-03-01,9,279,93,6
USG-28d8a3c3,CUST-e1557fc8,2026-04-01,8,405,81,5
USG-df1ff649,CUST-710834fd,2025-08-01,23,233,233,6
USG-e4edff35,CUST-710834fd,2025-09-01,26,1320,264,4
USG-56fde326,CUST-710834fd,2025-10-01,20,804,201,6
USG-5131db8c,CUST-710834fd,2025-11-01,23,956,239,5
USG-bed982d9,CUST-710834fd,2025-12-01,22,226,226,10
USG-bae56a8a,CUST-710834fd,2026-01-01,19,955,191,8
USG-499dcaae,CUST-710834fd,2026-02-01,25,250,250,10
USG-a098f30f,CUST-710834fd,2026-03-01,19,995,199,1
USG-7737f8ae,CUST-710834fd,2026-04-01,26,522,261,4
USG-8035de4f,CUST-74d4074a,2024-07-01,49,992,496,7
USG-2d39469e,CUST-74d4074a,2024-08-01,46,461,461,10
USG-78fe4c40,CUST-74d4074a,2024-09-01,48,2430,486,7
USG-95d3182f,CUST-74d4074a,2024-10-01,50,500,500,3
USG-e1046e95,CUST-74d4074a,2024-11-01,46,1868,467,10
USG-60b250f2,CUST-74d4074a,2024-12-01,50,2028,507,10
USG-03117b84,CUST-74d4074a,2025-01-01,55,1118,559,8
USG-6e3b7d32,CUST-74d4074a,2025-02-01,56,564,564,9
USG-f34dc008,CUST-74d4074a,2025-03-01,55,2212,553,7
USG-68b46cc8,CUST-74d4074a,2025-04-01,46,1389,463,9
USG-fc32c27c,CUST-74d4074a,2025-05-01,53,1611,537,10
USG-bf0d329e,CUST-74d4074a,2025-06-01,48,1446,482,10
USG-7159a2dc,CUST-74d4074a,2025-07-01,57,2288,572,8
USG-c5a71667,CUST-74d4074a,2025-08-01,47,956,478,9
USG-95cff556,CUST-74d4074a,2025-09-01,39,1584,396,6
USG-f32524be,CUST-74d4074a,2025-10-01,40,1600,400,9
USG-60cc881d,CUST-74d4074a,2025-11-01,41,838,419,8
USG-d9f8b1b5,CUST-74d4074a,2025-12-01,43,878,439,10
USG-0c89bc27,CUST-74d4074a,2026-01-01,44,1760,440,5
USG-492c9d5b,CUST-74d4074a,2026-02-01,52,1058,529,7
USG-8802b364,CUST-74d4074a,2026-03-01,49,2455,491,7
USG-a039420b,CUST-74d4074a,2026-04-01,55,2216,554,1
USG-88c9db63,CUST-4c7b21c2,2025-08-01,21,1065,213,6
USG-eafa32ef,CUST-4c7b21c2,2025-09-01,21,860,215,1
USG-e47d31d4,CUST-4c7b21c2,2025-10-01,26,783,261,3
USG-abb0342b,CUST-4c7b21c2,2025-11-01,19,792,198,4
USG-0554c15f,CUST-4c7b21c2,2025-12-01,20,406,203,4
USG-32b1bd88,CUST-4c7b21c2,2026-01-01,19,570,190,9
USG-5383d2a1,CUST-4c7b21c2,2026-02-01,26,1330,266,10
USG-f3a1ebe6,CUST-4c7b21c2,2026-03-01,20,1030,206,9
USG-23da364d,CUST-4c7b21c2,2026-04-01,27,548,274,3
USG-013f4409,CUST-d971a88c,2025-12-01,33,990,330,6
USG-2171cc7b,CUST-d971a88c,2026-01-01,34,1380,345,7
USG-f75966b9,CUST-d971a88c,2026-02-01,32,650,325,1
USG-34963eda,CUST-d971a88c,2026-03-01,31,1560,312,4
USG-3a04490e,CUST-d971a88c,2026-04-01,31,310,310,8
USG-a0e3a398,CUST-79b6296a,2025-09-01,34,345,345,10
USG-898dc70f,CUST-79b6296a,2025-10-01,35,351,351,7
USG-d195a631,CUST-79b6296a,2025-11-01,26,268,268,6
USG-8608f950,CUST-79b6296a,2025-12-01,34,692,346,5
USG-ccd69650,CUST-79b6296a,2026-01-01,28,289,289,10
USG-061629af,CUST-79b6296a,2026-02-01,35,1071,357,8
USG-0b7b937d,CUST-79b6296a,2026-03-01,25,1265,253,5
USG-478f766a,CUST-79b6296a,2026-04-01,32,1284,321,8
USG-f1363e0c,CUST-e9f5ab3a,2024-06-01,6,244,61,3
USG-9b00d7d0,CUST-e9f5ab3a,2024-07-01,6,330,66,6
USG-6d2c7a97,CUST-e9f5ab3a,2024-08-01,8,328,82,4
USG-04d40279,CUST-e9f5ab3a,2024-09-01,6,260,65,6
USG-030ef08f,CUST-e9f5ab3a,2024-10-01,8,82,82,10
USG-80fafc67,CUST-e9f5ab3a,2024-11-01,6,260,65,3
USG-5556ccfe,CUST-e9f5ab3a,2024-12-01,7,304,76,8
USG-eb6f9604,CUST-e9f5ab3a,2025-01-01,6,63,63,9
USG-ae90eced,CUST-e9f5ab3a,2025-02-01,7,152,76,9
USG-ee56e729,CUST-e9f5ab3a,2025-03-01,7,77,77,2
USG-8aec20ac,CUST-e9f5ab3a,2025-04-01,8,168,84,3
USG-37259db4,CUST-e9f5ab3a,2025-05-01,8,249,83,7
USG-c54a5fed,CUST-e9f5ab3a,2025-06-01,7,70,70,2
USG-9db60c77,CUST-e9f5ab3a,2025-07-01,7,390,78,2
USG-1223e9b2,CUST-e9f5ab3a,2025-08-01,7,73,73,8
USG-2cd777bc,CUST-e9f5ab3a,2025-09-01,6,183,61,6
USG-aa25257d,CUST-e9f5ab3a,2025-10-01,7,395,79,10
USG-0673661a,CUST-e9f5ab3a,2025-11-01,6,63,63,8
USG-87c91db5,CUST-e9f5ab3a,2025-12-01,8,410,82,10
USG-0dde0b11,CUST-e9f5ab3a,2026-01-01,7,74,74,3
USG-ef67f248,CUST-e9f5ab3a,2026-02-01,6,126,63,2
USG-dcf2202b,CUST-e9f5ab3a,2026-03-01,8,435,87,7
USG-3f8bdb1d,CUST-e9f5ab3a,2026-04-01,5,59,59,4
USG-1332af34,CUST-79022429,2026-01-01,44,443,443,2
USG-bc80c8c4,CUST-79022429,2026-02-01,47,1422,474,2
USG-e62946bd,CUST-79022429,2026-03-01,1,9,3,2
USG-926e451b,CUST-79022429,2026-04-01,1,8,2,6
USG-efa61982,CUST-6a3a2bbc,2025-12-01,18,180,180,3
USG-1087ae75,CUST-6a3a2bbc,2026-01-01,23,462,231,6
USG-d14b505f,CUST-6a3a2bbc,2026-02-01,18,185,185,7
USG-0d610804,CUST-6a3a2bbc,2026-03-01,1,10,2,2
USG-bd0165a3,CUST-6a3a2bbc,2026-04-01,1,8,2,7
USG-5ff18ed0,CUST-6b83044a,2024-09-01,8,176,88,7
USG-d4e1fd2b,CUST-6b83044a,2024-10-01,9,475,95,7
USG-51fc62d0,CUST-6b83044a,2024-11-01,11,590,118,7
USG-32646013,CUST-6b83044a,2024-12-01,10,101,101,8
USG-54b1849d,CUST-6b83044a,2025-01-01,12,384,128,4
USG-00165d77,CUST-6b83044a,2025-02-01,10,303,101,1
USG-d04c439c,CUST-6b83044a,2025-03-01,9,450,90,2
USG-ec01a79c,CUST-6b83044a,2025-04-01,10,210,105,7
USG-657b2568,CUST-6b83044a,2025-05-01,9,98,98,7
USG-0a058a13,CUST-6b83044a,2025-06-01,11,575,115,7
USG-72599d4f,CUST-6b83044a,2025-07-01,12,496,124,8
USG-6a8a6643,CUST-6b83044a,2025-08-01,10,109,109,4
USG-1da7c3b9,CUST-6b83044a,2025-09-01,9,294,98,6
USG-aa441720,CUST-6b83044a,2025-10-01,9,279,93,9
USG-b8a5f841,CUST-6b83044a,2025-11-01,12,384,128,10
USG-a535546c,CUST-6b83044a,2025-12-01,9,270,90,4
USG-e5ec793b,CUST-6b83044a,2026-01-01,10,102,102,10
USG-55808d06,CUST-6b83044a,2026-02-01,8,261,87,4
USG-d9654882,CUST-6b83044a,2026-03-01,1,2,2,9
USG-31225d24,CUST-6b83044a,2026-04-01,1,2,2,7
USG-3247bcb9,CUST-9ebe17bf,2025-07-01,43,864,432,10
USG-f55c36cc,CUST-9ebe17bf,2025-08-01,53,2124,531,6
USG-ac2da2d1,CUST-9ebe17bf,2025-09-01,41,822,411,3
USG-7babeca1,CUST-9ebe17bf,2025-10-01,57,571,571,1
USG-79d7c370,CUST-9ebe17bf,2025-11-01,39,1990,398,10
USG-bcaeff72,CUST-9ebe17bf,2025-12-01,41,824,412,7
USG-a880e4db,CUST-9ebe17bf,2026-01-01,54,1626,542,4
USG-0df92a68,CUST-9ebe17bf,2026-02-01,58,1743,581,8
USG-69d8b6db,CUST-9ebe17bf,2026-03-01,53,2655,531,9
USG-4ea2c759,CUST-9ebe17bf,2026-04-01,41,822,411,1
USG-1b2b3dff,CUST-29fae1cc,2026-02-01,15,795,159,2
USG-fe3216d3,CUST-29fae1cc,2026-03-01,23,466,233,4
USG-6851cd06,CUST-29fae1cc,2026-04-01,20,400,200,4
USG-660b725f,CUST-84ea2760,2025-11-01,50,2020,505,3
USG-ce6995e5,CUST-84ea2760,2025-12-01,39,792,396,3
USG-1863d3ec,CUST-84ea2760,2026-01-01,49,1964,491,6
USG-378982e0,CUST-84ea2760,2026-02-01,42,426,426,2
USG-b6606019,CUST-84ea2760,2026-03-01,51,2550,510,3
USG-fc7fd71d,CUST-84ea2760,2026-04-01,46,2315,463,2
USG-269af5b0,CUST-e06bec91,2024-10-01,8,162,81,1
USG-c5678555,CUST-e06bec91,2024-11-01,9,372,93,3
USG-794cdd02,CUST-e06bec91,2024-12-01,9,465,93,2
USG-0c395438,CUST-e06bec91,2025-01-01,8,405,81,3
USG-80dbe9d7,CUST-e06bec91,2025-02-01,7,73,73,7
USG-97c596ac,CUST-e06bec91,2025-03-01,8,80,80,8
USG-fa38e654,CUST-e06bec91,2025-04-01,7,79,79,10
USG-95bdb40e,CUST-e06bec91,2025-05-01,7,312,78,10
USG-a33a25a0,CUST-e06bec91,2025-06-01,9,91,91,8
USG-8ef9e18c,CUST-e06bec91,2025-07-01,6,138,69,4
USG-258af949,CUST-e06bec91,2025-08-01,7,216,72,10
USG-6a9eb57b,CUST-e06bec91,2025-09-01,6,136,68,6
USG-325536ba,CUST-e06bec91,2025-10-01,7,213,71,4
USG-bc4f2f9b,CUST-e06bec91,2025-11-01,7,152,76,9
USG-f3bc5777,CUST-e06bec91,2025-12-01,9,184,92,5
USG-27bea7e9,CUST-e06bec91,2026-01-01,9,96,96,5
USG-a5f9dba7,CUST-e06bec91,2026-02-01,8,88,88,10
USG-12fb950c,CUST-e06bec91,2026-03-01,7,219,73,8
USG-828c466c,CUST-e06bec91,2026-04-01,8,86,86,7
USG-02360fec,CUST-25843f67,2025-04-01,25,1260,252,9
USG-55b73128,CUST-25843f67,2025-05-01,25,1260,252,3
USG-ccefc627,CUST-25843f67,2025-06-01,26,1064,266,9
USG-15d4da45,CUST-25843f67,2025-07-01,25,251,251,7
USG-0981c970,CUST-25843f67,2025-08-01,25,510,255,10
USG-71ac5d21,CUST-25843f67,2025-09-01,28,578,289,9
USG-d1b58167,CUST-25843f67,2025-10-01,28,849,283,8
USG-80207843,CUST-25843f67,2025-11-01,33,670,335,3
USG-029c356a,CUST-25843f67,2025-12-01,25,516,258,3
USG-eeb72c4e,CUST-25843f67,2026-01-01,26,1048,262,4
USG-5f1d6fb3,CUST-25843f67,2026-02-01,28,1425,285,4
USG-90fd5fc5,CUST-25843f67,2026-03-01,27,278,278,3
USG-fd9457d6,CUST-25843f67,2026-04-01,27,272,272,5
USG-e06f0f2b,CUST-b816b9ad,2025-06-01,22,1105,221,8
USG-1cfa34c2,CUST-b816b9ad,2025-07-01,21,1085,217,5
USG-f60c459e,CUST-b816b9ad,2025-08-01,18,915,183,1
USG-e238224e,CUST-b816b9ad,2025-09-01,16,672,168,5
USG-712cbb5a,CUST-b816b9ad,2025-10-01,19,796,199,7
USG-60136682,CUST-b816b9ad,2025-11-01,17,513,171,5
USG-9de28f83,CUST-b816b9ad,2025-12-01,15,459,153,8
USG-fe855e28,CUST-b816b9ad,2026-01-01,19,191,191,7
USG-11f7d0f5,CUST-b816b9ad,2026-02-01,19,398,199,6
USG-8a443d68,CUST-b816b9ad,2026-03-01,16,820,164,4
USG-f7d25726,CUST-b816b9ad,2026-04-01,19,582,194,5
USG-aa870549,CUST-2adaf15e,2024-06-01,39,1980,396,4
USG-f82d7156,CUST-2adaf15e,2024-07-01,39,1194,398,2
USG-d51d1dc6,CUST-2adaf15e,2024-08-01,45,2250,450,6
USG-a5c09540,CUST-2adaf15e,2024-09-01,40,405,405,9
USG-51baba48,CUST-2adaf15e,2024-10-01,46,2315,463,8
USG-6079612f,CUST-2adaf15e,2024-11-01,43,1299,433,8
USG-c438eea9,CUST-2adaf15e,2024-12-01,37,1865,373,2
USG-5f0afe98,CUST-2adaf15e,2025-01-01,47,1916,479,1
USG-18e665f3,CUST-2adaf15e,2025-02-01,50,2032,508,3
USG-2e342bfa,CUST-2adaf15e,2025-03-01,41,410,410,2
USG-620b3e7e,CUST-2adaf15e,2025-04-01,47,944,472,3
USG-7c0e2e68,CUST-2adaf15e,2025-05-01,35,708,354,8
USG-53332410,CUST-2adaf15e,2025-06-01,42,427,427,5
USG-ab7cf7fa,CUST-2adaf15e,2025-07-01,45,1368,456,9
USG-2de99272,CUST-2adaf15e,2025-08-01,51,1022,511,5
USG-3838285b,CUST-2adaf15e,2025-09-01,44,2200,440,3
USG-9eaf02b1,CUST-2adaf15e,2025-10-01,42,1272,424,3
USG-fecea13a,CUST-2adaf15e,2025-11-01,51,1022,511,1
USG-6ab6cc2e,CUST-2adaf15e,2025-12-01,40,1624,406,9
USG-cb160155,CUST-2adaf15e,2026-01-01,37,372,372,9
USG-d0677021,CUST-2adaf15e,2026-02-01,49,2495,499,3
USG-5608858f,CUST-2adaf15e,2026-03-01,1,0,0,9
USG-087fba6a,CUST-2adaf15e,2026-04-01,1,0,0,9
USG-da308ffa,CUST-5971db78,2026-02-01,31,632,316,1
USG-fe0b3beb,CUST-5971db78,2026-03-01,28,562,281,6
USG-28a8db4d,CUST-5971db78,2026-04-01,23,237,237,1
USG-f52485cf,CUST-5971db78,2026-05-01,28,1445,289,5
USG-3ecabc9e,CUST-35bc9068,2025-05-01,34,1032,344,5
USG-4661a269,CUST-35bc9068,2025-06-01,40,400,400,4
USG-c26f712b,CUST-35bc9068,2025-07-01,32,658,329,8
USG-7d576877,CUST-35bc9068,2025-08-01,46,2300,460,3
USG-1d807b5f,CUST-35bc9068,2025-09-01,41,2080,416,1
USG-d4ae7e4e,CUST-35bc9068,2025-10-01,34,348,348,1
USG-de491af9,CUST-35bc9068,2025-11-01,32,648,324,3
USG-615284e2,CUST-35bc9068,2025-12-01,39,1990,398,3
USG-65d60241,CUST-35bc9068,2026-01-01,45,1828,457,10
USG-69ff0b32,CUST-35bc9068,2026-02-01,47,2390,478,9
USG-64113904,CUST-35bc9068,2026-03-01,1,8,4,6
USG-75245ad4,CUST-35bc9068,2026-04-01,1,12,4,4
USG-dbdc4b3f,CUST-9d2ca3e2,2025-09-01,9,93,93,4
USG-a6dc3ad2,CUST-9d2ca3e2,2025-10-01,8,166,83,5
USG-7587d3ca,CUST-9d2ca3e2,2025-11-01,7,78,78,8
USG-7b65d7d4,CUST-9d2ca3e2,2025-12-01,9,94,94,1
USG-3f13694e,CUST-9d2ca3e2,2026-01-01,8,425,85,2
USG-74a99e3c,CUST-9d2ca3e2,2026-02-01,9,285,95,1
USG-c11743f5,CUST-9d2ca3e2,2026-03-01,11,555,111,6
USG-d0cc3bee,CUST-9d2ca3e2,2026-04-01,8,328,82,1
USG-02446d00,CUST-210f9436,2024-12-01,27,1350,270,10
USG-2fb1142b,CUST-210f9436,2025-01-01,25,1270,254,3
USG-1427c6ba,CUST-210f9436,2025-02-01,31,318,318,9
USG-294b84f2,CUST-210f9436,2025-03-01,25,750,250,2
USG-c796bc72,CUST-210f9436,2025-04-01,29,598,299,9
USG-8c656645,CUST-210f9436,2025-05-01,26,1040,260,1
USG-477298ad,CUST-210f9436,2025-06-01,21,1085,217,10
USG-8226c0aa,CUST-210f9436,2025-07-01,28,1128,282,5
USG-b5f4660c,CUST-210f9436,2025-08-01,27,277,277,2
USG-117cc926,CUST-210f9436,2025-09-01,29,299,299,6
USG-e2aed1de,CUST-210f9436,2025-10-01,32,321,321,4
USG-b5ea3fb3,CUST-210f9436,2025-11-01,25,1290,258,8
USG-6ed679d1,CUST-210f9436,2025-12-01,24,482,241,6
USG-b1e3663b,CUST-210f9436,2026-01-01,28,281,281,2
USG-cf02c15d,CUST-210f9436,2026-02-01,23,1150,230,10
USG-f57154a0,CUST-210f9436,2026-03-01,26,783,261,9
USG-68bec049,CUST-210f9436,2026-04-01,28,867,289,4
USG-27f5f364,CUST-2a67390c,2026-03-01,31,1565,313,8
USG-cb187b95,CUST-2a67390c,2026-04-01,37,1492,373,8
USG-68278ac8,CUST-6b8f3170,2025-06-01,4,88,44,10
USG-1e9e1537,CUST-6b8f3170,2025-07-01,5,153,51,10
USG-5fa69a4c,CUST-6b8f3170,2025-08-01,5,280,56,6
USG-533ea216,CUST-6b8f3170,2025-09-01,5,53,53,10
USG-2cdd794d,CUST-6b8f3170,2025-10-01,4,176,44,1
USG-779a14b6,CUST-6b8f3170,2025-11-01,3,39,39,10
USG-da715842,CUST-6b8f3170,2025-12-01,5,53,53,4
USG-b77bbfdb,CUST-6b8f3170,2026-01-01,4,90,45,7
USG-bafa557e,CUST-6b8f3170,2026-02-01,5,162,54,10
USG-d34f2e8a,CUST-6b8f3170,2026-03-01,4,164,41,3
USG-8cb05956,CUST-6b8f3170,2026-04-01,4,42,42,6
USG-5db71b77,CUST-a82e02f2,2026-02-01,41,1245,415,6
USG-a853bfdf,CUST-a82e02f2,2026-03-01,1,20,4,7
USG-cede24d9,CUST-a82e02f2,2026-04-01,1,6,3,2
USG-fca33445,CUST-16de82b8,2024-07-01,36,734,367,9
USG-4f0016e6,CUST-16de82b8,2024-08-01,34,1368,342,2
USG-f3feafb8,CUST-16de82b8,2024-09-01,28,858,286,3
USG-180a872c,CUST-16de82b8,2024-10-01,39,396,396,2
USG-5f42208e,CUST-16de82b8,2024-11-01,39,1970,394,9
USG-8ed51c2e,CUST-16de82b8,2024-12-01,36,1089,363,10
USG-bf7543f4,CUST-16de82b8,2025-01-01,31,313,313,10
USG-04572fce,CUST-16de82b8,2025-02-01,29,1192,298,6
USG-e95115f5,CUST-16de82b8,2025-03-01,37,1110,370,2
USG-d4cb1d42,CUST-16de82b8,2025-04-01,34,686,343,7
USG-0d526d6d,CUST-16de82b8,2025-05-01,36,1472,368,5
USG-c3b99573,CUST-16de82b8,2025-06-01,35,1059,353,4
USG-f1918650,CUST-16de82b8,2025-07-01,28,1156,289,5
USG-b4dc6822,CUST-16de82b8,2025-08-01,28,280,280,2
USG-312df544,CUST-16de82b8,2025-09-01,35,356,356,2
USG-bf0a1a38,CUST-16de82b8,2025-10-01,39,392,392,7
USG-756a4f25,CUST-16de82b8,2025-11-01,31,624,312,3
USG-4660efab,CUST-16de82b8,2025-12-01,31,945,315,4
USG-cea3e86e,CUST-16de82b8,2026-01-01,29,897,299,5
USG-736aa72c,CUST-16de82b8,2026-02-01,41,2055,411,6
USG-4a61efab,CUST-16de82b8,2026-03-01,28,1440,288,10
USG-ef1185d1,CUST-16de82b8,2026-04-01,36,1820,364,2
USG-8a49c9db,CUST-e2a77980,2025-11-01,34,1740,348,6
USG-248915f1,CUST-e2a77980,2025-12-01,38,386,386,8
USG-90b91f2b,CUST-e2a77980,2026-01-01,35,1053,351,5
USG-614169a2,CUST-e2a77980,2026-02-01,38,1552,388,10
USG-ca99ed9c,CUST-e2a77980,2026-03-01,34,345,345,4
USG-a259c823,CUST-e2a77980,2026-04-01,30,1530,306,5
USG-e78cbc63,CUST-2eac505c,2024-09-01,33,668,334,1
USG-9c90118f,CUST-2eac505c,2024-10-01,33,1008,336,10
USG-ee8390b1,CUST-2eac505c,2024-11-01,25,1285,257,1
USG-91ff91da,CUST-2eac505c,2024-12-01,29,295,295,1
USG-fcbd69fe,CUST-2eac505c,2025-01-01,33,1336,334,10
USG-2f9f7450,CUST-2eac505c,2025-02-01,26,1315,263,9
USG-043b6f13,CUST-2eac505c,2025-03-01,23,1180,236,4
USG-07da1867,CUST-2eac505c,2025-04-01,24,494,247,2
USG-b48582d0,CUST-2eac505c,2025-05-01,27,1355,271,3
USG-1c165590,CUST-2eac505c,2025-06-01,27,1080,270,5
USG-66588666,CUST-2eac505c,2025-07-01,22,456,228,1
USG-3e9e7814,CUST-2eac505c,2025-08-01,27,276,276,6
USG-3ae12212,CUST-2eac505c,2025-09-01,29,1450,290,10
USG-1239d8f1,CUST-2eac505c,2025-10-01,22,916,229,5
USG-ce8b5721,CUST-2eac505c,2025-11-01,22,228,228,1
USG-b8e4e48d,CUST-2eac505c,2025-12-01,26,268,268,1
USG-3aef169a,CUST-2eac505c,2026-01-01,29,1164,291,10
USG-f34abde4,CUST-2eac505c,2026-02-01,26,268,268,1
USG-0d02221b,CUST-2eac505c,2026-03-01,1,10,2,3
USG-c6393b9f,CUST-2eac505c,2026-04-01,1,0,0,7
USG-8601988b,CUST-3f3c783a,2025-08-01,15,628,157,5
USG-bd87b465,CUST-3f3c783a,2025-09-01,18,549,183,6
USG-4712bb74,CUST-3f3c783a,2025-10-01,19,386,193,10
USG-244c5f0f,CUST-3f3c783a,2025-11-01,15,775,155,6
USG-71e9f2d8,CUST-3f3c783a,2025-12-01,20,816,204,7
USG-77cb5cd7,CUST-3f3c783a,2026-01-01,19,582,194,5
USG-df20dba3,CUST-3f3c783a,2026-02-01,20,410,205,5
USG-03afde89,CUST-3f3c783a,2026-03-01,20,1035,207,2
USG-d1c8ff7f,CUST-3f3c783a,2026-04-01,19,792,198,9
USG-41243c8b,CUST-00f7a941,2025-03-01,29,291,291,1
USG-030d7aae,CUST-00f7a941,2025-04-01,28,1430,286,7
USG-d3d0d9b9,CUST-00f7a941,2025-05-01,34,694,347,3
USG-70e80ba4,CUST-00f7a941,2025-06-01,23,1190,238,8
USG-f1ab7778,CUST-00f7a941,2025-07-01,23,472,236,1
USG-a429fd62,CUST-00f7a941,2025-08-01,28,1440,288,2
USG-11fd6577,CUST-00f7a941,2025-09-01,28,1140,285,3
USG-91f16bdc,CUST-00f7a941,2025-10-01,26,520,260,6
USG-e873ee73,CUST-00f7a941,2025-11-01,27,1350,270,9
USG-48aac83b,CUST-00f7a941,2025-12-01,24,1225,245,2
USG-19d2d087,CUST-00f7a941,2026-01-01,25,1004,251,8
USG-376f0392,CUST-00f7a941,2026-02-01,28,840,280,2
USG-a264154f,CUST-00f7a941,2026-03-01,1,4,4,8
USG-6c04cb34,CUST-00f7a941,2026-04-01,1,12,4,5
USG-8b058dd2,CUST-50b81a0f,2025-08-01,6,264,66,7
USG-b13e1d77,CUST-50b81a0f,2025-09-01,8,82,82,1
USG-d05d8bec,CUST-50b81a0f,2025-10-01,6,132,66,6
USG-71171b4f,CUST-50b81a0f,2025-11-01,7,308,77,6
USG-bbfc1c0a,CUST-50b81a0f,2025-12-01,7,146,73,6
USG-3045c58a,CUST-50b81a0f,2026-01-01,6,198,66,9
USG-64251c21,CUST-50b81a0f,2026-02-01,6,272,68,10
USG-a694257b,CUST-50b81a0f,2026-03-01,7,234,78,2
USG-569a6e0f,CUST-50b81a0f,2026-04-01,7,76,76,5
USG-94ba622e,CUST-d72429e4,2025-10-01,34,1725,345,1
USG-3f4a5d76,CUST-d72429e4,2025-11-01,36,360,360,5
USG-ada9285e,CUST-d72429e4,2025-12-01,24,1225,245,1
USG-b056cf93,CUST-d72429e4,2026-01-01,28,846,282,5
USG-92d8ef3d,CUST-d72429e4,2026-02-01,34,1384,346,3
USG-4fd1974a,CUST-d72429e4,2026-03-01,32,963,321,3
USG-7ee4fc9a,CUST-d72429e4,2026-04-01,34,1368,342,6
USG-558a2f42,CUST-002c5a55,2024-09-01,13,690,138,8
USG-b2dd5574,CUST-002c5a55,2024-10-01,15,306,153,10
USG-8d601528,CUST-002c5a55,2024-11-01,16,161,161,8
USG-52132cdb,CUST-002c5a55,2024-12-01,15,628,157,7
USG-b5d0aa63,CUST-002c5a55,2025-01-01,13,270,135,5
USG-81650e6a,CUST-002c5a55,2025-02-01,14,286,143,1
USG-30d661f0,CUST-002c5a55,2025-03-01,16,322,161,2
USG-24df9cc3,CUST-002c5a55,2025-04-01,15,462,154,8
USG-f8ed2b7d,CUST-002c5a55,2025-05-01,14,560,140,1
USG-af086834,CUST-002c5a55,2025-06-01,13,390,130,9
USG-7bcf02eb,CUST-002c5a55,2025-07-01,11,224,112,5
USG-6089ec35,CUST-002c5a55,2025-08-01,12,128,128,8
USG-30a60693,CUST-002c5a55,2025-09-01,13,264,132,7
USG-1293325c,CUST-002c5a55,2025-10-01,12,120,120,10
USG-b95fe387,CUST-002c5a55,2025-11-01,13,655,131,1
USG-c03a46fa,CUST-002c5a55,2025-12-01,15,780,156,3
USG-cb07996a,CUST-002c5a55,2026-01-01,16,648,162,2
USG-a5390190,CUST-002c5a55,2026-02-01,15,600,150,7
USG-8a210f2f,CUST-002c5a55,2026-03-01,11,590,118,4
USG-42512f40,CUST-002c5a55,2026-04-01,12,512,128,1
USG-c1f4ab05,CUST-0e113f52,2026-04-01,5,208,52,3
USG-c2109e02,CUST-f458a803,2025-07-01,43,1302,434,9
USG-921a0991,CUST-f458a803,2025-08-01,37,742,371,3
USG-346a4e5a,CUST-f458a803,2025-09-01,50,2004,501,2
USG-7b1cde77,CUST-f458a803,2025-10-01,39,1179,393,3
USG-caa1b759,CUST-f458a803,2025-11-01,50,507,507,2
USG-b4fed891,CUST-f458a803,2025-12-01,47,2395,479,3
USG-dda346a9,CUST-f458a803,2026-01-01,39,794,397,1
USG-727df7f3,CUST-f458a803,2026-02-01,36,1104,368,4
USG-1d8047cb,CUST-f458a803,2026-03-01,36,1464,366,8
USG-d2a590d6,CUST-f458a803,2026-04-01,49,491,491,8
USG-a2565ed1,CUST-6dde2ce4,2025-02-01,5,177,59,4
USG-d026bb50,CUST-6dde2ce4,2025-03-01,5,51,51,6
USG-a9222fc6,CUST-6dde2ce4,2025-04-01,5,275,55,4
USG-4f857793,CUST-6dde2ce4,2025-05-01,5,212,53,3
USG-36fcbf84,CUST-6dde2ce4,2025-06-01,6,340,68,8
USG-afba9d41,CUST-6dde2ce4,2025-07-01,5,54,54,9
USG-707fbcea,CUST-6dde2ce4,2025-08-01,5,104,52,4
USG-5b848d69,CUST-6dde2ce4,2025-09-01,5,275,55,3
USG-e51876d1,CUST-6dde2ce4,2025-10-01,4,96,48,10
USG-fd8b76a9,CUST-6dde2ce4,2025-11-01,5,168,56,9
USG-856bb83b,CUST-6dde2ce4,2025-12-01,5,57,57,7
USG-da5a7f05,CUST-6dde2ce4,2026-01-01,5,275,55,4
USG-74661463,CUST-6dde2ce4,2026-02-01,6,126,63,3
USG-84f5c938,CUST-6dde2ce4,2026-03-01,5,200,50,9
USG-fe42d4e9,CUST-6dde2ce4,2026-04-01,6,310,62,1
USG-c9347fdb,CUST-583c9016,2026-02-01,19,990,198,3
USG-cb5b7958,CUST-583c9016,2026-03-01,1,0,0,6
USG-68f43fcd,CUST-583c9016,2026-04-01,1,9,3,2
USG-626746c9,CUST-d6f7d2a0,2025-11-01,40,1200,400,2
USG-07fbe7e1,CUST-d6f7d2a0,2025-12-01,40,2040,408,9
USG-ca545eb8,CUST-d6f7d2a0,2026-01-01,41,820,410,5
USG-6614aba7,CUST-d6f7d2a0,2026-02-01,37,378,378,8
USG-8a401814,CUST-d6f7d2a0,2026-03-01,1,4,4,10
USG-32a8ac2f,CUST-d6f7d2a0,2026-04-01,1,6,2,6
USG-accb44d3,CUST-1d8f9187,2024-11-01,31,1256,314,7
USG-6ab40e9c,CUST-1d8f9187,2024-12-01,36,1815,363,7
USG-1482bbd0,CUST-1d8f9187,2025-01-01,28,570,285,7
USG-e42f89be,CUST-1d8f9187,2025-02-01,32,325,325,2
USG-1707e379,CUST-1d8f9187,2025-03-01,33,660,330,1
USG-94b8d542,CUST-1d8f9187,2025-04-01,29,885,295,8
USG-a874ade9,CUST-1d8f9187,2025-05-01,35,357,357,8
USG-681dc725,CUST-1d8f9187,2025-06-01,31,930,310,10
USG-5ddcfb00,CUST-1d8f9187,2025-07-01,36,722,361,4
USG-3b4a3923,CUST-1d8f9187,2025-08-01,39,397,397,3
USG-02042e18,CUST-1d8f9187,2025-09-01,29,580,290,3
USG-25419d7e,CUST-1d8f9187,2025-10-01,29,1184,296,2
USG-eec9ba76,CUST-1d8f9187,2025-11-01,31,1276,319,5
USG-add6aee4,CUST-1d8f9187,2025-12-01,29,590,295,4
USG-aad0016a,CUST-1d8f9187,2026-01-01,36,1089,363,2
USG-22e9b2bb,CUST-1d8f9187,2026-02-01,37,1865,373,10
USG-2dcf4658,CUST-1d8f9187,2026-03-01,32,650,325,2
USG-390e385f,CUST-1d8f9187,2026-04-01,27,822,274,3
USG-8601f1b0,CUST-3ee22b5c,2024-09-01,59,1194,597,8
USG-415300c6,CUST-3ee22b5c,2024-10-01,55,550,550,10
USG-7cf8f8b1,CUST-3ee22b5c,2024-11-01,58,2930,586,4
USG-0947b881,CUST-3ee22b5c,2024-12-01,54,2180,545,8
USG-23ac8ee5,CUST-3ee22b5c,2025-01-01,48,1455,485,3
USG-1dc68f4e,CUST-3ee22b5c,2025-02-01,40,409,409,2
USG-0bf8289c,CUST-3ee22b5c,2025-03-01,49,998,499,2
USG-4bc9d312,CUST-3ee22b5c,2025-04-01,40,408,408,10
USG-0d65e4a7,CUST-3ee22b5c,2025-05-01,57,573,573,5
USG-73e1fe00,CUST-3ee22b5c,2025-06-01,47,478,478,6
USG-f47519d2,CUST-3ee22b5c,2025-07-01,43,437,437,5
USG-b627b03c,CUST-3ee22b5c,2025-08-01,51,2068,517,7
USG-6e1eb651,CUST-3ee22b5c,2025-09-01,50,2024,506,6
USG-f367875b,CUST-3ee22b5c,2025-10-01,41,834,417,9
USG-0b633f63,CUST-3ee22b5c,2025-11-01,56,1704,568,4
USG-45081eb9,CUST-3ee22b5c,2025-12-01,49,988,494,3
USG-7cdaf31d,CUST-3ee22b5c,2026-01-01,49,2455,491,4
USG-7d69047a,CUST-3ee22b5c,2026-02-01,56,1130,565,10
USG-060fe0f6,CUST-3ee22b5c,2026-03-01,40,1203,401,4
USG-89eadca8,CUST-3ee22b5c,2026-04-01,43,1308,436,9
USG-f6df5716,CUST-5a84f77e,2026-02-01,29,293,293,8
USG-096f95cb,CUST-5a84f77e,2026-03-01,31,1276,319,10
USG-6c0fc915,CUST-5a84f77e,2026-04-01,32,1296,324,6
USG-916a088a,CUST-e902c373,2025-10-01,24,972,243,6
USG-f3de25bf,CUST-e902c373,2025-11-01,22,1135,227,6
USG-1c8a08bd,CUST-e902c373,2025-12-01,29,582,291,9
USG-cc1b48bb,CUST-e902c373,2026-01-01,25,756,252,7
USG-a635b07b,CUST-e902c373,2026-02-01,22,220,220,3
USG-724bd5b8,CUST-e902c373,2026-03-01,28,846,282,6
USG-649c559d,CUST-e902c373,2026-04-01,26,792,264,8
USG-82473aa0,CUST-24e4a87d,2025-05-01,14,147,147,2
USG-87765549,CUST-24e4a87d,2025-06-01,13,685,137,5
USG-bc58d341,CUST-24e4a87d,2025-07-01,15,612,153,9
USG-e0b72dfa,CUST-24e4a87d,2025-08-01,15,153,153,9
USG-4f5326d1,CUST-24e4a87d,2025-09-01,12,246,123,4
USG-0ff84a3c,CUST-24e4a87d,2025-10-01,15,453,151,5
USG-22306e1c,CUST-24e4a87d,2025-11-01,15,450,150,5
USG-19e6763c,CUST-24e4a87d,2025-12-01,14,420,140,9
USG-d9b79b00,CUST-24e4a87d,2026-01-01,13,393,131,7
USG-efaf7940,CUST-24e4a87d,2026-02-01,15,474,158,5
USG-2eb4f355,CUST-24e4a87d,2026-03-01,16,169,169,5
USG-eeb6add1,CUST-24e4a87d,2026-04-01,12,372,124,8
USG-bf24883b,CUST-ab8797cd,2025-12-01,8,420,84,2
USG-878fe2b5,CUST-ab8797cd,2026-01-01,7,292,73,1
USG-9951387b,CUST-ab8797cd,2026-02-01,8,160,80,4
USG-270bc33e,CUST-ab8797cd,2026-03-01,9,90,90,5
USG-6a7c7222,CUST-ab8797cd,2026-04-01,7,360,72,3
USG-ce3a2a28,CUST-12b7f8ea,2026-03-01,22,675,225,7
USG-eb6ef5e3,CUST-12b7f8ea,2026-04-01,19,396,198,4
USG-577e62ac,CUST-665ab41c,2024-06-01,40,1200,400,5
USG-4edbd3ed,CUST-665ab41c,2024-07-01,36,728,364,6
USG-8de0ca9c,CUST-665ab41c,2024-08-01,41,419,419,4
USG-ac356890,CUST-665ab41c,2024-09-01,37,375,375,7
USG-dce813b4,CUST-665ab41c,2024-10-01,43,1720,430,4
USG-02fc4a4d,CUST-665ab41c,2024-11-01,31,1585,317,8
USG-d9bea2db,CUST-665ab41c,2024-12-01,39,788,394,10
USG-e468549e,CUST-665ab41c,2025-01-01,40,804,402,5
USG-a437eda8,CUST-665ab41c,2025-02-01,36,1476,369,3
USG-9af168b2,CUST-665ab41c,2025-03-01,31,1260,315,6
USG-fe9fbb65,CUST-665ab41c,2025-04-01,45,914,457,10
USG-54178825,CUST-665ab41c,2025-05-01,32,1625,325,2
USG-a250efc0,CUST-665ab41c,2025-06-01,42,2125,425,4
USG-788c68b2,CUST-665ab41c,2025-07-01,39,784,392,9
USG-5b9c5c95,CUST-665ab41c,2025-08-01,45,2255,451,2
USG-e7eb2868,CUST-665ab41c,2025-09-01,38,772,386,6
USG-78b265e0,CUST-665ab41c,2025-10-01,31,620,310,10
USG-3aa568fc,CUST-665ab41c,2025-11-01,38,1925,385,6
USG-933039d1,CUST-665ab41c,2025-12-01,36,1080,360,1
USG-1b4717c2,CUST-665ab41c,2026-01-01,36,368,368,6
USG-002fd323,CUST-665ab41c,2026-02-01,32,322,322,5
USG-2d32f432,CUST-665ab41c,2026-03-01,37,1484,371,9
USG-de05a18f,CUST-665ab41c,2026-04-01,35,1436,359,3
USG-dbe6eca6,CUST-051bbe6e,2025-03-01,4,180,45,3
USG-54a3aee3,CUST-051bbe6e,2025-04-01,4,98,49,5
USG-c4fcd01d,CUST-051bbe6e,2025-05-01,4,205,41,2
USG-6e80b162,CUST-051bbe6e,2025-06-01,5,162,54,5
USG-c52928c4,CUST-051bbe6e,2025-07-01,5,208,52,6
USG-6ea3267c,CUST-051bbe6e,2025-08-01,3,114,38,10
USG-d340bf95,CUST-051bbe6e,2025-09-01,4,141,47,4
USG-f1f6fec9,CUST-051bbe6e,2025-10-01,4,48,48,5
USG-1324b91e,CUST-051bbe6e,2025-11-01,4,82,41,4
USG-632429c1,CUST-051bbe6e,2025-12-01,4,138,46,6
USG-f6165f8f,CUST-051bbe6e,2026-01-01,4,42,42,2
USG-1b6dff33,CUST-051bbe6e,2026-02-01,3,78,39,3
USG-de6ec7d4,CUST-051bbe6e,2026-03-01,1,0,0,9
USG-71eeb756,CUST-051bbe6e,2026-04-01,1,25,5,5
USG-643df992,CUST-3cf4e609,2025-10-01,24,248,248,3
USG-f7e714fd,CUST-3cf4e609,2025-11-01,35,1053,351,10
USG-f15109ed,CUST-3cf4e609,2025-12-01,26,1325,265,10
USG-278bb65d,CUST-3cf4e609,2026-01-01,29,596,298,1
USG-0f8e50b6,CUST-3cf4e609,2026-02-01,35,708,354,3
USG-6e3d77c8,CUST-3cf4e609,2026-03-01,25,254,254,3
USG-bb028800,CUST-3cf4e609,2026-04-01,32,963,321,2
USG-fbaf28af,CUST-c094c78f,2026-02-01,42,1692,423,10
USG-2ad1cc62,CUST-c094c78f,2026-03-01,41,1652,413,9
USG-c6a75b8a,CUST-c094c78f,2026-04-01,37,1865,373,3
USG-2a44ad39,CUST-2da09d3b,2025-08-01,25,1008,252,8
USG-49ca86c2,CUST-2da09d3b,2025-09-01,26,267,267,1
USG-5408b84f,CUST-2da09d3b,2025-10-01,30,1212,303,8
USG-3a4896f5,CUST-2da09d3b,2025-11-01,25,777,259,10
USG-ae2b2e9f,CUST-2da09d3b,2025-12-01,31,620,310,6
USG-cba914b7,CUST-2da09d3b,2026-01-01,31,1555,311,6
USG-4b27ecd8,CUST-2da09d3b,2026-02-01,30,302,302,3
USG-38e45231,CUST-2da09d3b,2026-03-01,24,732,244,6
USG-f4d408a8,CUST-2da09d3b,2026-04-01,34,340,340,2
USG-24717f5e,CUST-67e9cec6,2025-10-01,8,258,86,4
USG-cc93d24e,CUST-67e9cec6,2025-11-01,8,267,89,7
USG-181f8f1d,CUST-67e9cec6,2025-12-01,8,178,89,8
USG-22aef7cd,CUST-67e9cec6,2026-01-01,7,300,75,6
USG-a7fcc7af,CUST-67e9cec6,2026-02-01,10,321,107,5
USG-699f574b,CUST-67e9cec6,2026-03-01,7,74,74,5
USG-e0a8405e,CUST-67e9cec6,2026-04-01,9,184,92,2
USG-e3ff471b,CUST-67483be3,2025-02-01,4,147,49,6
USG-73e5e8b5,CUST-67483be3,2025-03-01,5,220,55,3
USG-31ca3b47,CUST-67483be3,2025-04-01,3,111,37,6
USG-eb0a751c,CUST-67483be3,2025-05-01,4,86,43,3
USG-c1f608b8,CUST-67483be3,2025-06-01,3,195,39,6
USG-abf191fb,CUST-67483be3,2025-07-01,5,162,54,6
USG-6cd6664d,CUST-67483be3,2025-08-01,3,148,37,10
USG-0856f11b,CUST-67483be3,2025-09-01,4,126,42,1
USG-50be284e,CUST-67483be3,2025-10-01,4,220,44,4
USG-5cc18bc9,CUST-67483be3,2025-11-01,5,51,51,8
USG-846c1f47,CUST-67483be3,2025-12-01,4,200,40,9
USG-4992576a,CUST-67483be3,2026-01-01,4,210,42,10
USG-9389d794,CUST-67483be3,2026-02-01,4,205,41,3
USG-6e3459a7,CUST-67483be3,2026-03-01,5,260,52,9
USG-dc49b732,CUST-67483be3,2026-04-01,5,204,51,7
USG-11c12be6,CUST-8cca6b6d,2024-05-01,27,276,276,2
USG-3b51d84b,CUST-8cca6b6d,2024-06-01,21,651,217,3
USG-3b524259,CUST-8cca6b6d,2024-07-01,27,813,271,5
USG-33cd5790,CUST-8cca6b6d,2024-08-01,29,293,293,6
USG-5bb89572,CUST-8cca6b6d,2024-09-01,23,466,233,7
USG-5e7e78d4,CUST-8cca6b6d,2024-10-01,22,675,225,2
USG-5ffbefb8,CUST-8cca6b6d,2024-11-01,26,520,260,8
USG-43509bdd,CUST-8cca6b6d,2024-12-01,21,432,216,8
USG-dd18af49,CUST-8cca6b6d,2025-01-01,31,624,312,1
USG-35edeccd,CUST-8cca6b6d,2025-02-01,21,657,219,1
USG-69d1128f,CUST-8cca6b6d,2025-03-01,23,1170,234,5
USG-de0226be,CUST-8cca6b6d,2025-04-01,30,300,300,8
USG-65a5b93c,CUST-8cca6b6d,2025-05-01,27,550,275,10
USG-926ce4cb,CUST-8cca6b6d,2025-06-01,31,1244,311,9
USG-30e9d0cd,CUST-8cca6b6d,2025-07-01,26,269,269,1
USG-2dd61524,CUST-8cca6b6d,2025-08-01,31,1570,314,6
USG-a3ac0c5b,CUST-8cca6b6d,2025-09-01,27,831,277,10
USG-0285676c,CUST-8cca6b6d,2025-10-01,21,651,217,5
USG-5b964286,CUST-8cca6b6d,2025-11-01,23,696,232,9
USG-09133532,CUST-8cca6b6d,2025-12-01,29,1475,295,5
USG-6c671cdb,CUST-8cca6b6d,2026-01-01,28,846,282,2
USG-b3eb83b7,CUST-8cca6b6d,2026-02-01,29,1184,296,2
USG-17aaf394,CUST-8cca6b6d,2026-03-01,24,1210,242,9
USG-b946add6,CUST-8cca6b6d,2026-04-01,26,1320,264,6
USG-c81dd3d3,CUST-f080fb6f,2024-06-01,49,1479,493,7
USG-7eae7da6,CUST-f080fb6f,2024-07-01,46,924,462,3
USG-ca59bf44,CUST-f080fb6f,2024-08-01,45,918,459,8
USG-0af91fe0,CUST-f080fb6f,2024-09-01,46,2330,466,1
USG-920ef459,CUST-f080fb6f,2024-10-01,46,1860,465,9
USG-d96a61cf,CUST-f080fb6f,2024-11-01,44,447,447,5
USG-3738bccc,CUST-f080fb6f,2024-12-01,47,1912,478,4
USG-66b17943,CUST-f080fb6f,2025-01-01,39,1975,395,10
USG-598a5b6b,CUST-f080fb6f,2025-02-01,40,2045,409,2
USG-8bdbde44,CUST-f080fb6f,2025-03-01,40,1224,408,10
USG-e3bbd703,CUST-f080fb6f,2025-04-01,38,1935,387,5
USG-267b0d16,CUST-f080fb6f,2025-05-01,37,1512,378,8
USG-7288f691,CUST-f080fb6f,2025-06-01,49,1996,499,5
USG-788b024e,CUST-f080fb6f,2025-07-01,37,1116,372,4
USG-835d5ab5,CUST-f080fb6f,2025-08-01,49,1476,492,7
USG-9e00b7f4,CUST-f080fb6f,2025-09-01,48,1936,484,9
USG-c93fe0fb,CUST-f080fb6f,2025-10-01,41,1660,415,4
USG-9752c52f,CUST-f080fb6f,2025-11-01,47,475,475,7
USG-88d3b4a8,CUST-f080fb6f,2025-12-01,40,1624,406,2
USG-e9016116,CUST-f080fb6f,2026-01-01,47,470,470,2
USG-94c68306,CUST-f080fb6f,2026-02-01,52,2620,524,6
USG-14d7c3b5,CUST-f080fb6f,2026-03-01,1,12,4,3
USG-e51dab15,CUST-f080fb6f,2026-04-01,1,2,2,8
USG-8cccc20e,CUST-f7b14f6c,2025-02-01,6,272,68,5
USG-9524a29e,CUST-f7b14f6c,2025-03-01,6,138,69,6
USG-f2d02d63,CUST-f7b14f6c,2025-04-01,6,134,67,5
USG-e31552c1,CUST-f7b14f6c,2025-05-01,7,152,76,3
USG-0b6a6acf,CUST-f7b14f6c,2025-06-01,6,65,65,2
USG-b4d6261b,CUST-f7b14f6c,2025-07-01,7,79,79,3
USG-8af017a6,CUST-f7b14f6c,2025-08-01,7,370,74,9
USG-4b634e36,CUST-f7b14f6c,2025-09-01,6,61,61,5
USG-7d13610e,CUST-f7b14f6c,2025-10-01,7,72,72,5
USG-3250d821,CUST-f7b14f6c,2025-11-01,5,58,58,2
USG-1bd42a6f,CUST-f7b14f6c,2025-12-01,7,76,76,2
USG-158656a6,CUST-f7b14f6c,2026-01-01,7,222,74,8
USG-13880dee,CUST-f7b14f6c,2026-02-01,6,315,63,2
USG-eb229a75,CUST-f7b14f6c,2026-03-01,8,332,83,10
USG-a64de217,CUST-f7b14f6c,2026-04-01,6,340,68,5
USG-c115cd64,CUST-99ffcd3c,2025-09-01,39,1970,394,1
USG-e81bc67c,CUST-99ffcd3c,2025-10-01,40,404,404,3
USG-b3e829d5,CUST-99ffcd3c,2025-11-01,41,2090,418,3
USG-61e6a8b4,CUST-99ffcd3c,2025-12-01,41,1676,419,1
USG-e94980a6,CUST-99ffcd3c,2026-01-01,46,464,464,8
USG-38831345,CUST-99ffcd3c,2026-02-01,37,756,378,8
USG-f9d15c13,CUST-99ffcd3c,2026-03-01,46,1398,466,8
USG-377a070c,CUST-99ffcd3c,2026-04-01,42,840,420,7
USG-12869f8d,CUST-09887606,2024-08-01,33,1002,334,5
USG-f6cbecb3,CUST-09887606,2024-09-01,31,954,318,8
USG-e270230e,CUST-09887606,2024-10-01,30,600,300,7
USG-89deeb73,CUST-09887606,2024-11-01,38,383,383,6
USG-9000b449,CUST-09887606,2024-12-01,41,1236,412,7
USG-d51ad43d,CUST-09887606,2025-01-01,35,1755,351,3
USG-fe3b83aa,CUST-09887606,2025-02-01,42,426,426,8
USG-93780406,CUST-09887606,2025-03-01,40,810,405,10
USG-0edf4a96,CUST-09887606,2025-04-01,35,718,359,4
USG-efc5ca47,CUST-09887606,2025-05-01,39,1970,394,8
USG-2b8c9c34,CUST-09887606,2025-06-01,43,2170,434,7
USG-8f1617ed,CUST-09887606,2025-07-01,42,858,429,4
USG-b352f4ef,CUST-09887606,2025-08-01,41,1236,412,5
USG-1b8b0f46,CUST-09887606,2025-09-01,34,1715,343,8
USG-5d3be080,CUST-09887606,2025-10-01,43,430,430,9
USG-8d78f338,CUST-09887606,2025-11-01,31,317,317,4
USG-35a5ffba,CUST-09887606,2025-12-01,43,1293,431,7
USG-3be1fbc5,CUST-09887606,2026-01-01,39,1970,394,9
USG-4ba1102b,CUST-09887606,2026-02-01,29,596,298,9
USG-4c531678,CUST-09887606,2026-03-01,1,6,2,1
USG-26dad53a,CUST-09887606,2026-04-01,1,4,1,9
USG-49427e8d,CUST-0ed81a6a,2024-05-01,10,216,108,7
USG-3909e826,CUST-0ed81a6a,2024-06-01,11,342,114,10
USG-d73425ec,CUST-0ed81a6a,2024-07-01,12,129,129,5
USG-86e6885a,CUST-0ed81a6a,2024-08-01,12,500,125,10
USG-4b3810ed,CUST-0ed81a6a,2024-09-01,9,276,92,8
USG-ccc46e1a,CUST-0ed81a6a,2024-10-01,10,312,104,4
USG-0239493a,CUST-0ed81a6a,2024-11-01,12,645,129,3
USG-1d8b10e5,CUST-0ed81a6a,2024-12-01,10,107,107,7
USG-841de4d4,CUST-0ed81a6a,2025-01-01,9,450,90,3
USG-e39e7f4e,CUST-0ed81a6a,2025-02-01,10,500,100,3
USG-b56f8f10,CUST-0ed81a6a,2025-03-01,9,90,90,1
USG-51fa0f89,CUST-0ed81a6a,2025-04-01,12,240,120,10
USG-5321f753,CUST-0ed81a6a,2025-05-01,11,110,110,7
USG-3b4ac1ea,CUST-0ed81a6a,2025-06-01,11,590,118,3
USG-359514f3,CUST-0ed81a6a,2025-07-01,11,468,117,6
USG-aa4de416,CUST-0ed81a6a,2025-08-01,11,234,117,1
USG-5be1b4ae,CUST-0ed81a6a,2025-09-01,11,232,116,3
USG-7041e84f,CUST-0ed81a6a,2025-10-01,13,132,132,3
USG-a32426db,CUST-0ed81a6a,2025-11-01,11,112,112,7
USG-c6286049,CUST-0ed81a6a,2025-12-01,11,234,117,6
USG-6d08afd8,CUST-0ed81a6a,2026-01-01,12,252,126,3
USG-5570dac6,CUST-0ed81a6a,2026-02-01,12,242,121,4
USG-b29660d8,CUST-0ed81a6a,2026-03-01,1,4,1,3
USG-4de1838b,CUST-0ed81a6a,2026-04-01,1,3,1,5
USG-ce927fba,CUST-8814fd1f,2025-10-01,7,288,72,1
USG-49c34cc0,CUST-8814fd1f,2025-11-01,8,400,80,9
USG-879ffb70,CUST-8814fd1f,2025-12-01,9,93,93,5
USG-8796de54,CUST-8814fd1f,2026-01-01,8,440,88,10
USG-0549f9d6,CUST-8814fd1f,2026-02-01,7,144,72,3
USG-9850fd67,CUST-8814fd1f,2026-03-01,7,140,70,3
USG-e5cbb234,CUST-8814fd1f,2026-04-01,6,207,69,7
USG-760a30c9,CUST-8814fd1f,2026-05-01,8,352,88,2
USG-32d126b7,CUST-483c60f8,2024-06-01,32,1312,328,2
USG-3949a833,CUST-483c60f8,2024-07-01,26,260,260,9
USG-421f8dbf,CUST-483c60f8,2024-08-01,30,610,305,2
USG-67adf96e,CUST-483c60f8,2024-09-01,28,568,284,8
USG-1991fac0,CUST-483c60f8,2024-10-01,37,1119,373,3
USG-9579a560,CUST-483c60f8,2024-11-01,26,792,264,6
USG-d8b3aa4d,CUST-483c60f8,2024-12-01,33,1014,338,5
USG-3516842d,CUST-483c60f8,2025-01-01,31,622,311,8
USG-9bcad606,CUST-483c60f8,2025-02-01,25,257,257,5
USG-b5743081,CUST-483c60f8,2025-03-01,38,1900,380,10
USG-2ca52cf5,CUST-483c60f8,2025-04-01,38,1140,380,5
USG-0a95f62f,CUST-483c60f8,2025-05-01,27,550,275,6
USG-edb0ed6f,CUST-483c60f8,2025-06-01,33,1328,332,4
USG-408d5108,CUST-483c60f8,2025-07-01,25,1032,258,5
USG-9da4b44c,CUST-483c60f8,2025-08-01,31,957,319,1
USG-021cbc4b,CUST-483c60f8,2025-09-01,32,1284,321,5
USG-0b836b00,CUST-483c60f8,2025-10-01,36,724,362,1
USG-5a011e97,CUST-483c60f8,2025-11-01,35,350,350,7
USG-e2ea1e27,CUST-483c60f8,2025-12-01,33,1690,338,4
USG-d55704e4,CUST-483c60f8,2026-01-01,25,1016,254,8
USG-4feb994b,CUST-483c60f8,2026-02-01,28,1140,285,7
USG-7be71fd9,CUST-483c60f8,2026-03-01,31,945,315,9
USG-bda6d2ef,CUST-483c60f8,2026-04-01,29,1495,299,8
USG-cee0dea3,CUST-483c60f8,2026-05-01,36,369,369,6
USG-04007d4e,CUST-b4d2d6e4,2025-01-01,28,564,282,4
USG-cda34bb4,CUST-b4d2d6e4,2025-02-01,23,464,232,9
USG-89c01d9b,CUST-b4d2d6e4,2025-03-01,22,1100,220,1
USG-0666af3a,CUST-b4d2d6e4,2025-04-01,21,1085,217,10
USG-75cb437b,CUST-b4d2d6e4,2025-05-01,29,870,290,1
USG-d2973a14,CUST-b4d2d6e4,2025-06-01,23,1155,231,5
USG-be155191,CUST-b4d2d6e4,2025-07-01,26,1064,266,7
USG-46147c3a,CUST-b4d2d6e4,2025-08-01,27,1375,275,3
USG-4f4c3ecf,CUST-b4d2d6e4,2025-09-01,24,1225,245,2
USG-ceef1000,CUST-b4d2d6e4,2025-10-01,21,214,214,8
USG-812aeff6,CUST-b4d2d6e4,2025-11-01,25,1036,259,3
USG-4f37c215,CUST-b4d2d6e4,2025-12-01,22,227,227,10
USG-59e02006,CUST-b4d2d6e4,2026-01-01,27,834,278,3
USG-f2ce2ba9,CUST-b4d2d6e4,2026-02-01,21,430,215,8
USG-d1f8b59c,CUST-b4d2d6e4,2026-03-01,23,231,231,8
USG-681ebde2,CUST-b4d2d6e4,2026-04-01,27,1080,270,3
USG-f8b903d2,CUST-6998440a,2026-04-01,3,30,30,2
USG-37cda7a8,CUST-71ddaf9d,2026-01-01,6,195,65,6
USG-e4df26de,CUST-71ddaf9d,2026-02-01,7,288,72,8
USG-04cf99c2,CUST-71ddaf9d,2026-03-01,7,304,76,4
USG-9ebdb0ba,CUST-71ddaf9d,2026-04-01,6,63,63,7
USG-cfe9c20a,CUST-8aad30ab,2025-01-01,26,786,262,5
USG-929a35cb,CUST-8aad30ab,2025-02-01,26,1300,260,9
USG-30fbe3a7,CUST-8aad30ab,2025-03-01,24,248,248,8
USG-b6fd0c10,CUST-8aad30ab,2025-04-01,28,1140,285,8
USG-aed66637,CUST-8aad30ab,2025-05-01,25,1270,254,9
USG-6eb2d5d6,CUST-8aad30ab,2025-06-01,19,198,198,3
USG-41c04e84,CUST-8aad30ab,2025-07-01,28,1440,288,3
USG-331326d6,CUST-8aad30ab,2025-08-01,21,214,214,1
USG-2d074ea4,CUST-8aad30ab,2025-09-01,24,494,247,5
USG-9718c346,CUST-8aad30ab,2025-10-01,20,1025,205,8
USG-e45acbc9,CUST-8aad30ab,2025-11-01,27,271,271,6
USG-f307e0ae,CUST-8aad30ab,2025-12-01,26,262,262,4
USG-bb047f18,CUST-8aad30ab,2026-01-01,25,506,253,1
USG-1aee449e,CUST-8aad30ab,2026-02-01,26,536,268,9
USG-3dde1b39,CUST-8aad30ab,2026-03-01,28,284,284,4
USG-0627b988,CUST-8aad30ab,2026-04-01,26,798,266,4
USG-e96eda47,CUST-c4728ad9,2024-07-01,7,142,71,8
USG-e92965d5,CUST-c4728ad9,2024-08-01,6,68,68,3
USG-00e498b4,CUST-c4728ad9,2024-09-01,7,365,73,6
USG-137693a2,CUST-c4728ad9,2024-10-01,7,70,70,5
USG-c8d0c0da,CUST-c4728ad9,2024-11-01,6,320,64,9
USG-7857afdf,CUST-c4728ad9,2024-12-01,5,265,53,9
USG-ef1add82,CUST-c4728ad9,2025-01-01,6,186,62,10
USG-d809f6fc,CUST-c4728ad9,2025-02-01,7,355,71,8
USG-e3a47ee1,CUST-c4728ad9,2025-03-01,5,112,56,10
USG-976ace23,CUST-c4728ad9,2025-04-01,5,212,53,9
USG-74be9c89,CUST-c4728ad9,2025-05-01,5,255,51,3
USG-932d8c30,CUST-c4728ad9,2025-06-01,7,146,73,10
USG-1636ba0a,CUST-c4728ad9,2025-07-01,7,284,71,4
USG-a29a8d7c,CUST-c4728ad9,2025-08-01,7,72,72,1
USG-e83142ab,CUST-c4728ad9,2025-09-01,6,60,60,5
USG-089ce2bc,CUST-c4728ad9,2025-10-01,7,296,74,9
USG-7897ce5f,CUST-c4728ad9,2025-11-01,6,120,60,1
USG-9367460a,CUST-c4728ad9,2025-12-01,6,345,69,2
USG-ebcf7265,CUST-c4728ad9,2026-01-01,7,355,71,2
USG-0a4dda8f,CUST-c4728ad9,2026-02-01,7,219,73,9
USG-543ced75,CUST-c4728ad9,2026-03-01,6,60,60,8
USG-fa9be72a,CUST-c4728ad9,2026-04-01,6,330,66,9
USG-cfc50e1c,CUST-9b8f1b99,2025-07-01,37,1134,378,5
USG-b8ea65f7,CUST-9b8f1b99,2025-08-01,44,2220,444,2
USG-20791fe6,CUST-9b8f1b99,2025-09-01,33,999,333,2
USG-67e17868,CUST-9b8f1b99,2025-10-01,32,963,321,5
USG-abd94d16,CUST-9b8f1b99,2025-11-01,41,1676,419,3
USG-a55811b4,CUST-9b8f1b99,2025-12-01,36,1460,365,4
USG-e79597e8,CUST-9b8f1b99,2026-01-01,31,316,316,9
USG-6ef7288a,CUST-9b8f1b99,2026-02-01,43,2155,431,8
USG-9cb92fb5,CUST-9b8f1b99,2026-03-01,33,1675,335,5
USG-b87181e1,CUST-9b8f1b99,2026-04-01,34,682,341,1
USG-536aeab7,CUST-9b8f1b99,2026-05-01,33,1340,335,3
USG-5c24e89b,CUST-d5eb10ea,2026-02-01,27,831,277,3
USG-ccc95c7e,CUST-d5eb10ea,2026-03-01,21,654,218,3
USG-37388b1f,CUST-d5eb10ea,2026-04-01,25,512,256,4
USG-50cffc5f,CUST-b1b90856,2025-01-01,5,153,51,4
USG-7701ba97,CUST-b1b90856,2025-02-01,4,164,41,7
USG-b2a6f1aa,CUST-b1b90856,2025-03-01,5,106,53,9
USG-d7ea2ab4,CUST-b1b90856,2025-04-01,3,152,38,8
USG-34f63d24,CUST-b1b90856,2025-05-01,4,245,49,8
USG-895bd4f0,CUST-b1b90856,2025-06-01,3,152,38,8
USG-1ec98143,CUST-b1b90856,2025-07-01,3,185,37,9
USG-326ccce6,CUST-b1b90856,2025-08-01,4,192,48,1
USG-49a44fa5,CUST-b1b90856,2025-09-01,4,126,42,7
USG-038db8f0,CUST-b1b90856,2025-10-01,5,156,52,8
USG-4b91dcb4,CUST-b1b90856,2025-11-01,4,41,41,10
USG-2bb76045,CUST-b1b90856,2025-12-01,4,210,42,4
USG-1cd9077b,CUST-b1b90856,2026-01-01,4,200,40,7
USG-dad7b9cb,CUST-b1b90856,2026-02-01,5,250,50,9
USG-79ae425a,CUST-b1b90856,2026-03-01,4,176,44,5
USG-6df4ef3b,CUST-b1b90856,2026-04-01,4,196,49,3
USG-75e6eb92,CUST-d00ce93d,2025-03-01,27,275,275,8
USG-128fedd0,CUST-d00ce93d,2025-04-01,32,642,321,7
USG-50788eab,CUST-d00ce93d,2025-05-01,35,1074,358,4
USG-ab142d56,CUST-d00ce93d,2025-06-01,35,1785,357,1
USG-c152171b,CUST-d00ce93d,2025-07-01,37,1885,377,2
USG-20cddc4f,CUST-d00ce93d,2025-08-01,27,270,270,1
USG-96f978ed,CUST-d00ce93d,2025-09-01,26,1052,263,9
USG-2b8c6308,CUST-d00ce93d,2025-10-01,28,289,289,9
USG-98886bae,CUST-d00ce93d,2025-11-01,36,732,366,7
USG-ae42cf31,CUST-d00ce93d,2025-12-01,28,855,285,2
USG-b3347781,CUST-d00ce93d,2026-01-01,33,1340,335,1
USG-86acabf1,CUST-d00ce93d,2026-02-01,28,572,286,3
USG-e23fedf9,CUST-d00ce93d,2026-03-01,30,1500,300,2
USG-2adf08ac,CUST-d00ce93d,2026-04-01,34,680,340,10
USG-35bb8d14,CUST-c4e0d532,2025-06-01,30,1220,305,5
USG-15ced05b,CUST-c4e0d532,2025-07-01,37,1128,376,5
USG-298a00f6,CUST-c4e0d532,2025-08-01,37,1131,377,5
USG-2c21542e,CUST-c4e0d532,2025-09-01,39,1572,393,3
USG-0761a754,CUST-c4e0d532,2025-10-01,34,1388,347,10
USG-6dab917b,CUST-c4e0d532,2025-11-01,40,1206,402,5
USG-b538d066,CUST-c4e0d532,2025-12-01,39,1588,397,2
USG-993332b4,CUST-c4e0d532,2026-01-01,34,348,348,7
USG-0aa59305,CUST-c4e0d532,2026-02-01,41,2075,415,7
USG-2af80644,CUST-c4e0d532,2026-03-01,34,1735,347,5
USG-507a8652,CUST-c4e0d532,2026-04-01,30,301,301,7
USG-6b6c2a50,CUST-73c557ed,2024-12-01,6,252,63,10
USG-8a612f73,CUST-73c557ed,2025-01-01,8,168,84,4
USG-25ab2ff1,CUST-73c557ed,2025-02-01,6,69,69,9
USG-12870bfd,CUST-73c557ed,2025-03-01,6,300,60,4
USG-9210aae6,CUST-73c557ed,2025-04-01,8,410,82,8
USG-35bffe5f,CUST-73c557ed,2025-05-01,7,284,71,10
USG-4f9e269c,CUST-73c557ed,2025-06-01,5,57,57,3
USG-67b479f9,CUST-73c557ed,2025-07-01,7,71,71,3
USG-804bd027,CUST-73c557ed,2025-08-01,8,166,83,7
USG-26103309,CUST-73c557ed,2025-09-01,6,310,62,2
USG-1c40729a,CUST-73c557ed,2025-10-01,6,268,67,2
USG-0998c290,CUST-73c557ed,2025-11-01,5,228,57,3
USG-febe90d5,CUST-73c557ed,2025-12-01,6,183,61,2
USG-513fc447,CUST-73c557ed,2026-01-01,7,148,74,6
USG-7e58a91a,CUST-73c557ed,2026-02-01,6,340,68,5
USG-78ae88e3,CUST-73c557ed,2026-03-01,6,260,65,3
USG-d7b88fd8,CUST-73c557ed,2026-04-01,7,158,79,9
USG-5158249d,CUST-9a714ef8,2026-03-01,11,113,113,3
USG-39ea0b45,CUST-9a714ef8,2026-04-01,13,262,131,1
USG-c5b4b3b8,CUST-b87fc3b6,2025-09-01,2,56,28,1
USG-3a36612c,CUST-b87fc3b6,2025-10-01,3,32,32,9
USG-a0d4e8d4,CUST-b87fc3b6,2025-11-01,2,27,27,3
USG-71a76710,CUST-b87fc3b6,2025-12-01,2,145,29,7
USG-375e7648,CUST-b87fc3b6,2026-01-01,3,136,34,8
USG-82b4f812,CUST-b87fc3b6,2026-02-01,3,32,32,4
USG-fbc1d608,CUST-b87fc3b6,2026-03-01,3,152,38,3
USG-d5bc37d2,CUST-b87fc3b6,2026-04-01,3,99,33,1
USG-c4ac9909,CUST-654f2566,2024-10-01,33,1352,338,6
USG-00ed26a7,CUST-654f2566,2024-11-01,26,1076,269,7
USG-9220b5b2,CUST-654f2566,2024-12-01,37,1870,374,5
USG-f754325e,CUST-654f2566,2025-01-01,32,981,327,2
USG-95b0ddd0,CUST-654f2566,2025-02-01,35,1404,351,8
USG-8b24eed2,CUST-654f2566,2025-03-01,33,332,332,9
USG-0a070bb3,CUST-654f2566,2025-04-01,29,888,296,2
USG-0d85b81d,CUST-654f2566,2025-05-01,34,340,340,9
USG-bf8e719d,CUST-654f2566,2025-06-01,35,1056,352,10
USG-1d34c3a3,CUST-654f2566,2025-07-01,35,1068,356,4
USG-4103ae5d,CUST-654f2566,2025-08-01,36,1083,361,2
USG-8702aae9,CUST-654f2566,2025-09-01,37,1128,376,1
USG-8e280bf9,CUST-654f2566,2025-10-01,30,1228,307,9
USG-d8c5a054,CUST-654f2566,2025-11-01,29,888,296,10
USG-73ec1362,CUST-654f2566,2025-12-01,36,1107,369,1
USG-5c041351,CUST-654f2566,2026-01-01,38,380,380,1
USG-f2831f64,CUST-654f2566,2026-02-01,36,1101,367,3
USG-3d70c4f5,CUST-654f2566,2026-03-01,33,1650,330,10
USG-3f0c9119,CUST-654f2566,2026-04-01,32,640,320,6
USG-2f0ce774,CUST-0d15833f,2026-01-01,27,837,279,1
USG-146f2386,CUST-0d15833f,2026-02-01,21,426,213,6
USG-0fce465f,CUST-0d15833f,2026-03-01,26,262,262,3
USG-4d810610,CUST-0d15833f,2026-04-01,28,578,289,8
USG-df5e6251,CUST-14cf1de7,2025-10-01,9,273,91,10
USG-397cad5b,CUST-14cf1de7,2025-11-01,10,321,107,1
USG-c0958aab,CUST-14cf1de7,2025-12-01,8,86,86,8
USG-927fbcdb,CUST-14cf1de7,2026-01-01,9,490,98,3
USG-2d29f417,CUST-14cf1de7,2026-02-01,8,356,89,8
USG-46ff2c04,CUST-14cf1de7,2026-03-01,11,226,113,4
USG-c33c15ea,CUST-14cf1de7,2026-04-01,10,400,100,8
USG-343ce343,CUST-c88f1e95,2025-04-01,24,241,241,8
USG-6cf6b3a6,CUST-c88f1e95,2025-05-01,25,256,256,7
USG-40002702,CUST-c88f1e95,2025-06-01,24,243,243,7
USG-cbee1b45,CUST-c88f1e95,2025-07-01,26,1068,267,8
USG-53eff1cf,CUST-c88f1e95,2025-08-01,28,867,289,1
USG-0cacdb23,CUST-c88f1e95,2025-09-01,28,1440,288,1
USG-981eb2ca,CUST-c88f1e95,2025-10-01,27,1084,271,3
USG-66b46d81,CUST-c88f1e95,2025-11-01,23,239,239,8
USG-18440860,CUST-c88f1e95,2025-12-01,26,1315,263,1
USG-fdee7a22,CUST-c88f1e95,2026-01-01,24,244,244,5
USG-9f5ced27,CUST-c88f1e95,2026-02-01,29,870,290,5
USG-69ec62f7,CUST-c88f1e95,2026-03-01,1,2,2,3
USG-c93164d0,CUST-c88f1e95,2026-04-01,1,4,4,10
USG-76d2236a,CUST-56142681,2024-10-01,18,185,185,6
USG-f0eca6dc,CUST-56142681,2024-11-01,21,642,214,9
USG-6b24d2bd,CUST-56142681,2024-12-01,17,537,179,10
USG-db047ca7,CUST-56142681,2025-01-01,17,340,170,9
USG-1607cbee,CUST-56142681,2025-02-01,17,519,173,7
USG-b4811300,CUST-56142681,2025-03-01,15,316,158,3
USG-6b3d42bc,CUST-56142681,2025-04-01,22,442,221,6
USG-a70ee27f,CUST-56142681,2025-05-01,22,226,226,8
USG-254eda7f,CUST-56142681,2025-06-01,21,1080,216,7
USG-10b50e84,CUST-56142681,2025-07-01,17,850,170,4
USG-21a10e90,CUST-56142681,2025-08-01,22,228,228,6
USG-3de07eff,CUST-56142681,2025-09-01,19,792,198,1
USG-49f9f9e4,CUST-56142681,2025-10-01,19,579,193,4
USG-5ff2fee2,CUST-56142681,2025-11-01,18,182,182,8
USG-ab85d48f,CUST-56142681,2025-12-01,18,370,185,2
USG-84c8f1c0,CUST-56142681,2026-01-01,19,760,190,2
USG-4aff56b0,CUST-56142681,2026-02-01,22,224,224,9
USG-fee88d17,CUST-56142681,2026-03-01,1,15,5,6
USG-69aa82ff,CUST-56142681,2026-04-01,1,6,3,2
USG-c52a96e3,CUST-9f829f30,2024-11-01,45,1824,456,10
USG-8bfc4f51,CUST-9f829f30,2024-12-01,47,470,470,3
USG-096746af,CUST-9f829f30,2025-01-01,38,383,383,9
USG-114a841a,CUST-9f829f30,2025-02-01,40,2005,401,10
USG-c4fa89cc,CUST-9f829f30,2025-03-01,39,1179,393,9
USG-82225cbc,CUST-9f829f30,2025-04-01,44,890,445,8
USG-a5b3f34e,CUST-9f829f30,2025-05-01,41,1640,410,9
USG-d680d5ac,CUST-9f829f30,2025-06-01,46,464,464,7
USG-db55203c,CUST-9f829f30,2025-07-01,42,2145,429,1
USG-d550ed1b,CUST-9f829f30,2025-08-01,41,1245,415,2
USG-e42f06e8,CUST-9f829f30,2025-09-01,33,1665,333,9
USG-9698dc63,CUST-9f829f30,2025-10-01,40,1212,404,5
USG-8c7b8588,CUST-9f829f30,2025-11-01,42,856,428,3
USG-93cd08bf,CUST-9f829f30,2025-12-01,33,1320,330,9
USG-f06364d1,CUST-9f829f30,2026-01-01,43,1311,437,6
USG-2b697e74,CUST-9f829f30,2026-02-01,38,1556,389,8
USG-a39f858e,CUST-9f829f30,2026-03-01,32,320,320,9
USG-27c96ee9,CUST-9f829f30,2026-04-01,43,1314,438,6
USG-041b896d,CUST-69acd5fb,2026-02-01,31,634,317,5
USG-97766a10,CUST-69acd5fb,2026-03-01,29,888,296,7
USG-ab5334c7,CUST-69acd5fb,2026-04-01,26,532,266,3
USG-19b109fd,CUST-71aa2d1c,2025-12-01,44,1320,440,5
USG-a080855f,CUST-71aa2d1c,2026-01-01,37,372,372,6
USG-0b6d5686,CUST-71aa2d1c,2026-02-01,43,866,433,8
USG-c1076ad1,CUST-71aa2d1c,2026-03-01,43,438,438,6
USG-c5ae506e,CUST-71aa2d1c,2026-04-01,50,2012,503,3
USG-fdfb223b,CUST-cdc31391,2024-12-01,20,1000,200,10
USG-2abd5e92,CUST-cdc31391,2025-01-01,21,1060,212,1
USG-aa52dca1,CUST-cdc31391,2025-02-01,23,470,235,8
USG-2a987fc3,CUST-cdc31391,2025-03-01,24,1245,249,3
USG-a4512d92,CUST-cdc31391,2025-04-01,16,845,169,6
USG-eb653be7,CUST-cdc31391,2025-05-01,18,376,188,2
USG-b9c43816,CUST-cdc31391,2025-06-01,20,606,202,7
USG-09f5991c,CUST-cdc31391,2025-07-01,17,680,170,5
USG-bb3a80b6,CUST-cdc31391,2025-08-01,21,428,214,3
USG-c16134cc,CUST-cdc31391,2025-09-01,18,561,187,6
USG-920ee788,CUST-cdc31391,2025-10-01,22,1125,225,4
USG-b09bb8d4,CUST-cdc31391,2025-11-01,21,420,210,4
USG-3f9f7116,CUST-cdc31391,2025-12-01,18,186,186,5
USG-c9d13940,CUST-cdc31391,2026-01-01,21,430,215,6
USG-815f693d,CUST-cdc31391,2026-02-01,23,1190,238,6
USG-2278149c,CUST-cdc31391,2026-03-01,24,490,245,9
USG-47adc402,CUST-cdc31391,2026-04-01,23,468,234,1
USG-bc9e6fc9,CUST-12536090,2025-10-01,57,2304,576,7
USG-664b7d38,CUST-12536090,2025-11-01,47,956,478,5
USG-05d2abf8,CUST-12536090,2025-12-01,49,1960,490,2
USG-965fefb1,CUST-12536090,2026-01-01,39,399,399,1
USG-902fabaf,CUST-12536090,2026-02-01,42,2110,422,2
USG-1b96f0d8,CUST-12536090,2026-03-01,39,392,392,4
USG-05ec9adf,CUST-12536090,2026-04-01,56,2272,568,7
USG-c1fe9786,CUST-eaaa9b3e,2024-07-01,24,996,249,9
USG-87e552b5,CUST-eaaa9b3e,2024-08-01,17,880,176,7
USG-a4a2adc5,CUST-eaaa9b3e,2024-09-01,24,732,244,10
USG-54de6e47,CUST-eaaa9b3e,2024-10-01,25,1275,255,2
USG-7bc68a48,CUST-eaaa9b3e,2024-11-01,20,418,209,8
USG-305a78bd,CUST-eaaa9b3e,2024-12-01,23,944,236,6
USG-9ed1acbf,CUST-eaaa9b3e,2025-01-01,17,875,175,5
USG-978e7d26,CUST-eaaa9b3e,2025-02-01,25,514,257,6
USG-d5b886c1,CUST-eaaa9b3e,2025-03-01,18,180,180,3
USG-91c56ce4,CUST-eaaa9b3e,2025-04-01,18,930,186,2
USG-12b3dd4b,CUST-eaaa9b3e,2025-05-01,20,412,206,6
USG-b10cb267,CUST-eaaa9b3e,2025-06-01,19,576,192,10
USG-a6923c39,CUST-eaaa9b3e,2025-07-01,26,522,261,8
USG-93305b52,CUST-eaaa9b3e,2025-08-01,18,905,181,8
USG-d8501dac,CUST-eaaa9b3e,2025-09-01,25,1000,250,2
USG-81ea7f84,CUST-eaaa9b3e,2025-10-01,20,624,208,3
USG-618d206e,CUST-eaaa9b3e,2025-11-01,22,456,228,4
USG-3c1c1019,CUST-eaaa9b3e,2025-12-01,22,221,221,1
USG-4b656195,CUST-eaaa9b3e,2026-01-01,24,968,242,1
USG-f2798eb1,CUST-eaaa9b3e,2026-02-01,18,740,185,5
USG-523831c1,CUST-eaaa9b3e,2026-03-01,1,8,2,1
USG-424f1b50,CUST-eaaa9b3e,2026-04-01,1,8,4,5
USG-482616e4,CUST-074ab72a,2025-04-01,34,1032,344,10
USG-70eee5af,CUST-074ab72a,2025-05-01,25,750,250,1
USG-cdbfa522,CUST-074ab72a,2025-06-01,29,580,290,2
USG-64921e42,CUST-074ab72a,2025-07-01,34,692,346,4
USG-215ead2e,CUST-074ab72a,2025-08-01,25,750,250,4
USG-1247d139,CUST-074ab72a,2025-09-01,26,1076,269,7
USG-b4324f3e,CUST-074ab72a,2025-10-01,25,1028,257,5
USG-225195cb,CUST-074ab72a,2025-11-01,24,245,245,4
USG-afcedf38,CUST-074ab72a,2025-12-01,29,290,290,5
USG-e7717e8c,CUST-074ab72a,2026-01-01,24,747,249,9
USG-bd44a064,CUST-074ab72a,2026-02-01,32,1292,323,7
USG-fdf35529,CUST-074ab72a,2026-03-01,29,1495,299,9
USG-16bcaf29,CUST-074ab72a,2026-04-01,25,516,258,10
USG-0bbec6b4,CUST-7320bf8f,2024-12-01,37,740,370,3
USG-b3e6505b,CUST-7320bf8f,2025-01-01,36,1472,368,1
USG-fdb3bf4e,CUST-7320bf8f,2025-02-01,32,1625,325,5
USG-ca77cf95,CUST-7320bf8f,2025-03-01,40,1624,406,4
USG-ff1e686e,CUST-7320bf8f,2025-04-01,43,1305,435,6
USG-fccd23a6,CUST-7320bf8f,2025-05-01,40,400,400,2
USG-1164158b,CUST-7320bf8f,2025-06-01,32,1610,322,10
USG-e136ff22,CUST-7320bf8f,2025-07-01,42,1269,423,10
USG-d2edff6c,CUST-7320bf8f,2025-08-01,40,1227,409,3
USG-9ed550bb,CUST-7320bf8f,2025-09-01,35,1050,350,10
USG-ae114aff,CUST-7320bf8f,2025-10-01,35,356,356,2
USG-10d84a45,CUST-7320bf8f,2025-11-01,41,1672,418,6
USG-1b68a285,CUST-7320bf8f,2025-12-01,34,1368,342,1
USG-d7754d9c,CUST-7320bf8f,2026-01-01,35,1760,352,5
USG-e6581348,CUST-7320bf8f,2026-02-01,44,1341,447,10
USG-1890ce5a,CUST-7320bf8f,2026-03-01,38,1161,387,6
USG-e592c2aa,CUST-7320bf8f,2026-04-01,32,323,323,1
USG-0987934f,CUST-28e383f7,2026-04-01,1,0,0,9
USG-b1384951,CUST-3fac006b,2025-07-01,30,308,308,8
USG-2ab4c172,CUST-3fac006b,2025-08-01,23,956,239,1
USG-074d7ebc,CUST-3fac006b,2025-09-01,32,658,329,2
USG-bb470dc0,CUST-3fac006b,2025-10-01,24,247,247,1
USG-6589215d,CUST-3fac006b,2025-11-01,23,940,235,9
USG-c83d4916,CUST-3fac006b,2025-12-01,28,1148,287,6
USG-6347399b,CUST-3fac006b,2026-01-01,24,247,247,1
USG-6b997c45,CUST-3fac006b,2026-02-01,29,1460,292,7
USG-8eb774b8,CUST-3fac006b,2026-03-01,1,6,2,3
USG-4c73a9f0,CUST-3fac006b,2026-04-01,1,6,2,7
USG-b1debcf9,CUST-57b0cd8d,2025-10-01,53,2124,531,3
USG-66cfa99f,CUST-57b0cd8d,2025-11-01,42,2140,428,1
USG-a9f44edc,CUST-57b0cd8d,2025-12-01,57,1737,579,5
USG-d23e081d,CUST-57b0cd8d,2026-01-01,44,448,448,8
USG-6ee2de7a,CUST-57b0cd8d,2026-02-01,41,1230,410,7
USG-5c26016d,CUST-57b0cd8d,2026-03-01,1,6,3,10
USG-570e2e00,CUST-57b0cd8d,2026-04-01,1,10,5,10
USG-6711699f,CUST-57b0cd8d,2026-05-01,1,4,1,10
USG-3a77a5ec,CUST-471d405e,2025-01-01,35,355,355,7
USG-59ac8619,CUST-471d405e,2025-02-01,39,1965,393,8
USG-fb305af7,CUST-471d405e,2025-03-01,37,748,374,6
USG-d1d8957a,CUST-471d405e,2025-04-01,48,964,482,9
USG-3b20fe43,CUST-471d405e,2025-05-01,46,2300,460,6
USG-29192e4b,CUST-471d405e,2025-06-01,36,1092,364,3
USG-dd77a376,CUST-471d405e,2025-07-01,35,1436,359,8
USG-c2084058,CUST-471d405e,2025-08-01,35,1059,353,9
USG-4c61d6e3,CUST-471d405e,2025-09-01,38,383,383,8
USG-ac5e51d7,CUST-471d405e,2025-10-01,41,1668,417,4
USG-582eb51c,CUST-471d405e,2025-11-01,50,1509,503,6
USG-b331e84f,CUST-471d405e,2025-12-01,38,772,386,8
USG-d7503763,CUST-471d405e,2026-01-01,49,1488,496,4
USG-d13eb0d7,CUST-471d405e,2026-02-01,44,894,447,7
USG-f392f178,CUST-471d405e,2026-03-01,48,964,482,3
USG-37df4672,CUST-471d405e,2026-04-01,40,1632,408,4
USG-502b016f,CUST-6bc876c4,2024-07-01,16,664,166,4
USG-de790175,CUST-6bc876c4,2024-08-01,19,382,191,4
USG-f5bd9558,CUST-6bc876c4,2024-09-01,18,188,188,5
USG-5c786bff,CUST-6bc876c4,2024-10-01,19,764,191,5
USG-e93c70da,CUST-6bc876c4,2024-11-01,15,477,159,1
USG-094ee720,CUST-6bc876c4,2024-12-01,14,148,148,10
USG-970b3b91,CUST-6bc876c4,2025-01-01,19,588,196,2
USG-1021608a,CUST-6bc876c4,2025-02-01,16,334,167,1
USG-f1908430,CUST-6bc876c4,2025-03-01,14,580,145,2
USG-2cbd250b,CUST-6bc876c4,2025-04-01,18,187,187,1
USG-6d759aba,CUST-6bc876c4,2025-05-01,15,450,150,4
USG-7a2f6e6f,CUST-6bc876c4,2025-06-01,14,438,146,1
USG-05fb616b,CUST-6bc876c4,2025-07-01,17,170,170,10
USG-32c48a94,CUST-6bc876c4,2025-08-01,17,340,170,5
USG-f9f13740,CUST-6bc876c4,2025-09-01,13,670,134,7
USG-603812a9,CUST-6bc876c4,2025-10-01,17,177,177,9
USG-1b6e1c62,CUST-6bc876c4,2025-11-01,19,768,192,9
USG-14c9905e,CUST-6bc876c4,2025-12-01,15,755,151,7
USG-e3250156,CUST-6bc876c4,2026-01-01,15,780,156,5
USG-f12f79e1,CUST-6bc876c4,2026-02-01,14,426,142,3
USG-93a7bfb9,CUST-6bc876c4,2026-03-01,18,752,188,7
USG-0759a264,CUST-6bc876c4,2026-04-01,16,664,166,6
USG-db0b79bc,CUST-c036c01c,2025-12-01,21,636,212,5
USG-161e342d,CUST-c036c01c,2026-01-01,23,1165,233,3
USG-81fb6482,CUST-c036c01c,2026-02-01,19,588,196,1
USG-236bec8e,CUST-c036c01c,2026-03-01,16,328,164,3
USG-ff3b2bf2,CUST-c036c01c,2026-04-01,22,440,220,7
USG-2e824a76,CUST-983e5a9a,2026-03-01,42,2105,421,5
USG-e216bd77,CUST-983e5a9a,2026-04-01,36,738,369,3
USG-898d7bff,CUST-d25fbd3a,2025-12-01,5,54,54,10
USG-16741695,CUST-d25fbd3a,2026-01-01,6,198,66,3
USG-f91789f4,CUST-d25fbd3a,2026-02-01,4,49,49,5
USG-7451d1cf,CUST-d25fbd3a,2026-03-01,5,232,58,2
USG-5809c164,CUST-d25fbd3a,2026-04-01,6,120,60,1
USG-85296712,CUST-a2554258,2024-09-01,44,894,447,6
USG-e5d7310c,CUST-a2554258,2024-10-01,37,1508,377,8
USG-4684940c,CUST-a2554258,2024-11-01,40,402,402,3
USG-5588b6e1,CUST-a2554258,2024-12-01,34,1038,346,10
USG-1855e7ba,CUST-a2554258,2025-01-01,34,1376,344,4
USG-b8fb703c,CUST-a2554258,2025-02-01,36,728,364,2
USG-b39f2472,CUST-a2554258,2025-03-01,44,1344,448,6
USG-42bae2e1,CUST-a2554258,2025-04-01,33,1352,338,4
USG-9960a0a9,CUST-a2554258,2025-05-01,40,1616,404,8
USG-45d3e3f5,CUST-a2554258,2025-06-01,40,814,407,1
USG-4ce25ebf,CUST-a2554258,2025-07-01,44,1764,441,6
USG-9a6e5946,CUST-a2554258,2025-08-01,45,1371,457,9
USG-303b3c67,CUST-a2554258,2025-09-01,32,1316,329,6
USG-a92442da,CUST-a2554258,2025-10-01,35,1412,353,10
USG-b169a239,CUST-a2554258,2025-11-01,39,397,397,6
USG-c3004ae9,CUST-a2554258,2025-12-01,41,2055,411,10
USG-0840ea55,CUST-a2554258,2026-01-01,38,382,382,4
USG-7cf378cf,CUST-a2554258,2026-02-01,41,2080,416,6
USG-257110c5,CUST-a2554258,2026-03-01,46,460,460,5
USG-5fbfe501,CUST-a2554258,2026-04-01,41,1230,410,3
USG-26b7d23d,CUST-f1fa2eaa,2024-06-01,50,1012,506,7
USG-5b43daa2,CUST-f1fa2eaa,2024-07-01,49,1996,499,2
USG-cc9bc88d,CUST-f1fa2eaa,2024-08-01,51,2068,517,6
USG-36d24053,CUST-f1fa2eaa,2024-09-01,39,1596,399,2
USG-5dae1209,CUST-f1fa2eaa,2024-10-01,41,1239,413,6
USG-93dc2cf4,CUST-f1fa2eaa,2024-11-01,46,466,466,1
USG-2040d185,CUST-f1fa2eaa,2024-12-01,49,1473,491,10
USG-5170e588,CUST-f1fa2eaa,2025-01-01,51,517,517,9
USG-13a26f4a,CUST-f1fa2eaa,2025-02-01,49,2485,497,7
USG-11158411,CUST-f1fa2eaa,2025-03-01,56,569,569,6
USG-092c6dab,CUST-f1fa2eaa,2025-04-01,50,2515,503,1
USG-ccecbc6c,CUST-f1fa2eaa,2025-05-01,40,407,407,9
USG-6e2cd900,CUST-f1fa2eaa,2025-06-01,48,960,480,10
USG-7b2540d4,CUST-f1fa2eaa,2025-07-01,48,484,484,2
USG-6ec9ba47,CUST-f1fa2eaa,2025-08-01,53,2152,538,9
USG-cfa4cc4c,CUST-f1fa2eaa,2025-09-01,43,436,436,6
USG-9f43d5b1,CUST-f1fa2eaa,2025-10-01,54,1086,543,5
USG-1b6f4715,CUST-f1fa2eaa,2025-11-01,43,1724,431,1
USG-f59950e7,CUST-f1fa2eaa,2025-12-01,46,468,468,2
USG-3531e7b3,CUST-f1fa2eaa,2026-01-01,47,1896,474,7
USG-6e665f16,CUST-f1fa2eaa,2026-02-01,51,1542,514,5
USG-01515ac5,CUST-f1fa2eaa,2026-03-01,1,3,1,3
USG-3f215ac5,CUST-f1fa2eaa,2026-04-01,1,15,3,3
USG-f5df0df8,CUST-c0ff1e61,2025-09-01,45,453,453,10
USG-bc381763,CUST-c0ff1e61,2025-10-01,43,1305,435,8
USG-2be7045c,CUST-c0ff1e61,2025-11-01,32,321,321,3
USG-0b12cce2,CUST-c0ff1e61,2025-12-01,41,822,411,8
USG-c879d380,CUST-c0ff1e61,2026-01-01,41,417,417,8
USG-4f3c8434,CUST-c0ff1e61,2026-02-01,42,858,429,6
USG-98fef99c,CUST-c0ff1e61,2026-03-01,45,1365,455,10
USG-747c7390,CUST-c0ff1e61,2026-04-01,43,437,437,3
USG-711ed2cf,CUST-f1c921e9,2024-08-01,14,296,148,5
USG-7ab39ee7,CUST-f1c921e9,2024-09-01,13,660,132,1
USG-baafd7b3,CUST-f1c921e9,2024-10-01,12,366,122,4
USG-bb61b253,CUST-f1c921e9,2024-11-01,15,158,158,8
USG-6246421a,CUST-f1c921e9,2024-12-01,11,112,112,1
USG-7994f068,CUST-f1c921e9,2025-01-01,13,417,139,7
USG-27ea75da,CUST-f1c921e9,2025-02-01,11,116,116,2
USG-a9aa2e29,CUST-f1c921e9,2025-03-01,13,532,133,8
USG-0f25c658,CUST-f1c921e9,2025-04-01,15,151,151,10
USG-d8256b20,CUST-f1c921e9,2025-05-01,13,665,133,4
USG-d04f4307,CUST-f1c921e9,2025-06-01,12,372,124,5
USG-5e0e4aba,CUST-f1c921e9,2025-07-01,15,462,154,10
USG-3a3bd6c7,CUST-f1c921e9,2025-08-01,11,575,115,2
USG-2b983764,CUST-f1c921e9,2025-09-01,11,117,117,3
USG-1e5ab5d0,CUST-f1c921e9,2025-10-01,12,496,124,1
USG-45b2f1e2,CUST-f1c921e9,2025-11-01,15,780,156,10
USG-f32149d7,CUST-f1c921e9,2025-12-01,13,393,131,2
USG-9dcb4565,CUST-f1c921e9,2026-01-01,11,118,118,6
USG-d16b7b09,CUST-f1c921e9,2026-02-01,12,120,120,8
USG-2ff35dc6,CUST-f1c921e9,2026-03-01,15,612,153,5
USG-46a838c5,CUST-f1c921e9,2026-04-01,14,580,145,2
USG-f7168e1d,CUST-15a94920,2024-05-01,34,1396,349,3
USG-3d1169ca,CUST-15a94920,2024-06-01,35,1077,359,4
USG-2b84a00e,CUST-15a94920,2024-07-01,32,329,329,4
USG-23f51e5b,CUST-15a94920,2024-08-01,28,855,285,4
USG-a8ddb964,CUST-15a94920,2024-09-01,37,1128,376,9
USG-4a5a1e45,CUST-15a94920,2024-10-01,36,1448,362,3
USG-007743e3,CUST-15a94920,2024-11-01,38,1520,380,9
USG-a055157f,CUST-15a94920,2024-12-01,38,1167,389,9
USG-cbfafe81,CUST-15a94920,2025-01-01,31,1555,311,5
USG-048b713c,CUST-15a94920,2025-02-01,28,562,281,3
USG-4ff3629d,CUST-15a94920,2025-03-01,33,1336,334,7
USG-38170edd,CUST-15a94920,2025-04-01,36,734,367,2
USG-d7364bc8,CUST-15a94920,2025-05-01,34,349,349,7
USG-0bbe451b,CUST-15a94920,2025-06-01,37,1508,377,3
USG-0c358c28,CUST-15a94920,2025-07-01,31,1276,319,10
USG-85cc1c08,CUST-15a94920,2025-08-01,29,897,299,5
USG-f34f8a3e,CUST-15a94920,2025-09-01,39,1191,397,2
USG-cfb976fe,CUST-15a94920,2025-10-01,37,1855,371,1
USG-2d5c3f45,CUST-15a94920,2025-11-01,32,1316,329,5
USG-2a0a1662,CUST-15a94920,2025-12-01,36,361,361,1
USG-f986ca8d,CUST-15a94920,2026-01-01,38,1945,389,4
USG-7b92dfae,CUST-15a94920,2026-02-01,27,550,275,5
USG-57f1ff83,CUST-15a94920,2026-03-01,31,1252,313,2
USG-71d05a75,CUST-15a94920,2026-04-01,27,1380,276,5
USG-3ce93128,CUST-101127c9,2025-02-01,8,264,88,5
USG-9f3e6057,CUST-101127c9,2025-03-01,8,166,83,8
USG-7d14ae65,CUST-101127c9,2025-04-01,11,339,113,4
USG-3028948a,CUST-101127c9,2025-05-01,10,510,102,8
USG-be9e1fc2,CUST-101127c9,2025-06-01,8,240,80,9
USG-abd188f6,CUST-101127c9,2025-07-01,9,455,91,9
USG-a38d9dd1,CUST-101127c9,2025-08-01,10,214,107,3
USG-442eec6a,CUST-101127c9,2025-09-01,8,246,82,4
USG-391477ac,CUST-101127c9,2025-10-01,8,176,88,3
USG-af78ee2c,CUST-101127c9,2025-11-01,9,368,92,5
USG-5653a4a7,CUST-101127c9,2025-12-01,10,500,100,1
USG-da248664,CUST-101127c9,2026-01-01,8,415,83,5
USG-dd1c70ef,CUST-101127c9,2026-02-01,9,94,94,4
USG-996d9d51,CUST-101127c9,2026-03-01,11,111,111,6
USG-b0447fb8,CUST-101127c9,2026-04-01,9,384,96,8
USG-12fee998,CUST-35d006d6,2024-09-01,35,712,356,3
USG-afa508a2,CUST-35d006d6,2024-10-01,42,852,426,1
USG-b91db185,CUST-35d006d6,2024-11-01,31,930,310,1
USG-e43c5f06,CUST-35d006d6,2024-12-01,40,804,402,5
USG-a10bd8c0,CUST-35d006d6,2025-01-01,32,325,325,4
USG-e7527a6e,CUST-35d006d6,2025-02-01,34,1700,340,8
USG-9dc2a421,CUST-35d006d6,2025-03-01,40,2015,403,5
USG-aad5f2f1,CUST-35d006d6,2025-04-01,36,724,362,6
USG-db8588e6,CUST-35d006d6,2025-05-01,43,433,433,3
USG-782398c7,CUST-35d006d6,2025-06-01,32,1280,320,4
USG-434ed7ea,CUST-35d006d6,2025-07-01,38,1552,388,7
USG-ff2d3c97,CUST-35d006d6,2025-08-01,36,1107,369,4
USG-8efbd125,CUST-35d006d6,2025-09-01,36,1101,367,9
USG-4c4dfd93,CUST-35d006d6,2025-10-01,36,1810,362,5
USG-98f905fa,CUST-35d006d6,2025-11-01,39,1995,399,10
USG-b856fc30,CUST-35d006d6,2025-12-01,37,1134,378,2
USG-5d2ff603,CUST-35d006d6,2026-01-01,43,1299,433,5
USG-c2390a8d,CUST-35d006d6,2026-02-01,42,1284,428,4
USG-e6fac33f,CUST-35d006d6,2026-03-01,41,2055,411,7
USG-d3c0bed6,CUST-35d006d6,2026-04-01,38,762,381,8
USG-3bd76da2,CUST-259df05d,2024-07-01,41,1239,413,3
USG-6663a4ae,CUST-259df05d,2024-08-01,45,453,453,9
USG-f4964e63,CUST-259df05d,2024-09-01,47,2360,472,7
USG-b3cb01e7,CUST-259df05d,2024-10-01,37,1504,376,7
USG-fda17831,CUST-259df05d,2024-11-01,39,1191,397,3
USG-dd6a9fc3,CUST-259df05d,2024-12-01,49,498,498,10
USG-26874953,CUST-259df05d,2025-01-01,37,1113,371,5
USG-94b33194,CUST-259df05d,2025-02-01,48,1948,487,9
USG-4bbf1fa3,CUST-259df05d,2025-03-01,38,1935,387,8
USG-016caaaf,CUST-259df05d,2025-04-01,43,1314,438,5
USG-830ec123,CUST-259df05d,2025-05-01,47,475,475,2
USG-37cf61d5,CUST-259df05d,2025-06-01,52,1563,521,1
USG-d87adab1,CUST-259df05d,2025-07-01,52,2100,525,6
USG-d3c3fec2,CUST-259df05d,2025-08-01,47,1884,471,7
USG-e50393b5,CUST-259df05d,2025-09-01,41,838,419,7
USG-5385993b,CUST-259df05d,2025-10-01,44,1326,442,10
USG-cb3082a0,CUST-259df05d,2025-11-01,51,2060,515,6
USG-cdf8da2f,CUST-259df05d,2025-12-01,50,1500,500,2
USG-52801cfc,CUST-259df05d,2026-01-01,39,784,392,5
USG-df91f8d1,CUST-259df05d,2026-02-01,52,2092,523,3
USG-8d48ab17,CUST-259df05d,2026-03-01,50,1006,503,4
USG-de17c8e0,CUST-259df05d,2026-04-01,41,2050,410,6
USG-191f28c2,CUST-fac15203,2024-06-01,25,257,257,6
USG-d50bc65e,CUST-fac15203,2024-07-01,24,486,243,3
USG-1eddee4e,CUST-fac15203,2024-08-01,24,488,244,1
USG-6656ead9,CUST-fac15203,2024-09-01,23,702,234,8
USG-36727ad9,CUST-fac15203,2024-10-01,21,651,217,10
USG-fb9ac26a,CUST-fac15203,2024-11-01,21,876,219,6
USG-66f6dd55,CUST-fac15203,2024-12-01,24,964,241,2
USG-1c20039f,CUST-fac15203,2025-01-01,19,975,195,9
USG-101fd0e9,CUST-fac15203,2025-02-01,24,484,242,5
USG-0f79a5ed,CUST-fac15203,2025-03-01,20,612,204,7
USG-5c0094ac,CUST-fac15203,2025-04-01,22,1120,224,7
USG-8fca953b,CUST-fac15203,2025-05-01,23,466,233,9
USG-4b6ba30c,CUST-fac15203,2025-06-01,23,699,233,3
USG-cfbcc521,CUST-fac15203,2025-07-01,25,257,257,5
USG-8234cd32,CUST-fac15203,2025-08-01,23,476,238,8
USG-96d899cf,CUST-fac15203,2025-09-01,26,801,267,3
USG-3dbabd77,CUST-fac15203,2025-10-01,23,1180,236,4
USG-30b81547,CUST-fac15203,2025-11-01,18,188,188,7
USG-be08e37c,CUST-fac15203,2025-12-01,24,1215,243,7
USG-2f1ecb20,CUST-fac15203,2026-01-01,22,663,221,5
USG-d9a49bd3,CUST-fac15203,2026-02-01,25,1004,251,9
USG-e70805bb,CUST-fac15203,2026-03-01,27,1350,270,8
USG-362d3b95,CUST-fac15203,2026-04-01,19,198,198,8
USG-6023e4b6,CUST-5592705c,2026-04-01,1,4,4,2
USG-63b81b63,CUST-f91b5040,2025-03-01,22,678,226,2
USG-14d49351,CUST-f91b5040,2025-04-01,23,460,230,7
USG-8a210432,CUST-f91b5040,2025-05-01,23,948,237,2
USG-a817a9ee,CUST-f91b5040,2025-06-01,21,864,216,1
USG-94f7b115,CUST-f91b5040,2025-07-01,23,702,234,4
USG-43744d4c,CUST-f91b5040,2025-08-01,23,1175,235,8
USG-34709129,CUST-f91b5040,2025-09-01,19,195,195,6
USG-8ec175ac,CUST-f91b5040,2025-10-01,23,237,237,10
USG-8b094be1,CUST-f91b5040,2025-11-01,17,890,178,10
USG-9f311fe2,CUST-f91b5040,2025-12-01,19,990,198,9
USG-a83ef3b2,CUST-f91b5040,2026-01-01,22,227,227,2
USG-2f35cf7a,CUST-f91b5040,2026-02-01,25,753,251,3
USG-d3b744c4,CUST-f91b5040,2026-03-01,20,618,206,3
USG-04eee65b,CUST-f91b5040,2026-04-01,18,740,185,5
USG-92aa9135,CUST-84193de4,2025-09-01,2,22,22,3
USG-495f1bcb,CUST-84193de4,2025-10-01,2,135,27,6
USG-12380444,CUST-84193de4,2025-11-01,2,135,27,10
USG-c92be0ca,CUST-84193de4,2025-12-01,2,50,25,8
USG-49e4e5d0,CUST-84193de4,2026-01-01,1,19,19,1
USG-42d776bd,CUST-84193de4,2026-02-01,2,78,26,8
USG-e44ca1dd,CUST-84193de4,2026-03-01,1,15,5,4
USG-75ec9be2,CUST-84193de4,2026-04-01,1,0,0,10
USG-3cad2e6b,CUST-ec4a6918,2024-06-01,5,168,56,10
USG-d6d6ac85,CUST-ec4a6918,2024-07-01,8,240,80,7
USG-09f1f584,CUST-ec4a6918,2024-08-01,5,56,56,3
USG-2eefb73d,CUST-ec4a6918,2024-09-01,7,210,70,5
USG-536b4301,CUST-ec4a6918,2024-10-01,7,365,73,10
USG-1712268a,CUST-ec4a6918,2024-11-01,7,300,75,3
USG-7a18939d,CUST-ec4a6918,2024-12-01,6,132,66,2
USG-bc409f75,CUST-ec4a6918,2025-01-01,7,73,73,9
USG-f3f76f9a,CUST-ec4a6918,2025-02-01,5,285,57,7
USG-de378639,CUST-ec4a6918,2025-03-01,6,67,67,5
USG-ee1a263f,CUST-ec4a6918,2025-04-01,8,160,80,10
USG-dfe12462,CUST-ec4a6918,2025-05-01,6,260,65,10
USG-b9638725,CUST-ec4a6918,2025-06-01,5,110,55,6
USG-c3eb3f28,CUST-ec4a6918,2025-07-01,6,62,62,7
USG-89293c8d,CUST-ec4a6918,2025-08-01,6,310,62,3
USG-b1a1fe03,CUST-ec4a6918,2025-09-01,6,183,61,10
USG-df045e88,CUST-ec4a6918,2025-10-01,7,234,78,9
USG-88542963,CUST-ec4a6918,2025-11-01,6,276,69,7
USG-f3c601b7,CUST-ec4a6918,2025-12-01,8,81,81,9
USG-1f831c87,CUST-ec4a6918,2026-01-01,7,300,75,5
USG-af4823af,CUST-ec4a6918,2026-02-01,8,405,81,5
USG-548853ee,CUST-ec4a6918,2026-03-01,5,114,57,2
USG-d3a204d3,CUST-ec4a6918,2026-04-01,5,177,59,10
USG-f618fa29,CUST-eab4156b,2025-02-01,16,830,166,4
USG-ccef06c5,CUST-eab4156b,2025-03-01,22,224,224,7
USG-7c8cb543,CUST-eab4156b,2025-04-01,17,350,175,4
USG-399e5eb7,CUST-eab4156b,2025-05-01,19,760,190,5
USG-4188aa75,CUST-eab4156b,2025-06-01,22,442,221,7
USG-34e84413,CUST-eab4156b,2025-07-01,17,340,170,9
USG-43655612,CUST-eab4156b,2025-08-01,22,1140,228,8
USG-5b727a7b,CUST-eab4156b,2025-09-01,16,501,167,8
USG-a98f4059,CUST-eab4156b,2025-10-01,17,684,171,3
USG-a480a181,CUST-eab4156b,2025-11-01,23,1155,231,5
USG-7a10efe8,CUST-eab4156b,2025-12-01,20,609,203,5
USG-21b37524,CUST-eab4156b,2026-01-01,20,204,204,1
USG-9bb8afd9,CUST-eab4156b,2026-02-01,20,627,209,7
USG-9a9df5e0,CUST-eab4156b,2026-03-01,17,688,172,10
USG-be6b0969,CUST-eab4156b,2026-04-01,21,1060,212,4
USG-60e5f048,CUST-eab4156b,2026-05-01,24,1215,243,6
USG-d0b5cafa,CUST-022e23b5,2025-07-01,23,236,236,7
USG-27681ffc,CUST-022e23b5,2025-08-01,24,1215,243,6
USG-89a2451d,CUST-022e23b5,2025-09-01,22,884,221,8
USG-921b5b42,CUST-022e23b5,2025-10-01,25,1032,258,9
USG-f19f14f0,CUST-022e23b5,2025-11-01,22,450,225,3
USG-191e6730,CUST-022e23b5,2025-12-01,20,800,200,6
USG-5b4e12bf,CUST-022e23b5,2026-01-01,24,1210,242,4
USG-f11d2161,CUST-022e23b5,2026-02-01,17,708,177,2
USG-b7279ea2,CUST-022e23b5,2026-03-01,24,1245,249,10
USG-23c0af70,CUST-022e23b5,2026-04-01,19,764,191,1
USG-8fcc2277,CUST-022e23b5,2026-05-01,19,975,195,7
