ticket_id,customer_id,date_opened,date_closed,status,priority,category,resolution_time_hours
TKT-6E5B25C8,CUST-37610024,2025-02-24,2025-03-04,Closed,Low,Technical,45
TKT-D1FB9DB7,CUST-37610024,2024-11-23,2024-11-25,Closed,High,Billing,39
TKT-FFDF0CC5,CUST-37610024,2024-11-17,2024-11-25,Closed,Low,Technical,62
TKT-C759913E,CUST-37610024,2024-10-04,2024-10-05,Closed,Medium,Technical,36
TKT-22764575,CUST-37610024,2024-12-26,2024-12-30,Closed,Low,How-to,29
TKT-495CDE62,CUST-CCE39333,2026-01-06,2026-01-13,Closed,Low,How-to,18
TKT-5288711F,CUST-DE3AD5A3,2026-03-13,2026-03-16,Closed,High,Billing,35
TKT-9CC5B14B,CUST-DE3AD5A3,2025-12-24,2026-01-03,Closed,Medium,Billing,53
TKT-A6678C78,CUST-DE3AD5A3,2025-09-15,2025-09-22,Closed,High,Technical,29
TKT-2E61C48C,CUST-89561C76,2026-04-15,2026-04-19,Closed,Medium,Billing,28
TKT-AAB12D09,CUST-124D2330,2024-08-10,2024-08-18,Closed,Medium,Technical,65
TKT-76D7E7BB,CUST-124D2330,2025-03-10,2025-03-14,Closed,Low,Bug,47
TKT-9626FB5A,CUST-124D2330,2025-02-01,2025-02-05,Closed,Medium,Billing,24
TKT-39BBE536,CUST-124D2330,2024-08-09,2024-08-11,Closed,High,Technical,65
TKT-B0FE01F5,CUST-1C3313B6,2025-11-13,2025-11-20,Closed,Medium,How-to,19
TKT-956952D5,CUST-1C3313B6,2026-04-06,2026-04-16,Closed,Low,How-to,68
TKT-E9091E49,CUST-2A915907,2025-05-07,2025-05-11,Closed,Low,Billing,43
TKT-297C0C54,CUST-2A915907,2024-11-23,2024-11-24,Closed,Low,Billing,46
TKT-21A5C346,CUST-2A915907,2025-05-19,2025-05-23,Closed,Medium,Bug,39
TKT-2184B409,CUST-B84350D4,2025-02-03,2025-02-12,Closed,Urgent,Billing,44
TKT-9107690A,CUST-B84350D4,2024-07-09,2024-07-10,Closed,Urgent,How-to,38
TKT-0A25717E,CUST-A85DF973,2025-09-30,2025-10-08,Closed,High,Bug,21
TKT-2F3B9B8B,CUST-A85DF973,2026-03-15,2026-03-19,Closed,Medium,Technical,52
TKT-642825CC,CUST-A85DF973,2025-07-09,2025-07-16,Closed,High,How-to,53
TKT-D0B3A4AD,CUST-4D652CDA,2025-12-26,2026-01-05,Closed,High,Billing,51
TKT-621F45D9,CUST-9AF4CCE4,2026-03-05,2026-03-12,Closed,Urgent,Technical,63
TKT-FE6437BB,CUST-551DFFFC,2026-04-16,2026-04-23,Closed,Urgent,Technical,30
TKT-42F3F986,CUST-F98FD767,2026-01-29,2026-02-06,Closed,Low,Bug,31
TKT-98D31295,CUST-CA3F9B5E,2026-01-09,2026-01-14,Closed,High,Billing,2
TKT-E46F7D36,CUST-65596ABD,2026-01-05,2026-01-10,Closed,Low,Billing,15
TKT-B523A214,CUST-65596ABD,2025-07-03,2025-07-12,Closed,Low,Bug,30
TKT-5787698A,CUST-65596ABD,2025-12-06,2025-12-16,Closed,Low,Billing,7
TKT-B9E3B893,CUST-65596ABD,2025-05-14,2025-05-16,Closed,Urgent,Bug,59
TKT-5B9FFD90,CUST-65596ABD,2025-09-03,2025-09-06,Closed,Low,How-to,70
TKT-54F14B54,CUST-66FE4E37,2025-07-07,2025-07-08,Closed,High,How-to,61
TKT-1B271FB3,CUST-66FE4E37,2025-05-07,2025-05-15,Closed,Medium,Bug,62
TKT-6D404C42,CUST-66FE4E37,2026-02-22,2026-03-03,Closed,Urgent,How-to,69
TKT-4312BD6A,CUST-66FE4E37,2025-11-22,2025-11-24,Closed,Urgent,Billing,67
TKT-0C4916C3,CUST-66FE4E37,2025-07-29,2025-08-04,Closed,High,Bug,54
TKT-9A0B3D0A,CUST-C03160B1,2025-03-02,2025-03-09,Closed,High,Bug,55
TKT-E2C13737,CUST-C03160B1,2025-06-08,2025-06-09,Closed,Medium,Bug,22
TKT-3A2FBC8C,CUST-C03160B1,2025-11-04,2025-11-05,Closed,Urgent,How-to,17
TKT-938AB17D,CUST-C03160B1,2025-11-09,2025-11-10,Closed,High,How-to,19
TKT-83890C92,CUST-C03160B1,2025-04-23,2025-04-26,Closed,Medium,How-to,39
TKT-CDF5C224,CUST-9A60DED1,2025-03-28,2025-04-04,Closed,Urgent,Billing,11
TKT-E9EED6E2,CUST-9A60DED1,2025-04-10,2025-04-16,Closed,Low,Technical,12
TKT-44796339,CUST-D3B021DA,2026-02-23,2026-03-02,Closed,Medium,How-to,46
TKT-8144A75F,CUST-4920AB3B,2025-06-09,2025-06-18,Closed,Medium,How-to,68
TKT-F6B491A6,CUST-4920AB3B,2025-05-31,2025-06-04,Closed,Low,Technical,23
TKT-0E0E3F5E,CUST-1BA54B0F,2025-06-15,2025-06-25,Closed,High,Technical,16
TKT-D86A0E17,CUST-1BA54B0F,2025-09-06,2025-09-13,Closed,High,How-to,10
TKT-3F1FAAA2,CUST-9EF94C07,2025-10-13,2025-10-18,Closed,Medium,Technical,72
TKT-3EAE5086,CUST-9EF94C07,2025-09-23,2025-10-01,Closed,Urgent,Bug,57
TKT-DF9F55FF,CUST-9EF94C07,2025-08-18,2025-08-21,Closed,Low,How-to,57
TKT-6FFDC663,CUST-1E4D99B5,2025-09-02,2025-09-12,Closed,Medium,Billing,71
TKT-A212E35B,CUST-C280B940,2024-11-10,2024-11-18,Closed,High,Billing,4
TKT-55F28470,CUST-C280B940,2025-03-26,2025-03-31,Closed,Medium,How-to,60
TKT-B4C4AD98,CUST-F2D6AB8C,2024-07-31,2024-08-10,Closed,Urgent,Technical,18
TKT-C37B73FB,CUST-10145AE4,2025-10-24,2025-10-31,Closed,Urgent,Bug,42
TKT-BBAEA54F,CUST-10145AE4,2025-08-20,2025-08-30,Closed,Medium,Billing,53
TKT-B0C1E170,CUST-10145AE4,2026-01-30,2026-02-09,Closed,High,Billing,33
TKT-A3318378,CUST-E1247949,2026-04-05,2026-04-14,Closed,Urgent,Technical,10
TKT-75A16010,CUST-31340849,2024-07-08,2024-07-16,Closed,Urgent,How-to,30
TKT-2F6B8D98,CUST-31340849,2024-08-13,2024-08-14,Closed,Medium,Bug,4
TKT-BB5FC3E0,CUST-31340849,2024-07-26,2024-08-03,Closed,Urgent,Bug,61
TKT-BFF593B1,CUST-31340849,2025-02-11,2025-02-18,Closed,Low,Technical,50
TKT-93F0F07B,CUST-B8473638,2026-02-09,2026-02-10,Closed,Urgent,Bug,23
TKT-2487E1E0,CUST-B8473638,2026-04-08,2026-04-09,Closed,Medium,Billing,4
TKT-15918F2D,CUST-E5153171,2026-04-16,2026-04-25,Closed,Medium,How-to,22
TKT-2FF4F505,CUST-A17F56A5,2025-03-26,2025-04-01,Closed,High,Bug,41
TKT-4815FEE8,CUST-40696408,2025-10-16,2025-10-17,Closed,Low,Technical,40
TKT-A6192CB6,CUST-5BEA698E,2026-03-18,2026-03-24,Closed,Medium,Bug,52
TKT-5FC86B6A,CUST-93D5D028,2025-11-18,2025-11-21,Closed,Low,Billing,3
TKT-430DBBB3,CUST-12F57229,2025-07-17,2025-07-22,Closed,Medium,Billing,4
TKT-665D9035,CUST-276DE774,2024-10-26,2024-10-28,Closed,High,How-to,11
TKT-265D44B8,CUST-276DE774,2024-09-23,2024-10-03,Closed,High,Bug,52
TKT-163996D6,CUST-276DE774,2024-12-06,2024-12-11,Closed,Medium,Technical,45
TKT-35A6A1D1,CUST-276DE774,2024-09-08,2024-09-14,Closed,Medium,Bug,41
TKT-6FAE974C,CUST-90DD2F0C,2025-10-07,2025-10-13,Closed,High,Billing,54
TKT-266AB355,CUST-90DD2F0C,2026-01-02,2026-01-06,Closed,High,How-to,54
TKT-BD2C796E,CUST-90DD2F0C,2025-08-24,2025-09-03,Closed,Low,How-to,42
TKT-D1D90C17,CUST-44D30D03,2025-12-06,2025-12-13,Closed,High,Billing,19
TKT-704AE54C,CUST-44D30D03,2026-03-15,2026-03-23,Closed,Low,How-to,20
TKT-5CFFA927,CUST-D4CE4E4E,2026-02-12,2026-02-14,Closed,High,How-to,37
TKT-B381D5AB,CUST-D4CE4E4E,2026-02-14,2026-02-15,Closed,Medium,How-to,52
TKT-47B0F309,CUST-D4CE4E4E,2025-12-27,2026-01-01,Closed,Urgent,Billing,31
TKT-39F9AA1C,CUST-D4CE4E4E,2026-02-04,2026-02-13,Closed,High,Billing,65
TKT-363EE456,CUST-376CE362,2025-07-12,2025-07-22,Closed,Low,Bug,38
TKT-A3D051E6,CUST-376CE362,2025-05-09,2025-05-10,Closed,Low,How-to,3
TKT-941083EB,CUST-376CE362,2025-04-20,2025-04-30,Closed,High,Bug,71
TKT-5291BA28,CUST-376CE362,2024-11-17,2024-11-26,Closed,High,How-to,17
TKT-776BDDD1,CUST-9ED3FFC8,2025-09-19,2025-09-21,Closed,Urgent,Bug,8
TKT-7CBCD2EC,CUST-EE4D1390,2025-09-08,2025-09-18,Closed,High,Billing,8
TKT-9C1EC30A,CUST-EE4D1390,2025-12-15,2025-12-17,Closed,Low,Technical,14
TKT-1A44746E,CUST-5A18A787,2025-12-01,2025-12-06,Closed,High,How-to,55
TKT-FDFF5A4C,CUST-8B8ECE62,2024-06-28,2024-07-05,Closed,Urgent,Billing,69
TKT-092034AE,CUST-8B8ECE62,2025-02-26,2025-03-06,Closed,Low,Billing,66
TKT-1A8BCCA6,CUST-8B8ECE62,2024-11-08,2024-11-17,Closed,High,How-to,4
TKT-389EA6F0,CUST-8B8ECE62,2024-09-05,2024-09-15,Closed,Low,Bug,13
TKT-5E5F6AAD,CUST-A8578740,2026-01-24,2026-02-01,Closed,Medium,How-to,5
TKT-E80737FA,CUST-D553148E,2024-11-26,2024-12-05,Closed,Urgent,Billing,64
TKT-160585B1,CUST-D553148E,2025-02-07,2025-02-09,Closed,Urgent,Bug,65
TKT-23299649,CUST-4112CA3A,2026-04-17,2026-04-21,Closed,Urgent,Billing,33
TKT-D630953C,CUST-4112CA3A,2026-01-25,2026-02-04,Closed,Medium,Billing,58
TKT-C88611FF,CUST-4112CA3A,2025-11-21,2025-11-25,Closed,Medium,Bug,60
TKT-DDE69130,CUST-4112CA3A,2026-02-05,2026-02-09,Closed,Urgent,Bug,66
TKT-2B30BD02,CUST-A2C06924,2025-12-11,2025-12-16,Closed,Medium,Bug,25
TKT-8B7E89AA,CUST-A2C06924,2026-01-18,2026-01-25,Closed,Urgent,Bug,40
TKT-CBA8E252,CUST-CCC970DC,2025-06-26,2025-06-28,Closed,Urgent,How-to,2
TKT-2A79D2BD,CUST-CCC970DC,2025-06-07,2025-06-10,Closed,Low,Technical,27
TKT-F318B8D1,CUST-CCC970DC,2025-04-05,2025-04-06,Closed,Urgent,Technical,5
TKT-A5399FBA,CUST-CCC970DC,2025-11-01,2025-11-08,Closed,Low,Bug,47
TKT-9B22B918,CUST-CCC970DC,2025-10-29,2025-11-05,Closed,Medium,Bug,23
TKT-252C945D,CUST-DDF48164,2025-03-30,2025-04-09,Closed,Medium,Technical,30
TKT-7BDAFD08,CUST-DDF48164,2025-07-26,2025-07-29,Closed,Medium,Technical,12
TKT-8A5A6A07,CUST-DDF48164,2025-03-28,2025-04-02,Closed,Medium,Technical,57
TKT-25BDF836,CUST-DDF48164,2025-07-18,2025-07-25,Closed,Urgent,Technical,60
TKT-226FC0EA,CUST-8B59858E,2025-08-30,2025-09-03,Closed,Medium,Bug,22
TKT-AC2CD671,CUST-8B59858E,2025-06-04,2025-06-06,Closed,Medium,Billing,33
TKT-CA42135D,CUST-FB33E508,2025-08-28,2025-08-30,Closed,Low,Technical,59
TKT-AFB1DC05,CUST-FB33E508,2025-05-03,2025-05-05,Closed,High,Bug,23
TKT-AE57BE17,CUST-118AB172,2024-10-18,2024-10-21,Closed,Low,How-to,15
TKT-BC5768A3,CUST-118AB172,2025-04-18,2025-04-26,Closed,Medium,Technical,20
TKT-548474DF,CUST-EFC95E91,2025-12-06,2025-12-13,Closed,Medium,Technical,15
TKT-BE6E1591,CUST-EFC95E91,2025-11-30,2025-12-05,Closed,Low,Billing,7
TKT-12C250B7,CUST-F01B5C37,2024-12-29,2024-12-30,Closed,High,Billing,6
TKT-CC271F24,CUST-F01B5C37,2025-03-05,2025-03-12,Closed,Medium,Billing,67
TKT-DB55CA27,CUST-F01B5C37,2025-02-01,2025-02-03,Closed,Low,Billing,58
TKT-520951D1,CUST-F01B5C37,2024-12-04,2024-12-12,Closed,Medium,Billing,27
TKT-DC420E9E,CUST-F01B5C37,2025-02-01,2025-02-02,Closed,Low,Technical,51
TKT-3FC91CBA,CUST-2700A916,2025-12-10,2025-12-16,Closed,Medium,Billing,34
TKT-6B80A19F,CUST-2700A916,2025-06-01,2025-06-05,Closed,Low,Bug,24
TKT-81B7FBFC,CUST-2700A916,2025-10-16,2025-10-20,Closed,High,Billing,1
TKT-4AC672F7,CUST-2700A916,2025-05-25,2025-05-31,Closed,Medium,Technical,8
TKT-B9A2168C,CUST-9E6D05EF,2025-05-26,2025-05-29,Closed,Urgent,Bug,17
TKT-3456F564,CUST-9E6D05EF,2025-04-18,2025-04-22,Closed,Urgent,Billing,6
TKT-34A5C976,CUST-9E6D05EF,2024-10-19,2024-10-22,Closed,Medium,Technical,10
TKT-E0EEFE69,CUST-9E6D05EF,2024-11-25,2024-11-29,Closed,High,Bug,60
TKT-A1E3925C,CUST-9FADF576,2025-09-24,2025-09-25,Closed,Medium,How-to,28
TKT-BFBC8638,CUST-9FADF576,2026-01-01,2026-01-08,Closed,Medium,Billing,3
TKT-91CA3F04,CUST-CCCAC505,2025-03-22,2025-04-01,Closed,Medium,How-to,39
TKT-87F5EBFE,CUST-CCCAC505,2025-04-06,2025-04-07,Closed,Medium,How-to,53
TKT-40ABA035,CUST-CCCAC505,2025-03-09,2025-03-18,Closed,High,Technical,59
TKT-8000D2AE,CUST-B8B565D7,2025-03-02,2025-03-08,Closed,Urgent,Billing,16
TKT-3B804649,CUST-759EE8A0,2026-04-06,2026-04-12,Closed,Urgent,Billing,15
TKT-7271530D,CUST-A24E4A4D,2026-04-15,2026-04-18,Closed,Medium,Bug,69
TKT-879BACF5,CUST-A24E4A4D,2026-02-19,2026-02-25,Closed,High,Technical,70
TKT-BECB47A9,CUST-A24E4A4D,2026-03-16,2026-03-24,Closed,Urgent,Billing,31
TKT-50C0F71B,CUST-A24E4A4D,2025-11-01,2025-11-08,Closed,High,How-to,6
TKT-F11EDA80,CUST-4BF6001B,2025-08-14,2025-08-23,Closed,Low,Bug,57
TKT-0D8AF31A,CUST-4BF6001B,2025-10-16,2025-10-22,Closed,Urgent,Billing,51
TKT-3678030D,CUST-4BF6001B,2025-05-03,2025-05-06,Closed,Low,Billing,68
TKT-B62B1CB1,CUST-4BF6001B,2025-04-13,2025-04-20,Closed,Medium,Technical,45
TKT-C032791C,CUST-4BF6001B,2025-08-25,2025-08-28,Closed,High,How-to,16
TKT-21C20DA6,CUST-0D41E8EE,2026-01-19,2026-01-23,Closed,Low,Technical,11
TKT-5BBF61A5,CUST-0D41E8EE,2026-02-22,2026-02-24,Closed,Urgent,Bug,43
TKT-5822A256,CUST-0D41E8EE,2026-02-14,2026-02-21,Closed,Medium,Billing,61
TKT-C9F12CDE,CUST-0D41E8EE,2026-01-22,2026-02-01,Closed,Low,Technical,57
TKT-2BF98EBA,CUST-0EA0AC68,2024-11-24,2024-11-26,Closed,Medium,Technical,15
TKT-A36CDC48,CUST-32AF6D55,2025-02-28,2025-03-09,Closed,Low,Technical,67
TKT-8FE32689,CUST-D01682D5,2025-06-08,2025-06-12,Closed,Medium,Technical,71
TKT-4FEA9D17,CUST-D01682D5,2025-08-27,2025-08-30,Closed,Low,Bug,33
TKT-404CCEFF,CUST-D1786905,2026-01-27,2026-02-05,Closed,Medium,Technical,42
TKT-C8DC6BBA,CUST-517C8393,2025-06-20,2025-06-29,Closed,Urgent,How-to,67
TKT-498D7F0F,CUST-517C8393,2025-07-28,2025-08-07,Closed,Low,Billing,66
TKT-D1FB8169,CUST-D9286B3B,2026-03-09,2026-03-16,Closed,Low,How-to,7
TKT-0A348B90,CUST-085EA84A,2025-08-17,2025-08-26,Closed,Medium,Technical,70
TKT-DB2F563E,CUST-085EA84A,2025-09-19,2025-09-29,Closed,High,How-to,37
TKT-9EF0A6D9,CUST-085EA84A,2025-09-01,2025-09-06,Closed,Low,Billing,36
TKT-2874A868,CUST-E20BA9AE,2025-09-30,2025-10-03,Closed,Urgent,Bug,50
TKT-4C3AEFC6,CUST-E20BA9AE,2025-09-28,2025-10-08,Closed,Urgent,Bug,47
TKT-01F65FE7,CUST-159DDF9F,2026-01-12,2026-01-13,Closed,Medium,Bug,45
TKT-F74B9740,CUST-159DDF9F,2025-10-14,2025-10-16,Closed,Urgent,Bug,68
TKT-DBBFF72B,CUST-159DDF9F,2025-08-17,2025-08-20,Closed,Low,Billing,1
TKT-F9735458,CUST-BFC0D6D6,2025-04-06,2025-04-14,Closed,Medium,How-to,25
TKT-4FF61A55,CUST-BFC0D6D6,2024-09-06,2024-09-15,Closed,Urgent,Technical,65
TKT-07671AF9,CUST-BFC0D6D6,2024-09-26,2024-10-02,Closed,Urgent,Bug,30
TKT-35E3595F,CUST-3DB41889,2025-07-16,2025-07-20,Closed,Urgent,Billing,27
TKT-B684D84F,CUST-7097D913,2024-12-21,2024-12-22,Closed,Low,Billing,45
TKT-3327352D,CUST-7097D913,2024-07-17,2024-07-27,Closed,High,How-to,64
TKT-86CE7FFB,CUST-7097D913,2025-02-26,2025-03-01,Closed,Medium,Billing,46
TKT-92B6D85E,CUST-B1428649,2026-01-16,2026-01-19,Closed,High,How-to,58
TKT-859B5ABF,CUST-B1428649,2026-01-18,2026-01-22,Closed,Medium,Technical,19
TKT-1F3AA3C5,CUST-7159794D,2026-03-13,2026-03-17,Closed,High,How-to,18
TKT-80C4588C,CUST-713A7B4E,2026-01-09,2026-01-10,Closed,High,Bug,39
TKT-0944ECE1,CUST-713A7B4E,2025-10-08,2025-10-15,Closed,Medium,How-to,23
TKT-A61E5033,CUST-F83A4925,2025-08-28,2025-08-31,Closed,Urgent,Billing,18
TKT-06B96D31,CUST-F83A4925,2025-05-29,2025-06-01,Closed,Medium,Billing,15
TKT-F3178883,CUST-F83A4925,2025-05-25,2025-05-31,Closed,Medium,Billing,39
TKT-AD227F04,CUST-66D289AB,2026-02-13,2026-02-18,Closed,High,Billing,66
TKT-772DB026,CUST-66D289AB,2026-03-25,2026-03-26,Closed,High,How-to,19
TKT-8797049B,CUST-66D289AB,2026-02-26,2026-03-05,Closed,Urgent,Technical,10
TKT-4BC30192,CUST-66D289AB,2025-10-06,2025-10-08,Closed,Medium,Billing,50
TKT-AEECD098,CUST-02F91E61,2025-08-01,2025-08-05,Closed,High,Billing,62
TKT-66B0DC0F,CUST-02F91E61,2026-02-13,2026-02-23,Closed,Low,Bug,63
TKT-7CEF5051,CUST-02F91E61,2025-10-06,2025-10-07,Closed,High,Billing,43
TKT-50AEAF4B,CUST-9317BE17,2025-10-07,2025-10-14,Closed,High,Technical,2
TKT-ABC330E7,CUST-9317BE17,2025-12-19,2025-12-23,Closed,Low,Technical,64
TKT-AB4DB1B3,CUST-9317BE17,2025-08-01,2025-08-02,Closed,Urgent,Billing,40
TKT-5059248B,CUST-9317BE17,2025-05-25,2025-05-29,Closed,Medium,Bug,23
TKT-C5300E3E,CUST-9317BE17,2025-10-04,2025-10-05,Closed,Medium,Billing,37
TKT-620C5BC0,CUST-8C1BDC39,2025-06-30,2025-07-02,Closed,Medium,How-to,21
TKT-6C73298A,CUST-8C1BDC39,2025-07-28,2025-08-05,Closed,Urgent,How-to,72
TKT-4387D2D8,CUST-9BF68CF9,2024-12-31,2025-01-04,Closed,Low,Bug,40
TKT-70111E89,CUST-9BF68CF9,2024-09-07,2024-09-14,Closed,Urgent,How-to,9
TKT-72470D96,CUST-B7961BC2,2025-01-30,2025-02-05,Closed,Urgent,Bug,5
TKT-44382C16,CUST-B7961BC2,2024-09-23,2024-09-26,Closed,Low,Technical,3
TKT-6FB17FE7,CUST-7A7AF523,2025-02-26,2025-02-28,Closed,High,Technical,21
TKT-DAF9B694,CUST-7A7AF523,2025-07-24,2025-07-31,Closed,High,How-to,69
TKT-35DFBA38,CUST-9E304AFA,2025-02-27,2025-03-07,Closed,Low,How-to,57
TKT-65ACC577,CUST-9E304AFA,2025-01-15,2025-01-22,Closed,Low,How-to,38
TKT-D287065F,CUST-9E304AFA,2025-02-12,2025-02-22,Closed,Medium,Billing,65
TKT-815F9FA4,CUST-C60BAF2B,2025-06-28,2025-07-05,Closed,Urgent,Technical,31
TKT-71D62C09,CUST-C60BAF2B,2025-06-30,2025-07-03,Closed,Low,Technical,5
TKT-4334B051,CUST-C60BAF2B,2026-01-02,2026-01-07,Closed,Urgent,Billing,67
TKT-731EDE5B,CUST-C60BAF2B,2025-05-04,2025-05-11,Closed,Medium,Technical,65
TKT-46603B6B,CUST-C60BAF2B,2025-09-14,2025-09-18,Closed,Urgent,Billing,11
TKT-1A395493,CUST-25BCEBD3,2025-08-31,2025-09-09,Closed,Low,How-to,61
TKT-F398D2A5,CUST-25BCEBD3,2025-09-17,2025-09-19,Closed,Low,How-to,39
TKT-5D39E8E8,CUST-25BCEBD3,2026-03-13,2026-03-15,Closed,Medium,How-to,66
TKT-7700ACCA,CUST-29FA7124,2025-09-19,2025-09-22,Closed,Low,How-to,61
TKT-EE3FBBD3,CUST-29FA7124,2025-12-15,2025-12-25,Closed,High,Billing,17
TKT-054DC1C0,CUST-29FA7124,2026-01-04,2026-01-11,Closed,Medium,Billing,60
TKT-B46F28C2,CUST-82C25789,2025-08-05,2025-08-07,Closed,Low,How-to,40
TKT-0201056E,CUST-82C25789,2025-10-24,2025-10-29,Closed,Medium,Bug,21
TKT-195A8750,CUST-82C25789,2025-09-26,2025-09-27,Closed,Medium,How-to,66
TKT-C62AD795,CUST-82C25789,2025-12-29,2026-01-01,Closed,High,How-to,31
TKT-C8F086A5,CUST-4531BF5D,2025-09-26,2025-10-06,Closed,Urgent,How-to,53
TKT-160291CB,CUST-4531BF5D,2026-04-05,2026-04-12,Closed,High,How-to,40
TKT-7604DA61,CUST-4531BF5D,2026-02-01,2026-02-09,Closed,Medium,How-to,28
TKT-CA4F2FA0,CUST-4531BF5D,2025-09-01,2025-09-05,Closed,Urgent,How-to,63
TKT-FF9C725F,CUST-4531BF5D,2025-09-05,2025-09-10,Closed,High,Billing,22
TKT-7C2109A1,CUST-720D85B4,2024-09-19,2024-09-21,Closed,Medium,Billing,32
TKT-B44E20B7,CUST-720D85B4,2024-10-23,2024-10-26,Closed,Low,Technical,40
TKT-DA68DAC6,CUST-720D85B4,2024-06-29,2024-07-06,Closed,Medium,How-to,10
TKT-935E711E,CUST-720D85B4,2025-03-18,2025-03-25,Closed,Urgent,Bug,37
TKT-DB0A204F,CUST-259B406D,2025-11-20,2025-11-26,Closed,Medium,Technical,51
TKT-DBD5FFB1,CUST-259B406D,2026-01-25,2026-02-02,Closed,High,Technical,33
TKT-721BE8C8,CUST-911BBCCC,2026-03-03,2026-03-13,Closed,Urgent,Bug,46
TKT-8681601E,CUST-F417353C,2025-12-29,2025-12-31,Closed,High,Billing,55
TKT-6889E450,CUST-D1CBAACD,2026-04-03,2026-04-05,Closed,High,Bug,26
TKT-43713AD2,CUST-D1CBAACD,2025-10-28,2025-11-01,Closed,Low,Billing,67
TKT-7E7A95E2,CUST-D1CBAACD,2025-07-15,2025-07-18,Closed,High,Technical,44
TKT-6CDBC11F,CUST-D1CBAACD,2026-03-22,2026-03-23,Closed,High,Technical,24
TKT-A9D57037,CUST-D1CBAACD,2025-11-19,2025-11-26,Closed,Urgent,Technical,22
TKT-83031527,CUST-6ADEA430,2026-01-25,2026-01-30,Closed,Medium,Billing,61
TKT-24B811A6,CUST-6ADEA430,2026-01-22,2026-01-23,Closed,Low,Billing,39
TKT-9217EC46,CUST-6ADEA430,2025-11-12,2025-11-13,Closed,Urgent,Technical,39
TKT-1E02FAF7,CUST-6ADEA430,2025-08-27,2025-09-01,Closed,Low,Technical,14
TKT-A1E578C2,CUST-5C538CBA,2026-02-14,2026-02-21,Closed,High,Bug,41
TKT-77F7834E,CUST-0C211463,2025-07-12,2025-07-14,Closed,Urgent,Billing,51
TKT-7A1D505B,CUST-88001C45,2024-12-15,2024-12-20,Closed,Urgent,Technical,32
TKT-2071A2D9,CUST-88001C45,2024-06-05,2024-06-06,Closed,Urgent,Billing,57
TKT-CA6438F8,CUST-389E18CE,2025-06-14,2025-06-22,Closed,High,Bug,51
TKT-709CE015,CUST-FC82BB75,2025-03-20,2025-03-26,Closed,Low,Bug,28
TKT-71C37246,CUST-FC82BB75,2025-04-20,2025-04-24,Closed,Low,Bug,62
TKT-409718EF,CUST-FC82BB75,2025-12-10,2025-12-14,Closed,High,Bug,60
TKT-6CBF2E95,CUST-1586638C,2025-01-26,2025-02-03,Closed,Urgent,Technical,61
TKT-EE2CDB16,CUST-1586638C,2025-06-07,2025-06-10,Closed,Medium,How-to,40
TKT-6E8AF199,CUST-1586638C,2025-01-02,2025-01-07,Closed,Low,Technical,22
TKT-5BC45881,CUST-3D30A1EE,2025-08-06,2025-08-11,Closed,Low,Bug,10
TKT-E67DC4FA,CUST-3D30A1EE,2025-02-16,2025-02-25,Closed,Low,Technical,63
TKT-306AA1C9,CUST-3D30A1EE,2025-06-17,2025-06-19,Closed,Medium,Technical,18
TKT-FB7476A3,CUST-581F461D,2025-11-08,2025-11-11,Closed,Urgent,Bug,55
TKT-49AB75B4,CUST-581F461D,2025-04-18,2025-04-21,Closed,High,Bug,36
TKT-F89A49B0,CUST-581F461D,2025-12-18,2025-12-28,Closed,Low,Bug,71
TKT-59FC5699,CUST-581F461D,2025-10-17,2025-10-25,Closed,Low,Billing,37
TKT-F890FC0E,CUST-581F461D,2025-11-08,2025-11-10,Closed,Low,Billing,40
TKT-644DAAA2,CUST-717AFC32,2026-02-28,2026-03-01,Closed,Urgent,Technical,38
TKT-71166DBF,CUST-26D0DA5B,2025-05-23,2025-05-31,Closed,Urgent,Technical,25
TKT-D8B68A7F,CUST-26D0DA5B,2024-12-30,2025-01-05,Closed,Low,Technical,67
TKT-387D7A07,CUST-26D0DA5B,2025-05-07,2025-05-16,Closed,Low,Technical,35
TKT-B7E8B0F8,CUST-26D0DA5B,2025-07-11,2025-07-13,Closed,High,Bug,4
TKT-8C14FD59,CUST-2FA78A53,2026-03-12,2026-03-17,Closed,High,Billing,59
TKT-0F4697C4,CUST-2FA78A53,2026-01-28,2026-02-04,Closed,High,How-to,45
TKT-95603C91,CUST-C15C4E29,2024-09-19,2024-09-28,Closed,Low,Bug,54
TKT-4C32131D,CUST-C15C4E29,2024-11-21,2024-11-23,Closed,Urgent,How-to,24
TKT-3EFA087E,CUST-C15C4E29,2024-06-25,2024-07-01,Closed,Medium,Technical,34
TKT-5701B768,CUST-C15C4E29,2024-08-07,2024-08-13,Closed,Medium,Billing,17
TKT-7B55A538,CUST-16D0D0C4,2026-01-28,2026-02-05,Closed,Medium,Billing,65
TKT-BCA7DF20,CUST-16EB2332,2024-11-25,2024-11-27,Closed,Low,How-to,54
TKT-B7AE6444,CUST-16EB2332,2025-09-15,2025-09-22,Closed,Low,Technical,18
TKT-DCAF72BF,CUST-16EB2332,2024-11-30,2024-12-03,Closed,Medium,Billing,31
TKT-F15D97AD,CUST-2B2FEA72,2025-08-09,2025-08-10,Closed,Urgent,Bug,52
TKT-6719194A,CUST-AFE0FEA3,2025-07-16,2025-07-25,Closed,High,How-to,10
TKT-E9E4D051,CUST-AFE0FEA3,2025-06-28,2025-07-06,Closed,Low,Bug,70
TKT-A7532060,CUST-ECFDA835,2026-02-12,2026-02-19,Closed,Urgent,Technical,18
TKT-164C1693,CUST-ECFDA835,2025-12-08,2025-12-14,Closed,High,Bug,38
TKT-AA4DA506,CUST-ECFDA835,2025-12-20,2025-12-26,Closed,High,Billing,9
TKT-5D858D12,CUST-ECFDA835,2025-11-18,2025-11-28,Closed,Medium,Billing,3
TKT-BBB0F2B8,CUST-BF8F5E08,2025-02-01,2025-02-10,Closed,Medium,Bug,54
TKT-836DE090,CUST-BF8F5E08,2024-11-21,2024-11-30,Closed,Low,Bug,46
TKT-60E50C5D,CUST-44C82EE4,2025-12-14,2025-12-17,Closed,Medium,Technical,38
TKT-0E48A1BB,CUST-44C82EE4,2025-07-05,2025-07-11,Closed,High,Billing,6
TKT-7EAD23D5,CUST-44C82EE4,2025-07-10,2025-07-15,Closed,Low,Technical,41
TKT-A7947655,CUST-44C82EE4,2025-07-25,2025-07-26,Closed,Low,Bug,52
TKT-A452A066,CUST-1FB81845,2025-11-15,2025-11-22,Closed,High,Bug,2
TKT-2DE69C2A,CUST-1FB81845,2025-11-11,2025-11-20,Closed,Urgent,Technical,66
TKT-EBFD25CB,CUST-1FB81845,2025-05-26,2025-06-05,Closed,Urgent,Billing,41
TKT-08F5D090,CUST-1FB81845,2026-02-19,2026-02-22,Closed,Medium,How-to,34
TKT-1A26541E,CUST-1FB81845,2025-08-20,2025-08-30,Closed,Medium,How-to,65
TKT-240A440C,CUST-023F303E,2025-11-19,2025-11-22,Closed,Urgent,Technical,48
TKT-A679C5E8,CUST-A3459293,2025-03-23,2025-03-26,Closed,Medium,How-to,15
TKT-2BD0CA75,CUST-A3459293,2025-04-18,2025-04-25,Closed,Urgent,Bug,70
TKT-BB661C61,CUST-A3459293,2025-09-10,2025-09-17,Closed,Urgent,Billing,6
TKT-4F782E05,CUST-FECC133E,2025-11-23,2025-12-03,Closed,Low,How-to,24
TKT-0486C358,CUST-A00C3195,2025-04-18,2025-04-23,Closed,Medium,How-to,65
TKT-7F02506D,CUST-A00C3195,2025-09-19,2025-09-25,Closed,Urgent,How-to,56
TKT-4D2962CC,CUST-A00C3195,2025-04-19,2025-04-27,Closed,Medium,Bug,71
TKT-F346AEED,CUST-A00C3195,2025-04-27,2025-05-03,Closed,Medium,How-to,34
TKT-651521C3,CUST-B01E9898,2026-03-22,2026-03-29,Closed,Low,How-to,12
TKT-2510B7E2,CUST-B01E9898,2026-01-20,2026-01-26,Closed,Medium,Billing,31
TKT-B0A169B9,CUST-B01E9898,2026-04-07,2026-04-11,Closed,Low,How-to,49
TKT-9771C0DB,CUST-22C14FD9,2025-05-26,2025-05-31,Closed,Low,Billing,26
TKT-EF5A8DD0,CUST-22C14FD9,2025-05-14,2025-05-22,Closed,Low,Billing,37
TKT-E0D16705,CUST-22C14FD9,2025-04-17,2025-04-18,Closed,Medium,Technical,30
TKT-651349E1,CUST-6EA960EA,2024-11-10,2024-11-17,Closed,High,How-to,60
TKT-CC1714E8,CUST-6EA960EA,2025-06-06,2025-06-11,Closed,High,Bug,44
TKT-305EFE5A,CUST-2645B381,2025-08-10,2025-08-12,Closed,Low,How-to,14
TKT-E306B699,CUST-2645B381,2025-06-17,2025-06-23,Closed,Low,Bug,52
TKT-B097F614,CUST-2645B381,2025-10-14,2025-10-16,Closed,Medium,Technical,53
TKT-4DC796DD,CUST-7B0333AA,2025-01-29,2025-02-03,Closed,Low,How-to,8
TKT-EC7693BA,CUST-7B0333AA,2025-01-22,2025-01-30,Closed,Medium,Bug,66
TKT-4DCD35D9,CUST-7B0333AA,2025-03-26,2025-04-02,Closed,Low,Technical,54
TKT-6048AB35,CUST-7B0333AA,2024-07-31,2024-08-02,Closed,Urgent,Bug,61
TKT-8743B57B,CUST-24A32BDC,2024-09-23,2024-10-03,Closed,Urgent,How-to,49
TKT-E16C9AF5,CUST-24A32BDC,2024-08-23,2024-08-28,Closed,Urgent,Billing,61
TKT-B8BD3A1E,CUST-24A32BDC,2024-10-29,2024-10-30,Closed,Urgent,How-to,58
TKT-151CDD13,CUST-24A32BDC,2024-12-01,2024-12-10,Closed,Medium,Billing,4
TKT-887E5600,CUST-FF7DCDB3,2025-12-17,2025-12-25,Closed,High,Billing,26
TKT-DD53F119,CUST-FF7DCDB3,2025-10-16,2025-10-18,Closed,High,Billing,55
TKT-59C015AD,CUST-110057AA,2026-04-11,2026-04-17,Closed,Medium,Billing,20
TKT-62B43C56,CUST-110057AA,2025-11-14,2025-11-22,Closed,Medium,Technical,38
TKT-97B496A1,CUST-D62108F4,2025-10-20,2025-10-26,Closed,Low,Bug,72
TKT-1B24F1F9,CUST-D62108F4,2026-01-25,2026-02-03,Closed,Urgent,Technical,69
TKT-FD82B8E9,CUST-5D0FC132,2026-01-14,2026-01-23,Closed,Low,Bug,55
TKT-C53587BE,CUST-D3B2A135,2025-01-28,2025-02-01,Closed,High,How-to,72
TKT-024C1A58,CUST-D3B2A135,2024-09-06,2024-09-13,Closed,High,Billing,67
TKT-6F24C172,CUST-581D46E9,2026-04-12,2026-04-17,Closed,Medium,Billing,48
TKT-B1C449C7,CUST-102E6222,2025-10-29,2025-11-04,Closed,High,Bug,59
TKT-653FB2B3,CUST-102E6222,2025-08-09,2025-08-18,Closed,High,How-to,9
TKT-1F9DB332,CUST-102E6222,2025-10-23,2025-10-30,Closed,High,Bug,58
TKT-52E1BC78,CUST-102E6222,2026-02-20,2026-03-02,Closed,Low,Technical,61
TKT-24E550E4,CUST-5074AE49,2026-04-26,2026-05-02,Closed,Medium,How-to,55
TKT-917991D7,CUST-5074AE49,2026-04-27,2026-05-01,Closed,Medium,Bug,3
TKT-A4236D38,CUST-02F4B2E5,2024-12-14,2024-12-17,Closed,Medium,Bug,62
TKT-10515602,CUST-02F4B2E5,2025-03-14,2025-03-18,Closed,Urgent,Billing,12
TKT-F6730636,CUST-02F4B2E5,2025-03-09,2025-03-19,Closed,Urgent,Bug,37
TKT-8B323946,CUST-02F4B2E5,2025-05-02,2025-05-06,Closed,Low,Technical,58
TKT-5857487D,CUST-02F4B2E5,2025-03-09,2025-03-18,Closed,Urgent,Bug,60
TKT-6AFE661F,CUST-8BFBD4B7,2025-11-11,2025-11-17,Closed,Medium,How-to,53
TKT-C9D7646D,CUST-8BFBD4B7,2025-09-27,2025-10-05,Closed,Low,How-to,14
TKT-6847F203,CUST-8BFBD4B7,2026-01-27,2026-01-29,Closed,High,Technical,62
TKT-5F11D2D0,CUST-8BFBD4B7,2025-10-28,2025-11-01,Closed,Medium,Bug,35
TKT-41D12433,CUST-8BFBD4B7,2025-05-18,2025-05-28,Closed,Medium,Technical,56
TKT-BFEB8370,CUST-E356EB0D,2026-02-15,2026-02-25,Closed,Medium,Technical,57
TKT-6E048724,CUST-E356EB0D,2025-10-20,2025-10-22,Closed,Medium,How-to,12
TKT-EE54B5B3,CUST-E356EB0D,2025-12-31,2026-01-06,Closed,Urgent,How-to,54
TKT-4C9F483A,CUST-E356EB0D,2025-08-16,2025-08-21,Closed,Low,Technical,36
TKT-025B7EB8,CUST-E356EB0D,2025-05-26,2025-06-02,Closed,High,How-to,7
TKT-60BEE37A,CUST-1FD26BD1,2025-05-21,2025-05-22,Closed,Urgent,Technical,13
TKT-53AE0190,CUST-A68ECECD,2024-12-01,2024-12-08,Closed,Medium,How-to,54
TKT-B60D2B22,CUST-A68ECECD,2025-04-01,2025-04-09,Closed,Low,How-to,21
TKT-C408A006,CUST-A68ECECD,2025-04-19,2025-04-28,Closed,Urgent,How-to,31
TKT-3C2E796B,CUST-494408AC,2025-05-03,2025-05-06,Closed,Medium,Bug,49
TKT-CEF00469,CUST-EE3C9DC4,2025-06-30,2025-07-04,Closed,High,How-to,9
TKT-EC6C5EE8,CUST-2786C911,2025-07-06,2025-07-15,Closed,Urgent,Billing,23
TKT-E7BEB7B6,CUST-2786C911,2025-05-11,2025-05-15,Closed,Urgent,How-to,54
TKT-D00DF9D2,CUST-2786C911,2025-09-30,2025-10-09,Closed,High,Billing,10
TKT-96F9EA3A,CUST-2786C911,2025-02-09,2025-02-10,Closed,Urgent,Billing,6
TKT-3C367F70,CUST-BF24C6DE,2026-04-29,2026-05-02,Closed,Urgent,Bug,55
TKT-0DD39430,CUST-0AB4038C,2025-10-04,2025-10-10,Closed,Medium,Technical,55
TKT-F04F46FD,CUST-0AB4038C,2025-09-17,2025-09-22,Closed,Low,Technical,60
TKT-0FF7572D,CUST-A3AC2F01,2025-04-29,2025-05-04,Closed,Low,Bug,46
TKT-8D1D51F2,CUST-1E21E938,2025-02-15,2025-02-22,Closed,High,Billing,36
TKT-CA834EEE,CUST-1E21E938,2025-07-22,2025-07-23,Closed,Urgent,Billing,63
TKT-A12C538D,CUST-451153EF,2024-09-19,2024-09-25,Closed,High,Billing,6
TKT-FD771E72,CUST-451153EF,2024-07-26,2024-08-02,Closed,Low,Billing,51
TKT-50FECC80,CUST-451153EF,2025-01-19,2025-01-22,Closed,Medium,How-to,71
TKT-590BAE48,CUST-451153EF,2025-01-11,2025-01-15,Closed,Urgent,Bug,7
TKT-E4710649,CUST-451153EF,2024-08-11,2024-08-16,Closed,High,How-to,42
TKT-EDBCE848,CUST-BBC85AFD,2025-08-31,2025-09-09,Closed,Medium,Technical,52
TKT-E54249E1,CUST-BBC85AFD,2025-10-03,2025-10-09,Closed,Urgent,How-to,24
TKT-23848E0D,CUST-5BC00145,2025-02-18,2025-02-19,Closed,High,Billing,50
TKT-63F764DE,CUST-63B14F12,2025-06-25,2025-06-30,Closed,Medium,How-to,35
TKT-33EB5E34,CUST-63B14F12,2025-07-05,2025-07-06,Closed,Medium,How-to,11
TKT-D1B53271,CUST-91DBF105,2025-09-24,2025-09-28,Closed,Urgent,Billing,37
TKT-DEB3C05E,CUST-91DBF105,2025-12-05,2025-12-06,Closed,Urgent,Bug,49
TKT-770E325F,CUST-F8F8812D,2025-05-03,2025-05-11,Closed,Medium,Bug,4
TKT-06F40AFF,CUST-7215EE87,2025-06-18,2025-06-25,Closed,Low,Technical,68
TKT-3BA74806,CUST-7215EE87,2025-07-10,2025-07-11,Closed,Low,How-to,72
TKT-82403286,CUST-593B3686,2026-01-14,2026-01-17,Closed,Urgent,How-to,31
TKT-092A4866,CUST-593B3686,2025-12-10,2025-12-15,Closed,High,Billing,50
TKT-5CB91509,CUST-DD10A3F2,2025-05-01,2025-05-10,Closed,Urgent,Billing,29
TKT-B972497A,CUST-DD10A3F2,2025-05-29,2025-06-04,Closed,High,How-to,70
TKT-CE11D737,CUST-DD10A3F2,2024-11-08,2024-11-10,Closed,Urgent,Bug,53
TKT-5561424E,CUST-DD10A3F2,2025-06-07,2025-06-13,Closed,High,How-to,70
TKT-780A69DC,CUST-DD10A3F2,2024-12-29,2025-01-02,Closed,Medium,How-to,55
TKT-A842C231,CUST-D4830153,2025-12-28,2025-12-31,Closed,High,How-to,20
TKT-14480DBA,CUST-D4830153,2025-10-25,2025-11-03,Closed,High,Technical,49
TKT-73B69948,CUST-D4830153,2025-11-07,2025-11-08,Closed,Low,Billing,18
TKT-13BA7D11,CUST-A7274F8F,2025-04-04,2025-04-10,Closed,Medium,Technical,4
TKT-86863157,CUST-8A5CB623,2026-02-17,2026-02-27,Closed,High,Bug,34
TKT-9020A5FD,CUST-EC407A61,2025-04-14,2025-04-23,Closed,High,Bug,71
TKT-929FDF02,CUST-6D2A8F0A,2024-11-23,2024-11-30,Closed,High,Bug,1
TKT-9AFD5CCC,CUST-6D2A8F0A,2025-04-21,2025-04-24,Closed,Urgent,Billing,34
TKT-C6C1EEB3,CUST-6D2A8F0A,2025-02-22,2025-02-27,Closed,High,How-to,2
TKT-272ADDF7,CUST-6D2A8F0A,2025-03-06,2025-03-16,Closed,Urgent,How-to,39
TKT-CB7CAD7A,CUST-6D2A8F0A,2024-10-24,2024-10-29,Closed,Low,Billing,40
TKT-3683847C,CUST-388930EF,2025-05-19,2025-05-27,Closed,Low,Billing,48
TKT-2188AD96,CUST-388930EF,2025-10-01,2025-10-08,Closed,Low,Bug,50
TKT-040BCAB2,CUST-802C9044,2025-02-21,2025-02-24,Closed,Medium,How-to,12
TKT-28A34AF1,CUST-802C9044,2024-11-23,2024-11-26,Closed,Urgent,How-to,31
TKT-8A5E5D2A,CUST-802C9044,2025-05-27,2025-05-30,Closed,Medium,Technical,48
TKT-2AF7C164,CUST-802C9044,2024-08-07,2024-08-09,Closed,Urgent,How-to,62
TKT-6991817F,CUST-14D4381E,2025-05-10,2025-05-11,Closed,Urgent,Billing,25
TKT-A2F5AEB9,CUST-14D4381E,2025-06-05,2025-06-07,Closed,Low,Billing,51
TKT-4CBEFFDD,CUST-14D4381E,2025-09-18,2025-09-27,Closed,High,How-to,1
TKT-7DB43D3A,CUST-AE2DE60C,2025-12-11,2025-12-18,Closed,Medium,Technical,61
TKT-11602D76,CUST-AE2DE60C,2025-10-13,2025-10-19,Closed,High,Bug,10
TKT-22D19F40,CUST-AE2DE60C,2025-11-23,2025-12-03,Closed,Urgent,Technical,29
TKT-BF197751,CUST-82C553A8,2025-06-26,2025-06-30,Closed,High,Billing,8
TKT-8F601D84,CUST-82C553A8,2024-10-04,2024-10-09,Closed,Urgent,Billing,44
TKT-F6CCBB6B,CUST-82C553A8,2025-06-13,2025-06-15,Closed,Medium,How-to,51
TKT-994E68D3,CUST-82C553A8,2025-05-23,2025-05-26,Closed,Urgent,Billing,11
TKT-5187EDB4,CUST-11C15E6F,2026-02-10,2026-02-11,Closed,High,Billing,35
TKT-8D9C0E72,CUST-11C15E6F,2025-12-14,2025-12-15,Closed,Low,Technical,12
TKT-E6E12B25,CUST-11C15E6F,2026-04-14,2026-04-24,Closed,High,Technical,8
TKT-6C8362F8,CUST-0B94F615,2025-03-01,2025-03-09,Closed,Urgent,How-to,30
TKT-AC315AE6,CUST-0B94F615,2025-02-04,2025-02-06,Closed,Medium,Technical,71
TKT-A84F45E0,CUST-83F15F85,2025-09-30,2025-10-03,Closed,Medium,Billing,36
TKT-819BC9D2,CUST-83F15F85,2025-08-21,2025-08-24,Closed,High,Bug,66
TKT-2B8DBE75,CUST-83F15F85,2026-01-12,2026-01-18,Closed,Medium,Technical,4
TKT-19DE552B,CUST-E6536AFB,2025-10-09,2025-10-18,Closed,Urgent,How-to,40
TKT-1A780D79,CUST-E6536AFB,2025-08-06,2025-08-07,Closed,Medium,Billing,13
TKT-84738116,CUST-E6536AFB,2026-03-21,2026-03-27,Closed,Urgent,How-to,24
TKT-15801539,CUST-E6536AFB,2025-08-24,2025-08-27,Closed,High,Technical,34
TKT-A5B85F5D,CUST-E6536AFB,2026-03-30,2026-04-02,Closed,Low,Technical,35
TKT-600E27F0,CUST-47982525,2025-01-19,2025-01-20,Closed,Urgent,Technical,52
TKT-C9C94F67,CUST-47982525,2025-04-16,2025-04-18,Closed,High,Bug,45
TKT-E173AB09,CUST-B110201C,2025-07-03,2025-07-06,Closed,Low,Billing,18
TKT-A7BE53C6,CUST-B110201C,2025-04-30,2025-05-10,Closed,Low,Bug,63
TKT-CA79E4A8,CUST-B110201C,2025-10-18,2025-10-23,Closed,High,Bug,70
TKT-0DB8D6DB,CUST-B110201C,2025-10-18,2025-10-20,Closed,Urgent,Technical,71
TKT-97A09F55,CUST-F27DA024,2024-11-09,2024-11-15,Closed,Low,Technical,16
TKT-F7F40C56,CUST-4A17BCAE,2026-02-25,2026-02-28,Closed,High,Technical,10
TKT-17422BD5,CUST-4A17BCAE,2026-01-02,2026-01-10,Closed,Low,Bug,22
TKT-4DB7644F,CUST-BD228B9A,2025-10-21,2025-10-28,Closed,Medium,How-to,8
TKT-8D82EF78,CUST-BD228B9A,2025-10-18,2025-10-20,Closed,Urgent,How-to,66
TKT-9A7C64D6,CUST-E1039D02,2025-11-05,2025-11-14,Closed,High,Billing,5
TKT-389F3635,CUST-D6736D3A,2026-03-27,2026-03-29,Closed,High,Bug,58
TKT-852AC791,CUST-D6736D3A,2025-08-29,2025-09-07,Closed,Urgent,Billing,64
TKT-CA1C1A26,CUST-D6736D3A,2025-10-23,2025-10-27,Closed,Low,Billing,44
TKT-BCC66F3B,CUST-C8203950,2025-12-02,2025-12-07,Closed,Urgent,Technical,57
TKT-0344DE85,CUST-D0A507B4,2025-02-26,2025-03-03,Closed,High,Technical,20
TKT-54589B63,CUST-208C4C5F,2025-02-10,2025-02-18,Closed,High,Bug,8
TKT-63BF76FD,CUST-208C4C5F,2024-12-03,2024-12-10,Closed,Medium,Bug,47
TKT-1B6B41E7,CUST-208C4C5F,2025-05-29,2025-06-04,Closed,Medium,Billing,24
TKT-EF8C0468,CUST-208C4C5F,2025-01-19,2025-01-27,Closed,Low,Technical,4
TKT-D87B9A4B,CUST-208C4C5F,2025-04-20,2025-04-23,Closed,High,Bug,62
TKT-BC385BE6,CUST-D2E77D29,2026-04-21,2026-04-24,Closed,Urgent,How-to,1
TKT-64344F0E,CUST-D2E77D29,2025-11-12,2025-11-19,Closed,Medium,Billing,69
TKT-1F16ED75,CUST-D2E77D29,2025-08-06,2025-08-08,Closed,Urgent,Technical,57
TKT-63EAA835,CUST-D2E77D29,2025-09-12,2025-09-14,Closed,Urgent,How-to,30
TKT-B98F576B,CUST-D2E77D29,2026-03-03,2026-03-04,Closed,Urgent,Bug,24
TKT-43E288EB,CUST-BAF03B4F,2025-02-14,2025-02-16,Closed,High,How-to,50
TKT-34908B46,CUST-BAF03B4F,2025-03-16,2025-03-18,Closed,Low,Billing,50
TKT-DEE27FA6,CUST-BAF03B4F,2025-03-09,2025-03-12,Closed,High,How-to,64
TKT-F2279DCE,CUST-BAF03B4F,2024-08-05,2024-08-08,Closed,High,Technical,19
TKT-62BE54AE,CUST-BAF03B4F,2024-12-05,2024-12-07,Closed,High,Bug,5
TKT-1292F33D,CUST-695098EA,2026-03-19,2026-03-22,Closed,Low,Technical,13
TKT-3ADD025E,CUST-9C019996,2024-10-14,2024-10-15,Closed,Urgent,Billing,71
TKT-CA7B9CBF,CUST-9C019996,2024-10-14,2024-10-17,Closed,Medium,Technical,3
TKT-BF055964,CUST-9C019996,2025-04-23,2025-04-25,Closed,High,Technical,39
TKT-C63151AB,CUST-9C019996,2024-10-24,2024-10-26,Closed,Urgent,Billing,31
TKT-FC5C98A2,CUST-5EFAA543,2026-03-14,2026-03-16,Closed,Medium,How-to,43
TKT-6639C462,CUST-5EFAA543,2026-03-10,2026-03-12,Closed,Low,Bug,9
TKT-1D3CF550,CUST-5EFAA543,2026-01-28,2026-02-01,Closed,High,Bug,7
TKT-D96EBAF6,CUST-CCD4B251,2025-06-26,2025-06-28,Closed,Medium,Technical,30
TKT-C9763C80,CUST-CCD4B251,2025-10-22,2025-10-25,Closed,Urgent,Billing,70
TKT-4F91A585,CUST-CCD4B251,2025-11-20,2025-11-28,Closed,Medium,Technical,23
TKT-4FE01B17,CUST-80F62A5D,2026-01-02,2026-01-06,Closed,Medium,Technical,6
TKT-5CCFECE7,CUST-80F62A5D,2026-04-29,2026-05-02,Closed,High,Billing,30
TKT-9BD52888,CUST-ACE965ED,2025-01-26,2025-02-02,Closed,Urgent,Bug,65
TKT-3B481FCD,CUST-ACE965ED,2024-06-11,2024-06-21,Closed,Low,Bug,1
TKT-C710B603,CUST-ACE965ED,2024-06-07,2024-06-15,Closed,Medium,Billing,59
TKT-A0F42956,CUST-ACE965ED,2025-01-04,2025-01-09,Closed,Medium,Bug,21
TKT-52D060A4,CUST-B2FBA988,2025-05-02,2025-05-10,Closed,Urgent,How-to,5
TKT-DF7D7900,CUST-B2FBA988,2025-05-03,2025-05-12,Closed,Urgent,Technical,48
TKT-33677EAF,CUST-B2FBA988,2024-11-24,2024-11-30,Closed,Urgent,How-to,32
TKT-F4BC8DFC,CUST-B2FBA988,2025-07-06,2025-07-16,Closed,Low,Billing,9
TKT-D465128F,CUST-B2FBA988,2024-12-14,2024-12-23,Closed,Medium,Billing,42
TKT-302E80C3,CUST-486D5177,2025-05-30,2025-06-03,Closed,Medium,Bug,16
TKT-AD219F78,CUST-486D5177,2025-12-17,2025-12-22,Closed,Low,How-to,33
TKT-7243D422,CUST-6057D2FC,2025-03-05,2025-03-07,Closed,Urgent,Technical,46
TKT-9A76E3FD,CUST-6057D2FC,2025-01-22,2025-01-27,Closed,High,Technical,22
TKT-651D6DC3,CUST-6057D2FC,2025-01-07,2025-01-11,Closed,Medium,Bug,34
TKT-D8723B38,CUST-6057D2FC,2025-01-23,2025-01-24,Closed,High,Technical,23
TKT-88C79418,CUST-3C657632,2025-10-07,2025-10-16,Closed,Urgent,Bug,47
TKT-435DE02D,CUST-3C657632,2025-06-14,2025-06-16,Closed,Urgent,Bug,2
TKT-4D36CE84,CUST-2D412A2A,2025-11-11,2025-11-13,Closed,Medium,Technical,57
TKT-6C928AB5,CUST-2D412A2A,2025-10-14,2025-10-15,Closed,Low,How-to,67
TKT-4211506E,CUST-2D412A2A,2026-04-14,2026-04-19,Closed,Urgent,How-to,69
TKT-79F53CB2,CUST-5BBE8D7D,2024-12-16,2024-12-18,Closed,High,Bug,44
TKT-8A9D159C,CUST-5BBE8D7D,2025-03-23,2025-03-28,Closed,Low,Technical,51
TKT-3D7863A7,CUST-6C6235A4,2025-09-12,2025-09-21,Closed,High,Billing,58
TKT-19FC7883,CUST-6C6235A4,2025-11-14,2025-11-20,Closed,Urgent,Billing,33
TKT-E00E6D80,CUST-642C56AF,2024-11-12,2024-11-21,Closed,Urgent,How-to,71
TKT-1622A0C9,CUST-642C56AF,2024-09-13,2024-09-21,Closed,Urgent,Bug,56
TKT-99AEEBA7,CUST-F56B92E6,2024-12-29,2025-01-04,Closed,High,Bug,25
TKT-1E7BCA72,CUST-F56B92E6,2024-11-10,2024-11-15,Closed,Medium,How-to,61
TKT-C97E8502,CUST-F56B92E6,2025-05-31,2025-06-02,Closed,Urgent,Billing,15
TKT-523826A9,CUST-F56B92E6,2024-09-10,2024-09-12,Closed,Medium,Billing,55
TKT-AABFF34C,CUST-C72E3515,2025-08-30,2025-09-09,Closed,High,Bug,67
TKT-A28B8BFB,CUST-D8AD6E96,2026-04-10,2026-04-15,Closed,Low,How-to,54
TKT-AFB53E76,CUST-D8AD6E96,2026-03-14,2026-03-16,Closed,Medium,Bug,54
TKT-71E7805A,CUST-6DC75493,2024-10-17,2024-10-23,Closed,Low,Billing,10
TKT-6F97A294,CUST-6DC75493,2025-03-19,2025-03-24,Closed,Low,Technical,15
TKT-14CD74AC,CUST-6DC75493,2024-09-11,2024-09-19,Closed,Medium,Bug,7
TKT-B9D95C8E,CUST-6DC75493,2025-01-18,2025-01-23,Closed,Medium,Billing,44
TKT-9A6C6114,CUST-E0C220C1,2026-02-01,2026-02-03,Closed,High,Billing,2
TKT-7E712F4D,CUST-E0C220C1,2025-08-26,2025-09-03,Closed,Medium,How-to,35
TKT-E97E47B0,CUST-E0C220C1,2026-03-21,2026-03-26,Closed,Medium,How-to,21
TKT-E8FFE763,CUST-33BED97C,2025-06-13,2025-06-18,Closed,Medium,Bug,53
TKT-2C201F85,CUST-33BED97C,2025-11-15,2025-11-17,Closed,Medium,Bug,28
TKT-D3ACED50,CUST-7BA5A4F6,2025-12-20,2025-12-28,Closed,High,How-to,26
TKT-B9A92166,CUST-7BA5A4F6,2025-08-03,2025-08-12,Closed,Low,Billing,62
TKT-ED00FF0B,CUST-A7A866A4,2025-10-12,2025-10-18,Closed,High,Technical,69
TKT-597D42B1,CUST-A7A866A4,2026-04-20,2026-04-29,Closed,Medium,Bug,27
TKT-6D6F90A5,CUST-D94CCB52,2025-04-20,2025-04-24,Closed,Medium,Technical,43
TKT-B22CAB0E,CUST-D9553E44,2024-11-17,2024-11-19,Closed,High,Bug,31
TKT-C78225DA,CUST-D9553E44,2024-08-22,2024-08-26,Closed,Urgent,How-to,9
TKT-4BFE4C46,CUST-D9553E44,2024-12-12,2024-12-22,Closed,Low,Billing,48
TKT-FF7868F7,CUST-D9553E44,2024-10-01,2024-10-05,Closed,High,How-to,18
TKT-A8BFB9FA,CUST-D9553E44,2024-09-19,2024-09-22,Closed,Low,How-to,36
TKT-C6BE9529,CUST-557E362B,2025-06-05,2025-06-09,Closed,Urgent,Billing,45
TKT-A5ADF750,CUST-557E362B,2025-02-17,2025-02-19,Closed,Urgent,Technical,54
TKT-3243AF30,CUST-557E362B,2025-04-30,2025-05-09,Closed,Medium,How-to,67
TKT-E017D9C7,CUST-A13C20EA,2025-11-03,2025-11-06,Closed,Low,Billing,7
TKT-0119A1EC,CUST-A13C20EA,2025-08-06,2025-08-10,Closed,Urgent,Technical,64
TKT-4EE9E5D1,CUST-A13C20EA,2025-05-02,2025-05-11,Closed,Low,How-to,66
TKT-027C6270,CUST-1ABD7017,2025-09-04,2025-09-07,Closed,Low,Bug,60
TKT-645149EE,CUST-1ABD7017,2025-06-13,2025-06-20,Closed,Low,How-to,55
TKT-F32BF7F0,CUST-1ABD7017,2025-09-26,2025-10-03,Closed,Medium,Bug,37
TKT-385621F0,CUST-1ABD7017,2025-10-16,2025-10-22,Closed,High,Bug,28
TKT-15A4CAA5,CUST-2D0673BB,2025-06-28,2025-07-07,Closed,Low,Technical,34
TKT-86FC573D,CUST-2D0673BB,2025-04-15,2025-04-19,Closed,Urgent,Billing,35
TKT-F35FE12A,CUST-2D0673BB,2025-12-11,2025-12-18,Closed,Urgent,Bug,52
TKT-D6066772,CUST-2D0673BB,2025-09-06,2025-09-12,Closed,High,Billing,35
TKT-CF723C1D,CUST-52E052F1,2025-11-23,2025-11-30,Closed,Urgent,Bug,51
TKT-32C048AB,CUST-FB2E578B,2024-11-17,2024-11-20,Closed,Medium,How-to,44
TKT-D046A63B,CUST-FB2E578B,2024-10-05,2024-10-08,Closed,Low,Technical,66
TKT-44C1B9AE,CUST-FB2E578B,2024-09-21,2024-09-28,Closed,Low,How-to,30
TKT-76CD48F2,CUST-FB2E578B,2024-06-19,2024-06-28,Closed,High,How-to,4
TKT-A3C5D316,CUST-9A462EB6,2026-01-22,2026-01-30,Closed,High,Bug,23
TKT-68155503,CUST-9A462EB6,2025-06-18,2025-06-22,Closed,Low,Billing,70
TKT-99A60C64,CUST-9A462EB6,2025-07-26,2025-07-27,Closed,Low,Bug,22
TKT-382C4422,CUST-9A462EB6,2025-05-09,2025-05-10,Closed,Low,Billing,46
TKT-C1340E5C,CUST-9A462EB6,2025-11-26,2025-12-02,Closed,Low,Bug,58
TKT-24076F02,CUST-68DFBD84,2025-12-14,2025-12-23,Closed,High,Bug,55
TKT-7F3958E4,CUST-BCFC9FDB,2025-06-26,2025-07-03,Closed,Low,Technical,7
TKT-D99A65FD,CUST-BCFC9FDB,2025-06-02,2025-06-11,Closed,High,Billing,55
TKT-CCAA860A,CUST-BCFC9FDB,2025-05-29,2025-06-08,Closed,Urgent,Bug,14
TKT-145FE0E0,CUST-BCFC9FDB,2025-08-26,2025-09-02,Closed,Low,Bug,35
TKT-C62F6150,CUST-BCFC9FDB,2025-05-24,2025-05-31,Closed,Medium,Technical,43
TKT-25FA75BA,CUST-983CC5FC,2025-04-04,2025-04-10,Closed,Urgent,How-to,10
TKT-9DF04D52,CUST-983CC5FC,2025-12-06,2025-12-11,Closed,Low,Bug,6
TKT-D70DBED6,CUST-983CC5FC,2025-08-17,2025-08-25,Closed,High,Billing,63
TKT-3450173C,CUST-983CC5FC,2025-07-20,2025-07-26,Closed,High,How-to,5
TKT-16F05875,CUST-743625A5,2025-05-23,2025-05-28,Closed,Medium,Technical,59
TKT-B590DD5A,CUST-743625A5,2025-01-23,2025-01-25,Closed,Urgent,Billing,50
TKT-789A15B0,CUST-743625A5,2024-12-18,2024-12-21,Closed,High,Bug,22
TKT-8CB10A2D,CUST-743625A5,2025-05-22,2025-05-28,Closed,Urgent,Technical,46
TKT-9D39944D,CUST-A5881705,2025-10-14,2025-10-18,Closed,Medium,Bug,55
TKT-250ADE8F,CUST-A5881705,2026-01-16,2026-01-17,Closed,Medium,How-to,24
TKT-74B67AA6,CUST-A5881705,2025-10-14,2025-10-20,Closed,High,How-to,19
TKT-160D7570,CUST-A2F9D002,2025-07-17,2025-07-25,Closed,High,Technical,18
TKT-4669F284,CUST-A2F9D002,2025-07-24,2025-07-26,Closed,Medium,Technical,72
TKT-F81399CF,CUST-A2F9D002,2025-08-28,2025-09-06,Closed,High,Bug,9
TKT-B2EEA21D,CUST-A2F9D002,2025-10-04,2025-10-05,Closed,High,How-to,42
TKT-75DC27FB,CUST-A2F9D002,2025-07-07,2025-07-08,Closed,Medium,Bug,20
TKT-0B24BE1E,CUST-B0C4093A,2025-05-24,2025-06-03,Closed,Medium,Technical,3
TKT-E0D9D031,CUST-B0C4093A,2025-10-08,2025-10-17,Closed,Low,Technical,12
TKT-9C64281E,CUST-B0C4093A,2025-08-24,2025-09-01,Closed,High,Billing,54
TKT-0B1AD0CB,CUST-F2CE1905,2026-01-06,2026-01-12,Closed,Low,Bug,49
TKT-11F10945,CUST-F2CE1905,2026-02-20,2026-02-24,Closed,Urgent,Technical,28
TKT-B0AAFAA2,CUST-F2CE1905,2025-12-29,2026-01-08,Closed,Medium,How-to,33
TKT-E586A146,CUST-999C524E,2025-06-29,2025-07-06,Closed,Urgent,Technical,66
TKT-D56B4280,CUST-999C524E,2025-08-07,2025-08-13,Closed,Low,Technical,35
TKT-1482B951,CUST-999C524E,2025-02-20,2025-02-25,Closed,Medium,How-to,50
TKT-4AF83B36,CUST-999C524E,2025-03-31,2025-04-06,Closed,Low,How-to,65
TKT-951F5ED2,CUST-999C524E,2025-01-29,2025-02-08,Closed,Low,Bug,42
TKT-C6329B56,CUST-672D327B,2025-04-14,2025-04-18,Closed,High,Billing,29
TKT-34D1C95B,CUST-672D327B,2025-01-03,2025-01-04,Closed,Urgent,How-to,29
TKT-1984A392,CUST-672D327B,2025-01-01,2025-01-06,Closed,High,Billing,59
TKT-150E7106,CUST-52FA0EE1,2025-12-09,2025-12-12,Closed,Low,Bug,31
TKT-3362E8E0,CUST-52FA0EE1,2025-10-08,2025-10-11,Closed,Medium,How-to,47
TKT-51078C58,CUST-52FA0EE1,2025-09-19,2025-09-20,Closed,Urgent,Technical,16
TKT-32D026A1,CUST-2268A0CA,2025-05-01,2025-05-11,Closed,Medium,Bug,37
TKT-950148DF,CUST-2268A0CA,2025-03-23,2025-03-24,Closed,Low,Technical,14
TKT-9CC0C338,CUST-2268A0CA,2025-05-01,2025-05-04,Closed,Urgent,Billing,45
TKT-11A53EFD,CUST-2268A0CA,2025-05-24,2025-05-25,Closed,Medium,Technical,63
TKT-D0426E88,CUST-2268A0CA,2025-11-29,2025-12-01,Closed,Low,Billing,69
TKT-788BA846,CUST-9B47FF0C,2025-04-22,2025-04-24,Closed,Medium,Bug,39
TKT-64CB2DAB,CUST-9B47FF0C,2025-06-09,2025-06-15,Closed,Low,How-to,54
TKT-A00D784A,CUST-9B47FF0C,2025-06-25,2025-06-29,Closed,Medium,Bug,58
TKT-D0E445D5,CUST-F965BA2F,2025-02-09,2025-02-14,Closed,Medium,Bug,31
TKT-38EF99E4,CUST-F965BA2F,2025-09-21,2025-09-25,Closed,Medium,Bug,59
TKT-91398EB8,CUST-F965BA2F,2025-07-28,2025-07-30,Closed,Urgent,Technical,33
TKT-243EB18B,CUST-045CDBCF,2024-10-19,2024-10-25,Closed,High,Billing,34
TKT-0935FAD1,CUST-1608CA19,2026-04-19,2026-04-22,Closed,Medium,Technical,69
TKT-F3782224,CUST-4877261F,2025-12-25,2026-01-01,Closed,Urgent,Bug,5
TKT-FB19A7C0,CUST-4877261F,2025-06-29,2025-07-09,Closed,Urgent,Bug,63
TKT-7BDCEFD1,CUST-4877261F,2025-11-05,2025-11-15,Closed,Urgent,Bug,1
TKT-49DB654D,CUST-CA92DA61,2024-09-26,2024-09-29,Closed,High,Billing,49
TKT-8020352C,CUST-CA92DA61,2024-10-05,2024-10-15,Closed,Urgent,Billing,29
TKT-FE1097F9,CUST-CA92DA61,2025-02-18,2025-02-27,Closed,Low,Bug,13
TKT-291FF705,CUST-CA92DA61,2025-02-15,2025-02-17,Closed,Low,Billing,39
TKT-BC907B0A,CUST-5EA42CD2,2025-12-15,2025-12-25,Closed,High,How-to,39
TKT-93157B29,CUST-5EA42CD2,2025-07-08,2025-07-09,Closed,Low,Technical,40
TKT-DDEEE3C0,CUST-5EA42CD2,2026-02-24,2026-03-06,Closed,Low,Technical,52
TKT-6C79921E,CUST-5EA42CD2,2025-11-27,2025-12-04,Closed,Low,How-to,1
TKT-76B5E0DE,CUST-FA8B072F,2025-04-24,2025-05-01,Closed,Medium,Bug,48
TKT-77E7E4C9,CUST-FA8B072F,2025-05-04,2025-05-09,Closed,Low,Bug,41
TKT-075CA5E3,CUST-FA8B072F,2025-06-28,2025-07-08,Closed,Urgent,Technical,60
TKT-B83A3091,CUST-FA8B072F,2025-08-10,2025-08-16,Closed,High,Technical,48
TKT-04B64333,CUST-C8769D5C,2024-08-22,2024-08-25,Closed,High,Bug,32
TKT-37A7A5B3,CUST-C8769D5C,2024-12-15,2024-12-16,Closed,High,How-to,6
TKT-3EBA83E1,CUST-C8769D5C,2024-08-29,2024-09-04,Closed,Urgent,Technical,18
TKT-E3E1F9B3,CUST-58076542,2025-09-12,2025-09-17,Closed,Low,How-to,4
TKT-DBCD3EE0,CUST-2DAF1D0B,2025-10-18,2025-10-24,Closed,High,Billing,4
TKT-40F610FF,CUST-2DAF1D0B,2026-04-11,2026-04-14,Closed,High,Billing,35
TKT-4DEDAF96,CUST-2DAF1D0B,2025-11-29,2025-11-30,Closed,Medium,Bug,13
TKT-81910FC1,CUST-2DAF1D0B,2025-11-17,2025-11-19,Closed,High,How-to,59
TKT-C1804D94,CUST-A70897CD,2024-10-28,2024-10-29,Closed,High,Billing,39
TKT-CA269081,CUST-4A9F9F0F,2025-04-01,2025-04-04,Closed,Urgent,Technical,24
TKT-C366C388,CUST-67BA9206,2025-11-03,2025-11-08,Closed,Urgent,Bug,11
TKT-2ED81DE0,CUST-67BA9206,2026-02-25,2026-03-05,Closed,Low,How-to,59
TKT-8407B3E7,CUST-5130E926,2026-02-01,2026-02-06,Closed,Low,How-to,15
TKT-DE53113B,CUST-5130E926,2026-02-15,2026-02-23,Closed,Medium,Billing,20
TKT-47FD6ED7,CUST-5130E926,2026-01-30,2026-01-31,Closed,High,Bug,59
TKT-B6615802,CUST-991D4F24,2026-03-23,2026-03-31,Closed,Low,Bug,13
TKT-D6200C9D,CUST-29367E1F,2026-04-21,2026-04-30,Closed,Urgent,How-to,57
TKT-C4D068CB,CUST-088652B9,2026-02-27,2026-03-05,Closed,Urgent,Technical,21
TKT-5E825329,CUST-3EF420B5,2025-09-20,2025-09-26,Closed,High,How-to,32
TKT-F6122C61,CUST-3EF420B5,2025-06-02,2025-06-08,Closed,High,Bug,44
TKT-103BFA00,CUST-56F7E3DC,2025-12-08,2025-12-10,Closed,Urgent,Bug,38
TKT-7D12AAC9,CUST-56F7E3DC,2025-11-27,2025-12-04,Closed,High,Bug,7
TKT-331FC6FC,CUST-A2BBC80C,2025-07-09,2025-07-14,Closed,High,How-to,72
TKT-58ED8FD2,CUST-A2BBC80C,2025-05-15,2025-05-16,Closed,Low,Technical,55
TKT-86A33635,CUST-A2BBC80C,2025-03-03,2025-03-05,Closed,Urgent,Technical,39
TKT-C534BAC4,CUST-A2BBC80C,2025-03-22,2025-03-25,Closed,High,Bug,47
TKT-EFBFB895,CUST-45A4097E,2024-06-22,2024-07-02,Closed,Medium,Technical,49
TKT-FC684609,CUST-45A4097E,2025-03-20,2025-03-24,Closed,Low,Billing,32
TKT-6808E1D1,CUST-45A4097E,2025-02-06,2025-02-12,Closed,High,How-to,63
TKT-7E857D36,CUST-45A4097E,2025-03-17,2025-03-18,Closed,Medium,Technical,13
TKT-282F3899,CUST-45A4097E,2024-11-11,2024-11-17,Closed,Low,Bug,3
TKT-673BC29F,CUST-FD5D4F6E,2025-05-18,2025-05-19,Closed,High,Billing,55
TKT-28A77121,CUST-FD5D4F6E,2024-11-23,2024-12-03,Closed,High,Technical,44
TKT-CDAF93A1,CUST-FD5D4F6E,2025-05-05,2025-05-10,Closed,Urgent,Technical,43
TKT-F13E76E0,CUST-FD5D4F6E,2024-12-29,2025-01-04,Closed,Urgent,How-to,1
TKT-B7CF4DDF,CUST-F7DB6CE3,2025-11-21,2025-11-24,Closed,Low,Bug,50
TKT-7AF1F470,CUST-F7DB6CE3,2025-12-03,2025-12-07,Closed,High,Technical,62
TKT-7250B47B,CUST-F7DB6CE3,2025-07-03,2025-07-08,Closed,Low,Technical,61
TKT-18EA006F,CUST-F7DB6CE3,2026-01-06,2026-01-15,Closed,High,Billing,8
TKT-FB6EE049,CUST-F7DB6CE3,2026-03-20,2026-03-26,Closed,Medium,How-to,51
TKT-27247B21,CUST-67834B82,2025-10-02,2025-10-08,Closed,High,Bug,7
TKT-8956FC1B,CUST-67834B82,2025-12-02,2025-12-04,Closed,Low,Bug,68
TKT-C7920076,CUST-67834B82,2025-10-03,2025-10-08,Closed,Medium,Billing,40
TKT-1EA11E6B,CUST-67834B82,2025-06-19,2025-06-22,Closed,Urgent,How-to,59
TKT-FEEDF6AC,CUST-64F16106,2025-07-30,2025-08-04,Closed,High,Technical,63
TKT-BD4A4D20,CUST-64F16106,2025-02-22,2025-02-24,Closed,Urgent,Billing,36
TKT-0B48F3E2,CUST-FDAECE0D,2025-06-04,2025-06-05,Closed,Low,Billing,31
TKT-4CEBA397,CUST-A28B8898,2026-04-09,2026-04-16,Closed,High,Billing,32
TKT-41D1680E,CUST-A28B8898,2026-04-21,2026-04-26,Closed,Urgent,Billing,5
TKT-56A9D759,CUST-A28B8898,2026-03-16,2026-03-18,Closed,High,Bug,16
TKT-7316B7E2,CUST-970B0E9E,2026-04-25,2026-04-30,Closed,Urgent,Technical,50
TKT-AF22E7DA,CUST-970B0E9E,2026-04-17,2026-04-24,Closed,Low,Bug,47
TKT-6F7FA559,CUST-F3CF236B,2025-10-10,2025-10-14,Closed,Medium,Bug,3
TKT-64954BAF,CUST-F3CF236B,2025-07-22,2025-07-29,Closed,Low,How-to,56
TKT-E43B2AA3,CUST-49283ECD,2025-03-02,2025-03-12,Closed,Low,Technical,16
TKT-041D3A2B,CUST-A99C17CE,2026-04-23,2026-04-29,Closed,Low,Bug,42
TKT-0258599F,CUST-E002B661,2025-11-12,2025-11-22,Closed,High,Billing,6
TKT-75072B24,CUST-E002B661,2025-12-18,2025-12-24,Closed,Medium,Technical,44
TKT-B133B54F,CUST-E002B661,2026-01-05,2026-01-09,Closed,High,Technical,54
TKT-6B6D10A4,CUST-2267837D,2025-03-22,2025-03-26,Closed,Medium,Bug,11
TKT-FCAE217F,CUST-50DA04F2,2025-11-13,2025-11-15,Closed,High,Bug,20
TKT-B679847C,CUST-50DA04F2,2025-09-04,2025-09-05,Closed,Urgent,Bug,72
TKT-CDF79DE1,CUST-50DA04F2,2025-09-29,2025-10-01,Closed,Urgent,How-to,6
TKT-9DC14081,CUST-50DA04F2,2025-11-16,2025-11-25,Closed,High,How-to,63
TKT-D5A86EBE,CUST-B9D6D51A,2025-08-16,2025-08-25,Closed,Low,Bug,4
TKT-563DB3CA,CUST-B9D6D51A,2025-05-28,2025-06-05,Closed,High,Bug,64
TKT-A616395C,CUST-B9D6D51A,2026-02-21,2026-03-03,Closed,High,Technical,67
TKT-7141B8F2,CUST-9FD76CB0,2025-05-28,2025-06-06,Closed,Medium,Bug,58
TKT-F417CFAD,CUST-9FD76CB0,2024-11-08,2024-11-15,Closed,High,Bug,50
TKT-F8CB6C4A,CUST-9FD76CB0,2025-06-11,2025-06-20,Closed,High,How-to,65
TKT-41602C0B,CUST-9FD76CB0,2025-04-04,2025-04-08,Closed,Low,Billing,26
TKT-CBD68E16,CUST-7429FB83,2026-03-31,2026-04-10,Closed,High,Billing,70
TKT-73400877,CUST-0DCF7274,2025-06-08,2025-06-10,Closed,Low,Bug,24
TKT-A4561DAB,CUST-8B8C82BE,2024-11-08,2024-11-13,Closed,High,Billing,6
TKT-7BC2D239,CUST-8B8C82BE,2024-10-23,2024-10-28,Closed,Medium,Technical,7
TKT-62A008DF,CUST-8B8C82BE,2025-03-01,2025-03-06,Closed,Low,How-to,26
TKT-507C7203,CUST-8357EB7D,2025-09-19,2025-09-24,Closed,Medium,Bug,49
TKT-3748EF6B,CUST-8357EB7D,2026-02-13,2026-02-23,Closed,Low,Bug,67
TKT-887BDEE9,CUST-8357EB7D,2025-10-07,2025-10-15,Closed,Low,Bug,32
TKT-BF9F102D,CUST-8357EB7D,2026-02-12,2026-02-17,Closed,Urgent,Technical,32
TKT-10179F23,CUST-C6D5D4F2,2024-11-11,2024-11-15,Closed,Medium,Billing,63
TKT-30F0CAC0,CUST-C6D5D4F2,2024-09-01,2024-09-07,Closed,Medium,How-to,67
TKT-F2ED142A,CUST-C6D5D4F2,2024-06-08,2024-06-10,Closed,High,Billing,44
TKT-F40F478B,CUST-C6D5D4F2,2024-09-28,2024-10-04,Closed,Low,How-to,67
TKT-662F9CCD,CUST-AA917E51,2025-09-23,2025-09-30,Closed,High,Bug,20
TKT-1DA42098,CUST-AA917E51,2024-12-14,2024-12-15,Closed,Urgent,How-to,27
TKT-6D86947E,CUST-13CE2FE6,2025-07-07,2025-07-08,Closed,High,How-to,21
TKT-1CFE46B1,CUST-619335B9,2024-10-27,2024-11-03,Closed,Medium,How-to,69
TKT-292D2AC5,CUST-619335B9,2025-03-11,2025-03-12,Closed,Low,Bug,15
TKT-624C298D,CUST-619335B9,2025-04-27,2025-05-01,Closed,Urgent,Technical,65
TKT-C027C8D5,CUST-619335B9,2025-02-16,2025-02-22,Closed,Medium,Technical,47
TKT-3D94A5AA,CUST-619335B9,2025-02-21,2025-02-27,Closed,Urgent,Billing,7
TKT-D59D9177,CUST-A5DB6D51,2026-03-30,2026-04-08,Closed,Medium,How-to,12
TKT-F9CD669A,CUST-6DAB6CBE,2025-01-14,2025-01-16,Closed,High,Technical,39
TKT-5DA13EE6,CUST-6DAB6CBE,2024-09-25,2024-10-02,Closed,Low,How-to,54
TKT-9A6D4DD8,CUST-6DAB6CBE,2024-09-14,2024-09-19,Closed,High,Bug,40
TKT-1F6013EC,CUST-6DAB6CBE,2024-10-30,2024-11-06,Closed,Low,Billing,64
TKT-CB2682B6,CUST-6DAB6CBE,2025-03-07,2025-03-08,Closed,Medium,How-to,33
TKT-50753564,CUST-80F4CB80,2025-12-13,2025-12-15,Closed,Low,Billing,3
TKT-287E88B8,CUST-80F4CB80,2025-11-18,2025-11-19,Closed,Medium,Technical,23
TKT-CE862542,CUST-80F4CB80,2026-03-19,2026-03-29,Closed,High,Billing,14
TKT-AC252F71,CUST-1276D8CD,2024-12-21,2024-12-27,Closed,Urgent,Billing,20
TKT-81F10462,CUST-1276D8CD,2025-06-19,2025-06-25,Closed,Medium,Bug,28
TKT-C8B9BE68,CUST-D205894C,2025-03-31,2025-04-10,Closed,High,Bug,9
TKT-08FE8704,CUST-D205894C,2024-07-27,2024-08-02,Closed,Low,How-to,30
TKT-7E010F1A,CUST-D205894C,2025-03-07,2025-03-10,Closed,Low,How-to,46
TKT-BEAC7584,CUST-CD725ED3,2025-11-06,2025-11-13,Closed,Medium,Bug,29
TKT-4D04458B,CUST-CD725ED3,2025-08-28,2025-09-05,Closed,Low,Bug,26
TKT-B541891C,CUST-CD725ED3,2025-09-22,2025-09-26,Closed,Medium,How-to,40
TKT-166D4524,CUST-39D130EE,2026-01-16,2026-01-26,Closed,High,Billing,10
TKT-7BAC9676,CUST-39D130EE,2025-05-08,2025-05-09,Closed,Medium,How-to,4
TKT-BFECA6EA,CUST-39D130EE,2025-04-20,2025-04-23,Closed,Urgent,Bug,33
TKT-164D6126,CUST-39D130EE,2025-07-07,2025-07-08,Closed,High,Technical,10
TKT-A843EF30,CUST-FED4FB42,2025-08-04,2025-08-12,Closed,Medium,Technical,49
TKT-73A23982,CUST-7581F149,2026-01-22,2026-01-28,Closed,Medium,Technical,48
TKT-E3FE8EE8,CUST-43B73E78,2025-08-29,2025-09-03,Closed,Urgent,Technical,39
TKT-9AB8507B,CUST-43B73E78,2025-02-25,2025-02-27,Closed,Low,How-to,17
TKT-72CBD8A9,CUST-43B73E78,2025-09-14,2025-09-19,Closed,High,Technical,65
TKT-9647F259,CUST-43B73E78,2025-05-26,2025-05-29,Closed,High,Bug,12
TKT-E0216940,CUST-805D1151,2025-11-24,2025-12-02,Closed,Urgent,Bug,33
TKT-600A983F,CUST-805D1151,2025-11-11,2025-11-13,Closed,High,Billing,33
TKT-087CFC49,CUST-805D1151,2025-09-24,2025-09-29,Closed,High,Bug,61
TKT-80261D13,CUST-555AD2ED,2025-12-09,2025-12-11,Closed,Urgent,Bug,26
TKT-52B41C4A,CUST-555AD2ED,2025-10-03,2025-10-11,Closed,Urgent,How-to,15
TKT-6149D097,CUST-555AD2ED,2025-10-05,2025-10-07,Closed,Low,Technical,54
TKT-D7AB4E65,CUST-555AD2ED,2025-11-19,2025-11-24,Closed,Medium,Bug,65
TKT-C854C158,CUST-406B17B1,2025-11-14,2025-11-24,Closed,Urgent,Technical,10
TKT-6AF4AC3C,CUST-406B17B1,2025-04-16,2025-04-23,Closed,Medium,Billing,31
TKT-05C81307,CUST-406B17B1,2025-10-26,2025-10-29,Closed,Low,Technical,58
TKT-40E07474,CUST-406B17B1,2025-07-04,2025-07-06,Closed,Low,Technical,40
TKT-8CB82271,CUST-406B17B1,2025-07-26,2025-08-01,Closed,Urgent,How-to,1
TKT-63E8C1E9,CUST-17F4B61D,2025-11-12,2025-11-16,Closed,High,Billing,66
TKT-9E9D4EB6,CUST-17F4B61D,2026-01-10,2026-01-15,Closed,Urgent,How-to,22
TKT-247C75C6,CUST-D17A23FD,2026-04-30,2026-05-03,Closed,High,Technical,64
TKT-A6F40316,CUST-D17A23FD,2025-11-27,2025-12-02,Closed,High,Bug,58
TKT-00BD254D,CUST-D17A23FD,2026-02-23,2026-02-28,Closed,High,Technical,40
TKT-7325F4A0,CUST-A25AE6A4,2025-08-20,2025-08-24,Closed,High,Bug,38
TKT-55BD68F3,CUST-A25AE6A4,2025-08-17,2025-08-22,Closed,Medium,Bug,62
TKT-6F66F003,CUST-5EB49512,2025-08-26,2025-09-02,Closed,High,Billing,44
TKT-19E7CAAA,CUST-5EB49512,2025-08-25,2025-08-27,Closed,Urgent,How-to,32
TKT-A5F13390,CUST-3E8F6D95,2024-07-28,2024-07-31,Closed,Medium,Billing,10
TKT-D74204EB,CUST-3E8F6D95,2025-02-19,2025-02-21,Closed,Urgent,Bug,45
TKT-A681C75B,CUST-0C039F9F,2025-01-26,2025-02-04,Closed,Low,How-to,69
TKT-0D910120,CUST-0C039F9F,2024-09-03,2024-09-06,Closed,Low,Technical,26
TKT-851BAC5F,CUST-0C039F9F,2025-03-03,2025-03-12,Closed,High,Billing,68
TKT-B25E25B5,CUST-0C039F9F,2025-02-24,2025-03-03,Closed,High,Technical,5
TKT-0167A12D,CUST-73BE4591,2025-03-28,2025-03-31,Closed,High,Bug,30
TKT-4B85090C,CUST-73BE4591,2024-09-02,2024-09-06,Closed,Low,Bug,48
TKT-45625DF6,CUST-73BE4591,2024-08-09,2024-08-11,Closed,Low,Billing,32
TKT-58824C64,CUST-73BE4591,2025-04-14,2025-04-20,Closed,Medium,Technical,22
TKT-956E758E,CUST-86FD7E65,2025-12-07,2025-12-15,Closed,Low,Technical,52
TKT-FA72BF59,CUST-5FB61D44,2024-10-30,2024-10-31,Closed,Urgent,How-to,12
TKT-3815CC0B,CUST-5FB61D44,2024-12-26,2024-12-29,Closed,High,Billing,36
TKT-A51F8AD0,CUST-5FB61D44,2025-05-06,2025-05-07,Closed,Low,Technical,62
TKT-CEF7468B,CUST-5FB61D44,2024-12-13,2024-12-14,Closed,Urgent,Bug,66
TKT-A1461E51,CUST-A4653D28,2025-08-21,2025-08-26,Closed,Low,Technical,24
TKT-3022E4FE,CUST-A4653D28,2025-11-03,2025-11-11,Closed,Medium,How-to,46
TKT-6C2A9DEF,CUST-DEB4EE3B,2026-02-26,2026-03-04,Closed,Low,Technical,36
TKT-5D86CC9C,CUST-DEB4EE3B,2026-04-17,2026-04-19,Closed,Urgent,Technical,57
TKT-2597FE2D,CUST-DEB4EE3B,2026-02-03,2026-02-07,Closed,Urgent,How-to,1
TKT-867E3FC3,CUST-538127E2,2024-11-22,2024-11-27,Closed,High,Technical,65
TKT-0196B117,CUST-538127E2,2025-01-21,2025-01-28,Closed,Urgent,Billing,48
TKT-1A902588,CUST-538127E2,2025-01-17,2025-01-26,Closed,Urgent,Bug,12
TKT-AC28B9BF,CUST-5D635C26,2025-07-06,2025-07-08,Closed,High,Bug,54
TKT-492739B9,CUST-5D635C26,2025-04-09,2025-04-15,Closed,High,How-to,43
TKT-E3971015,CUST-C0BBF404,2025-01-07,2025-01-15,Closed,Low,Billing,19
TKT-5632937C,CUST-C0BBF404,2025-09-02,2025-09-09,Closed,Low,Billing,33
TKT-E2C0F9B4,CUST-C0BBF404,2025-02-07,2025-02-09,Closed,Urgent,Billing,28
TKT-75D11A9B,CUST-C0BBF404,2025-07-01,2025-07-02,Closed,Low,Bug,15
TKT-EDA2250F,CUST-C0BBF404,2025-07-24,2025-07-26,Closed,Medium,Bug,39
TKT-56E19783,CUST-C6B0B5FA,2025-03-04,2025-03-07,Closed,Urgent,How-to,17
TKT-91D909D7,CUST-C6B0B5FA,2025-05-07,2025-05-13,Closed,Urgent,Bug,26
TKT-9F63F678,CUST-C6B0B5FA,2025-02-01,2025-02-11,Closed,Low,Billing,52
TKT-36526D44,CUST-60BC8815,2024-12-27,2025-01-02,Closed,Medium,How-to,35
TKT-2622411F,CUST-60BC8815,2024-12-25,2024-12-26,Closed,Urgent,Billing,67
TKT-B9F1EB5B,CUST-60BC8815,2025-06-04,2025-06-08,Closed,Low,Technical,67
TKT-98801BFB,CUST-60BC8815,2024-12-26,2025-01-05,Closed,Medium,Bug,35
TKT-48CAE84F,CUST-D3845B8D,2026-04-19,2026-04-27,Closed,Medium,Bug,51
TKT-5A66FA8B,CUST-7B02D74F,2025-06-23,2025-07-03,Closed,Low,Billing,5
TKT-64F35D3E,CUST-7B02D74F,2025-12-23,2026-01-02,Closed,Urgent,Billing,70
TKT-7B1DC770,CUST-7B02D74F,2025-12-04,2025-12-10,Closed,Low,How-to,11
TKT-641DDBD5,CUST-7B02D74F,2025-08-23,2025-08-25,Closed,Low,Billing,14
TKT-12E1A980,CUST-7B02D74F,2026-02-08,2026-02-16,Closed,Medium,How-to,3
TKT-8DBD4CE8,CUST-E44AD768,2026-01-23,2026-01-31,Closed,High,How-to,67
TKT-9921E35F,CUST-E44AD768,2025-06-09,2025-06-15,Closed,Low,Technical,58
TKT-113489C2,CUST-E44AD768,2025-09-11,2025-09-21,Closed,Medium,Technical,16
TKT-B16D1523,CUST-E44AD768,2025-12-03,2025-12-11,Closed,High,Billing,9
TKT-218716BD,CUST-E44AD768,2025-12-03,2025-12-09,Closed,High,Bug,56
TKT-E20AB3A8,CUST-5C0EF8C3,2025-04-07,2025-04-17,Closed,High,Technical,68
TKT-37933188,CUST-5C0EF8C3,2025-10-19,2025-10-26,Closed,Medium,How-to,64
TKT-ACB39E8C,CUST-5C0EF8C3,2025-12-17,2025-12-26,Closed,High,Technical,43
TKT-A468FC53,CUST-366AD063,2026-03-25,2026-03-29,Closed,Low,How-to,72
TKT-97D29FAC,CUST-E3B30AC7,2025-01-30,2025-02-05,Closed,High,Billing,60
TKT-06B880F7,CUST-A31F18F4,2025-02-05,2025-02-06,Closed,High,Billing,9
TKT-1B7A2943,CUST-A31F18F4,2025-02-24,2025-03-01,Closed,High,How-to,11
TKT-36C87F70,CUST-A31F18F4,2025-03-12,2025-03-13,Closed,Low,How-to,52
TKT-9946A687,CUST-A31F18F4,2025-05-26,2025-06-05,Closed,Low,Technical,72
TKT-9DBA4622,CUST-50F2BC1E,2024-11-29,2024-12-01,Closed,High,Technical,70
TKT-D420DD5D,CUST-50F2BC1E,2025-07-25,2025-07-27,Closed,Urgent,Bug,11
TKT-A250D1C4,CUST-C3C38357,2025-07-28,2025-08-06,Closed,Urgent,Billing,63
TKT-9218D0AA,CUST-C3C38357,2025-03-02,2025-03-07,Closed,Low,Billing,66
TKT-9556EBA5,CUST-C3C38357,2024-12-18,2024-12-27,Closed,High,Technical,42
TKT-3ABE23D2,CUST-50E1DDB3,2024-09-20,2024-09-30,Closed,High,Technical,52
TKT-2D0EEC6C,CUST-50E1DDB3,2024-12-10,2024-12-18,Closed,Low,How-to,48
TKT-2A455857,CUST-50E1DDB3,2025-01-03,2025-01-05,Closed,High,How-to,49
TKT-F31DA921,CUST-50E1DDB3,2025-03-02,2025-03-08,Closed,Medium,How-to,38
TKT-1C714B90,CUST-50E1DDB3,2024-05-26,2024-05-29,Closed,Urgent,How-to,25
TKT-14D65EDF,CUST-FE88587C,2025-02-10,2025-02-19,Closed,Urgent,Technical,26
TKT-DB98ECF8,CUST-376ABA09,2025-06-16,2025-06-26,Closed,Low,Bug,45
TKT-0E86978F,CUST-376ABA09,2025-07-27,2025-07-29,Closed,Medium,Billing,29
TKT-DE1D23FB,CUST-376ABA09,2025-06-01,2025-06-09,Closed,Low,Technical,3
TKT-5BDC9CB3,CUST-376ABA09,2024-12-26,2024-12-28,Closed,Low,How-to,55
TKT-3C0BF28D,CUST-79FDC1D8,2025-10-01,2025-10-07,Closed,High,Technical,9
TKT-220A22C1,CUST-79FDC1D8,2025-07-18,2025-07-21,Closed,Low,Billing,35
TKT-986880B2,CUST-79FDC1D8,2025-06-05,2025-06-08,Closed,Urgent,Technical,29
TKT-AD60548B,CUST-79FDC1D8,2026-01-25,2026-02-02,Closed,Low,How-to,69
TKT-0A1DE4F5,CUST-52B15B49,2026-03-31,2026-04-04,Closed,Urgent,Billing,69
TKT-0871516C,CUST-FB974E28,2026-04-07,2026-04-08,Closed,Urgent,How-to,36
TKT-1DC24BD6,CUST-FB974E28,2025-09-20,2025-09-30,Closed,Medium,Bug,51
TKT-7EBCDE2D,CUST-FB974E28,2025-12-22,2025-12-29,Closed,Medium,How-to,19
TKT-4A432BB9,CUST-0D287201,2026-01-27,2026-02-02,Closed,Low,Billing,46
TKT-46A12F20,CUST-B7EF7E51,2026-02-10,2026-02-17,Closed,Urgent,Bug,22
TKT-892E517A,CUST-F476E362,2026-04-23,2026-05-01,Closed,Low,Billing,17
TKT-18BAED58,CUST-A55C4F20,2026-02-16,2026-02-17,Closed,High,Bug,56
TKT-61E0662A,CUST-9115E370,2024-10-06,2024-10-16,Closed,High,How-to,2
TKT-F5E7A2DB,CUST-9115E370,2024-11-21,2024-12-01,Closed,Medium,Billing,64
TKT-2E4DC71A,CUST-FF9D3739,2025-10-13,2025-10-17,Closed,Urgent,Bug,59
TKT-3B9AB481,CUST-4A4DD965,2024-11-01,2024-11-09,Closed,Medium,How-to,33
TKT-41C6D58B,CUST-4A4DD965,2025-01-08,2025-01-09,Closed,Low,Technical,65
TKT-97E9A883,CUST-ED60506D,2026-02-03,2026-02-04,Closed,Low,Technical,52
TKT-DC8FE86D,CUST-ED60506D,2026-01-01,2026-01-11,Closed,Low,How-to,34
TKT-E56B65E0,CUST-05F63E56,2024-08-30,2024-09-04,Closed,Low,How-to,54
TKT-78F0F7A5,CUST-05F63E56,2025-04-10,2025-04-13,Closed,High,Bug,39
TKT-FE096DB6,CUST-05F63E56,2024-10-12,2024-10-20,Closed,Low,Technical,11
TKT-BA6D0ADE,CUST-8C903671,2025-04-17,2025-04-24,Closed,Low,How-to,28
TKT-34848353,CUST-8C903671,2025-10-30,2025-11-09,Closed,Low,How-to,67
TKT-284FF33C,CUST-8C903671,2025-03-27,2025-03-28,Closed,Urgent,How-to,35
TKT-D62572EA,CUST-8C903671,2025-10-28,2025-10-31,Closed,Low,Technical,1
TKT-E0CC1A2D,CUST-202963E7,2025-04-27,2025-05-06,Closed,High,Technical,72
TKT-A87F93E5,CUST-E24AC14C,2025-09-13,2025-09-17,Closed,Medium,Bug,57
TKT-EF737B07,CUST-E24AC14C,2026-04-03,2026-04-11,Closed,Urgent,Technical,1
TKT-8777AC35,CUST-E24AC14C,2026-04-02,2026-04-10,Closed,Medium,Billing,61
TKT-4BE38701,CUST-E24AC14C,2025-07-08,2025-07-10,Closed,Medium,How-to,41
TKT-236D478C,CUST-E24AC14C,2025-09-13,2025-09-18,Closed,High,Technical,23
TKT-1C63B183,CUST-6E002990,2025-02-17,2025-02-19,Closed,Low,Billing,3
TKT-24A5090D,CUST-C1E3EF19,2025-02-27,2025-03-07,Closed,Low,Billing,34
TKT-36BE99AD,CUST-C7CF35F8,2025-11-29,2025-12-05,Closed,Low,How-to,34
TKT-A4C7AC6D,CUST-C7CF35F8,2025-11-10,2025-11-18,Closed,Urgent,Bug,4
TKT-C8D0AB33,CUST-C7CF35F8,2025-12-15,2025-12-17,Closed,High,Technical,66
TKT-B2D32A04,CUST-DD5C6E30,2026-04-29,2026-05-03,Closed,Urgent,Billing,36
TKT-35B28A4E,CUST-DD5C6E30,2026-04-13,2026-04-21,Closed,High,Bug,14
TKT-B9A80090,CUST-36352A13,2026-02-21,2026-02-25,Closed,High,Technical,6
TKT-3D854D72,CUST-36352A13,2025-11-01,2025-11-06,Closed,High,Bug,45
TKT-0EEFD601,CUST-36352A13,2025-05-28,2025-06-06,Closed,Low,How-to,17
TKT-4032EAAA,CUST-36352A13,2026-01-23,2026-01-29,Closed,Low,Billing,70
TKT-9F5DE63F,CUST-EAD4F703,2025-06-17,2025-06-26,Closed,Urgent,Technical,48
TKT-29622722,CUST-EAD4F703,2025-09-05,2025-09-07,Closed,Low,Technical,64
TKT-FF0FF428,CUST-EAD4F703,2025-04-18,2025-04-27,Closed,Low,Bug,71
TKT-37A5E088,CUST-EAD4F703,2025-04-28,2025-05-05,Closed,Urgent,Billing,57
TKT-0D6D940B,CUST-EAD4F703,2025-04-07,2025-04-16,Closed,Low,Bug,20
TKT-32B275EF,CUST-F080304F,2025-09-07,2025-09-10,Closed,Urgent,Bug,43
TKT-40933A92,CUST-F080304F,2025-05-04,2025-05-09,Closed,High,Bug,53
TKT-A6F2AF75,CUST-F080304F,2025-09-19,2025-09-27,Closed,Medium,Bug,12
TKT-6FABFC90,CUST-45B6AE16,2025-01-22,2025-01-27,Closed,Urgent,Billing,18
TKT-F079A0D0,CUST-45B6AE16,2024-12-03,2024-12-09,Closed,Low,How-to,70
TKT-7531D1CF,CUST-45B6AE16,2025-02-21,2025-02-26,Closed,Urgent,Bug,7
TKT-062576BA,CUST-45B6AE16,2024-12-13,2024-12-20,Closed,Low,Technical,11
TKT-DC77922E,CUST-45B6AE16,2024-08-03,2024-08-08,Closed,Urgent,Billing,45
TKT-ACC387F1,CUST-9F5FF8FB,2025-08-25,2025-08-27,Closed,High,Technical,21
TKT-24C805EF,CUST-9F5FF8FB,2025-12-22,2025-12-24,Closed,Low,Billing,71
TKT-9E610331,CUST-9F5FF8FB,2025-09-28,2025-09-30,Closed,High,Bug,53
TKT-313682B6,CUST-C52C10B0,2025-02-05,2025-02-08,Closed,Low,Technical,13
TKT-4401C340,CUST-C52C10B0,2024-07-28,2024-08-07,Closed,Low,How-to,52
TKT-615F20C3,CUST-C52C10B0,2024-10-08,2024-10-15,Closed,Urgent,Bug,24
TKT-6305B1F1,CUST-69606482,2025-05-25,2025-05-30,Closed,Medium,Technical,61
TKT-7DCC39EB,CUST-69606482,2024-11-11,2024-11-12,Closed,Medium,Bug,21
TKT-0E381371,CUST-69606482,2024-09-04,2024-09-11,Closed,Medium,Billing,25
TKT-8C1D977C,CUST-D0263286,2025-04-05,2025-04-06,Closed,Urgent,Billing,17
TKT-3572DADA,CUST-D0263286,2025-07-23,2025-07-28,Closed,Urgent,Billing,28
TKT-F19B3348,CUST-D551BF2E,2025-02-28,2025-03-06,Closed,High,Technical,39
TKT-CCEA5460,CUST-D3BFFC22,2025-02-22,2025-03-01,Closed,High,Technical,68
TKT-9EB282E5,CUST-D3BFFC22,2025-03-17,2025-03-22,Closed,Medium,Technical,19
TKT-9D7B72D3,CUST-D3BFFC22,2025-06-19,2025-06-26,Closed,Urgent,Billing,16
TKT-D1B395E2,CUST-D3BFFC22,2025-05-08,2025-05-11,Closed,Low,Billing,36
TKT-4DE34594,CUST-D3BFFC22,2025-04-21,2025-04-24,Closed,High,How-to,63
TKT-A824D261,CUST-153C5E61,2025-10-24,2025-10-26,Closed,High,Billing,68
TKT-9655B824,CUST-153C5E61,2026-04-20,2026-04-30,Closed,Urgent,Bug,63
TKT-6160DA8B,CUST-153C5E61,2025-07-28,2025-08-04,Closed,Urgent,Bug,7
TKT-7BF404B0,CUST-153C5E61,2025-12-15,2025-12-20,Closed,Medium,How-to,50
TKT-AA3A4CF2,CUST-153C5E61,2025-09-20,2025-09-21,Closed,Medium,How-to,27
TKT-FEF32936,CUST-4781EA8D,2025-02-01,2025-02-06,Closed,Medium,How-to,46
TKT-79A2AE2A,CUST-4781EA8D,2025-05-11,2025-05-13,Closed,Urgent,How-to,10
TKT-71B47638,CUST-4781EA8D,2025-04-21,2025-04-29,Closed,Urgent,Bug,26
TKT-11A81FB8,CUST-F0EB7C61,2026-04-19,2026-04-24,Closed,Low,Bug,19
TKT-7472D32A,CUST-1FCD52FC,2025-03-24,2025-04-01,Closed,Urgent,Technical,72
TKT-A93565B7,CUST-1FCD52FC,2025-04-20,2025-04-24,Closed,High,How-to,56
TKT-0E9D8037,CUST-B39DFCA3,2025-10-18,2025-10-23,Closed,Urgent,Bug,17
TKT-9F0C818C,CUST-B39DFCA3,2025-04-12,2025-04-20,Closed,Low,Billing,8
TKT-33EAD604,CUST-B39DFCA3,2025-07-14,2025-07-23,Closed,Low,How-to,29
TKT-3214375A,CUST-B39DFCA3,2026-01-20,2026-01-25,Closed,Urgent,How-to,23
TKT-70C4F1B3,CUST-B39DFCA3,2025-11-29,2025-12-01,Closed,Low,How-to,29
TKT-782735BB,CUST-284021E2,2025-12-20,2025-12-23,Closed,Medium,Technical,39
TKT-A7E5D27D,CUST-284021E2,2026-04-14,2026-04-15,Closed,Urgent,Technical,54
TKT-B1448A3B,CUST-284021E2,2026-01-06,2026-01-16,Closed,High,Billing,18
TKT-5F9B4EC5,CUST-284021E2,2025-10-11,2025-10-14,Closed,Medium,How-to,41
TKT-5D9C5406,CUST-284021E2,2026-03-22,2026-03-24,Closed,High,Bug,54
TKT-7EAA319D,CUST-6F534962,2026-04-21,2026-04-22,Closed,Medium,Bug,4
TKT-EF782A33,CUST-6F534962,2026-04-16,2026-04-25,Closed,Urgent,Technical,47
TKT-6B9AFA8E,CUST-6F534962,2026-02-15,2026-02-20,Closed,Low,Technical,16
TKT-BB0AEA2F,CUST-6F534962,2026-04-09,2026-04-13,Closed,High,Bug,36
TKT-6A59BF7C,CUST-EB27E365,2025-01-15,2025-01-17,Closed,High,How-to,65
TKT-C413E722,CUST-6AAADC22,2024-12-19,2024-12-26,Closed,Low,How-to,27
TKT-EB20BB1D,CUST-45813546,2025-04-30,2025-05-10,Closed,Urgent,Technical,62
TKT-577BB5EC,CUST-45813546,2025-03-18,2025-03-28,Closed,Urgent,Billing,60
TKT-4B1DB48D,CUST-45813546,2025-04-09,2025-04-16,Closed,Urgent,Bug,59
TKT-B59F6DB7,CUST-95D46003,2026-04-25,2026-05-02,Closed,High,How-to,55
TKT-C54A7D05,CUST-91B28631,2025-10-13,2025-10-20,Closed,Urgent,Technical,57
TKT-22C369AA,CUST-91B28631,2025-08-11,2025-08-21,Closed,Low,Bug,12
TKT-B5B5FD83,CUST-91B28631,2025-07-24,2025-07-29,Closed,Low,How-to,66
TKT-588984A8,CUST-AADEFCA5,2025-10-25,2025-10-30,Closed,Medium,Bug,2
TKT-8B270129,CUST-AADEFCA5,2025-04-17,2025-04-20,Closed,Urgent,Technical,39
TKT-302128B7,CUST-AADEFCA5,2025-03-12,2025-03-15,Closed,High,Technical,15
TKT-94FE5A33,CUST-57C6164A,2025-09-30,2025-10-06,Closed,Medium,Bug,26
TKT-23936E06,CUST-57C6164A,2025-07-31,2025-08-05,Closed,Medium,Bug,37
TKT-B46EF5F7,CUST-57C6164A,2025-07-30,2025-08-01,Closed,High,Bug,40
TKT-7E76F367,CUST-EB6F8270,2025-12-28,2025-12-29,Closed,High,Bug,3
TKT-F1071AA6,CUST-EB6F8270,2026-04-04,2026-04-14,Closed,Medium,Technical,66
TKT-BBFF2170,CUST-EB6F8270,2026-02-16,2026-02-22,Closed,Medium,Billing,6
TKT-6423DEBF,CUST-C3BB132F,2026-02-04,2026-02-14,Closed,Low,Technical,8
TKT-CB11A1AD,CUST-C3BB132F,2025-12-27,2026-01-06,Closed,Urgent,Bug,11
TKT-42587E69,CUST-968DB455,2025-03-24,2025-04-01,Closed,High,Technical,53
TKT-B8C8D019,CUST-968DB455,2025-05-27,2025-05-31,Closed,High,Bug,59
TKT-00DF812E,CUST-968DB455,2025-09-19,2025-09-20,Closed,Low,Bug,5
TKT-4D0EB95A,CUST-968DB455,2025-05-11,2025-05-19,Closed,Urgent,Bug,69
TKT-390BFD63,CUST-9D9033F2,2025-07-06,2025-07-08,Closed,Low,Bug,3
TKT-67037A92,CUST-CA87A1E4,2024-08-20,2024-08-28,Closed,High,How-to,46
TKT-A16DD701,CUST-CA87A1E4,2024-08-13,2024-08-23,Closed,Low,Technical,43
TKT-CAEB6121,CUST-CA87A1E4,2024-08-25,2024-08-29,Closed,Medium,Bug,42
TKT-AFF4552D,CUST-CA87A1E4,2024-12-12,2024-12-18,Closed,Medium,Billing,15
TKT-62C081AD,CUST-BC93D50A,2025-09-06,2025-09-11,Closed,Urgent,Billing,5
TKT-C60974F4,CUST-FA9336FA,2025-05-22,2025-05-23,Closed,Urgent,Bug,72
TKT-814F051E,CUST-6582CCC5,2025-05-18,2025-05-24,Closed,Medium,How-to,1
TKT-106792E5,CUST-6582CCC5,2024-10-28,2024-10-30,Closed,Urgent,How-to,19
TKT-8556703F,CUST-D3C7513A,2025-10-07,2025-10-13,Closed,High,Billing,44
TKT-B3B697FC,CUST-D3C7513A,2026-02-17,2026-02-27,Closed,High,How-to,48
TKT-84736C68,CUST-D3C7513A,2025-11-15,2025-11-20,Closed,High,Bug,9
TKT-FE1E4F5D,CUST-807A4DC0,2024-12-10,2024-12-12,Closed,Urgent,How-to,70
TKT-026ABB82,CUST-807A4DC0,2024-12-31,2025-01-02,Closed,Medium,Technical,61
TKT-C430535F,CUST-807A4DC0,2024-11-17,2024-11-21,Closed,Low,How-to,17
TKT-64B330F0,CUST-7FA058A7,2025-04-19,2025-04-23,Closed,Medium,Bug,20
TKT-D06BBD1D,CUST-7FA058A7,2025-09-25,2025-09-29,Closed,Urgent,Bug,69
TKT-FF42C161,CUST-7FA058A7,2025-07-08,2025-07-15,Closed,Urgent,Technical,10
TKT-51AC0A67,CUST-7FA058A7,2025-08-21,2025-08-26,Closed,Medium,How-to,16
TKT-6DA04F6F,CUST-CEBED870,2026-03-15,2026-03-18,Closed,Medium,Technical,10
TKT-9110BBE2,CUST-CEBED870,2025-12-23,2025-12-29,Closed,High,Technical,10
TKT-AC40EC70,CUST-CEBED870,2025-10-29,2025-11-07,Closed,Urgent,Billing,16
TKT-D27FE1D7,CUST-4458CB31,2025-05-17,2025-05-26,Closed,Medium,How-to,64
TKT-D4508397,CUST-4458CB31,2025-01-19,2025-01-26,Closed,Urgent,How-to,15
TKT-455DC56C,CUST-1A7BA5A5,2026-02-24,2026-03-04,Closed,Low,Technical,2
TKT-7D892FB7,CUST-1A7BA5A5,2026-01-23,2026-01-25,Closed,Urgent,Technical,48
TKT-10498FFA,CUST-1A7BA5A5,2026-02-10,2026-02-19,Closed,Medium,Billing,33
TKT-E0BB779E,CUST-41B5B64A,2026-01-25,2026-01-29,Closed,High,Billing,47
TKT-BC76798F,CUST-F580C31A,2026-04-11,2026-04-13,Closed,Medium,How-to,26
TKT-BCC5A276,CUST-F580C31A,2026-02-10,2026-02-13,Closed,Urgent,Billing,16
TKT-5A773C67,CUST-ECA0F58C,2024-10-18,2024-10-23,Closed,Medium,Billing,26
TKT-C4015C59,CUST-ECA0F58C,2024-11-23,2024-11-30,Closed,Medium,Bug,49
TKT-C83E0071,CUST-ECA0F58C,2025-01-30,2025-02-02,Closed,Medium,Technical,15
TKT-393CC12E,CUST-ECA0F58C,2024-10-27,2024-11-03,Closed,Medium,Bug,23
TKT-C4AAD863,CUST-ECA0F58C,2024-08-25,2024-08-31,Closed,High,How-to,30
TKT-908AA8AA,CUST-B9D5BA19,2026-02-10,2026-02-17,Closed,Urgent,How-to,1
TKT-ECEAB719,CUST-B9D5BA19,2026-03-14,2026-03-19,Closed,High,How-to,54
TKT-4639A1D6,CUST-44E58561,2024-08-14,2024-08-17,Closed,High,Billing,2
TKT-FCB700D7,CUST-44E58561,2024-12-10,2024-12-19,Closed,Medium,Bug,36
TKT-D0971BDF,CUST-44E58561,2025-03-30,2025-04-04,Closed,Low,Bug,33
TKT-7C262AE5,CUST-44E58561,2025-02-04,2025-02-10,Closed,High,Technical,29
TKT-98023663,CUST-44E58561,2024-09-28,2024-10-05,Closed,Low,Bug,8
TKT-914C5438,CUST-54D3B935,2025-12-06,2025-12-15,Closed,Low,How-to,14
TKT-D58F6492,CUST-54D3B935,2025-10-19,2025-10-23,Closed,Low,Bug,48
TKT-F7591884,CUST-54D3B935,2025-11-05,2025-11-09,Closed,Low,Bug,32
TKT-C2DB3A17,CUST-87E7C4B8,2025-06-06,2025-06-08,Closed,High,Billing,57
TKT-6768B1E6,CUST-87E7C4B8,2025-07-15,2025-07-17,Closed,High,Bug,65
TKT-17E62F31,CUST-87E7C4B8,2025-02-01,2025-02-02,Closed,Low,Bug,58
TKT-DA35F8CA,CUST-2265E428,2025-02-10,2025-02-17,Closed,Urgent,How-to,48
TKT-C340B355,CUST-2265E428,2025-05-16,2025-05-19,Closed,Medium,Billing,44
TKT-483D0D8B,CUST-2265E428,2025-01-29,2025-02-03,Closed,Medium,Bug,66
TKT-B4C7FA12,CUST-2265E428,2024-12-15,2024-12-24,Closed,High,How-to,55
TKT-EE28A190,CUST-2265E428,2025-05-27,2025-06-03,Closed,Urgent,Technical,12
TKT-C423974B,CUST-ACD384DB,2024-12-28,2025-01-03,Closed,Low,Bug,67
TKT-D6EB9856,CUST-FDBD1648,2025-12-25,2025-12-31,Closed,High,How-to,1
TKT-B4D7159A,CUST-FDBD1648,2026-04-08,2026-04-09,Closed,High,Bug,8
TKT-1396DEB3,CUST-D6310C82,2025-02-22,2025-03-04,Closed,Urgent,How-to,33
TKT-7C352501,CUST-D6310C82,2025-09-15,2025-09-21,Closed,Urgent,Technical,50
TKT-FFEF7E4C,CUST-D6310C82,2025-04-25,2025-05-02,Closed,High,Bug,55
TKT-EA114164,CUST-5B0E5317,2025-07-27,2025-07-31,Closed,Low,How-to,13
TKT-9FB441D9,CUST-5B0E5317,2025-04-01,2025-04-11,Closed,High,How-to,52
TKT-D0D4B5FB,CUST-5B0E5317,2025-03-14,2025-03-23,Closed,Urgent,Technical,51
TKT-D326669D,CUST-74C10D52,2025-06-05,2025-06-13,Closed,Low,Billing,43
TKT-D81A3934,CUST-74C10D52,2025-01-18,2025-01-26,Closed,Urgent,How-to,3
TKT-6AD3EA19,CUST-74C10D52,2024-10-13,2024-10-15,Closed,High,Technical,24
TKT-B1B4EB2E,CUST-74C10D52,2024-09-25,2024-09-30,Closed,Medium,Bug,26
TKT-8BD7409A,CUST-70EA0D78,2026-03-30,2026-04-02,Closed,High,Bug,69
TKT-29A7DA91,CUST-88508B8E,2024-10-29,2024-11-04,Closed,Urgent,Bug,54
TKT-E195D2CD,CUST-88508B8E,2025-03-05,2025-03-15,Closed,High,Billing,49
TKT-5550B212,CUST-88508B8E,2024-09-05,2024-09-10,Closed,High,How-to,7
TKT-2FAC021E,CUST-88508B8E,2024-11-26,2024-12-05,Closed,High,Billing,60
TKT-5B69D9E5,CUST-30FBE78E,2025-01-25,2025-02-02,Closed,Urgent,Bug,60
TKT-D2032BA1,CUST-30FBE78E,2024-08-31,2024-09-07,Closed,Medium,Technical,36
TKT-EDD8D90E,CUST-930F78FC,2025-01-03,2025-01-07,Closed,Low,Bug,31
TKT-64E652D0,CUST-930F78FC,2025-05-15,2025-05-23,Closed,Low,Technical,67
TKT-7E1B12C1,CUST-930F78FC,2025-02-13,2025-02-23,Closed,Medium,Technical,20
TKT-18C44F7A,CUST-930F78FC,2025-04-10,2025-04-15,Closed,High,Bug,17
TKT-75CA5B24,CUST-6B89F540,2025-12-09,2025-12-10,Closed,Urgent,How-to,52
TKT-F01B1C87,CUST-3E05CD90,2025-05-12,2025-05-17,Closed,Low,Bug,28
TKT-B32E4FA4,CUST-3E05CD90,2024-12-25,2025-01-04,Closed,Medium,Bug,29
TKT-03B3A1B1,CUST-3E05CD90,2025-03-08,2025-03-09,Closed,Medium,How-to,51
TKT-9C7C4EF6,CUST-3E05CD90,2024-11-03,2024-11-10,Closed,Medium,Technical,26
TKT-8B24185A,CUST-9159D16E,2025-06-12,2025-06-16,Closed,Low,How-to,15
TKT-AAFDF0EE,CUST-9159D16E,2025-06-07,2025-06-17,Closed,Medium,Bug,38
TKT-76EC0053,CUST-9159D16E,2025-11-24,2025-12-03,Closed,Medium,Bug,61
TKT-27AA7C83,CUST-9159D16E,2025-08-18,2025-08-24,Closed,Medium,Technical,33
TKT-B02ADA91,CUST-26DC1040,2025-02-23,2025-02-24,Closed,Low,How-to,25
TKT-64BAB7FC,CUST-26DC1040,2024-09-24,2024-10-03,Closed,Low,Technical,53
TKT-51DEDF00,CUST-2292200D,2025-12-13,2025-12-19,Closed,Urgent,How-to,24
TKT-FE88B76A,CUST-2292200D,2026-01-28,2026-02-07,Closed,High,Bug,40
TKT-2CA33623,CUST-2292200D,2026-02-18,2026-02-20,Closed,Urgent,Bug,23
TKT-AA1E92E3,CUST-2292200D,2025-12-27,2026-01-01,Closed,High,Technical,42
TKT-73577A67,CUST-EF559426,2025-02-06,2025-02-09,Closed,Low,Technical,59
TKT-F2B080A1,CUST-EF559426,2025-01-24,2025-01-26,Closed,High,Technical,45
TKT-D2709D3D,CUST-17F02B0D,2025-11-10,2025-11-12,Closed,High,Billing,34
TKT-7B1AA890,CUST-17F02B0D,2025-11-25,2025-11-29,Closed,Low,Technical,52
TKT-30B87E54,CUST-17F02B0D,2026-03-01,2026-03-06,Closed,Low,Bug,58
TKT-5F2A026E,CUST-28B15C1D,2025-04-02,2025-04-04,Closed,Medium,Technical,16
TKT-5DAADF15,CUST-5D016B5D,2025-06-04,2025-06-09,Closed,Medium,Technical,40
TKT-8B957494,CUST-5D016B5D,2024-10-12,2024-10-14,Closed,Urgent,How-to,33
TKT-7851571B,CUST-5D016B5D,2025-05-06,2025-05-07,Closed,Low,Billing,72
TKT-0DE57033,CUST-5D016B5D,2024-12-19,2024-12-23,Closed,Low,Technical,12
TKT-E9C3B246,CUST-74EF301D,2025-03-17,2025-03-19,Closed,High,Bug,61
TKT-29D9FDB9,CUST-74EF301D,2024-11-17,2024-11-23,Closed,Medium,Billing,66
TKT-AEA38264,CUST-74EF301D,2025-06-11,2025-06-14,Closed,Low,Technical,67
TKT-57F4229C,CUST-74EF301D,2025-01-15,2025-01-20,Closed,Medium,How-to,22
TKT-6D6C9EA9,CUST-74EF301D,2025-04-19,2025-04-21,Closed,Low,Billing,65
TKT-1FDB0610,CUST-6BC8E52A,2024-12-09,2024-12-15,Closed,High,Technical,12
TKT-A3AE672D,CUST-6BC8E52A,2024-09-05,2024-09-14,Closed,Medium,Billing,48
TKT-5B7D5CE5,CUST-4F251796,2025-08-30,2025-09-07,Closed,Low,Technical,40
TKT-AB8510D2,CUST-045AC865,2025-10-16,2025-10-24,Closed,Medium,Bug,48
TKT-E893CC15,CUST-045AC865,2025-12-14,2025-12-18,Closed,Urgent,Technical,51
TKT-FD2D583A,CUST-045AC865,2025-11-03,2025-11-05,Closed,Medium,Technical,65
TKT-B00195A2,CUST-045AC865,2025-08-31,2025-09-08,Closed,High,Technical,4
TKT-12A0EE33,CUST-045AC865,2025-10-14,2025-10-22,Closed,Urgent,Bug,6
TKT-46D5458F,CUST-511CFA62,2025-12-01,2025-12-05,Closed,Medium,Billing,59
TKT-852838BD,CUST-511CFA62,2025-11-11,2025-11-14,Closed,Low,Bug,47
TKT-769CDEDF,CUST-511CFA62,2025-09-20,2025-09-27,Closed,Medium,Technical,66
TKT-B90600B9,CUST-511CFA62,2025-12-12,2025-12-14,Closed,High,Bug,18
TKT-1D0F163C,CUST-511CFA62,2025-09-12,2025-09-16,Closed,Medium,Technical,48
TKT-03F14B52,CUST-87FC0318,2026-02-07,2026-02-11,Closed,Urgent,Billing,57
TKT-76804BFE,CUST-87FC0318,2026-01-19,2026-01-29,Closed,Urgent,How-to,56
TKT-8D780E16,CUST-87FC0318,2026-03-11,2026-03-16,Closed,Low,Billing,48
TKT-E9AB9CC3,CUST-93BF0918,2025-06-27,2025-06-28,Closed,High,Bug,47
TKT-8A081790,CUST-CA7A423D,2025-03-17,2025-03-21,Closed,Low,How-to,47
TKT-9075ABC6,CUST-CA7A423D,2025-01-20,2025-01-30,Closed,Urgent,How-to,66
TKT-E97CBC3E,CUST-CA7A423D,2025-09-09,2025-09-15,Closed,High,Billing,46
TKT-71C0F9B3,CUST-11AA14FE,2025-07-22,2025-08-01,Closed,High,How-to,57
TKT-8F813C26,CUST-11AA14FE,2026-01-06,2026-01-07,Closed,Low,Technical,24
TKT-89587D29,CUST-11AA14FE,2025-11-06,2025-11-16,Closed,Urgent,Bug,71
TKT-66B2571B,CUST-11AA14FE,2025-09-26,2025-10-02,Closed,Low,How-to,72
TKT-1FC65876,CUST-CD80B6B8,2026-03-29,2026-04-03,Closed,High,How-to,18
TKT-1A64CEB1,CUST-CD80B6B8,2026-01-08,2026-01-09,Closed,High,Bug,42
TKT-4907EB2B,CUST-A029ECDA,2026-02-09,2026-02-19,Closed,Medium,How-to,52
TKT-B5B31063,CUST-48D3A313,2024-10-01,2024-10-05,Closed,High,How-to,47
TKT-20ED4CA6,CUST-48D3A313,2024-09-29,2024-10-07,Closed,Urgent,Billing,4
TKT-49CA04D1,CUST-48D3A313,2025-01-06,2025-01-10,Closed,Urgent,How-to,19
TKT-0388E7FF,CUST-2AF6F706,2025-05-21,2025-05-22,Closed,Urgent,Technical,10
TKT-EFB8EAFD,CUST-73F214C1,2024-10-23,2024-11-02,Closed,Medium,Billing,46
TKT-4B086A60,CUST-73F214C1,2025-03-11,2025-03-19,Closed,Urgent,Bug,56
TKT-F1F93F49,CUST-73F214C1,2024-12-15,2024-12-18,Closed,Medium,Billing,48
TKT-240DEC38,CUST-A5073E54,2026-04-11,2026-04-18,Closed,High,How-to,53
TKT-94936F3B,CUST-A5073E54,2026-04-14,2026-04-16,Closed,High,Billing,45
TKT-B586BB61,CUST-7D94275F,2025-04-30,2025-05-04,Closed,Urgent,Technical,64
TKT-14D9A6CC,CUST-7D94275F,2025-03-13,2025-03-21,Closed,High,Bug,7
TKT-F3F48ED6,CUST-7D94275F,2025-02-18,2025-02-19,Closed,High,Billing,28
TKT-C210AB64,CUST-7D94275F,2025-05-19,2025-05-26,Closed,Urgent,How-to,32
TKT-A0721802,CUST-DE96727E,2025-05-20,2025-05-21,Closed,Urgent,How-to,17
TKT-99D0D8BC,CUST-DE96727E,2025-04-29,2025-05-08,Closed,Urgent,Bug,59
TKT-70AE6F11,CUST-DE96727E,2024-12-12,2024-12-20,Closed,Low,Billing,43
TKT-37923269,CUST-DE96727E,2025-06-28,2025-07-03,Closed,Low,Bug,3
TKT-F3A500C0,CUST-157C59FF,2025-02-22,2025-02-24,Closed,Low,Technical,69
TKT-5B67E953,CUST-157C59FF,2025-08-08,2025-08-15,Closed,Urgent,Technical,43
TKT-68A61715,CUST-E09455CC,2026-01-26,2026-01-29,Closed,Low,Technical,24
TKT-2E9A597D,CUST-E09455CC,2026-04-29,2026-05-08,Closed,Low,Technical,61
TKT-C7065F6A,CUST-E09455CC,2026-02-28,2026-03-02,Closed,High,How-to,58
TKT-4EEF7196,CUST-E09455CC,2025-11-01,2025-11-09,Closed,High,Billing,35
TKT-3C027D29,CUST-21B07CF0,2025-07-20,2025-07-21,Closed,Urgent,Technical,32
TKT-C8323CE0,CUST-21B07CF0,2025-11-18,2025-11-20,Closed,Medium,How-to,1
TKT-77489C78,CUST-21B07CF0,2025-12-29,2026-01-07,Closed,Low,Technical,72
TKT-5D2322CA,CUST-5E286FE0,2025-03-14,2025-03-18,Closed,Medium,Billing,48
TKT-63D28B90,CUST-5E286FE0,2025-04-14,2025-04-22,Closed,Urgent,Technical,12
TKT-5EC0642D,CUST-5E286FE0,2025-07-15,2025-07-25,Closed,Low,Technical,57
TKT-8F284847,CUST-C6501EED,2025-05-15,2025-05-16,Closed,Urgent,How-to,3
TKT-379A84AE,CUST-C6501EED,2025-07-25,2025-07-26,Closed,High,Bug,55
TKT-A3891D32,CUST-1B0080EA,2024-10-15,2024-10-16,Closed,Low,How-to,61
TKT-95F2D5B6,CUST-1B0080EA,2024-07-11,2024-07-14,Closed,Medium,How-to,42
TKT-FEE130AB,CUST-923E4376,2024-09-30,2024-10-07,Closed,Urgent,Billing,14
TKT-2F36E81C,CUST-1B108E1B,2025-09-28,2025-09-29,Closed,Low,Bug,18
TKT-7A512EAC,CUST-39D36631,2026-03-11,2026-03-13,Closed,Medium,Technical,47
TKT-6183A627,CUST-1A11366F,2024-08-15,2024-08-17,Closed,Low,Technical,30
TKT-D26CB79C,CUST-1A11366F,2024-07-29,2024-08-07,Closed,Low,Billing,30
TKT-E08E25FF,CUST-1A11366F,2025-01-09,2025-01-13,Closed,Low,Billing,15
TKT-B59994D8,CUST-1A11366F,2024-08-21,2024-08-28,Closed,Urgent,Bug,42
TKT-5D257498,CUST-FED89FC8,2024-09-09,2024-09-15,Closed,Urgent,Billing,17
TKT-3A203298,CUST-FED89FC8,2024-09-21,2024-09-25,Closed,Medium,Technical,34
TKT-7F503154,CUST-FED89FC8,2024-12-22,2024-12-23,Closed,High,Billing,71
TKT-A83C44DB,CUST-FED89FC8,2025-04-23,2025-04-30,Closed,Low,Bug,4
TKT-55FF7FD8,CUST-FED89FC8,2025-03-10,2025-03-12,Closed,Medium,Bug,28
TKT-054A6779,CUST-36D1175E,2025-03-21,2025-03-22,Closed,Low,Bug,50
TKT-33C78F8C,CUST-36D1175E,2024-06-12,2024-06-19,Closed,High,Bug,7
TKT-4CE7AFC9,CUST-36D1175E,2024-11-29,2024-11-30,Closed,High,Bug,54
TKT-09C76202,CUST-36D1175E,2024-11-02,2024-11-03,Closed,Medium,Technical,46
TKT-65F8F53A,CUST-36D1175E,2024-07-25,2024-07-27,Closed,Low,Billing,70
TKT-98A82C1D,CUST-028BDB79,2025-05-21,2025-05-30,Closed,Urgent,Technical,36
TKT-A82F76FD,CUST-E8279D9D,2025-11-04,2025-11-09,Closed,Low,Technical,36
TKT-F158D483,CUST-E8279D9D,2025-10-06,2025-10-14,Closed,Medium,How-to,3
TKT-C51338C8,CUST-E8279D9D,2026-02-02,2026-02-06,Closed,Low,Billing,67
TKT-0C3BB82F,CUST-E8279D9D,2025-12-23,2025-12-29,Closed,High,Billing,29
TKT-DE3154C0,CUST-F7DD99B1,2026-04-09,2026-04-12,Closed,Medium,How-to,38
TKT-16613698,CUST-F7DD99B1,2026-02-26,2026-03-04,Closed,High,Billing,46
TKT-150BADF6,CUST-E44DE558,2026-03-26,2026-03-31,Closed,High,Billing,11
TKT-3C617490,CUST-89F6ABEE,2025-07-21,2025-07-30,Closed,Low,Billing,18
TKT-C939C273,CUST-A3F851A8,2026-03-29,2026-04-04,Closed,High,How-to,23
TKT-A708D6AA,CUST-EB04C4AA,2025-10-27,2025-11-05,Closed,High,Billing,27
TKT-36F2CB97,CUST-EB04C4AA,2026-01-22,2026-01-31,Closed,Medium,Billing,70
TKT-15FBA0CA,CUST-EB04C4AA,2025-12-09,2025-12-16,Closed,Medium,Billing,4
TKT-5D5E380B,CUST-0773E169,2026-04-07,2026-04-13,Closed,High,Bug,52
TKT-DB76F07E,CUST-0773E169,2026-04-10,2026-04-18,Closed,Urgent,Billing,7
TKT-0A025AB9,CUST-0773E169,2026-03-11,2026-03-13,Closed,Low,Billing,48
TKT-8B6D5634,CUST-8EA5C91A,2026-03-09,2026-03-15,Closed,Urgent,Bug,14
TKT-1568B8DB,CUST-8EA5C91A,2025-11-02,2025-11-06,Closed,Low,Bug,33
TKT-F17A7F1A,CUST-9E706988,2025-12-21,2025-12-31,Closed,High,Billing,28
TKT-24629D0E,CUST-9E706988,2025-08-15,2025-08-23,Closed,Medium,Technical,71
TKT-A2BD52D1,CUST-D5DB0623,2026-01-08,2026-01-16,Closed,Urgent,Billing,65
TKT-27E64DD1,CUST-D5DB0623,2025-12-05,2025-12-10,Closed,Low,How-to,8
TKT-BA083384,CUST-6A88D03E,2026-02-14,2026-02-18,Closed,Medium,Technical,8
TKT-CCBEF6DE,CUST-6A88D03E,2026-01-17,2026-01-22,Closed,Urgent,Bug,50
TKT-D3930A0F,CUST-505FF103,2025-11-07,2025-11-10,Closed,High,Bug,72
TKT-E9CFEEE0,CUST-505FF103,2025-10-28,2025-10-30,Closed,Urgent,How-to,10
TKT-0AFB94C0,CUST-505FF103,2026-02-26,2026-03-06,Closed,Urgent,Billing,53
TKT-DD952461,CUST-066C24E0,2024-09-10,2024-09-11,Closed,Low,Bug,66
TKT-8053EDEC,CUST-066C24E0,2024-09-13,2024-09-22,Closed,Low,How-to,70
TKT-CBDF611D,CUST-066C24E0,2024-09-25,2024-09-29,Closed,Medium,Bug,61
TKT-40D47815,CUST-066C24E0,2025-05-04,2025-05-05,Closed,High,Billing,15
TKT-6A680053,CUST-721E72D8,2025-08-14,2025-08-15,Closed,Medium,How-to,66
TKT-8CADC738,CUST-721E72D8,2025-05-08,2025-05-13,Closed,Urgent,Bug,33
TKT-4E1F38B3,CUST-93D8B932,2025-10-19,2025-10-23,Closed,Urgent,Bug,18
TKT-28A1EE82,CUST-93D8B932,2025-11-05,2025-11-12,Closed,Urgent,How-to,61
TKT-377DC994,CUST-1CC7DCC2,2026-02-18,2026-02-28,Closed,Medium,How-to,43
TKT-6508A284,CUST-1CC7DCC2,2026-02-24,2026-02-26,Closed,Urgent,Technical,1
TKT-12933666,CUST-E7942B95,2026-03-07,2026-03-14,Closed,Urgent,How-to,46
TKT-6CF8CCF7,CUST-E7942B95,2026-03-07,2026-03-09,Closed,Low,Bug,53
TKT-D911B8F2,CUST-2943BBEF,2026-02-20,2026-02-21,Closed,Urgent,How-to,1
TKT-902A736F,CUST-1B337326,2026-03-13,2026-03-18,Closed,Low,Billing,14
TKT-05B27AF7,CUST-1B337326,2026-01-14,2026-01-18,Closed,Urgent,Billing,59
TKT-9C4AAA1E,CUST-1B337326,2026-03-25,2026-03-28,Closed,Medium,How-to,21
TKT-9409150E,CUST-1B337326,2025-11-09,2025-11-18,Closed,Low,Bug,48
TKT-DBCE86F7,CUST-1B337326,2026-01-23,2026-01-30,Closed,High,Billing,25
TKT-EEADCBF2,CUST-C1F8D4B3,2025-08-26,2025-08-30,Closed,Medium,Technical,46
TKT-4E58AE80,CUST-C1F8D4B3,2025-04-07,2025-04-16,Closed,Low,Bug,72
TKT-679DAB7B,CUST-E6686E8D,2024-09-02,2024-09-10,Closed,Medium,How-to,26
TKT-C2CF9B36,CUST-E6686E8D,2024-10-23,2024-10-31,Closed,High,Billing,54
TKT-A4B65C33,CUST-E6686E8D,2024-09-16,2024-09-26,Closed,High,Technical,6
TKT-03F0DDCD,CUST-E6686E8D,2024-12-10,2024-12-18,Closed,Low,Technical,61
TKT-FB7AFF2D,CUST-E6686E8D,2025-03-30,2025-04-03,Closed,High,Billing,12
TKT-1D2556BB,CUST-805DE4CA,2025-02-08,2025-02-12,Closed,Urgent,How-to,59
TKT-E43BB945,CUST-423A59A6,2025-08-11,2025-08-21,Closed,Medium,How-to,29
TKT-47CEECC1,CUST-423A59A6,2025-06-15,2025-06-21,Closed,Medium,How-to,70
TKT-2719DCDE,CUST-423A59A6,2025-08-08,2025-08-10,Closed,Low,How-to,45
TKT-8CB6EB11,CUST-423A59A6,2025-04-04,2025-04-09,Closed,Low,Billing,36
TKT-EEBEE3E7,CUST-423A59A6,2025-03-21,2025-03-22,Closed,Medium,Billing,64
TKT-E0B3DA2A,CUST-D43E11C3,2026-02-21,2026-03-01,Closed,Medium,Billing,18
TKT-F055B3D6,CUST-D43E11C3,2025-11-09,2025-11-19,Closed,Low,Billing,59
TKT-B155EFB3,CUST-2F4072AC,2025-07-11,2025-07-20,Closed,Urgent,How-to,11
TKT-CFA3FDDC,CUST-2F4072AC,2024-12-09,2024-12-18,Closed,Low,Billing,65
TKT-773E7545,CUST-2F4072AC,2024-12-29,2024-12-31,Closed,Urgent,How-to,7
TKT-53A62643,CUST-2F4072AC,2025-05-29,2025-06-05,Closed,Urgent,Billing,5
TKT-4C1031A9,CUST-6F9D98C6,2025-10-24,2025-10-30,Closed,Medium,Billing,41
TKT-9FD997F9,CUST-6F9D98C6,2025-10-03,2025-10-11,Closed,Medium,Billing,6
TKT-8E8F8F63,CUST-3FD621DC,2025-04-07,2025-04-13,Closed,Low,How-to,29
TKT-CB949159,CUST-3FD621DC,2025-09-05,2025-09-13,Closed,Urgent,How-to,53
TKT-29DAF0ED,CUST-9E6527CF,2025-11-28,2025-12-06,Closed,Urgent,Bug,32
TKT-47A92077,CUST-9E6527CF,2025-07-10,2025-07-16,Closed,Urgent,Billing,35
TKT-FD15067D,CUST-9E6527CF,2026-02-28,2026-03-07,Closed,Medium,How-to,49
TKT-B6ED6A69,CUST-9E6527CF,2025-05-19,2025-05-27,Closed,Urgent,Bug,1
TKT-2C6EEF09,CUST-C7B2DE10,2025-10-30,2025-11-07,Closed,High,Technical,28
TKT-41A593E5,CUST-770E60A7,2025-12-24,2025-12-28,Closed,Medium,Billing,71
TKT-4FA6B8CA,CUST-770E60A7,2025-11-03,2025-11-09,Closed,Medium,Billing,59
TKT-6FE2EBAC,CUST-770E60A7,2025-12-18,2025-12-21,Closed,Urgent,Billing,15
TKT-8DE435A6,CUST-28315F9A,2025-08-06,2025-08-09,Closed,Medium,Bug,50
TKT-0202EA5D,CUST-28315F9A,2025-07-11,2025-07-20,Closed,Urgent,Technical,24
TKT-5EF9B360,CUST-28315F9A,2025-08-27,2025-08-31,Closed,Medium,How-to,34
TKT-DE44EBEE,CUST-57E4370E,2025-12-06,2025-12-16,Closed,Urgent,Bug,8
TKT-9FE98520,CUST-0A2F47D3,2025-06-17,2025-06-20,Closed,High,Technical,51
TKT-4F583C9D,CUST-0A2F47D3,2025-11-06,2025-11-12,Closed,Medium,How-to,38
TKT-64850F5C,CUST-0A2F47D3,2025-06-30,2025-07-07,Closed,Urgent,Billing,1
TKT-49FB8248,CUST-0A2F47D3,2025-08-27,2025-09-05,Closed,Urgent,Technical,68
TKT-D44F4491,CUST-0A2F47D3,2025-11-23,2025-11-29,Closed,Low,Billing,65
TKT-CBB60C73,CUST-A5902619,2025-01-11,2025-01-14,Closed,Medium,Billing,10
TKT-5275E72B,CUST-A5902619,2024-10-20,2024-10-24,Closed,Low,Technical,25
TKT-AED78920,CUST-A5902619,2024-09-27,2024-10-02,Closed,Urgent,How-to,39
TKT-85F1E51F,CUST-A5902619,2024-11-14,2024-11-16,Closed,Low,How-to,62
TKT-E202A17F,CUST-D71066BD,2026-02-26,2026-03-02,Closed,Medium,How-to,39
TKT-C4B9D39F,CUST-D71066BD,2026-03-09,2026-03-16,Closed,Low,Billing,33
TKT-1A9BA372,CUST-D71066BD,2026-03-11,2026-03-12,Closed,Medium,Bug,37
TKT-9B0CAFEF,CUST-B0740AB6,2025-05-19,2025-05-22,Closed,High,Billing,34
TKT-A98CF3E6,CUST-B0740AB6,2024-10-31,2024-11-05,Closed,Urgent,Bug,38
TKT-146243C4,CUST-6B4B9AD2,2026-03-18,2026-03-23,Closed,High,How-to,13
TKT-83CBB050,CUST-6B4B9AD2,2025-09-30,2025-10-01,Closed,Low,How-to,8
TKT-CCEB42C3,CUST-6B4B9AD2,2025-12-24,2025-12-28,Closed,Urgent,Technical,57
TKT-0F80BAEA,CUST-873D3466,2025-06-15,2025-06-18,Closed,Low,Bug,6
TKT-C9F36B06,CUST-EEDAC83A,2025-11-24,2025-11-30,Closed,High,How-to,65
TKT-CCC134C8,CUST-EEDAC83A,2025-11-27,2025-12-06,Closed,High,Billing,42
TKT-6AA37A0B,CUST-F4E7A670,2024-12-29,2025-01-01,Closed,Low,Bug,72
TKT-6673DE64,CUST-F4E7A670,2025-10-19,2025-10-21,Closed,Urgent,Billing,64
TKT-17EA9301,CUST-F4E7A670,2025-01-21,2025-01-30,Closed,High,How-to,65
TKT-BFCD96AA,CUST-2674C005,2025-04-07,2025-04-15,Closed,Medium,How-to,19
TKT-5D52EF3A,CUST-2674C005,2025-08-21,2025-08-24,Closed,Urgent,Bug,8
TKT-0BFC70BC,CUST-2674C005,2025-12-02,2025-12-08,Closed,Low,Technical,31
TKT-90467F19,CUST-2674C005,2025-04-11,2025-04-20,Closed,Urgent,Billing,57
TKT-1CA4DF67,CUST-5615160C,2025-08-08,2025-08-11,Closed,Urgent,Technical,49
TKT-293B233B,CUST-5615160C,2025-12-28,2026-01-04,Closed,High,Technical,57
TKT-051A3F58,CUST-5615160C,2025-09-18,2025-09-23,Closed,Urgent,How-to,41
TKT-FEC8954C,CUST-5A12BF2D,2026-01-28,2026-01-29,Closed,High,Technical,68
TKT-2E8FF48B,CUST-821F3A08,2025-05-27,2025-06-01,Closed,Low,Bug,50
TKT-6946A62E,CUST-821F3A08,2025-10-19,2025-10-21,Closed,Medium,Billing,56
TKT-0FD6B64B,CUST-821F3A08,2026-01-02,2026-01-12,Closed,Urgent,Billing,22
TKT-6B3396B7,CUST-821F3A08,2025-06-18,2025-06-21,Closed,High,Technical,57
TKT-654E7F2B,CUST-C41A21FB,2025-03-07,2025-03-10,Closed,Urgent,Billing,52
TKT-F2025311,CUST-C41A21FB,2024-11-11,2024-11-19,Closed,Urgent,Billing,16
TKT-59FB4405,CUST-C41A21FB,2025-06-14,2025-06-21,Closed,Urgent,Technical,61
TKT-B531F877,CUST-C41A21FB,2024-10-25,2024-11-04,Closed,Low,Technical,56
TKT-6E9DFCF2,CUST-C41A21FB,2025-06-10,2025-06-14,Closed,Low,Technical,61
TKT-38DA868B,CUST-9A3CBDBC,2025-12-22,2025-12-24,Closed,High,How-to,56
TKT-C5621678,CUST-B49B3E7D,2026-03-12,2026-03-18,Closed,High,Bug,34
TKT-40702489,CUST-B49B3E7D,2026-01-30,2026-02-01,Closed,Medium,How-to,32
TKT-3A47BDC1,CUST-AD828933,2025-07-31,2025-08-06,Closed,Low,Technical,71
TKT-DBF708AA,CUST-F19B6F11,2026-03-02,2026-03-06,Closed,High,Billing,33
TKT-A68A12BD,CUST-F19B6F11,2025-09-21,2025-09-25,Closed,Medium,Billing,3
TKT-8FFF6310,CUST-F19B6F11,2025-08-24,2025-08-29,Closed,Urgent,How-to,31
TKT-E7F8F773,CUST-37B61A7E,2024-09-03,2024-09-09,Closed,High,How-to,51
TKT-3ECCD893,CUST-37B61A7E,2025-04-08,2025-04-10,Closed,Low,Billing,43
TKT-DED52E4A,CUST-37B61A7E,2024-10-25,2024-11-04,Closed,Medium,Billing,31
TKT-D9E27E3B,CUST-802EBAAD,2025-06-18,2025-06-20,Closed,Medium,Technical,69
TKT-8647C9C5,CUST-802EBAAD,2025-05-20,2025-05-27,Closed,Urgent,Technical,22
TKT-04F6D57C,CUST-0EB3CD1D,2025-10-20,2025-10-25,Closed,Low,Bug,55
TKT-BF81CD4A,CUST-0EB3CD1D,2026-04-30,2026-05-02,Closed,Low,Billing,4
TKT-7BC67D7F,CUST-8B7E955C,2025-08-13,2025-08-23,Closed,Medium,Billing,45
TKT-FCE7ADA4,CUST-8B7E955C,2026-03-27,2026-03-29,Closed,Urgent,Technical,49
TKT-C35C71A8,CUST-8B7E955C,2025-08-26,2025-09-04,Closed,Urgent,Billing,26
TKT-2607BEE3,CUST-3778E762,2025-12-05,2025-12-15,Closed,High,Billing,70
TKT-23051A6F,CUST-3778E762,2026-04-28,2026-05-04,Closed,Low,Technical,25
TKT-B2FF3493,CUST-3778E762,2026-04-27,2026-05-04,Closed,Urgent,Technical,15
TKT-6872CAD5,CUST-3778E762,2026-02-20,2026-02-26,Closed,Urgent,Billing,3
TKT-95C8A884,CUST-3778E762,2025-10-29,2025-11-07,Closed,Medium,How-to,10
TKT-8D4BF614,CUST-68885BF7,2026-01-03,2026-01-12,Closed,Medium,How-to,47
TKT-FEB9D4BC,CUST-68885BF7,2025-06-01,2025-06-05,Closed,High,Billing,60
TKT-A203312F,CUST-68885BF7,2025-10-04,2025-10-08,Closed,High,Bug,50
TKT-14379077,CUST-68885BF7,2025-06-10,2025-06-13,Closed,Urgent,Technical,44
TKT-46BF7C27,CUST-F648DD0F,2026-04-28,2026-05-04,Closed,Medium,Bug,21
TKT-2B0FE13D,CUST-4879F0F2,2025-09-18,2025-09-28,Closed,Urgent,Bug,31
TKT-D7B1BF81,CUST-D520486C,2025-04-14,2025-04-22,Closed,Urgent,Technical,27
TKT-755A210D,CUST-88A63B41,2026-01-11,2026-01-12,Closed,Low,Billing,31
TKT-BF2031ED,CUST-88A63B41,2025-09-17,2025-09-26,Closed,Medium,Bug,57
TKT-6DEDCCF3,CUST-88A63B41,2025-12-28,2026-01-05,Closed,Medium,Technical,30
TKT-80B42676,CUST-88A63B41,2026-02-22,2026-03-02,Closed,Urgent,Billing,48
TKT-337B1EEF,CUST-88A63B41,2026-02-06,2026-02-11,Closed,High,How-to,14
TKT-446A5C8C,CUST-0C19E931,2025-10-21,2025-10-27,Closed,Urgent,Technical,18
TKT-D7DEF05D,CUST-0C19E931,2025-06-02,2025-06-10,Closed,High,Bug,17
TKT-A9D0AFDE,CUST-0C19E931,2025-11-05,2025-11-15,Closed,Urgent,How-to,35
TKT-FED28C05,CUST-0C19E931,2025-05-20,2025-05-24,Closed,High,Bug,64
TKT-39CF0457,CUST-3F27FA0B,2025-11-20,2025-11-24,Closed,Urgent,How-to,31
TKT-1371D72A,CUST-3F27FA0B,2025-10-22,2025-11-01,Closed,Medium,How-to,66
TKT-BDBA4BF3,CUST-3F27FA0B,2026-02-18,2026-02-24,Closed,Low,How-to,47
TKT-08A4FA86,CUST-3F27FA0B,2025-12-29,2026-01-01,Closed,Medium,Bug,48
TKT-3D0D019E,CUST-3F27FA0B,2026-03-25,2026-03-30,Closed,High,Bug,33
TKT-2252EB49,CUST-0BE8F5E3,2024-11-03,2024-11-12,Closed,Urgent,Bug,44
TKT-F0FE1934,CUST-01BC75ED,2024-12-13,2024-12-16,Closed,Low,Bug,45
TKT-2A6D3A8C,CUST-01BC75ED,2025-02-09,2025-02-18,Closed,Medium,How-to,56
TKT-49A0D934,CUST-01BC75ED,2024-10-26,2024-10-30,Closed,Medium,Technical,28
TKT-1A8C0DEA,CUST-C2278C65,2026-03-13,2026-03-17,Closed,Urgent,Bug,2
TKT-094438FD,CUST-C2278C65,2026-01-25,2026-01-29,Closed,High,Billing,14
TKT-5D854F46,CUST-C2278C65,2026-01-14,2026-01-16,Closed,Low,Billing,32
TKT-9FDBC789,CUST-39BBF790,2025-05-03,2025-05-07,Closed,Urgent,Technical,54
TKT-1A6EBD71,CUST-39BBF790,2025-10-19,2025-10-29,Closed,Low,How-to,7
TKT-522E393E,CUST-39BBF790,2025-11-09,2025-11-12,Closed,Urgent,How-to,16
TKT-14FBB06F,CUST-F9ED0243,2026-01-13,2026-01-16,Closed,Medium,Billing,20
TKT-3C9B6B2C,CUST-9DC53DD1,2026-03-26,2026-04-05,Closed,Urgent,Billing,71
TKT-7444EB80,CUST-9DC53DD1,2026-04-05,2026-04-14,Closed,Urgent,Billing,62
TKT-47233FF5,CUST-51545B44,2024-12-03,2024-12-07,Closed,Low,Technical,67
TKT-C2EB7B98,CUST-51545B44,2024-12-13,2024-12-23,Closed,Low,Billing,72
TKT-61B3A32D,CUST-51545B44,2025-06-05,2025-06-06,Closed,Low,How-to,21
TKT-1B9F6725,CUST-51545B44,2024-11-10,2024-11-19,Closed,Urgent,Billing,20
TKT-5EA138D6,CUST-54922716,2025-12-08,2025-12-17,Closed,High,Technical,16
TKT-CC308856,CUST-96966D0F,2025-11-02,2025-11-06,Closed,Medium,Technical,41
TKT-C5B50E12,CUST-96966D0F,2026-03-27,2026-04-03,Closed,Urgent,How-to,23
TKT-F2FBCDA3,CUST-F237688B,2024-10-11,2024-10-17,Closed,High,Bug,65
TKT-C777458A,CUST-F237688B,2025-03-20,2025-03-21,Closed,High,Billing,47
TKT-BD13A943,CUST-F237688B,2025-03-10,2025-03-19,Closed,Low,Technical,58
TKT-11584E17,CUST-F237688B,2025-02-09,2025-02-19,Closed,Low,How-to,56
TKT-3DC6A4BD,CUST-AD927911,2024-07-27,2024-08-04,Closed,Medium,Billing,53
TKT-4395670C,CUST-AD927911,2025-04-19,2025-04-27,Closed,Medium,Bug,7
TKT-35BE18C7,CUST-AD927911,2024-10-08,2024-10-13,Closed,Urgent,Bug,37
TKT-1DA11312,CUST-AD927911,2025-02-08,2025-02-13,Closed,Urgent,How-to,35
TKT-53EE998E,CUST-71433423,2025-08-25,2025-08-31,Closed,Urgent,Bug,68
TKT-84849AEF,CUST-2D54B322,2026-02-04,2026-02-09,Closed,High,Technical,66
TKT-55EF00ED,CUST-2D54B322,2025-12-10,2025-12-11,Closed,Urgent,Technical,24
TKT-00A3F80C,CUST-2D54B322,2026-03-22,2026-03-23,Closed,Low,Billing,19
TKT-7F7212BD,CUST-2D54B322,2025-08-13,2025-08-21,Closed,High,Billing,48
TKT-E5B12C83,CUST-6F369150,2024-11-13,2024-11-16,Closed,Low,Billing,34
TKT-E5F0F61A,CUST-6F369150,2025-06-10,2025-06-20,Closed,High,Technical,71
TKT-E3C2BAA9,CUST-EFF49D01,2026-02-09,2026-02-16,Closed,High,How-to,70
TKT-E182D7B7,CUST-EFF49D01,2026-04-08,2026-04-17,Closed,Urgent,Billing,27
TKT-268BB3A5,CUST-83469B51,2024-08-11,2024-08-21,Closed,Medium,How-to,14
TKT-ADE4635F,CUST-83469B51,2024-10-24,2024-11-03,Closed,Medium,Billing,51
TKT-8E95548A,CUST-83469B51,2024-11-04,2024-11-13,Closed,Low,Technical,49
TKT-95BED01D,CUST-A77F16CF,2026-03-17,2026-03-19,Closed,Medium,Billing,35
TKT-4693DF03,CUST-A77F16CF,2025-07-19,2025-07-23,Closed,Medium,How-to,35
TKT-2F01CB74,CUST-A77F16CF,2026-03-24,2026-03-29,Closed,Urgent,How-to,44
TKT-B79B6D7F,CUST-0B726B5E,2025-09-26,2025-09-30,Closed,Low,How-to,54
TKT-FBBF066E,CUST-0B726B5E,2025-12-01,2025-12-11,Closed,Low,Billing,25
TKT-133CC19F,CUST-34D6D2FC,2025-07-03,2025-07-10,Closed,High,Technical,25
TKT-CFDB6942,CUST-34D6D2FC,2025-07-26,2025-07-31,Closed,Medium,Bug,45
TKT-41EF5EAA,CUST-34D6D2FC,2025-11-19,2025-11-20,Closed,Low,Billing,65
TKT-2F793943,CUST-34D6D2FC,2025-05-12,2025-05-14,Closed,High,Technical,61
TKT-AAD9DB2E,CUST-34D6D2FC,2025-10-06,2025-10-16,Closed,Urgent,Billing,49
TKT-21142766,CUST-7B9EA16F,2025-10-22,2025-10-27,Closed,Medium,Billing,40
TKT-1FDE3441,CUST-7B9EA16F,2026-04-13,2026-04-20,Closed,Low,Technical,48
TKT-EBDC1A3D,CUST-F59C8358,2025-10-01,2025-10-11,Closed,High,Billing,8
TKT-7071D0E8,CUST-F59C8358,2026-02-09,2026-02-19,Closed,Urgent,How-to,45
TKT-2E036ED5,CUST-F59C8358,2026-01-12,2026-01-14,Closed,Medium,Bug,7
TKT-72B6E3B3,CUST-F59C8358,2026-01-19,2026-01-20,Closed,Medium,Billing,50
TKT-BFA9BA52,CUST-F59C8358,2025-07-15,2025-07-17,Closed,Urgent,Billing,33
TKT-D8250498,CUST-7200BDA9,2026-02-02,2026-02-06,Closed,Urgent,Bug,44
TKT-B93982AF,CUST-7BA7B045,2026-03-08,2026-03-15,Closed,Urgent,Technical,45
TKT-08CB8E0D,CUST-B563BD25,2026-03-03,2026-03-06,Closed,High,Bug,47
TKT-F322FF11,CUST-B563BD25,2025-12-16,2025-12-26,Closed,Low,Technical,39
TKT-ECF6FD81,CUST-02795323,2025-08-30,2025-09-06,Closed,Medium,How-to,3
TKT-C25B0CA5,CUST-02795323,2025-09-28,2025-10-07,Closed,High,Bug,66
TKT-F4E47BD7,CUST-3AAB962C,2026-01-23,2026-01-30,Closed,Medium,Billing,9
TKT-C70C6ECA,CUST-3AAB962C,2026-01-22,2026-01-24,Closed,Low,Bug,64
TKT-B05BC87C,CUST-A8769B33,2025-04-03,2025-04-11,Closed,Medium,How-to,41
TKT-C07E2B90,CUST-A8769B33,2025-06-02,2025-06-09,Closed,High,Bug,67
TKT-BD078024,CUST-EF9AAB7E,2026-02-18,2026-02-22,Closed,Low,Billing,56
TKT-B46C3046,CUST-AEDA0548,2024-08-16,2024-08-17,Closed,High,Technical,65
TKT-56AAD9E0,CUST-AEDA0548,2025-06-03,2025-06-11,Closed,Urgent,Billing,30
TKT-ECFB6426,CUST-AEDA0548,2024-09-03,2024-09-07,Closed,Medium,Bug,55
TKT-BBDA6BBB,CUST-AEDA0548,2025-02-07,2025-02-17,Closed,Urgent,Billing,5
TKT-1EB220CE,CUST-C10E8241,2026-04-27,2026-05-01,Closed,Urgent,Billing,39
TKT-B93954C5,CUST-C10E8241,2026-01-10,2026-01-20,Closed,Low,Bug,59
TKT-0B4572CA,CUST-F546D9D4,2024-10-14,2024-10-18,Closed,Low,Technical,25
TKT-2A1AB090,CUST-F546D9D4,2024-11-29,2024-12-03,Closed,Low,How-to,12
TKT-8EE436FA,CUST-F546D9D4,2025-03-01,2025-03-04,Closed,Low,Technical,63
TKT-AD0FE24C,CUST-F546D9D4,2024-11-28,2024-12-08,Closed,Medium,How-to,55
TKT-33B6899B,CUST-F546D9D4,2024-10-26,2024-10-28,Closed,Medium,Billing,65
TKT-8D7C22D6,CUST-AE35EDC9,2025-10-21,2025-10-25,Closed,Medium,Technical,33
TKT-F86AFE86,CUST-AE35EDC9,2025-05-02,2025-05-05,Closed,Medium,How-to,51
TKT-B516F3F6,CUST-AE35EDC9,2025-06-24,2025-06-25,Closed,Medium,Technical,16
TKT-37EBF7B8,CUST-AE35EDC9,2025-10-08,2025-10-17,Closed,Urgent,Technical,41
TKT-16F0F999,CUST-C7DDEB12,2026-03-07,2026-03-11,Closed,Medium,Billing,22
TKT-644ABC1D,CUST-B15D2C8B,2025-11-26,2025-11-27,Closed,High,How-to,57
TKT-9527CCE2,CUST-92FE1455,2025-11-23,2025-11-29,Closed,High,Billing,61
TKT-5CE80345,CUST-92FE1455,2025-10-30,2025-11-08,Closed,Medium,Technical,71
TKT-653D368A,CUST-92FE1455,2025-07-24,2025-07-31,Closed,Urgent,Technical,19
TKT-D2AB1A52,CUST-92FE1455,2025-03-18,2025-03-24,Closed,Medium,Technical,38
TKT-4D51675F,CUST-92FE1455,2025-05-09,2025-05-10,Closed,Urgent,How-to,12
TKT-6B412C41,CUST-579AA5E4,2026-02-13,2026-02-21,Closed,Urgent,Technical,22
TKT-10D1AC93,CUST-FBAC914A,2025-01-24,2025-01-29,Closed,Urgent,Bug,6
TKT-416EC602,CUST-FBAC914A,2024-11-09,2024-11-18,Closed,High,How-to,70
TKT-40339D2B,CUST-FBAC914A,2024-11-16,2024-11-21,Closed,Urgent,Bug,57
TKT-B4257CA2,CUST-252A3582,2026-04-15,2026-04-20,Closed,Medium,How-to,14
TKT-23C02FD1,CUST-252A3582,2025-10-10,2025-10-19,Closed,Medium,Billing,17
TKT-F956AEEA,CUST-252A3582,2026-04-27,2026-04-29,Closed,Medium,Bug,46
TKT-5C0D912B,CUST-252A3582,2025-10-24,2025-10-28,Closed,Urgent,Bug,15
TKT-20624697,CUST-75703E6E,2026-03-03,2026-03-12,Closed,Urgent,How-to,22
TKT-1EF9E993,CUST-75703E6E,2025-12-26,2026-01-03,Closed,Urgent,Billing,54
TKT-72783E8E,CUST-F15194D8,2025-04-21,2025-04-26,Closed,Medium,Billing,27
TKT-400C2BCF,CUST-F15194D8,2025-05-13,2025-05-20,Closed,Urgent,How-to,30
TKT-C7EC82D8,CUST-F15194D8,2025-07-08,2025-07-16,Closed,Urgent,Technical,14
TKT-0AFDC205,CUST-F15194D8,2025-09-28,2025-10-07,Closed,Medium,How-to,52
TKT-341B7DBB,CUST-F15194D8,2025-10-01,2025-10-05,Closed,High,Technical,41
TKT-D7B3B8F6,CUST-6CE2806C,2026-02-16,2026-02-24,Closed,Medium,How-to,37
TKT-651FA65B,CUST-A3C1AEB9,2026-04-12,2026-04-17,Closed,Low,Billing,58
TKT-E341D542,CUST-5CD5D6B1,2026-02-19,2026-02-21,Closed,Low,Billing,70
TKT-E1CA94F4,CUST-4477867E,2024-12-21,2024-12-24,Closed,Low,Billing,32
TKT-BD0C2399,CUST-4477867E,2025-02-19,2025-02-26,Closed,Low,Bug,57
TKT-E1F8F418,CUST-4477867E,2025-08-03,2025-08-05,Closed,Low,How-to,19
TKT-2D01D7B2,CUST-468723D1,2026-01-26,2026-02-01,Closed,Low,Bug,46
TKT-5C82B4C4,CUST-468723D1,2026-04-19,2026-04-22,Closed,Low,How-to,29
TKT-DCA631EE,CUST-468723D1,2026-04-06,2026-04-16,Closed,High,Bug,58
TKT-6C476B82,CUST-BBAAB634,2025-01-31,2025-02-05,Closed,High,How-to,14
TKT-34C3358F,CUST-BBAAB634,2025-05-29,2025-06-04,Closed,Urgent,Bug,70
TKT-F332F152,CUST-BBAAB634,2025-10-21,2025-10-28,Closed,Medium,Bug,11
TKT-0EA01C0D,CUST-BBAAB634,2025-05-11,2025-05-18,Closed,Urgent,How-to,35
TKT-517D9919,CUST-BBAAB634,2025-04-30,2025-05-03,Closed,Urgent,Billing,32
TKT-A7896D2D,CUST-9E66AF0B,2026-03-08,2026-03-09,Closed,High,How-to,52
TKT-B8663860,CUST-9E66AF0B,2025-09-25,2025-09-28,Closed,Urgent,Billing,65
TKT-E14CC47D,CUST-F568F538,2025-08-04,2025-08-10,Closed,Urgent,Billing,44
TKT-DD623ABB,CUST-F568F538,2025-04-28,2025-05-07,Closed,Medium,How-to,37
TKT-75D3894D,CUST-F568F538,2025-01-04,2025-01-05,Closed,Medium,Bug,37
TKT-46A8927B,CUST-9DE62921,2025-01-18,2025-01-19,Closed,Urgent,Billing,63
TKT-90FF5290,CUST-6A305105,2025-05-17,2025-05-26,Closed,Medium,Billing,43
TKT-CAADA83D,CUST-6A305105,2025-04-16,2025-04-23,Closed,High,Bug,1
TKT-2410A14F,CUST-6A305105,2024-09-28,2024-10-08,Closed,High,Billing,52
TKT-E5D2C440,CUST-6A305105,2025-03-25,2025-04-01,Closed,Low,Billing,57
TKT-34F5EDF8,CUST-D3B83A39,2025-05-18,2025-05-22,Closed,Medium,How-to,50
TKT-B027EB8E,CUST-D3B83A39,2024-09-01,2024-09-09,Closed,Low,Bug,67
TKT-99BFF05D,CUST-D3B83A39,2024-09-06,2024-09-16,Closed,Medium,How-to,63
TKT-D1BD7A0A,CUST-FA783CE2,2025-04-01,2025-04-11,Closed,High,How-to,24
TKT-9DE422F1,CUST-FA783CE2,2024-07-10,2024-07-18,Closed,Medium,Technical,66
TKT-176F65A2,CUST-FA783CE2,2024-10-30,2024-11-03,Closed,Medium,Billing,67
TKT-00D97313,CUST-FA783CE2,2024-08-07,2024-08-08,Closed,Medium,Bug,14
TKT-8231A5A1,CUST-FA783CE2,2024-10-06,2024-10-13,Closed,Urgent,Bug,17
TKT-8CC27E44,CUST-D71AB697,2026-03-17,2026-03-26,Closed,Medium,Technical,25
TKT-0D01242D,CUST-D71AB697,2026-04-25,2026-05-05,Closed,Low,Technical,43
TKT-AC53608E,CUST-84F538A3,2025-08-25,2025-09-01,Closed,High,Technical,34
TKT-18E16F2B,CUST-84F538A3,2025-12-29,2026-01-06,Closed,High,Billing,37
TKT-C13E4D84,CUST-84F538A3,2025-10-17,2025-10-23,Closed,Medium,Technical,53
TKT-47384FF4,CUST-84F538A3,2025-09-16,2025-09-19,Closed,Medium,Billing,19
TKT-F24A8111,CUST-84F538A3,2025-11-25,2025-11-26,Closed,Medium,Bug,47
TKT-A91A8113,CUST-A70C7750,2025-09-27,2025-10-05,Closed,Urgent,Technical,67
TKT-082F9EB2,CUST-A70C7750,2025-12-07,2025-12-12,Closed,Medium,How-to,65
TKT-F8F014DE,CUST-6F08F5F4,2025-10-26,2025-11-01,Closed,Medium,How-to,43
TKT-570C4D8F,CUST-6F08F5F4,2026-03-04,2026-03-12,Closed,Medium,Bug,37
TKT-3D724919,CUST-6F08F5F4,2026-01-21,2026-01-22,Closed,High,Bug,4
TKT-3BED45D0,CUST-6F08F5F4,2025-12-25,2026-01-03,Closed,Urgent,Technical,20
TKT-DB79B7D7,CUST-C3A5837A,2025-07-09,2025-07-13,Closed,Medium,Billing,58
TKT-C053D273,CUST-9151C75D,2026-01-12,2026-01-17,Closed,High,How-to,25
TKT-453E27AE,CUST-ECC6CCCB,2025-05-27,2025-05-28,Closed,Medium,Billing,16
TKT-B5FC1314,CUST-ECC6CCCB,2025-01-09,2025-01-17,Closed,Urgent,Billing,23
TKT-786A7AA1,CUST-ECC6CCCB,2025-01-23,2025-02-02,Closed,High,Billing,21
TKT-15942F23,CUST-ECC6CCCB,2025-06-07,2025-06-16,Closed,Low,Bug,38
TKT-B138C6D0,CUST-ECC6CCCB,2024-09-22,2024-10-02,Closed,High,Billing,52
TKT-FB559752,CUST-1EB0BA5B,2026-01-08,2026-01-14,Closed,Low,Technical,63
TKT-9C0127EB,CUST-1EB0BA5B,2025-09-30,2025-10-09,Closed,High,Technical,44
TKT-07874C00,CUST-1EB0BA5B,2025-10-05,2025-10-13,Closed,Urgent,How-to,41
TKT-CA9DF5C5,CUST-1EB0BA5B,2025-08-02,2025-08-05,Closed,High,Technical,20
TKT-5B8608BA,CUST-91E171C7,2026-04-27,2026-05-03,Closed,High,Bug,70
TKT-E926D5ED,CUST-91E171C7,2026-04-08,2026-04-14,Closed,Low,How-to,50
TKT-3AA5D53E,CUST-E06B4A38,2026-02-23,2026-02-26,Closed,Urgent,Technical,35
TKT-3CA7E7FB,CUST-8B6483EE,2025-08-09,2025-08-13,Closed,Urgent,Technical,22
TKT-1B3A612C,CUST-8B6483EE,2025-09-03,2025-09-07,Closed,Low,Bug,25
TKT-2135D2F2,CUST-8B6483EE,2026-03-16,2026-03-25,Closed,Medium,Bug,3
TKT-A26F9C76,CUST-FFCCAAF3,2025-05-13,2025-05-18,Closed,Medium,Technical,2
TKT-A6F4AD46,CUST-FFCCAAF3,2025-03-08,2025-03-13,Closed,High,Technical,19
TKT-A5725566,CUST-FFCCAAF3,2025-05-31,2025-06-04,Closed,Urgent,Billing,72
TKT-1F3CD8AE,CUST-A0A44022,2025-07-16,2025-07-22,Closed,Low,Billing,6
TKT-3BC9323A,CUST-A0A44022,2025-09-11,2025-09-21,Closed,Medium,Billing,25
TKT-83E37D4D,CUST-3DB4BF9D,2025-08-22,2025-08-23,Closed,Medium,Billing,68
TKT-D1C01D3F,CUST-06F80977,2024-09-17,2024-09-27,Closed,Urgent,Billing,16
TKT-8BDA9A81,CUST-06F80977,2024-08-24,2024-08-25,Closed,Urgent,Bug,50
TKT-3E33A1C1,CUST-A3E60195,2026-04-23,2026-04-28,Closed,High,Bug,16
TKT-9F873F91,CUST-371D9454,2025-06-10,2025-06-17,Closed,Urgent,Bug,33
TKT-31DF4E4B,CUST-371D9454,2025-03-06,2025-03-13,Closed,High,How-to,36
TKT-CDD58146,CUST-371D9454,2025-04-25,2025-05-01,Closed,Medium,How-to,14
TKT-DACED3AD,CUST-371D9454,2025-05-08,2025-05-17,Closed,Medium,Billing,18
TKT-9FFB90D9,CUST-00A15B8F,2024-10-21,2024-10-26,Closed,Urgent,How-to,15
TKT-6A780761,CUST-C09AEF8D,2025-02-06,2025-02-16,Closed,High,Technical,48
TKT-DD43EDA1,CUST-AE21B411,2024-12-01,2024-12-04,Closed,Urgent,How-to,25
TKT-4BDD95E8,CUST-C3A9AADA,2024-10-17,2024-10-19,Closed,Low,Bug,28
TKT-1540C492,CUST-C3A9AADA,2025-05-16,2025-05-26,Closed,Urgent,Bug,18
TKT-2266420E,CUST-C3A9AADA,2025-05-01,2025-05-07,Closed,Medium,Billing,65
TKT-9C9DE6A5,CUST-C3A9AADA,2024-09-28,2024-10-03,Closed,Low,How-to,24
TKT-0A798500,CUST-C3A9AADA,2025-04-08,2025-04-12,Closed,Urgent,Billing,41
TKT-1FCE35E5,CUST-E3201234,2025-09-12,2025-09-14,Closed,High,Billing,35
TKT-F4DE6A18,CUST-D1D1B913,2024-07-06,2024-07-13,Closed,Urgent,Billing,12
TKT-68ED1898,CUST-D1D1B913,2024-06-19,2024-06-21,Closed,Urgent,Billing,44
TKT-8C76F18E,CUST-D1D1B913,2024-09-15,2024-09-18,Closed,Medium,How-to,12
TKT-6D202AED,CUST-D1D1B913,2024-05-24,2024-05-30,Closed,Urgent,Technical,62
TKT-D5208CD0,CUST-E649C852,2026-02-12,2026-02-15,Closed,Urgent,Billing,70
TKT-DD038275,CUST-E649C852,2025-10-28,2025-11-02,Closed,Medium,Bug,32
TKT-1782DDE9,CUST-E649C852,2026-02-25,2026-02-27,Closed,Medium,How-to,39
TKT-8F1AC4B5,CUST-E649C852,2025-11-14,2025-11-24,Closed,Medium,Technical,60
TKT-969E7725,CUST-09941AB0,2026-03-04,2026-03-06,Closed,Urgent,How-to,63
TKT-5D3248D0,CUST-09941AB0,2025-12-27,2025-12-31,Closed,High,How-to,3
TKT-B40C878B,CUST-09941AB0,2025-07-26,2025-08-05,Closed,Urgent,Technical,14
TKT-BF0450D0,CUST-09941AB0,2025-07-27,2025-08-02,Closed,Urgent,How-to,36
TKT-6C8FEE6E,CUST-DE1F92E5,2024-07-06,2024-07-13,Closed,Urgent,Bug,58
TKT-DB4512A3,CUST-18771557,2026-03-08,2026-03-10,Closed,Low,Technical,1
TKT-2CBC1E08,CUST-18771557,2026-03-13,2026-03-22,Closed,Medium,Technical,67
TKT-F04CF0C5,CUST-18771557,2025-12-19,2025-12-20,Closed,Medium,Billing,53
TKT-1680178E,CUST-18771557,2026-02-21,2026-02-27,Closed,Urgent,Bug,49
TKT-619FEAA3,CUST-18771557,2025-12-23,2025-12-24,Closed,High,Technical,4
TKT-DC4C54A6,CUST-62140B8B,2026-03-30,2026-04-02,Closed,Urgent,Technical,64
TKT-7D9A03AB,CUST-62140B8B,2026-03-31,2026-04-07,Closed,Medium,Bug,48
TKT-2ACA9085,CUST-62140B8B,2026-03-08,2026-03-18,Closed,Urgent,How-to,27
TKT-6169097C,CUST-95784656,2025-10-30,2025-11-02,Closed,Low,Billing,48
TKT-65A2CA6E,CUST-95784656,2025-05-14,2025-05-15,Closed,Urgent,Technical,41
TKT-227C5A2F,CUST-95784656,2025-09-20,2025-09-26,Closed,High,Technical,53
TKT-F6E4AB7E,CUST-95784656,2025-11-03,2025-11-13,Closed,Medium,Bug,13
TKT-FC93D550,CUST-EAC9AF98,2025-07-17,2025-07-19,Closed,High,Technical,19
TKT-0F355277,CUST-EAC9AF98,2025-07-27,2025-08-06,Closed,Medium,Billing,40
TKT-666AC752,CUST-EAC9AF98,2025-04-19,2025-04-20,Closed,High,How-to,13
TKT-33B4F437,CUST-F1717332,2026-04-18,2026-04-24,Closed,Low,Technical,58
TKT-64EB91A4,CUST-57D27240,2025-09-11,2025-09-15,Closed,High,Billing,32
TKT-A921BB52,CUST-219E1044,2025-03-11,2025-03-16,Closed,Urgent,Bug,59
TKT-E0FE2658,CUST-219E1044,2025-01-08,2025-01-16,Closed,High,Billing,26
TKT-99602DE7,CUST-219E1044,2024-12-25,2025-01-01,Closed,High,Bug,72
TKT-5EBF83B6,CUST-219E1044,2025-07-22,2025-07-31,Closed,Low,Bug,66
TKT-14C60E70,CUST-219E1044,2025-08-15,2025-08-24,Closed,Urgent,Billing,56
TKT-9CE2FB3B,CUST-C27F2B65,2024-08-10,2024-08-11,Closed,Low,How-to,18
TKT-DFCC7655,CUST-C27F2B65,2024-07-20,2024-07-29,Closed,Urgent,Bug,45
TKT-2D0124AC,CUST-C27F2B65,2024-10-03,2024-10-04,Closed,High,How-to,35
TKT-88772997,CUST-C27F2B65,2024-05-16,2024-05-19,Closed,High,How-to,52
TKT-AA485B4C,CUST-DFA4E049,2025-11-27,2025-12-06,Closed,Urgent,Billing,33
TKT-D702F39B,CUST-DFA4E049,2025-10-22,2025-10-23,Closed,Low,Billing,13
TKT-CF3065DD,CUST-DFA4E049,2025-10-22,2025-10-29,Closed,Urgent,How-to,17
TKT-E9BA1AEF,CUST-8B013C12,2026-03-04,2026-03-13,Closed,Low,Billing,15
TKT-EA850D8F,CUST-8B013C12,2025-10-30,2025-11-06,Closed,Medium,Billing,2
TKT-21750D5C,CUST-8B013C12,2026-03-18,2026-03-24,Closed,High,Technical,70
TKT-63955E62,CUST-8B013C12,2026-01-24,2026-02-01,Closed,Medium,Billing,71
TKT-8F26D570,CUST-F93A88FD,2026-01-30,2026-01-31,Closed,High,Bug,44
TKT-4A455397,CUST-F93A88FD,2026-01-10,2026-01-15,Closed,High,Bug,60
TKT-FF43EFDA,CUST-3D8A7FD3,2024-09-07,2024-09-15,Closed,Urgent,Bug,19
TKT-30D45062,CUST-3D8A7FD3,2025-05-13,2025-05-15,Closed,High,Billing,22
TKT-A5F030C2,CUST-3D8A7FD3,2025-02-09,2025-02-19,Closed,Medium,Technical,66
TKT-40CA6D9C,CUST-3D8A7FD3,2024-09-06,2024-09-12,Closed,High,Bug,32
TKT-3BC3FCB5,CUST-3D8A7FD3,2024-11-11,2024-11-16,Closed,High,Technical,46
TKT-7E52E770,CUST-940616AA,2025-05-19,2025-05-28,Closed,Urgent,How-to,39
TKT-04DA494F,CUST-513E3C71,2024-08-11,2024-08-18,Closed,Urgent,How-to,59
TKT-883A5750,CUST-513E3C71,2025-02-15,2025-02-24,Closed,High,Technical,26
TKT-553A9458,CUST-513E3C71,2024-09-17,2024-09-19,Closed,Medium,Technical,7
TKT-92C67A37,CUST-513E3C71,2024-08-31,2024-09-01,Closed,Medium,How-to,65
TKT-660655F9,CUST-77EDD279,2026-04-20,2026-04-21,Closed,Medium,Billing,47
TKT-68066087,CUST-CA29C0AD,2026-03-04,2026-03-14,Closed,Low,Bug,68
TKT-8131EDFF,CUST-CA29C0AD,2025-09-16,2025-09-20,Closed,Medium,How-to,34
TKT-FF7C2C64,CUST-AD4A27DA,2024-12-20,2024-12-26,Closed,Urgent,Billing,69
TKT-517B8BB8,CUST-AD4A27DA,2025-05-26,2025-06-02,Closed,Urgent,How-to,46
TKT-3CA05405,CUST-51430848,2025-12-29,2026-01-08,Closed,High,Technical,61
TKT-9BF63481,CUST-51430848,2026-03-30,2026-04-03,Closed,High,Billing,45
TKT-BDBA5211,CUST-51430848,2025-12-06,2025-12-11,Closed,Medium,Bug,38
TKT-61ACD1D8,CUST-51430848,2026-04-22,2026-05-02,Closed,Medium,How-to,18
TKT-314EEF29,CUST-EF0EEAB1,2026-01-09,2026-01-19,Closed,Urgent,How-to,48
TKT-40D67D8A,CUST-FC13B279,2024-07-15,2024-07-18,Closed,Medium,Bug,68
TKT-CC4FAED9,CUST-FC13B279,2024-09-16,2024-09-18,Closed,Urgent,How-to,13
TKT-A079007F,CUST-FC13B279,2025-01-18,2025-01-28,Closed,Low,Technical,37
TKT-4FFD1B8B,CUST-FC13B279,2025-03-26,2025-03-31,Closed,Medium,Billing,35
TKT-A0CCE892,CUST-35F639CC,2024-10-19,2024-10-28,Closed,Medium,Billing,31
TKT-68D87DD6,CUST-DE6A857B,2024-08-05,2024-08-13,Closed,High,Technical,53
TKT-7015369A,CUST-DE6A857B,2024-09-07,2024-09-08,Closed,High,Technical,36
TKT-1B848005,CUST-69166739,2026-02-09,2026-02-15,Closed,High,How-to,3
TKT-E0AFDD23,CUST-69166739,2026-01-31,2026-02-08,Closed,Low,Technical,69
TKT-73542147,CUST-69166739,2026-03-11,2026-03-16,Closed,High,How-to,9
TKT-FAB3355F,CUST-6FA1663E,2024-11-16,2024-11-25,Closed,Low,Bug,71
TKT-7641E297,CUST-6FA1663E,2024-11-02,2024-11-11,Closed,Low,Bug,9
TKT-1F24F0D7,CUST-6FA1663E,2024-08-14,2024-08-20,Closed,High,Technical,21
TKT-659885DF,CUST-1FAC8496,2025-10-09,2025-10-12,Closed,Low,Bug,14
TKT-441E265F,CUST-1FAC8496,2025-10-18,2025-10-27,Closed,High,Bug,37
TKT-EA8CA1CD,CUST-0FB07A71,2025-10-19,2025-10-23,Closed,Urgent,Billing,14
TKT-2A9157E9,CUST-0FB07A71,2025-09-10,2025-09-17,Closed,High,Technical,49
TKT-2D8DC7F6,CUST-0FB07A71,2026-02-04,2026-02-10,Closed,Urgent,Billing,50
TKT-6826B734,CUST-CBC74B72,2025-02-09,2025-02-13,Closed,Low,How-to,1
TKT-F2B3582D,CUST-72C94CDA,2025-05-17,2025-05-22,Closed,High,How-to,2
TKT-7F2BD50B,CUST-72C94CDA,2025-06-18,2025-06-24,Closed,Medium,Technical,43
TKT-59ED8C7F,CUST-8AE7652C,2025-05-17,2025-05-27,Closed,Urgent,Bug,37
TKT-7C4FF45A,CUST-8AE7652C,2024-12-08,2024-12-13,Closed,Urgent,Technical,50
TKT-F18CB636,CUST-8AE7652C,2025-06-06,2025-06-10,Closed,Urgent,Technical,44
TKT-8C3A3F4C,CUST-8AE7652C,2025-01-05,2025-01-14,Closed,Urgent,Bug,25
TKT-DBADD3D5,CUST-8AE7652C,2025-05-07,2025-05-10,Closed,Low,Bug,48
TKT-9C023086,CUST-017D0217,2025-11-16,2025-11-21,Closed,High,Bug,13
TKT-48D28BFF,CUST-017D0217,2025-10-14,2025-10-16,Closed,High,Billing,55
TKT-843C4FB7,CUST-017D0217,2025-09-29,2025-10-06,Closed,Urgent,Billing,51
TKT-558C851E,CUST-D8580F79,2025-04-07,2025-04-14,Closed,Urgent,Billing,40
TKT-C5AEA9CD,CUST-D8580F79,2024-08-19,2024-08-26,Closed,Urgent,Technical,28
TKT-1CDB5B82,CUST-FAD4EF62,2026-02-08,2026-02-16,Closed,Low,Billing,15
TKT-9E19146A,CUST-FAD4EF62,2026-01-24,2026-01-25,Closed,Medium,Bug,55
TKT-18175E2D,CUST-C188137E,2025-05-15,2025-05-25,Closed,Urgent,How-to,50
TKT-70BEA415,CUST-C188137E,2025-01-15,2025-01-25,Closed,High,Technical,24
TKT-F1E6ED30,CUST-C188137E,2025-02-12,2025-02-22,Closed,Urgent,Technical,53
TKT-FD7FBD66,CUST-8D3C2115,2024-09-04,2024-09-09,Closed,Urgent,Technical,37
TKT-81F7CD78,CUST-A5EF52C4,2025-02-23,2025-03-04,Closed,Medium,Technical,41
TKT-44D07098,CUST-A5EF52C4,2025-01-08,2025-01-14,Closed,High,How-to,54
TKT-A9366F63,CUST-A5EF52C4,2025-03-02,2025-03-11,Closed,Urgent,Billing,27
TKT-0B5DF945,CUST-A5EF52C4,2025-08-08,2025-08-18,Closed,Low,Bug,37
TKT-C525B129,CUST-F6CDB355,2026-04-09,2026-04-14,Closed,Urgent,Billing,9
TKT-088402DD,CUST-F6CDB355,2025-12-11,2025-12-15,Closed,Urgent,Technical,32
TKT-F56AFEEE,CUST-688CB7AD,2026-03-23,2026-03-25,Closed,Urgent,Bug,7
TKT-D7E7D75C,CUST-ABFFC2A4,2025-01-26,2025-02-02,Closed,High,Billing,6
TKT-AF550565,CUST-ABFFC2A4,2024-12-01,2024-12-05,Closed,Urgent,Billing,37
TKT-BC9B2580,CUST-ABFFC2A4,2024-11-14,2024-11-15,Closed,Medium,How-to,27
TKT-48E281FA,CUST-C6AC904F,2025-02-08,2025-02-10,Closed,Low,Technical,55
TKT-4E1EA08B,CUST-C6AC904F,2024-11-05,2024-11-10,Closed,Urgent,Billing,70
TKT-22CF72CF,CUST-2F0D837E,2024-06-01,2024-06-08,Closed,Medium,Billing,14
TKT-E6467B45,CUST-2F0D837E,2025-01-20,2025-01-25,Closed,High,Billing,49
TKT-2456AC21,CUST-2F0D837E,2024-10-05,2024-10-14,Closed,Medium,How-to,64
TKT-460BFA5E,CUST-2F0D837E,2024-11-12,2024-11-13,Closed,Low,Billing,67
TKT-4BF4048D,CUST-2F0D837E,2024-11-09,2024-11-17,Closed,Urgent,Bug,51
TKT-06E15C82,CUST-624E836B,2025-03-30,2025-03-31,Closed,Low,Bug,27
TKT-132C4F25,CUST-624E836B,2025-03-03,2025-03-07,Closed,Medium,Billing,22
TKT-EFAC96F8,CUST-FEC01A7F,2024-08-12,2024-08-21,Closed,Urgent,Technical,56
TKT-F91BF93F,CUST-FEC01A7F,2024-12-31,2025-01-03,Closed,Medium,Billing,19
TKT-F4B1FF9E,CUST-C8EBBD41,2026-02-08,2026-02-18,Closed,Urgent,Technical,19
TKT-76ABF6AC,CUST-C8EBBD41,2026-02-02,2026-02-10,Closed,High,Billing,29
TKT-BE45C8D7,CUST-5476D2E7,2026-01-05,2026-01-12,Closed,Urgent,Bug,54
TKT-E7DFA95A,CUST-5476D2E7,2026-03-08,2026-03-12,Closed,High,Technical,8
TKT-17E4637E,CUST-5476D2E7,2026-01-26,2026-01-27,Closed,High,Technical,63
TKT-3BB92508,CUST-9B68B6BD,2026-02-28,2026-03-04,Closed,Urgent,How-to,53
TKT-CA77180B,CUST-1EDFC04A,2025-06-14,2025-06-21,Closed,Low,Bug,53
TKT-563E614F,CUST-1EDFC04A,2025-04-20,2025-04-28,Closed,Low,Technical,16
TKT-421D763A,CUST-06A21422,2025-04-06,2025-04-07,Closed,Medium,Billing,21
TKT-2BFBA36A,CUST-06A21422,2025-02-15,2025-02-22,Closed,Urgent,Bug,15
TKT-31A4E12F,CUST-06A21422,2025-01-31,2025-02-04,Closed,Low,Technical,33
TKT-7B79E4EC,CUST-B9C7FED0,2026-04-10,2026-04-15,Closed,Medium,How-to,34
TKT-250EED2E,CUST-5097CDF9,2024-12-09,2024-12-17,Closed,High,How-to,56
TKT-5422B8A0,CUST-5097CDF9,2025-03-13,2025-03-22,Closed,Low,How-to,24
TKT-9739AE11,CUST-5097CDF9,2025-05-30,2025-06-01,Closed,Low,Billing,39
TKT-45E6194C,CUST-5097CDF9,2025-07-21,2025-07-23,Closed,Urgent,Billing,4
TKT-7F791050,CUST-E3008E66,2024-12-02,2024-12-10,Closed,Low,Technical,66
TKT-14EB8F53,CUST-E3008E66,2024-07-17,2024-07-26,Closed,High,How-to,32
TKT-C8CC1C42,CUST-E3008E66,2024-09-23,2024-10-02,Closed,Low,Bug,3
TKT-6BCF22FC,CUST-E3008E66,2025-02-17,2025-02-18,Closed,Medium,How-to,29
TKT-ED46B236,CUST-C295EABA,2026-01-01,2026-01-03,Closed,Low,Bug,45
TKT-F6966D7C,CUST-C295EABA,2026-03-21,2026-03-28,Closed,Medium,Bug,62
TKT-B9A15869,CUST-C295EABA,2025-09-05,2025-09-11,Closed,Medium,How-to,25
TKT-F9AE4AEB,CUST-C295EABA,2026-01-06,2026-01-07,Closed,High,Billing,69
TKT-79435546,CUST-C295EABA,2026-02-16,2026-02-18,Closed,Low,Technical,69
TKT-159C801F,CUST-5B97CFBC,2025-05-15,2025-05-17,Closed,Low,How-to,9
TKT-6611FED9,CUST-5B97CFBC,2024-08-17,2024-08-21,Closed,Low,How-to,2
TKT-14DDAA7E,CUST-5B97CFBC,2025-04-30,2025-05-10,Closed,Low,Billing,57
TKT-83B9EFED,CUST-5B97CFBC,2025-01-26,2025-02-04,Closed,Medium,How-to,50
TKT-508B633E,CUST-5B97CFBC,2024-11-13,2024-11-22,Closed,Medium,Technical,4
TKT-54CF96FA,CUST-2D7CD07D,2025-12-13,2025-12-18,Closed,Medium,Technical,35
TKT-9F9C57E1,CUST-2D7CD07D,2026-01-04,2026-01-11,Closed,Medium,Bug,10
TKT-1D2F0856,CUST-6467F401,2026-02-27,2026-03-03,Closed,High,Technical,1
TKT-F7DAEB9F,CUST-F1C361E8,2026-03-08,2026-03-13,Closed,High,How-to,68
TKT-D675403E,CUST-2E6A99D9,2026-03-29,2026-04-08,Closed,Urgent,How-to,54
TKT-A5C9A10B,CUST-2E6A99D9,2026-02-03,2026-02-04,Closed,Low,How-to,38
TKT-021EC263,CUST-1997126D,2026-01-12,2026-01-21,Closed,Urgent,Billing,72
TKT-DA3DD581,CUST-1997126D,2026-01-05,2026-01-11,Closed,Low,How-to,62
TKT-E9A83E18,CUST-F2991849,2025-11-25,2025-12-01,Closed,Urgent,Technical,68
TKT-922397FD,CUST-F2991849,2025-07-29,2025-07-30,Closed,High,How-to,22
TKT-B7A216AD,CUST-F2991849,2025-08-22,2025-09-01,Closed,High,Billing,32
TKT-D19D81C0,CUST-F2991849,2025-12-03,2025-12-11,Closed,Medium,Bug,9
TKT-7F69672E,CUST-1F5613AB,2025-03-01,2025-03-11,Closed,Urgent,Bug,19
TKT-6BA4C687,CUST-33F86ABD,2026-01-14,2026-01-18,Closed,Low,Technical,44
TKT-5A45EABB,CUST-33F86ABD,2025-08-21,2025-08-26,Closed,Low,Technical,35
TKT-AE0C81DA,CUST-33F86ABD,2025-09-18,2025-09-27,Closed,Urgent,Technical,3
TKT-CCED93F9,CUST-DAC902A8,2025-05-07,2025-05-11,Closed,Low,How-to,8
TKT-2A1C50AA,CUST-DAC902A8,2024-11-27,2024-12-07,Closed,Urgent,How-to,42
TKT-22BFFA6C,CUST-6016B85F,2025-02-10,2025-02-12,Closed,Urgent,How-to,36
TKT-7C8CA6E4,CUST-109D1A55,2025-01-27,2025-02-04,Closed,High,Bug,67
TKT-0308B53F,CUST-109D1A55,2024-10-26,2024-10-31,Closed,Medium,Technical,48
TKT-299B316E,CUST-109D1A55,2025-02-21,2025-02-28,Closed,High,How-to,30
TKT-6BCD15BD,CUST-109D1A55,2025-03-10,2025-03-14,Closed,Medium,Technical,7
TKT-222E6C49,CUST-109D1A55,2025-01-30,2025-02-01,Closed,Low,How-to,18
TKT-CC69BD3A,CUST-A373EBF9,2025-11-03,2025-11-10,Closed,Low,Technical,26
TKT-F79A83BA,CUST-AEB0A567,2025-06-18,2025-06-26,Closed,Medium,Bug,32
TKT-66C69770,CUST-6B94DEE4,2025-09-08,2025-09-17,Closed,Medium,Billing,46
TKT-4875B4E0,CUST-59CCE38E,2026-03-02,2026-03-09,Closed,High,Billing,43
TKT-9ACC28DF,CUST-71168D85,2025-09-02,2025-09-04,Closed,Medium,Technical,43
TKT-25276E0A,CUST-71168D85,2025-08-20,2025-08-24,Closed,Low,Bug,35
TKT-17CB1576,CUST-71168D85,2025-11-15,2025-11-17,Closed,Medium,How-to,55
TKT-8A7B34E3,CUST-71168D85,2025-10-20,2025-10-30,Closed,Urgent,Technical,23
TKT-DD7F6DAF,CUST-71168D85,2025-11-13,2025-11-19,Closed,Urgent,Technical,52
TKT-99F05B7F,CUST-0D8DAE06,2024-09-03,2024-09-07,Closed,Urgent,Technical,34
TKT-DF302401,CUST-56397C43,2025-11-07,2025-11-09,Closed,Low,Bug,23
TKT-7896C038,CUST-56397C43,2025-04-01,2025-04-07,Closed,Urgent,Bug,63
TKT-2D02DB66,CUST-FEE4A72B,2024-10-26,2024-10-28,Closed,Low,Bug,29
TKT-256560F1,CUST-FEE4A72B,2025-05-22,2025-05-29,Closed,Medium,Bug,1
TKT-91E4F6F3,CUST-B1E79DD2,2026-03-20,2026-03-29,Closed,Urgent,Billing,58
TKT-6E1E8EE3,CUST-B1E79DD2,2026-02-21,2026-03-02,Closed,Medium,Technical,58
TKT-904ED4DE,CUST-BBF692F1,2024-10-15,2024-10-21,Closed,Medium,How-to,52
TKT-0FF08740,CUST-7FE1026A,2025-03-04,2025-03-08,Closed,Medium,How-to,16
TKT-9CA1DE59,CUST-7FE1026A,2024-10-13,2024-10-21,Closed,High,Billing,51
TKT-2B905036,CUST-C9BEF5B3,2025-03-07,2025-03-08,Closed,Low,How-to,62
TKT-14C1640D,CUST-C9BEF5B3,2024-05-27,2024-05-28,Closed,Low,Billing,50
TKT-1D3F8122,CUST-C9BEF5B3,2024-06-01,2024-06-10,Closed,High,Technical,56
TKT-4531B66C,CUST-C9BEF5B3,2025-01-05,2025-01-10,Closed,Low,Technical,34
TKT-464CE7BF,CUST-C9BEF5B3,2024-09-05,2024-09-11,Closed,High,Bug,29
TKT-8D684315,CUST-CE6A09BF,2025-05-19,2025-05-27,Closed,Urgent,How-to,10
TKT-0AA41370,CUST-CE6A09BF,2025-06-10,2025-06-12,Closed,Urgent,How-to,47
TKT-143E82F0,CUST-E7C38C77,2025-02-14,2025-02-18,Closed,Medium,Bug,32
TKT-AE39514C,CUST-E7C38C77,2025-01-27,2025-01-28,Closed,Medium,Bug,53
TKT-85A586CF,CUST-E7C38C77,2024-08-22,2024-08-23,Closed,Urgent,Technical,11
TKT-CE7553CF,CUST-E7C38C77,2024-11-13,2024-11-16,Closed,High,Bug,28
TKT-57BE8E0C,CUST-E7C38C77,2024-08-16,2024-08-19,Closed,Urgent,Billing,25
TKT-1B3203E8,CUST-1696C5EE,2025-12-07,2025-12-15,Closed,Urgent,How-to,21
TKT-9C1A658A,CUST-1072FC4D,2025-11-19,2025-11-28,Closed,Low,Billing,12
TKT-CA717C82,CUST-C54E34C4,2025-08-11,2025-08-15,Closed,High,Technical,44
TKT-2CC399D7,CUST-C54E34C4,2025-08-04,2025-08-08,Closed,Low,How-to,35
TKT-5EB9451E,CUST-C54E34C4,2025-09-24,2025-09-25,Closed,High,Billing,52
TKT-C7FE3AB5,CUST-CA8C36C7,2026-01-21,2026-01-31,Closed,Medium,Technical,44
TKT-4AB289C0,CUST-15F7F672,2025-03-05,2025-03-06,Closed,Urgent,How-to,36
TKT-63CD5EE6,CUST-15F7F672,2024-08-17,2024-08-22,Closed,Low,How-to,71
TKT-F03FF50E,CUST-15F7F672,2024-11-25,2024-11-27,Closed,Urgent,Billing,10
TKT-6FBC03D0,CUST-15F7F672,2025-01-15,2025-01-24,Closed,Urgent,Billing,72
TKT-8A136F01,CUST-15F7F672,2024-10-01,2024-10-11,Closed,High,Technical,21
TKT-AEA5DA53,CUST-1A0CB43B,2024-09-07,2024-09-14,Closed,High,Bug,64
TKT-71C8EBFB,CUST-1A0CB43B,2025-02-09,2025-02-15,Closed,Urgent,Bug,68
TKT-9FA9C2EC,CUST-E8649F9B,2024-09-27,2024-10-01,Closed,Urgent,Technical,34
TKT-EAF94B47,CUST-E8649F9B,2024-12-14,2024-12-21,Closed,Medium,How-to,62
TKT-BA457B5E,CUST-E8649F9B,2025-01-05,2025-01-12,Closed,Low,How-to,68
TKT-6E310E16,CUST-8A72DAB6,2025-01-21,2025-01-22,Closed,High,Bug,4
TKT-125E8D59,CUST-7CA32E0C,2026-02-12,2026-02-16,Closed,Low,Billing,65
TKT-2AB793BE,CUST-13862B85,2025-08-27,2025-09-03,Closed,Low,How-to,35
TKT-7FAF0037,CUST-13862B85,2025-07-28,2025-08-06,Closed,High,How-to,44
TKT-7FBCFACF,CUST-13862B85,2025-04-09,2025-04-18,Closed,Low,Technical,67
TKT-AD9C356F,CUST-02F3C2E0,2026-04-08,2026-04-16,Closed,Medium,Billing,4
TKT-193AB986,CUST-FD677D6E,2025-07-11,2025-07-17,Closed,Urgent,Billing,45
TKT-A1E9F5F9,CUST-FD677D6E,2025-07-04,2025-07-07,Closed,High,Technical,72
TKT-BF0C8553,CUST-A313C5AC,2025-03-11,2025-03-20,Closed,Urgent,How-to,70
TKT-A860D42B,CUST-A7F74437,2025-06-05,2025-06-08,Closed,Medium,How-to,13
TKT-B0D1D327,CUST-A7F74437,2025-02-19,2025-03-01,Closed,Low,Billing,35
TKT-0D2A0570,CUST-A7F74437,2025-05-25,2025-06-03,Closed,Medium,Bug,6
TKT-72FB8415,CUST-CAD33DA8,2024-11-27,2024-12-05,Closed,Urgent,Technical,34
TKT-D8FF82D1,CUST-CAD33DA8,2025-03-24,2025-04-03,Closed,Medium,Bug,66
TKT-E72E61C5,CUST-2D54887F,2025-11-17,2025-11-19,Closed,High,Billing,67
TKT-8CA5D8F8,CUST-953AEDF2,2024-10-06,2024-10-15,Closed,Low,Bug,4
TKT-062F0F1F,CUST-953AEDF2,2025-05-08,2025-05-14,Closed,Urgent,Bug,29
TKT-01948BD7,CUST-953AEDF2,2025-07-01,2025-07-05,Closed,Low,Bug,71
TKT-5DA87952,CUST-D4BE0FEC,2025-08-10,2025-08-18,Closed,Low,Bug,55
TKT-4D48479F,CUST-D4BE0FEC,2025-02-03,2025-02-04,Closed,Urgent,Technical,33
TKT-9329E48A,CUST-0BE4D99F,2025-12-19,2025-12-23,Closed,Low,How-to,53
TKT-466B9E3B,CUST-0BE4D99F,2025-09-18,2025-09-23,Closed,Low,How-to,68
TKT-1750253D,CUST-0BE4D99F,2026-01-24,2026-01-29,Closed,Medium,Technical,26
TKT-31FF28EB,CUST-0BE4D99F,2025-07-19,2025-07-28,Closed,Urgent,Bug,2
TKT-56AA94A8,CUST-C2D65C19,2025-12-05,2025-12-09,Closed,Medium,Technical,53
TKT-4595A8AF,CUST-C2D65C19,2025-09-27,2025-10-02,Closed,Urgent,Technical,57
TKT-9A9E71E7,CUST-C2D65C19,2025-07-11,2025-07-18,Closed,Low,Bug,64
TKT-013BD551,CUST-C2D65C19,2026-02-13,2026-02-14,Closed,Urgent,Technical,33
TKT-D02EC289,CUST-C2D65C19,2026-01-14,2026-01-23,Closed,Low,Billing,8
TKT-CC57CF1D,CUST-08BC4E1F,2026-04-01,2026-04-07,Closed,High,Technical,17
TKT-ECDFF32D,CUST-D0F54477,2025-01-28,2025-02-03,Closed,High,Bug,66
TKT-80FD4D22,CUST-D0F54477,2025-02-05,2025-02-10,Closed,Low,Bug,14
TKT-D9794AEA,CUST-D0F54477,2025-03-28,2025-04-06,Closed,Low,Billing,1
TKT-2F4A95B8,CUST-D0F54477,2025-08-14,2025-08-22,Closed,High,How-to,34
TKT-864FA5E1,CUST-E25D3B3E,2025-11-04,2025-11-06,Closed,Urgent,How-to,65
TKT-E02E006B,CUST-D9354085,2026-03-19,2026-03-20,Closed,Medium,How-to,45
TKT-E595498C,CUST-BD5EF8C7,2026-03-15,2026-03-22,Closed,Urgent,How-to,33
TKT-DBF3526E,CUST-BD5EF8C7,2026-01-02,2026-01-04,Closed,Medium,Bug,71
TKT-D5F7C13B,CUST-BD5EF8C7,2025-11-12,2025-11-14,Closed,Medium,Technical,50
TKT-79345593,CUST-BC3D717B,2025-12-02,2025-12-04,Closed,Medium,Technical,34
TKT-943EFD36,CUST-BC3D717B,2025-05-14,2025-05-22,Closed,Low,How-to,71
TKT-D7644493,CUST-24852325,2025-04-02,2025-04-07,Closed,High,Technical,16
TKT-1E471993,CUST-24852325,2024-08-29,2024-09-04,Closed,Urgent,Technical,52
TKT-DE1CCB36,CUST-24852325,2025-03-12,2025-03-16,Closed,Medium,Billing,17
TKT-FAE842A7,CUST-24852325,2025-03-12,2025-03-15,Closed,Urgent,Billing,36
TKT-F27E731D,CUST-24852325,2025-03-18,2025-03-22,Closed,Low,Bug,5
TKT-5C14FFEC,CUST-085FF7A4,2025-04-21,2025-04-29,Closed,High,Billing,70
TKT-8A2DB8F2,CUST-C2ECF888,2025-12-13,2025-12-20,Closed,Medium,How-to,51
TKT-F6999FA9,CUST-C2ECF888,2026-01-21,2026-01-25,Closed,Low,Bug,55
TKT-0E7C9764,CUST-C2ECF888,2025-06-14,2025-06-18,Closed,High,Billing,19
TKT-13C02B16,CUST-C2ECF888,2025-07-19,2025-07-21,Closed,High,Billing,22
TKT-2C8DFEEE,CUST-EF00E7FB,2025-05-19,2025-05-28,Closed,High,Technical,55
TKT-6224099B,CUST-EF00E7FB,2025-01-17,2025-01-23,Closed,Low,How-to,36
TKT-724252E9,CUST-E02C01B0,2025-12-22,2025-12-31,Closed,Medium,Technical,39
TKT-1C2D909D,CUST-E02C01B0,2025-07-15,2025-07-17,Closed,Urgent,How-to,70
TKT-98E74F7A,CUST-E02C01B0,2025-08-27,2025-08-29,Closed,Medium,Billing,53
TKT-1CEF5BF4,CUST-02593FD4,2025-10-08,2025-10-11,Closed,High,Billing,62
TKT-5E55C33C,CUST-02593FD4,2026-01-26,2026-01-29,Closed,Urgent,Billing,69
TKT-E7445056,CUST-02593FD4,2025-07-25,2025-08-03,Closed,High,Technical,19
TKT-8C56CCE1,CUST-02593FD4,2025-10-16,2025-10-24,Closed,High,Technical,15
TKT-3B5FAFAC,CUST-C34D3634,2026-04-25,2026-04-26,Closed,Low,Bug,22
TKT-A039404E,CUST-C34D3634,2026-01-02,2026-01-06,Closed,Urgent,Billing,66
TKT-DDBDDD04,CUST-15EA71C8,2026-04-02,2026-04-06,Closed,Low,How-to,20
TKT-E34EE5A2,CUST-15EA71C8,2026-04-25,2026-04-28,Closed,Urgent,How-to,17
TKT-DF622BCF,CUST-8B210ABC,2025-06-25,2025-07-03,Closed,Low,How-to,41
TKT-3B34C963,CUST-8B210ABC,2025-12-21,2025-12-23,Closed,Medium,How-to,14
TKT-49B72279,CUST-C24889BF,2025-04-09,2025-04-11,Closed,Medium,Billing,65
TKT-B4C5464F,CUST-C24889BF,2025-02-28,2025-03-02,Closed,Low,How-to,16
TKT-7EC079E7,CUST-C24889BF,2025-01-08,2025-01-16,Closed,High,Technical,57
TKT-D0E9A4E2,CUST-F6CF1F14,2024-10-17,2024-10-24,Closed,Low,Bug,26
TKT-0557051B,CUST-F6CF1F14,2024-10-15,2024-10-21,Closed,Low,Billing,26
TKT-3012F9F6,CUST-F6CF1F14,2025-05-12,2025-05-13,Closed,Medium,How-to,52
TKT-3C64330C,CUST-62783F73,2025-11-26,2025-12-05,Closed,Urgent,How-to,51
TKT-3AFC5AFB,CUST-B9C64547,2025-12-09,2025-12-11,Closed,Urgent,How-to,22
TKT-8B4E0D52,CUST-B9C64547,2025-12-01,2025-12-05,Closed,Urgent,Billing,36
TKT-98BE42FA,CUST-B9C64547,2025-07-06,2025-07-07,Closed,Low,How-to,17
TKT-8328FA63,CUST-B9C64547,2025-09-29,2025-09-30,Closed,Urgent,How-to,66
TKT-6438550E,CUST-DD9C9C19,2026-01-21,2026-01-30,Closed,Medium,Technical,60
TKT-1A365D7B,CUST-DD9C9C19,2025-09-03,2025-09-07,Closed,Low,Technical,48
TKT-A3F9999C,CUST-DD9C9C19,2025-09-15,2025-09-16,Closed,High,Billing,66
TKT-3108C054,CUST-DD9C9C19,2025-09-20,2025-09-29,Closed,Medium,Technical,38
TKT-1FE88D42,CUST-DD9C9C19,2025-07-02,2025-07-03,Closed,Medium,Bug,39
TKT-9E57B6B7,CUST-470E76EC,2025-02-04,2025-02-09,Closed,Urgent,Technical,23
TKT-621D82DD,CUST-470E76EC,2025-04-17,2025-04-25,Closed,Urgent,How-to,50
TKT-1F5BE25D,CUST-470E76EC,2025-03-30,2025-04-05,Closed,Urgent,How-to,56
TKT-6F27AA2A,CUST-470E76EC,2025-03-22,2025-03-28,Closed,High,How-to,30
TKT-03725A20,CUST-508E5336,2025-02-21,2025-02-28,Closed,Medium,How-to,72
TKT-9D4F1877,CUST-508E5336,2025-04-17,2025-04-19,Closed,High,How-to,40
TKT-B541D1AB,CUST-508E5336,2025-01-18,2025-01-22,Closed,Low,How-to,17
TKT-928C4684,CUST-508E5336,2024-12-31,2025-01-02,Closed,High,Billing,26
TKT-7412D12A,CUST-9F7A2781,2025-01-08,2025-01-09,Closed,Urgent,Bug,67
TKT-BD1182CF,CUST-9F7A2781,2024-09-24,2024-10-04,Closed,High,Bug,39
TKT-147080D1,CUST-9F7A2781,2025-01-11,2025-01-16,Closed,Urgent,Technical,72
TKT-AB7533B9,CUST-D5C74D33,2026-04-22,2026-04-25,Closed,Urgent,Bug,4
TKT-C8428A0F,CUST-46115E7D,2025-03-18,2025-03-24,Closed,Low,Bug,14
TKT-786AE919,CUST-46115E7D,2025-09-07,2025-09-10,Closed,Low,Technical,12
TKT-6D0A2A58,CUST-46115E7D,2025-04-29,2025-05-07,Closed,Urgent,How-to,65
TKT-CD20EBEC,CUST-3A17DC03,2024-11-16,2024-11-21,Closed,Medium,How-to,68
TKT-51FB6800,CUST-3A17DC03,2024-09-29,2024-10-09,Closed,Low,Billing,56
TKT-EFBF0632,CUST-3A17DC03,2024-08-17,2024-08-20,Closed,Urgent,Billing,2
TKT-6753B062,CUST-BF72E0BD,2025-02-22,2025-03-03,Closed,Urgent,Technical,58
TKT-3CDFBC8D,CUST-BF72E0BD,2024-12-23,2024-12-24,Closed,Low,Bug,16
TKT-496DFE17,CUST-CE47CB2D,2025-08-16,2025-08-23,Closed,Low,Technical,21
TKT-928293CC,CUST-CE47CB2D,2025-12-16,2025-12-23,Closed,Low,Bug,48
TKT-959DC16E,CUST-CE47CB2D,2025-10-08,2025-10-10,Closed,Medium,How-to,17
TKT-7903C846,CUST-CE47CB2D,2025-10-08,2025-10-14,Closed,Low,How-to,52
TKT-77AA2FDB,CUST-FD080CF5,2025-07-16,2025-07-21,Closed,High,Technical,29
TKT-9A39F69C,CUST-AC37F2A1,2026-02-11,2026-02-21,Closed,Urgent,Technical,20
TKT-3DFB0D65,CUST-AC37F2A1,2025-12-14,2025-12-21,Closed,High,Billing,54
TKT-0D303388,CUST-67EDAE36,2025-12-01,2025-12-07,Closed,Urgent,Billing,54
TKT-8C21A43D,CUST-67EDAE36,2026-02-21,2026-03-01,Closed,High,Billing,7
TKT-D38C01D8,CUST-BCB71E49,2025-09-30,2025-10-01,Closed,Low,Billing,57
TKT-985002FF,CUST-FD3F88A8,2025-02-28,2025-03-06,Closed,Urgent,Billing,62
TKT-59724994,CUST-FD3F88A8,2025-02-17,2025-02-21,Closed,Urgent,How-to,65
TKT-7755FCA4,CUST-FD3F88A8,2025-05-18,2025-05-21,Closed,Low,Technical,44
TKT-F658BC4B,CUST-FD3F88A8,2025-04-09,2025-04-18,Closed,Medium,Technical,33
TKT-A0311DB0,CUST-3D7A90FD,2025-06-08,2025-06-16,Closed,High,Bug,12
TKT-832DEBDA,CUST-3D7A90FD,2025-04-16,2025-04-24,Closed,Urgent,How-to,10
TKT-EA2798DB,CUST-3D7A90FD,2025-12-04,2025-12-10,Closed,Urgent,Bug,52
TKT-6F8C8E3F,CUST-3D7A90FD,2025-04-18,2025-04-20,Closed,Low,How-to,61
TKT-B74F92AD,CUST-3D7A90FD,2025-11-29,2025-12-01,Closed,Urgent,Billing,65
TKT-FFC117D2,CUST-99655B91,2026-02-18,2026-02-24,Closed,High,Bug,71
TKT-A504B408,CUST-9D5F476C,2024-12-06,2024-12-15,Closed,Medium,Bug,55
TKT-E99E45B8,CUST-9D5F476C,2024-12-16,2024-12-20,Closed,Urgent,How-to,27
TKT-EC768F45,CUST-9D5F476C,2025-06-01,2025-06-10,Closed,High,How-to,35
TKT-8042234D,CUST-9D5F476C,2024-11-04,2024-11-13,Closed,Medium,Technical,60
TKT-269D3A19,CUST-50E7F1E6,2026-01-06,2026-01-14,Closed,High,Technical,11
TKT-FB96A3BA,CUST-50E7F1E6,2025-12-27,2026-01-03,Closed,Urgent,Bug,23
TKT-A76C6097,CUST-50E7F1E6,2025-08-27,2025-08-28,Closed,Medium,How-to,7
TKT-CFA0D914,CUST-50E7F1E6,2025-07-13,2025-07-18,Closed,Low,Billing,63
TKT-B96A6127,CUST-6BFAD729,2025-08-18,2025-08-28,Closed,Medium,Billing,38
TKT-D5BC6859,CUST-6BFAD729,2025-08-05,2025-08-12,Closed,Urgent,Billing,43
TKT-E6F8256F,CUST-6BFAD729,2026-02-20,2026-03-01,Closed,Medium,Technical,44
TKT-E745B185,CUST-6BFAD729,2025-08-02,2025-08-03,Closed,Low,Technical,25
TKT-A07A6B30,CUST-6BFAD729,2026-02-26,2026-02-27,Closed,High,Bug,70
TKT-B79D5F59,CUST-DB82A880,2025-01-19,2025-01-24,Closed,Low,Billing,55
TKT-458DD4A2,CUST-DB82A880,2025-04-02,2025-04-12,Closed,Medium,Technical,11
TKT-1C432069,CUST-DB82A880,2025-01-14,2025-01-17,Closed,Urgent,Billing,59
TKT-D6659803,CUST-EE8B2825,2025-01-10,2025-01-17,Closed,Medium,How-to,18
TKT-6F0A643F,CUST-C142DBFC,2025-01-30,2025-02-04,Closed,Medium,How-to,61
TKT-F9FA8461,CUST-64BA964E,2025-10-30,2025-10-31,Closed,Urgent,How-to,48
TKT-8A4C0354,CUST-B7DFCB79,2024-11-04,2024-11-14,Closed,Medium,Bug,17
TKT-FCFEBF9A,CUST-B7DFCB79,2025-03-10,2025-03-17,Closed,Urgent,Bug,21
TKT-77920CDB,CUST-B7DFCB79,2024-12-13,2024-12-20,Closed,Low,Bug,18
TKT-629CB4A9,CUST-26A86B0C,2025-11-17,2025-11-20,Closed,Urgent,Bug,14
TKT-C56B53C2,CUST-3BC093D5,2025-09-29,2025-10-07,Closed,High,Technical,56
TKT-49051E0D,CUST-3BC093D5,2025-05-09,2025-05-10,Closed,High,How-to,19
TKT-208E8742,CUST-757899CB,2026-03-01,2026-03-08,Closed,Urgent,Technical,17
TKT-2BD9D008,CUST-757899CB,2026-03-02,2026-03-04,Closed,High,Bug,11
TKT-8779B503,CUST-757899CB,2026-03-27,2026-03-28,Closed,Urgent,Billing,26
TKT-75BF97C0,CUST-757899CB,2025-08-18,2025-08-28,Closed,Urgent,Billing,51
TKT-3454D0C4,CUST-757899CB,2026-03-11,2026-03-20,Closed,Urgent,Billing,43
TKT-CBCB8B67,CUST-485B6FBD,2026-01-07,2026-01-17,Closed,Low,How-to,9
TKT-999FDEF4,CUST-19D81BB6,2026-03-22,2026-03-31,Closed,High,How-to,24
TKT-7C7A1FAD,CUST-77F7522D,2026-01-09,2026-01-13,Closed,Medium,Billing,64
TKT-61AC86A6,CUST-77F7522D,2025-10-26,2025-11-03,Closed,High,How-to,68
TKT-19FD2345,CUST-77F7522D,2026-02-26,2026-03-07,Closed,High,Technical,19
TKT-28749068,CUST-77F7522D,2025-11-03,2025-11-09,Closed,Urgent,Bug,16
TKT-34260513,CUST-77F7522D,2026-02-25,2026-03-05,Closed,Low,Billing,69
TKT-1522A0D6,CUST-205E7270,2025-10-21,2025-10-25,Closed,Low,Billing,16
TKT-0FA40552,CUST-205E7270,2026-03-11,2026-03-14,Closed,High,How-to,26
TKT-4212DD79,CUST-205E7270,2025-09-07,2025-09-16,Closed,Medium,How-to,67
TKT-CFF684CB,CUST-205E7270,2025-09-21,2025-09-25,Closed,Urgent,Bug,24
TKT-E4A32DF9,CUST-205E7270,2026-02-22,2026-02-28,Closed,Medium,How-to,40
TKT-54FBEDA0,CUST-4A6DFA31,2026-04-22,2026-04-30,Closed,High,Bug,7
TKT-0328B67C,CUST-C301272A,2025-05-29,2025-06-03,Closed,Urgent,Technical,37
TKT-786546E3,CUST-C301272A,2024-12-30,2025-01-05,Closed,Urgent,Technical,39
TKT-6CD161E2,CUST-AB15EE7A,2025-04-10,2025-04-16,Closed,Urgent,Bug,25
TKT-EF28CB2D,CUST-AB15EE7A,2025-01-28,2025-02-02,Closed,Urgent,Billing,15
TKT-0DCABDDE,CUST-AB15EE7A,2025-02-07,2025-02-14,Closed,Low,Bug,6
TKT-0213B5E5,CUST-7D96292E,2025-12-13,2025-12-16,Closed,Low,Billing,39
TKT-2AFD4741,CUST-7D96292E,2026-01-25,2026-01-30,Closed,Medium,Technical,14
TKT-6C060DB6,CUST-2E8ECFC3,2026-01-31,2026-02-02,Closed,Low,Billing,61
TKT-89D17A65,CUST-2E8ECFC3,2026-03-14,2026-03-22,Closed,Medium,How-to,66
TKT-295F8BF1,CUST-2E8ECFC3,2026-03-21,2026-03-28,Closed,High,Bug,64
TKT-3BB47535,CUST-2E8ECFC3,2025-12-04,2025-12-08,Closed,Urgent,Billing,49
TKT-EE0974AE,CUST-2E8ECFC3,2025-06-10,2025-06-11,Closed,High,Billing,36
TKT-A5DDD160,CUST-F231375D,2025-02-23,2025-03-01,Closed,Medium,Technical,64
TKT-57765B75,CUST-F231375D,2025-02-12,2025-02-15,Closed,High,Technical,64
TKT-1CEB5126,CUST-8063D0BC,2025-07-06,2025-07-14,Closed,Urgent,Technical,28
TKT-EA3AFB1B,CUST-8063D0BC,2025-10-29,2025-11-02,Closed,Urgent,Bug,22
TKT-20B07EA6,CUST-AFDCF38B,2026-03-12,2026-03-18,Closed,High,Billing,26
TKT-AD58C290,CUST-AFDCF38B,2026-01-07,2026-01-10,Closed,High,Technical,33
TKT-93543044,CUST-AFDCF38B,2025-10-28,2025-11-02,Closed,Medium,Technical,61
TKT-A77D1D64,CUST-46CDBE81,2025-09-30,2025-10-03,Closed,Medium,Technical,21
TKT-70BC8753,CUST-46CDBE81,2026-02-09,2026-02-19,Closed,Urgent,Technical,41
TKT-551C4BAC,CUST-46CDBE81,2025-09-06,2025-09-11,Closed,Medium,How-to,31
TKT-8A8147C5,CUST-46CDBE81,2026-03-01,2026-03-11,Closed,Low,How-to,21
TKT-9DB9A6D9,CUST-46CDBE81,2025-08-23,2025-08-24,Closed,Urgent,Bug,13
TKT-1143E9EB,CUST-DDD4BD2F,2025-11-13,2025-11-22,Closed,Low,Technical,48
TKT-863B198C,CUST-B7ADC3DD,2025-06-27,2025-06-28,Closed,Low,How-to,18
TKT-7B454E6C,CUST-09561B78,2026-04-11,2026-04-20,Closed,Medium,Bug,46
TKT-546B5AE9,CUST-B7161DBE,2026-01-06,2026-01-07,Closed,Low,Bug,56
TKT-DD19C273,CUST-B7161DBE,2025-09-20,2025-09-21,Closed,Medium,Bug,10
TKT-E98AD45A,CUST-B7161DBE,2025-08-23,2025-08-31,Closed,Low,Technical,35
TKT-552B4893,CUST-B7161DBE,2026-02-17,2026-02-27,Closed,Medium,Bug,51
TKT-AB1BAA5B,CUST-B7161DBE,2026-01-20,2026-01-29,Closed,High,Bug,17
TKT-B8E063E3,CUST-9846146C,2026-04-04,2026-04-12,Closed,High,Bug,49
TKT-A2B55A95,CUST-9846146C,2026-02-14,2026-02-19,Closed,High,How-to,51
TKT-B654280F,CUST-9846146C,2026-01-16,2026-01-17,Closed,Urgent,Bug,43
