transaction_id,customer_id,subscription_id,amount,currency,status,transaction_date,payment_method
TXN-ff78d8e7,CUST-84d564a1,SUB-efc0b8c4,49.0,USD,Success,2026-02-23,PayPal
TXN-a9c82171,CUST-84d564a1,SUB-efc0b8c4,49.0,USD,Success,2026-03-23,Credit Card
TXN-87b86331,CUST-84d564a1,SUB-efc0b8c4,49.0,USD,Success,2026-04-23,Credit Card
TXN-4f7a8dbb,CUST-b4a22d89,SUB-7debe5d6,49.0,USD,Success,2025-12-03,Wire Transfer
TXN-53e60124,CUST-b4a22d89,SUB-7debe5d6,49.0,USD,Success,2026-01-03,Wire Transfer
TXN-ca36f169,CUST-b4a22d89,SUB-7debe5d6,49.0,USD,Success,2026-02-03,PayPal
TXN-1bc4af73,CUST-b4a22d89,SUB-7debe5d6,49.0,USD,Success,2026-03-03,Credit Card
TXN-b58ff116,CUST-b4a22d89,SUB-7debe5d6,49.0,USD,Success,2026-04-03,Credit Card
TXN-bdb86875,CUST-b4a22d89,SUB-7debe5d6,49.0,USD,Success,2026-05-03,Wire Transfer
TXN-46618eeb,CUST-54226cf3,SUB-e3d66a1f,199.0,USD,Success,2026-02-25,PayPal
TXN-23aa2137,CUST-54226cf3,SUB-e3d66a1f,199.0,USD,Success,2026-03-25,PayPal
TXN-452fc956,CUST-54226cf3,SUB-e3d66a1f,199.0,USD,Failed,2026-04-25,Wire Transfer
TXN-f49fb4b3,CUST-858ce265,SUB-2c979d1b,499.0,USD,Success,2026-04-07,Credit Card
TXN-f6d87c4f,CUST-858ce265,SUB-2c979d1b,499.0,USD,Success,2026-05-07,Wire Transfer
TXN-961f5d6f,CUST-11a4014b,SUB-6167175b,499.0,USD,Success,2025-01-07,Wire Transfer
TXN-d862767f,CUST-11a4014b,SUB-6167175b,499.0,USD,Success,2025-02-07,Wire Transfer
TXN-5a7a2291,CUST-11a4014b,SUB-6167175b,499.0,USD,Success,2025-03-07,Wire Transfer
TXN-2739b0ea,CUST-11a4014b,SUB-6167175b,499.0,USD,Success,2025-04-07,Credit Card
TXN-eddbd2e5,CUST-eba557a0,SUB-2a77c040,199.0,USD,Success,2024-10-09,Wire Transfer
TXN-9935c67a,CUST-eba557a0,SUB-2a77c040,199.0,USD,Success,2024-11-09,Credit Card
TXN-97b7c7dc,CUST-eba557a0,SUB-2a77c040,199.0,USD,Success,2024-12-09,Wire Transfer
TXN-ef936b3a,CUST-eba557a0,SUB-2a77c040,199.0,USD,Success,2025-01-09,PayPal
TXN-d4a21c45,CUST-eba557a0,SUB-2a77c040,199.0,USD,Success,2025-02-09,Credit Card
TXN-b01be5ba,CUST-eba557a0,SUB-2a77c040,199.0,USD,Success,2025-03-09,PayPal
TXN-ccf1b03f,CUST-eba557a0,SUB-2a77c040,199.0,USD,Success,2025-04-09,Wire Transfer
TXN-504dd1be,CUST-eba557a0,SUB-2a77c040,199.0,USD,Success,2025-05-09,Wire Transfer
TXN-49eed140,CUST-eba557a0,SUB-2a77c040,199.0,USD,Success,2025-06-09,Wire Transfer
TXN-42361024,CUST-eba557a0,SUB-2a77c040,199.0,USD,Success,2025-07-09,Credit Card
TXN-16d2f197,CUST-eba557a0,SUB-2a77c040,199.0,USD,Success,2025-08-09,PayPal
TXN-636cf57d,CUST-eba557a0,SUB-2a77c040,199.0,USD,Success,2025-09-09,Credit Card
TXN-9094aa05,CUST-eba557a0,SUB-2a77c040,199.0,USD,Success,2025-10-09,Credit Card
TXN-cff47229,CUST-eba557a0,SUB-2a77c040,199.0,USD,Failed,2025-11-09,Wire Transfer
TXN-9fc3b1c8,CUST-eba557a0,SUB-2a77c040,199.0,USD,Success,2025-12-09,PayPal
TXN-e2e3ce2f,CUST-eba557a0,SUB-2a77c040,199.0,USD,Success,2026-01-09,Wire Transfer
TXN-998a3d28,CUST-eba557a0,SUB-2a77c040,199.0,USD,Success,2026-02-09,Credit Card
TXN-9b165362,CUST-eba557a0,SUB-2a77c040,199.0,USD,Success,2026-03-09,Wire Transfer
TXN-f523f793,CUST-eba557a0,SUB-2a77c040,199.0,USD,Success,2026-04-09,PayPal
TXN-09dbfee5,CUST-79301a9c,SUB-89308445,499.0,USD,Success,2025-06-26,Wire Transfer
TXN-7abd827a,CUST-79301a9c,SUB-89308445,499.0,USD,Success,2025-07-26,PayPal
TXN-a6d129e0,CUST-79301a9c,SUB-89308445,499.0,USD,Success,2025-08-26,PayPal
TXN-d79aca33,CUST-79301a9c,SUB-89308445,499.0,USD,Success,2025-09-26,Wire Transfer
TXN-5665bfb8,CUST-79301a9c,SUB-89308445,499.0,USD,Success,2025-10-26,Credit Card
TXN-49b83707,CUST-79301a9c,SUB-89308445,499.0,USD,Success,2025-11-26,Wire Transfer
TXN-9f55ee81,CUST-79301a9c,SUB-89308445,499.0,USD,Success,2025-12-26,Credit Card
TXN-3a2d048b,CUST-79301a9c,SUB-89308445,499.0,USD,Success,2026-01-26,Credit Card
TXN-3c3e0993,CUST-79301a9c,SUB-89308445,499.0,USD,Success,2026-02-26,Wire Transfer
TXN-a5622f78,CUST-79301a9c,SUB-89308445,499.0,USD,Success,2026-03-26,Credit Card
TXN-1b9a3044,CUST-79301a9c,SUB-89308445,499.0,USD,Failed,2026-04-26,Credit Card
TXN-420c2bdd,CUST-e40f8c05,SUB-820c9cb4,199.0,USD,Success,2025-03-13,Wire Transfer
TXN-ce8b8d58,CUST-e40f8c05,SUB-820c9cb4,199.0,USD,Success,2025-04-13,Wire Transfer
TXN-927328e5,CUST-e40f8c05,SUB-820c9cb4,199.0,USD,Success,2025-05-13,Wire Transfer
TXN-0fab007a,CUST-e40f8c05,SUB-820c9cb4,199.0,USD,Failed,2025-06-13,Credit Card
TXN-33c580f0,CUST-e40f8c05,SUB-820c9cb4,199.0,USD,Failed,2025-07-13,PayPal
TXN-e2d8d512,CUST-e40f8c05,SUB-820c9cb4,199.0,USD,Success,2025-08-13,Credit Card
TXN-ffb874ff,CUST-e40f8c05,SUB-820c9cb4,199.0,USD,Success,2025-09-13,PayPal
TXN-06b343e9,CUST-e40f8c05,SUB-820c9cb4,199.0,USD,Success,2025-10-13,Wire Transfer
TXN-207a1b09,CUST-e40f8c05,SUB-820c9cb4,199.0,USD,Success,2025-11-13,PayPal
TXN-c73b86b7,CUST-e40f8c05,SUB-820c9cb4,199.0,USD,Success,2025-12-13,Wire Transfer
TXN-606772f1,CUST-e40f8c05,SUB-820c9cb4,199.0,USD,Success,2026-01-13,Wire Transfer
TXN-cfb74461,CUST-e40f8c05,SUB-820c9cb4,199.0,USD,Success,2026-02-13,PayPal
TXN-ad6ea26f,CUST-e40f8c05,SUB-820c9cb4,199.0,USD,Failed,2026-03-13,Wire Transfer
TXN-ba1e4be1,CUST-e40f8c05,SUB-820c9cb4,199.0,USD,Success,2026-04-13,PayPal
TXN-ac9e4a7c,CUST-fa4e3863,SUB-acf8a640,499.0,USD,Success,2025-11-16,Wire Transfer
TXN-919edef9,CUST-fa4e3863,SUB-acf8a640,499.0,USD,Success,2025-12-16,Credit Card
TXN-33cd6a98,CUST-fa4e3863,SUB-acf8a640,499.0,USD,Success,2026-01-16,Credit Card
TXN-f0246808,CUST-fa4e3863,SUB-acf8a640,499.0,USD,Success,2026-02-16,Wire Transfer
TXN-27e0f438,CUST-fa4e3863,SUB-acf8a640,499.0,USD,Success,2026-03-16,Wire Transfer
TXN-dda2da4f,CUST-73ea0d9c,SUB-5b74386b,199.0,USD,Success,2025-03-08,PayPal
TXN-9cbfd48e,CUST-73ea0d9c,SUB-5b74386b,199.0,USD,Success,2025-04-08,Credit Card
TXN-71b9c934,CUST-1806e323,SUB-46da1d3a,199.0,USD,Success,2025-04-11,PayPal
TXN-13f82274,CUST-1806e323,SUB-46da1d3a,199.0,USD,Success,2025-05-11,Wire Transfer
TXN-b5415742,CUST-63b8f253,SUB-519db014,499.0,USD,Success,2025-02-09,Wire Transfer
TXN-653c8123,CUST-63b8f253,SUB-519db014,499.0,USD,Success,2025-03-09,PayPal
TXN-4761f665,CUST-63b8f253,SUB-519db014,499.0,USD,Success,2025-04-09,Wire Transfer
TXN-dccaeba2,CUST-63b8f253,SUB-519db014,499.0,USD,Success,2025-05-09,Credit Card
TXN-78ac670a,CUST-63b8f253,SUB-519db014,499.0,USD,Success,2025-06-09,PayPal
TXN-511c5299,CUST-63b8f253,SUB-519db014,499.0,USD,Success,2025-07-09,Credit Card
TXN-f21a6970,CUST-63b8f253,SUB-519db014,499.0,USD,Success,2025-08-09,Credit Card
TXN-277fff81,CUST-63b8f253,SUB-519db014,499.0,USD,Success,2025-09-09,Credit Card
TXN-680a8d0f,CUST-63b8f253,SUB-519db014,499.0,USD,Success,2025-10-09,PayPal
TXN-8bd256a2,CUST-63b8f253,SUB-519db014,499.0,USD,Success,2025-11-09,Wire Transfer
TXN-84b64aaa,CUST-63b8f253,SUB-519db014,499.0,USD,Success,2025-12-09,Credit Card
TXN-c64388c7,CUST-63b8f253,SUB-519db014,499.0,USD,Success,2026-01-09,Credit Card
TXN-d47f522e,CUST-63b8f253,SUB-519db014,499.0,USD,Success,2026-02-09,Credit Card
TXN-b1bd4209,CUST-63b8f253,SUB-519db014,499.0,USD,Success,2026-03-09,Wire Transfer
TXN-ef3162c2,CUST-63b8f253,SUB-519db014,499.0,USD,Success,2026-04-09,Wire Transfer
TXN-654853b5,CUST-d7e61e1c,SUB-516aaff8,49.0,USD,Success,2025-05-09,PayPal
TXN-b67bd15c,CUST-d7e61e1c,SUB-516aaff8,49.0,USD,Success,2025-06-09,Wire Transfer
TXN-28de798c,CUST-d7e61e1c,SUB-516aaff8,49.0,USD,Success,2025-07-09,PayPal
TXN-5cc42253,CUST-d7e61e1c,SUB-516aaff8,49.0,USD,Success,2025-08-09,PayPal
TXN-a6ce3e93,CUST-d7e61e1c,SUB-516aaff8,49.0,USD,Success,2025-09-09,PayPal
TXN-4a97d706,CUST-d7e61e1c,SUB-516aaff8,49.0,USD,Success,2025-10-09,PayPal
TXN-1cdb7344,CUST-d7e61e1c,SUB-516aaff8,49.0,USD,Success,2025-11-09,PayPal
TXN-ff139034,CUST-d7e61e1c,SUB-516aaff8,49.0,USD,Success,2025-12-09,Credit Card
TXN-97e4fec4,CUST-d7e61e1c,SUB-516aaff8,49.0,USD,Success,2026-01-09,Wire Transfer
TXN-83ad6e09,CUST-d7e61e1c,SUB-516aaff8,49.0,USD,Success,2026-02-09,Credit Card
TXN-840e60b9,CUST-d7e61e1c,SUB-516aaff8,49.0,USD,Success,2026-03-09,PayPal
TXN-96e0320d,CUST-d7e61e1c,SUB-516aaff8,49.0,USD,Success,2026-04-09,Wire Transfer
TXN-731e8a2a,CUST-dfd62d49,SUB-7ce3d51f,499.0,USD,Success,2024-08-27,Credit Card
TXN-85b38cf0,CUST-dfd62d49,SUB-7ce3d51f,499.0,USD,Success,2024-09-27,Credit Card
TXN-3ad3d1dc,CUST-28991702,SUB-c808a446,199.0,USD,Success,2025-01-08,PayPal
TXN-fcb2bcd0,CUST-28991702,SUB-c808a446,199.0,USD,Success,2025-02-08,Credit Card
TXN-6fbc1aee,CUST-28991702,SUB-c808a446,199.0,USD,Refunded,2025-03-08,Credit Card
TXN-5817a024,CUST-28991702,SUB-c808a446,199.0,USD,Success,2025-04-08,Credit Card
TXN-e07ca951,CUST-28991702,SUB-c808a446,199.0,USD,Success,2025-05-08,Credit Card
TXN-1f615c12,CUST-28991702,SUB-c808a446,199.0,USD,Success,2025-06-08,Credit Card
TXN-57913f6a,CUST-28991702,SUB-c808a446,199.0,USD,Success,2025-07-08,PayPal
TXN-2122687e,CUST-28991702,SUB-c808a446,199.0,USD,Success,2025-08-08,PayPal
TXN-277ffce7,CUST-28991702,SUB-c808a446,199.0,USD,Success,2025-09-08,Credit Card
TXN-e7d0de7c,CUST-28991702,SUB-c808a446,199.0,USD,Success,2025-10-08,PayPal
TXN-330c5f27,CUST-28991702,SUB-c808a446,199.0,USD,Success,2025-11-08,PayPal
TXN-c61aeb33,CUST-28991702,SUB-c808a446,199.0,USD,Success,2025-12-08,Wire Transfer
TXN-83d00674,CUST-28991702,SUB-c808a446,199.0,USD,Success,2026-01-08,Credit Card
TXN-6af9695f,CUST-28991702,SUB-c808a446,199.0,USD,Success,2026-02-08,PayPal
TXN-81a4036d,CUST-28991702,SUB-c808a446,199.0,USD,Success,2026-03-08,PayPal
TXN-70d7d547,CUST-28991702,SUB-c808a446,199.0,USD,Success,2026-04-08,Credit Card
TXN-2c9cc198,CUST-28991702,SUB-c808a446,199.0,USD,Success,2026-05-08,Wire Transfer
TXN-61b678bd,CUST-ca3166ac,SUB-2424307e,49.0,USD,Success,2025-09-30,Credit Card
TXN-ff755791,CUST-ca3166ac,SUB-2424307e,49.0,USD,Success,2025-10-30,Wire Transfer
TXN-620dbad0,CUST-ca3166ac,SUB-2424307e,49.0,USD,Success,2025-11-30,Credit Card
TXN-8e06e0e9,CUST-ca3166ac,SUB-2424307e,49.0,USD,Failed,2025-12-30,Credit Card
TXN-80cf4b6e,CUST-ca3166ac,SUB-2424307e,49.0,USD,Success,2026-01-30,Credit Card
TXN-cbec9479,CUST-ca3166ac,SUB-2424307e,49.0,USD,Success,2026-02-28,Credit Card
TXN-cb3ae796,CUST-ca3166ac,SUB-2424307e,49.0,USD,Refunded,2026-03-28,Wire Transfer
TXN-723e20ea,CUST-ca3166ac,SUB-2424307e,49.0,USD,Success,2026-04-28,Wire Transfer
TXN-87785df3,CUST-65e7c245,SUB-85d8a034,49.0,USD,Success,2025-01-09,PayPal
TXN-fc46ed97,CUST-65e7c245,SUB-85d8a034,49.0,USD,Success,2025-02-09,Credit Card
TXN-9b0f4f69,CUST-65e7c245,SUB-85d8a034,49.0,USD,Success,2025-03-09,Wire Transfer
TXN-0375522b,CUST-65e7c245,SUB-85d8a034,49.0,USD,Success,2025-04-09,Wire Transfer
TXN-cad127b8,CUST-65e7c245,SUB-85d8a034,49.0,USD,Failed,2025-05-09,Wire Transfer
TXN-d709c67b,CUST-65e7c245,SUB-85d8a034,49.0,USD,Success,2025-06-09,Credit Card
TXN-9f43319b,CUST-65e7c245,SUB-85d8a034,49.0,USD,Success,2025-07-09,PayPal
TXN-7456e900,CUST-65e7c245,SUB-85d8a034,49.0,USD,Success,2025-08-09,Wire Transfer
TXN-598fd88c,CUST-65e7c245,SUB-85d8a034,49.0,USD,Success,2025-09-09,Credit Card
TXN-52e74dc8,CUST-65e7c245,SUB-85d8a034,49.0,USD,Success,2025-10-09,Wire Transfer
TXN-239f59bb,CUST-65e7c245,SUB-85d8a034,49.0,USD,Success,2025-11-09,Wire Transfer
TXN-17baa60d,CUST-65e7c245,SUB-85d8a034,49.0,USD,Success,2025-12-09,PayPal
TXN-09f2002e,CUST-65e7c245,SUB-85d8a034,49.0,USD,Success,2026-01-09,Wire Transfer
TXN-5115b0cf,CUST-65e7c245,SUB-85d8a034,49.0,USD,Success,2026-02-09,Wire Transfer
TXN-19c69149,CUST-65e7c245,SUB-85d8a034,49.0,USD,Success,2026-03-09,Credit Card
TXN-df9cdc39,CUST-65e7c245,SUB-85d8a034,49.0,USD,Success,2026-04-09,Credit Card
TXN-05097f0c,CUST-dece2f21,SUB-083c7132,49.0,USD,Success,2025-08-25,PayPal
TXN-69c3f3f7,CUST-dece2f21,SUB-083c7132,49.0,USD,Success,2025-09-25,Credit Card
TXN-9e5162b7,CUST-dece2f21,SUB-083c7132,49.0,USD,Success,2025-10-25,Credit Card
TXN-bfeb7f80,CUST-dece2f21,SUB-083c7132,49.0,USD,Success,2025-11-25,PayPal
TXN-2864d31c,CUST-dece2f21,SUB-083c7132,49.0,USD,Success,2025-12-25,Wire Transfer
TXN-d7e74430,CUST-a14578f6,SUB-3ae05e79,199.0,USD,Success,2024-07-04,PayPal
TXN-3cc92e3f,CUST-a14578f6,SUB-3ae05e79,199.0,USD,Success,2024-08-04,Credit Card
TXN-b44d42e2,CUST-a14578f6,SUB-3ae05e79,199.0,USD,Success,2024-09-04,PayPal
TXN-cef21f81,CUST-a14578f6,SUB-3ae05e79,199.0,USD,Success,2024-10-04,Wire Transfer
TXN-05f254c3,CUST-a14578f6,SUB-3ae05e79,199.0,USD,Success,2024-11-04,PayPal
TXN-5b471527,CUST-a14578f6,SUB-3ae05e79,199.0,USD,Success,2024-12-04,Credit Card
TXN-a140dceb,CUST-a14578f6,SUB-3ae05e79,199.0,USD,Success,2025-01-04,Credit Card
TXN-a8cd8a4a,CUST-a14578f6,SUB-3ae05e79,199.0,USD,Success,2025-02-04,PayPal
TXN-d388ffa1,CUST-a14578f6,SUB-3ae05e79,199.0,USD,Success,2025-03-04,Wire Transfer
TXN-6135150e,CUST-a14578f6,SUB-3ae05e79,199.0,USD,Success,2025-04-04,PayPal
TXN-9498db7c,CUST-a14578f6,SUB-3ae05e79,199.0,USD,Success,2025-05-04,Wire Transfer
TXN-1729b2cf,CUST-a14578f6,SUB-3ae05e79,199.0,USD,Success,2025-06-04,Wire Transfer
TXN-2d04dd2c,CUST-a14578f6,SUB-3ae05e79,199.0,USD,Success,2025-07-04,PayPal
TXN-ed6f7ae3,CUST-a14578f6,SUB-3ae05e79,199.0,USD,Success,2025-08-04,Wire Transfer
TXN-820b3cd0,CUST-a14578f6,SUB-3ae05e79,199.0,USD,Success,2025-09-04,Credit Card
TXN-50535051,CUST-a14578f6,SUB-3ae05e79,199.0,USD,Success,2025-10-04,PayPal
TXN-ae95514b,CUST-a14578f6,SUB-3ae05e79,199.0,USD,Success,2025-11-04,Wire Transfer
TXN-3263b993,CUST-a14578f6,SUB-3ae05e79,199.0,USD,Success,2025-12-04,Credit Card
TXN-06a75d17,CUST-a14578f6,SUB-3ae05e79,199.0,USD,Success,2026-01-04,PayPal
TXN-5e10055d,CUST-a14578f6,SUB-3ae05e79,199.0,USD,Success,2026-02-04,Credit Card
TXN-e8f1e438,CUST-a14578f6,SUB-3ae05e79,199.0,USD,Success,2026-03-04,Credit Card
TXN-9da81c10,CUST-a14578f6,SUB-3ae05e79,199.0,USD,Success,2026-04-04,Credit Card
TXN-53101d90,CUST-a14578f6,SUB-3ae05e79,199.0,USD,Success,2026-05-04,Wire Transfer
TXN-2635e109,CUST-acd02836,SUB-8f3150b9,499.0,USD,Success,2024-10-16,PayPal
TXN-cb44810e,CUST-acd02836,SUB-8f3150b9,499.0,USD,Success,2024-11-16,PayPal
TXN-f005d94a,CUST-acd02836,SUB-8f3150b9,499.0,USD,Success,2024-12-16,Wire Transfer
TXN-e90d9663,CUST-acd02836,SUB-8f3150b9,499.0,USD,Success,2025-01-16,PayPal
TXN-fa105792,CUST-acd02836,SUB-8f3150b9,499.0,USD,Success,2025-02-16,Credit Card
TXN-f36b8259,CUST-acd02836,SUB-8f3150b9,499.0,USD,Success,2025-03-16,PayPal
TXN-669e9b35,CUST-acd02836,SUB-8f3150b9,499.0,USD,Success,2025-04-16,Wire Transfer
TXN-99dad6ad,CUST-acd02836,SUB-8f3150b9,499.0,USD,Success,2025-05-16,Credit Card
TXN-246d830e,CUST-acd02836,SUB-8f3150b9,499.0,USD,Success,2025-06-16,Wire Transfer
TXN-ab7e3480,CUST-acd02836,SUB-8f3150b9,499.0,USD,Success,2025-07-16,Credit Card
TXN-595db391,CUST-acd02836,SUB-8f3150b9,499.0,USD,Success,2025-08-16,Credit Card
TXN-00f54421,CUST-acd02836,SUB-8f3150b9,499.0,USD,Success,2025-09-16,PayPal
TXN-4ab395f6,CUST-acd02836,SUB-8f3150b9,499.0,USD,Success,2025-10-16,Credit Card
TXN-7af068f8,CUST-acd02836,SUB-8f3150b9,499.0,USD,Success,2025-11-16,Wire Transfer
TXN-65567f7c,CUST-acd02836,SUB-8f3150b9,499.0,USD,Success,2025-12-16,PayPal
TXN-24f8c59c,CUST-acd02836,SUB-8f3150b9,499.0,USD,Success,2026-01-16,Wire Transfer
TXN-1e124bae,CUST-acd02836,SUB-8f3150b9,499.0,USD,Success,2026-02-16,Credit Card
TXN-f8ac9236,CUST-acd02836,SUB-8f3150b9,499.0,USD,Success,2026-03-16,Wire Transfer
TXN-396d7ee0,CUST-acd02836,SUB-8f3150b9,499.0,USD,Success,2026-04-16,Wire Transfer
TXN-a11e833a,CUST-a810eda2,SUB-6f1f828a,49.0,USD,Success,2024-12-08,Credit Card
TXN-5273f420,CUST-a810eda2,SUB-6f1f828a,49.0,USD,Success,2025-01-08,PayPal
TXN-4ee14143,CUST-a810eda2,SUB-6f1f828a,49.0,USD,Success,2025-02-08,Wire Transfer
TXN-f420391d,CUST-a810eda2,SUB-6f1f828a,49.0,USD,Success,2025-03-08,Credit Card
TXN-393901d2,CUST-a810eda2,SUB-6f1f828a,49.0,USD,Success,2025-04-08,PayPal
TXN-f6aea97f,CUST-a810eda2,SUB-6f1f828a,49.0,USD,Success,2025-05-08,PayPal
TXN-08fa17b9,CUST-a810eda2,SUB-6f1f828a,49.0,USD,Success,2025-06-08,PayPal
TXN-11c4acff,CUST-a810eda2,SUB-6f1f828a,49.0,USD,Success,2025-07-08,Wire Transfer
TXN-1178a79e,CUST-a810eda2,SUB-6f1f828a,49.0,USD,Success,2025-08-08,Wire Transfer
TXN-6e259d9e,CUST-a810eda2,SUB-6f1f828a,49.0,USD,Success,2025-09-08,Wire Transfer
TXN-a570afee,CUST-a810eda2,SUB-6f1f828a,49.0,USD,Failed,2025-10-08,PayPal
TXN-0b0321f8,CUST-a810eda2,SUB-6f1f828a,49.0,USD,Success,2025-11-08,Wire Transfer
TXN-5de72a75,CUST-a810eda2,SUB-6f1f828a,49.0,USD,Success,2025-12-08,Credit Card
TXN-68829e40,CUST-a810eda2,SUB-6f1f828a,49.0,USD,Success,2026-01-08,Wire Transfer
TXN-593325dd,CUST-a810eda2,SUB-6f1f828a,49.0,USD,Success,2026-02-08,Wire Transfer
TXN-79c8b6c2,CUST-268095d2,SUB-3b52c974,499.0,USD,Success,2024-06-29,PayPal
TXN-e5d0d693,CUST-268095d2,SUB-3b52c974,499.0,USD,Success,2024-07-29,Wire Transfer
TXN-56742b9f,CUST-268095d2,SUB-3b52c974,499.0,USD,Success,2024-08-29,Credit Card
TXN-4dec0fdc,CUST-268095d2,SUB-3b52c974,499.0,USD,Success,2024-09-29,PayPal
TXN-e8c48b4c,CUST-268095d2,SUB-3b52c974,499.0,USD,Success,2024-10-29,Credit Card
TXN-47a8359d,CUST-268095d2,SUB-3b52c974,499.0,USD,Success,2024-11-29,PayPal
TXN-eff6360a,CUST-268095d2,SUB-3b52c974,499.0,USD,Success,2024-12-29,PayPal
TXN-84afced3,CUST-268095d2,SUB-3b52c974,499.0,USD,Success,2025-01-29,Wire Transfer
TXN-2a7bffb6,CUST-268095d2,SUB-3b52c974,499.0,USD,Success,2025-02-28,Credit Card
TXN-e1620960,CUST-268095d2,SUB-3b52c974,499.0,USD,Success,2025-03-28,PayPal
TXN-13943b72,CUST-268095d2,SUB-3b52c974,499.0,USD,Success,2025-04-28,Wire Transfer
TXN-4e5ab409,CUST-268095d2,SUB-3b52c974,499.0,USD,Success,2025-05-28,PayPal
TXN-976d3da6,CUST-268095d2,SUB-3b52c974,499.0,USD,Success,2025-06-28,PayPal
TXN-ca8a478f,CUST-268095d2,SUB-3b52c974,499.0,USD,Success,2025-07-28,PayPal
TXN-48a26172,CUST-268095d2,SUB-3b52c974,499.0,USD,Success,2025-08-28,PayPal
TXN-0eabcd37,CUST-268095d2,SUB-3b52c974,499.0,USD,Success,2025-09-28,PayPal
TXN-87562ac8,CUST-268095d2,SUB-3b52c974,499.0,USD,Success,2025-10-28,PayPal
TXN-2ce0d3d7,CUST-268095d2,SUB-3b52c974,499.0,USD,Success,2025-11-28,Wire Transfer
TXN-7fbe310c,CUST-268095d2,SUB-3b52c974,499.0,USD,Success,2025-12-28,PayPal
TXN-bfa84d73,CUST-268095d2,SUB-3b52c974,499.0,USD,Success,2026-01-28,Credit Card
TXN-c7e9e675,CUST-268095d2,SUB-3b52c974,499.0,USD,Success,2026-02-28,Wire Transfer
TXN-35557754,CUST-268095d2,SUB-3b52c974,499.0,USD,Failed,2026-03-28,Credit Card
TXN-1d97b3c9,CUST-268095d2,SUB-3b52c974,499.0,USD,Success,2026-04-28,PayPal
TXN-b81b634b,CUST-481fbc2e,SUB-8c4ab19b,499.0,USD,Success,2025-08-09,Credit Card
TXN-a862d3f6,CUST-481fbc2e,SUB-8c4ab19b,499.0,USD,Success,2025-09-09,PayPal
TXN-7977d362,CUST-481fbc2e,SUB-8c4ab19b,499.0,USD,Success,2025-10-09,PayPal
TXN-bd748e80,CUST-481fbc2e,SUB-8c4ab19b,499.0,USD,Success,2025-11-09,Wire Transfer
TXN-722e3bef,CUST-481fbc2e,SUB-8c4ab19b,499.0,USD,Success,2025-12-09,Wire Transfer
TXN-0dad9033,CUST-481fbc2e,SUB-8c4ab19b,499.0,USD,Success,2026-01-09,PayPal
TXN-9c415cad,CUST-481fbc2e,SUB-8c4ab19b,499.0,USD,Success,2026-02-09,Wire Transfer
TXN-8ccd18ba,CUST-481fbc2e,SUB-8c4ab19b,499.0,USD,Refunded,2026-03-09,Credit Card
TXN-3eab317f,CUST-16061ccd,SUB-2f79edb4,49.0,USD,Success,2024-06-15,Wire Transfer
TXN-eed347fd,CUST-16061ccd,SUB-2f79edb4,49.0,USD,Success,2024-07-15,Wire Transfer
TXN-45461814,CUST-16061ccd,SUB-2f79edb4,49.0,USD,Success,2024-08-15,Credit Card
TXN-6794fcab,CUST-16061ccd,SUB-2f79edb4,49.0,USD,Success,2024-09-15,Wire Transfer
TXN-c8930212,CUST-16061ccd,SUB-2f79edb4,49.0,USD,Success,2024-10-15,PayPal
TXN-d7922ef9,CUST-16061ccd,SUB-2f79edb4,49.0,USD,Success,2024-11-15,Credit Card
TXN-7374f63d,CUST-16061ccd,SUB-2f79edb4,49.0,USD,Success,2024-12-15,PayPal
TXN-fa9e7856,CUST-16061ccd,SUB-2f79edb4,49.0,USD,Success,2025-01-15,Credit Card
TXN-624188d4,CUST-16061ccd,SUB-2f79edb4,49.0,USD,Failed,2025-02-15,PayPal
TXN-defa3272,CUST-16061ccd,SUB-2f79edb4,49.0,USD,Success,2025-03-15,PayPal
TXN-18f0f0d2,CUST-16061ccd,SUB-2f79edb4,49.0,USD,Success,2025-04-15,Wire Transfer
TXN-8f285855,CUST-16061ccd,SUB-2f79edb4,49.0,USD,Success,2025-05-15,PayPal
TXN-fed39f4f,CUST-16061ccd,SUB-2f79edb4,49.0,USD,Success,2025-06-15,Wire Transfer
TXN-809c2975,CUST-16061ccd,SUB-2f79edb4,49.0,USD,Success,2025-07-15,Credit Card
TXN-4b3510cf,CUST-16061ccd,SUB-2f79edb4,49.0,USD,Success,2025-08-15,PayPal
TXN-458aa74d,CUST-16061ccd,SUB-2f79edb4,49.0,USD,Success,2025-09-15,PayPal
TXN-d53d10e6,CUST-16061ccd,SUB-2f79edb4,49.0,USD,Success,2025-10-15,Credit Card
TXN-1c12b43c,CUST-16061ccd,SUB-2f79edb4,49.0,USD,Success,2025-11-15,Credit Card
TXN-7dac0d38,CUST-16061ccd,SUB-2f79edb4,49.0,USD,Success,2025-12-15,PayPal
TXN-f86a8150,CUST-16061ccd,SUB-2f79edb4,49.0,USD,Failed,2026-01-15,Credit Card
TXN-60f804ec,CUST-16061ccd,SUB-2f79edb4,49.0,USD,Success,2026-02-15,Wire Transfer
TXN-1988adb6,CUST-16061ccd,SUB-2f79edb4,49.0,USD,Success,2026-03-15,Credit Card
TXN-55acf917,CUST-16061ccd,SUB-2f79edb4,49.0,USD,Success,2026-04-15,Credit Card
TXN-3d59b16c,CUST-04a3a1c8,SUB-7369a02b,499.0,USD,Success,2025-09-14,PayPal
TXN-d6d4793c,CUST-04a3a1c8,SUB-7369a02b,499.0,USD,Success,2025-10-14,Wire Transfer
TXN-ae5a70bf,CUST-04a3a1c8,SUB-7369a02b,499.0,USD,Success,2025-11-14,Credit Card
TXN-6041de8c,CUST-04a3a1c8,SUB-7369a02b,499.0,USD,Success,2025-12-14,Wire Transfer
TXN-ec76dad7,CUST-04a3a1c8,SUB-7369a02b,499.0,USD,Success,2026-01-14,Wire Transfer
TXN-7e0b3ec3,CUST-04a3a1c8,SUB-7369a02b,499.0,USD,Success,2026-02-14,Wire Transfer
TXN-8ba01f2d,CUST-04a3a1c8,SUB-7369a02b,499.0,USD,Success,2026-03-14,PayPal
TXN-6eec115c,CUST-04a3a1c8,SUB-7369a02b,499.0,USD,Failed,2026-04-14,Credit Card
TXN-bbc4e3b4,CUST-53f77ad7,SUB-8f843821,1999.0,USD,Success,2025-06-01,PayPal
TXN-ec352778,CUST-53f77ad7,SUB-8f843821,1999.0,USD,Success,2025-07-01,Credit Card
TXN-5c6f751e,CUST-53f77ad7,SUB-8f843821,1999.0,USD,Success,2025-08-01,Credit Card
TXN-7398274d,CUST-53f77ad7,SUB-8f843821,1999.0,USD,Success,2025-09-01,PayPal
TXN-84ec8829,CUST-53f77ad7,SUB-8f843821,1999.0,USD,Success,2025-10-01,Wire Transfer
TXN-862f5d6a,CUST-53f77ad7,SUB-8f843821,1999.0,USD,Success,2025-11-01,Wire Transfer
TXN-d80a5782,CUST-53f77ad7,SUB-8f843821,1999.0,USD,Success,2025-12-01,Credit Card
TXN-041c21e9,CUST-53f77ad7,SUB-8f843821,1999.0,USD,Success,2026-01-01,PayPal
TXN-1b904b3e,CUST-53f77ad7,SUB-8f843821,1999.0,USD,Success,2026-02-01,Wire Transfer
TXN-998dd376,CUST-53f77ad7,SUB-8f843821,1999.0,USD,Success,2026-03-01,Wire Transfer
TXN-a5e72901,CUST-53f77ad7,SUB-8f843821,1999.0,USD,Success,2026-04-01,Credit Card
TXN-87e8381d,CUST-53f77ad7,SUB-8f843821,1999.0,USD,Success,2026-05-01,Credit Card
TXN-a82851df,CUST-21eb2352,SUB-e8625312,499.0,USD,Success,2025-12-02,PayPal
TXN-a410008c,CUST-21eb2352,SUB-e8625312,499.0,USD,Success,2026-01-02,Credit Card
TXN-581988a5,CUST-21eb2352,SUB-e8625312,499.0,USD,Success,2026-02-02,Wire Transfer
TXN-dce5ede5,CUST-21eb2352,SUB-e8625312,499.0,USD,Success,2026-03-02,Wire Transfer
TXN-600eb683,CUST-21eb2352,SUB-e8625312,499.0,USD,Success,2026-04-02,Wire Transfer
TXN-d809a106,CUST-21eb2352,SUB-e8625312,499.0,USD,Success,2026-05-02,Wire Transfer
TXN-7a11756e,CUST-e73b23fb,SUB-bd7732e7,499.0,USD,Success,2025-06-14,PayPal
TXN-fd24fe8f,CUST-e73b23fb,SUB-bd7732e7,499.0,USD,Failed,2025-07-14,PayPal
TXN-64b984dd,CUST-e73b23fb,SUB-bd7732e7,499.0,USD,Success,2025-08-14,Credit Card
TXN-b3d1025f,CUST-e73b23fb,SUB-bd7732e7,499.0,USD,Success,2025-09-14,Credit Card
TXN-a9a8d5dd,CUST-e73b23fb,SUB-bd7732e7,499.0,USD,Success,2025-10-14,Credit Card
TXN-50782098,CUST-e73b23fb,SUB-bd7732e7,499.0,USD,Success,2025-11-14,PayPal
TXN-78439030,CUST-e73b23fb,SUB-bd7732e7,499.0,USD,Success,2025-12-14,Wire Transfer
TXN-f2e53168,CUST-1838402b,SUB-ca5399cd,1999.0,USD,Success,2025-05-09,Credit Card
TXN-a347ec60,CUST-1838402b,SUB-ca5399cd,1999.0,USD,Success,2025-06-09,Wire Transfer
TXN-c108af2f,CUST-1838402b,SUB-ca5399cd,1999.0,USD,Success,2025-07-09,Credit Card
TXN-40eca688,CUST-1838402b,SUB-ca5399cd,1999.0,USD,Success,2025-08-09,Credit Card
TXN-20cb792b,CUST-1838402b,SUB-ca5399cd,1999.0,USD,Success,2025-09-09,Credit Card
TXN-f9b9ec30,CUST-1838402b,SUB-ca5399cd,1999.0,USD,Success,2025-10-09,Credit Card
TXN-0a1f0150,CUST-1838402b,SUB-ca5399cd,1999.0,USD,Success,2025-11-09,Credit Card
TXN-18cdef97,CUST-1838402b,SUB-ca5399cd,1999.0,USD,Success,2025-12-09,Wire Transfer
TXN-c5f0cd1d,CUST-1838402b,SUB-ca5399cd,1999.0,USD,Success,2026-01-09,Credit Card
TXN-f46f59da,CUST-1838402b,SUB-ca5399cd,1999.0,USD,Success,2026-02-09,Wire Transfer
TXN-73e9af6a,CUST-1838402b,SUB-ca5399cd,1999.0,USD,Success,2026-03-09,PayPal
TXN-539adc4a,CUST-1838402b,SUB-ca5399cd,1999.0,USD,Success,2026-04-09,Credit Card
TXN-819474af,CUST-d41c492f,SUB-f6bab737,199.0,USD,Success,2024-08-29,Wire Transfer
TXN-5923b76a,CUST-d41c492f,SUB-f6bab737,199.0,USD,Success,2024-09-29,PayPal
TXN-f3d28f37,CUST-d41c492f,SUB-f6bab737,199.0,USD,Success,2024-10-29,PayPal
TXN-06cf6509,CUST-d41c492f,SUB-f6bab737,199.0,USD,Success,2024-11-29,PayPal
TXN-20ec9fa0,CUST-d41c492f,SUB-f6bab737,199.0,USD,Success,2024-12-29,Wire Transfer
TXN-7344f097,CUST-d41c492f,SUB-f6bab737,199.0,USD,Success,2025-01-29,Credit Card
TXN-5aed022d,CUST-d41c492f,SUB-f6bab737,199.0,USD,Success,2025-02-28,Credit Card
TXN-ce0a4ddb,CUST-d41c492f,SUB-f6bab737,199.0,USD,Success,2025-03-28,Wire Transfer
TXN-6929bf47,CUST-d41c492f,SUB-f6bab737,199.0,USD,Success,2025-04-28,Credit Card
TXN-68a46bd8,CUST-d41c492f,SUB-f6bab737,199.0,USD,Success,2025-05-28,Wire Transfer
TXN-b79dd24f,CUST-d41c492f,SUB-f6bab737,199.0,USD,Success,2025-06-28,Credit Card
TXN-94309962,CUST-d41c492f,SUB-f6bab737,199.0,USD,Success,2025-07-28,PayPal
TXN-a2028135,CUST-d41c492f,SUB-f6bab737,199.0,USD,Success,2025-08-28,Credit Card
TXN-afc0a9b0,CUST-d41c492f,SUB-f6bab737,199.0,USD,Success,2025-09-28,Wire Transfer
TXN-96cba563,CUST-d41c492f,SUB-f6bab737,199.0,USD,Success,2025-10-28,Wire Transfer
TXN-f9879f07,CUST-d41c492f,SUB-f6bab737,199.0,USD,Success,2025-11-28,PayPal
TXN-2bd91c8a,CUST-d41c492f,SUB-f6bab737,199.0,USD,Failed,2025-12-28,Wire Transfer
TXN-6f641132,CUST-d41c492f,SUB-f6bab737,199.0,USD,Success,2026-01-28,Credit Card
TXN-64dc1e8e,CUST-d41c492f,SUB-f6bab737,199.0,USD,Success,2026-02-28,Credit Card
TXN-83ef570d,CUST-d41c492f,SUB-f6bab737,199.0,USD,Success,2026-03-28,PayPal
TXN-7a3c292a,CUST-d41c492f,SUB-f6bab737,199.0,USD,Success,2026-04-28,Wire Transfer
TXN-34c0294a,CUST-22af1a1b,SUB-26631f0c,49.0,USD,Success,2025-08-04,PayPal
TXN-de83070f,CUST-22af1a1b,SUB-26631f0c,49.0,USD,Success,2025-09-04,Credit Card
TXN-33f2a2ca,CUST-22af1a1b,SUB-26631f0c,49.0,USD,Success,2025-10-04,PayPal
TXN-f9f83641,CUST-22af1a1b,SUB-26631f0c,49.0,USD,Success,2025-11-04,Wire Transfer
TXN-f4e99a54,CUST-22af1a1b,SUB-26631f0c,49.0,USD,Success,2025-12-04,PayPal
TXN-125c4195,CUST-22af1a1b,SUB-26631f0c,49.0,USD,Success,2026-01-04,Wire Transfer
TXN-da59e9d2,CUST-22af1a1b,SUB-26631f0c,49.0,USD,Success,2026-02-04,Wire Transfer
TXN-da8116fa,CUST-22af1a1b,SUB-26631f0c,49.0,USD,Success,2026-03-04,Credit Card
TXN-72684475,CUST-22af1a1b,SUB-26631f0c,49.0,USD,Success,2026-04-04,Credit Card
TXN-c99b85d5,CUST-22af1a1b,SUB-26631f0c,49.0,USD,Success,2026-05-04,Credit Card
TXN-8b273930,CUST-bef81749,SUB-18efaf40,499.0,USD,Success,2025-04-24,Wire Transfer
TXN-9780f792,CUST-bef81749,SUB-18efaf40,499.0,USD,Success,2025-05-24,PayPal
TXN-3af79400,CUST-bef81749,SUB-18efaf40,499.0,USD,Success,2025-06-24,Wire Transfer
TXN-42893532,CUST-bef81749,SUB-18efaf40,499.0,USD,Success,2025-07-24,Credit Card
TXN-f74cbe6a,CUST-bef81749,SUB-18efaf40,499.0,USD,Success,2025-08-24,Credit Card
TXN-c78eb0af,CUST-bef81749,SUB-18efaf40,499.0,USD,Success,2025-09-24,PayPal
TXN-dd0349f6,CUST-bef81749,SUB-18efaf40,499.0,USD,Success,2025-10-24,Credit Card
TXN-97b57e55,CUST-bef81749,SUB-18efaf40,499.0,USD,Success,2025-11-24,Credit Card
TXN-cf1d9b31,CUST-bef81749,SUB-18efaf40,499.0,USD,Success,2025-12-24,Credit Card
TXN-09d9a267,CUST-bef81749,SUB-18efaf40,499.0,USD,Success,2026-01-24,PayPal
TXN-bd97609b,CUST-bef81749,SUB-18efaf40,499.0,USD,Success,2026-02-24,Wire Transfer
TXN-6b67d6ec,CUST-bef81749,SUB-18efaf40,499.0,USD,Success,2026-03-24,Credit Card
TXN-5ddebbbd,CUST-bef81749,SUB-18efaf40,499.0,USD,Failed,2026-04-24,PayPal
TXN-87a6c7c0,CUST-08005913,SUB-c2e6cdd3,199.0,USD,Success,2025-09-20,Credit Card
TXN-99136a21,CUST-08005913,SUB-c2e6cdd3,199.0,USD,Success,2025-10-20,PayPal
TXN-d5dfdad1,CUST-08005913,SUB-c2e6cdd3,199.0,USD,Success,2025-11-20,Credit Card
TXN-72883bdf,CUST-08005913,SUB-c2e6cdd3,199.0,USD,Success,2025-12-20,PayPal
TXN-ed8d1b10,CUST-08005913,SUB-c2e6cdd3,199.0,USD,Success,2026-01-20,Credit Card
TXN-700d2071,CUST-08005913,SUB-c2e6cdd3,199.0,USD,Success,2026-02-20,Wire Transfer
TXN-9be0f696,CUST-08005913,SUB-c2e6cdd3,199.0,USD,Success,2026-03-20,Credit Card
TXN-b69037aa,CUST-08005913,SUB-c2e6cdd3,199.0,USD,Success,2026-04-20,PayPal
TXN-382af046,CUST-c517d236,SUB-745d95d7,199.0,USD,Success,2025-05-12,Credit Card
TXN-02d69493,CUST-c517d236,SUB-745d95d7,199.0,USD,Success,2025-06-12,Wire Transfer
TXN-72f283e8,CUST-c517d236,SUB-745d95d7,199.0,USD,Success,2025-07-12,Credit Card
TXN-c3f73f46,CUST-c517d236,SUB-745d95d7,199.0,USD,Success,2025-08-12,PayPal
TXN-d1022f37,CUST-c517d236,SUB-745d95d7,199.0,USD,Success,2025-09-12,PayPal
TXN-24529c2a,CUST-c517d236,SUB-745d95d7,199.0,USD,Success,2025-10-12,Wire Transfer
TXN-e4733d2c,CUST-c517d236,SUB-745d95d7,199.0,USD,Success,2025-11-12,PayPal
TXN-82d19471,CUST-c517d236,SUB-745d95d7,199.0,USD,Success,2025-12-12,Credit Card
TXN-a7637df9,CUST-c517d236,SUB-745d95d7,199.0,USD,Success,2026-01-12,Credit Card
TXN-dbd33040,CUST-c517d236,SUB-745d95d7,199.0,USD,Success,2026-02-12,Credit Card
TXN-1aca24a5,CUST-c517d236,SUB-745d95d7,199.0,USD,Success,2026-03-12,PayPal
TXN-2c652b2c,CUST-c517d236,SUB-745d95d7,199.0,USD,Success,2026-04-12,Credit Card
TXN-73e99b2e,CUST-332b1269,SUB-115d61bd,49.0,USD,Success,2025-09-16,Credit Card
TXN-2bf109ac,CUST-332b1269,SUB-115d61bd,49.0,USD,Success,2025-10-16,Credit Card
TXN-c8dca1c9,CUST-332b1269,SUB-115d61bd,49.0,USD,Success,2025-11-16,Wire Transfer
TXN-abc935c4,CUST-332b1269,SUB-115d61bd,49.0,USD,Success,2025-12-16,PayPal
TXN-2c514ecd,CUST-332b1269,SUB-115d61bd,49.0,USD,Success,2026-01-16,PayPal
TXN-4436f01a,CUST-332b1269,SUB-115d61bd,49.0,USD,Success,2026-02-16,PayPal
TXN-e99f275a,CUST-332b1269,SUB-115d61bd,49.0,USD,Success,2026-03-16,Wire Transfer
TXN-e5f51271,CUST-332b1269,SUB-115d61bd,49.0,USD,Success,2026-04-16,PayPal
TXN-a7cb4cee,CUST-b49980a9,SUB-c4379992,499.0,USD,Success,2025-08-05,Wire Transfer
TXN-72adb936,CUST-b49980a9,SUB-c4379992,499.0,USD,Success,2025-09-05,Wire Transfer
TXN-509ec466,CUST-bbedff05,SUB-502eeb26,49.0,USD,Success,2024-09-08,PayPal
TXN-ad9e79cb,CUST-bbedff05,SUB-502eeb26,49.0,USD,Success,2024-10-08,Credit Card
TXN-28837458,CUST-bbedff05,SUB-502eeb26,49.0,USD,Success,2024-11-08,Credit Card
TXN-79d69edf,CUST-bbedff05,SUB-502eeb26,49.0,USD,Success,2024-12-08,PayPal
TXN-abace9d0,CUST-bbedff05,SUB-502eeb26,49.0,USD,Success,2025-01-08,PayPal
TXN-c35f38d2,CUST-bbedff05,SUB-502eeb26,49.0,USD,Success,2025-02-08,Wire Transfer
TXN-eea97765,CUST-bbedff05,SUB-502eeb26,49.0,USD,Success,2025-03-08,PayPal
TXN-40e8041d,CUST-bbedff05,SUB-502eeb26,49.0,USD,Success,2025-04-08,Wire Transfer
TXN-28953753,CUST-bbedff05,SUB-502eeb26,49.0,USD,Success,2025-05-08,PayPal
TXN-5d04c03d,CUST-bbedff05,SUB-502eeb26,49.0,USD,Success,2025-06-08,Credit Card
TXN-000c25e4,CUST-bbedff05,SUB-502eeb26,49.0,USD,Success,2025-07-08,Credit Card
TXN-15949380,CUST-bbedff05,SUB-502eeb26,49.0,USD,Success,2025-08-08,PayPal
TXN-53e68f9d,CUST-bbedff05,SUB-502eeb26,49.0,USD,Success,2025-09-08,Wire Transfer
TXN-5322de42,CUST-bbedff05,SUB-502eeb26,49.0,USD,Success,2025-10-08,Credit Card
TXN-fd3c73ce,CUST-bbedff05,SUB-502eeb26,49.0,USD,Success,2025-11-08,Wire Transfer
TXN-62b742c6,CUST-bbedff05,SUB-502eeb26,49.0,USD,Success,2025-12-08,PayPal
TXN-a1f0542d,CUST-bbedff05,SUB-502eeb26,49.0,USD,Success,2026-01-08,PayPal
TXN-e9dfbc5d,CUST-bbedff05,SUB-502eeb26,49.0,USD,Success,2026-02-08,Credit Card
TXN-761771dd,CUST-bbedff05,SUB-502eeb26,49.0,USD,Success,2026-03-08,PayPal
TXN-f84c8a02,CUST-bbedff05,SUB-502eeb26,49.0,USD,Success,2026-04-08,Credit Card
TXN-17467569,CUST-bbedff05,SUB-502eeb26,49.0,USD,Success,2026-05-08,Wire Transfer
TXN-71898198,CUST-8a6b9677,SUB-15593985,1999.0,USD,Success,2025-08-10,Credit Card
TXN-94aaf5d9,CUST-8a6b9677,SUB-15593985,1999.0,USD,Success,2025-09-10,Credit Card
TXN-59a17fbb,CUST-8a6b9677,SUB-15593985,1999.0,USD,Success,2025-10-10,Wire Transfer
TXN-2ba3ee71,CUST-8a6b9677,SUB-15593985,1999.0,USD,Success,2025-11-10,Credit Card
TXN-8dde43dd,CUST-8a6b9677,SUB-15593985,1999.0,USD,Success,2025-12-10,Credit Card
TXN-b93357b5,CUST-8a6b9677,SUB-15593985,1999.0,USD,Success,2026-01-10,PayPal
TXN-4422f41b,CUST-8a6b9677,SUB-15593985,1999.0,USD,Success,2026-02-10,Wire Transfer
TXN-9bdb1549,CUST-8a6b9677,SUB-15593985,1999.0,USD,Success,2026-03-10,Credit Card
TXN-abca952f,CUST-8a6b9677,SUB-15593985,1999.0,USD,Success,2026-04-10,Wire Transfer
TXN-8647cbbf,CUST-a1f3aaa0,SUB-b04c345f,49.0,USD,Success,2026-04-28,Wire Transfer
TXN-a1c58441,CUST-f95aa66e,SUB-8f2fcb05,49.0,USD,Success,2025-10-31,Credit Card
TXN-ab90024c,CUST-f95aa66e,SUB-8f2fcb05,49.0,USD,Success,2025-11-30,PayPal
TXN-9870e486,CUST-f95aa66e,SUB-8f2fcb05,49.0,USD,Success,2025-12-30,Wire Transfer
TXN-800043ff,CUST-f95aa66e,SUB-8f2fcb05,49.0,USD,Failed,2026-01-30,Credit Card
TXN-3623ad98,CUST-f95aa66e,SUB-8f2fcb05,49.0,USD,Success,2026-02-28,Wire Transfer
TXN-27cf2631,CUST-f95aa66e,SUB-8f2fcb05,49.0,USD,Success,2026-03-28,PayPal
TXN-e55f27b4,CUST-f95aa66e,SUB-8f2fcb05,49.0,USD,Success,2026-04-28,PayPal
TXN-aa2af904,CUST-4db83bca,SUB-ae74a220,199.0,USD,Success,2025-01-11,PayPal
TXN-8d3fa182,CUST-4db83bca,SUB-ae74a220,199.0,USD,Success,2025-02-11,Credit Card
TXN-ea4ce80b,CUST-4db83bca,SUB-ae74a220,199.0,USD,Success,2025-03-11,Credit Card
TXN-2c975a3c,CUST-4db83bca,SUB-ae74a220,199.0,USD,Success,2025-04-11,PayPal
TXN-cd745e69,CUST-4db83bca,SUB-ae74a220,199.0,USD,Success,2025-05-11,Credit Card
TXN-f33cc394,CUST-4db83bca,SUB-ae74a220,199.0,USD,Success,2025-06-11,PayPal
TXN-aeb6ea38,CUST-4db83bca,SUB-ae74a220,199.0,USD,Success,2025-07-11,Credit Card
TXN-428487ab,CUST-4db83bca,SUB-ae74a220,199.0,USD,Success,2025-08-11,PayPal
TXN-609ab599,CUST-4db83bca,SUB-ae74a220,199.0,USD,Success,2025-09-11,Wire Transfer
TXN-5642d0fc,CUST-4db83bca,SUB-ae74a220,199.0,USD,Success,2025-10-11,PayPal
TXN-49a3d69e,CUST-4db83bca,SUB-ae74a220,199.0,USD,Success,2025-11-11,PayPal
TXN-a12c5943,CUST-4db83bca,SUB-ae74a220,199.0,USD,Success,2025-12-11,Credit Card
TXN-aa92d1a9,CUST-4db83bca,SUB-ae74a220,199.0,USD,Success,2026-01-11,Credit Card
TXN-fcf4b4fb,CUST-4db83bca,SUB-ae74a220,199.0,USD,Success,2026-02-11,Credit Card
TXN-314dcfee,CUST-4db83bca,SUB-ae74a220,199.0,USD,Success,2026-03-11,Credit Card
TXN-d561f594,CUST-4db83bca,SUB-ae74a220,199.0,USD,Success,2026-04-11,Credit Card
TXN-eca8c6f2,CUST-09e8bfc6,SUB-a369b704,49.0,USD,Success,2025-04-20,Credit Card
TXN-e98a7c34,CUST-09e8bfc6,SUB-a369b704,49.0,USD,Success,2025-05-20,Wire Transfer
TXN-87eb4155,CUST-09e8bfc6,SUB-a369b704,49.0,USD,Success,2025-06-20,PayPal
TXN-26bb52ff,CUST-09e8bfc6,SUB-a369b704,49.0,USD,Success,2025-07-20,PayPal
TXN-06865ff3,CUST-09e8bfc6,SUB-a369b704,49.0,USD,Success,2025-08-20,PayPal
TXN-f3755f39,CUST-09e8bfc6,SUB-a369b704,49.0,USD,Success,2025-09-20,Wire Transfer
TXN-810f1738,CUST-09e8bfc6,SUB-a369b704,49.0,USD,Success,2025-10-20,PayPal
TXN-bb32456a,CUST-09e8bfc6,SUB-a369b704,49.0,USD,Success,2025-11-20,Wire Transfer
TXN-0ae8ec50,CUST-09e8bfc6,SUB-a369b704,49.0,USD,Success,2025-12-20,Wire Transfer
TXN-09a7ea44,CUST-09e8bfc6,SUB-a369b704,49.0,USD,Success,2026-01-20,Wire Transfer
TXN-d0d9f8e3,CUST-09e8bfc6,SUB-a369b704,49.0,USD,Success,2026-02-20,PayPal
TXN-3941c10e,CUST-09e8bfc6,SUB-a369b704,49.0,USD,Success,2026-03-20,Wire Transfer
TXN-722072ae,CUST-09e8bfc6,SUB-a369b704,49.0,USD,Success,2026-04-20,PayPal
TXN-c7e4c7aa,CUST-56e47992,SUB-b69045c3,199.0,USD,Success,2026-04-05,PayPal
TXN-ea120846,CUST-56e47992,SUB-b69045c3,199.0,USD,Success,2026-05-05,Credit Card
TXN-422f0991,CUST-52e0831d,SUB-fd0888ca,1999.0,USD,Failed,2024-10-01,Credit Card
TXN-27bd0492,CUST-52e0831d,SUB-fd0888ca,1999.0,USD,Success,2024-11-01,Wire Transfer
TXN-efe855d6,CUST-52e0831d,SUB-fd0888ca,1999.0,USD,Success,2024-12-01,Wire Transfer
TXN-774d0cfa,CUST-52e0831d,SUB-fd0888ca,1999.0,USD,Success,2025-01-01,PayPal
TXN-e554835e,CUST-a968ca21,SUB-25d021ef,499.0,USD,Success,2026-01-18,Wire Transfer
TXN-55886bc8,CUST-a968ca21,SUB-25d021ef,499.0,USD,Success,2026-02-18,Wire Transfer
TXN-dab6cdbc,CUST-a968ca21,SUB-25d021ef,499.0,USD,Success,2026-03-18,PayPal
TXN-d1c9495f,CUST-a968ca21,SUB-25d021ef,499.0,USD,Success,2026-04-18,Wire Transfer
TXN-0168b412,CUST-1d7eacbf,SUB-7d8859db,49.0,USD,Success,2024-11-19,Wire Transfer
TXN-ca762a4e,CUST-1d7eacbf,SUB-7d8859db,49.0,USD,Success,2024-12-19,PayPal
TXN-fe228972,CUST-1d7eacbf,SUB-7d8859db,49.0,USD,Success,2025-01-19,PayPal
TXN-7a3d5a81,CUST-1d7eacbf,SUB-7d8859db,49.0,USD,Success,2025-02-19,Credit Card
TXN-eeebe684,CUST-1d7eacbf,SUB-7d8859db,49.0,USD,Success,2025-03-19,PayPal
TXN-7a62a552,CUST-fb25c84f,SUB-6b295f97,49.0,USD,Success,2025-07-29,Credit Card
TXN-b832635e,CUST-fb25c84f,SUB-6b295f97,49.0,USD,Success,2025-08-29,Wire Transfer
TXN-55c90be5,CUST-fb25c84f,SUB-6b295f97,49.0,USD,Failed,2025-09-29,PayPal
TXN-c90de045,CUST-fb25c84f,SUB-6b295f97,49.0,USD,Success,2025-10-29,PayPal
TXN-1a5a84a8,CUST-fb25c84f,SUB-6b295f97,49.0,USD,Success,2025-11-29,PayPal
TXN-2e6cc22b,CUST-fb25c84f,SUB-6b295f97,49.0,USD,Success,2025-12-29,Wire Transfer
TXN-2acd5c2c,CUST-fb25c84f,SUB-6b295f97,49.0,USD,Success,2026-01-29,Credit Card
TXN-9bf499ed,CUST-fb25c84f,SUB-6b295f97,49.0,USD,Success,2026-02-28,Wire Transfer
TXN-d66b1e92,CUST-fb25c84f,SUB-6b295f97,49.0,USD,Success,2026-03-28,Wire Transfer
TXN-c1ca69d1,CUST-fb25c84f,SUB-6b295f97,49.0,USD,Success,2026-04-28,PayPal
TXN-1034edfa,CUST-aa5ddd30,SUB-622da09c,499.0,USD,Success,2026-01-03,Credit Card
TXN-7ea63e05,CUST-aa5ddd30,SUB-622da09c,499.0,USD,Success,2026-02-03,Wire Transfer
TXN-fe34b253,CUST-aa5ddd30,SUB-622da09c,499.0,USD,Success,2026-03-03,PayPal
TXN-06f0b85c,CUST-aa5ddd30,SUB-622da09c,499.0,USD,Success,2026-04-03,Wire Transfer
TXN-ee16d221,CUST-aa5ddd30,SUB-622da09c,499.0,USD,Success,2026-05-03,Wire Transfer
TXN-35ab4f86,CUST-41f9698a,SUB-b32924af,1999.0,USD,Success,2025-05-13,PayPal
TXN-525d68ac,CUST-41f9698a,SUB-b32924af,1999.0,USD,Success,2025-06-13,PayPal
TXN-dc32459c,CUST-41f9698a,SUB-b32924af,1999.0,USD,Success,2025-07-13,Credit Card
TXN-17e64355,CUST-41f9698a,SUB-b32924af,1999.0,USD,Success,2025-08-13,Wire Transfer
TXN-a36b2b2c,CUST-41f9698a,SUB-b32924af,1999.0,USD,Success,2025-09-13,PayPal
TXN-5d487fbf,CUST-2eb62713,SUB-a040155c,199.0,USD,Success,2026-04-15,PayPal
TXN-faccbb17,CUST-1e48a6d1,SUB-499ae2aa,199.0,USD,Refunded,2026-04-27,Credit Card
TXN-d724a8b1,CUST-1e48a6d1,SUB-499ae2aa,199.0,USD,Success,2026-05-27,Credit Card
TXN-3f707c07,CUST-8eb51195,SUB-609f6895,49.0,USD,Success,2026-04-18,PayPal
TXN-a3206435,CUST-8eb51195,SUB-609f6895,49.0,USD,Success,2026-05-18,Credit Card
TXN-c05df76f,CUST-587af6dc,SUB-30e5773f,499.0,USD,Success,2026-03-16,PayPal
TXN-5e72a7c2,CUST-587af6dc,SUB-30e5773f,499.0,USD,Success,2026-04-16,Wire Transfer
TXN-602b0bd7,CUST-5b25be04,SUB-272e3d3a,199.0,USD,Success,2024-06-05,Credit Card
TXN-effbbcc4,CUST-5b25be04,SUB-272e3d3a,199.0,USD,Success,2024-07-05,Wire Transfer
TXN-8be7cbe1,CUST-5b25be04,SUB-272e3d3a,199.0,USD,Success,2024-08-05,Wire Transfer
TXN-ef23fff6,CUST-5b25be04,SUB-272e3d3a,199.0,USD,Success,2024-09-05,Wire Transfer
TXN-865ba2f3,CUST-5b25be04,SUB-272e3d3a,199.0,USD,Success,2024-10-05,PayPal
TXN-d4a6c8c3,CUST-5b25be04,SUB-272e3d3a,199.0,USD,Success,2024-11-05,Wire Transfer
TXN-f03713b0,CUST-5b25be04,SUB-272e3d3a,199.0,USD,Success,2024-12-05,Wire Transfer
TXN-322c13c7,CUST-5b25be04,SUB-272e3d3a,199.0,USD,Success,2025-01-05,Wire Transfer
TXN-d8923170,CUST-5b25be04,SUB-272e3d3a,199.0,USD,Success,2025-02-05,PayPal
TXN-f05a52e0,CUST-5b25be04,SUB-272e3d3a,199.0,USD,Success,2025-03-05,Wire Transfer
TXN-27bd12b6,CUST-5b25be04,SUB-272e3d3a,199.0,USD,Success,2025-04-05,Wire Transfer
TXN-92d50085,CUST-5b25be04,SUB-272e3d3a,199.0,USD,Success,2025-05-05,Credit Card
TXN-39259f63,CUST-5b25be04,SUB-272e3d3a,199.0,USD,Success,2025-06-05,PayPal
TXN-63f8f634,CUST-5b25be04,SUB-272e3d3a,199.0,USD,Success,2025-07-05,Wire Transfer
TXN-6cb02656,CUST-5b25be04,SUB-272e3d3a,199.0,USD,Success,2025-08-05,Credit Card
TXN-f9bc1173,CUST-5b25be04,SUB-272e3d3a,199.0,USD,Success,2025-09-05,PayPal
TXN-af8aff49,CUST-5b25be04,SUB-272e3d3a,199.0,USD,Success,2025-10-05,PayPal
TXN-dc0ee689,CUST-5b25be04,SUB-272e3d3a,199.0,USD,Success,2025-11-05,PayPal
TXN-17efaf4f,CUST-5b25be04,SUB-272e3d3a,199.0,USD,Success,2025-12-05,PayPal
TXN-6f550aca,CUST-5b25be04,SUB-272e3d3a,199.0,USD,Success,2026-01-05,PayPal
TXN-c1ed906f,CUST-5b25be04,SUB-272e3d3a,199.0,USD,Success,2026-02-05,PayPal
TXN-79171a86,CUST-5b25be04,SUB-272e3d3a,199.0,USD,Success,2026-03-05,Wire Transfer
TXN-e744837d,CUST-5b25be04,SUB-272e3d3a,199.0,USD,Success,2026-04-05,Wire Transfer
TXN-2ab8e04a,CUST-5b25be04,SUB-272e3d3a,199.0,USD,Success,2026-05-05,Wire Transfer
TXN-ac18ce40,CUST-2cca5ab8,SUB-30bf6c04,49.0,USD,Success,2026-03-24,Wire Transfer
TXN-f2e9ef14,CUST-2cca5ab8,SUB-30bf6c04,49.0,USD,Success,2026-04-24,Credit Card
TXN-5e7b5cf7,CUST-d2f532c2,SUB-855dc170,49.0,USD,Success,2025-07-01,Wire Transfer
TXN-c741f11a,CUST-d2f532c2,SUB-855dc170,49.0,USD,Failed,2025-08-01,PayPal
TXN-89ea2003,CUST-d2f532c2,SUB-855dc170,49.0,USD,Success,2025-09-01,Wire Transfer
TXN-2a971700,CUST-d2f532c2,SUB-855dc170,49.0,USD,Success,2025-10-01,Wire Transfer
TXN-52d3e21e,CUST-d2f532c2,SUB-855dc170,49.0,USD,Success,2025-11-01,PayPal
TXN-89ed15de,CUST-d2f532c2,SUB-855dc170,49.0,USD,Success,2025-12-01,Wire Transfer
TXN-77c1335e,CUST-d2f532c2,SUB-855dc170,49.0,USD,Success,2026-01-01,Wire Transfer
TXN-fda970ad,CUST-d2f532c2,SUB-855dc170,49.0,USD,Success,2026-02-01,Wire Transfer
TXN-3a10b6ea,CUST-d2f532c2,SUB-855dc170,49.0,USD,Success,2026-03-01,Credit Card
TXN-8fe22f2e,CUST-d2f532c2,SUB-855dc170,49.0,USD,Success,2026-04-01,Wire Transfer
TXN-4a4749fc,CUST-d2f532c2,SUB-855dc170,49.0,USD,Success,2026-05-01,PayPal
TXN-5bdfe180,CUST-4d3f498b,SUB-ef34ba00,499.0,USD,Success,2026-04-17,PayPal
TXN-2e6d2b03,CUST-4d3f498b,SUB-ef34ba00,499.0,USD,Refunded,2026-05-17,Wire Transfer
TXN-e71166c0,CUST-7ad08069,SUB-c46fba5b,49.0,USD,Failed,2026-02-13,Wire Transfer
TXN-27dc004f,CUST-7ad08069,SUB-c46fba5b,49.0,USD,Success,2026-03-13,Wire Transfer
TXN-d0e146ca,CUST-7ad08069,SUB-c46fba5b,49.0,USD,Success,2026-04-13,PayPal
TXN-d274b318,CUST-3e3d177c,SUB-a3e28f2d,49.0,USD,Success,2024-09-11,PayPal
TXN-a654c04a,CUST-3e3d177c,SUB-a3e28f2d,49.0,USD,Success,2024-10-11,Credit Card
TXN-389a7a87,CUST-3e3d177c,SUB-a3e28f2d,49.0,USD,Success,2024-11-11,Credit Card
TXN-ef9ae8d8,CUST-3e3d177c,SUB-a3e28f2d,49.0,USD,Success,2024-12-11,Credit Card
TXN-d5ffc989,CUST-3e3d177c,SUB-a3e28f2d,49.0,USD,Success,2025-01-11,PayPal
TXN-9f0c5d3f,CUST-3e3d177c,SUB-a3e28f2d,49.0,USD,Refunded,2025-02-11,Credit Card
TXN-90032b73,CUST-3e3d177c,SUB-a3e28f2d,49.0,USD,Success,2025-03-11,Wire Transfer
TXN-07ab4cb2,CUST-3e3d177c,SUB-a3e28f2d,49.0,USD,Failed,2025-04-11,Wire Transfer
TXN-40bb22c5,CUST-3e3d177c,SUB-a3e28f2d,49.0,USD,Success,2025-05-11,PayPal
TXN-a8a3cc94,CUST-3e3d177c,SUB-a3e28f2d,49.0,USD,Failed,2025-06-11,Credit Card
TXN-971a5ae7,CUST-188c561e,SUB-e39b475a,199.0,USD,Success,2026-02-26,Wire Transfer
TXN-a12f58ce,CUST-188c561e,SUB-e39b475a,199.0,USD,Success,2026-03-26,PayPal
TXN-2ad73a40,CUST-188c561e,SUB-e39b475a,199.0,USD,Success,2026-04-26,Credit Card
TXN-9b6f8db5,CUST-363d70a7,SUB-a5d2aa16,49.0,USD,Success,2025-11-24,Wire Transfer
TXN-0f9c36ee,CUST-363d70a7,SUB-a5d2aa16,49.0,USD,Success,2025-12-24,Credit Card
TXN-fb91319a,CUST-363d70a7,SUB-a5d2aa16,49.0,USD,Success,2026-01-24,PayPal
TXN-96130b60,CUST-363d70a7,SUB-a5d2aa16,49.0,USD,Success,2026-02-24,Credit Card
TXN-73dfe363,CUST-363d70a7,SUB-a5d2aa16,49.0,USD,Success,2026-03-24,PayPal
TXN-496a3727,CUST-363d70a7,SUB-a5d2aa16,49.0,USD,Success,2026-04-24,Credit Card
TXN-fe6a756d,CUST-7c5ce154,SUB-1c71db10,49.0,USD,Success,2024-12-27,Wire Transfer
TXN-228b20ee,CUST-7c5ce154,SUB-1c71db10,49.0,USD,Success,2025-01-27,PayPal
TXN-8999b9ea,CUST-7c5ce154,SUB-1c71db10,49.0,USD,Success,2025-02-27,PayPal
TXN-4f4ba9a4,CUST-7c5ce154,SUB-1c71db10,49.0,USD,Success,2025-03-27,PayPal
TXN-17fcd7c0,CUST-7c5ce154,SUB-1c71db10,49.0,USD,Success,2025-04-27,Credit Card
TXN-bbfd3966,CUST-7c5ce154,SUB-1c71db10,49.0,USD,Success,2025-05-27,Credit Card
TXN-387c03a0,CUST-7c5ce154,SUB-1c71db10,49.0,USD,Success,2025-06-27,Wire Transfer
TXN-550d3c52,CUST-7c5ce154,SUB-1c71db10,49.0,USD,Success,2025-07-27,PayPal
TXN-a5b2cb3a,CUST-7c5ce154,SUB-1c71db10,49.0,USD,Success,2025-08-27,PayPal
TXN-fb393912,CUST-7c5ce154,SUB-1c71db10,49.0,USD,Success,2025-09-27,Credit Card
TXN-7b52cd07,CUST-7c5ce154,SUB-1c71db10,49.0,USD,Success,2025-10-27,Credit Card
TXN-695ae7f7,CUST-7c5ce154,SUB-1c71db10,49.0,USD,Success,2025-11-27,Wire Transfer
TXN-7b69e06e,CUST-7c5ce154,SUB-1c71db10,49.0,USD,Success,2025-12-27,Wire Transfer
TXN-c78dc392,CUST-7c5ce154,SUB-1c71db10,49.0,USD,Success,2026-01-27,Credit Card
TXN-02d2558c,CUST-7c5ce154,SUB-1c71db10,49.0,USD,Success,2026-02-27,PayPal
TXN-c5e895f0,CUST-7c5ce154,SUB-1c71db10,49.0,USD,Success,2026-03-27,Wire Transfer
TXN-1bf66c44,CUST-7c5ce154,SUB-1c71db10,49.0,USD,Success,2026-04-27,Credit Card
TXN-f6941161,CUST-bc8d6c44,SUB-7f786937,499.0,USD,Success,2026-01-19,Credit Card
TXN-56b50383,CUST-bc8d6c44,SUB-7f786937,499.0,USD,Success,2026-02-19,PayPal
TXN-b180787d,CUST-f1b3736a,SUB-42801ca6,499.0,USD,Success,2024-06-16,Credit Card
TXN-60aff572,CUST-f1b3736a,SUB-42801ca6,499.0,USD,Success,2024-07-16,Credit Card
TXN-5c61df2f,CUST-f1b3736a,SUB-42801ca6,499.0,USD,Success,2024-08-16,Wire Transfer
TXN-3b97808a,CUST-f1b3736a,SUB-42801ca6,499.0,USD,Success,2024-09-16,Credit Card
TXN-3d0b94eb,CUST-f1b3736a,SUB-42801ca6,499.0,USD,Refunded,2024-10-16,Credit Card
TXN-e922bb8f,CUST-f1b3736a,SUB-42801ca6,499.0,USD,Success,2024-11-16,Wire Transfer
TXN-b509146d,CUST-f1b3736a,SUB-42801ca6,499.0,USD,Success,2024-12-16,PayPal
TXN-0fdf48d6,CUST-f1b3736a,SUB-42801ca6,499.0,USD,Success,2025-01-16,PayPal
TXN-53872f71,CUST-f1b3736a,SUB-42801ca6,499.0,USD,Success,2025-02-16,Wire Transfer
TXN-a1a61beb,CUST-f1b3736a,SUB-42801ca6,499.0,USD,Success,2025-03-16,Wire Transfer
TXN-05629c31,CUST-f1b3736a,SUB-42801ca6,499.0,USD,Success,2025-04-16,PayPal
TXN-76a528ad,CUST-f1b3736a,SUB-42801ca6,499.0,USD,Success,2025-05-16,PayPal
TXN-e691a71d,CUST-f1b3736a,SUB-42801ca6,499.0,USD,Success,2025-06-16,PayPal
TXN-8af7d595,CUST-f1b3736a,SUB-42801ca6,499.0,USD,Success,2025-07-16,PayPal
TXN-80815620,CUST-f1b3736a,SUB-42801ca6,499.0,USD,Success,2025-08-16,PayPal
TXN-ad8908e7,CUST-f1b3736a,SUB-42801ca6,499.0,USD,Success,2025-09-16,Wire Transfer
TXN-cf01fb64,CUST-f1b3736a,SUB-42801ca6,499.0,USD,Success,2025-10-16,Credit Card
TXN-f8935281,CUST-f1b3736a,SUB-42801ca6,499.0,USD,Success,2025-11-16,PayPal
TXN-47c063f2,CUST-f1b3736a,SUB-42801ca6,499.0,USD,Success,2025-12-16,PayPal
TXN-d562134a,CUST-f1b3736a,SUB-42801ca6,499.0,USD,Success,2026-01-16,Credit Card
TXN-39694953,CUST-f1b3736a,SUB-42801ca6,499.0,USD,Success,2026-02-16,Credit Card
TXN-c095d9b0,CUST-f1b3736a,SUB-42801ca6,499.0,USD,Success,2026-03-16,Credit Card
TXN-98cc8c70,CUST-f1b3736a,SUB-42801ca6,499.0,USD,Success,2026-04-16,Credit Card
TXN-b73aa430,CUST-e9c98351,SUB-08dd2415,499.0,USD,Success,2025-12-01,Credit Card
TXN-4a2dc62a,CUST-e9c98351,SUB-08dd2415,499.0,USD,Success,2026-01-01,Credit Card
TXN-a0905476,CUST-e9c98351,SUB-08dd2415,499.0,USD,Success,2026-02-01,Wire Transfer
TXN-076348b4,CUST-e9c98351,SUB-08dd2415,499.0,USD,Success,2026-03-01,Credit Card
TXN-2b8f8c87,CUST-e9c98351,SUB-08dd2415,499.0,USD,Success,2026-04-01,Credit Card
TXN-40e8736a,CUST-e9c98351,SUB-08dd2415,499.0,USD,Success,2026-05-01,Wire Transfer
TXN-c5b79baa,CUST-3081fade,SUB-b2f78eaa,499.0,USD,Success,2025-10-07,Credit Card
TXN-3226fbf5,CUST-3081fade,SUB-b2f78eaa,499.0,USD,Success,2025-11-07,PayPal
TXN-7434d357,CUST-3081fade,SUB-b2f78eaa,499.0,USD,Failed,2025-12-07,PayPal
TXN-3a5e2cfe,CUST-3081fade,SUB-b2f78eaa,499.0,USD,Success,2026-01-07,Credit Card
TXN-127f8fc7,CUST-3081fade,SUB-b2f78eaa,499.0,USD,Success,2026-02-07,Wire Transfer
TXN-d90c1213,CUST-2b2462f8,SUB-81935544,199.0,USD,Success,2025-05-27,PayPal
TXN-a14d8cc0,CUST-2b2462f8,SUB-81935544,199.0,USD,Success,2025-06-27,Wire Transfer
TXN-70cd0b26,CUST-2b2462f8,SUB-81935544,199.0,USD,Failed,2025-07-27,PayPal
TXN-d7645f01,CUST-2b2462f8,SUB-81935544,199.0,USD,Success,2025-08-27,Credit Card
TXN-9da5ff9e,CUST-2b2462f8,SUB-81935544,199.0,USD,Success,2025-09-27,Wire Transfer
TXN-675f83b0,CUST-2b2462f8,SUB-81935544,199.0,USD,Success,2025-10-27,Wire Transfer
TXN-67dcf3c6,CUST-2b2462f8,SUB-81935544,199.0,USD,Refunded,2025-11-27,Wire Transfer
TXN-64d4d199,CUST-2b2462f8,SUB-81935544,199.0,USD,Refunded,2025-12-27,PayPal
TXN-faec3690,CUST-2b2462f8,SUB-81935544,199.0,USD,Success,2026-01-27,PayPal
TXN-d0536612,CUST-2b2462f8,SUB-81935544,199.0,USD,Refunded,2026-02-27,PayPal
TXN-fec9fe80,CUST-2b2462f8,SUB-81935544,199.0,USD,Success,2026-03-27,Credit Card
TXN-bed02b4f,CUST-2b2462f8,SUB-81935544,199.0,USD,Success,2026-04-27,PayPal
TXN-82831f0c,CUST-3dabf8c6,SUB-292aeb3b,499.0,USD,Success,2024-05-24,Credit Card
TXN-0230e953,CUST-3dabf8c6,SUB-292aeb3b,499.0,USD,Success,2024-06-24,Wire Transfer
TXN-e51365f9,CUST-3dabf8c6,SUB-292aeb3b,499.0,USD,Success,2024-07-24,Wire Transfer
TXN-af6596ee,CUST-3dabf8c6,SUB-292aeb3b,499.0,USD,Success,2024-08-24,Credit Card
TXN-c162a68e,CUST-3dabf8c6,SUB-292aeb3b,499.0,USD,Success,2024-09-24,PayPal
TXN-0c2cfe2f,CUST-3dabf8c6,SUB-292aeb3b,499.0,USD,Success,2024-10-24,Credit Card
TXN-caecb5ea,CUST-3dabf8c6,SUB-292aeb3b,499.0,USD,Success,2024-11-24,Wire Transfer
TXN-034db745,CUST-3dabf8c6,SUB-292aeb3b,499.0,USD,Success,2024-12-24,Wire Transfer
TXN-e54e6579,CUST-3dabf8c6,SUB-292aeb3b,499.0,USD,Success,2025-01-24,Credit Card
TXN-797bf2e1,CUST-3dabf8c6,SUB-292aeb3b,499.0,USD,Success,2025-02-24,PayPal
TXN-e248f925,CUST-3dabf8c6,SUB-292aeb3b,499.0,USD,Success,2025-03-24,PayPal
TXN-85aed97e,CUST-3dabf8c6,SUB-292aeb3b,499.0,USD,Failed,2025-04-24,Credit Card
TXN-cc2539ff,CUST-3dabf8c6,SUB-292aeb3b,499.0,USD,Success,2025-05-24,Credit Card
TXN-f4789e7a,CUST-3dabf8c6,SUB-292aeb3b,499.0,USD,Success,2025-06-24,PayPal
TXN-ba55c966,CUST-3dabf8c6,SUB-292aeb3b,499.0,USD,Success,2025-07-24,Wire Transfer
TXN-50db5a7e,CUST-3dabf8c6,SUB-292aeb3b,499.0,USD,Success,2025-08-24,Credit Card
TXN-af891880,CUST-3dabf8c6,SUB-292aeb3b,499.0,USD,Failed,2025-09-24,PayPal
TXN-e1287c71,CUST-3dabf8c6,SUB-292aeb3b,499.0,USD,Success,2025-10-24,PayPal
TXN-67867d3d,CUST-3dabf8c6,SUB-292aeb3b,499.0,USD,Success,2025-11-24,Wire Transfer
TXN-d5841423,CUST-3dabf8c6,SUB-292aeb3b,499.0,USD,Failed,2025-12-24,Wire Transfer
TXN-c1204a51,CUST-3dabf8c6,SUB-292aeb3b,499.0,USD,Success,2026-01-24,Wire Transfer
TXN-4d424fa5,CUST-3dabf8c6,SUB-292aeb3b,499.0,USD,Success,2026-02-24,Wire Transfer
TXN-c39a0a54,CUST-3dabf8c6,SUB-292aeb3b,499.0,USD,Failed,2026-03-24,Wire Transfer
TXN-8b04a250,CUST-3dabf8c6,SUB-292aeb3b,499.0,USD,Success,2026-04-24,Credit Card
TXN-0ebde18b,CUST-10940ab7,SUB-d9ad4a62,49.0,USD,Success,2024-11-18,PayPal
TXN-2abe6c86,CUST-10940ab7,SUB-d9ad4a62,49.0,USD,Success,2024-12-18,Credit Card
TXN-cd4f33b5,CUST-10940ab7,SUB-d9ad4a62,49.0,USD,Success,2025-01-18,Credit Card
TXN-a057ac44,CUST-10940ab7,SUB-d9ad4a62,49.0,USD,Success,2025-02-18,Credit Card
TXN-d935f59a,CUST-10940ab7,SUB-d9ad4a62,49.0,USD,Success,2025-03-18,Credit Card
TXN-d2403018,CUST-10940ab7,SUB-d9ad4a62,49.0,USD,Success,2025-04-18,Credit Card
TXN-673737d7,CUST-10940ab7,SUB-d9ad4a62,49.0,USD,Success,2025-05-18,Wire Transfer
TXN-424e273d,CUST-10940ab7,SUB-d9ad4a62,49.0,USD,Success,2025-06-18,Wire Transfer
TXN-81382468,CUST-10940ab7,SUB-d9ad4a62,49.0,USD,Success,2025-07-18,PayPal
TXN-a537229e,CUST-10940ab7,SUB-d9ad4a62,49.0,USD,Success,2025-08-18,Credit Card
TXN-20b36525,CUST-10940ab7,SUB-d9ad4a62,49.0,USD,Success,2025-09-18,PayPal
TXN-8f05ccfd,CUST-10940ab7,SUB-d9ad4a62,49.0,USD,Success,2025-10-18,Wire Transfer
TXN-6f1db7f1,CUST-10940ab7,SUB-d9ad4a62,49.0,USD,Success,2025-11-18,Wire Transfer
TXN-53a83af4,CUST-10940ab7,SUB-d9ad4a62,49.0,USD,Failed,2025-12-18,Wire Transfer
TXN-60f8ed1f,CUST-10940ab7,SUB-d9ad4a62,49.0,USD,Success,2026-01-18,Credit Card
TXN-6dbce215,CUST-10940ab7,SUB-d9ad4a62,49.0,USD,Success,2026-02-18,Credit Card
TXN-bb7267e5,CUST-10940ab7,SUB-d9ad4a62,49.0,USD,Success,2026-03-18,Wire Transfer
TXN-484f485d,CUST-10940ab7,SUB-d9ad4a62,49.0,USD,Success,2026-04-18,PayPal
TXN-ca9225b6,CUST-44e98c42,SUB-422cfb4e,199.0,USD,Success,2026-01-01,PayPal
TXN-2835930d,CUST-44e98c42,SUB-422cfb4e,199.0,USD,Success,2026-02-01,Wire Transfer
TXN-f142d256,CUST-44e98c42,SUB-422cfb4e,199.0,USD,Success,2026-03-01,PayPal
TXN-63765a75,CUST-44e98c42,SUB-422cfb4e,199.0,USD,Success,2026-04-01,Wire Transfer
TXN-f9896f6d,CUST-44e98c42,SUB-422cfb4e,199.0,USD,Success,2026-05-01,PayPal
TXN-4839dc27,CUST-8e11e531,SUB-bcd0ec35,1999.0,USD,Refunded,2026-01-12,Wire Transfer
TXN-8951158b,CUST-8e11e531,SUB-bcd0ec35,1999.0,USD,Success,2026-02-12,PayPal
TXN-0fcb7cb6,CUST-8e11e531,SUB-bcd0ec35,1999.0,USD,Success,2026-03-12,Credit Card
TXN-4993b36d,CUST-8e11e531,SUB-bcd0ec35,1999.0,USD,Success,2026-04-12,Wire Transfer
TXN-9e04bdb9,CUST-e8155b1d,SUB-aeed1c10,49.0,USD,Success,2025-04-03,Wire Transfer
TXN-c89bc4f3,CUST-e8155b1d,SUB-aeed1c10,49.0,USD,Failed,2025-05-03,PayPal
TXN-ef13267d,CUST-e8155b1d,SUB-aeed1c10,49.0,USD,Success,2025-06-03,Wire Transfer
TXN-27fb468b,CUST-e8155b1d,SUB-aeed1c10,49.0,USD,Success,2025-07-03,Wire Transfer
TXN-b0ae5e39,CUST-e8155b1d,SUB-aeed1c10,49.0,USD,Success,2025-08-03,Wire Transfer
TXN-792932a5,CUST-e8155b1d,SUB-aeed1c10,49.0,USD,Success,2025-09-03,Credit Card
TXN-b05ada4c,CUST-e8155b1d,SUB-aeed1c10,49.0,USD,Success,2025-10-03,Credit Card
TXN-7ec3695f,CUST-e8155b1d,SUB-aeed1c10,49.0,USD,Success,2025-11-03,PayPal
TXN-e9c50be7,CUST-e8155b1d,SUB-aeed1c10,49.0,USD,Success,2025-12-03,Credit Card
TXN-29a75d3c,CUST-e8155b1d,SUB-aeed1c10,49.0,USD,Success,2026-01-03,PayPal
TXN-76473d45,CUST-e8155b1d,SUB-aeed1c10,49.0,USD,Success,2026-02-03,Credit Card
TXN-ce1634cb,CUST-e8155b1d,SUB-aeed1c10,49.0,USD,Success,2026-03-03,PayPal
TXN-e831e282,CUST-e8155b1d,SUB-aeed1c10,49.0,USD,Success,2026-04-03,Credit Card
TXN-88a92cbc,CUST-e8155b1d,SUB-aeed1c10,49.0,USD,Success,2026-05-03,Credit Card
TXN-7052bae1,CUST-cd57ea0e,SUB-780274cd,49.0,USD,Success,2024-09-16,PayPal
TXN-fb8d2943,CUST-cd57ea0e,SUB-780274cd,49.0,USD,Success,2024-10-16,Wire Transfer
TXN-31f5afb8,CUST-cd57ea0e,SUB-780274cd,49.0,USD,Success,2024-11-16,Wire Transfer
TXN-88f936ba,CUST-cd57ea0e,SUB-780274cd,49.0,USD,Success,2024-12-16,Credit Card
TXN-9440479c,CUST-cd57ea0e,SUB-780274cd,49.0,USD,Success,2025-01-16,PayPal
TXN-4af4a8e6,CUST-cd57ea0e,SUB-780274cd,49.0,USD,Success,2025-02-16,Wire Transfer
TXN-5c596a49,CUST-cd57ea0e,SUB-780274cd,49.0,USD,Success,2025-03-16,PayPal
TXN-4842bcc0,CUST-cd57ea0e,SUB-780274cd,49.0,USD,Success,2025-04-16,Wire Transfer
TXN-b5a454ff,CUST-cd57ea0e,SUB-780274cd,49.0,USD,Success,2025-05-16,PayPal
TXN-277248af,CUST-cd57ea0e,SUB-780274cd,49.0,USD,Success,2025-06-16,Credit Card
TXN-cc8a11f6,CUST-cd57ea0e,SUB-780274cd,49.0,USD,Success,2025-07-16,PayPal
TXN-98a11e1b,CUST-cd57ea0e,SUB-780274cd,49.0,USD,Success,2025-08-16,Wire Transfer
TXN-48a0a322,CUST-cd57ea0e,SUB-780274cd,49.0,USD,Success,2025-09-16,Credit Card
TXN-1bdd3d04,CUST-cd57ea0e,SUB-780274cd,49.0,USD,Success,2025-10-16,PayPal
TXN-b9d24311,CUST-cd57ea0e,SUB-780274cd,49.0,USD,Success,2025-11-16,Wire Transfer
TXN-e732494f,CUST-cd57ea0e,SUB-780274cd,49.0,USD,Success,2025-12-16,Credit Card
TXN-79f14920,CUST-cd57ea0e,SUB-780274cd,49.0,USD,Success,2026-01-16,PayPal
TXN-3ad58010,CUST-cd57ea0e,SUB-780274cd,49.0,USD,Success,2026-02-16,Wire Transfer
TXN-dd1f167c,CUST-cd57ea0e,SUB-780274cd,49.0,USD,Success,2026-03-16,PayPal
TXN-03b587c2,CUST-cd57ea0e,SUB-780274cd,49.0,USD,Success,2026-04-16,PayPal
TXN-959c7886,CUST-500ced00,SUB-cb5e9dd7,199.0,USD,Success,2025-11-25,Credit Card
TXN-5cb4e2e1,CUST-500ced00,SUB-cb5e9dd7,199.0,USD,Success,2025-12-25,Credit Card
TXN-3f71e85f,CUST-500ced00,SUB-cb5e9dd7,199.0,USD,Success,2026-01-25,Wire Transfer
TXN-aa274874,CUST-500ced00,SUB-cb5e9dd7,199.0,USD,Success,2026-02-25,Credit Card
TXN-de18c92c,CUST-500ced00,SUB-cb5e9dd7,199.0,USD,Success,2026-03-25,Wire Transfer
TXN-df113096,CUST-500ced00,SUB-cb5e9dd7,199.0,USD,Success,2026-04-25,PayPal
TXN-3b5a0ba3,CUST-5711b2b7,SUB-d65e7e59,49.0,USD,Success,2026-01-27,PayPal
TXN-e57ea86b,CUST-5711b2b7,SUB-d65e7e59,49.0,USD,Success,2026-02-27,Wire Transfer
TXN-c10c39c3,CUST-6eeb27f7,SUB-21382186,49.0,USD,Success,2024-06-07,PayPal
TXN-b710066e,CUST-6eeb27f7,SUB-21382186,49.0,USD,Success,2024-07-07,Credit Card
TXN-0d63ba28,CUST-6eeb27f7,SUB-21382186,49.0,USD,Success,2024-08-07,PayPal
TXN-2417492b,CUST-6eeb27f7,SUB-21382186,49.0,USD,Success,2024-09-07,Credit Card
TXN-6e128c68,CUST-6eeb27f7,SUB-21382186,49.0,USD,Success,2024-10-07,Wire Transfer
TXN-d0a9f039,CUST-6eeb27f7,SUB-21382186,49.0,USD,Success,2024-11-07,Wire Transfer
TXN-af57518a,CUST-6eeb27f7,SUB-21382186,49.0,USD,Failed,2024-12-07,PayPal
TXN-8a730155,CUST-6eeb27f7,SUB-21382186,49.0,USD,Success,2025-01-07,PayPal
TXN-4b6799fc,CUST-6eeb27f7,SUB-21382186,49.0,USD,Success,2025-02-07,Credit Card
TXN-c876615a,CUST-6eeb27f7,SUB-21382186,49.0,USD,Success,2025-03-07,Credit Card
TXN-779f3018,CUST-6eeb27f7,SUB-21382186,49.0,USD,Failed,2025-04-07,PayPal
TXN-90bd6995,CUST-6eeb27f7,SUB-21382186,49.0,USD,Success,2025-05-07,PayPal
TXN-4be5f0ae,CUST-6eeb27f7,SUB-21382186,49.0,USD,Success,2025-06-07,Wire Transfer
TXN-2e98b05a,CUST-6eeb27f7,SUB-21382186,49.0,USD,Success,2025-07-07,Wire Transfer
TXN-0f7477e8,CUST-6eeb27f7,SUB-21382186,49.0,USD,Success,2025-08-07,Wire Transfer
TXN-e2ecc85e,CUST-6eeb27f7,SUB-21382186,49.0,USD,Success,2025-09-07,PayPal
TXN-f1c0970f,CUST-6eeb27f7,SUB-21382186,49.0,USD,Success,2025-10-07,PayPal
TXN-e785af90,CUST-6eeb27f7,SUB-21382186,49.0,USD,Success,2025-11-07,PayPal
TXN-bfa47372,CUST-6eeb27f7,SUB-21382186,49.0,USD,Success,2025-12-07,Wire Transfer
TXN-89be02e6,CUST-6eeb27f7,SUB-21382186,49.0,USD,Success,2026-01-07,PayPal
TXN-fc3d2e10,CUST-6eeb27f7,SUB-21382186,49.0,USD,Success,2026-02-07,Credit Card
TXN-cd993aad,CUST-6eeb27f7,SUB-21382186,49.0,USD,Success,2026-03-07,PayPal
TXN-a0d1a40f,CUST-6eeb27f7,SUB-21382186,49.0,USD,Success,2026-04-07,PayPal
TXN-acd9e58c,CUST-6eeb27f7,SUB-21382186,49.0,USD,Success,2026-05-07,PayPal
TXN-5245bba9,CUST-44cd4e76,SUB-1886a1d7,499.0,USD,Success,2025-10-26,PayPal
TXN-52bd1019,CUST-44cd4e76,SUB-1886a1d7,499.0,USD,Success,2025-11-26,PayPal
TXN-0976408d,CUST-44cd4e76,SUB-1886a1d7,499.0,USD,Success,2025-12-26,Credit Card
TXN-b636f35b,CUST-44cd4e76,SUB-1886a1d7,499.0,USD,Success,2026-01-26,Credit Card
TXN-d487d488,CUST-44cd4e76,SUB-1886a1d7,499.0,USD,Success,2026-02-26,PayPal
TXN-02d2e3bd,CUST-44cd4e76,SUB-1886a1d7,499.0,USD,Success,2026-03-26,Wire Transfer
TXN-cd0e189f,CUST-44cd4e76,SUB-1886a1d7,499.0,USD,Success,2026-04-26,PayPal
TXN-6a026d76,CUST-21c968b7,SUB-3a33cfcd,1999.0,USD,Success,2025-01-15,PayPal
TXN-0d8bd5c0,CUST-21c968b7,SUB-3a33cfcd,1999.0,USD,Success,2025-02-15,PayPal
TXN-5943af78,CUST-21c968b7,SUB-3a33cfcd,1999.0,USD,Failed,2025-03-15,Wire Transfer
TXN-eb21a818,CUST-661ebd3d,SUB-5bcac545,199.0,USD,Success,2024-10-11,Wire Transfer
TXN-6801fb37,CUST-661ebd3d,SUB-5bcac545,199.0,USD,Success,2024-11-11,Wire Transfer
TXN-c01584a9,CUST-661ebd3d,SUB-5bcac545,199.0,USD,Success,2024-12-11,Credit Card
TXN-a035a69d,CUST-661ebd3d,SUB-5bcac545,199.0,USD,Success,2025-01-11,Wire Transfer
TXN-5a8764ef,CUST-661ebd3d,SUB-5bcac545,199.0,USD,Success,2025-02-11,Credit Card
TXN-7085a336,CUST-661ebd3d,SUB-5bcac545,199.0,USD,Success,2025-03-11,Credit Card
TXN-43d3462c,CUST-661ebd3d,SUB-5bcac545,199.0,USD,Success,2025-04-11,Wire Transfer
TXN-4408f87a,CUST-661ebd3d,SUB-5bcac545,199.0,USD,Success,2025-05-11,Wire Transfer
TXN-a1bd18ff,CUST-661ebd3d,SUB-5bcac545,199.0,USD,Success,2025-06-11,Wire Transfer
TXN-5880ec3d,CUST-661ebd3d,SUB-5bcac545,199.0,USD,Success,2025-07-11,Credit Card
TXN-14e5604e,CUST-661ebd3d,SUB-5bcac545,199.0,USD,Success,2025-08-11,PayPal
TXN-0cb051e4,CUST-661ebd3d,SUB-5bcac545,199.0,USD,Success,2025-09-11,Wire Transfer
TXN-30df4861,CUST-661ebd3d,SUB-5bcac545,199.0,USD,Success,2025-10-11,Wire Transfer
TXN-4f3608dc,CUST-661ebd3d,SUB-5bcac545,199.0,USD,Success,2025-11-11,Wire Transfer
TXN-6c50c9d5,CUST-661ebd3d,SUB-5bcac545,199.0,USD,Success,2025-12-11,Credit Card
TXN-ee30083b,CUST-661ebd3d,SUB-5bcac545,199.0,USD,Success,2026-01-11,Credit Card
TXN-d2ce4bb3,CUST-661ebd3d,SUB-5bcac545,199.0,USD,Success,2026-02-11,PayPal
TXN-a18d349a,CUST-661ebd3d,SUB-5bcac545,199.0,USD,Success,2026-03-11,Wire Transfer
TXN-c35290e2,CUST-661ebd3d,SUB-5bcac545,199.0,USD,Success,2026-04-11,Credit Card
TXN-d7967d31,CUST-619cebe6,SUB-bdd3b400,49.0,USD,Success,2024-07-21,PayPal
TXN-629f9817,CUST-619cebe6,SUB-bdd3b400,49.0,USD,Success,2024-08-21,Wire Transfer
TXN-443ccde0,CUST-619cebe6,SUB-bdd3b400,49.0,USD,Success,2024-09-21,Credit Card
TXN-876079b7,CUST-619cebe6,SUB-bdd3b400,49.0,USD,Success,2024-10-21,Wire Transfer
TXN-473f3db8,CUST-619cebe6,SUB-bdd3b400,49.0,USD,Success,2024-11-21,Wire Transfer
TXN-01ce3f5f,CUST-619cebe6,SUB-bdd3b400,49.0,USD,Success,2024-12-21,Credit Card
TXN-d76aba2e,CUST-619cebe6,SUB-bdd3b400,49.0,USD,Failed,2025-01-21,Credit Card
TXN-3578baaa,CUST-619cebe6,SUB-bdd3b400,49.0,USD,Success,2025-02-21,Credit Card
TXN-7fc08320,CUST-619cebe6,SUB-bdd3b400,49.0,USD,Success,2025-03-21,Wire Transfer
TXN-a7161139,CUST-619cebe6,SUB-bdd3b400,49.0,USD,Success,2025-04-21,Wire Transfer
TXN-7db9a121,CUST-619cebe6,SUB-bdd3b400,49.0,USD,Success,2025-05-21,PayPal
TXN-530c251f,CUST-619cebe6,SUB-bdd3b400,49.0,USD,Success,2025-06-21,Wire Transfer
TXN-a4c1c71f,CUST-619cebe6,SUB-bdd3b400,49.0,USD,Failed,2025-07-21,Credit Card
TXN-3de1156a,CUST-619cebe6,SUB-bdd3b400,49.0,USD,Success,2025-08-21,Wire Transfer
TXN-30e6f897,CUST-619cebe6,SUB-bdd3b400,49.0,USD,Success,2025-09-21,PayPal
TXN-03e2e952,CUST-619cebe6,SUB-bdd3b400,49.0,USD,Success,2025-10-21,PayPal
TXN-97325ac3,CUST-619cebe6,SUB-bdd3b400,49.0,USD,Success,2025-11-21,Credit Card
TXN-c9cce17e,CUST-619cebe6,SUB-bdd3b400,49.0,USD,Success,2025-12-21,Credit Card
TXN-d7068a01,CUST-619cebe6,SUB-bdd3b400,49.0,USD,Success,2026-01-21,PayPal
TXN-cf581284,CUST-619cebe6,SUB-bdd3b400,49.0,USD,Success,2026-02-21,PayPal
TXN-be33355c,CUST-619cebe6,SUB-bdd3b400,49.0,USD,Success,2026-03-21,PayPal
TXN-57eb3898,CUST-619cebe6,SUB-bdd3b400,49.0,USD,Success,2026-04-21,Credit Card
TXN-4a4b847b,CUST-afc687de,SUB-d6dd11a0,49.0,USD,Success,2024-10-07,PayPal
TXN-653f42a6,CUST-afc687de,SUB-d6dd11a0,49.0,USD,Success,2024-11-07,PayPal
TXN-09ec18e1,CUST-afc687de,SUB-d6dd11a0,49.0,USD,Success,2024-12-07,Credit Card
TXN-3d916805,CUST-afc687de,SUB-d6dd11a0,49.0,USD,Success,2025-01-07,Wire Transfer
TXN-b3db7d80,CUST-afc687de,SUB-d6dd11a0,49.0,USD,Success,2025-02-07,Wire Transfer
TXN-eb4a0fe5,CUST-afc687de,SUB-d6dd11a0,49.0,USD,Success,2025-03-07,PayPal
TXN-00ac6d30,CUST-afc687de,SUB-d6dd11a0,49.0,USD,Success,2025-04-07,Wire Transfer
TXN-853ccd8f,CUST-afc687de,SUB-d6dd11a0,49.0,USD,Success,2025-05-07,Wire Transfer
TXN-7713a60b,CUST-afc687de,SUB-d6dd11a0,49.0,USD,Success,2025-06-07,Wire Transfer
TXN-e37532ac,CUST-afc687de,SUB-d6dd11a0,49.0,USD,Success,2025-07-07,Wire Transfer
TXN-69c49810,CUST-afc687de,SUB-d6dd11a0,49.0,USD,Success,2025-08-07,PayPal
TXN-7d862f67,CUST-afc687de,SUB-d6dd11a0,49.0,USD,Success,2025-09-07,Wire Transfer
TXN-af0e37e0,CUST-48e7c59f,SUB-e25f8d34,499.0,USD,Success,2024-05-29,Wire Transfer
TXN-651e71eb,CUST-48e7c59f,SUB-e25f8d34,499.0,USD,Success,2024-06-29,Credit Card
TXN-097cc190,CUST-48e7c59f,SUB-e25f8d34,499.0,USD,Success,2024-07-29,PayPal
TXN-050c54a2,CUST-48e7c59f,SUB-e25f8d34,499.0,USD,Success,2024-08-29,Credit Card
TXN-9d273c29,CUST-48e7c59f,SUB-e25f8d34,499.0,USD,Success,2024-09-29,Credit Card
TXN-b0fe3f0f,CUST-48e7c59f,SUB-e25f8d34,499.0,USD,Success,2024-10-29,PayPal
TXN-02ea7268,CUST-48e7c59f,SUB-e25f8d34,499.0,USD,Success,2024-11-29,Wire Transfer
TXN-571f4512,CUST-48e7c59f,SUB-e25f8d34,499.0,USD,Success,2024-12-29,Credit Card
TXN-02a2bc54,CUST-48e7c59f,SUB-e25f8d34,499.0,USD,Success,2025-01-29,PayPal
TXN-a669bbd0,CUST-22e76c3a,SUB-90c35c43,199.0,USD,Success,2025-07-18,Wire Transfer
TXN-2e4175d2,CUST-22e76c3a,SUB-90c35c43,199.0,USD,Success,2025-08-18,PayPal
TXN-d5187318,CUST-22e76c3a,SUB-90c35c43,199.0,USD,Success,2025-09-18,Credit Card
TXN-f7193ac3,CUST-22e76c3a,SUB-90c35c43,199.0,USD,Success,2025-10-18,Wire Transfer
TXN-00c71953,CUST-22e76c3a,SUB-90c35c43,199.0,USD,Success,2025-11-18,Wire Transfer
TXN-1781fca0,CUST-22e76c3a,SUB-90c35c43,199.0,USD,Success,2025-12-18,PayPal
TXN-0d007fa4,CUST-22e76c3a,SUB-90c35c43,199.0,USD,Success,2026-01-18,Wire Transfer
TXN-aa1c4263,CUST-22e76c3a,SUB-90c35c43,199.0,USD,Success,2026-02-18,Credit Card
TXN-4dd28a3d,CUST-22e76c3a,SUB-90c35c43,199.0,USD,Success,2026-03-18,Credit Card
TXN-67a34b43,CUST-22e76c3a,SUB-90c35c43,199.0,USD,Failed,2026-04-18,Credit Card
TXN-911f7d20,CUST-5df93a9e,SUB-2064818d,49.0,USD,Success,2025-10-05,PayPal
TXN-c9f7c1e0,CUST-5df93a9e,SUB-2064818d,49.0,USD,Success,2025-11-05,Wire Transfer
TXN-e10548a6,CUST-5df93a9e,SUB-2064818d,49.0,USD,Success,2025-12-05,Wire Transfer
TXN-794a39a6,CUST-5df93a9e,SUB-2064818d,49.0,USD,Success,2026-01-05,Wire Transfer
TXN-b64989d9,CUST-5df93a9e,SUB-2064818d,49.0,USD,Success,2026-02-05,Credit Card
TXN-9d51d9df,CUST-10e51dd6,SUB-4897231f,199.0,USD,Success,2025-03-15,Wire Transfer
TXN-9cfead61,CUST-10e51dd6,SUB-4897231f,199.0,USD,Success,2025-04-15,Credit Card
TXN-7319b3bd,CUST-10e51dd6,SUB-4897231f,199.0,USD,Success,2025-05-15,Wire Transfer
TXN-3a49053b,CUST-10e51dd6,SUB-4897231f,199.0,USD,Success,2025-06-15,Credit Card
TXN-44afefec,CUST-10e51dd6,SUB-4897231f,199.0,USD,Success,2025-07-15,Wire Transfer
TXN-6a213137,CUST-10e51dd6,SUB-4897231f,199.0,USD,Success,2025-08-15,PayPal
TXN-58171e24,CUST-10e51dd6,SUB-4897231f,199.0,USD,Success,2025-09-15,PayPal
TXN-ad7f6afd,CUST-10e51dd6,SUB-4897231f,199.0,USD,Success,2025-10-15,Credit Card
TXN-676141c7,CUST-10e51dd6,SUB-4897231f,199.0,USD,Failed,2025-11-15,Credit Card
TXN-1af07ec4,CUST-10e51dd6,SUB-4897231f,199.0,USD,Success,2025-12-15,Wire Transfer
TXN-2e0d6a1e,CUST-10e51dd6,SUB-4897231f,199.0,USD,Success,2026-01-15,Wire Transfer
TXN-ec5a633e,CUST-10e51dd6,SUB-4897231f,199.0,USD,Success,2026-02-15,PayPal
TXN-77499fb1,CUST-87c80669,SUB-a5a66802,49.0,USD,Success,2025-01-29,Wire Transfer
TXN-9803c3a8,CUST-87c80669,SUB-a5a66802,49.0,USD,Success,2025-02-28,Credit Card
TXN-00f8338b,CUST-87c80669,SUB-a5a66802,49.0,USD,Success,2025-03-28,Credit Card
TXN-a50b7d75,CUST-87c80669,SUB-a5a66802,49.0,USD,Success,2025-04-28,Credit Card
TXN-5b8e9c71,CUST-87c80669,SUB-a5a66802,49.0,USD,Success,2025-05-28,Credit Card
TXN-18189efd,CUST-87c80669,SUB-a5a66802,49.0,USD,Success,2025-06-28,Credit Card
TXN-2326ace0,CUST-87c80669,SUB-a5a66802,49.0,USD,Refunded,2025-07-28,PayPal
TXN-3d92bfdf,CUST-87c80669,SUB-a5a66802,49.0,USD,Success,2025-08-28,PayPal
TXN-d12c9f2b,CUST-87c80669,SUB-a5a66802,49.0,USD,Success,2025-09-28,Credit Card
TXN-3b3ee7ad,CUST-87c80669,SUB-a5a66802,49.0,USD,Failed,2025-10-28,Wire Transfer
TXN-8a17655b,CUST-87c80669,SUB-a5a66802,49.0,USD,Success,2025-11-28,Credit Card
TXN-f45653ef,CUST-87c80669,SUB-a5a66802,49.0,USD,Success,2025-12-28,PayPal
TXN-99184c34,CUST-87c80669,SUB-a5a66802,49.0,USD,Success,2026-01-28,Credit Card
TXN-579623ab,CUST-87c80669,SUB-a5a66802,49.0,USD,Success,2026-02-28,PayPal
TXN-e41698b8,CUST-87c80669,SUB-a5a66802,49.0,USD,Success,2026-03-28,PayPal
TXN-3c9a517e,CUST-87c80669,SUB-a5a66802,49.0,USD,Success,2026-04-28,Credit Card
TXN-73f2e56b,CUST-adf95a1c,SUB-62a33e13,199.0,USD,Success,2024-10-18,Credit Card
TXN-1d38152c,CUST-adf95a1c,SUB-62a33e13,199.0,USD,Success,2024-11-18,Wire Transfer
TXN-dae2bd86,CUST-adf95a1c,SUB-62a33e13,199.0,USD,Success,2024-12-18,PayPal
TXN-63e173a3,CUST-adf95a1c,SUB-62a33e13,199.0,USD,Failed,2025-01-18,Wire Transfer
TXN-7a372bf2,CUST-adf95a1c,SUB-62a33e13,199.0,USD,Success,2025-02-18,Credit Card
TXN-536bbb93,CUST-adf95a1c,SUB-62a33e13,199.0,USD,Success,2025-03-18,PayPal
TXN-34500eb8,CUST-adf95a1c,SUB-62a33e13,199.0,USD,Success,2025-04-18,Wire Transfer
TXN-3823c81d,CUST-adf95a1c,SUB-62a33e13,199.0,USD,Success,2025-05-18,Wire Transfer
TXN-3cd14943,CUST-adf95a1c,SUB-62a33e13,199.0,USD,Success,2025-06-18,Wire Transfer
TXN-365bd3e3,CUST-adf95a1c,SUB-62a33e13,199.0,USD,Success,2025-07-18,Credit Card
TXN-34952936,CUST-49804182,SUB-e0d05d68,499.0,USD,Success,2024-12-14,Credit Card
TXN-a9ea204f,CUST-49804182,SUB-e0d05d68,499.0,USD,Success,2025-01-14,Credit Card
TXN-6aad72b4,CUST-49804182,SUB-e0d05d68,499.0,USD,Success,2025-02-14,PayPal
TXN-562ab0e2,CUST-49804182,SUB-e0d05d68,499.0,USD,Success,2025-03-14,Credit Card
TXN-4e337f51,CUST-49804182,SUB-e0d05d68,499.0,USD,Success,2025-04-14,PayPal
TXN-3fd7bb2e,CUST-49804182,SUB-e0d05d68,499.0,USD,Success,2025-05-14,Wire Transfer
TXN-04e5e777,CUST-49804182,SUB-e0d05d68,499.0,USD,Success,2025-06-14,Wire Transfer
TXN-6e90f868,CUST-49804182,SUB-e0d05d68,499.0,USD,Success,2025-07-14,Credit Card
TXN-48f187df,CUST-49804182,SUB-e0d05d68,499.0,USD,Success,2025-08-14,Wire Transfer
TXN-564af998,CUST-49804182,SUB-e0d05d68,499.0,USD,Success,2025-09-14,Credit Card
TXN-368a3cb5,CUST-49804182,SUB-e0d05d68,499.0,USD,Success,2025-10-14,PayPal
TXN-4b9895ec,CUST-49804182,SUB-e0d05d68,499.0,USD,Success,2025-11-14,Wire Transfer
TXN-605002ca,CUST-49804182,SUB-e0d05d68,499.0,USD,Success,2025-12-14,Credit Card
TXN-910c892a,CUST-49804182,SUB-e0d05d68,499.0,USD,Success,2026-01-14,Wire Transfer
TXN-54f57874,CUST-49804182,SUB-e0d05d68,499.0,USD,Success,2026-02-14,Wire Transfer
TXN-f079af66,CUST-49804182,SUB-e0d05d68,499.0,USD,Success,2026-03-14,Credit Card
TXN-6f091f28,CUST-49804182,SUB-e0d05d68,499.0,USD,Success,2026-04-14,Wire Transfer
TXN-eb8b9177,CUST-b9c64dc7,SUB-d9c54200,199.0,USD,Success,2025-01-02,Wire Transfer
TXN-34d852a6,CUST-b9c64dc7,SUB-d9c54200,199.0,USD,Refunded,2025-02-02,Wire Transfer
TXN-1c035048,CUST-b9c64dc7,SUB-d9c54200,199.0,USD,Success,2025-03-02,Wire Transfer
TXN-59b20363,CUST-b9c64dc7,SUB-d9c54200,199.0,USD,Failed,2025-04-02,PayPal
TXN-91c4e39f,CUST-b9c64dc7,SUB-d9c54200,199.0,USD,Success,2025-05-02,Wire Transfer
TXN-64244ca7,CUST-b9c64dc7,SUB-d9c54200,199.0,USD,Success,2025-06-02,Wire Transfer
TXN-6f62794e,CUST-b9c64dc7,SUB-d9c54200,199.0,USD,Success,2025-07-02,Credit Card
TXN-e149d10d,CUST-b9c64dc7,SUB-d9c54200,199.0,USD,Success,2025-08-02,PayPal
TXN-a13b6e98,CUST-b9c64dc7,SUB-d9c54200,199.0,USD,Success,2025-09-02,Credit Card
TXN-b2eda505,CUST-b9c64dc7,SUB-d9c54200,199.0,USD,Success,2025-10-02,Credit Card
TXN-98c929a1,CUST-b9c64dc7,SUB-d9c54200,199.0,USD,Success,2025-11-02,Credit Card
TXN-fd32901e,CUST-b9c64dc7,SUB-d9c54200,199.0,USD,Success,2025-12-02,PayPal
TXN-dace8c80,CUST-b9c64dc7,SUB-d9c54200,199.0,USD,Success,2026-01-02,Credit Card
TXN-726364db,CUST-b9c64dc7,SUB-d9c54200,199.0,USD,Success,2026-02-02,Credit Card
TXN-ba690234,CUST-5b2d5600,SUB-014d8c1b,199.0,USD,Success,2025-01-21,Credit Card
TXN-b8a15dac,CUST-5b2d5600,SUB-014d8c1b,199.0,USD,Success,2025-02-21,Wire Transfer
TXN-16558b60,CUST-5b2d5600,SUB-014d8c1b,199.0,USD,Success,2025-03-21,Credit Card
TXN-650f5a11,CUST-5b2d5600,SUB-014d8c1b,199.0,USD,Success,2025-04-21,PayPal
TXN-ec475a4a,CUST-5b2d5600,SUB-014d8c1b,199.0,USD,Success,2025-05-21,PayPal
TXN-4b48f8b5,CUST-5b2d5600,SUB-014d8c1b,199.0,USD,Success,2025-06-21,Wire Transfer
TXN-fc42bb35,CUST-5b2d5600,SUB-014d8c1b,199.0,USD,Success,2025-07-21,PayPal
TXN-ef072088,CUST-5b2d5600,SUB-014d8c1b,199.0,USD,Success,2025-08-21,PayPal
TXN-f3154d3d,CUST-5b2d5600,SUB-014d8c1b,199.0,USD,Success,2025-09-21,Wire Transfer
TXN-b966fd4c,CUST-5b2d5600,SUB-014d8c1b,199.0,USD,Success,2025-10-21,Credit Card
TXN-2b5b6cc0,CUST-5b2d5600,SUB-014d8c1b,199.0,USD,Success,2025-11-21,Wire Transfer
TXN-b627f6a1,CUST-5b2d5600,SUB-014d8c1b,199.0,USD,Success,2025-12-21,Credit Card
TXN-bd2f242a,CUST-5b2d5600,SUB-014d8c1b,199.0,USD,Success,2026-01-21,Credit Card
TXN-aceff43d,CUST-5b2d5600,SUB-014d8c1b,199.0,USD,Failed,2026-02-21,PayPal
TXN-182ad203,CUST-5b2d5600,SUB-014d8c1b,199.0,USD,Success,2026-03-21,Wire Transfer
TXN-f1f6b47a,CUST-5b2d5600,SUB-014d8c1b,199.0,USD,Success,2026-04-21,PayPal
TXN-0b6d5179,CUST-3150cc92,SUB-1cfcf36a,49.0,USD,Success,2026-02-12,PayPal
TXN-9f7dd5e9,CUST-3150cc92,SUB-1cfcf36a,49.0,USD,Success,2026-03-12,Credit Card
TXN-e844e965,CUST-3150cc92,SUB-1cfcf36a,49.0,USD,Success,2026-04-12,PayPal
TXN-d83e7fc2,CUST-f5fd953d,SUB-15bdf46a,499.0,USD,Success,2024-05-11,Wire Transfer
TXN-b169d774,CUST-f5fd953d,SUB-15bdf46a,499.0,USD,Success,2024-06-11,PayPal
TXN-1c9e3240,CUST-f5fd953d,SUB-15bdf46a,499.0,USD,Success,2024-07-11,PayPal
TXN-5546a5c6,CUST-f5fd953d,SUB-15bdf46a,499.0,USD,Success,2024-08-11,Credit Card
TXN-9f34fb1f,CUST-f5fd953d,SUB-15bdf46a,499.0,USD,Success,2024-09-11,Wire Transfer
TXN-1997976b,CUST-f5fd953d,SUB-15bdf46a,499.0,USD,Success,2024-10-11,PayPal
TXN-9967c100,CUST-f5fd953d,SUB-15bdf46a,499.0,USD,Success,2024-11-11,Credit Card
TXN-6bd97461,CUST-f5fd953d,SUB-15bdf46a,499.0,USD,Success,2024-12-11,PayPal
TXN-287ea8d4,CUST-f5fd953d,SUB-15bdf46a,499.0,USD,Success,2025-01-11,Wire Transfer
TXN-22d0c3cc,CUST-f5fd953d,SUB-15bdf46a,499.0,USD,Success,2025-02-11,PayPal
TXN-56ceaf61,CUST-f5fd953d,SUB-15bdf46a,499.0,USD,Success,2025-03-11,PayPal
TXN-6ec8c159,CUST-f5fd953d,SUB-15bdf46a,499.0,USD,Success,2025-04-11,Credit Card
TXN-3e67d01b,CUST-f5fd953d,SUB-15bdf46a,499.0,USD,Success,2025-05-11,PayPal
TXN-756c06d7,CUST-f5fd953d,SUB-15bdf46a,499.0,USD,Success,2025-06-11,Credit Card
TXN-66c9016f,CUST-f5fd953d,SUB-15bdf46a,499.0,USD,Success,2025-07-11,Wire Transfer
TXN-071bff9a,CUST-f5fd953d,SUB-15bdf46a,499.0,USD,Success,2025-08-11,PayPal
TXN-701c0475,CUST-f5fd953d,SUB-15bdf46a,499.0,USD,Success,2025-09-11,Wire Transfer
TXN-b264a8d4,CUST-f5fd953d,SUB-15bdf46a,499.0,USD,Success,2025-10-11,Wire Transfer
TXN-34047f39,CUST-f5fd953d,SUB-15bdf46a,499.0,USD,Refunded,2025-11-11,PayPal
TXN-d0f1d8fb,CUST-f5fd953d,SUB-15bdf46a,499.0,USD,Success,2025-12-11,Credit Card
TXN-326ed5d1,CUST-f5fd953d,SUB-15bdf46a,499.0,USD,Success,2026-01-11,Wire Transfer
TXN-e46334c6,CUST-f5fd953d,SUB-15bdf46a,499.0,USD,Success,2026-02-11,Wire Transfer
TXN-2a8e81ee,CUST-f5fd953d,SUB-15bdf46a,499.0,USD,Success,2026-03-11,PayPal
TXN-6af68b7a,CUST-f5fd953d,SUB-15bdf46a,499.0,USD,Success,2026-04-11,PayPal
TXN-a1841971,CUST-6a7271fb,SUB-85317284,199.0,USD,Success,2024-06-18,PayPal
TXN-e3d8f52e,CUST-6a7271fb,SUB-85317284,199.0,USD,Failed,2024-07-18,PayPal
TXN-5a32ad34,CUST-6a7271fb,SUB-85317284,199.0,USD,Success,2024-08-18,PayPal
TXN-efb1e4ec,CUST-6a7271fb,SUB-85317284,199.0,USD,Success,2024-09-18,PayPal
TXN-fbaaacb6,CUST-6a7271fb,SUB-85317284,199.0,USD,Success,2024-10-18,Credit Card
TXN-e3af0a8c,CUST-6a7271fb,SUB-85317284,199.0,USD,Failed,2024-11-18,Wire Transfer
TXN-2cd45780,CUST-6a7271fb,SUB-85317284,199.0,USD,Success,2024-12-18,Credit Card
TXN-2a1c031e,CUST-6a7271fb,SUB-85317284,199.0,USD,Success,2025-01-18,Credit Card
TXN-0cf6e4c5,CUST-6a7271fb,SUB-85317284,199.0,USD,Success,2025-02-18,PayPal
TXN-7043d733,CUST-6a7271fb,SUB-85317284,199.0,USD,Success,2025-03-18,Wire Transfer
TXN-9d2d34b0,CUST-6a7271fb,SUB-85317284,199.0,USD,Success,2025-04-18,Credit Card
TXN-1d90b626,CUST-6a7271fb,SUB-85317284,199.0,USD,Success,2025-05-18,PayPal
TXN-746aa11c,CUST-6a7271fb,SUB-85317284,199.0,USD,Success,2025-06-18,PayPal
TXN-c21f6e09,CUST-6a7271fb,SUB-85317284,199.0,USD,Success,2025-07-18,Wire Transfer
TXN-20e30f70,CUST-6a7271fb,SUB-85317284,199.0,USD,Success,2025-08-18,Credit Card
TXN-b2c71e65,CUST-6a7271fb,SUB-85317284,199.0,USD,Success,2025-09-18,Credit Card
TXN-317f4c65,CUST-6a7271fb,SUB-85317284,199.0,USD,Success,2025-10-18,Credit Card
TXN-7c821062,CUST-6a7271fb,SUB-85317284,199.0,USD,Success,2025-11-18,PayPal
TXN-393a83ef,CUST-6a7271fb,SUB-85317284,199.0,USD,Success,2025-12-18,Wire Transfer
TXN-bfa2fe49,CUST-6a7271fb,SUB-85317284,199.0,USD,Success,2026-01-18,Wire Transfer
TXN-aadf7bb9,CUST-6a7271fb,SUB-85317284,199.0,USD,Success,2026-02-18,Credit Card
TXN-47fbad75,CUST-8d8d537e,SUB-fd42e7cc,49.0,USD,Success,2026-04-11,PayPal
TXN-6473ef5b,CUST-4efb30b1,SUB-dc5bfb1a,199.0,USD,Success,2025-08-23,Credit Card
TXN-65f54536,CUST-4efb30b1,SUB-dc5bfb1a,199.0,USD,Success,2025-09-23,Wire Transfer
TXN-d8618e8d,CUST-4efb30b1,SUB-dc5bfb1a,199.0,USD,Success,2025-10-23,PayPal
TXN-5be0356e,CUST-a4756a17,SUB-5daab589,49.0,USD,Success,2026-01-07,Credit Card
TXN-11872966,CUST-a4756a17,SUB-5daab589,49.0,USD,Success,2026-02-07,Credit Card
TXN-e649fab5,CUST-868023a1,SUB-13afcb2d,499.0,USD,Success,2024-08-15,PayPal
TXN-a69684a4,CUST-868023a1,SUB-13afcb2d,499.0,USD,Success,2024-09-15,Wire Transfer
TXN-b3154d23,CUST-868023a1,SUB-13afcb2d,499.0,USD,Success,2024-10-15,PayPal
TXN-f0d25236,CUST-868023a1,SUB-13afcb2d,499.0,USD,Success,2024-11-15,Credit Card
TXN-85c54f2b,CUST-868023a1,SUB-13afcb2d,499.0,USD,Success,2024-12-15,Credit Card
TXN-563e3cfb,CUST-868023a1,SUB-13afcb2d,499.0,USD,Success,2025-01-15,Credit Card
TXN-7cc38bba,CUST-868023a1,SUB-13afcb2d,499.0,USD,Success,2025-02-15,Credit Card
TXN-c37f7814,CUST-868023a1,SUB-13afcb2d,499.0,USD,Success,2025-03-15,Wire Transfer
TXN-2608fec2,CUST-868023a1,SUB-13afcb2d,499.0,USD,Success,2025-04-15,Wire Transfer
TXN-837199fd,CUST-868023a1,SUB-13afcb2d,499.0,USD,Success,2025-05-15,Credit Card
TXN-70c6c330,CUST-868023a1,SUB-13afcb2d,499.0,USD,Success,2025-06-15,Wire Transfer
TXN-99e1ff76,CUST-868023a1,SUB-13afcb2d,499.0,USD,Success,2025-07-15,Wire Transfer
TXN-858bec95,CUST-868023a1,SUB-13afcb2d,499.0,USD,Success,2025-08-15,Wire Transfer
TXN-52a16a47,CUST-868023a1,SUB-13afcb2d,499.0,USD,Refunded,2025-09-15,Credit Card
TXN-38a8b0ee,CUST-868023a1,SUB-13afcb2d,499.0,USD,Success,2025-10-15,PayPal
TXN-2cb38ac3,CUST-868023a1,SUB-13afcb2d,499.0,USD,Success,2025-11-15,PayPal
TXN-615b32f0,CUST-868023a1,SUB-13afcb2d,499.0,USD,Success,2025-12-15,PayPal
TXN-e645b310,CUST-868023a1,SUB-13afcb2d,499.0,USD,Success,2026-01-15,Credit Card
TXN-6315b404,CUST-868023a1,SUB-13afcb2d,499.0,USD,Success,2026-02-15,Wire Transfer
TXN-5c5cf7df,CUST-868023a1,SUB-13afcb2d,499.0,USD,Failed,2026-03-15,Wire Transfer
TXN-568edd21,CUST-868023a1,SUB-13afcb2d,499.0,USD,Success,2026-04-15,Credit Card
TXN-4403a3e5,CUST-d9066264,SUB-7c039fb6,199.0,USD,Success,2024-12-18,Credit Card
TXN-f6de478c,CUST-d9066264,SUB-7c039fb6,199.0,USD,Success,2025-01-18,PayPal
TXN-cbd70f23,CUST-d9066264,SUB-7c039fb6,199.0,USD,Success,2025-02-18,PayPal
TXN-9343d4fb,CUST-d37215ec,SUB-0610d6ef,1999.0,USD,Success,2024-12-02,Credit Card
TXN-03e5bbad,CUST-d37215ec,SUB-0610d6ef,1999.0,USD,Success,2025-01-02,PayPal
TXN-30cef314,CUST-d37215ec,SUB-0610d6ef,1999.0,USD,Success,2025-02-02,Wire Transfer
TXN-71e70ecf,CUST-d37215ec,SUB-0610d6ef,1999.0,USD,Success,2025-03-02,Credit Card
TXN-15103191,CUST-d37215ec,SUB-0610d6ef,1999.0,USD,Success,2025-04-02,Credit Card
TXN-68c5ff03,CUST-d37215ec,SUB-0610d6ef,1999.0,USD,Success,2025-05-02,Wire Transfer
TXN-2a04aa73,CUST-d37215ec,SUB-0610d6ef,1999.0,USD,Failed,2025-06-02,Wire Transfer
TXN-390c4569,CUST-d37215ec,SUB-0610d6ef,1999.0,USD,Success,2025-07-02,Wire Transfer
TXN-2e696f64,CUST-d37215ec,SUB-0610d6ef,1999.0,USD,Success,2025-08-02,PayPal
TXN-ddcd9914,CUST-d37215ec,SUB-0610d6ef,1999.0,USD,Success,2025-09-02,Credit Card
TXN-64a64e3c,CUST-d37215ec,SUB-0610d6ef,1999.0,USD,Success,2025-10-02,PayPal
TXN-553f1c27,CUST-d37215ec,SUB-0610d6ef,1999.0,USD,Success,2025-11-02,Wire Transfer
TXN-00ef1f42,CUST-d37215ec,SUB-0610d6ef,1999.0,USD,Success,2025-12-02,PayPal
TXN-937d8ccf,CUST-d37215ec,SUB-0610d6ef,1999.0,USD,Success,2026-01-02,Wire Transfer
TXN-3d6ecaf1,CUST-690601f4,SUB-3220faef,49.0,USD,Success,2024-12-31,PayPal
TXN-2b4cd3b1,CUST-690601f4,SUB-3220faef,49.0,USD,Success,2025-01-31,PayPal
TXN-b71f2057,CUST-690601f4,SUB-3220faef,49.0,USD,Success,2025-02-28,Wire Transfer
TXN-4d60526e,CUST-690601f4,SUB-3220faef,49.0,USD,Success,2025-03-28,PayPal
TXN-38071c25,CUST-690601f4,SUB-3220faef,49.0,USD,Success,2025-04-28,Credit Card
TXN-24abd767,CUST-690601f4,SUB-3220faef,49.0,USD,Success,2025-05-28,PayPal
TXN-9538513d,CUST-690601f4,SUB-3220faef,49.0,USD,Success,2025-06-28,PayPal
TXN-084b5fd4,CUST-690601f4,SUB-3220faef,49.0,USD,Success,2025-07-28,Credit Card
TXN-060c6647,CUST-690601f4,SUB-3220faef,49.0,USD,Success,2025-08-28,Wire Transfer
TXN-c6a76208,CUST-690601f4,SUB-3220faef,49.0,USD,Success,2025-09-28,Credit Card
TXN-7754cc37,CUST-690601f4,SUB-3220faef,49.0,USD,Success,2025-10-28,PayPal
TXN-76b673c4,CUST-690601f4,SUB-3220faef,49.0,USD,Success,2025-11-28,Wire Transfer
TXN-49b2583f,CUST-690601f4,SUB-3220faef,49.0,USD,Success,2025-12-28,PayPal
TXN-348d7c46,CUST-690601f4,SUB-3220faef,49.0,USD,Success,2026-01-28,PayPal
TXN-f9cc37a3,CUST-690601f4,SUB-3220faef,49.0,USD,Success,2026-02-28,Credit Card
TXN-60f84e46,CUST-690601f4,SUB-3220faef,49.0,USD,Success,2026-03-28,Credit Card
TXN-b6e8c948,CUST-690601f4,SUB-3220faef,49.0,USD,Success,2026-04-28,Wire Transfer
TXN-ebc6d800,CUST-48d34fb0,SUB-06f3cc14,499.0,USD,Success,2024-11-30,Wire Transfer
TXN-453781a2,CUST-48d34fb0,SUB-06f3cc14,499.0,USD,Success,2024-12-30,Wire Transfer
TXN-d91b64f0,CUST-48d34fb0,SUB-06f3cc14,499.0,USD,Success,2025-01-30,PayPal
TXN-dfb3564e,CUST-48d34fb0,SUB-06f3cc14,499.0,USD,Success,2025-02-28,Credit Card
TXN-7d2360ae,CUST-48d34fb0,SUB-06f3cc14,499.0,USD,Success,2025-03-28,Credit Card
TXN-a2c9248e,CUST-48d34fb0,SUB-06f3cc14,499.0,USD,Success,2025-04-28,Credit Card
TXN-79c2fd12,CUST-48d34fb0,SUB-06f3cc14,499.0,USD,Success,2025-05-28,Wire Transfer
TXN-94651cf5,CUST-48d34fb0,SUB-06f3cc14,499.0,USD,Success,2025-06-28,Credit Card
TXN-fc54cb83,CUST-48d34fb0,SUB-06f3cc14,499.0,USD,Success,2025-07-28,Credit Card
TXN-15af3051,CUST-48d34fb0,SUB-06f3cc14,499.0,USD,Failed,2025-08-28,Credit Card
TXN-6751d03d,CUST-48d34fb0,SUB-06f3cc14,499.0,USD,Success,2025-09-28,Wire Transfer
TXN-e5508ad6,CUST-48d34fb0,SUB-06f3cc14,499.0,USD,Success,2025-10-28,Credit Card
TXN-bca51458,CUST-48d34fb0,SUB-06f3cc14,499.0,USD,Success,2025-11-28,Wire Transfer
TXN-fda27df9,CUST-48d34fb0,SUB-06f3cc14,499.0,USD,Success,2025-12-28,Credit Card
TXN-7cb16e93,CUST-48d34fb0,SUB-06f3cc14,499.0,USD,Success,2026-01-28,Credit Card
TXN-474c260f,CUST-48d34fb0,SUB-06f3cc14,499.0,USD,Success,2026-02-28,Credit Card
TXN-1665d240,CUST-48d34fb0,SUB-06f3cc14,499.0,USD,Success,2026-03-28,Wire Transfer
TXN-c0d51cd7,CUST-48d34fb0,SUB-06f3cc14,499.0,USD,Success,2026-04-28,Wire Transfer
TXN-d6f82576,CUST-c6591b39,SUB-b2b19b45,199.0,USD,Success,2025-07-05,Credit Card
TXN-0adf9c47,CUST-c6591b39,SUB-b2b19b45,199.0,USD,Success,2025-08-05,PayPal
TXN-0a6f88ca,CUST-c6591b39,SUB-b2b19b45,199.0,USD,Success,2025-09-05,Wire Transfer
TXN-0057c7ff,CUST-c6591b39,SUB-b2b19b45,199.0,USD,Success,2025-10-05,Wire Transfer
TXN-26b178eb,CUST-c6591b39,SUB-b2b19b45,199.0,USD,Success,2025-11-05,Credit Card
TXN-549a19b6,CUST-c6591b39,SUB-b2b19b45,199.0,USD,Success,2025-12-05,PayPal
TXN-b85005ce,CUST-c6591b39,SUB-b2b19b45,199.0,USD,Success,2026-01-05,Credit Card
TXN-f629cd38,CUST-c6591b39,SUB-b2b19b45,199.0,USD,Success,2026-02-05,Wire Transfer
TXN-0b6645bc,CUST-c6591b39,SUB-b2b19b45,199.0,USD,Success,2026-03-05,Wire Transfer
TXN-a4ed5e4c,CUST-c6591b39,SUB-b2b19b45,199.0,USD,Success,2026-04-05,Credit Card
TXN-bc411ae9,CUST-c6591b39,SUB-b2b19b45,199.0,USD,Success,2026-05-05,Credit Card
TXN-f2105635,CUST-a862715f,SUB-2b72c2f6,499.0,USD,Success,2026-04-05,PayPal
TXN-07fac2a6,CUST-a862715f,SUB-2b72c2f6,499.0,USD,Success,2026-05-05,PayPal
TXN-1dcf4408,CUST-36adc807,SUB-6e899695,49.0,USD,Failed,2025-10-05,Wire Transfer
TXN-a4da282a,CUST-36adc807,SUB-6e899695,49.0,USD,Success,2025-11-05,PayPal
TXN-071096e6,CUST-36adc807,SUB-6e899695,49.0,USD,Success,2025-12-05,PayPal
TXN-d19cfa62,CUST-36adc807,SUB-6e899695,49.0,USD,Success,2026-01-05,Wire Transfer
TXN-ccd7e681,CUST-36adc807,SUB-6e899695,49.0,USD,Success,2026-02-05,Wire Transfer
TXN-c0980329,CUST-36adc807,SUB-6e899695,49.0,USD,Success,2026-03-05,Wire Transfer
TXN-b5fd6cc7,CUST-36adc807,SUB-6e899695,49.0,USD,Success,2026-04-05,Wire Transfer
TXN-d238492d,CUST-36adc807,SUB-6e899695,49.0,USD,Success,2026-05-05,Credit Card
TXN-30eef1a3,CUST-70669d2e,SUB-6bede28f,199.0,USD,Success,2025-06-06,Wire Transfer
TXN-6a9c10f6,CUST-70669d2e,SUB-6bede28f,199.0,USD,Success,2025-07-06,Wire Transfer
TXN-f7986dd0,CUST-70669d2e,SUB-6bede28f,199.0,USD,Success,2025-08-06,Wire Transfer
TXN-e444815a,CUST-d383a5c0,SUB-cb25bb48,499.0,USD,Success,2025-07-03,PayPal
TXN-93afe30f,CUST-d383a5c0,SUB-cb25bb48,499.0,USD,Failed,2025-08-03,Wire Transfer
TXN-1d55de8b,CUST-d383a5c0,SUB-cb25bb48,499.0,USD,Success,2025-09-03,Credit Card
TXN-eb6d92f6,CUST-d383a5c0,SUB-cb25bb48,499.0,USD,Success,2025-10-03,Credit Card
TXN-00c68e47,CUST-d383a5c0,SUB-cb25bb48,499.0,USD,Success,2025-11-03,Wire Transfer
TXN-7f7d1102,CUST-d383a5c0,SUB-cb25bb48,499.0,USD,Success,2025-12-03,Credit Card
TXN-98c5cafb,CUST-d383a5c0,SUB-cb25bb48,499.0,USD,Success,2026-01-03,PayPal
TXN-e519b826,CUST-d383a5c0,SUB-cb25bb48,499.0,USD,Success,2026-02-03,Wire Transfer
TXN-d6bafe36,CUST-d383a5c0,SUB-cb25bb48,499.0,USD,Success,2026-03-03,Credit Card
TXN-b2a95592,CUST-d383a5c0,SUB-cb25bb48,499.0,USD,Success,2026-04-03,Credit Card
TXN-cb860b17,CUST-d383a5c0,SUB-cb25bb48,499.0,USD,Success,2026-05-03,Wire Transfer
TXN-5057ef2b,CUST-573e9d94,SUB-ed1c8a5e,49.0,USD,Success,2025-01-21,Credit Card
TXN-9ccbc2eb,CUST-573e9d94,SUB-ed1c8a5e,49.0,USD,Success,2025-02-21,Wire Transfer
TXN-e31e7fc0,CUST-573e9d94,SUB-ed1c8a5e,49.0,USD,Success,2025-03-21,Credit Card
TXN-acb36c48,CUST-573e9d94,SUB-ed1c8a5e,49.0,USD,Success,2025-04-21,PayPal
TXN-d2e5addc,CUST-573e9d94,SUB-ed1c8a5e,49.0,USD,Success,2025-05-21,Credit Card
TXN-10917db6,CUST-573e9d94,SUB-ed1c8a5e,49.0,USD,Failed,2025-06-21,Credit Card
TXN-f49a7b9a,CUST-573e9d94,SUB-ed1c8a5e,49.0,USD,Success,2025-07-21,Wire Transfer
TXN-492018e1,CUST-573e9d94,SUB-ed1c8a5e,49.0,USD,Success,2025-08-21,Credit Card
TXN-ffb251d6,CUST-573e9d94,SUB-ed1c8a5e,49.0,USD,Success,2025-09-21,Wire Transfer
TXN-d111eb03,CUST-573e9d94,SUB-ed1c8a5e,49.0,USD,Success,2025-10-21,PayPal
TXN-b12eae8f,CUST-573e9d94,SUB-ed1c8a5e,49.0,USD,Success,2025-11-21,Wire Transfer
TXN-3fe60cb2,CUST-573e9d94,SUB-ed1c8a5e,49.0,USD,Success,2025-12-21,Wire Transfer
TXN-68c1b516,CUST-98bdb1b9,SUB-01e2a237,49.0,USD,Success,2026-04-02,Credit Card
TXN-797cfc4b,CUST-98bdb1b9,SUB-01e2a237,49.0,USD,Success,2026-05-02,PayPal
TXN-2ef935e0,CUST-005e2ea1,SUB-b6b852b5,199.0,USD,Success,2025-06-12,Wire Transfer
TXN-7bf4ecf3,CUST-005e2ea1,SUB-b6b852b5,199.0,USD,Success,2025-07-12,Credit Card
TXN-3c9f0d0c,CUST-005e2ea1,SUB-b6b852b5,199.0,USD,Success,2025-08-12,Credit Card
TXN-9c7708c6,CUST-005e2ea1,SUB-b6b852b5,199.0,USD,Success,2025-09-12,Wire Transfer
TXN-195db0cc,CUST-005e2ea1,SUB-b6b852b5,199.0,USD,Success,2025-10-12,Credit Card
TXN-9aaa77cf,CUST-005e2ea1,SUB-b6b852b5,199.0,USD,Success,2025-11-12,Wire Transfer
TXN-bfd865a5,CUST-005e2ea1,SUB-b6b852b5,199.0,USD,Success,2025-12-12,Wire Transfer
TXN-fe591604,CUST-005e2ea1,SUB-b6b852b5,199.0,USD,Success,2026-01-12,Wire Transfer
TXN-e0b2b8b0,CUST-005e2ea1,SUB-b6b852b5,199.0,USD,Success,2026-02-12,PayPal
TXN-f696bc3e,CUST-005e2ea1,SUB-b6b852b5,199.0,USD,Success,2026-03-12,Wire Transfer
TXN-f5f270bf,CUST-005e2ea1,SUB-b6b852b5,199.0,USD,Success,2026-04-12,Credit Card
TXN-8d5902ae,CUST-df2f0823,SUB-9551e298,199.0,USD,Success,2026-02-04,PayPal
TXN-6864b0df,CUST-df2f0823,SUB-9551e298,199.0,USD,Success,2026-03-04,Credit Card
TXN-275eae52,CUST-df2f0823,SUB-9551e298,199.0,USD,Success,2026-04-04,PayPal
TXN-737ec10c,CUST-df2f0823,SUB-9551e298,199.0,USD,Success,2026-05-04,PayPal
TXN-479fb640,CUST-d580464c,SUB-aeac4391,49.0,USD,Success,2024-06-15,PayPal
TXN-6ce1c799,CUST-d580464c,SUB-aeac4391,49.0,USD,Success,2024-07-15,PayPal
TXN-7134af3c,CUST-d580464c,SUB-aeac4391,49.0,USD,Success,2024-08-15,Credit Card
TXN-15e0983e,CUST-d580464c,SUB-aeac4391,49.0,USD,Success,2024-09-15,Wire Transfer
TXN-af4eab9e,CUST-d580464c,SUB-aeac4391,49.0,USD,Success,2024-10-15,Credit Card
TXN-b0ce4342,CUST-d580464c,SUB-aeac4391,49.0,USD,Success,2024-11-15,Wire Transfer
TXN-a74b0c1e,CUST-d580464c,SUB-aeac4391,49.0,USD,Success,2024-12-15,Credit Card
TXN-c34d91d1,CUST-d580464c,SUB-aeac4391,49.0,USD,Success,2025-01-15,PayPal
TXN-e0e7aa3b,CUST-d580464c,SUB-aeac4391,49.0,USD,Success,2025-02-15,PayPal
TXN-017bd48b,CUST-d580464c,SUB-aeac4391,49.0,USD,Success,2025-03-15,Wire Transfer
TXN-6df2803a,CUST-d580464c,SUB-aeac4391,49.0,USD,Success,2025-04-15,Wire Transfer
TXN-2fd73bcf,CUST-d580464c,SUB-aeac4391,49.0,USD,Success,2025-05-15,Credit Card
TXN-c220bd21,CUST-d580464c,SUB-aeac4391,49.0,USD,Success,2025-06-15,Wire Transfer
TXN-a3decac9,CUST-d580464c,SUB-aeac4391,49.0,USD,Success,2025-07-15,Credit Card
TXN-2e992b44,CUST-d580464c,SUB-aeac4391,49.0,USD,Success,2025-08-15,Wire Transfer
TXN-f3aa3688,CUST-d580464c,SUB-aeac4391,49.0,USD,Success,2025-09-15,Wire Transfer
TXN-27c11fd4,CUST-d580464c,SUB-aeac4391,49.0,USD,Success,2025-10-15,Wire Transfer
TXN-cd7b8cfb,CUST-d580464c,SUB-aeac4391,49.0,USD,Success,2025-11-15,PayPal
TXN-01f36894,CUST-d580464c,SUB-aeac4391,49.0,USD,Success,2025-12-15,PayPal
TXN-98440b15,CUST-d580464c,SUB-aeac4391,49.0,USD,Success,2026-01-15,Credit Card
TXN-3dbba184,CUST-c14690ff,SUB-e9b4bd6f,49.0,USD,Success,2026-03-18,Wire Transfer
TXN-0f256e3b,CUST-c14690ff,SUB-e9b4bd6f,49.0,USD,Success,2026-04-18,Credit Card
TXN-0a4c600d,CUST-3ed19b9c,SUB-8cf1f6e4,49.0,USD,Success,2026-02-10,Wire Transfer
TXN-3eced5b9,CUST-3ed19b9c,SUB-8cf1f6e4,49.0,USD,Success,2026-03-10,PayPal
TXN-e7acf631,CUST-3ed19b9c,SUB-8cf1f6e4,49.0,USD,Success,2026-04-10,PayPal
TXN-268c409b,CUST-3abdec45,SUB-0e307c83,499.0,USD,Success,2025-02-16,Wire Transfer
TXN-e5b42d10,CUST-3abdec45,SUB-0e307c83,499.0,USD,Success,2025-03-16,Wire Transfer
TXN-2e6e1822,CUST-3abdec45,SUB-0e307c83,499.0,USD,Success,2025-04-16,PayPal
TXN-936bbe6e,CUST-3abdec45,SUB-0e307c83,499.0,USD,Success,2025-05-16,PayPal
TXN-024fd5b9,CUST-3abdec45,SUB-0e307c83,499.0,USD,Success,2025-06-16,Credit Card
TXN-6be90f0f,CUST-3abdec45,SUB-0e307c83,499.0,USD,Success,2025-07-16,PayPal
TXN-685b919e,CUST-3abdec45,SUB-0e307c83,499.0,USD,Success,2025-08-16,Wire Transfer
TXN-a25632c2,CUST-3abdec45,SUB-0e307c83,499.0,USD,Success,2025-09-16,Credit Card
TXN-8347ea17,CUST-3abdec45,SUB-0e307c83,499.0,USD,Success,2025-10-16,Wire Transfer
TXN-fe5ed0f2,CUST-3abdec45,SUB-0e307c83,499.0,USD,Failed,2025-11-16,Credit Card
TXN-ed156212,CUST-3abdec45,SUB-0e307c83,499.0,USD,Success,2025-12-16,Wire Transfer
TXN-191efd0c,CUST-3abdec45,SUB-0e307c83,499.0,USD,Success,2026-01-16,PayPal
TXN-4d8684b3,CUST-3abdec45,SUB-0e307c83,499.0,USD,Success,2026-02-16,Wire Transfer
TXN-2aca3583,CUST-3abdec45,SUB-0e307c83,499.0,USD,Failed,2026-03-16,Credit Card
TXN-4b21b934,CUST-3abdec45,SUB-0e307c83,499.0,USD,Success,2026-04-16,Wire Transfer
TXN-b976240b,CUST-0d86accb,SUB-cec9ec37,199.0,USD,Success,2025-07-01,Credit Card
TXN-27ef4ee5,CUST-0d86accb,SUB-cec9ec37,199.0,USD,Success,2025-08-01,Wire Transfer
TXN-218a0254,CUST-0d86accb,SUB-cec9ec37,199.0,USD,Success,2025-09-01,PayPal
TXN-6478057e,CUST-0d86accb,SUB-cec9ec37,199.0,USD,Success,2025-10-01,PayPal
TXN-4bf3461f,CUST-0d86accb,SUB-cec9ec37,199.0,USD,Success,2025-11-01,Wire Transfer
TXN-5e32e509,CUST-0d86accb,SUB-cec9ec37,199.0,USD,Success,2025-12-01,Wire Transfer
TXN-dfd1321d,CUST-0d86accb,SUB-cec9ec37,199.0,USD,Success,2026-01-01,Wire Transfer
TXN-2004f205,CUST-0d86accb,SUB-cec9ec37,199.0,USD,Success,2026-02-01,Credit Card
TXN-965c2709,CUST-0d86accb,SUB-cec9ec37,199.0,USD,Success,2026-03-01,Wire Transfer
TXN-8c5cf225,CUST-0d86accb,SUB-cec9ec37,199.0,USD,Success,2026-04-01,Wire Transfer
TXN-f3a93a0c,CUST-0d86accb,SUB-cec9ec37,199.0,USD,Success,2026-05-01,Credit Card
TXN-87b0b23e,CUST-baa1212a,SUB-ce554d14,499.0,USD,Success,2024-06-07,PayPal
TXN-ec47b367,CUST-baa1212a,SUB-ce554d14,499.0,USD,Success,2024-07-07,Wire Transfer
TXN-5ad3f3d4,CUST-baa1212a,SUB-ce554d14,499.0,USD,Failed,2024-08-07,Wire Transfer
TXN-f3ee8aa0,CUST-baa1212a,SUB-ce554d14,499.0,USD,Success,2024-09-07,PayPal
TXN-df9d169f,CUST-baa1212a,SUB-ce554d14,499.0,USD,Success,2024-10-07,PayPal
TXN-ad3dd361,CUST-baa1212a,SUB-ce554d14,499.0,USD,Success,2024-11-07,Credit Card
TXN-b93810ce,CUST-baa1212a,SUB-ce554d14,499.0,USD,Success,2024-12-07,Wire Transfer
TXN-4e52bcb4,CUST-baa1212a,SUB-ce554d14,499.0,USD,Success,2025-01-07,Wire Transfer
TXN-a936884a,CUST-baa1212a,SUB-ce554d14,499.0,USD,Success,2025-02-07,Credit Card
TXN-f86a826d,CUST-baa1212a,SUB-ce554d14,499.0,USD,Failed,2025-03-07,PayPal
TXN-4da59d33,CUST-baa1212a,SUB-ce554d14,499.0,USD,Success,2025-04-07,Credit Card
TXN-341ac2a7,CUST-baa1212a,SUB-ce554d14,499.0,USD,Success,2025-05-07,PayPal
TXN-0ddbddbb,CUST-baa1212a,SUB-ce554d14,499.0,USD,Success,2025-06-07,Credit Card
TXN-5312e3f8,CUST-baa1212a,SUB-ce554d14,499.0,USD,Success,2025-07-07,PayPal
TXN-686c5bca,CUST-baa1212a,SUB-ce554d14,499.0,USD,Success,2025-08-07,Credit Card
TXN-6804aa92,CUST-baa1212a,SUB-ce554d14,499.0,USD,Success,2025-09-07,PayPal
TXN-5bc131ef,CUST-baa1212a,SUB-ce554d14,499.0,USD,Success,2025-10-07,PayPal
TXN-49d04782,CUST-baa1212a,SUB-ce554d14,499.0,USD,Success,2025-11-07,PayPal
TXN-12474ed7,CUST-baa1212a,SUB-ce554d14,499.0,USD,Success,2025-12-07,PayPal
TXN-7d525e53,CUST-baa1212a,SUB-ce554d14,499.0,USD,Success,2026-01-07,PayPal
TXN-6f89415f,CUST-baa1212a,SUB-ce554d14,499.0,USD,Failed,2026-02-07,Wire Transfer
TXN-501f754d,CUST-baa1212a,SUB-ce554d14,499.0,USD,Success,2026-03-07,PayPal
TXN-b8083fc2,CUST-baa1212a,SUB-ce554d14,499.0,USD,Failed,2026-04-07,Wire Transfer
TXN-3c287651,CUST-baa1212a,SUB-ce554d14,499.0,USD,Success,2026-05-07,PayPal
TXN-d195bc4a,CUST-31d76d39,SUB-7fc0ee15,1999.0,USD,Refunded,2025-07-10,Wire Transfer
TXN-18e9cb2a,CUST-31d76d39,SUB-7fc0ee15,1999.0,USD,Success,2025-08-10,Wire Transfer
TXN-6f0530ea,CUST-31d76d39,SUB-7fc0ee15,1999.0,USD,Success,2025-09-10,Credit Card
TXN-fcfa413c,CUST-31d76d39,SUB-7fc0ee15,1999.0,USD,Success,2025-10-10,PayPal
TXN-f40723d8,CUST-31d76d39,SUB-7fc0ee15,1999.0,USD,Success,2025-11-10,Credit Card
TXN-04ac2150,CUST-31d76d39,SUB-7fc0ee15,1999.0,USD,Success,2025-12-10,Credit Card
TXN-50c4507f,CUST-31d76d39,SUB-7fc0ee15,1999.0,USD,Success,2026-01-10,PayPal
TXN-a831ffd1,CUST-31d76d39,SUB-7fc0ee15,1999.0,USD,Success,2026-02-10,Credit Card
TXN-1a499c4d,CUST-31d76d39,SUB-7fc0ee15,1999.0,USD,Success,2026-03-10,PayPal
TXN-f22785f8,CUST-31d76d39,SUB-7fc0ee15,1999.0,USD,Success,2026-04-10,Credit Card
TXN-6d41f4a6,CUST-0e092597,SUB-eaeaaa34,199.0,USD,Success,2026-02-13,PayPal
TXN-55d6f89b,CUST-0e092597,SUB-eaeaaa34,199.0,USD,Success,2026-03-13,PayPal
TXN-a396989a,CUST-0e092597,SUB-eaeaaa34,199.0,USD,Success,2026-04-13,PayPal
TXN-3e497218,CUST-42cfcb6c,SUB-ce1c4a63,49.0,USD,Success,2026-01-01,Wire Transfer
TXN-48d0de03,CUST-42cfcb6c,SUB-ce1c4a63,49.0,USD,Success,2026-02-01,Credit Card
TXN-539192aa,CUST-ec9bba19,SUB-03e43dc5,49.0,USD,Success,2026-02-27,Wire Transfer
TXN-77b8e666,CUST-ec9bba19,SUB-03e43dc5,49.0,USD,Success,2026-03-27,Credit Card
TXN-d1e66bce,CUST-ec9bba19,SUB-03e43dc5,49.0,USD,Success,2026-04-27,Credit Card
TXN-f1c8fdbf,CUST-92874c7a,SUB-7a87f28d,49.0,USD,Success,2025-11-27,Credit Card
TXN-06a22850,CUST-92874c7a,SUB-7a87f28d,49.0,USD,Success,2025-12-27,Wire Transfer
TXN-51f206af,CUST-92874c7a,SUB-7a87f28d,49.0,USD,Success,2026-01-27,Credit Card
TXN-dcad1f97,CUST-92874c7a,SUB-7a87f28d,49.0,USD,Success,2026-02-27,Wire Transfer
TXN-186306ae,CUST-92874c7a,SUB-7a87f28d,49.0,USD,Success,2026-03-27,PayPal
TXN-31517e8d,CUST-92874c7a,SUB-7a87f28d,49.0,USD,Failed,2026-04-27,Credit Card
TXN-141867fa,CUST-891033ce,SUB-92a0d27f,1999.0,USD,Success,2025-10-05,Credit Card
TXN-5ea0af97,CUST-891033ce,SUB-92a0d27f,1999.0,USD,Success,2025-11-05,PayPal
TXN-faaab434,CUST-891033ce,SUB-92a0d27f,1999.0,USD,Success,2025-12-05,PayPal
TXN-53240e7b,CUST-891033ce,SUB-92a0d27f,1999.0,USD,Success,2026-01-05,Credit Card
TXN-15d7e7ac,CUST-891033ce,SUB-92a0d27f,1999.0,USD,Success,2026-02-05,PayPal
TXN-09bc57e8,CUST-891033ce,SUB-92a0d27f,1999.0,USD,Success,2026-03-05,Wire Transfer
TXN-83ea0bd3,CUST-891033ce,SUB-92a0d27f,1999.0,USD,Success,2026-04-05,Wire Transfer
TXN-783f59a2,CUST-891033ce,SUB-92a0d27f,1999.0,USD,Success,2026-05-05,Credit Card
TXN-eabd9c33,CUST-f6462af6,SUB-7031413d,199.0,USD,Success,2024-05-22,Wire Transfer
TXN-78fe8a9b,CUST-f6462af6,SUB-7031413d,199.0,USD,Success,2024-06-22,Wire Transfer
TXN-a278b2ed,CUST-f6462af6,SUB-7031413d,199.0,USD,Success,2024-07-22,Credit Card
TXN-c083d899,CUST-f6462af6,SUB-7031413d,199.0,USD,Success,2024-08-22,PayPal
TXN-18eee034,CUST-f6462af6,SUB-7031413d,199.0,USD,Success,2024-09-22,Credit Card
TXN-c338b905,CUST-f6462af6,SUB-7031413d,199.0,USD,Success,2024-10-22,Wire Transfer
TXN-8b73b871,CUST-f6462af6,SUB-7031413d,199.0,USD,Success,2024-11-22,Credit Card
TXN-57c84a1a,CUST-f6462af6,SUB-7031413d,199.0,USD,Success,2024-12-22,Credit Card
TXN-89c98dcd,CUST-f6462af6,SUB-7031413d,199.0,USD,Success,2025-01-22,Wire Transfer
TXN-1ab1af1f,CUST-f6462af6,SUB-7031413d,199.0,USD,Success,2025-02-22,Wire Transfer
TXN-cfa20665,CUST-dc2e0db0,SUB-319b8345,49.0,USD,Success,2025-01-27,Credit Card
TXN-4c2527dc,CUST-dc2e0db0,SUB-319b8345,49.0,USD,Success,2025-02-27,Wire Transfer
TXN-43047bf7,CUST-dc2e0db0,SUB-319b8345,49.0,USD,Success,2025-03-27,Wire Transfer
TXN-3e56a7c8,CUST-dc2e0db0,SUB-319b8345,49.0,USD,Success,2025-04-27,Wire Transfer
TXN-f03c5007,CUST-dc2e0db0,SUB-319b8345,49.0,USD,Success,2025-05-27,Wire Transfer
TXN-784caacb,CUST-dc2e0db0,SUB-319b8345,49.0,USD,Success,2025-06-27,Wire Transfer
TXN-44ec23cd,CUST-dc2e0db0,SUB-319b8345,49.0,USD,Success,2025-07-27,Wire Transfer
TXN-b97e5884,CUST-dc2e0db0,SUB-319b8345,49.0,USD,Success,2025-08-27,PayPal
TXN-fab8af60,CUST-dc2e0db0,SUB-319b8345,49.0,USD,Success,2025-09-27,Credit Card
TXN-efd7ca86,CUST-dc2e0db0,SUB-319b8345,49.0,USD,Success,2025-10-27,Wire Transfer
TXN-06079d3a,CUST-eed2b6d4,SUB-ac7a805a,49.0,USD,Failed,2025-07-30,Credit Card
TXN-2686a857,CUST-eed2b6d4,SUB-ac7a805a,49.0,USD,Success,2025-08-30,PayPal
TXN-35ce0c0d,CUST-eed2b6d4,SUB-ac7a805a,49.0,USD,Success,2025-09-30,Wire Transfer
TXN-22cd6c32,CUST-eed2b6d4,SUB-ac7a805a,49.0,USD,Success,2025-10-30,Credit Card
TXN-565d9ffa,CUST-eed2b6d4,SUB-ac7a805a,49.0,USD,Success,2025-11-30,Wire Transfer
TXN-b5247ba0,CUST-eed2b6d4,SUB-ac7a805a,49.0,USD,Success,2025-12-30,Wire Transfer
TXN-dceea382,CUST-eed2b6d4,SUB-ac7a805a,49.0,USD,Success,2026-01-30,Wire Transfer
TXN-dc93b15c,CUST-eed2b6d4,SUB-ac7a805a,49.0,USD,Failed,2026-02-28,Wire Transfer
TXN-99885b80,CUST-eed2b6d4,SUB-ac7a805a,49.0,USD,Success,2026-03-28,Wire Transfer
TXN-9ed04386,CUST-eed2b6d4,SUB-ac7a805a,49.0,USD,Failed,2026-04-28,Wire Transfer
TXN-69a5dcbb,CUST-f5bb95a1,SUB-1f129f20,199.0,USD,Success,2025-12-28,Wire Transfer
TXN-b6c309a4,CUST-f5bb95a1,SUB-1f129f20,199.0,USD,Success,2026-01-28,PayPal
TXN-108e6eb3,CUST-f5bb95a1,SUB-1f129f20,199.0,USD,Success,2026-02-28,PayPal
TXN-0128792a,CUST-f5bb95a1,SUB-1f129f20,199.0,USD,Success,2026-03-28,Wire Transfer
TXN-92fb2179,CUST-46422120,SUB-d37e957c,199.0,USD,Success,2024-05-08,Wire Transfer
TXN-dcb70fd6,CUST-46422120,SUB-d37e957c,199.0,USD,Success,2024-06-08,PayPal
TXN-3fb462ed,CUST-46422120,SUB-d37e957c,199.0,USD,Success,2024-07-08,PayPal
TXN-6e277321,CUST-46422120,SUB-d37e957c,199.0,USD,Success,2024-08-08,PayPal
TXN-467559e8,CUST-46422120,SUB-d37e957c,199.0,USD,Success,2024-09-08,Wire Transfer
TXN-af2cb633,CUST-46422120,SUB-d37e957c,199.0,USD,Success,2024-10-08,Credit Card
TXN-ccf4857c,CUST-46422120,SUB-d37e957c,199.0,USD,Success,2024-11-08,Credit Card
TXN-93c5a9c3,CUST-46422120,SUB-d37e957c,199.0,USD,Success,2024-12-08,Credit Card
TXN-a7705769,CUST-46422120,SUB-d37e957c,199.0,USD,Success,2025-01-08,Credit Card
TXN-2904fa0d,CUST-46422120,SUB-d37e957c,199.0,USD,Success,2025-02-08,Wire Transfer
TXN-22fa2f9f,CUST-46422120,SUB-d37e957c,199.0,USD,Success,2025-03-08,Credit Card
TXN-e44ad0a9,CUST-46422120,SUB-d37e957c,199.0,USD,Success,2025-04-08,PayPal
TXN-4e1c00c7,CUST-46422120,SUB-d37e957c,199.0,USD,Success,2025-05-08,PayPal
TXN-4b4236f5,CUST-46422120,SUB-d37e957c,199.0,USD,Success,2025-06-08,Credit Card
TXN-4e99d729,CUST-46422120,SUB-d37e957c,199.0,USD,Success,2025-07-08,PayPal
TXN-8472fa38,CUST-46422120,SUB-d37e957c,199.0,USD,Success,2025-08-08,Wire Transfer
TXN-ef001ba0,CUST-46422120,SUB-d37e957c,199.0,USD,Success,2025-09-08,Credit Card
TXN-7a3b3e18,CUST-46422120,SUB-d37e957c,199.0,USD,Refunded,2025-10-08,Credit Card
TXN-72eec606,CUST-46422120,SUB-d37e957c,199.0,USD,Success,2025-11-08,Wire Transfer
TXN-75bade9b,CUST-46422120,SUB-d37e957c,199.0,USD,Success,2025-12-08,PayPal
TXN-ec5a9ea4,CUST-46422120,SUB-d37e957c,199.0,USD,Success,2026-01-08,Wire Transfer
TXN-980eec08,CUST-46422120,SUB-d37e957c,199.0,USD,Success,2026-02-08,Wire Transfer
TXN-53c78883,CUST-46422120,SUB-d37e957c,199.0,USD,Success,2026-03-08,PayPal
TXN-98bfccb6,CUST-46422120,SUB-d37e957c,199.0,USD,Success,2026-04-08,Wire Transfer
TXN-950636c4,CUST-46422120,SUB-d37e957c,199.0,USD,Success,2026-05-08,PayPal
TXN-d0ed419d,CUST-fc4f73f7,SUB-8c8d4964,49.0,USD,Success,2024-09-09,PayPal
TXN-aaf64cc0,CUST-fc4f73f7,SUB-8c8d4964,49.0,USD,Success,2024-10-09,Wire Transfer
TXN-f5993bae,CUST-fc4f73f7,SUB-8c8d4964,49.0,USD,Success,2024-11-09,PayPal
TXN-762edb42,CUST-fc4f73f7,SUB-8c8d4964,49.0,USD,Success,2024-12-09,Wire Transfer
TXN-7a905427,CUST-fc4f73f7,SUB-8c8d4964,49.0,USD,Success,2025-01-09,PayPal
TXN-ce6fe5fd,CUST-fc4f73f7,SUB-8c8d4964,49.0,USD,Success,2025-02-09,Credit Card
TXN-dc5c419b,CUST-fc4f73f7,SUB-8c8d4964,49.0,USD,Success,2025-03-09,PayPal
TXN-537ba0a4,CUST-fc4f73f7,SUB-8c8d4964,49.0,USD,Success,2025-04-09,PayPal
TXN-468635be,CUST-fc4f73f7,SUB-8c8d4964,49.0,USD,Success,2025-05-09,Wire Transfer
TXN-18835e25,CUST-fc4f73f7,SUB-8c8d4964,49.0,USD,Failed,2025-06-09,PayPal
TXN-ce3db91a,CUST-fc4f73f7,SUB-8c8d4964,49.0,USD,Success,2025-07-09,Credit Card
TXN-d9ee78fa,CUST-fc4f73f7,SUB-8c8d4964,49.0,USD,Success,2025-08-09,Credit Card
TXN-27555bd3,CUST-fc4f73f7,SUB-8c8d4964,49.0,USD,Success,2025-09-09,PayPal
TXN-dd7aca9f,CUST-fc4f73f7,SUB-8c8d4964,49.0,USD,Success,2025-10-09,PayPal
TXN-3b98079a,CUST-fc4f73f7,SUB-8c8d4964,49.0,USD,Success,2025-11-09,Credit Card
TXN-56479dec,CUST-fc4f73f7,SUB-8c8d4964,49.0,USD,Success,2025-12-09,Wire Transfer
TXN-319ba446,CUST-fc4f73f7,SUB-8c8d4964,49.0,USD,Success,2026-01-09,Credit Card
TXN-4118f55d,CUST-fc4f73f7,SUB-8c8d4964,49.0,USD,Success,2026-02-09,Credit Card
TXN-71cf7418,CUST-fc4f73f7,SUB-8c8d4964,49.0,USD,Failed,2026-03-09,PayPal
TXN-d1e582f2,CUST-fc4f73f7,SUB-8c8d4964,49.0,USD,Success,2026-04-09,PayPal
TXN-7310d780,CUST-497a034b,SUB-f3b0c340,1999.0,USD,Success,2024-07-22,Credit Card
TXN-fd2b8270,CUST-497a034b,SUB-f3b0c340,1999.0,USD,Success,2024-08-22,Wire Transfer
TXN-c16468d9,CUST-497a034b,SUB-f3b0c340,1999.0,USD,Failed,2024-09-22,Credit Card
TXN-c34815a1,CUST-497a034b,SUB-f3b0c340,1999.0,USD,Success,2024-10-22,Credit Card
TXN-2b199def,CUST-497a034b,SUB-f3b0c340,1999.0,USD,Success,2024-11-22,Wire Transfer
TXN-942d85e7,CUST-497a034b,SUB-f3b0c340,1999.0,USD,Success,2024-12-22,Credit Card
TXN-e6c525d2,CUST-497a034b,SUB-f3b0c340,1999.0,USD,Success,2025-01-22,Credit Card
TXN-c207b4c1,CUST-497a034b,SUB-f3b0c340,1999.0,USD,Success,2025-02-22,PayPal
TXN-8e5293cf,CUST-497a034b,SUB-f3b0c340,1999.0,USD,Success,2025-03-22,Wire Transfer
TXN-db451007,CUST-497a034b,SUB-f3b0c340,1999.0,USD,Success,2025-04-22,PayPal
TXN-01732fa3,CUST-497a034b,SUB-f3b0c340,1999.0,USD,Success,2025-05-22,PayPal
TXN-ef707669,CUST-497a034b,SUB-f3b0c340,1999.0,USD,Success,2025-06-22,Wire Transfer
TXN-252a6d38,CUST-497a034b,SUB-f3b0c340,1999.0,USD,Success,2025-07-22,Wire Transfer
TXN-5c07a1e9,CUST-497a034b,SUB-f3b0c340,1999.0,USD,Success,2025-08-22,Credit Card
TXN-134a7ec8,CUST-497a034b,SUB-f3b0c340,1999.0,USD,Success,2025-09-22,PayPal
TXN-9819beeb,CUST-497a034b,SUB-f3b0c340,1999.0,USD,Success,2025-10-22,Wire Transfer
TXN-b3ecc053,CUST-497a034b,SUB-f3b0c340,1999.0,USD,Success,2025-11-22,PayPal
TXN-371b7602,CUST-497a034b,SUB-f3b0c340,1999.0,USD,Success,2025-12-22,PayPal
TXN-17c61c93,CUST-497a034b,SUB-f3b0c340,1999.0,USD,Failed,2026-01-22,Wire Transfer
TXN-11b0025b,CUST-497a034b,SUB-f3b0c340,1999.0,USD,Success,2026-02-22,Credit Card
TXN-5c02ac4b,CUST-497a034b,SUB-f3b0c340,1999.0,USD,Success,2026-03-22,PayPal
TXN-7d9ac156,CUST-497a034b,SUB-f3b0c340,1999.0,USD,Success,2026-04-22,Wire Transfer
TXN-699e9678,CUST-b3f26a6e,SUB-211312a6,199.0,USD,Success,2025-04-02,Credit Card
TXN-cabb0b4f,CUST-b3f26a6e,SUB-211312a6,199.0,USD,Success,2025-05-02,PayPal
TXN-59775579,CUST-b3f26a6e,SUB-211312a6,199.0,USD,Success,2025-06-02,Wire Transfer
TXN-6e66c1dc,CUST-b3f26a6e,SUB-211312a6,199.0,USD,Success,2025-07-02,PayPal
TXN-0a09ecaf,CUST-b3f26a6e,SUB-211312a6,199.0,USD,Success,2025-08-02,Wire Transfer
TXN-db5717b3,CUST-b3f26a6e,SUB-211312a6,199.0,USD,Success,2025-09-02,Wire Transfer
TXN-67391655,CUST-b3f26a6e,SUB-211312a6,199.0,USD,Success,2025-10-02,PayPal
TXN-f7b2bf12,CUST-b3f26a6e,SUB-211312a6,199.0,USD,Success,2025-11-02,PayPal
TXN-6df094dd,CUST-b3f26a6e,SUB-211312a6,199.0,USD,Success,2025-12-02,Wire Transfer
TXN-a3d1fb5b,CUST-b3f26a6e,SUB-211312a6,199.0,USD,Success,2026-01-02,Credit Card
TXN-7c403dfe,CUST-b3f26a6e,SUB-211312a6,199.0,USD,Success,2026-02-02,PayPal
TXN-b6286a2d,CUST-b3f26a6e,SUB-211312a6,199.0,USD,Success,2026-03-02,Wire Transfer
TXN-49d5161f,CUST-b3f26a6e,SUB-211312a6,199.0,USD,Success,2026-04-02,Wire Transfer
TXN-47357a13,CUST-b3f26a6e,SUB-211312a6,199.0,USD,Success,2026-05-02,Credit Card
TXN-4890e2b1,CUST-3cfcc7ba,SUB-38742298,49.0,USD,Success,2024-12-05,Credit Card
TXN-df8ace46,CUST-3cfcc7ba,SUB-38742298,49.0,USD,Success,2025-01-05,Credit Card
TXN-929bceec,CUST-3cfcc7ba,SUB-38742298,49.0,USD,Success,2025-02-05,PayPal
TXN-a198d6ea,CUST-3cfcc7ba,SUB-38742298,49.0,USD,Success,2025-03-05,Wire Transfer
TXN-6912fdfa,CUST-3cfcc7ba,SUB-38742298,49.0,USD,Success,2025-04-05,Wire Transfer
TXN-0bc7621d,CUST-3cfcc7ba,SUB-38742298,49.0,USD,Success,2025-05-05,Wire Transfer
TXN-77dfedb5,CUST-3cfcc7ba,SUB-38742298,49.0,USD,Success,2025-06-05,Credit Card
TXN-786ecd54,CUST-3cfcc7ba,SUB-38742298,49.0,USD,Success,2025-07-05,Wire Transfer
TXN-bd867048,CUST-3cfcc7ba,SUB-38742298,49.0,USD,Success,2025-08-05,PayPal
TXN-c927bdaf,CUST-3cfcc7ba,SUB-38742298,49.0,USD,Success,2025-09-05,Credit Card
TXN-0294ace1,CUST-3cfcc7ba,SUB-38742298,49.0,USD,Refunded,2025-10-05,Credit Card
TXN-b72b8520,CUST-3cfcc7ba,SUB-38742298,49.0,USD,Success,2025-11-05,Credit Card
TXN-cadedfbf,CUST-c3bf68ba,SUB-34b6e7fa,499.0,USD,Success,2025-11-16,Credit Card
TXN-21e063f6,CUST-c3bf68ba,SUB-34b6e7fa,499.0,USD,Success,2025-12-16,PayPal
TXN-52e16bc9,CUST-c3bf68ba,SUB-34b6e7fa,499.0,USD,Success,2026-01-16,Wire Transfer
TXN-94c15123,CUST-938ea356,SUB-84501fb0,49.0,USD,Success,2026-01-06,PayPal
TXN-c7d52f0f,CUST-938ea356,SUB-84501fb0,49.0,USD,Success,2026-02-06,Wire Transfer
TXN-ab2a402b,CUST-938ea356,SUB-84501fb0,49.0,USD,Success,2026-03-06,PayPal
TXN-92c643bd,CUST-938ea356,SUB-84501fb0,49.0,USD,Success,2026-04-06,Credit Card
TXN-46c9a7d6,CUST-938ea356,SUB-84501fb0,49.0,USD,Success,2026-05-06,Credit Card
TXN-a0120dde,CUST-86a003bd,SUB-0323df60,1999.0,USD,Success,2025-02-06,PayPal
TXN-958cf585,CUST-86a003bd,SUB-0323df60,1999.0,USD,Success,2025-03-06,PayPal
TXN-c37d9f77,CUST-86a003bd,SUB-0323df60,1999.0,USD,Success,2025-04-06,Wire Transfer
TXN-3057e391,CUST-86a003bd,SUB-0323df60,1999.0,USD,Success,2025-05-06,PayPal
TXN-3c151bce,CUST-86a003bd,SUB-0323df60,1999.0,USD,Failed,2025-06-06,PayPal
TXN-d279235c,CUST-86a003bd,SUB-0323df60,1999.0,USD,Success,2025-07-06,Wire Transfer
TXN-c931b140,CUST-86a003bd,SUB-0323df60,1999.0,USD,Success,2025-08-06,Wire Transfer
TXN-0b443de4,CUST-86a003bd,SUB-0323df60,1999.0,USD,Success,2025-09-06,Wire Transfer
TXN-5a7d5a80,CUST-86a003bd,SUB-0323df60,1999.0,USD,Success,2025-10-06,PayPal
TXN-6014083a,CUST-86a003bd,SUB-0323df60,1999.0,USD,Success,2025-11-06,Wire Transfer
TXN-df5ce705,CUST-86a003bd,SUB-0323df60,1999.0,USD,Success,2025-12-06,Credit Card
TXN-f39053fd,CUST-86a003bd,SUB-0323df60,1999.0,USD,Success,2026-01-06,Credit Card
TXN-06bf8c89,CUST-86a003bd,SUB-0323df60,1999.0,USD,Success,2026-02-06,Credit Card
TXN-28d661b1,CUST-86a003bd,SUB-0323df60,1999.0,USD,Success,2026-03-06,PayPal
TXN-eb831b94,CUST-86a003bd,SUB-0323df60,1999.0,USD,Success,2026-04-06,Credit Card
TXN-49d443a4,CUST-86a003bd,SUB-0323df60,1999.0,USD,Success,2026-05-06,PayPal
TXN-63d6e0e5,CUST-dcc76514,SUB-15985255,1999.0,USD,Success,2026-04-07,PayPal
TXN-bb8134c0,CUST-dcc76514,SUB-15985255,1999.0,USD,Failed,2026-05-07,Credit Card
TXN-c876af2e,CUST-62013108,SUB-559f94c3,499.0,USD,Success,2024-10-02,Wire Transfer
TXN-e760c8ae,CUST-62013108,SUB-559f94c3,499.0,USD,Success,2024-11-02,PayPal
TXN-5f401337,CUST-62013108,SUB-559f94c3,499.0,USD,Success,2024-12-02,Credit Card
TXN-7fd30bac,CUST-62013108,SUB-559f94c3,499.0,USD,Success,2025-01-02,PayPal
TXN-4f91e23c,CUST-62013108,SUB-559f94c3,499.0,USD,Success,2025-02-02,Wire Transfer
TXN-4e4a1671,CUST-62013108,SUB-559f94c3,499.0,USD,Success,2025-03-02,Wire Transfer
TXN-681bf776,CUST-62013108,SUB-559f94c3,499.0,USD,Success,2025-04-02,Credit Card
TXN-32d4ea72,CUST-62013108,SUB-559f94c3,499.0,USD,Success,2025-05-02,PayPal
TXN-cc65a2c9,CUST-62013108,SUB-559f94c3,499.0,USD,Success,2025-06-02,PayPal
TXN-29ee210a,CUST-62013108,SUB-559f94c3,499.0,USD,Success,2025-07-02,PayPal
TXN-4eaa2f5c,CUST-62013108,SUB-559f94c3,499.0,USD,Success,2025-08-02,PayPal
TXN-903b5de9,CUST-62013108,SUB-559f94c3,499.0,USD,Success,2025-09-02,Credit Card
TXN-2cd3333f,CUST-62013108,SUB-559f94c3,499.0,USD,Success,2025-10-02,Wire Transfer
TXN-02251b81,CUST-62013108,SUB-559f94c3,499.0,USD,Success,2025-11-02,Credit Card
TXN-61dadbb7,CUST-62013108,SUB-559f94c3,499.0,USD,Success,2025-12-02,PayPal
TXN-8d09e57c,CUST-62013108,SUB-559f94c3,499.0,USD,Success,2026-01-02,PayPal
TXN-c100fb76,CUST-62013108,SUB-559f94c3,499.0,USD,Success,2026-02-02,Wire Transfer
TXN-7dbc7507,CUST-62013108,SUB-559f94c3,499.0,USD,Success,2026-03-02,PayPal
TXN-8ac07441,CUST-62013108,SUB-559f94c3,499.0,USD,Success,2026-04-02,Credit Card
TXN-e8935f32,CUST-62013108,SUB-559f94c3,499.0,USD,Success,2026-05-02,Credit Card
TXN-b72614c8,CUST-ea32d90a,SUB-97001ec4,499.0,USD,Success,2025-11-22,Wire Transfer
TXN-40367aef,CUST-ea32d90a,SUB-97001ec4,499.0,USD,Success,2025-12-22,Credit Card
TXN-53a1b9ed,CUST-ea32d90a,SUB-97001ec4,499.0,USD,Success,2026-01-22,Credit Card
TXN-d3c583cf,CUST-ea32d90a,SUB-97001ec4,499.0,USD,Success,2026-02-22,Credit Card
TXN-cdbb866c,CUST-ea32d90a,SUB-97001ec4,499.0,USD,Success,2026-03-22,Credit Card
TXN-6d008533,CUST-ea32d90a,SUB-97001ec4,499.0,USD,Success,2026-04-22,PayPal
TXN-5f071bf0,CUST-1d9e13a0,SUB-f2f1b401,49.0,USD,Success,2024-11-09,Credit Card
TXN-ddcfb693,CUST-1d9e13a0,SUB-f2f1b401,49.0,USD,Failed,2024-12-09,Wire Transfer
TXN-f7a79242,CUST-1d9e13a0,SUB-f2f1b401,49.0,USD,Success,2025-01-09,Wire Transfer
TXN-6e6fb033,CUST-1d9e13a0,SUB-f2f1b401,49.0,USD,Success,2025-02-09,Credit Card
TXN-83a638cb,CUST-1d9e13a0,SUB-f2f1b401,49.0,USD,Success,2025-03-09,Wire Transfer
TXN-2ae2eb7c,CUST-1d9e13a0,SUB-f2f1b401,49.0,USD,Success,2025-04-09,Credit Card
TXN-41b5b26f,CUST-1d9e13a0,SUB-f2f1b401,49.0,USD,Success,2025-05-09,Wire Transfer
TXN-8d7d44bf,CUST-1d9e13a0,SUB-f2f1b401,49.0,USD,Success,2025-06-09,Wire Transfer
TXN-070e197b,CUST-1d9e13a0,SUB-f2f1b401,49.0,USD,Success,2025-07-09,Credit Card
TXN-9c23b18b,CUST-1d9e13a0,SUB-f2f1b401,49.0,USD,Success,2025-08-09,Credit Card
TXN-8e198e06,CUST-1d9e13a0,SUB-f2f1b401,49.0,USD,Success,2025-09-09,PayPal
TXN-451271e3,CUST-1d9e13a0,SUB-f2f1b401,49.0,USD,Success,2025-10-09,Credit Card
TXN-b52dfd04,CUST-1d9e13a0,SUB-f2f1b401,49.0,USD,Success,2025-11-09,Credit Card
TXN-954d6a78,CUST-1d9e13a0,SUB-f2f1b401,49.0,USD,Success,2025-12-09,PayPal
TXN-38be3f9e,CUST-1d9e13a0,SUB-f2f1b401,49.0,USD,Success,2026-01-09,Credit Card
TXN-e8fcd65f,CUST-1d9e13a0,SUB-f2f1b401,49.0,USD,Success,2026-02-09,Credit Card
TXN-8ef51dad,CUST-1d9e13a0,SUB-f2f1b401,49.0,USD,Success,2026-03-09,PayPal
TXN-57a1f966,CUST-1d9e13a0,SUB-f2f1b401,49.0,USD,Failed,2026-04-09,Credit Card
TXN-7cac53ad,CUST-12a328e1,SUB-a0e8131e,1999.0,USD,Success,2025-06-20,Credit Card
TXN-a6c7b852,CUST-12a328e1,SUB-a0e8131e,1999.0,USD,Success,2025-07-20,PayPal
TXN-b86b3dc6,CUST-12a328e1,SUB-a0e8131e,1999.0,USD,Success,2025-08-20,PayPal
TXN-a2517a41,CUST-12a328e1,SUB-a0e8131e,1999.0,USD,Success,2025-09-20,Wire Transfer
TXN-cccb9f8c,CUST-12a328e1,SUB-a0e8131e,1999.0,USD,Success,2025-10-20,Credit Card
TXN-28dc8bc4,CUST-12a328e1,SUB-a0e8131e,1999.0,USD,Success,2025-11-20,Wire Transfer
TXN-03a95eed,CUST-12a328e1,SUB-a0e8131e,1999.0,USD,Success,2025-12-20,Wire Transfer
TXN-a6b817ae,CUST-12a328e1,SUB-a0e8131e,1999.0,USD,Success,2026-01-20,PayPal
TXN-eaaedb93,CUST-12a328e1,SUB-a0e8131e,1999.0,USD,Success,2026-02-20,Credit Card
TXN-af3cba8a,CUST-12a328e1,SUB-a0e8131e,1999.0,USD,Success,2026-03-20,Credit Card
TXN-7772fca0,CUST-12a328e1,SUB-a0e8131e,1999.0,USD,Success,2026-04-20,PayPal
TXN-0b526f13,CUST-8ca42776,SUB-2100d1ec,199.0,USD,Success,2025-09-29,Wire Transfer
TXN-3c281d97,CUST-8ca42776,SUB-2100d1ec,199.0,USD,Success,2025-10-29,PayPal
TXN-c77d737d,CUST-8ca42776,SUB-2100d1ec,199.0,USD,Success,2025-11-29,Credit Card
TXN-3bec1985,CUST-8ca42776,SUB-2100d1ec,199.0,USD,Success,2025-12-29,PayPal
TXN-ab050af0,CUST-8ca42776,SUB-2100d1ec,199.0,USD,Success,2026-01-29,Credit Card
TXN-a62e452c,CUST-8ca42776,SUB-2100d1ec,199.0,USD,Success,2026-02-28,Wire Transfer
TXN-f9b3f30d,CUST-8ca42776,SUB-2100d1ec,199.0,USD,Success,2026-03-28,Credit Card
TXN-8951d86b,CUST-8ca42776,SUB-2100d1ec,199.0,USD,Success,2026-04-28,Wire Transfer
TXN-d31a795a,CUST-aa20f81f,SUB-4faabc8e,499.0,USD,Success,2025-07-25,Wire Transfer
TXN-e379fc8d,CUST-aa20f81f,SUB-4faabc8e,499.0,USD,Success,2025-08-25,Credit Card
TXN-29be7a03,CUST-aa20f81f,SUB-4faabc8e,499.0,USD,Success,2025-09-25,Credit Card
TXN-4fa90f7a,CUST-aa20f81f,SUB-4faabc8e,499.0,USD,Success,2025-10-25,Wire Transfer
TXN-60bd40f2,CUST-aa20f81f,SUB-4faabc8e,499.0,USD,Success,2025-11-25,PayPal
TXN-137a3d51,CUST-aa20f81f,SUB-4faabc8e,499.0,USD,Success,2025-12-25,Credit Card
TXN-42bb503b,CUST-aa20f81f,SUB-4faabc8e,499.0,USD,Success,2026-01-25,Wire Transfer
TXN-f753c9fb,CUST-aa20f81f,SUB-4faabc8e,499.0,USD,Success,2026-02-25,Wire Transfer
TXN-eda8b70a,CUST-aa20f81f,SUB-4faabc8e,499.0,USD,Success,2026-03-25,PayPal
TXN-729bf5dc,CUST-aa20f81f,SUB-4faabc8e,499.0,USD,Failed,2026-04-25,Credit Card
TXN-a3c1dbca,CUST-7ca5b17f,SUB-ecfef724,1999.0,USD,Success,2025-02-12,Wire Transfer
TXN-82a3439d,CUST-7ca5b17f,SUB-ecfef724,1999.0,USD,Success,2025-03-12,PayPal
TXN-77fa0cc4,CUST-7ca5b17f,SUB-ecfef724,1999.0,USD,Success,2025-04-12,Wire Transfer
TXN-8caa5934,CUST-7ca5b17f,SUB-ecfef724,1999.0,USD,Success,2025-05-12,Credit Card
TXN-6c3ef61e,CUST-7ca5b17f,SUB-ecfef724,1999.0,USD,Success,2025-06-12,PayPal
TXN-2a3441c2,CUST-7ca5b17f,SUB-ecfef724,1999.0,USD,Success,2025-07-12,Wire Transfer
TXN-1ea596e0,CUST-7ca5b17f,SUB-ecfef724,1999.0,USD,Success,2025-08-12,PayPal
TXN-b8f12eae,CUST-7ca5b17f,SUB-ecfef724,1999.0,USD,Success,2025-09-12,Credit Card
TXN-d64ef2d6,CUST-7ca5b17f,SUB-ecfef724,1999.0,USD,Success,2025-10-12,PayPal
TXN-b111ebb0,CUST-7ca5b17f,SUB-ecfef724,1999.0,USD,Failed,2025-11-12,Credit Card
TXN-e7871838,CUST-7ca5b17f,SUB-ecfef724,1999.0,USD,Success,2025-12-12,Wire Transfer
TXN-2c4bfd4a,CUST-7ca5b17f,SUB-ecfef724,1999.0,USD,Success,2026-01-12,Credit Card
TXN-3ee5fa05,CUST-7ca5b17f,SUB-ecfef724,1999.0,USD,Success,2026-02-12,Wire Transfer
TXN-82beb8e7,CUST-7ca5b17f,SUB-ecfef724,1999.0,USD,Refunded,2026-03-12,Wire Transfer
TXN-efa52365,CUST-7ca5b17f,SUB-ecfef724,1999.0,USD,Success,2026-04-12,Credit Card
TXN-3d463438,CUST-13c55b12,SUB-1f3060ad,1999.0,USD,Success,2026-01-04,Wire Transfer
TXN-efcd258e,CUST-13c55b12,SUB-1f3060ad,1999.0,USD,Success,2026-02-04,PayPal
TXN-ff1df29b,CUST-13c55b12,SUB-1f3060ad,1999.0,USD,Success,2026-03-04,Wire Transfer
TXN-59d0ed13,CUST-46335248,SUB-1e7cbd22,499.0,USD,Success,2025-12-02,Credit Card
TXN-c4f819ac,CUST-46335248,SUB-1e7cbd22,499.0,USD,Success,2026-01-02,PayPal
TXN-60e3557e,CUST-46335248,SUB-1e7cbd22,499.0,USD,Success,2026-02-02,PayPal
TXN-b7deba12,CUST-46335248,SUB-1e7cbd22,499.0,USD,Success,2026-03-02,Wire Transfer
TXN-4536d5b8,CUST-46335248,SUB-1e7cbd22,499.0,USD,Success,2026-04-02,Wire Transfer
TXN-6e5cca64,CUST-46335248,SUB-1e7cbd22,499.0,USD,Success,2026-05-02,Credit Card
TXN-5d28cdb7,CUST-22fce312,SUB-c876c173,49.0,USD,Success,2024-12-14,PayPal
TXN-c69c5f8e,CUST-22fce312,SUB-c876c173,49.0,USD,Success,2025-01-14,Credit Card
TXN-f7f5379e,CUST-22fce312,SUB-c876c173,49.0,USD,Success,2025-02-14,Wire Transfer
TXN-ed7745cf,CUST-22fce312,SUB-c876c173,49.0,USD,Failed,2025-03-14,PayPal
TXN-3332af44,CUST-22fce312,SUB-c876c173,49.0,USD,Success,2025-04-14,Credit Card
TXN-c3242487,CUST-22fce312,SUB-c876c173,49.0,USD,Success,2025-05-14,Credit Card
TXN-94dccdc6,CUST-10978c45,SUB-3e37212e,1999.0,USD,Success,2025-10-09,Credit Card
TXN-cc3da71b,CUST-10978c45,SUB-3e37212e,1999.0,USD,Success,2025-11-09,Credit Card
TXN-4afd6357,CUST-10978c45,SUB-3e37212e,1999.0,USD,Success,2025-12-09,Credit Card
TXN-748ba1c8,CUST-10978c45,SUB-3e37212e,1999.0,USD,Success,2026-01-09,PayPal
TXN-92d6680c,CUST-10978c45,SUB-3e37212e,1999.0,USD,Success,2026-02-09,Credit Card
TXN-44531dbb,CUST-10978c45,SUB-3e37212e,1999.0,USD,Success,2026-03-09,PayPal
TXN-9f5b1c0e,CUST-10978c45,SUB-3e37212e,1999.0,USD,Success,2026-04-09,Credit Card
TXN-bd23f809,CUST-ba5979a0,SUB-f0320ad0,199.0,USD,Success,2025-03-26,Wire Transfer
TXN-e721ca62,CUST-ba5979a0,SUB-f0320ad0,199.0,USD,Success,2025-04-26,Wire Transfer
TXN-c08050c1,CUST-ba5979a0,SUB-f0320ad0,199.0,USD,Success,2025-05-26,Credit Card
TXN-19fc8319,CUST-1c407a5b,SUB-e054489c,1999.0,USD,Success,2025-07-14,Wire Transfer
TXN-4699e11a,CUST-1c407a5b,SUB-e054489c,1999.0,USD,Success,2025-08-14,PayPal
TXN-a97e6535,CUST-1c407a5b,SUB-e054489c,1999.0,USD,Success,2025-09-14,Credit Card
TXN-acd26500,CUST-a055c52e,SUB-ca3c259b,199.0,USD,Success,2024-11-09,PayPal
TXN-537a5fa2,CUST-a055c52e,SUB-ca3c259b,199.0,USD,Success,2024-12-09,Credit Card
TXN-8b6f5644,CUST-a055c52e,SUB-ca3c259b,199.0,USD,Failed,2025-01-09,Wire Transfer
TXN-30bf936e,CUST-a055c52e,SUB-ca3c259b,199.0,USD,Success,2025-02-09,PayPal
TXN-42b373ff,CUST-a055c52e,SUB-ca3c259b,199.0,USD,Success,2025-03-09,Wire Transfer
TXN-cbb4382e,CUST-a055c52e,SUB-ca3c259b,199.0,USD,Success,2025-04-09,Wire Transfer
TXN-fbdf17c5,CUST-a055c52e,SUB-ca3c259b,199.0,USD,Success,2025-05-09,Credit Card
TXN-2580cd74,CUST-a055c52e,SUB-ca3c259b,199.0,USD,Success,2025-06-09,PayPal
TXN-75ec1a5d,CUST-a055c52e,SUB-ca3c259b,199.0,USD,Success,2025-07-09,Wire Transfer
TXN-7b8ba305,CUST-a055c52e,SUB-ca3c259b,199.0,USD,Success,2025-08-09,Credit Card
TXN-b838bb1c,CUST-a055c52e,SUB-ca3c259b,199.0,USD,Success,2025-09-09,Credit Card
TXN-0dc7b4b9,CUST-a055c52e,SUB-ca3c259b,199.0,USD,Success,2025-10-09,Credit Card
TXN-e11cd870,CUST-a055c52e,SUB-ca3c259b,199.0,USD,Success,2025-11-09,Wire Transfer
TXN-a2aa0968,CUST-a055c52e,SUB-ca3c259b,199.0,USD,Success,2025-12-09,Credit Card
TXN-a3b09942,CUST-a055c52e,SUB-ca3c259b,199.0,USD,Success,2026-01-09,PayPal
TXN-c91e43a0,CUST-a055c52e,SUB-ca3c259b,199.0,USD,Success,2026-02-09,PayPal
TXN-f24ae19f,CUST-a055c52e,SUB-ca3c259b,199.0,USD,Success,2026-03-09,Wire Transfer
TXN-674e9a83,CUST-a055c52e,SUB-ca3c259b,199.0,USD,Success,2026-04-09,PayPal
TXN-255d0010,CUST-93812d60,SUB-138e76b8,49.0,USD,Success,2025-03-16,Credit Card
TXN-6da43910,CUST-93812d60,SUB-138e76b8,49.0,USD,Success,2025-04-16,Wire Transfer
TXN-b9162724,CUST-93812d60,SUB-138e76b8,49.0,USD,Success,2025-05-16,Credit Card
TXN-9b27d443,CUST-93812d60,SUB-138e76b8,49.0,USD,Success,2025-06-16,Wire Transfer
TXN-7f1c271d,CUST-93812d60,SUB-138e76b8,49.0,USD,Success,2025-07-16,Wire Transfer
TXN-f3623fca,CUST-93812d60,SUB-138e76b8,49.0,USD,Success,2025-08-16,Credit Card
TXN-1eda7445,CUST-93812d60,SUB-138e76b8,49.0,USD,Failed,2025-09-16,PayPal
TXN-7164b749,CUST-93812d60,SUB-138e76b8,49.0,USD,Success,2025-10-16,PayPal
TXN-21e961e9,CUST-93812d60,SUB-138e76b8,49.0,USD,Success,2025-11-16,Wire Transfer
TXN-7543de11,CUST-93812d60,SUB-138e76b8,49.0,USD,Success,2025-12-16,Credit Card
TXN-7a377ed0,CUST-93812d60,SUB-138e76b8,49.0,USD,Success,2026-01-16,Credit Card
TXN-a25db195,CUST-93812d60,SUB-138e76b8,49.0,USD,Success,2026-02-16,Wire Transfer
TXN-17a0860b,CUST-93812d60,SUB-138e76b8,49.0,USD,Success,2026-03-16,PayPal
TXN-3715071b,CUST-93812d60,SUB-138e76b8,49.0,USD,Success,2026-04-16,Credit Card
TXN-bd8d3bcc,CUST-5847408c,SUB-0d64d756,49.0,USD,Success,2026-03-31,PayPal
TXN-3dbb15fc,CUST-5847408c,SUB-0d64d756,49.0,USD,Success,2026-04-30,PayPal
TXN-6cbd232d,CUST-7c0658a2,SUB-07c1e565,199.0,USD,Success,2025-12-23,Wire Transfer
TXN-1e7a5505,CUST-7c0658a2,SUB-07c1e565,199.0,USD,Success,2026-01-23,Wire Transfer
TXN-cdf7587e,CUST-7c0658a2,SUB-07c1e565,199.0,USD,Failed,2026-02-23,PayPal
TXN-96571eae,CUST-7c0658a2,SUB-07c1e565,199.0,USD,Success,2026-03-23,Credit Card
TXN-541f5fe7,CUST-7c0658a2,SUB-07c1e565,199.0,USD,Success,2026-04-23,Credit Card
TXN-6300b9df,CUST-43bd0372,SUB-9117faa0,499.0,USD,Success,2024-09-22,Wire Transfer
TXN-a79b0dbc,CUST-43bd0372,SUB-9117faa0,499.0,USD,Success,2024-10-22,PayPal
TXN-5d50ff8e,CUST-43bd0372,SUB-9117faa0,499.0,USD,Success,2024-11-22,Credit Card
TXN-ae2c6e47,CUST-43bd0372,SUB-9117faa0,499.0,USD,Success,2024-12-22,Credit Card
TXN-7cff3dac,CUST-43bd0372,SUB-9117faa0,499.0,USD,Success,2025-01-22,Wire Transfer
TXN-9ea39389,CUST-43bd0372,SUB-9117faa0,499.0,USD,Success,2025-02-22,PayPal
TXN-76a6b58d,CUST-43bd0372,SUB-9117faa0,499.0,USD,Success,2025-03-22,Credit Card
TXN-8a7f1bfc,CUST-43bd0372,SUB-9117faa0,499.0,USD,Success,2025-04-22,Wire Transfer
TXN-1b25948a,CUST-43bd0372,SUB-9117faa0,499.0,USD,Success,2025-05-22,Credit Card
TXN-71983024,CUST-43bd0372,SUB-9117faa0,499.0,USD,Success,2025-06-22,Credit Card
TXN-96beb9fa,CUST-43bd0372,SUB-9117faa0,499.0,USD,Success,2025-07-22,Credit Card
TXN-50d5a6c7,CUST-43bd0372,SUB-9117faa0,499.0,USD,Success,2025-08-22,Wire Transfer
TXN-8688a5bb,CUST-43bd0372,SUB-9117faa0,499.0,USD,Success,2025-09-22,PayPal
TXN-e73e82a6,CUST-43bd0372,SUB-9117faa0,499.0,USD,Success,2025-10-22,Wire Transfer
TXN-2bc1e46e,CUST-43bd0372,SUB-9117faa0,499.0,USD,Success,2025-11-22,PayPal
TXN-7452e41f,CUST-43bd0372,SUB-9117faa0,499.0,USD,Success,2025-12-22,Credit Card
TXN-6f72c8dd,CUST-43bd0372,SUB-9117faa0,499.0,USD,Success,2026-01-22,PayPal
TXN-c41baaf4,CUST-43bd0372,SUB-9117faa0,499.0,USD,Failed,2026-02-22,Credit Card
TXN-700531d7,CUST-43bd0372,SUB-9117faa0,499.0,USD,Success,2026-03-22,Credit Card
TXN-b76726b7,CUST-43bd0372,SUB-9117faa0,499.0,USD,Success,2026-04-22,Wire Transfer
TXN-bd773e26,CUST-ec0683fa,SUB-8662c6e0,49.0,USD,Success,2024-07-29,Credit Card
TXN-b742dd92,CUST-ec0683fa,SUB-8662c6e0,49.0,USD,Success,2024-08-29,Wire Transfer
TXN-4db0d7eb,CUST-ec0683fa,SUB-8662c6e0,49.0,USD,Success,2024-09-29,PayPal
TXN-6387bfcb,CUST-ec0683fa,SUB-8662c6e0,49.0,USD,Success,2024-10-29,PayPal
TXN-85fbdbbd,CUST-ec0683fa,SUB-8662c6e0,49.0,USD,Success,2024-11-29,Credit Card
TXN-5848d052,CUST-ec0683fa,SUB-8662c6e0,49.0,USD,Success,2024-12-29,Wire Transfer
TXN-7a591c52,CUST-ec0683fa,SUB-8662c6e0,49.0,USD,Success,2025-01-29,Credit Card
TXN-ecf7d881,CUST-ec0683fa,SUB-8662c6e0,49.0,USD,Success,2025-02-28,Wire Transfer
TXN-abfec4c2,CUST-ec0683fa,SUB-8662c6e0,49.0,USD,Success,2025-03-28,Wire Transfer
TXN-1a698256,CUST-ec0683fa,SUB-8662c6e0,49.0,USD,Success,2025-04-28,Wire Transfer
TXN-c5979467,CUST-ec0683fa,SUB-8662c6e0,49.0,USD,Success,2025-05-28,PayPal
TXN-e0964e97,CUST-ec0683fa,SUB-8662c6e0,49.0,USD,Success,2025-06-28,Wire Transfer
TXN-6fc16501,CUST-ec0683fa,SUB-8662c6e0,49.0,USD,Success,2025-07-28,PayPal
TXN-afe6322c,CUST-ec0683fa,SUB-8662c6e0,49.0,USD,Success,2025-08-28,Wire Transfer
TXN-11560b46,CUST-ec0683fa,SUB-8662c6e0,49.0,USD,Success,2025-09-28,PayPal
TXN-1c468345,CUST-ec0683fa,SUB-8662c6e0,49.0,USD,Success,2025-10-28,PayPal
TXN-763e6907,CUST-ec0683fa,SUB-8662c6e0,49.0,USD,Success,2025-11-28,PayPal
TXN-1e16fe70,CUST-ec0683fa,SUB-8662c6e0,49.0,USD,Success,2025-12-28,Credit Card
TXN-170890ac,CUST-ec0683fa,SUB-8662c6e0,49.0,USD,Success,2026-01-28,Wire Transfer
TXN-196dd5d3,CUST-ec0683fa,SUB-8662c6e0,49.0,USD,Success,2026-02-28,Credit Card
TXN-11864074,CUST-ec0683fa,SUB-8662c6e0,49.0,USD,Success,2026-03-28,Wire Transfer
TXN-eb81a3d1,CUST-ec0683fa,SUB-8662c6e0,49.0,USD,Failed,2026-04-28,Wire Transfer
TXN-82b23e83,CUST-d71a8b66,SUB-71311a22,199.0,USD,Failed,2024-06-29,Credit Card
TXN-52e5c499,CUST-d71a8b66,SUB-71311a22,199.0,USD,Success,2024-07-29,PayPal
TXN-a6be9817,CUST-d71a8b66,SUB-71311a22,199.0,USD,Success,2024-08-29,Wire Transfer
TXN-d67d97d9,CUST-d71a8b66,SUB-71311a22,199.0,USD,Success,2024-09-29,PayPal
TXN-ee0c2ede,CUST-d71a8b66,SUB-71311a22,199.0,USD,Success,2024-10-29,Credit Card
TXN-7f469daa,CUST-d71a8b66,SUB-71311a22,199.0,USD,Success,2024-11-29,PayPal
TXN-761c33d4,CUST-d71a8b66,SUB-71311a22,199.0,USD,Refunded,2024-12-29,Wire Transfer
TXN-661490c2,CUST-d71a8b66,SUB-71311a22,199.0,USD,Success,2025-01-29,Wire Transfer
TXN-07eefb6d,CUST-d71a8b66,SUB-71311a22,199.0,USD,Success,2025-02-28,Wire Transfer
TXN-23e9ef19,CUST-d71a8b66,SUB-71311a22,199.0,USD,Success,2025-03-28,Credit Card
TXN-49453675,CUST-d71a8b66,SUB-71311a22,199.0,USD,Success,2025-04-28,Wire Transfer
TXN-ebcd3255,CUST-d71a8b66,SUB-71311a22,199.0,USD,Success,2025-05-28,Credit Card
TXN-f3c4281f,CUST-d71a8b66,SUB-71311a22,199.0,USD,Success,2025-06-28,PayPal
TXN-88767ae9,CUST-d71a8b66,SUB-71311a22,199.0,USD,Success,2025-07-28,Wire Transfer
TXN-07db9a32,CUST-d71a8b66,SUB-71311a22,199.0,USD,Success,2025-08-28,Wire Transfer
TXN-afcac049,CUST-d71a8b66,SUB-71311a22,199.0,USD,Success,2025-09-28,Wire Transfer
TXN-60b26494,CUST-d71a8b66,SUB-71311a22,199.0,USD,Success,2025-10-28,PayPal
TXN-653274bf,CUST-d71a8b66,SUB-71311a22,199.0,USD,Success,2025-11-28,Wire Transfer
TXN-e2ca9ff5,CUST-d71a8b66,SUB-71311a22,199.0,USD,Success,2025-12-28,Credit Card
TXN-59b5a9ef,CUST-d71a8b66,SUB-71311a22,199.0,USD,Success,2026-01-28,PayPal
TXN-afa4c9f0,CUST-d71a8b66,SUB-71311a22,199.0,USD,Success,2026-02-28,PayPal
TXN-c9fdfb82,CUST-d71a8b66,SUB-71311a22,199.0,USD,Success,2026-03-28,PayPal
TXN-76846575,CUST-d71a8b66,SUB-71311a22,199.0,USD,Failed,2026-04-28,PayPal
TXN-56491581,CUST-913c81c9,SUB-18157b51,49.0,USD,Success,2025-11-27,PayPal
TXN-d99dec0f,CUST-913c81c9,SUB-18157b51,49.0,USD,Success,2025-12-27,Credit Card
TXN-fde2be5b,CUST-913c81c9,SUB-18157b51,49.0,USD,Success,2026-01-27,PayPal
TXN-ecca26d5,CUST-913c81c9,SUB-18157b51,49.0,USD,Success,2026-02-27,Wire Transfer
TXN-01047f01,CUST-913c81c9,SUB-18157b51,49.0,USD,Success,2026-03-27,PayPal
TXN-726ecfa4,CUST-913c81c9,SUB-18157b51,49.0,USD,Success,2026-04-27,PayPal
TXN-f437b0d5,CUST-f801c651,SUB-b700e165,499.0,USD,Failed,2026-04-09,PayPal
TXN-786d7a59,CUST-f801c651,SUB-b700e165,499.0,USD,Success,2026-05-09,PayPal
TXN-eaf523b8,CUST-cb05325f,SUB-03f2f30c,199.0,USD,Success,2026-01-23,PayPal
TXN-df29fc4e,CUST-cb05325f,SUB-03f2f30c,199.0,USD,Success,2026-02-23,Credit Card
TXN-6582b92c,CUST-cb05325f,SUB-03f2f30c,199.0,USD,Success,2026-03-23,Credit Card
TXN-329e5182,CUST-cb05325f,SUB-03f2f30c,199.0,USD,Success,2026-04-23,PayPal
TXN-7f4fb226,CUST-fa8a4aee,SUB-47adf2b7,49.0,USD,Success,2026-01-28,Credit Card
TXN-a4283c4a,CUST-fa8a4aee,SUB-47adf2b7,49.0,USD,Success,2026-02-28,Wire Transfer
TXN-92c52ef8,CUST-fa8a4aee,SUB-47adf2b7,49.0,USD,Success,2026-03-28,PayPal
TXN-6da9f84b,CUST-fa8a4aee,SUB-47adf2b7,49.0,USD,Success,2026-04-28,Wire Transfer
TXN-7acc0e3b,CUST-b042819e,SUB-5b54d910,49.0,USD,Success,2025-08-31,Wire Transfer
TXN-85ff5bb3,CUST-b042819e,SUB-5b54d910,49.0,USD,Success,2025-09-30,PayPal
TXN-409ea7eb,CUST-b042819e,SUB-5b54d910,49.0,USD,Failed,2025-10-30,Wire Transfer
TXN-13504d76,CUST-b042819e,SUB-5b54d910,49.0,USD,Success,2025-11-30,Wire Transfer
TXN-620d2788,CUST-b042819e,SUB-5b54d910,49.0,USD,Success,2025-12-30,Wire Transfer
TXN-3a39a4bd,CUST-b042819e,SUB-5b54d910,49.0,USD,Success,2026-01-30,PayPal
TXN-5ad0b386,CUST-b042819e,SUB-5b54d910,49.0,USD,Success,2026-02-28,PayPal
TXN-b7af9a5f,CUST-b042819e,SUB-5b54d910,49.0,USD,Success,2026-03-28,Wire Transfer
TXN-67b60c40,CUST-0847e937,SUB-c3102018,49.0,USD,Success,2025-10-29,PayPal
TXN-84523161,CUST-0847e937,SUB-c3102018,49.0,USD,Success,2025-11-29,PayPal
TXN-f79c1fc9,CUST-0847e937,SUB-c3102018,49.0,USD,Success,2025-12-29,Wire Transfer
TXN-0552f438,CUST-0847e937,SUB-c3102018,49.0,USD,Success,2026-01-29,PayPal
TXN-4a1df50c,CUST-0847e937,SUB-c3102018,49.0,USD,Success,2026-02-28,Credit Card
TXN-c4ab9dc6,CUST-0847e937,SUB-c3102018,49.0,USD,Success,2026-03-28,PayPal
TXN-b4c4a16c,CUST-0847e937,SUB-c3102018,49.0,USD,Success,2026-04-28,Credit Card
TXN-fa53942e,CUST-9d05ac0f,SUB-ef71e7bf,199.0,USD,Success,2026-02-21,Wire Transfer
TXN-2e1bdfec,CUST-9d05ac0f,SUB-ef71e7bf,199.0,USD,Success,2026-03-21,PayPal
TXN-062c7859,CUST-257ba9f9,SUB-9bd9882a,49.0,USD,Success,2026-01-22,Wire Transfer
TXN-4a45dc12,CUST-257ba9f9,SUB-9bd9882a,49.0,USD,Success,2026-02-22,Wire Transfer
TXN-b750c0ff,CUST-257ba9f9,SUB-9bd9882a,49.0,USD,Success,2026-03-22,Wire Transfer
TXN-29a79347,CUST-257ba9f9,SUB-9bd9882a,49.0,USD,Success,2026-04-22,Wire Transfer
TXN-67a83419,CUST-a78f8612,SUB-f76efa0c,49.0,USD,Refunded,2025-08-03,Wire Transfer
TXN-d9a12f6e,CUST-a78f8612,SUB-f76efa0c,49.0,USD,Success,2025-09-03,PayPal
TXN-0c91d3ba,CUST-a78f8612,SUB-f76efa0c,49.0,USD,Success,2025-10-03,Credit Card
TXN-213e15d0,CUST-a78f8612,SUB-f76efa0c,49.0,USD,Success,2025-11-03,PayPal
TXN-dfed80a3,CUST-a78f8612,SUB-f76efa0c,49.0,USD,Success,2025-12-03,PayPal
TXN-350e7566,CUST-a78f8612,SUB-f76efa0c,49.0,USD,Success,2026-01-03,PayPal
TXN-25dba626,CUST-a78f8612,SUB-f76efa0c,49.0,USD,Success,2026-02-03,PayPal
TXN-f5d1b3cf,CUST-a78f8612,SUB-f76efa0c,49.0,USD,Success,2026-03-03,Credit Card
TXN-03b92e84,CUST-a78f8612,SUB-f76efa0c,49.0,USD,Success,2026-04-03,PayPal
TXN-d8f12a91,CUST-a78f8612,SUB-f76efa0c,49.0,USD,Success,2026-05-03,Wire Transfer
TXN-a87b8158,CUST-2c7d29f7,SUB-3865a7ce,1999.0,USD,Success,2026-01-05,PayPal
TXN-54b1b31a,CUST-2c7d29f7,SUB-3865a7ce,1999.0,USD,Success,2026-02-05,PayPal
TXN-51a1cc59,CUST-2c7d29f7,SUB-3865a7ce,1999.0,USD,Failed,2026-03-05,Credit Card
TXN-d5edcf85,CUST-2c7d29f7,SUB-3865a7ce,1999.0,USD,Success,2026-04-05,Credit Card
TXN-1c949ff1,CUST-31c86b15,SUB-fcd11b51,499.0,USD,Success,2026-04-22,Wire Transfer
TXN-90f319fe,CUST-6ff6d7e7,SUB-582728d3,199.0,USD,Failed,2024-10-27,PayPal
TXN-674cb154,CUST-6ff6d7e7,SUB-582728d3,199.0,USD,Refunded,2024-11-27,PayPal
TXN-2340b095,CUST-6ff6d7e7,SUB-582728d3,199.0,USD,Success,2024-12-27,PayPal
TXN-79bbe8da,CUST-6ff6d7e7,SUB-582728d3,199.0,USD,Success,2025-01-27,Wire Transfer
TXN-8d72928e,CUST-6ff6d7e7,SUB-582728d3,199.0,USD,Success,2025-02-27,Credit Card
TXN-a083961c,CUST-6ff6d7e7,SUB-582728d3,199.0,USD,Success,2025-03-27,Wire Transfer
TXN-2da993b0,CUST-6ff6d7e7,SUB-582728d3,199.0,USD,Success,2025-04-27,PayPal
TXN-bc8a7be7,CUST-6ff6d7e7,SUB-582728d3,199.0,USD,Success,2025-05-27,Credit Card
TXN-ce3d696e,CUST-6ff6d7e7,SUB-582728d3,199.0,USD,Success,2025-06-27,Credit Card
TXN-e58be844,CUST-6ff6d7e7,SUB-582728d3,199.0,USD,Success,2025-07-27,Wire Transfer
TXN-3b56aea6,CUST-6ff6d7e7,SUB-582728d3,199.0,USD,Success,2025-08-27,Credit Card
TXN-66adbfc1,CUST-6ff6d7e7,SUB-582728d3,199.0,USD,Success,2025-09-27,Credit Card
TXN-1d1603bb,CUST-6ff6d7e7,SUB-582728d3,199.0,USD,Success,2025-10-27,PayPal
TXN-2894dfd7,CUST-6ff6d7e7,SUB-582728d3,199.0,USD,Success,2025-11-27,PayPal
TXN-4e111bf2,CUST-6ff6d7e7,SUB-582728d3,199.0,USD,Success,2025-12-27,Credit Card
TXN-dcecef46,CUST-6ff6d7e7,SUB-582728d3,199.0,USD,Success,2026-01-27,Credit Card
TXN-66702f42,CUST-aa102666,SUB-98519e62,1999.0,USD,Success,2025-06-06,Wire Transfer
TXN-5ec89a04,CUST-aa102666,SUB-98519e62,1999.0,USD,Success,2025-07-06,Wire Transfer
TXN-37778e0b,CUST-aa102666,SUB-98519e62,1999.0,USD,Success,2025-08-06,Credit Card
TXN-e836e09a,CUST-aa102666,SUB-98519e62,1999.0,USD,Success,2025-09-06,PayPal
TXN-725524a7,CUST-aa102666,SUB-98519e62,1999.0,USD,Success,2025-10-06,Credit Card
TXN-005dd876,CUST-aa102666,SUB-98519e62,1999.0,USD,Success,2025-11-06,Credit Card
TXN-3c21fa91,CUST-aa102666,SUB-98519e62,1999.0,USD,Failed,2025-12-06,PayPal
TXN-f767916b,CUST-aa102666,SUB-98519e62,1999.0,USD,Success,2026-01-06,PayPal
TXN-8ee22b0f,CUST-aa102666,SUB-98519e62,1999.0,USD,Success,2026-02-06,Wire Transfer
TXN-194c86bb,CUST-aa102666,SUB-98519e62,1999.0,USD,Success,2026-03-06,Wire Transfer
TXN-52799eca,CUST-7f0af3c4,SUB-475c7f55,49.0,USD,Success,2025-09-28,Wire Transfer
TXN-2c8f484f,CUST-7f0af3c4,SUB-475c7f55,49.0,USD,Refunded,2025-10-28,Wire Transfer
TXN-178a87d2,CUST-7f0af3c4,SUB-475c7f55,49.0,USD,Success,2025-11-28,PayPal
TXN-f044b9c9,CUST-7f0af3c4,SUB-475c7f55,49.0,USD,Success,2025-12-28,Credit Card
TXN-23a04cf2,CUST-7f0af3c4,SUB-475c7f55,49.0,USD,Success,2026-01-28,Wire Transfer
TXN-ddf3cbe1,CUST-c34ae956,SUB-e42b4bed,199.0,USD,Success,2024-10-02,Wire Transfer
TXN-81f246c5,CUST-c34ae956,SUB-e42b4bed,199.0,USD,Success,2024-11-02,PayPal
TXN-8ee02015,CUST-c34ae956,SUB-e42b4bed,199.0,USD,Success,2024-12-02,PayPal
TXN-787c1852,CUST-c34ae956,SUB-e42b4bed,199.0,USD,Success,2025-01-02,Credit Card
TXN-ae4a8e94,CUST-c34ae956,SUB-e42b4bed,199.0,USD,Success,2025-02-02,Credit Card
TXN-8e2322af,CUST-c34ae956,SUB-e42b4bed,199.0,USD,Success,2025-03-02,PayPal
TXN-6fa13469,CUST-c34ae956,SUB-e42b4bed,199.0,USD,Success,2025-04-02,Wire Transfer
TXN-b91a9c44,CUST-c34ae956,SUB-e42b4bed,199.0,USD,Success,2025-05-02,Wire Transfer
TXN-7c4acc71,CUST-c34ae956,SUB-e42b4bed,199.0,USD,Success,2025-06-02,Wire Transfer
TXN-bba7179d,CUST-c34ae956,SUB-e42b4bed,199.0,USD,Success,2025-07-02,Credit Card
TXN-50fc2500,CUST-c34ae956,SUB-e42b4bed,199.0,USD,Success,2025-08-02,Wire Transfer
TXN-1ac53db7,CUST-c34ae956,SUB-e42b4bed,199.0,USD,Success,2025-09-02,Wire Transfer
TXN-a79bfae1,CUST-c34ae956,SUB-e42b4bed,199.0,USD,Failed,2025-10-02,PayPal
TXN-68419a86,CUST-c34ae956,SUB-e42b4bed,199.0,USD,Success,2025-11-02,Wire Transfer
TXN-afcd1691,CUST-c34ae956,SUB-e42b4bed,199.0,USD,Success,2025-12-02,PayPal
TXN-1620514c,CUST-c34ae956,SUB-e42b4bed,199.0,USD,Success,2026-01-02,Wire Transfer
TXN-cdac7df5,CUST-c34ae956,SUB-e42b4bed,199.0,USD,Success,2026-02-02,Credit Card
TXN-92ed27e7,CUST-c34ae956,SUB-e42b4bed,199.0,USD,Success,2026-03-02,Wire Transfer
TXN-d30e6bf8,CUST-c34ae956,SUB-e42b4bed,199.0,USD,Success,2026-04-02,Wire Transfer
TXN-d64fe93d,CUST-c34ae956,SUB-e42b4bed,199.0,USD,Success,2026-05-02,PayPal
TXN-baf0573a,CUST-ceaef0e0,SUB-14d847a3,199.0,USD,Success,2025-09-23,PayPal
TXN-91d4be17,CUST-ceaef0e0,SUB-14d847a3,199.0,USD,Success,2025-10-23,PayPal
TXN-7f9a7250,CUST-ceaef0e0,SUB-14d847a3,199.0,USD,Success,2025-11-23,Wire Transfer
TXN-ab3fe39e,CUST-40d8b194,SUB-34708254,199.0,USD,Success,2025-01-19,Wire Transfer
TXN-cd1d2e96,CUST-40d8b194,SUB-34708254,199.0,USD,Success,2025-02-19,Credit Card
TXN-9977e239,CUST-40d8b194,SUB-34708254,199.0,USD,Failed,2025-03-19,Wire Transfer
TXN-3fc334ef,CUST-40d8b194,SUB-34708254,199.0,USD,Success,2025-04-19,Credit Card
TXN-a2089921,CUST-40d8b194,SUB-34708254,199.0,USD,Success,2025-05-19,PayPal
TXN-b773a9be,CUST-40d8b194,SUB-34708254,199.0,USD,Success,2025-06-19,PayPal
TXN-fd5bf760,CUST-40d8b194,SUB-34708254,199.0,USD,Success,2025-07-19,PayPal
TXN-0ca16044,CUST-40d8b194,SUB-34708254,199.0,USD,Success,2025-08-19,Credit Card
TXN-b03dd67a,CUST-40d8b194,SUB-34708254,199.0,USD,Success,2025-09-19,Wire Transfer
TXN-afbfd0c7,CUST-40d8b194,SUB-34708254,199.0,USD,Success,2025-10-19,PayPal
TXN-75fd98c9,CUST-40d8b194,SUB-34708254,199.0,USD,Success,2025-11-19,Wire Transfer
TXN-5f708a13,CUST-40d8b194,SUB-34708254,199.0,USD,Success,2025-12-19,Wire Transfer
TXN-bc0495d0,CUST-40d8b194,SUB-34708254,199.0,USD,Success,2026-01-19,PayPal
TXN-b9097d22,CUST-40d8b194,SUB-34708254,199.0,USD,Success,2026-02-19,Credit Card
TXN-7f4697d5,CUST-40d8b194,SUB-34708254,199.0,USD,Success,2026-03-19,Wire Transfer
TXN-e23f2b7f,CUST-40d8b194,SUB-34708254,199.0,USD,Success,2026-04-19,PayPal
TXN-b31bc232,CUST-f13fc68e,SUB-211f9c11,49.0,USD,Success,2025-10-26,Wire Transfer
TXN-9b9740a7,CUST-f13fc68e,SUB-211f9c11,49.0,USD,Success,2025-11-26,Wire Transfer
TXN-8e7921fc,CUST-f13fc68e,SUB-211f9c11,49.0,USD,Success,2025-12-26,Wire Transfer
TXN-4cbafacb,CUST-f13fc68e,SUB-211f9c11,49.0,USD,Success,2026-01-26,Wire Transfer
TXN-6cfb0b1a,CUST-f13fc68e,SUB-211f9c11,49.0,USD,Success,2026-02-26,Wire Transfer
TXN-2b719bd9,CUST-f13fc68e,SUB-211f9c11,49.0,USD,Success,2026-03-26,Credit Card
TXN-87045ae0,CUST-f13fc68e,SUB-211f9c11,49.0,USD,Success,2026-04-26,Credit Card
TXN-93f982ab,CUST-f1466a2b,SUB-1897ff9c,199.0,USD,Success,2024-10-03,PayPal
TXN-460f930a,CUST-f1466a2b,SUB-1897ff9c,199.0,USD,Success,2024-11-03,Credit Card
TXN-3a060a04,CUST-f1466a2b,SUB-1897ff9c,199.0,USD,Success,2024-12-03,Credit Card
TXN-50ec900b,CUST-f1466a2b,SUB-1897ff9c,199.0,USD,Success,2025-01-03,Credit Card
TXN-dd5f7e8e,CUST-f1466a2b,SUB-1897ff9c,199.0,USD,Success,2025-02-03,Wire Transfer
TXN-d896b2ed,CUST-f1466a2b,SUB-1897ff9c,199.0,USD,Refunded,2025-03-03,Wire Transfer
TXN-47334aba,CUST-f1466a2b,SUB-1897ff9c,199.0,USD,Success,2025-04-03,PayPal
TXN-52058ff9,CUST-f1466a2b,SUB-1897ff9c,199.0,USD,Success,2025-05-03,PayPal
TXN-fe56bd68,CUST-f1466a2b,SUB-1897ff9c,199.0,USD,Success,2025-06-03,PayPal
TXN-7edede78,CUST-4e8d47d4,SUB-875de76a,199.0,USD,Success,2026-04-23,Wire Transfer
TXN-08252233,CUST-bdc7d957,SUB-272f1435,499.0,USD,Success,2024-07-27,Credit Card
TXN-1236b4bf,CUST-bdc7d957,SUB-272f1435,499.0,USD,Success,2024-08-27,Credit Card
TXN-5691cbbf,CUST-49c34494,SUB-fdcea275,49.0,USD,Success,2025-01-28,Wire Transfer
TXN-d63195b2,CUST-49c34494,SUB-fdcea275,49.0,USD,Success,2025-02-28,PayPal
TXN-a63b1bb7,CUST-49c34494,SUB-fdcea275,49.0,USD,Success,2025-03-28,PayPal
TXN-7ba6d544,CUST-7b505c44,SUB-26c048f1,49.0,USD,Success,2025-03-05,PayPal
TXN-9149648f,CUST-7b505c44,SUB-26c048f1,49.0,USD,Success,2025-04-05,Wire Transfer
TXN-a5ca4b4b,CUST-7b505c44,SUB-26c048f1,49.0,USD,Success,2025-05-05,PayPal
TXN-84e12090,CUST-7b505c44,SUB-26c048f1,49.0,USD,Success,2025-06-05,PayPal
TXN-4c1c797c,CUST-7b505c44,SUB-26c048f1,49.0,USD,Success,2025-07-05,Wire Transfer
TXN-da28b4d6,CUST-7b505c44,SUB-26c048f1,49.0,USD,Success,2025-08-05,Credit Card
TXN-d39f5018,CUST-7b505c44,SUB-26c048f1,49.0,USD,Success,2025-09-05,Wire Transfer
TXN-b3cbc8e1,CUST-7b505c44,SUB-26c048f1,49.0,USD,Success,2025-10-05,Wire Transfer
TXN-aa3a54b7,CUST-7b505c44,SUB-26c048f1,49.0,USD,Success,2025-11-05,Wire Transfer
TXN-c770d9c2,CUST-7b505c44,SUB-26c048f1,49.0,USD,Success,2025-12-05,Wire Transfer
TXN-62fa132d,CUST-7b505c44,SUB-26c048f1,49.0,USD,Failed,2026-01-05,Credit Card
TXN-539f0126,CUST-7b505c44,SUB-26c048f1,49.0,USD,Success,2026-02-05,PayPal
TXN-c1da3c03,CUST-7b505c44,SUB-26c048f1,49.0,USD,Success,2026-03-05,Wire Transfer
TXN-5ed7b1f5,CUST-6ec9b0ec,SUB-3feee71d,49.0,USD,Success,2025-08-19,Credit Card
TXN-216fac91,CUST-6ec9b0ec,SUB-3feee71d,49.0,USD,Success,2025-09-19,PayPal
TXN-d5517d1f,CUST-6ec9b0ec,SUB-3feee71d,49.0,USD,Success,2025-10-19,PayPal
TXN-024dd070,CUST-6ec9b0ec,SUB-3feee71d,49.0,USD,Failed,2025-11-19,PayPal
TXN-fea71079,CUST-6ec9b0ec,SUB-3feee71d,49.0,USD,Success,2025-12-19,Wire Transfer
TXN-e2fdefd0,CUST-6ec9b0ec,SUB-3feee71d,49.0,USD,Success,2026-01-19,Wire Transfer
TXN-13d1adba,CUST-6ec9b0ec,SUB-3feee71d,49.0,USD,Success,2026-02-19,PayPal
TXN-e4885468,CUST-6ec9b0ec,SUB-3feee71d,49.0,USD,Success,2026-03-19,PayPal
TXN-add97a4c,CUST-6ec9b0ec,SUB-3feee71d,49.0,USD,Success,2026-04-19,PayPal
TXN-acfbca77,CUST-ccb1980b,SUB-65e17901,49.0,USD,Success,2025-08-07,PayPal
TXN-90d36af2,CUST-ccb1980b,SUB-65e17901,49.0,USD,Success,2025-09-07,PayPal
TXN-cb4ca563,CUST-ccb1980b,SUB-65e17901,49.0,USD,Success,2025-10-07,PayPal
TXN-b368f67d,CUST-79c5436b,SUB-9353e92a,199.0,USD,Success,2025-04-26,Credit Card
TXN-25fbf95c,CUST-79c5436b,SUB-9353e92a,199.0,USD,Success,2025-05-26,PayPal
TXN-c0275b70,CUST-79c5436b,SUB-9353e92a,199.0,USD,Success,2025-06-26,Wire Transfer
TXN-d1fc049e,CUST-79c5436b,SUB-9353e92a,199.0,USD,Success,2025-07-26,Wire Transfer
TXN-d9cbfaaa,CUST-79c5436b,SUB-9353e92a,199.0,USD,Success,2025-08-26,Wire Transfer
TXN-94342692,CUST-79c5436b,SUB-9353e92a,199.0,USD,Success,2025-09-26,PayPal
TXN-55838eba,CUST-79c5436b,SUB-9353e92a,199.0,USD,Success,2025-10-26,Wire Transfer
TXN-2987c9f2,CUST-79c5436b,SUB-9353e92a,199.0,USD,Success,2025-11-26,Credit Card
TXN-f2987f0d,CUST-79c5436b,SUB-9353e92a,199.0,USD,Success,2025-12-26,PayPal
TXN-462ae9f7,CUST-79c5436b,SUB-9353e92a,199.0,USD,Success,2026-01-26,Wire Transfer
TXN-328fc064,CUST-79c5436b,SUB-9353e92a,199.0,USD,Success,2026-02-26,Credit Card
TXN-b55355be,CUST-79c5436b,SUB-9353e92a,199.0,USD,Refunded,2026-03-26,Credit Card
TXN-069b72a3,CUST-79c5436b,SUB-9353e92a,199.0,USD,Success,2026-04-26,Wire Transfer
TXN-4a61aa89,CUST-e0c7a06a,SUB-59559a89,49.0,USD,Success,2025-05-17,Credit Card
TXN-0cf3e2be,CUST-e0c7a06a,SUB-59559a89,49.0,USD,Failed,2025-06-17,Wire Transfer
TXN-2f699f07,CUST-43c982aa,SUB-07628ec9,499.0,USD,Success,2025-02-13,Credit Card
TXN-a5e3fd1d,CUST-43c982aa,SUB-07628ec9,499.0,USD,Refunded,2025-03-13,PayPal
TXN-58c1f21d,CUST-43c982aa,SUB-07628ec9,499.0,USD,Success,2025-04-13,PayPal
TXN-c0dc0daf,CUST-43c982aa,SUB-07628ec9,499.0,USD,Refunded,2025-05-13,PayPal
TXN-f7ff9f08,CUST-43c982aa,SUB-07628ec9,499.0,USD,Success,2025-06-13,PayPal
TXN-851b7df4,CUST-43c982aa,SUB-07628ec9,499.0,USD,Success,2025-07-13,PayPal
TXN-989d1617,CUST-43c982aa,SUB-07628ec9,499.0,USD,Success,2025-08-13,Wire Transfer
TXN-7543614c,CUST-43c982aa,SUB-07628ec9,499.0,USD,Success,2025-09-13,PayPal
TXN-b0f514a2,CUST-43c982aa,SUB-07628ec9,499.0,USD,Success,2025-10-13,PayPal
TXN-a8b5cbe9,CUST-43c982aa,SUB-07628ec9,499.0,USD,Success,2025-11-13,PayPal
TXN-70f9cdaa,CUST-43c982aa,SUB-07628ec9,499.0,USD,Success,2025-12-13,PayPal
TXN-42a98e10,CUST-43c982aa,SUB-07628ec9,499.0,USD,Success,2026-01-13,Credit Card
TXN-e53dbf5e,CUST-43c982aa,SUB-07628ec9,499.0,USD,Success,2026-02-13,PayPal
TXN-64d887de,CUST-43c982aa,SUB-07628ec9,499.0,USD,Success,2026-03-13,PayPal
TXN-5d6a3227,CUST-43c982aa,SUB-07628ec9,499.0,USD,Success,2026-04-13,Wire Transfer
TXN-0a8272b1,CUST-76c0a247,SUB-9eca31ea,49.0,USD,Success,2024-07-22,Credit Card
TXN-a2a87671,CUST-76c0a247,SUB-9eca31ea,49.0,USD,Success,2024-08-22,Wire Transfer
TXN-e64225bb,CUST-76c0a247,SUB-9eca31ea,49.0,USD,Refunded,2024-09-22,PayPal
TXN-1a4a6fc9,CUST-76c0a247,SUB-9eca31ea,49.0,USD,Failed,2024-10-22,Wire Transfer
TXN-6ac1861b,CUST-76c0a247,SUB-9eca31ea,49.0,USD,Success,2024-11-22,Wire Transfer
TXN-02079453,CUST-76c0a247,SUB-9eca31ea,49.0,USD,Success,2024-12-22,PayPal
TXN-31c23881,CUST-76c0a247,SUB-9eca31ea,49.0,USD,Success,2025-01-22,Credit Card
TXN-51a33084,CUST-76c0a247,SUB-9eca31ea,49.0,USD,Success,2025-02-22,Credit Card
TXN-cd953b5d,CUST-76c0a247,SUB-9eca31ea,49.0,USD,Success,2025-03-22,Wire Transfer
TXN-d7e45866,CUST-76c0a247,SUB-9eca31ea,49.0,USD,Success,2025-04-22,PayPal
TXN-ce82f557,CUST-76c0a247,SUB-9eca31ea,49.0,USD,Success,2025-05-22,Wire Transfer
TXN-8a2da5c8,CUST-76c0a247,SUB-9eca31ea,49.0,USD,Success,2025-06-22,Wire Transfer
TXN-eca192c1,CUST-76c0a247,SUB-9eca31ea,49.0,USD,Success,2025-07-22,Wire Transfer
TXN-2a74f1e8,CUST-76c0a247,SUB-9eca31ea,49.0,USD,Success,2025-08-22,PayPal
TXN-ac0b8938,CUST-76c0a247,SUB-9eca31ea,49.0,USD,Success,2025-09-22,PayPal
TXN-b06a7dc9,CUST-76c0a247,SUB-9eca31ea,49.0,USD,Success,2025-10-22,Credit Card
TXN-340d9c06,CUST-76c0a247,SUB-9eca31ea,49.0,USD,Success,2025-11-22,PayPal
TXN-0778cefc,CUST-76c0a247,SUB-9eca31ea,49.0,USD,Success,2025-12-22,Wire Transfer
TXN-4e98a617,CUST-76c0a247,SUB-9eca31ea,49.0,USD,Success,2026-01-22,Wire Transfer
TXN-523c0187,CUST-76c0a247,SUB-9eca31ea,49.0,USD,Success,2026-02-22,Credit Card
TXN-92bf02ae,CUST-76c0a247,SUB-9eca31ea,49.0,USD,Failed,2026-03-22,PayPal
TXN-6f280741,CUST-76c0a247,SUB-9eca31ea,49.0,USD,Success,2026-04-22,Wire Transfer
TXN-bc5aa3c5,CUST-97717067,SUB-42cfcb2f,49.0,USD,Success,2025-09-06,Credit Card
TXN-29727d79,CUST-97717067,SUB-42cfcb2f,49.0,USD,Success,2025-10-06,Credit Card
TXN-f0c458c8,CUST-97717067,SUB-42cfcb2f,49.0,USD,Success,2025-11-06,Wire Transfer
TXN-cf2b164a,CUST-97717067,SUB-42cfcb2f,49.0,USD,Success,2025-12-06,Wire Transfer
TXN-45eee9ee,CUST-97717067,SUB-42cfcb2f,49.0,USD,Success,2026-01-06,PayPal
TXN-8302c074,CUST-97717067,SUB-42cfcb2f,49.0,USD,Success,2026-02-06,Credit Card
TXN-970aec01,CUST-97717067,SUB-42cfcb2f,49.0,USD,Success,2026-03-06,Wire Transfer
TXN-cd8ca16d,CUST-97717067,SUB-42cfcb2f,49.0,USD,Success,2026-04-06,Credit Card
TXN-6ce577e4,CUST-97717067,SUB-42cfcb2f,49.0,USD,Success,2026-05-06,PayPal
TXN-cc8afaf9,CUST-2a765fdc,SUB-2f15ac85,199.0,USD,Success,2024-08-07,Wire Transfer
TXN-b0bb7dfa,CUST-2a765fdc,SUB-2f15ac85,199.0,USD,Success,2024-09-07,PayPal
TXN-20108efb,CUST-2a765fdc,SUB-2f15ac85,199.0,USD,Refunded,2024-10-07,Credit Card
TXN-1d45025e,CUST-2a765fdc,SUB-2f15ac85,199.0,USD,Failed,2024-11-07,PayPal
TXN-1ba27ba9,CUST-2a765fdc,SUB-2f15ac85,199.0,USD,Success,2024-12-07,PayPal
TXN-909b465d,CUST-2a765fdc,SUB-2f15ac85,199.0,USD,Success,2025-01-07,Credit Card
TXN-593bb4a8,CUST-2a765fdc,SUB-2f15ac85,199.0,USD,Success,2025-02-07,PayPal
TXN-4a475a50,CUST-2a765fdc,SUB-2f15ac85,199.0,USD,Success,2025-03-07,Credit Card
TXN-e824f1dc,CUST-2a765fdc,SUB-2f15ac85,199.0,USD,Success,2025-04-07,Wire Transfer
TXN-dd095057,CUST-2a765fdc,SUB-2f15ac85,199.0,USD,Success,2025-05-07,Credit Card
TXN-e77107b1,CUST-2a765fdc,SUB-2f15ac85,199.0,USD,Success,2025-06-07,Credit Card
TXN-7469115e,CUST-2a765fdc,SUB-2f15ac85,199.0,USD,Success,2025-07-07,Wire Transfer
TXN-7e3255f4,CUST-2a765fdc,SUB-2f15ac85,199.0,USD,Success,2025-08-07,Credit Card
TXN-335fa93b,CUST-2a765fdc,SUB-2f15ac85,199.0,USD,Success,2025-09-07,Wire Transfer
TXN-2cfe602d,CUST-2a765fdc,SUB-2f15ac85,199.0,USD,Success,2025-10-07,Wire Transfer
TXN-b630dd0e,CUST-2a765fdc,SUB-2f15ac85,199.0,USD,Success,2025-11-07,Credit Card
TXN-aa85a3e7,CUST-2a765fdc,SUB-2f15ac85,199.0,USD,Success,2025-12-07,PayPal
TXN-10858f6b,CUST-2a765fdc,SUB-2f15ac85,199.0,USD,Success,2026-01-07,PayPal
TXN-74aa7c16,CUST-2a765fdc,SUB-2f15ac85,199.0,USD,Success,2026-02-07,Wire Transfer
TXN-3d869b15,CUST-2a765fdc,SUB-2f15ac85,199.0,USD,Success,2026-03-07,PayPal
TXN-b9c901f4,CUST-2a765fdc,SUB-2f15ac85,199.0,USD,Success,2026-04-07,PayPal
TXN-b01be39b,CUST-2a765fdc,SUB-2f15ac85,199.0,USD,Success,2026-05-07,Credit Card
TXN-558c1af8,CUST-cda8736e,SUB-7f7e2a9b,49.0,USD,Success,2026-04-10,Wire Transfer
TXN-c85eb083,CUST-6bb3cbad,SUB-c46928cf,199.0,USD,Success,2026-04-14,Wire Transfer
TXN-70cb3eb1,CUST-b3fdcb6d,SUB-104fbd37,199.0,USD,Success,2024-05-16,Credit Card
TXN-fe4b9796,CUST-b3fdcb6d,SUB-104fbd37,199.0,USD,Success,2024-06-16,PayPal
TXN-57d5b070,CUST-b3fdcb6d,SUB-104fbd37,199.0,USD,Failed,2024-07-16,Wire Transfer
TXN-3e34cb5a,CUST-b3fdcb6d,SUB-104fbd37,199.0,USD,Success,2024-08-16,PayPal
TXN-2c032332,CUST-b3fdcb6d,SUB-104fbd37,199.0,USD,Refunded,2024-09-16,Wire Transfer
TXN-15ebf524,CUST-b3fdcb6d,SUB-104fbd37,199.0,USD,Success,2024-10-16,Wire Transfer
TXN-c02fae3a,CUST-b3fdcb6d,SUB-104fbd37,199.0,USD,Success,2024-11-16,Wire Transfer
TXN-75632d2d,CUST-b3fdcb6d,SUB-104fbd37,199.0,USD,Success,2024-12-16,Wire Transfer
TXN-a95aed40,CUST-b3fdcb6d,SUB-104fbd37,199.0,USD,Success,2025-01-16,PayPal
TXN-cb8024dc,CUST-b3fdcb6d,SUB-104fbd37,199.0,USD,Success,2025-02-16,PayPal
TXN-034d0a76,CUST-b3fdcb6d,SUB-104fbd37,199.0,USD,Success,2025-03-16,PayPal
TXN-63150154,CUST-b3fdcb6d,SUB-104fbd37,199.0,USD,Success,2025-04-16,PayPal
TXN-c261a3e7,CUST-b3fdcb6d,SUB-104fbd37,199.0,USD,Success,2025-05-16,Credit Card
TXN-3e47fc3b,CUST-b3fdcb6d,SUB-104fbd37,199.0,USD,Success,2025-06-16,Wire Transfer
TXN-4ee22c23,CUST-b3fdcb6d,SUB-104fbd37,199.0,USD,Success,2025-07-16,Wire Transfer
TXN-3c9acbff,CUST-b3fdcb6d,SUB-104fbd37,199.0,USD,Success,2025-08-16,Wire Transfer
TXN-e28d04b3,CUST-b3fdcb6d,SUB-104fbd37,199.0,USD,Success,2025-09-16,Credit Card
TXN-3777cb74,CUST-b3fdcb6d,SUB-104fbd37,199.0,USD,Success,2025-10-16,PayPal
TXN-f6f3421e,CUST-b3fdcb6d,SUB-104fbd37,199.0,USD,Success,2025-11-16,Wire Transfer
TXN-edf45240,CUST-b3fdcb6d,SUB-104fbd37,199.0,USD,Success,2025-12-16,PayPal
TXN-8a439759,CUST-b3fdcb6d,SUB-104fbd37,199.0,USD,Success,2026-01-16,PayPal
TXN-845f26d8,CUST-b3fdcb6d,SUB-104fbd37,199.0,USD,Success,2026-02-16,Credit Card
TXN-187f6408,CUST-b3fdcb6d,SUB-104fbd37,199.0,USD,Success,2026-03-16,Credit Card
TXN-0536401d,CUST-b3fdcb6d,SUB-104fbd37,199.0,USD,Success,2026-04-16,PayPal
TXN-482f2ce2,CUST-0f69b398,SUB-f1b8b9a7,49.0,USD,Success,2025-01-18,Wire Transfer
TXN-9faea24d,CUST-0f69b398,SUB-f1b8b9a7,49.0,USD,Success,2025-02-18,Wire Transfer
TXN-d3cf4519,CUST-0f69b398,SUB-f1b8b9a7,49.0,USD,Success,2025-03-18,Credit Card
TXN-4a7e5714,CUST-0f69b398,SUB-f1b8b9a7,49.0,USD,Success,2025-04-18,Credit Card
TXN-a53fc21f,CUST-0f69b398,SUB-f1b8b9a7,49.0,USD,Success,2025-05-18,Credit Card
TXN-1bb8ab87,CUST-0f69b398,SUB-f1b8b9a7,49.0,USD,Success,2025-06-18,Credit Card
TXN-13932fbc,CUST-0f69b398,SUB-f1b8b9a7,49.0,USD,Success,2025-07-18,Credit Card
TXN-5cd83694,CUST-0f69b398,SUB-f1b8b9a7,49.0,USD,Success,2025-08-18,Credit Card
TXN-988b351e,CUST-0f69b398,SUB-f1b8b9a7,49.0,USD,Success,2025-09-18,Credit Card
TXN-96919000,CUST-0f69b398,SUB-f1b8b9a7,49.0,USD,Success,2025-10-18,Wire Transfer
TXN-48a877ea,CUST-0f69b398,SUB-f1b8b9a7,49.0,USD,Success,2025-11-18,Credit Card
TXN-a187384b,CUST-0f69b398,SUB-f1b8b9a7,49.0,USD,Success,2025-12-18,Credit Card
TXN-0e20946f,CUST-0f69b398,SUB-f1b8b9a7,49.0,USD,Success,2026-01-18,Wire Transfer
TXN-00ccdb5c,CUST-0f69b398,SUB-f1b8b9a7,49.0,USD,Success,2026-02-18,Wire Transfer
TXN-dd7cdacc,CUST-0f69b398,SUB-f1b8b9a7,49.0,USD,Success,2026-03-18,PayPal
TXN-41deff30,CUST-0f69b398,SUB-f1b8b9a7,49.0,USD,Success,2026-04-18,Credit Card
TXN-55716e15,CUST-eb43b6aa,SUB-0f1f4570,49.0,USD,Success,2025-11-26,Credit Card
TXN-85e02eb8,CUST-eb43b6aa,SUB-0f1f4570,49.0,USD,Success,2025-12-26,Credit Card
TXN-b42b1900,CUST-eb43b6aa,SUB-0f1f4570,49.0,USD,Success,2026-01-26,Credit Card
TXN-4761a013,CUST-eb43b6aa,SUB-0f1f4570,49.0,USD,Success,2026-02-26,PayPal
TXN-4325a53d,CUST-eb43b6aa,SUB-0f1f4570,49.0,USD,Success,2026-03-26,Wire Transfer
TXN-f23b5d24,CUST-eb43b6aa,SUB-0f1f4570,49.0,USD,Success,2026-04-26,Wire Transfer
TXN-03ff496e,CUST-b69cad2a,SUB-6c593a16,49.0,USD,Success,2025-04-02,Credit Card
TXN-8076ab8a,CUST-b69cad2a,SUB-6c593a16,49.0,USD,Success,2025-05-02,Credit Card
TXN-a081b22c,CUST-b69cad2a,SUB-6c593a16,49.0,USD,Success,2025-06-02,Credit Card
TXN-178c8803,CUST-b69cad2a,SUB-6c593a16,49.0,USD,Success,2025-07-02,PayPal
TXN-435263ad,CUST-b69cad2a,SUB-6c593a16,49.0,USD,Success,2025-08-02,PayPal
TXN-a2e8843a,CUST-b69cad2a,SUB-6c593a16,49.0,USD,Success,2025-09-02,Wire Transfer
TXN-5eaf4a5f,CUST-b69cad2a,SUB-6c593a16,49.0,USD,Success,2025-10-02,Credit Card
TXN-ae2f2cbe,CUST-b69cad2a,SUB-6c593a16,49.0,USD,Success,2025-11-02,Credit Card
TXN-ada7b15a,CUST-b69cad2a,SUB-6c593a16,49.0,USD,Success,2025-12-02,Credit Card
TXN-91641875,CUST-b69cad2a,SUB-6c593a16,49.0,USD,Success,2026-01-02,Credit Card
TXN-10eccd19,CUST-b69cad2a,SUB-6c593a16,49.0,USD,Success,2026-02-02,PayPal
TXN-a270f72f,CUST-b69cad2a,SUB-6c593a16,49.0,USD,Success,2026-03-02,Wire Transfer
TXN-6b2c3450,CUST-b69cad2a,SUB-6c593a16,49.0,USD,Success,2026-04-02,Wire Transfer
TXN-2f7daebd,CUST-b69cad2a,SUB-6c593a16,49.0,USD,Success,2026-05-02,PayPal
TXN-26444590,CUST-2e7de218,SUB-ae4ebf7b,49.0,USD,Success,2024-08-08,Credit Card
TXN-fd48c646,CUST-2e7de218,SUB-ae4ebf7b,49.0,USD,Success,2024-09-08,Wire Transfer
TXN-35a28f03,CUST-2e7de218,SUB-ae4ebf7b,49.0,USD,Success,2024-10-08,Wire Transfer
TXN-511d0713,CUST-2e7de218,SUB-ae4ebf7b,49.0,USD,Success,2024-11-08,PayPal
TXN-f691c586,CUST-2e7de218,SUB-ae4ebf7b,49.0,USD,Success,2024-12-08,Credit Card
TXN-36a1efbc,CUST-2e7de218,SUB-ae4ebf7b,49.0,USD,Success,2025-01-08,Wire Transfer
TXN-1d2db3d5,CUST-2e7de218,SUB-ae4ebf7b,49.0,USD,Success,2025-02-08,Credit Card
TXN-7be3ac60,CUST-2e7de218,SUB-ae4ebf7b,49.0,USD,Success,2025-03-08,Wire Transfer
TXN-9c7007c3,CUST-2e7de218,SUB-ae4ebf7b,49.0,USD,Success,2025-04-08,PayPal
TXN-9e377709,CUST-2e7de218,SUB-ae4ebf7b,49.0,USD,Success,2025-05-08,Credit Card
TXN-6167e4ee,CUST-2e7de218,SUB-ae4ebf7b,49.0,USD,Success,2025-06-08,PayPal
TXN-e0a936bf,CUST-2e7de218,SUB-ae4ebf7b,49.0,USD,Success,2025-07-08,Wire Transfer
TXN-2d7a780a,CUST-2e7de218,SUB-ae4ebf7b,49.0,USD,Success,2025-08-08,PayPal
TXN-9c5f0780,CUST-2e7de218,SUB-ae4ebf7b,49.0,USD,Success,2025-09-08,PayPal
TXN-6a293728,CUST-2e7de218,SUB-ae4ebf7b,49.0,USD,Success,2025-10-08,PayPal
TXN-5cd1ea70,CUST-2e7de218,SUB-ae4ebf7b,49.0,USD,Failed,2025-11-08,Wire Transfer
TXN-ed61bf89,CUST-2e7de218,SUB-ae4ebf7b,49.0,USD,Success,2025-12-08,Credit Card
TXN-88deb484,CUST-2e7de218,SUB-ae4ebf7b,49.0,USD,Success,2026-01-08,PayPal
TXN-a5fd9fe3,CUST-2e7de218,SUB-ae4ebf7b,49.0,USD,Success,2026-02-08,Credit Card
TXN-86f07389,CUST-2e7de218,SUB-ae4ebf7b,49.0,USD,Success,2026-03-08,Wire Transfer
TXN-a2b75072,CUST-2e7de218,SUB-ae4ebf7b,49.0,USD,Success,2026-04-08,Credit Card
TXN-8433ce99,CUST-2e7de218,SUB-ae4ebf7b,49.0,USD,Success,2026-05-08,PayPal
TXN-83cbbba2,CUST-53d3b89e,SUB-1ac787a3,49.0,USD,Success,2024-06-15,PayPal
TXN-48c4e58d,CUST-53d3b89e,SUB-1ac787a3,49.0,USD,Success,2024-07-15,PayPal
TXN-a05866b7,CUST-53d3b89e,SUB-1ac787a3,49.0,USD,Success,2024-08-15,PayPal
TXN-08f0666a,CUST-53d3b89e,SUB-1ac787a3,49.0,USD,Success,2024-09-15,PayPal
TXN-202ff08c,CUST-53d3b89e,SUB-1ac787a3,49.0,USD,Failed,2024-10-15,PayPal
TXN-5c70ddbf,CUST-53d3b89e,SUB-1ac787a3,49.0,USD,Success,2024-11-15,Wire Transfer
TXN-9505307b,CUST-53d3b89e,SUB-1ac787a3,49.0,USD,Success,2024-12-15,Wire Transfer
TXN-59576145,CUST-53d3b89e,SUB-1ac787a3,49.0,USD,Success,2025-01-15,Wire Transfer
TXN-cb82b870,CUST-53d3b89e,SUB-1ac787a3,49.0,USD,Success,2025-02-15,Credit Card
TXN-f8537ac2,CUST-53d3b89e,SUB-1ac787a3,49.0,USD,Success,2025-03-15,Credit Card
TXN-f39a254c,CUST-53d3b89e,SUB-1ac787a3,49.0,USD,Success,2025-04-15,Wire Transfer
TXN-06680c11,CUST-53d3b89e,SUB-1ac787a3,49.0,USD,Success,2025-05-15,Credit Card
TXN-01691f73,CUST-53d3b89e,SUB-1ac787a3,49.0,USD,Success,2025-06-15,Credit Card
TXN-1aa64868,CUST-53d3b89e,SUB-1ac787a3,49.0,USD,Success,2025-07-15,PayPal
TXN-e63a7cbe,CUST-53d3b89e,SUB-1ac787a3,49.0,USD,Success,2025-08-15,PayPal
TXN-1c8ff956,CUST-53d3b89e,SUB-1ac787a3,49.0,USD,Success,2025-09-15,Credit Card
TXN-433061c1,CUST-53d3b89e,SUB-1ac787a3,49.0,USD,Success,2025-10-15,Credit Card
TXN-f290629c,CUST-53d3b89e,SUB-1ac787a3,49.0,USD,Success,2025-11-15,Wire Transfer
TXN-26e76149,CUST-53d3b89e,SUB-1ac787a3,49.0,USD,Success,2025-12-15,Credit Card
TXN-6b388082,CUST-53d3b89e,SUB-1ac787a3,49.0,USD,Success,2026-01-15,PayPal
TXN-4bafd07a,CUST-53d3b89e,SUB-1ac787a3,49.0,USD,Failed,2026-02-15,Credit Card
TXN-aa099dce,CUST-53d3b89e,SUB-1ac787a3,49.0,USD,Success,2026-03-15,Wire Transfer
TXN-8d1c9bd4,CUST-53d3b89e,SUB-1ac787a3,49.0,USD,Success,2026-04-15,PayPal
TXN-67b3e7d0,CUST-0440668e,SUB-53af7d81,49.0,USD,Success,2025-07-08,PayPal
TXN-7d03e8ac,CUST-0440668e,SUB-53af7d81,49.0,USD,Success,2025-08-08,PayPal
TXN-67a3bc2d,CUST-0440668e,SUB-53af7d81,49.0,USD,Success,2025-09-08,PayPal
TXN-e4c4ff1f,CUST-0440668e,SUB-53af7d81,49.0,USD,Refunded,2025-10-08,Credit Card
TXN-62da108e,CUST-0440668e,SUB-53af7d81,49.0,USD,Success,2025-11-08,Wire Transfer
TXN-8d4ba4f3,CUST-0440668e,SUB-53af7d81,49.0,USD,Success,2025-12-08,Credit Card
TXN-53c65df6,CUST-0440668e,SUB-53af7d81,49.0,USD,Success,2026-01-08,Credit Card
TXN-7751e379,CUST-0440668e,SUB-53af7d81,49.0,USD,Success,2026-02-08,PayPal
TXN-e7fee9ce,CUST-0440668e,SUB-53af7d81,49.0,USD,Success,2026-03-08,Wire Transfer
TXN-e11d6f21,CUST-0440668e,SUB-53af7d81,49.0,USD,Success,2026-04-08,PayPal
TXN-ccdd7429,CUST-0440668e,SUB-53af7d81,49.0,USD,Refunded,2026-05-08,Credit Card
TXN-95097351,CUST-729bafeb,SUB-e3c7f840,49.0,USD,Success,2025-06-10,Credit Card
TXN-722b6227,CUST-729bafeb,SUB-e3c7f840,49.0,USD,Failed,2025-07-10,PayPal
TXN-83e24772,CUST-729bafeb,SUB-e3c7f840,49.0,USD,Success,2025-08-10,Credit Card
TXN-6d0e26ec,CUST-729bafeb,SUB-e3c7f840,49.0,USD,Success,2025-09-10,Credit Card
TXN-ca700243,CUST-729bafeb,SUB-e3c7f840,49.0,USD,Success,2025-10-10,PayPal
TXN-dc3e1691,CUST-729bafeb,SUB-e3c7f840,49.0,USD,Failed,2025-11-10,Credit Card
TXN-ef393a2a,CUST-729bafeb,SUB-e3c7f840,49.0,USD,Success,2025-12-10,Wire Transfer
TXN-579bfbdc,CUST-729bafeb,SUB-e3c7f840,49.0,USD,Success,2026-01-10,PayPal
TXN-f8458f82,CUST-729bafeb,SUB-e3c7f840,49.0,USD,Refunded,2026-02-10,Wire Transfer
TXN-56ee9635,CUST-729bafeb,SUB-e3c7f840,49.0,USD,Success,2026-03-10,Credit Card
TXN-9f30f7a4,CUST-729bafeb,SUB-e3c7f840,49.0,USD,Success,2026-04-10,Credit Card
TXN-57bc1283,CUST-aaef60ec,SUB-7624c13a,199.0,USD,Success,2024-07-12,PayPal
TXN-e361cf21,CUST-aaef60ec,SUB-7624c13a,199.0,USD,Success,2024-08-12,Credit Card
TXN-c7b3adc1,CUST-aaef60ec,SUB-7624c13a,199.0,USD,Success,2024-09-12,PayPal
TXN-1df5d906,CUST-aaef60ec,SUB-7624c13a,199.0,USD,Success,2024-10-12,PayPal
TXN-26a5ba3d,CUST-aaef60ec,SUB-7624c13a,199.0,USD,Success,2024-11-12,PayPal
TXN-160ea002,CUST-aaef60ec,SUB-7624c13a,199.0,USD,Success,2024-12-12,PayPal
TXN-3098c70d,CUST-aaef60ec,SUB-7624c13a,199.0,USD,Success,2025-01-12,PayPal
TXN-e0fb79d6,CUST-aaef60ec,SUB-7624c13a,199.0,USD,Success,2025-02-12,Wire Transfer
TXN-3d02f40b,CUST-aaef60ec,SUB-7624c13a,199.0,USD,Success,2025-03-12,PayPal
TXN-fb8c8b0c,CUST-aaef60ec,SUB-7624c13a,199.0,USD,Success,2025-04-12,Wire Transfer
TXN-33b5931f,CUST-aaef60ec,SUB-7624c13a,199.0,USD,Success,2025-05-12,Credit Card
TXN-54ac5ffd,CUST-aaef60ec,SUB-7624c13a,199.0,USD,Success,2025-06-12,PayPal
TXN-72409913,CUST-aaef60ec,SUB-7624c13a,199.0,USD,Success,2025-07-12,Credit Card
TXN-d149d79e,CUST-aaef60ec,SUB-7624c13a,199.0,USD,Failed,2025-08-12,PayPal
TXN-d1d0bd84,CUST-aaef60ec,SUB-7624c13a,199.0,USD,Success,2025-09-12,Wire Transfer
TXN-c62e24b0,CUST-aaef60ec,SUB-7624c13a,199.0,USD,Success,2025-10-12,Wire Transfer
TXN-1dc50371,CUST-aaef60ec,SUB-7624c13a,199.0,USD,Success,2025-11-12,Wire Transfer
TXN-eab7b592,CUST-aaef60ec,SUB-7624c13a,199.0,USD,Success,2025-12-12,Credit Card
TXN-26829028,CUST-aaef60ec,SUB-7624c13a,199.0,USD,Success,2026-01-12,PayPal
TXN-1d4c7a12,CUST-aaef60ec,SUB-7624c13a,199.0,USD,Success,2026-02-12,Credit Card
TXN-199449a0,CUST-aaef60ec,SUB-7624c13a,199.0,USD,Success,2026-03-12,Wire Transfer
TXN-1613ddfa,CUST-aaef60ec,SUB-7624c13a,199.0,USD,Success,2026-04-12,Credit Card
TXN-22ebb1b8,CUST-f15637a7,SUB-0b77146a,199.0,USD,Success,2026-04-20,Wire Transfer
TXN-e2a639bc,CUST-d7173dc6,SUB-79bd8a33,199.0,USD,Success,2025-10-20,Wire Transfer
TXN-0d11abe4,CUST-d7173dc6,SUB-79bd8a33,199.0,USD,Success,2025-11-20,Wire Transfer
TXN-ceec8e13,CUST-d7173dc6,SUB-79bd8a33,199.0,USD,Success,2025-12-20,PayPal
TXN-4ac27acf,CUST-d7173dc6,SUB-79bd8a33,199.0,USD,Success,2026-01-20,PayPal
TXN-16c30e86,CUST-d7173dc6,SUB-79bd8a33,199.0,USD,Success,2026-02-20,Wire Transfer
TXN-ba74239c,CUST-d7173dc6,SUB-79bd8a33,199.0,USD,Success,2026-03-20,Credit Card
TXN-f2c509d7,CUST-d7173dc6,SUB-79bd8a33,199.0,USD,Success,2026-04-20,Credit Card
TXN-1dca8e10,CUST-6e83695c,SUB-497caf9b,49.0,USD,Success,2024-11-29,PayPal
TXN-aa423021,CUST-6e83695c,SUB-497caf9b,49.0,USD,Success,2024-12-29,Wire Transfer
TXN-b438be46,CUST-2160b9f6,SUB-ca4f7f94,49.0,USD,Success,2025-07-09,Credit Card
TXN-1ae448b5,CUST-2160b9f6,SUB-ca4f7f94,49.0,USD,Success,2025-08-09,Wire Transfer
TXN-aae33fb9,CUST-2160b9f6,SUB-ca4f7f94,49.0,USD,Success,2025-09-09,Credit Card
TXN-d4910d72,CUST-0b76f454,SUB-cc887347,499.0,USD,Success,2025-02-07,PayPal
TXN-0c7674e9,CUST-0b76f454,SUB-cc887347,499.0,USD,Success,2025-03-07,Wire Transfer
TXN-a602de6d,CUST-0b76f454,SUB-cc887347,499.0,USD,Success,2025-04-07,Wire Transfer
TXN-03586846,CUST-0b76f454,SUB-cc887347,499.0,USD,Success,2025-05-07,Credit Card
TXN-2f703033,CUST-0b76f454,SUB-cc887347,499.0,USD,Success,2025-06-07,Credit Card
TXN-be9b9df7,CUST-0b76f454,SUB-cc887347,499.0,USD,Success,2025-07-07,Credit Card
TXN-72fc246c,CUST-0b76f454,SUB-cc887347,499.0,USD,Success,2025-08-07,Wire Transfer
TXN-47021f55,CUST-0b76f454,SUB-cc887347,499.0,USD,Success,2025-09-07,PayPal
TXN-64c8607a,CUST-0b76f454,SUB-cc887347,499.0,USD,Success,2025-10-07,PayPal
TXN-9d5bf2f3,CUST-0b76f454,SUB-cc887347,499.0,USD,Success,2025-11-07,Credit Card
TXN-aa3f623d,CUST-0b76f454,SUB-cc887347,499.0,USD,Success,2025-12-07,PayPal
TXN-0539a1f6,CUST-0b76f454,SUB-cc887347,499.0,USD,Success,2026-01-07,Credit Card
TXN-1cc6c4be,CUST-0b76f454,SUB-cc887347,499.0,USD,Success,2026-02-07,PayPal
TXN-608801c1,CUST-0b76f454,SUB-cc887347,499.0,USD,Failed,2026-03-07,Wire Transfer
TXN-baecab68,CUST-0b76f454,SUB-cc887347,499.0,USD,Refunded,2026-04-07,Credit Card
TXN-d1348e28,CUST-0b76f454,SUB-cc887347,499.0,USD,Success,2026-05-07,PayPal
TXN-d2514af1,CUST-d4af51eb,SUB-154f17ec,199.0,USD,Success,2025-09-19,Wire Transfer
TXN-a9b76462,CUST-d4af51eb,SUB-154f17ec,199.0,USD,Success,2025-10-19,PayPal
TXN-4467d5c4,CUST-d4af51eb,SUB-154f17ec,199.0,USD,Success,2025-11-19,Wire Transfer
TXN-65ba32ad,CUST-d4af51eb,SUB-154f17ec,199.0,USD,Success,2025-12-19,Wire Transfer
TXN-9cdf8def,CUST-d4af51eb,SUB-154f17ec,199.0,USD,Success,2026-01-19,PayPal
TXN-cf1ae84e,CUST-d4af51eb,SUB-154f17ec,199.0,USD,Success,2026-02-19,PayPal
TXN-68d1637b,CUST-d4af51eb,SUB-154f17ec,199.0,USD,Failed,2026-03-19,Wire Transfer
TXN-ead17ab3,CUST-d4af51eb,SUB-154f17ec,199.0,USD,Success,2026-04-19,Wire Transfer
TXN-0d3d94f4,CUST-5567db0e,SUB-4821131d,499.0,USD,Success,2025-01-29,Wire Transfer
TXN-750180aa,CUST-5567db0e,SUB-4821131d,499.0,USD,Success,2025-02-28,Credit Card
TXN-caa59701,CUST-5567db0e,SUB-4821131d,499.0,USD,Success,2025-03-28,Wire Transfer
TXN-8b220619,CUST-5567db0e,SUB-4821131d,499.0,USD,Success,2025-04-28,Credit Card
TXN-3d33231d,CUST-5567db0e,SUB-4821131d,499.0,USD,Success,2025-05-28,Wire Transfer
TXN-d3955fb8,CUST-5567db0e,SUB-4821131d,499.0,USD,Failed,2025-06-28,Credit Card
TXN-738a6b3a,CUST-5567db0e,SUB-4821131d,499.0,USD,Success,2025-07-28,Wire Transfer
TXN-6cf54a77,CUST-5567db0e,SUB-4821131d,499.0,USD,Success,2025-08-28,Wire Transfer
TXN-2d1ed045,CUST-5567db0e,SUB-4821131d,499.0,USD,Success,2025-09-28,Wire Transfer
TXN-d03c7f32,CUST-5567db0e,SUB-4821131d,499.0,USD,Success,2025-10-28,PayPal
TXN-06e1884e,CUST-5567db0e,SUB-4821131d,499.0,USD,Success,2025-11-28,PayPal
TXN-5cf38276,CUST-5567db0e,SUB-4821131d,499.0,USD,Success,2025-12-28,Wire Transfer
TXN-52b352da,CUST-5567db0e,SUB-4821131d,499.0,USD,Success,2026-01-28,Credit Card
TXN-bbc86ad8,CUST-5567db0e,SUB-4821131d,499.0,USD,Success,2026-02-28,Credit Card
TXN-5d97cf0f,CUST-5567db0e,SUB-4821131d,499.0,USD,Success,2026-03-28,Wire Transfer
TXN-e8a0e558,CUST-5567db0e,SUB-4821131d,499.0,USD,Success,2026-04-28,PayPal
TXN-cb3fad4b,CUST-226a2490,SUB-db2a557d,49.0,USD,Success,2026-04-27,Credit Card
TXN-a1c525fe,CUST-aba27b79,SUB-b78806f3,199.0,USD,Success,2025-01-17,PayPal
TXN-d32a24ee,CUST-aba27b79,SUB-b78806f3,199.0,USD,Success,2025-02-17,Credit Card
TXN-a6579cce,CUST-aba27b79,SUB-b78806f3,199.0,USD,Success,2025-03-17,Wire Transfer
TXN-6ff7b74a,CUST-aba27b79,SUB-b78806f3,199.0,USD,Success,2025-04-17,PayPal
TXN-11c71748,CUST-aba27b79,SUB-b78806f3,199.0,USD,Success,2025-05-17,Credit Card
TXN-988f4513,CUST-aba27b79,SUB-b78806f3,199.0,USD,Success,2025-06-17,Wire Transfer
TXN-3503307c,CUST-a538f452,SUB-2ca62ec2,199.0,USD,Success,2025-07-04,Wire Transfer
TXN-1b4dd01f,CUST-a538f452,SUB-2ca62ec2,199.0,USD,Success,2025-08-04,Wire Transfer
TXN-3d2dad8c,CUST-a538f452,SUB-2ca62ec2,199.0,USD,Success,2025-09-04,PayPal
TXN-04255898,CUST-a538f452,SUB-2ca62ec2,199.0,USD,Success,2025-10-04,PayPal
TXN-a1f910ff,CUST-a538f452,SUB-2ca62ec2,199.0,USD,Success,2025-11-04,Wire Transfer
TXN-ce7b9170,CUST-a538f452,SUB-2ca62ec2,199.0,USD,Success,2025-12-04,PayPal
TXN-4a8a088f,CUST-a538f452,SUB-2ca62ec2,199.0,USD,Success,2026-01-04,Credit Card
TXN-9c804ecf,CUST-a538f452,SUB-2ca62ec2,199.0,USD,Success,2026-02-04,Wire Transfer
TXN-ff842568,CUST-a538f452,SUB-2ca62ec2,199.0,USD,Success,2026-03-04,Wire Transfer
TXN-da8c9a71,CUST-a538f452,SUB-2ca62ec2,199.0,USD,Success,2026-04-04,PayPal
TXN-54eeefc4,CUST-a538f452,SUB-2ca62ec2,199.0,USD,Success,2026-05-04,Wire Transfer
TXN-e89be955,CUST-d3456621,SUB-0b267d33,49.0,USD,Success,2025-05-05,Credit Card
TXN-cd17b6aa,CUST-d3456621,SUB-0b267d33,49.0,USD,Success,2025-06-05,PayPal
TXN-8f9c2b44,CUST-d3456621,SUB-0b267d33,49.0,USD,Success,2025-07-05,PayPal
TXN-eeab134d,CUST-d3456621,SUB-0b267d33,49.0,USD,Success,2025-08-05,Wire Transfer
TXN-2866860b,CUST-d3456621,SUB-0b267d33,49.0,USD,Success,2025-09-05,Wire Transfer
TXN-22d46335,CUST-d3456621,SUB-0b267d33,49.0,USD,Success,2025-10-05,Wire Transfer
TXN-a8b21939,CUST-d3456621,SUB-0b267d33,49.0,USD,Success,2025-11-05,PayPal
TXN-0831b831,CUST-d3456621,SUB-0b267d33,49.0,USD,Failed,2025-12-05,Wire Transfer
TXN-b7397899,CUST-d3456621,SUB-0b267d33,49.0,USD,Success,2026-01-05,Credit Card
TXN-c8e9f855,CUST-d3456621,SUB-0b267d33,49.0,USD,Success,2026-02-05,Wire Transfer
TXN-750b8347,CUST-2f7e3f39,SUB-b6b88f2f,199.0,USD,Success,2025-01-10,Wire Transfer
TXN-5897e4c7,CUST-2f7e3f39,SUB-b6b88f2f,199.0,USD,Success,2025-02-10,PayPal
TXN-129023f9,CUST-2f7e3f39,SUB-b6b88f2f,199.0,USD,Success,2025-03-10,Wire Transfer
TXN-3a704295,CUST-2f7e3f39,SUB-b6b88f2f,199.0,USD,Success,2025-04-10,PayPal
TXN-74a7c0d6,CUST-2f7e3f39,SUB-b6b88f2f,199.0,USD,Failed,2025-05-10,Wire Transfer
TXN-61f1f6fa,CUST-2f7e3f39,SUB-b6b88f2f,199.0,USD,Success,2025-06-10,Credit Card
TXN-b3556e39,CUST-2f7e3f39,SUB-b6b88f2f,199.0,USD,Failed,2025-07-10,Credit Card
TXN-209c13fc,CUST-2f7e3f39,SUB-b6b88f2f,199.0,USD,Success,2025-08-10,PayPal
TXN-aa54522a,CUST-2f7e3f39,SUB-b6b88f2f,199.0,USD,Success,2025-09-10,PayPal
TXN-5fe9631a,CUST-2f7e3f39,SUB-b6b88f2f,199.0,USD,Success,2025-10-10,Wire Transfer
TXN-f3476129,CUST-2f7e3f39,SUB-b6b88f2f,199.0,USD,Success,2025-11-10,Wire Transfer
TXN-186c8e9d,CUST-2f7e3f39,SUB-b6b88f2f,199.0,USD,Success,2025-12-10,Credit Card
TXN-64bbb5d3,CUST-2f7e3f39,SUB-b6b88f2f,199.0,USD,Success,2026-01-10,Wire Transfer
TXN-785454dd,CUST-2f7e3f39,SUB-b6b88f2f,199.0,USD,Success,2026-02-10,Credit Card
TXN-64de585d,CUST-2f7e3f39,SUB-b6b88f2f,199.0,USD,Success,2026-03-10,PayPal
TXN-9a7665d1,CUST-2f7e3f39,SUB-b6b88f2f,199.0,USD,Success,2026-04-10,Wire Transfer
TXN-0d04bf58,CUST-24e5a88d,SUB-4cefd45b,199.0,USD,Success,2025-02-03,PayPal
TXN-1190b89a,CUST-24e5a88d,SUB-4cefd45b,199.0,USD,Success,2025-03-03,Wire Transfer
TXN-cb99c760,CUST-24e5a88d,SUB-4cefd45b,199.0,USD,Success,2025-04-03,Credit Card
TXN-a12677d4,CUST-24e5a88d,SUB-4cefd45b,199.0,USD,Success,2025-05-03,PayPal
TXN-0720f3b3,CUST-24e5a88d,SUB-4cefd45b,199.0,USD,Success,2025-06-03,PayPal
TXN-b041583c,CUST-24e5a88d,SUB-4cefd45b,199.0,USD,Success,2025-07-03,Wire Transfer
TXN-4ed15167,CUST-24e5a88d,SUB-4cefd45b,199.0,USD,Success,2025-08-03,PayPal
TXN-39697e71,CUST-24e5a88d,SUB-4cefd45b,199.0,USD,Success,2025-09-03,Credit Card
TXN-08dbc278,CUST-24e5a88d,SUB-4cefd45b,199.0,USD,Success,2025-10-03,PayPal
TXN-ee3a31d8,CUST-24e5a88d,SUB-4cefd45b,199.0,USD,Success,2025-11-03,PayPal
TXN-e306a9fd,CUST-24e5a88d,SUB-4cefd45b,199.0,USD,Success,2025-12-03,Wire Transfer
TXN-d723d39a,CUST-24e5a88d,SUB-4cefd45b,199.0,USD,Success,2026-01-03,PayPal
TXN-f1484a12,CUST-24e5a88d,SUB-4cefd45b,199.0,USD,Success,2026-02-03,Wire Transfer
TXN-404136eb,CUST-24e5a88d,SUB-4cefd45b,199.0,USD,Success,2026-03-03,Wire Transfer
TXN-0e026ed8,CUST-24e5a88d,SUB-4cefd45b,199.0,USD,Success,2026-04-03,PayPal
TXN-8967e912,CUST-24e5a88d,SUB-4cefd45b,199.0,USD,Success,2026-05-03,Credit Card
TXN-d2ad6048,CUST-d444e79c,SUB-c597306b,49.0,USD,Success,2025-05-31,Wire Transfer
TXN-196a5980,CUST-d444e79c,SUB-c597306b,49.0,USD,Success,2025-06-30,PayPal
TXN-4a7414df,CUST-d444e79c,SUB-c597306b,49.0,USD,Refunded,2025-07-30,Wire Transfer
TXN-2cddcea4,CUST-d444e79c,SUB-c597306b,49.0,USD,Failed,2025-08-30,Credit Card
TXN-8bf7e527,CUST-d444e79c,SUB-c597306b,49.0,USD,Success,2025-09-30,Credit Card
TXN-c496b2b1,CUST-d444e79c,SUB-c597306b,49.0,USD,Success,2025-10-30,Wire Transfer
TXN-ecd249f6,CUST-d444e79c,SUB-c597306b,49.0,USD,Success,2025-11-30,Credit Card
TXN-247231e6,CUST-d444e79c,SUB-c597306b,49.0,USD,Success,2025-12-30,PayPal
TXN-6aba6d36,CUST-d444e79c,SUB-c597306b,49.0,USD,Refunded,2026-01-30,PayPal
TXN-adf4a166,CUST-d444e79c,SUB-c597306b,49.0,USD,Success,2026-02-28,Wire Transfer
TXN-b684af30,CUST-d444e79c,SUB-c597306b,49.0,USD,Success,2026-03-28,Credit Card
TXN-89ffaa33,CUST-d444e79c,SUB-c597306b,49.0,USD,Success,2026-04-28,PayPal
TXN-8031b79b,CUST-66940a3e,SUB-d2c0620d,49.0,USD,Failed,2025-11-18,PayPal
TXN-1defd641,CUST-66940a3e,SUB-d2c0620d,49.0,USD,Success,2025-12-18,PayPal
TXN-34c25b58,CUST-66940a3e,SUB-d2c0620d,49.0,USD,Success,2026-01-18,Wire Transfer
TXN-db4fdc12,CUST-66940a3e,SUB-d2c0620d,49.0,USD,Failed,2026-02-18,Wire Transfer
TXN-35cfee51,CUST-6a961c3c,SUB-921f3292,499.0,USD,Success,2026-04-23,PayPal
TXN-77b09fed,CUST-1c290011,SUB-1e17a07d,1999.0,USD,Success,2025-06-29,PayPal
TXN-c626dbaf,CUST-1c290011,SUB-1e17a07d,1999.0,USD,Success,2025-07-29,Credit Card
TXN-309b60f2,CUST-1c290011,SUB-1e17a07d,1999.0,USD,Success,2025-08-29,Credit Card
TXN-a406d061,CUST-1bd0ca7b,SUB-a59febff,49.0,USD,Success,2025-12-12,Credit Card
TXN-6530ffda,CUST-1bd0ca7b,SUB-a59febff,49.0,USD,Success,2026-01-12,Wire Transfer
TXN-1b2e360e,CUST-1bd0ca7b,SUB-a59febff,49.0,USD,Success,2026-02-12,PayPal
TXN-dadef1fa,CUST-1bd0ca7b,SUB-a59febff,49.0,USD,Success,2026-03-12,Wire Transfer
TXN-e7eb043a,CUST-1bd0ca7b,SUB-a59febff,49.0,USD,Success,2026-04-12,PayPal
TXN-2971690c,CUST-f59165c8,SUB-c11a67af,49.0,USD,Success,2025-12-29,Credit Card
TXN-d706624b,CUST-f59165c8,SUB-c11a67af,49.0,USD,Success,2026-01-29,Credit Card
TXN-98959ed7,CUST-f59165c8,SUB-c11a67af,49.0,USD,Success,2026-02-28,Credit Card
TXN-dae5cb85,CUST-f59165c8,SUB-c11a67af,49.0,USD,Success,2026-03-28,Credit Card
TXN-fd6e135d,CUST-f59165c8,SUB-c11a67af,49.0,USD,Success,2026-04-28,PayPal
TXN-6987762c,CUST-673ad9da,SUB-da7ca5c9,49.0,USD,Success,2024-10-24,Credit Card
TXN-34281a5c,CUST-673ad9da,SUB-da7ca5c9,49.0,USD,Success,2024-11-24,PayPal
TXN-313c79cb,CUST-673ad9da,SUB-da7ca5c9,49.0,USD,Success,2024-12-24,PayPal
TXN-92525292,CUST-673ad9da,SUB-da7ca5c9,49.0,USD,Success,2025-01-24,Wire Transfer
TXN-5d980571,CUST-673ad9da,SUB-da7ca5c9,49.0,USD,Success,2025-02-24,Credit Card
TXN-8bdae768,CUST-673ad9da,SUB-da7ca5c9,49.0,USD,Failed,2025-03-24,Credit Card
TXN-fe0601b5,CUST-673ad9da,SUB-da7ca5c9,49.0,USD,Success,2025-04-24,Wire Transfer
TXN-284f0498,CUST-673ad9da,SUB-da7ca5c9,49.0,USD,Success,2025-05-24,PayPal
TXN-9a6bbc51,CUST-673ad9da,SUB-da7ca5c9,49.0,USD,Success,2025-06-24,Credit Card
TXN-b69cbbc3,CUST-673ad9da,SUB-da7ca5c9,49.0,USD,Success,2025-07-24,PayPal
TXN-46cb9a83,CUST-673ad9da,SUB-da7ca5c9,49.0,USD,Success,2025-08-24,Wire Transfer
TXN-d58ad44a,CUST-673ad9da,SUB-da7ca5c9,49.0,USD,Success,2025-09-24,PayPal
TXN-c9ccea0a,CUST-673ad9da,SUB-da7ca5c9,49.0,USD,Failed,2025-10-24,Credit Card
TXN-264d2ea6,CUST-673ad9da,SUB-da7ca5c9,49.0,USD,Success,2025-11-24,PayPal
TXN-bd0c2bd6,CUST-673ad9da,SUB-da7ca5c9,49.0,USD,Success,2025-12-24,PayPal
TXN-e3d20e43,CUST-673ad9da,SUB-da7ca5c9,49.0,USD,Success,2026-01-24,Credit Card
TXN-e6309647,CUST-673ad9da,SUB-da7ca5c9,49.0,USD,Success,2026-02-24,Credit Card
TXN-de63b635,CUST-673ad9da,SUB-da7ca5c9,49.0,USD,Success,2026-03-24,PayPal
TXN-0e463033,CUST-673ad9da,SUB-da7ca5c9,49.0,USD,Success,2026-04-24,PayPal
TXN-36a55b7e,CUST-57f209bc,SUB-19c2abe6,199.0,USD,Success,2025-04-10,Wire Transfer
TXN-433c14a6,CUST-57f209bc,SUB-19c2abe6,199.0,USD,Success,2025-05-10,Credit Card
TXN-3f19ba4a,CUST-57f209bc,SUB-19c2abe6,199.0,USD,Refunded,2025-06-10,PayPal
TXN-cf7686d3,CUST-57f209bc,SUB-19c2abe6,199.0,USD,Success,2025-07-10,Credit Card
TXN-1569be2a,CUST-57f209bc,SUB-19c2abe6,199.0,USD,Success,2025-08-10,Wire Transfer
TXN-0cf18f64,CUST-57f209bc,SUB-19c2abe6,199.0,USD,Success,2025-09-10,PayPal
TXN-b7c093db,CUST-57f209bc,SUB-19c2abe6,199.0,USD,Success,2025-10-10,PayPal
TXN-5a5af567,CUST-57f209bc,SUB-19c2abe6,199.0,USD,Success,2025-11-10,PayPal
TXN-d2d2c0d8,CUST-57f209bc,SUB-19c2abe6,199.0,USD,Success,2025-12-10,Credit Card
TXN-706d5f9d,CUST-57f209bc,SUB-19c2abe6,199.0,USD,Success,2026-01-10,Wire Transfer
TXN-6e19921b,CUST-57f209bc,SUB-19c2abe6,199.0,USD,Success,2026-02-10,Credit Card
TXN-05f7c991,CUST-57f209bc,SUB-19c2abe6,199.0,USD,Success,2026-03-10,PayPal
TXN-675de5a7,CUST-57f209bc,SUB-19c2abe6,199.0,USD,Success,2026-04-10,Wire Transfer
TXN-89333eb8,CUST-791efac0,SUB-85216700,49.0,USD,Failed,2025-09-30,PayPal
TXN-947f7292,CUST-791efac0,SUB-85216700,49.0,USD,Success,2025-10-30,PayPal
TXN-7e4ed092,CUST-791efac0,SUB-85216700,49.0,USD,Success,2025-11-30,Credit Card
TXN-29f336bf,CUST-791efac0,SUB-85216700,49.0,USD,Success,2025-12-30,PayPal
TXN-f5915b28,CUST-791efac0,SUB-85216700,49.0,USD,Success,2026-01-30,Wire Transfer
TXN-262ca5f4,CUST-791efac0,SUB-85216700,49.0,USD,Success,2026-02-28,PayPal
TXN-22d44efe,CUST-f60bc788,SUB-ad1a550d,1999.0,USD,Success,2024-08-12,PayPal
TXN-0666599e,CUST-f60bc788,SUB-ad1a550d,1999.0,USD,Success,2024-09-12,Credit Card
TXN-136564fa,CUST-f60bc788,SUB-ad1a550d,1999.0,USD,Success,2024-10-12,Wire Transfer
TXN-4e6cc70c,CUST-f60bc788,SUB-ad1a550d,1999.0,USD,Success,2024-11-12,Credit Card
TXN-c871b78c,CUST-f60bc788,SUB-ad1a550d,1999.0,USD,Success,2024-12-12,PayPal
TXN-3af60cb9,CUST-f60bc788,SUB-ad1a550d,1999.0,USD,Success,2025-01-12,Credit Card
TXN-69b10c38,CUST-f60bc788,SUB-ad1a550d,1999.0,USD,Success,2025-02-12,Credit Card
TXN-d93f828d,CUST-f60bc788,SUB-ad1a550d,1999.0,USD,Success,2025-03-12,Credit Card
TXN-2cfdb101,CUST-f60bc788,SUB-ad1a550d,1999.0,USD,Success,2025-04-12,Credit Card
TXN-2cd1b408,CUST-f60bc788,SUB-ad1a550d,1999.0,USD,Success,2025-05-12,PayPal
TXN-1e9a2d87,CUST-f60bc788,SUB-ad1a550d,1999.0,USD,Success,2025-06-12,PayPal
TXN-6c388202,CUST-f60bc788,SUB-ad1a550d,1999.0,USD,Success,2025-07-12,Wire Transfer
TXN-9d141435,CUST-f60bc788,SUB-ad1a550d,1999.0,USD,Success,2025-08-12,Credit Card
TXN-f554a074,CUST-f60bc788,SUB-ad1a550d,1999.0,USD,Success,2025-09-12,Credit Card
TXN-90b7fc2e,CUST-f60bc788,SUB-ad1a550d,1999.0,USD,Success,2025-10-12,Wire Transfer
TXN-584b6890,CUST-f60bc788,SUB-ad1a550d,1999.0,USD,Success,2025-11-12,Credit Card
TXN-b38bbab3,CUST-f60bc788,SUB-ad1a550d,1999.0,USD,Success,2025-12-12,Wire Transfer
TXN-c3a8ca7f,CUST-f60bc788,SUB-ad1a550d,1999.0,USD,Success,2026-01-12,PayPal
TXN-e39ba5d5,CUST-f60bc788,SUB-ad1a550d,1999.0,USD,Success,2026-02-12,Wire Transfer
TXN-c8696338,CUST-f60bc788,SUB-ad1a550d,1999.0,USD,Success,2026-03-12,Credit Card
TXN-fe77cd27,CUST-f60bc788,SUB-ad1a550d,1999.0,USD,Success,2026-04-12,Wire Transfer
TXN-f7bfd19b,CUST-8b37577c,SUB-1a821392,49.0,USD,Failed,2025-06-23,PayPal
TXN-31c13ab5,CUST-8b37577c,SUB-1a821392,49.0,USD,Success,2025-07-23,Credit Card
TXN-02be20d1,CUST-8b37577c,SUB-1a821392,49.0,USD,Success,2025-08-23,PayPal
TXN-d66d74e7,CUST-039071cd,SUB-c37afe5b,49.0,USD,Success,2025-06-14,PayPal
TXN-12e1ae68,CUST-039071cd,SUB-c37afe5b,49.0,USD,Success,2025-07-14,Wire Transfer
TXN-33c3c159,CUST-039071cd,SUB-c37afe5b,49.0,USD,Success,2025-08-14,PayPal
TXN-535183ca,CUST-039071cd,SUB-c37afe5b,49.0,USD,Success,2025-09-14,Credit Card
TXN-4b0a6c0e,CUST-039071cd,SUB-c37afe5b,49.0,USD,Success,2025-10-14,PayPal
TXN-29f5178c,CUST-fae3e640,SUB-b6e51b02,199.0,USD,Success,2025-12-17,PayPal
TXN-e69996bb,CUST-fae3e640,SUB-b6e51b02,199.0,USD,Success,2026-01-17,Wire Transfer
TXN-58e94ea7,CUST-fae3e640,SUB-b6e51b02,199.0,USD,Success,2026-02-17,PayPal
TXN-0209ce75,CUST-fae3e640,SUB-b6e51b02,199.0,USD,Success,2026-03-17,Wire Transfer
TXN-1b4ecf1e,CUST-fae3e640,SUB-b6e51b02,199.0,USD,Success,2026-04-17,Wire Transfer
TXN-0c47a72c,CUST-a7c42cf6,SUB-fb2134a0,499.0,USD,Success,2025-10-15,Credit Card
TXN-df7f2552,CUST-a7c42cf6,SUB-fb2134a0,499.0,USD,Success,2025-11-15,Credit Card
TXN-d5e174e3,CUST-a7c42cf6,SUB-fb2134a0,499.0,USD,Success,2025-12-15,Credit Card
TXN-e3f0ed5e,CUST-a7c42cf6,SUB-fb2134a0,499.0,USD,Success,2026-01-15,Credit Card
TXN-735f735d,CUST-a7c42cf6,SUB-fb2134a0,499.0,USD,Success,2026-02-15,Wire Transfer
TXN-94a7a3af,CUST-a7c42cf6,SUB-fb2134a0,499.0,USD,Success,2026-03-15,PayPal
TXN-93ad550a,CUST-a7c42cf6,SUB-fb2134a0,499.0,USD,Success,2026-04-15,Credit Card
TXN-4595405f,CUST-08236241,SUB-e659180a,199.0,USD,Success,2026-01-29,Credit Card
TXN-576c0267,CUST-08236241,SUB-e659180a,199.0,USD,Success,2026-02-28,Credit Card
TXN-55dad4b2,CUST-08236241,SUB-e659180a,199.0,USD,Success,2026-03-28,PayPal
TXN-5a27c567,CUST-08236241,SUB-e659180a,199.0,USD,Success,2026-04-28,Credit Card
TXN-31cd2ab1,CUST-f9645bab,SUB-feb1a542,199.0,USD,Success,2025-02-03,PayPal
TXN-7956cad5,CUST-f9645bab,SUB-feb1a542,199.0,USD,Success,2025-03-03,Wire Transfer
TXN-559067e7,CUST-f9645bab,SUB-feb1a542,199.0,USD,Refunded,2025-04-03,Wire Transfer
TXN-88b30cfb,CUST-f9645bab,SUB-feb1a542,199.0,USD,Success,2025-05-03,Wire Transfer
TXN-a87ae358,CUST-f9645bab,SUB-feb1a542,199.0,USD,Success,2025-06-03,PayPal
TXN-38db2dc7,CUST-f9645bab,SUB-feb1a542,199.0,USD,Success,2025-07-03,Credit Card
TXN-162f4330,CUST-f9645bab,SUB-feb1a542,199.0,USD,Success,2025-08-03,Credit Card
TXN-15ef9718,CUST-f9645bab,SUB-feb1a542,199.0,USD,Success,2025-09-03,Credit Card
TXN-2abd37bc,CUST-f9645bab,SUB-feb1a542,199.0,USD,Success,2025-10-03,Credit Card
TXN-88cf06fa,CUST-f9645bab,SUB-feb1a542,199.0,USD,Success,2025-11-03,Credit Card
TXN-c2e672be,CUST-f9645bab,SUB-feb1a542,199.0,USD,Success,2025-12-03,PayPal
TXN-419025dc,CUST-f9645bab,SUB-feb1a542,199.0,USD,Failed,2026-01-03,Wire Transfer
TXN-da5ad8c8,CUST-f9645bab,SUB-feb1a542,199.0,USD,Success,2026-02-03,Credit Card
TXN-62c6ddd4,CUST-f9645bab,SUB-feb1a542,199.0,USD,Success,2026-03-03,Wire Transfer
TXN-3c154619,CUST-f9645bab,SUB-feb1a542,199.0,USD,Success,2026-04-03,PayPal
TXN-c3d6c50b,CUST-f9645bab,SUB-feb1a542,199.0,USD,Success,2026-05-03,PayPal
TXN-076bda7b,CUST-dfea75c0,SUB-124db5a9,1999.0,USD,Success,2026-01-21,Credit Card
TXN-ad87cf2a,CUST-dfea75c0,SUB-124db5a9,1999.0,USD,Success,2026-02-21,PayPal
TXN-55c1d601,CUST-dfea75c0,SUB-124db5a9,1999.0,USD,Success,2026-03-21,Wire Transfer
TXN-519bc3c0,CUST-dfea75c0,SUB-124db5a9,1999.0,USD,Success,2026-04-21,Credit Card
TXN-81b82f6e,CUST-8bf5019e,SUB-f2d2cdaa,49.0,USD,Success,2025-02-05,Credit Card
TXN-85cfe743,CUST-8bf5019e,SUB-f2d2cdaa,49.0,USD,Success,2025-03-05,Wire Transfer
TXN-e06d85f3,CUST-8bf5019e,SUB-f2d2cdaa,49.0,USD,Success,2025-04-05,Credit Card
TXN-089c8405,CUST-8bf5019e,SUB-f2d2cdaa,49.0,USD,Success,2025-05-05,Credit Card
TXN-8d436769,CUST-8bf5019e,SUB-f2d2cdaa,49.0,USD,Success,2025-06-05,Wire Transfer
TXN-eaf2bf13,CUST-8bf5019e,SUB-f2d2cdaa,49.0,USD,Success,2025-07-05,Credit Card
TXN-f9aa1a66,CUST-8bf5019e,SUB-f2d2cdaa,49.0,USD,Success,2025-08-05,Credit Card
TXN-58ad0ddd,CUST-8bf5019e,SUB-f2d2cdaa,49.0,USD,Failed,2025-09-05,Wire Transfer
TXN-b763343a,CUST-8bf5019e,SUB-f2d2cdaa,49.0,USD,Success,2025-10-05,PayPal
TXN-0439f93d,CUST-8bf5019e,SUB-f2d2cdaa,49.0,USD,Success,2025-11-05,Wire Transfer
TXN-ed789549,CUST-8bf5019e,SUB-f2d2cdaa,49.0,USD,Success,2025-12-05,Credit Card
TXN-d203921c,CUST-8bf5019e,SUB-f2d2cdaa,49.0,USD,Success,2026-01-05,Wire Transfer
TXN-202b50ab,CUST-8bf5019e,SUB-f2d2cdaa,49.0,USD,Success,2026-02-05,Credit Card
TXN-9551dea9,CUST-8bf5019e,SUB-f2d2cdaa,49.0,USD,Success,2026-03-05,Credit Card
TXN-dabd0476,CUST-8bf5019e,SUB-f2d2cdaa,49.0,USD,Success,2026-04-05,Wire Transfer
TXN-063b0b9e,CUST-8bf5019e,SUB-f2d2cdaa,49.0,USD,Success,2026-05-05,Credit Card
TXN-26524de4,CUST-72781a97,SUB-97b60610,499.0,USD,Success,2024-06-05,PayPal
TXN-5eb9ec2e,CUST-72781a97,SUB-97b60610,499.0,USD,Success,2024-07-05,Credit Card
TXN-d72d0cfd,CUST-72781a97,SUB-97b60610,499.0,USD,Success,2024-08-05,Wire Transfer
TXN-46f8ae0e,CUST-72781a97,SUB-97b60610,499.0,USD,Success,2024-09-05,PayPal
TXN-5b6ad70e,CUST-72781a97,SUB-97b60610,499.0,USD,Success,2024-10-05,PayPal
TXN-b6b7dd63,CUST-72781a97,SUB-97b60610,499.0,USD,Success,2024-11-05,Credit Card
TXN-20d97e76,CUST-72781a97,SUB-97b60610,499.0,USD,Success,2024-12-05,Wire Transfer
TXN-7f1a0f51,CUST-72781a97,SUB-97b60610,499.0,USD,Success,2025-01-05,Credit Card
TXN-bd25736a,CUST-72781a97,SUB-97b60610,499.0,USD,Success,2025-02-05,Credit Card
TXN-f899f765,CUST-72781a97,SUB-97b60610,499.0,USD,Success,2025-03-05,Wire Transfer
TXN-d770bafe,CUST-72781a97,SUB-97b60610,499.0,USD,Success,2025-04-05,Wire Transfer
TXN-79b708ca,CUST-72781a97,SUB-97b60610,499.0,USD,Success,2025-05-05,Credit Card
TXN-c2c441e9,CUST-72781a97,SUB-97b60610,499.0,USD,Success,2025-06-05,PayPal
TXN-e02e530e,CUST-72781a97,SUB-97b60610,499.0,USD,Success,2025-07-05,Credit Card
TXN-bc9bbd6a,CUST-72781a97,SUB-97b60610,499.0,USD,Success,2025-08-05,PayPal
TXN-15301eb0,CUST-72781a97,SUB-97b60610,499.0,USD,Success,2025-09-05,Credit Card
TXN-208429b3,CUST-72781a97,SUB-97b60610,499.0,USD,Success,2025-10-05,Wire Transfer
TXN-78507ab8,CUST-72781a97,SUB-97b60610,499.0,USD,Success,2025-11-05,PayPal
TXN-61720459,CUST-72781a97,SUB-97b60610,499.0,USD,Success,2025-12-05,Wire Transfer
TXN-59c2d913,CUST-72781a97,SUB-97b60610,499.0,USD,Success,2026-01-05,Wire Transfer
TXN-5e6a8a86,CUST-72781a97,SUB-97b60610,499.0,USD,Success,2026-02-05,Wire Transfer
TXN-745291e1,CUST-72781a97,SUB-97b60610,499.0,USD,Failed,2026-03-05,Wire Transfer
TXN-c1b94f17,CUST-72781a97,SUB-97b60610,499.0,USD,Success,2026-04-05,Wire Transfer
TXN-e17a3c65,CUST-72781a97,SUB-97b60610,499.0,USD,Success,2026-05-05,Credit Card
TXN-8767c66a,CUST-36cb27cd,SUB-78add265,49.0,USD,Success,2024-06-10,PayPal
TXN-b692dfe4,CUST-36cb27cd,SUB-78add265,49.0,USD,Success,2024-07-10,Credit Card
TXN-ceb1881b,CUST-36cb27cd,SUB-78add265,49.0,USD,Success,2024-08-10,Credit Card
TXN-c1c9e5d1,CUST-36cb27cd,SUB-78add265,49.0,USD,Success,2024-09-10,Credit Card
TXN-b2b1d7dd,CUST-36cb27cd,SUB-78add265,49.0,USD,Success,2024-10-10,Wire Transfer
TXN-2fee11d3,CUST-36cb27cd,SUB-78add265,49.0,USD,Success,2024-11-10,Credit Card
TXN-a0ce8415,CUST-36cb27cd,SUB-78add265,49.0,USD,Success,2024-12-10,PayPal
TXN-b30528af,CUST-36cb27cd,SUB-78add265,49.0,USD,Refunded,2025-01-10,Credit Card
TXN-22be6123,CUST-36cb27cd,SUB-78add265,49.0,USD,Success,2025-02-10,Wire Transfer
TXN-5f8ec77e,CUST-36cb27cd,SUB-78add265,49.0,USD,Success,2025-03-10,PayPal
TXN-679bec84,CUST-36cb27cd,SUB-78add265,49.0,USD,Success,2025-04-10,PayPal
TXN-3bfa081f,CUST-36cb27cd,SUB-78add265,49.0,USD,Success,2025-05-10,PayPal
TXN-4a2c7dae,CUST-36cb27cd,SUB-78add265,49.0,USD,Success,2025-06-10,PayPal
TXN-d5385a7a,CUST-36cb27cd,SUB-78add265,49.0,USD,Success,2025-07-10,Credit Card
TXN-102c0721,CUST-36cb27cd,SUB-78add265,49.0,USD,Success,2025-08-10,Wire Transfer
TXN-c1b2a8ba,CUST-36cb27cd,SUB-78add265,49.0,USD,Success,2025-09-10,PayPal
TXN-d7c0519f,CUST-36cb27cd,SUB-78add265,49.0,USD,Success,2025-10-10,PayPal
TXN-aae495a1,CUST-36cb27cd,SUB-78add265,49.0,USD,Success,2025-11-10,Wire Transfer
TXN-50592c3e,CUST-36cb27cd,SUB-78add265,49.0,USD,Success,2025-12-10,Credit Card
TXN-bff58c97,CUST-36cb27cd,SUB-78add265,49.0,USD,Success,2026-01-10,PayPal
TXN-0de7bf1a,CUST-36cb27cd,SUB-78add265,49.0,USD,Success,2026-02-10,Credit Card
TXN-68bf2d11,CUST-36cb27cd,SUB-78add265,49.0,USD,Success,2026-03-10,Credit Card
TXN-411f7834,CUST-36cb27cd,SUB-78add265,49.0,USD,Success,2026-04-10,Credit Card
TXN-1fb6bd54,CUST-817f134a,SUB-d1c38776,499.0,USD,Success,2025-03-27,Credit Card
TXN-3217dff5,CUST-817f134a,SUB-d1c38776,499.0,USD,Success,2025-04-27,PayPal
TXN-c5b979ef,CUST-817f134a,SUB-d1c38776,499.0,USD,Success,2025-05-27,PayPal
TXN-b439e3ee,CUST-817f134a,SUB-d1c38776,499.0,USD,Success,2025-06-27,Credit Card
TXN-54ac4f49,CUST-817f134a,SUB-d1c38776,499.0,USD,Refunded,2025-07-27,Credit Card
TXN-339f4319,CUST-817f134a,SUB-d1c38776,499.0,USD,Success,2025-08-27,Wire Transfer
TXN-ef534f28,CUST-817f134a,SUB-d1c38776,499.0,USD,Success,2025-09-27,Wire Transfer
TXN-051ff6ab,CUST-817f134a,SUB-d1c38776,499.0,USD,Success,2025-10-27,Wire Transfer
TXN-da331112,CUST-817f134a,SUB-d1c38776,499.0,USD,Success,2025-11-27,PayPal
TXN-771d029e,CUST-817f134a,SUB-d1c38776,499.0,USD,Success,2025-12-27,Wire Transfer
TXN-c8047ba8,CUST-817f134a,SUB-d1c38776,499.0,USD,Success,2026-01-27,PayPal
TXN-7237bd0f,CUST-817f134a,SUB-d1c38776,499.0,USD,Success,2026-02-27,PayPal
TXN-fd8fd7e4,CUST-817f134a,SUB-d1c38776,499.0,USD,Success,2026-03-27,PayPal
TXN-85d773d7,CUST-817f134a,SUB-d1c38776,499.0,USD,Success,2026-04-27,PayPal
TXN-38512358,CUST-f4320c23,SUB-a9e4a587,199.0,USD,Success,2025-08-07,Wire Transfer
TXN-0760fd14,CUST-f4320c23,SUB-a9e4a587,199.0,USD,Success,2025-09-07,Credit Card
TXN-6c306040,CUST-f4320c23,SUB-a9e4a587,199.0,USD,Success,2025-10-07,Credit Card
TXN-23af4594,CUST-f4320c23,SUB-a9e4a587,199.0,USD,Success,2025-11-07,Credit Card
TXN-c58158e9,CUST-f4320c23,SUB-a9e4a587,199.0,USD,Success,2025-12-07,Wire Transfer
TXN-9087fc19,CUST-f4320c23,SUB-a9e4a587,199.0,USD,Failed,2026-01-07,Credit Card
TXN-234b6501,CUST-f4320c23,SUB-a9e4a587,199.0,USD,Success,2026-02-07,Wire Transfer
TXN-46a7816b,CUST-f4320c23,SUB-a9e4a587,199.0,USD,Success,2026-03-07,Wire Transfer
TXN-735a512d,CUST-f4320c23,SUB-a9e4a587,199.0,USD,Success,2026-04-07,Wire Transfer
TXN-e83c575e,CUST-f4320c23,SUB-a9e4a587,199.0,USD,Failed,2026-05-07,Credit Card
TXN-f57a7e66,CUST-0d489295,SUB-e76d7763,49.0,USD,Success,2025-04-24,Credit Card
TXN-5002e1f1,CUST-0d489295,SUB-e76d7763,49.0,USD,Success,2025-05-24,Credit Card
TXN-628055d1,CUST-0d489295,SUB-e76d7763,49.0,USD,Success,2025-06-24,PayPal
TXN-ed0b8459,CUST-0d489295,SUB-e76d7763,49.0,USD,Success,2025-07-24,Wire Transfer
TXN-9a8567df,CUST-0d489295,SUB-e76d7763,49.0,USD,Success,2025-08-24,PayPal
TXN-6c6efe83,CUST-0d489295,SUB-e76d7763,49.0,USD,Success,2025-09-24,Wire Transfer
TXN-e286dfc0,CUST-0d489295,SUB-e76d7763,49.0,USD,Success,2025-10-24,Credit Card
TXN-ce6bc9db,CUST-0d489295,SUB-e76d7763,49.0,USD,Success,2025-11-24,Wire Transfer
TXN-75070b34,CUST-0d489295,SUB-e76d7763,49.0,USD,Success,2025-12-24,Wire Transfer
TXN-c58931d0,CUST-0d489295,SUB-e76d7763,49.0,USD,Success,2026-01-24,PayPal
TXN-29879b0e,CUST-0d489295,SUB-e76d7763,49.0,USD,Success,2026-02-24,Wire Transfer
TXN-a5a4f6d5,CUST-0d489295,SUB-e76d7763,49.0,USD,Success,2026-03-24,Credit Card
TXN-3f39ae7e,CUST-0d489295,SUB-e76d7763,49.0,USD,Success,2026-04-24,Wire Transfer
TXN-15580cf2,CUST-5cb84a66,SUB-c83fdda2,499.0,USD,Success,2025-01-23,Wire Transfer
TXN-f33c08be,CUST-5cb84a66,SUB-c83fdda2,499.0,USD,Success,2025-02-23,Wire Transfer
TXN-5833e0d2,CUST-5cb84a66,SUB-c83fdda2,499.0,USD,Success,2025-03-23,PayPal
TXN-ad33e12f,CUST-5cb84a66,SUB-c83fdda2,499.0,USD,Success,2025-04-23,Wire Transfer
TXN-e7428332,CUST-5cb84a66,SUB-c83fdda2,499.0,USD,Success,2025-05-23,Wire Transfer
TXN-b0bbc171,CUST-5cb84a66,SUB-c83fdda2,499.0,USD,Success,2025-06-23,PayPal
TXN-4ef54e63,CUST-5cb84a66,SUB-c83fdda2,499.0,USD,Success,2025-07-23,PayPal
TXN-2e4435ee,CUST-5cb84a66,SUB-c83fdda2,499.0,USD,Success,2025-08-23,PayPal
TXN-35ec05dd,CUST-5cb84a66,SUB-c83fdda2,499.0,USD,Success,2025-09-23,PayPal
TXN-d0b68754,CUST-5cb84a66,SUB-c83fdda2,499.0,USD,Success,2025-10-23,Credit Card
TXN-cc0c886c,CUST-5cb84a66,SUB-c83fdda2,499.0,USD,Success,2025-11-23,Credit Card
TXN-04a111d9,CUST-5cb84a66,SUB-c83fdda2,499.0,USD,Success,2025-12-23,Wire Transfer
TXN-e9eae69f,CUST-5cb84a66,SUB-c83fdda2,499.0,USD,Success,2026-01-23,Credit Card
TXN-2fbfa343,CUST-5cb84a66,SUB-c83fdda2,499.0,USD,Success,2026-02-23,Wire Transfer
TXN-a67cca36,CUST-0cbe500a,SUB-79acab49,49.0,USD,Success,2024-06-02,Credit Card
TXN-f61c3fc3,CUST-0cbe500a,SUB-79acab49,49.0,USD,Success,2024-07-02,PayPal
TXN-5e2a4bfe,CUST-0cbe500a,SUB-79acab49,49.0,USD,Success,2024-08-02,PayPal
TXN-f54e24e0,CUST-0cbe500a,SUB-79acab49,49.0,USD,Success,2024-09-02,Credit Card
TXN-0cf55c9e,CUST-0cbe500a,SUB-79acab49,49.0,USD,Success,2024-10-02,Credit Card
TXN-83b19cfd,CUST-0cbe500a,SUB-79acab49,49.0,USD,Success,2024-11-02,Wire Transfer
TXN-1e637a56,CUST-0cbe500a,SUB-79acab49,49.0,USD,Success,2024-12-02,Wire Transfer
TXN-5f96f24b,CUST-0cbe500a,SUB-79acab49,49.0,USD,Failed,2025-01-02,Wire Transfer
TXN-64ec3b23,CUST-0cbe500a,SUB-79acab49,49.0,USD,Success,2025-02-02,PayPal
TXN-86c65f5c,CUST-0cbe500a,SUB-79acab49,49.0,USD,Success,2025-03-02,PayPal
TXN-151a2340,CUST-0cbe500a,SUB-79acab49,49.0,USD,Success,2025-04-02,PayPal
TXN-f1308e2d,CUST-0cbe500a,SUB-79acab49,49.0,USD,Success,2025-05-02,PayPal
TXN-0e78c3b4,CUST-0cbe500a,SUB-79acab49,49.0,USD,Success,2025-06-02,Wire Transfer
TXN-d3ea7c1b,CUST-0cbe500a,SUB-79acab49,49.0,USD,Success,2025-07-02,PayPal
TXN-2cc81604,CUST-0cbe500a,SUB-79acab49,49.0,USD,Success,2025-08-02,PayPal
TXN-92432b22,CUST-0cbe500a,SUB-79acab49,49.0,USD,Success,2025-09-02,PayPal
TXN-34b56d31,CUST-0cbe500a,SUB-79acab49,49.0,USD,Success,2025-10-02,PayPal
TXN-14df137f,CUST-0cbe500a,SUB-79acab49,49.0,USD,Failed,2025-11-02,Credit Card
TXN-1deb09a7,CUST-0cbe500a,SUB-79acab49,49.0,USD,Success,2025-12-02,Wire Transfer
TXN-79e117b2,CUST-0cbe500a,SUB-79acab49,49.0,USD,Success,2026-01-02,Wire Transfer
TXN-98a68b7e,CUST-0cbe500a,SUB-79acab49,49.0,USD,Success,2026-02-02,PayPal
TXN-c2d2b446,CUST-0cbe500a,SUB-79acab49,49.0,USD,Success,2026-03-02,Credit Card
TXN-900c9367,CUST-0cbe500a,SUB-79acab49,49.0,USD,Success,2026-04-02,Wire Transfer
TXN-01e10fc0,CUST-0cbe500a,SUB-79acab49,49.0,USD,Success,2026-05-02,Wire Transfer
TXN-6e748888,CUST-c2d7d541,SUB-8d889cc4,49.0,USD,Success,2025-02-06,PayPal
TXN-67e77603,CUST-c2d7d541,SUB-8d889cc4,49.0,USD,Success,2025-03-06,PayPal
TXN-b5ecaf85,CUST-c2d7d541,SUB-8d889cc4,49.0,USD,Success,2025-04-06,Wire Transfer
TXN-2c6f33d8,CUST-c2d7d541,SUB-8d889cc4,49.0,USD,Success,2025-05-06,Wire Transfer
TXN-3662f1c1,CUST-c2d7d541,SUB-8d889cc4,49.0,USD,Success,2025-06-06,Credit Card
TXN-3cee84db,CUST-c2d7d541,SUB-8d889cc4,49.0,USD,Success,2025-07-06,Wire Transfer
TXN-a89b033d,CUST-c2d7d541,SUB-8d889cc4,49.0,USD,Failed,2025-08-06,Wire Transfer
TXN-8dbc2fb8,CUST-c2d7d541,SUB-8d889cc4,49.0,USD,Success,2025-09-06,PayPal
TXN-3e6d7dfe,CUST-c2d7d541,SUB-8d889cc4,49.0,USD,Success,2025-10-06,Wire Transfer
TXN-6d4e18b3,CUST-c2d7d541,SUB-8d889cc4,49.0,USD,Success,2025-11-06,PayPal
TXN-bb763af2,CUST-c2d7d541,SUB-8d889cc4,49.0,USD,Success,2025-12-06,Wire Transfer
TXN-54051bcc,CUST-c2d7d541,SUB-8d889cc4,49.0,USD,Success,2026-01-06,Wire Transfer
TXN-4ed44011,CUST-c2d7d541,SUB-8d889cc4,49.0,USD,Success,2026-02-06,Wire Transfer
TXN-8a9cf670,CUST-c2d7d541,SUB-8d889cc4,49.0,USD,Success,2026-03-06,Credit Card
TXN-311548d8,CUST-c2d7d541,SUB-8d889cc4,49.0,USD,Failed,2026-04-06,PayPal
TXN-9f06c0c1,CUST-c2d7d541,SUB-8d889cc4,49.0,USD,Success,2026-05-06,Credit Card
TXN-5fddfff0,CUST-05bdff14,SUB-855dc17c,199.0,USD,Success,2025-07-20,Wire Transfer
TXN-387491a1,CUST-05bdff14,SUB-855dc17c,199.0,USD,Success,2025-08-20,Credit Card
TXN-4dbbe2e9,CUST-05bdff14,SUB-855dc17c,199.0,USD,Success,2025-09-20,PayPal
TXN-97821229,CUST-05bdff14,SUB-855dc17c,199.0,USD,Success,2025-10-20,Wire Transfer
TXN-5268b303,CUST-05bdff14,SUB-855dc17c,199.0,USD,Success,2025-11-20,Credit Card
TXN-7c347bf5,CUST-05bdff14,SUB-855dc17c,199.0,USD,Success,2025-12-20,Credit Card
TXN-40f845ce,CUST-05bdff14,SUB-855dc17c,199.0,USD,Success,2026-01-20,PayPal
TXN-9558e586,CUST-05bdff14,SUB-855dc17c,199.0,USD,Success,2026-02-20,Credit Card
TXN-74faaca8,CUST-05bdff14,SUB-855dc17c,199.0,USD,Success,2026-03-20,PayPal
TXN-cd4aec9c,CUST-05bdff14,SUB-855dc17c,199.0,USD,Success,2026-04-20,Wire Transfer
TXN-1894b741,CUST-2263a0e5,SUB-85e83ee2,49.0,USD,Success,2024-07-14,Wire Transfer
TXN-68457f7e,CUST-2263a0e5,SUB-85e83ee2,49.0,USD,Success,2024-08-14,Credit Card
TXN-06380fab,CUST-2263a0e5,SUB-85e83ee2,49.0,USD,Success,2024-09-14,Wire Transfer
TXN-79e5e20d,CUST-2263a0e5,SUB-85e83ee2,49.0,USD,Success,2024-10-14,Wire Transfer
TXN-a0693cd2,CUST-2263a0e5,SUB-85e83ee2,49.0,USD,Success,2024-11-14,Credit Card
TXN-40a1f3c1,CUST-2263a0e5,SUB-85e83ee2,49.0,USD,Success,2024-12-14,Wire Transfer
TXN-3c391332,CUST-2263a0e5,SUB-85e83ee2,49.0,USD,Success,2025-01-14,Credit Card
TXN-9359bedc,CUST-2263a0e5,SUB-85e83ee2,49.0,USD,Success,2025-02-14,PayPal
TXN-b37934cd,CUST-2263a0e5,SUB-85e83ee2,49.0,USD,Success,2025-03-14,PayPal
TXN-c9785824,CUST-2263a0e5,SUB-85e83ee2,49.0,USD,Failed,2025-04-14,PayPal
TXN-80cd9b55,CUST-2263a0e5,SUB-85e83ee2,49.0,USD,Refunded,2025-05-14,Credit Card
TXN-73a8c3a9,CUST-2263a0e5,SUB-85e83ee2,49.0,USD,Success,2025-06-14,Credit Card
TXN-d5f08a23,CUST-2263a0e5,SUB-85e83ee2,49.0,USD,Success,2025-07-14,Wire Transfer
TXN-f424a26b,CUST-2263a0e5,SUB-85e83ee2,49.0,USD,Success,2025-08-14,Wire Transfer
TXN-89162cb0,CUST-2263a0e5,SUB-85e83ee2,49.0,USD,Success,2025-09-14,Wire Transfer
TXN-6d935bc9,CUST-2263a0e5,SUB-85e83ee2,49.0,USD,Success,2025-10-14,Wire Transfer
TXN-c7a88ca3,CUST-2263a0e5,SUB-85e83ee2,49.0,USD,Success,2025-11-14,Wire Transfer
TXN-1f5513da,CUST-2263a0e5,SUB-85e83ee2,49.0,USD,Success,2025-12-14,Credit Card
TXN-6f316c7d,CUST-2263a0e5,SUB-85e83ee2,49.0,USD,Failed,2026-01-14,Credit Card
TXN-e6bf218f,CUST-2263a0e5,SUB-85e83ee2,49.0,USD,Success,2026-02-14,PayPal
TXN-4d30644e,CUST-2263a0e5,SUB-85e83ee2,49.0,USD,Success,2026-03-14,PayPal
TXN-fd8e7e46,CUST-2263a0e5,SUB-85e83ee2,49.0,USD,Success,2026-04-14,PayPal
TXN-176477a3,CUST-380c057f,SUB-9f58416b,199.0,USD,Failed,2025-06-05,PayPal
TXN-236fa834,CUST-380c057f,SUB-9f58416b,199.0,USD,Success,2025-07-05,Credit Card
TXN-b00bae1c,CUST-380c057f,SUB-9f58416b,199.0,USD,Success,2025-08-05,Credit Card
TXN-2ae91a89,CUST-380c057f,SUB-9f58416b,199.0,USD,Success,2025-09-05,Credit Card
TXN-5c67eec8,CUST-380c057f,SUB-9f58416b,199.0,USD,Success,2025-10-05,Wire Transfer
TXN-b89ca70a,CUST-380c057f,SUB-9f58416b,199.0,USD,Success,2025-11-05,Wire Transfer
TXN-00ddb015,CUST-380c057f,SUB-9f58416b,199.0,USD,Success,2025-12-05,PayPal
TXN-7c931fab,CUST-380c057f,SUB-9f58416b,199.0,USD,Success,2026-01-05,Wire Transfer
TXN-5d04ee2c,CUST-380c057f,SUB-9f58416b,199.0,USD,Success,2026-02-05,Credit Card
TXN-ca45db24,CUST-380c057f,SUB-9f58416b,199.0,USD,Success,2026-03-05,PayPal
TXN-7c171384,CUST-380c057f,SUB-9f58416b,199.0,USD,Failed,2026-04-05,PayPal
TXN-31069abb,CUST-380c057f,SUB-9f58416b,199.0,USD,Success,2026-05-05,Wire Transfer
TXN-c9385d22,CUST-72f8a3bb,SUB-6ae7c1c1,49.0,USD,Success,2025-04-18,PayPal
TXN-32dc2cd2,CUST-72f8a3bb,SUB-6ae7c1c1,49.0,USD,Success,2025-05-18,Wire Transfer
TXN-5f3cfc5b,CUST-72f8a3bb,SUB-6ae7c1c1,49.0,USD,Failed,2025-06-18,Wire Transfer
TXN-19b54fb1,CUST-72f8a3bb,SUB-6ae7c1c1,49.0,USD,Success,2025-07-18,PayPal
TXN-e237a151,CUST-72f8a3bb,SUB-6ae7c1c1,49.0,USD,Success,2025-08-18,Wire Transfer
TXN-d2c613b0,CUST-72f8a3bb,SUB-6ae7c1c1,49.0,USD,Success,2025-09-18,Wire Transfer
TXN-1c1b5c62,CUST-72f8a3bb,SUB-6ae7c1c1,49.0,USD,Success,2025-10-18,Wire Transfer
TXN-807aaebb,CUST-72f8a3bb,SUB-6ae7c1c1,49.0,USD,Success,2025-11-18,Wire Transfer
TXN-e82620d7,CUST-72f8a3bb,SUB-6ae7c1c1,49.0,USD,Success,2025-12-18,PayPal
TXN-81fdf403,CUST-72f8a3bb,SUB-6ae7c1c1,49.0,USD,Success,2026-01-18,Credit Card
TXN-f45a276b,CUST-72f8a3bb,SUB-6ae7c1c1,49.0,USD,Success,2026-02-18,Credit Card
TXN-5314fadc,CUST-72f8a3bb,SUB-6ae7c1c1,49.0,USD,Success,2026-03-18,Wire Transfer
TXN-df52b8ed,CUST-72f8a3bb,SUB-6ae7c1c1,49.0,USD,Success,2026-04-18,Wire Transfer
TXN-d0f586d4,CUST-ada7d057,SUB-3c78ff43,49.0,USD,Success,2025-06-29,Wire Transfer
TXN-51ed9e3d,CUST-ada7d057,SUB-3c78ff43,49.0,USD,Success,2025-07-29,Credit Card
TXN-711d0237,CUST-ada7d057,SUB-3c78ff43,49.0,USD,Success,2025-08-29,Wire Transfer
TXN-a6feaba3,CUST-ada7d057,SUB-3c78ff43,49.0,USD,Success,2025-09-29,PayPal
TXN-9350780e,CUST-ada7d057,SUB-3c78ff43,49.0,USD,Success,2025-10-29,PayPal
TXN-a1d59791,CUST-ada7d057,SUB-3c78ff43,49.0,USD,Success,2025-11-29,PayPal
TXN-1f8a4c5a,CUST-ada7d057,SUB-3c78ff43,49.0,USD,Success,2025-12-29,Credit Card
TXN-6c4178c4,CUST-ada7d057,SUB-3c78ff43,49.0,USD,Success,2026-01-29,Wire Transfer
TXN-996f960c,CUST-ada7d057,SUB-3c78ff43,49.0,USD,Success,2026-02-28,Wire Transfer
TXN-eaeeb670,CUST-ada7d057,SUB-3c78ff43,49.0,USD,Success,2026-03-28,Wire Transfer
TXN-c116a861,CUST-ada7d057,SUB-3c78ff43,49.0,USD,Success,2026-04-28,Credit Card
TXN-4b9124e1,CUST-8299cbef,SUB-4ab211a7,49.0,USD,Success,2025-10-24,Credit Card
TXN-ba554fb6,CUST-8299cbef,SUB-4ab211a7,49.0,USD,Success,2025-11-24,Credit Card
TXN-30679d91,CUST-8299cbef,SUB-4ab211a7,49.0,USD,Success,2025-12-24,Credit Card
TXN-172cb972,CUST-8299cbef,SUB-4ab211a7,49.0,USD,Success,2026-01-24,PayPal
TXN-470a93e1,CUST-8299cbef,SUB-4ab211a7,49.0,USD,Success,2026-02-24,Credit Card
TXN-63088c19,CUST-8299cbef,SUB-4ab211a7,49.0,USD,Success,2026-03-24,Credit Card
TXN-bf8d6495,CUST-8299cbef,SUB-4ab211a7,49.0,USD,Success,2026-04-24,Credit Card
TXN-1ac98859,CUST-8800df1b,SUB-6820a67b,49.0,USD,Success,2024-09-26,Wire Transfer
TXN-285504b5,CUST-8800df1b,SUB-6820a67b,49.0,USD,Success,2024-10-26,Wire Transfer
TXN-728a9492,CUST-8800df1b,SUB-6820a67b,49.0,USD,Success,2024-11-26,Wire Transfer
TXN-3c4f7014,CUST-8800df1b,SUB-6820a67b,49.0,USD,Success,2024-12-26,PayPal
TXN-31cd9e85,CUST-8800df1b,SUB-6820a67b,49.0,USD,Failed,2025-01-26,PayPal
TXN-bd3f2fe3,CUST-8800df1b,SUB-6820a67b,49.0,USD,Success,2025-02-26,Credit Card
TXN-05e7d303,CUST-8800df1b,SUB-6820a67b,49.0,USD,Success,2025-03-26,Wire Transfer
TXN-0fae282a,CUST-8800df1b,SUB-6820a67b,49.0,USD,Failed,2025-04-26,PayPal
TXN-0cf0bf5c,CUST-8800df1b,SUB-6820a67b,49.0,USD,Success,2025-05-26,Wire Transfer
TXN-251b10dd,CUST-8800df1b,SUB-6820a67b,49.0,USD,Success,2025-06-26,PayPal
TXN-a0bdc1df,CUST-8800df1b,SUB-6820a67b,49.0,USD,Success,2025-07-26,PayPal
TXN-824de5cb,CUST-8800df1b,SUB-6820a67b,49.0,USD,Refunded,2025-08-26,Credit Card
TXN-fcabfe43,CUST-8800df1b,SUB-6820a67b,49.0,USD,Success,2025-09-26,Credit Card
TXN-2324f668,CUST-8800df1b,SUB-6820a67b,49.0,USD,Success,2025-10-26,PayPal
TXN-b0cfffe9,CUST-8800df1b,SUB-6820a67b,49.0,USD,Success,2025-11-26,Credit Card
TXN-1cd425e2,CUST-8800df1b,SUB-6820a67b,49.0,USD,Success,2025-12-26,PayPal
TXN-1765a5b6,CUST-8800df1b,SUB-6820a67b,49.0,USD,Success,2026-01-26,PayPal
TXN-8a0d0e93,CUST-8800df1b,SUB-6820a67b,49.0,USD,Success,2026-02-26,Wire Transfer
TXN-f6c462f1,CUST-8800df1b,SUB-6820a67b,49.0,USD,Success,2026-03-26,Credit Card
TXN-0e0ee49a,CUST-8800df1b,SUB-6820a67b,49.0,USD,Success,2026-04-26,Credit Card
TXN-c4d0d5df,CUST-19d125c6,SUB-3aadc656,199.0,USD,Success,2025-11-13,Credit Card
TXN-96ad8f61,CUST-19d125c6,SUB-3aadc656,199.0,USD,Success,2025-12-13,Wire Transfer
TXN-f6423f73,CUST-19d125c6,SUB-3aadc656,199.0,USD,Success,2026-01-13,Wire Transfer
TXN-86893d62,CUST-19d125c6,SUB-3aadc656,199.0,USD,Success,2026-02-13,Wire Transfer
TXN-b51d4ec5,CUST-19d125c6,SUB-3aadc656,199.0,USD,Failed,2026-03-13,Credit Card
TXN-28479546,CUST-19d125c6,SUB-3aadc656,199.0,USD,Success,2026-04-13,Credit Card
TXN-8a3f1970,CUST-4793c4e0,SUB-2b72a34f,499.0,USD,Success,2024-05-30,Credit Card
TXN-b4654a19,CUST-4793c4e0,SUB-2b72a34f,499.0,USD,Success,2024-06-30,Wire Transfer
TXN-67093306,CUST-4793c4e0,SUB-2b72a34f,499.0,USD,Success,2024-07-30,Wire Transfer
TXN-4f66b069,CUST-4793c4e0,SUB-2b72a34f,499.0,USD,Success,2024-08-30,PayPal
TXN-1eb7f33e,CUST-4793c4e0,SUB-2b72a34f,499.0,USD,Success,2024-09-30,Wire Transfer
TXN-567d8a8c,CUST-4793c4e0,SUB-2b72a34f,499.0,USD,Success,2024-10-30,PayPal
TXN-ff892bb4,CUST-4793c4e0,SUB-2b72a34f,499.0,USD,Success,2024-11-30,Credit Card
TXN-1cf16a3c,CUST-4793c4e0,SUB-2b72a34f,499.0,USD,Success,2024-12-30,Wire Transfer
TXN-dc8bda5e,CUST-4793c4e0,SUB-2b72a34f,499.0,USD,Success,2025-01-30,Credit Card
TXN-f052777f,CUST-4793c4e0,SUB-2b72a34f,499.0,USD,Success,2025-02-28,Credit Card
TXN-33ab05f0,CUST-4793c4e0,SUB-2b72a34f,499.0,USD,Success,2025-03-28,Credit Card
TXN-a02e62c9,CUST-4793c4e0,SUB-2b72a34f,499.0,USD,Success,2025-04-28,Credit Card
TXN-f88f75b4,CUST-4793c4e0,SUB-2b72a34f,499.0,USD,Success,2025-05-28,Wire Transfer
TXN-c7324c57,CUST-4793c4e0,SUB-2b72a34f,499.0,USD,Success,2025-06-28,Credit Card
TXN-95345f69,CUST-4793c4e0,SUB-2b72a34f,499.0,USD,Success,2025-07-28,PayPal
TXN-f18f3ee9,CUST-4793c4e0,SUB-2b72a34f,499.0,USD,Success,2025-08-28,Wire Transfer
TXN-d5625575,CUST-4793c4e0,SUB-2b72a34f,499.0,USD,Success,2025-09-28,Credit Card
TXN-b577cca2,CUST-4793c4e0,SUB-2b72a34f,499.0,USD,Success,2025-10-28,Wire Transfer
TXN-6d6a01bc,CUST-4793c4e0,SUB-2b72a34f,499.0,USD,Success,2025-11-28,PayPal
TXN-f6dc40c6,CUST-4793c4e0,SUB-2b72a34f,499.0,USD,Success,2025-12-28,Credit Card
TXN-5ad893ff,CUST-4793c4e0,SUB-2b72a34f,499.0,USD,Success,2026-01-28,PayPal
TXN-9ad24da8,CUST-4793c4e0,SUB-2b72a34f,499.0,USD,Success,2026-02-28,Credit Card
TXN-e104976d,CUST-4793c4e0,SUB-2b72a34f,499.0,USD,Success,2026-03-28,PayPal
TXN-d8139f84,CUST-4793c4e0,SUB-2b72a34f,499.0,USD,Success,2026-04-28,Credit Card
TXN-5eaa4e0f,CUST-e580e305,SUB-f0bd9101,1999.0,USD,Success,2024-10-21,Wire Transfer
TXN-099f52f1,CUST-e580e305,SUB-f0bd9101,1999.0,USD,Success,2024-11-21,Credit Card
TXN-4149e576,CUST-e580e305,SUB-f0bd9101,1999.0,USD,Success,2024-12-21,Wire Transfer
TXN-d3d5db95,CUST-e580e305,SUB-f0bd9101,1999.0,USD,Success,2025-01-21,Credit Card
TXN-7763b417,CUST-e580e305,SUB-f0bd9101,1999.0,USD,Success,2025-02-21,Credit Card
TXN-aab6aa08,CUST-e580e305,SUB-f0bd9101,1999.0,USD,Success,2025-03-21,PayPal
TXN-3fad0078,CUST-e580e305,SUB-f0bd9101,1999.0,USD,Success,2025-04-21,PayPal
TXN-ef242108,CUST-e580e305,SUB-f0bd9101,1999.0,USD,Success,2025-05-21,PayPal
TXN-3ffb49f6,CUST-e580e305,SUB-f0bd9101,1999.0,USD,Success,2025-06-21,Credit Card
TXN-e84630a5,CUST-e580e305,SUB-f0bd9101,1999.0,USD,Success,2025-07-21,Credit Card
TXN-923988b4,CUST-e580e305,SUB-f0bd9101,1999.0,USD,Success,2025-08-21,Credit Card
TXN-a8126234,CUST-e580e305,SUB-f0bd9101,1999.0,USD,Success,2025-09-21,Wire Transfer
TXN-3cfbecc6,CUST-e580e305,SUB-f0bd9101,1999.0,USD,Success,2025-10-21,Wire Transfer
TXN-24910f79,CUST-e580e305,SUB-f0bd9101,1999.0,USD,Success,2025-11-21,Credit Card
TXN-cad5d23b,CUST-e580e305,SUB-f0bd9101,1999.0,USD,Success,2025-12-21,PayPal
TXN-9e8626f0,CUST-e580e305,SUB-f0bd9101,1999.0,USD,Success,2026-01-21,PayPal
TXN-c992b100,CUST-e580e305,SUB-f0bd9101,1999.0,USD,Success,2026-02-21,PayPal
TXN-caabc01f,CUST-e580e305,SUB-f0bd9101,1999.0,USD,Success,2026-03-21,Credit Card
TXN-ce116be6,CUST-d7883c60,SUB-e81f9fcc,499.0,USD,Success,2025-01-08,PayPal
TXN-ca7d4802,CUST-d7883c60,SUB-e81f9fcc,499.0,USD,Success,2025-02-08,Credit Card
TXN-7adf695a,CUST-d7883c60,SUB-e81f9fcc,499.0,USD,Success,2025-03-08,Wire Transfer
TXN-fa0bba7f,CUST-d7883c60,SUB-e81f9fcc,499.0,USD,Success,2025-04-08,PayPal
TXN-02058165,CUST-d7883c60,SUB-e81f9fcc,499.0,USD,Success,2025-05-08,Wire Transfer
TXN-2cd12212,CUST-d7883c60,SUB-e81f9fcc,499.0,USD,Success,2025-06-08,PayPal
TXN-9efd4e90,CUST-d7883c60,SUB-e81f9fcc,499.0,USD,Success,2025-07-08,Credit Card
TXN-cb4f451f,CUST-d7883c60,SUB-e81f9fcc,499.0,USD,Success,2025-08-08,Credit Card
TXN-e1718136,CUST-d7883c60,SUB-e81f9fcc,499.0,USD,Success,2025-09-08,Credit Card
TXN-8d1cd9d8,CUST-d7883c60,SUB-e81f9fcc,499.0,USD,Success,2025-10-08,Credit Card
TXN-4186ad04,CUST-d7883c60,SUB-e81f9fcc,499.0,USD,Failed,2025-11-08,PayPal
TXN-3c3dcefd,CUST-d7883c60,SUB-e81f9fcc,499.0,USD,Success,2025-12-08,Wire Transfer
TXN-03f94062,CUST-d7883c60,SUB-e81f9fcc,499.0,USD,Success,2026-01-08,Credit Card
TXN-33d35fa3,CUST-d7883c60,SUB-e81f9fcc,499.0,USD,Success,2026-02-08,PayPal
TXN-0dba8bf0,CUST-d7883c60,SUB-e81f9fcc,499.0,USD,Success,2026-03-08,Wire Transfer
TXN-763273ee,CUST-d7883c60,SUB-e81f9fcc,499.0,USD,Success,2026-04-08,Credit Card
TXN-6a4da5ad,CUST-18f2adb1,SUB-ba5b8efa,49.0,USD,Success,2025-10-11,Wire Transfer
TXN-5b522c7c,CUST-18f2adb1,SUB-ba5b8efa,49.0,USD,Success,2025-11-11,Credit Card
TXN-1eef1d3f,CUST-18f2adb1,SUB-ba5b8efa,49.0,USD,Success,2025-12-11,Wire Transfer
TXN-5dd46e61,CUST-18f2adb1,SUB-ba5b8efa,49.0,USD,Success,2026-01-11,Wire Transfer
TXN-63f34417,CUST-18f2adb1,SUB-ba5b8efa,49.0,USD,Failed,2026-02-11,Credit Card
TXN-afb9bb3b,CUST-18f2adb1,SUB-ba5b8efa,49.0,USD,Success,2026-03-11,PayPal
TXN-936f18e0,CUST-18f2adb1,SUB-ba5b8efa,49.0,USD,Success,2026-04-11,Wire Transfer
TXN-51d7d328,CUST-d08c123e,SUB-769f1a31,199.0,USD,Success,2024-11-12,Credit Card
TXN-edb557ed,CUST-d08c123e,SUB-769f1a31,199.0,USD,Success,2024-12-12,Wire Transfer
TXN-a523dbd4,CUST-d08c123e,SUB-769f1a31,199.0,USD,Success,2025-01-12,Wire Transfer
TXN-0c088797,CUST-f5fcd644,SUB-18a4cdf6,49.0,USD,Success,2025-08-22,PayPal
TXN-88471435,CUST-f5fcd644,SUB-18a4cdf6,49.0,USD,Success,2025-09-22,Wire Transfer
TXN-d6fbc713,CUST-f5fcd644,SUB-18a4cdf6,49.0,USD,Success,2025-10-22,Wire Transfer
TXN-bdf094ec,CUST-f5fcd644,SUB-18a4cdf6,49.0,USD,Success,2025-11-22,Credit Card
TXN-f1f4f39d,CUST-f5fcd644,SUB-18a4cdf6,49.0,USD,Success,2025-12-22,Credit Card
TXN-93db2282,CUST-f5fcd644,SUB-18a4cdf6,49.0,USD,Success,2026-01-22,PayPal
TXN-230e8ee7,CUST-f5fcd644,SUB-18a4cdf6,49.0,USD,Success,2026-02-22,Wire Transfer
TXN-e61884db,CUST-f5fcd644,SUB-18a4cdf6,49.0,USD,Success,2026-03-22,Wire Transfer
TXN-41692c1c,CUST-f5fcd644,SUB-18a4cdf6,49.0,USD,Success,2026-04-22,Wire Transfer
TXN-cdde87a8,CUST-d2dfdd07,SUB-e94994f4,49.0,USD,Success,2025-09-04,PayPal
TXN-08aa53ca,CUST-d2dfdd07,SUB-e94994f4,49.0,USD,Success,2025-10-04,Wire Transfer
TXN-0b722bf2,CUST-d2dfdd07,SUB-e94994f4,49.0,USD,Success,2025-11-04,Credit Card
TXN-4b473764,CUST-d2dfdd07,SUB-e94994f4,49.0,USD,Success,2025-12-04,PayPal
TXN-005ecad2,CUST-d2dfdd07,SUB-e94994f4,49.0,USD,Success,2026-01-04,Credit Card
TXN-633094d6,CUST-d2dfdd07,SUB-e94994f4,49.0,USD,Success,2026-02-04,Credit Card
TXN-30f87c6c,CUST-d2dfdd07,SUB-e94994f4,49.0,USD,Success,2026-03-04,PayPal
TXN-c2cdf91d,CUST-d2dfdd07,SUB-e94994f4,49.0,USD,Success,2026-04-04,Credit Card
TXN-092b179b,CUST-d2dfdd07,SUB-e94994f4,49.0,USD,Success,2026-05-04,Wire Transfer
TXN-9d11bf00,CUST-55a92bf7,SUB-cf35220a,199.0,USD,Success,2025-01-31,PayPal
TXN-7c1a9283,CUST-55a92bf7,SUB-cf35220a,199.0,USD,Success,2025-02-28,Credit Card
TXN-dd7cae38,CUST-55a92bf7,SUB-cf35220a,199.0,USD,Success,2025-03-28,Wire Transfer
TXN-c5ff042e,CUST-55a92bf7,SUB-cf35220a,199.0,USD,Success,2025-04-28,Wire Transfer
TXN-d03d6e10,CUST-55a92bf7,SUB-cf35220a,199.0,USD,Success,2025-05-28,Credit Card
TXN-fa3670a3,CUST-d41861a0,SUB-22e38975,49.0,USD,Success,2025-12-27,Wire Transfer
TXN-80ec5634,CUST-d41861a0,SUB-22e38975,49.0,USD,Success,2026-01-27,PayPal
TXN-2d07c856,CUST-d41861a0,SUB-22e38975,49.0,USD,Success,2026-02-27,Credit Card
TXN-71b4d468,CUST-d41861a0,SUB-22e38975,49.0,USD,Success,2026-03-27,Wire Transfer
TXN-78a8d222,CUST-d41861a0,SUB-22e38975,49.0,USD,Success,2026-04-27,Wire Transfer
TXN-a037d301,CUST-801b3772,SUB-edd92974,49.0,USD,Success,2025-10-22,Credit Card
TXN-261f0a15,CUST-801b3772,SUB-edd92974,49.0,USD,Success,2025-11-22,Credit Card
TXN-e6a09503,CUST-801b3772,SUB-edd92974,49.0,USD,Success,2025-12-22,Credit Card
TXN-9394af1d,CUST-801b3772,SUB-edd92974,49.0,USD,Success,2026-01-22,Credit Card
TXN-6270ca74,CUST-801b3772,SUB-edd92974,49.0,USD,Success,2026-02-22,PayPal
TXN-6d54ed01,CUST-801b3772,SUB-edd92974,49.0,USD,Success,2026-03-22,Credit Card
TXN-f51fb576,CUST-801b3772,SUB-edd92974,49.0,USD,Success,2026-04-22,PayPal
TXN-b14f8e31,CUST-0b7c7824,SUB-c7feb42b,1999.0,USD,Failed,2024-05-08,PayPal
TXN-c3fc96ea,CUST-0b7c7824,SUB-c7feb42b,1999.0,USD,Success,2024-06-08,Credit Card
TXN-6198398a,CUST-0b7c7824,SUB-c7feb42b,1999.0,USD,Success,2024-07-08,PayPal
TXN-be7fbe7e,CUST-0b7c7824,SUB-c7feb42b,1999.0,USD,Success,2024-08-08,Credit Card
TXN-4ae97be0,CUST-0b7c7824,SUB-c7feb42b,1999.0,USD,Failed,2024-09-08,Credit Card
TXN-bd263803,CUST-0b7c7824,SUB-c7feb42b,1999.0,USD,Success,2024-10-08,Wire Transfer
TXN-59cb7886,CUST-0b7c7824,SUB-c7feb42b,1999.0,USD,Success,2024-11-08,Credit Card
TXN-5304aaf0,CUST-0b7c7824,SUB-c7feb42b,1999.0,USD,Success,2024-12-08,Wire Transfer
TXN-d8922202,CUST-0b7c7824,SUB-c7feb42b,1999.0,USD,Success,2025-01-08,PayPal
TXN-7e84a236,CUST-0b7c7824,SUB-c7feb42b,1999.0,USD,Success,2025-02-08,Wire Transfer
TXN-1810a0d3,CUST-0b7c7824,SUB-c7feb42b,1999.0,USD,Success,2025-03-08,PayPal
TXN-caef1069,CUST-0b7c7824,SUB-c7feb42b,1999.0,USD,Success,2025-04-08,Credit Card
TXN-19d21ff5,CUST-0b7c7824,SUB-c7feb42b,1999.0,USD,Success,2025-05-08,PayPal
TXN-9cd2bbef,CUST-0b7c7824,SUB-c7feb42b,1999.0,USD,Success,2025-06-08,PayPal
TXN-04f8ed25,CUST-0b7c7824,SUB-c7feb42b,1999.0,USD,Success,2025-07-08,Credit Card
TXN-13415520,CUST-0b7c7824,SUB-c7feb42b,1999.0,USD,Success,2025-08-08,PayPal
TXN-07abc5b8,CUST-0b7c7824,SUB-c7feb42b,1999.0,USD,Success,2025-09-08,Credit Card
TXN-27aecefd,CUST-0b7c7824,SUB-c7feb42b,1999.0,USD,Success,2025-10-08,Wire Transfer
TXN-8bdf492b,CUST-0b7c7824,SUB-c7feb42b,1999.0,USD,Success,2025-11-08,Credit Card
TXN-443c9c96,CUST-0b7c7824,SUB-c7feb42b,1999.0,USD,Success,2025-12-08,Credit Card
TXN-27507c0d,CUST-0b7c7824,SUB-c7feb42b,1999.0,USD,Success,2026-01-08,PayPal
TXN-dfdfae28,CUST-0b7c7824,SUB-c7feb42b,1999.0,USD,Success,2026-02-08,Wire Transfer
TXN-e9cdfcdd,CUST-0b7c7824,SUB-c7feb42b,1999.0,USD,Success,2026-03-08,Credit Card
TXN-f9fa8591,CUST-0b7c7824,SUB-c7feb42b,1999.0,USD,Success,2026-04-08,Wire Transfer
TXN-02ab6d22,CUST-0b7c7824,SUB-c7feb42b,1999.0,USD,Success,2026-05-08,Wire Transfer
TXN-ee1359df,CUST-9f119b3f,SUB-046c0d57,199.0,USD,Success,2024-10-12,PayPal
TXN-3eafa837,CUST-9f119b3f,SUB-046c0d57,199.0,USD,Success,2024-11-12,Credit Card
TXN-25f9c8ae,CUST-9f119b3f,SUB-046c0d57,199.0,USD,Success,2024-12-12,PayPal
TXN-47cd4178,CUST-9f119b3f,SUB-046c0d57,199.0,USD,Success,2025-01-12,Credit Card
TXN-a33c4c8b,CUST-9f119b3f,SUB-046c0d57,199.0,USD,Success,2025-02-12,Wire Transfer
TXN-12a8b421,CUST-9f119b3f,SUB-046c0d57,199.0,USD,Success,2025-03-12,Credit Card
TXN-1548fd77,CUST-9f119b3f,SUB-046c0d57,199.0,USD,Refunded,2025-04-12,Credit Card
TXN-1b25dadc,CUST-9f119b3f,SUB-046c0d57,199.0,USD,Success,2025-05-12,Wire Transfer
TXN-d8ad5500,CUST-9f119b3f,SUB-046c0d57,199.0,USD,Success,2025-06-12,Wire Transfer
TXN-557c5409,CUST-9f119b3f,SUB-046c0d57,199.0,USD,Success,2025-07-12,Credit Card
TXN-9fc74248,CUST-9f119b3f,SUB-046c0d57,199.0,USD,Success,2025-08-12,PayPal
TXN-d44ef4c6,CUST-9f119b3f,SUB-046c0d57,199.0,USD,Success,2025-09-12,Credit Card
TXN-2e5e8e81,CUST-9f119b3f,SUB-046c0d57,199.0,USD,Success,2025-10-12,Wire Transfer
TXN-8327f1e8,CUST-9f119b3f,SUB-046c0d57,199.0,USD,Success,2025-11-12,PayPal
TXN-c1f31552,CUST-9f119b3f,SUB-046c0d57,199.0,USD,Success,2025-12-12,Wire Transfer
TXN-c60bcc60,CUST-9f119b3f,SUB-046c0d57,199.0,USD,Success,2026-01-12,Wire Transfer
TXN-2c170643,CUST-9f119b3f,SUB-046c0d57,199.0,USD,Success,2026-02-12,PayPal
TXN-c7da00e9,CUST-9f119b3f,SUB-046c0d57,199.0,USD,Success,2026-03-12,Wire Transfer
TXN-18961c4f,CUST-9f119b3f,SUB-046c0d57,199.0,USD,Success,2026-04-12,Wire Transfer
TXN-2c9c6eff,CUST-363d8d57,SUB-393769de,199.0,USD,Success,2025-11-17,Wire Transfer
TXN-d25c2a82,CUST-363d8d57,SUB-393769de,199.0,USD,Success,2025-12-17,Wire Transfer
TXN-f1007aeb,CUST-363d8d57,SUB-393769de,199.0,USD,Success,2026-01-17,Wire Transfer
TXN-090ade22,CUST-363d8d57,SUB-393769de,199.0,USD,Failed,2026-02-17,Wire Transfer
TXN-144e5456,CUST-66a05914,SUB-57d32586,49.0,USD,Success,2026-02-23,Wire Transfer
TXN-d336afce,CUST-66a05914,SUB-57d32586,49.0,USD,Success,2026-03-23,Wire Transfer
TXN-0afcd693,CUST-66a05914,SUB-57d32586,49.0,USD,Success,2026-04-23,Wire Transfer
TXN-f986ff8c,CUST-17839bfa,SUB-978051c0,49.0,USD,Success,2024-12-05,Credit Card
TXN-adba4ec4,CUST-17839bfa,SUB-978051c0,49.0,USD,Success,2025-01-05,Credit Card
TXN-a7c17a63,CUST-17839bfa,SUB-978051c0,49.0,USD,Success,2025-02-05,Wire Transfer
TXN-522ed860,CUST-17839bfa,SUB-978051c0,49.0,USD,Success,2025-03-05,Credit Card
TXN-633bb146,CUST-17839bfa,SUB-978051c0,49.0,USD,Success,2025-04-05,PayPal
TXN-807fb0a7,CUST-17839bfa,SUB-978051c0,49.0,USD,Success,2025-05-05,Credit Card
TXN-52c123a5,CUST-17839bfa,SUB-978051c0,49.0,USD,Success,2025-06-05,Wire Transfer
TXN-b172029a,CUST-17839bfa,SUB-978051c0,49.0,USD,Success,2025-07-05,Wire Transfer
TXN-205c122f,CUST-17839bfa,SUB-978051c0,49.0,USD,Success,2025-08-05,Credit Card
TXN-bf35dd8a,CUST-17839bfa,SUB-978051c0,49.0,USD,Success,2025-09-05,Wire Transfer
TXN-442b0f49,CUST-17839bfa,SUB-978051c0,49.0,USD,Success,2025-10-05,PayPal
TXN-7615c374,CUST-ae3014e5,SUB-c609da02,499.0,USD,Success,2024-09-03,PayPal
TXN-bc58c6d7,CUST-ae3014e5,SUB-c609da02,499.0,USD,Success,2024-10-03,Wire Transfer
TXN-0939e828,CUST-ae3014e5,SUB-c609da02,499.0,USD,Success,2024-11-03,PayPal
TXN-13dc46e2,CUST-396fa86a,SUB-930bc9dc,49.0,USD,Success,2024-10-05,PayPal
TXN-44fccd45,CUST-396fa86a,SUB-930bc9dc,49.0,USD,Success,2024-11-05,Credit Card
TXN-9b3fd669,CUST-396fa86a,SUB-930bc9dc,49.0,USD,Success,2024-12-05,PayPal
TXN-802a1696,CUST-396fa86a,SUB-930bc9dc,49.0,USD,Refunded,2025-01-05,Credit Card
TXN-e03713cb,CUST-396fa86a,SUB-930bc9dc,49.0,USD,Success,2025-02-05,Wire Transfer
TXN-765a40b8,CUST-396fa86a,SUB-930bc9dc,49.0,USD,Success,2025-03-05,Credit Card
TXN-412a290c,CUST-396fa86a,SUB-930bc9dc,49.0,USD,Success,2025-04-05,Wire Transfer
TXN-ba5a9c4b,CUST-396fa86a,SUB-930bc9dc,49.0,USD,Success,2025-05-05,Wire Transfer
TXN-bb1dd919,CUST-396fa86a,SUB-930bc9dc,49.0,USD,Success,2025-06-05,Wire Transfer
TXN-b5b9d0fb,CUST-396fa86a,SUB-930bc9dc,49.0,USD,Success,2025-07-05,Wire Transfer
TXN-95899c34,CUST-396fa86a,SUB-930bc9dc,49.0,USD,Success,2025-08-05,Wire Transfer
TXN-dfc15af2,CUST-396fa86a,SUB-930bc9dc,49.0,USD,Success,2025-09-05,Credit Card
TXN-a607184d,CUST-396fa86a,SUB-930bc9dc,49.0,USD,Success,2025-10-05,Wire Transfer
TXN-8bb1b321,CUST-396fa86a,SUB-930bc9dc,49.0,USD,Success,2025-11-05,PayPal
TXN-4378854f,CUST-396fa86a,SUB-930bc9dc,49.0,USD,Success,2025-12-05,PayPal
TXN-9de5f37b,CUST-396fa86a,SUB-930bc9dc,49.0,USD,Success,2026-01-05,Wire Transfer
TXN-249b204d,CUST-396fa86a,SUB-930bc9dc,49.0,USD,Success,2026-02-05,PayPal
TXN-bdd95930,CUST-396fa86a,SUB-930bc9dc,49.0,USD,Success,2026-03-05,Credit Card
TXN-b0da5120,CUST-396fa86a,SUB-930bc9dc,49.0,USD,Success,2026-04-05,Credit Card
TXN-899f5f82,CUST-396fa86a,SUB-930bc9dc,49.0,USD,Success,2026-05-05,Wire Transfer
TXN-ff958714,CUST-fe558b75,SUB-6360bac0,199.0,USD,Success,2024-11-18,Wire Transfer
TXN-16d44a4c,CUST-fe558b75,SUB-6360bac0,199.0,USD,Success,2024-12-18,Wire Transfer
TXN-ecc64083,CUST-fe558b75,SUB-6360bac0,199.0,USD,Success,2025-01-18,PayPal
TXN-5fe98eb9,CUST-fe558b75,SUB-6360bac0,199.0,USD,Success,2025-02-18,PayPal
TXN-2b7b2a54,CUST-fe558b75,SUB-6360bac0,199.0,USD,Success,2025-03-18,Credit Card
TXN-47bd2273,CUST-fe558b75,SUB-6360bac0,199.0,USD,Success,2025-04-18,PayPal
TXN-eeccbe4c,CUST-fe558b75,SUB-6360bac0,199.0,USD,Success,2025-05-18,Credit Card
TXN-50b3d7b5,CUST-fe558b75,SUB-6360bac0,199.0,USD,Success,2025-06-18,PayPal
TXN-ab786fff,CUST-fe558b75,SUB-6360bac0,199.0,USD,Success,2025-07-18,Credit Card
TXN-5931842e,CUST-fe558b75,SUB-6360bac0,199.0,USD,Success,2025-08-18,Wire Transfer
TXN-89fac8cd,CUST-fe558b75,SUB-6360bac0,199.0,USD,Success,2025-09-18,PayPal
TXN-d6556436,CUST-fe558b75,SUB-6360bac0,199.0,USD,Success,2025-10-18,Credit Card
TXN-8a7dbb5a,CUST-fe558b75,SUB-6360bac0,199.0,USD,Success,2025-11-18,PayPal
TXN-50b2f07a,CUST-fe558b75,SUB-6360bac0,199.0,USD,Success,2025-12-18,Wire Transfer
TXN-dc8cc672,CUST-fe558b75,SUB-6360bac0,199.0,USD,Success,2026-01-18,Credit Card
TXN-97ed8f78,CUST-fe558b75,SUB-6360bac0,199.0,USD,Success,2026-02-18,PayPal
TXN-7cca73fa,CUST-fe558b75,SUB-6360bac0,199.0,USD,Success,2026-03-18,PayPal
TXN-eac7aaf4,CUST-fe558b75,SUB-6360bac0,199.0,USD,Success,2026-04-18,Wire Transfer
TXN-f3311569,CUST-c7b37628,SUB-9db51818,49.0,USD,Success,2025-08-14,Wire Transfer
TXN-50bc8129,CUST-c7b37628,SUB-9db51818,49.0,USD,Success,2025-09-14,Credit Card
TXN-c2b87131,CUST-c7b37628,SUB-9db51818,49.0,USD,Success,2025-10-14,PayPal
TXN-fbba1508,CUST-c7b37628,SUB-9db51818,49.0,USD,Success,2025-11-14,PayPal
TXN-5a2e6a31,CUST-c7b37628,SUB-9db51818,49.0,USD,Success,2025-12-14,Wire Transfer
TXN-6a48c4a5,CUST-c7b37628,SUB-9db51818,49.0,USD,Success,2026-01-14,Wire Transfer
TXN-4f6441de,CUST-c7b37628,SUB-9db51818,49.0,USD,Success,2026-02-14,Credit Card
TXN-b4c2f19c,CUST-c7b37628,SUB-9db51818,49.0,USD,Success,2026-03-14,PayPal
TXN-a899510a,CUST-c7b37628,SUB-9db51818,49.0,USD,Success,2026-04-14,PayPal
TXN-e7483f30,CUST-14011128,SUB-d40bea81,199.0,USD,Success,2026-01-19,Credit Card
TXN-30423318,CUST-14011128,SUB-d40bea81,199.0,USD,Success,2026-02-19,Credit Card
TXN-cb5637e9,CUST-14011128,SUB-d40bea81,199.0,USD,Success,2026-03-19,Wire Transfer
TXN-fb607302,CUST-14011128,SUB-d40bea81,199.0,USD,Success,2026-04-19,Wire Transfer
TXN-87a50e72,CUST-751b6f8f,SUB-53582358,49.0,USD,Success,2024-08-04,Credit Card
TXN-0b645076,CUST-751b6f8f,SUB-53582358,49.0,USD,Success,2024-09-04,Credit Card
TXN-2eb2fa71,CUST-751b6f8f,SUB-53582358,49.0,USD,Success,2024-10-04,PayPal
TXN-1e22d542,CUST-751b6f8f,SUB-53582358,49.0,USD,Success,2024-11-04,Credit Card
TXN-c983ad30,CUST-751b6f8f,SUB-53582358,49.0,USD,Success,2024-12-04,Credit Card
TXN-b09cac47,CUST-751b6f8f,SUB-53582358,49.0,USD,Failed,2025-01-04,PayPal
TXN-1816b922,CUST-751b6f8f,SUB-53582358,49.0,USD,Success,2025-02-04,Credit Card
TXN-1800e14a,CUST-751b6f8f,SUB-53582358,49.0,USD,Success,2025-03-04,Wire Transfer
TXN-e105c567,CUST-751b6f8f,SUB-53582358,49.0,USD,Success,2025-04-04,Wire Transfer
TXN-2e4d3651,CUST-751b6f8f,SUB-53582358,49.0,USD,Failed,2025-05-04,PayPal
TXN-b110650c,CUST-751b6f8f,SUB-53582358,49.0,USD,Success,2025-06-04,Credit Card
TXN-4056bdb3,CUST-751b6f8f,SUB-53582358,49.0,USD,Success,2025-07-04,Wire Transfer
TXN-5d09d401,CUST-751b6f8f,SUB-53582358,49.0,USD,Success,2025-08-04,Wire Transfer
TXN-4c7b03d2,CUST-751b6f8f,SUB-53582358,49.0,USD,Success,2025-09-04,Wire Transfer
TXN-489904e4,CUST-751b6f8f,SUB-53582358,49.0,USD,Success,2025-10-04,Wire Transfer
TXN-a1f78305,CUST-751b6f8f,SUB-53582358,49.0,USD,Success,2025-11-04,Credit Card
TXN-57262129,CUST-751b6f8f,SUB-53582358,49.0,USD,Success,2025-12-04,Credit Card
TXN-9b00f3ea,CUST-751b6f8f,SUB-53582358,49.0,USD,Success,2026-01-04,Credit Card
TXN-3628c788,CUST-751b6f8f,SUB-53582358,49.0,USD,Success,2026-02-04,Credit Card
TXN-4783dcb6,CUST-751b6f8f,SUB-53582358,49.0,USD,Success,2026-03-04,Wire Transfer
TXN-18e9b539,CUST-751b6f8f,SUB-53582358,49.0,USD,Success,2026-04-04,PayPal
TXN-8b4f272f,CUST-751b6f8f,SUB-53582358,49.0,USD,Success,2026-05-04,PayPal
TXN-39486ab2,CUST-d5010375,SUB-ff6aab0d,499.0,USD,Failed,2025-07-19,Wire Transfer
TXN-e63709f4,CUST-d5010375,SUB-ff6aab0d,499.0,USD,Success,2025-08-19,Wire Transfer
TXN-92089c7e,CUST-d5010375,SUB-ff6aab0d,499.0,USD,Success,2025-09-19,PayPal
TXN-1cceac3c,CUST-d5010375,SUB-ff6aab0d,499.0,USD,Success,2025-10-19,PayPal
TXN-bd6299fc,CUST-d5010375,SUB-ff6aab0d,499.0,USD,Success,2025-11-19,Wire Transfer
TXN-bb3abc0c,CUST-4ab182f8,SUB-39491447,499.0,USD,Success,2026-02-06,Wire Transfer
TXN-c6f7761c,CUST-4ab182f8,SUB-39491447,499.0,USD,Success,2026-03-06,Credit Card
TXN-2d67849c,CUST-4ab182f8,SUB-39491447,499.0,USD,Success,2026-04-06,Credit Card
TXN-f6780bf4,CUST-4ab182f8,SUB-39491447,499.0,USD,Success,2026-05-06,PayPal
TXN-e1ae6675,CUST-4429c29d,SUB-14353cf0,499.0,USD,Success,2025-08-05,Wire Transfer
TXN-84f89440,CUST-4429c29d,SUB-14353cf0,499.0,USD,Failed,2025-09-05,PayPal
TXN-15b7899d,CUST-4429c29d,SUB-14353cf0,499.0,USD,Success,2025-10-05,Credit Card
TXN-715c90e5,CUST-4429c29d,SUB-14353cf0,499.0,USD,Success,2025-11-05,Credit Card
TXN-a8807891,CUST-4429c29d,SUB-14353cf0,499.0,USD,Success,2025-12-05,PayPal
TXN-1840e579,CUST-4429c29d,SUB-14353cf0,499.0,USD,Success,2026-01-05,Credit Card
TXN-23ac2dfb,CUST-4429c29d,SUB-14353cf0,499.0,USD,Success,2026-02-05,Wire Transfer
TXN-11c71149,CUST-4429c29d,SUB-14353cf0,499.0,USD,Success,2026-03-05,PayPal
TXN-228ca630,CUST-4429c29d,SUB-14353cf0,499.0,USD,Success,2026-04-05,Wire Transfer
TXN-f38f2d02,CUST-4429c29d,SUB-14353cf0,499.0,USD,Success,2026-05-05,Wire Transfer
TXN-33024199,CUST-5c87089f,SUB-9146a709,49.0,USD,Success,2024-11-23,Credit Card
TXN-96370ff6,CUST-5c87089f,SUB-9146a709,49.0,USD,Success,2024-12-23,Wire Transfer
TXN-fc5bfee7,CUST-5c87089f,SUB-9146a709,49.0,USD,Success,2025-01-23,PayPal
TXN-c1962094,CUST-5c87089f,SUB-9146a709,49.0,USD,Success,2025-02-23,Wire Transfer
TXN-aa6e3c62,CUST-5c87089f,SUB-9146a709,49.0,USD,Success,2025-03-23,Wire Transfer
TXN-6b313cbc,CUST-5c87089f,SUB-9146a709,49.0,USD,Success,2025-04-23,Wire Transfer
TXN-1a1bb536,CUST-5c87089f,SUB-9146a709,49.0,USD,Failed,2025-05-23,Wire Transfer
TXN-87d2bbb1,CUST-5c87089f,SUB-9146a709,49.0,USD,Success,2025-06-23,Wire Transfer
TXN-491f5ae1,CUST-5c87089f,SUB-9146a709,49.0,USD,Success,2025-07-23,Credit Card
TXN-5167204f,CUST-5c87089f,SUB-9146a709,49.0,USD,Success,2025-08-23,PayPal
TXN-b88b5ff6,CUST-5c87089f,SUB-9146a709,49.0,USD,Success,2025-09-23,Credit Card
TXN-b1dc824b,CUST-5c87089f,SUB-9146a709,49.0,USD,Success,2025-10-23,PayPal
TXN-c28cd7ff,CUST-5c87089f,SUB-9146a709,49.0,USD,Success,2025-11-23,PayPal
TXN-dff78a61,CUST-5c87089f,SUB-9146a709,49.0,USD,Success,2025-12-23,PayPal
TXN-65998b48,CUST-5c87089f,SUB-9146a709,49.0,USD,Success,2026-01-23,PayPal
TXN-ff820f4a,CUST-5c87089f,SUB-9146a709,49.0,USD,Success,2026-02-23,PayPal
TXN-8a495c72,CUST-5c87089f,SUB-9146a709,49.0,USD,Success,2026-03-23,Wire Transfer
TXN-b2dc4dc0,CUST-5c87089f,SUB-9146a709,49.0,USD,Success,2026-04-23,Credit Card
TXN-dbe16e25,CUST-9717d1b4,SUB-638fd8a4,499.0,USD,Success,2025-05-13,Credit Card
TXN-4abc8165,CUST-9717d1b4,SUB-638fd8a4,499.0,USD,Failed,2025-06-13,Wire Transfer
TXN-e9646317,CUST-9717d1b4,SUB-638fd8a4,499.0,USD,Success,2025-07-13,PayPal
TXN-1bd408fb,CUST-9717d1b4,SUB-638fd8a4,499.0,USD,Success,2025-08-13,Credit Card
TXN-d5d7f521,CUST-9717d1b4,SUB-638fd8a4,499.0,USD,Success,2025-09-13,Wire Transfer
TXN-7288b1d1,CUST-9717d1b4,SUB-638fd8a4,499.0,USD,Success,2025-10-13,Wire Transfer
TXN-11bf9408,CUST-9717d1b4,SUB-638fd8a4,499.0,USD,Success,2025-11-13,Credit Card
TXN-71359ba0,CUST-9717d1b4,SUB-638fd8a4,499.0,USD,Success,2025-12-13,Credit Card
TXN-db86905b,CUST-9717d1b4,SUB-638fd8a4,499.0,USD,Success,2026-01-13,PayPal
TXN-e717439a,CUST-9717d1b4,SUB-638fd8a4,499.0,USD,Success,2026-02-13,PayPal
TXN-935db1a9,CUST-9717d1b4,SUB-638fd8a4,499.0,USD,Success,2026-03-13,Credit Card
TXN-049230f1,CUST-9717d1b4,SUB-638fd8a4,499.0,USD,Success,2026-04-13,PayPal
TXN-930ba297,CUST-a10cc040,SUB-68da2d72,199.0,USD,Success,2024-11-02,Wire Transfer
TXN-aae51432,CUST-a10cc040,SUB-68da2d72,199.0,USD,Success,2024-12-02,PayPal
TXN-8e46f355,CUST-a10cc040,SUB-68da2d72,199.0,USD,Success,2025-01-02,PayPal
TXN-8923170d,CUST-a10cc040,SUB-68da2d72,199.0,USD,Success,2025-02-02,Wire Transfer
TXN-80d387c0,CUST-a10cc040,SUB-68da2d72,199.0,USD,Success,2025-03-02,PayPal
TXN-56e4938a,CUST-a10cc040,SUB-68da2d72,199.0,USD,Success,2025-04-02,Wire Transfer
TXN-ba7fac61,CUST-a10cc040,SUB-68da2d72,199.0,USD,Success,2025-05-02,PayPal
TXN-ea553261,CUST-a10cc040,SUB-68da2d72,199.0,USD,Success,2025-06-02,Credit Card
TXN-e13355a0,CUST-a10cc040,SUB-68da2d72,199.0,USD,Success,2025-07-02,PayPal
TXN-2eb3a08e,CUST-a10cc040,SUB-68da2d72,199.0,USD,Success,2025-08-02,Credit Card
TXN-11d3d09c,CUST-a10cc040,SUB-68da2d72,199.0,USD,Success,2025-09-02,Credit Card
TXN-67394e4a,CUST-a10cc040,SUB-68da2d72,199.0,USD,Success,2025-10-02,Credit Card
TXN-0254ddc7,CUST-19e5fca1,SUB-025bfba4,49.0,USD,Success,2026-03-03,Credit Card
TXN-c1092553,CUST-19e5fca1,SUB-025bfba4,49.0,USD,Success,2026-04-03,Credit Card
TXN-c27cbd62,CUST-19e5fca1,SUB-025bfba4,49.0,USD,Refunded,2026-05-03,Wire Transfer
TXN-63839656,CUST-8ebbea7a,SUB-8bd0c6e9,199.0,USD,Success,2025-02-12,Wire Transfer
TXN-5ae1e082,CUST-8ebbea7a,SUB-8bd0c6e9,199.0,USD,Success,2025-03-12,Wire Transfer
TXN-f2e7ae4b,CUST-8ebbea7a,SUB-8bd0c6e9,199.0,USD,Success,2025-04-12,Credit Card
TXN-79d1bb51,CUST-8ebbea7a,SUB-8bd0c6e9,199.0,USD,Success,2025-05-12,PayPal
TXN-713322c9,CUST-8ebbea7a,SUB-8bd0c6e9,199.0,USD,Success,2025-06-12,Wire Transfer
TXN-860e9902,CUST-8ebbea7a,SUB-8bd0c6e9,199.0,USD,Success,2025-07-12,PayPal
TXN-14a9a095,CUST-8ebbea7a,SUB-8bd0c6e9,199.0,USD,Success,2025-08-12,PayPal
TXN-77e4e1ab,CUST-8ebbea7a,SUB-8bd0c6e9,199.0,USD,Success,2025-09-12,Credit Card
TXN-84dec727,CUST-8ebbea7a,SUB-8bd0c6e9,199.0,USD,Success,2025-10-12,Credit Card
TXN-7136ef16,CUST-8ebbea7a,SUB-8bd0c6e9,199.0,USD,Success,2025-11-12,Credit Card
TXN-19bc3308,CUST-8ebbea7a,SUB-8bd0c6e9,199.0,USD,Success,2025-12-12,Wire Transfer
TXN-77d39510,CUST-8ebbea7a,SUB-8bd0c6e9,199.0,USD,Success,2026-01-12,Credit Card
TXN-a9f4fb92,CUST-8ebbea7a,SUB-8bd0c6e9,199.0,USD,Success,2026-02-12,Wire Transfer
TXN-aed21d4a,CUST-8ebbea7a,SUB-8bd0c6e9,199.0,USD,Success,2026-03-12,Wire Transfer
TXN-422efbea,CUST-8ebbea7a,SUB-8bd0c6e9,199.0,USD,Success,2026-04-12,Wire Transfer
TXN-c5ac6d67,CUST-d0938176,SUB-0e2c4607,49.0,USD,Success,2024-07-04,Wire Transfer
TXN-9d315d7b,CUST-d0938176,SUB-0e2c4607,49.0,USD,Success,2024-08-04,Credit Card
TXN-331b879a,CUST-d0938176,SUB-0e2c4607,49.0,USD,Success,2024-09-04,Wire Transfer
TXN-6739c78f,CUST-d0938176,SUB-0e2c4607,49.0,USD,Success,2024-10-04,Credit Card
TXN-1fbc3a0d,CUST-a0295b9f,SUB-782613ee,49.0,USD,Success,2024-05-17,Credit Card
TXN-67094e6e,CUST-a0295b9f,SUB-782613ee,49.0,USD,Success,2024-06-17,Wire Transfer
TXN-9391ceae,CUST-a0295b9f,SUB-782613ee,49.0,USD,Success,2024-07-17,Credit Card
TXN-f50b8a9b,CUST-a0295b9f,SUB-782613ee,49.0,USD,Success,2024-08-17,PayPal
TXN-d4e786ef,CUST-a0295b9f,SUB-782613ee,49.0,USD,Success,2024-09-17,Credit Card
TXN-10e374f9,CUST-a0295b9f,SUB-782613ee,49.0,USD,Failed,2024-10-17,Credit Card
TXN-755f61ab,CUST-a0295b9f,SUB-782613ee,49.0,USD,Success,2024-11-17,Wire Transfer
TXN-b2d7af5c,CUST-a0295b9f,SUB-782613ee,49.0,USD,Success,2024-12-17,Wire Transfer
TXN-74d18961,CUST-a0295b9f,SUB-782613ee,49.0,USD,Success,2025-01-17,Credit Card
TXN-c0db5b45,CUST-a0295b9f,SUB-782613ee,49.0,USD,Success,2025-02-17,Wire Transfer
TXN-65c825c2,CUST-a0295b9f,SUB-782613ee,49.0,USD,Success,2025-03-17,PayPal
TXN-9cf62d58,CUST-a0295b9f,SUB-782613ee,49.0,USD,Success,2025-04-17,PayPal
TXN-d166a634,CUST-a0295b9f,SUB-782613ee,49.0,USD,Success,2025-05-17,Wire Transfer
TXN-1e60defc,CUST-a0295b9f,SUB-782613ee,49.0,USD,Success,2025-06-17,Credit Card
TXN-6b4a1d84,CUST-a0295b9f,SUB-782613ee,49.0,USD,Success,2025-07-17,PayPal
TXN-11b9ed60,CUST-a0295b9f,SUB-782613ee,49.0,USD,Success,2025-08-17,PayPal
TXN-57721960,CUST-a0295b9f,SUB-782613ee,49.0,USD,Success,2025-09-17,Credit Card
TXN-491ff1c4,CUST-a0295b9f,SUB-782613ee,49.0,USD,Success,2025-10-17,Wire Transfer
TXN-c630d00e,CUST-a0295b9f,SUB-782613ee,49.0,USD,Success,2025-11-17,PayPal
TXN-79af75c0,CUST-a0295b9f,SUB-782613ee,49.0,USD,Success,2025-12-17,Credit Card
TXN-de57bfd3,CUST-a0295b9f,SUB-782613ee,49.0,USD,Success,2026-01-17,Credit Card
TXN-2812e2c9,CUST-a0295b9f,SUB-782613ee,49.0,USD,Success,2026-02-17,PayPal
TXN-10063234,CUST-a0295b9f,SUB-782613ee,49.0,USD,Success,2026-03-17,Wire Transfer
TXN-cc800903,CUST-a0295b9f,SUB-782613ee,49.0,USD,Success,2026-04-17,PayPal
TXN-23abc16e,CUST-af67b9d8,SUB-b5592943,499.0,USD,Success,2025-06-02,Credit Card
TXN-83e9467a,CUST-af67b9d8,SUB-b5592943,499.0,USD,Success,2025-07-02,PayPal
TXN-07505168,CUST-af67b9d8,SUB-b5592943,499.0,USD,Success,2025-08-02,Wire Transfer
TXN-33c7ea00,CUST-af67b9d8,SUB-b5592943,499.0,USD,Success,2025-09-02,Credit Card
TXN-c3d2aca7,CUST-af67b9d8,SUB-b5592943,499.0,USD,Success,2025-10-02,Wire Transfer
TXN-e1a70679,CUST-af67b9d8,SUB-b5592943,499.0,USD,Success,2025-11-02,PayPal
TXN-3c9dac41,CUST-af67b9d8,SUB-b5592943,499.0,USD,Success,2025-12-02,PayPal
TXN-3367293b,CUST-af67b9d8,SUB-b5592943,499.0,USD,Success,2026-01-02,Wire Transfer
TXN-5a8eb295,CUST-af67b9d8,SUB-b5592943,499.0,USD,Success,2026-02-02,PayPal
TXN-08234df3,CUST-af67b9d8,SUB-b5592943,499.0,USD,Success,2026-03-02,Wire Transfer
TXN-5277489b,CUST-af67b9d8,SUB-b5592943,499.0,USD,Success,2026-04-02,PayPal
TXN-34aa3bac,CUST-af67b9d8,SUB-b5592943,499.0,USD,Success,2026-05-02,Wire Transfer
TXN-603c1c8f,CUST-67c7af49,SUB-8cf16f9b,49.0,USD,Success,2024-09-18,Wire Transfer
TXN-f0642d95,CUST-67c7af49,SUB-8cf16f9b,49.0,USD,Success,2024-10-18,Credit Card
TXN-fe5baf9e,CUST-67c7af49,SUB-8cf16f9b,49.0,USD,Success,2024-11-18,Credit Card
TXN-67fc0c0d,CUST-67c7af49,SUB-8cf16f9b,49.0,USD,Success,2024-12-18,Wire Transfer
TXN-eda5f5a1,CUST-67c7af49,SUB-8cf16f9b,49.0,USD,Success,2025-01-18,PayPal
TXN-79b18f9e,CUST-67c7af49,SUB-8cf16f9b,49.0,USD,Success,2025-02-18,PayPal
TXN-de0b75de,CUST-67c7af49,SUB-8cf16f9b,49.0,USD,Success,2025-03-18,PayPal
TXN-2f89b07b,CUST-67c7af49,SUB-8cf16f9b,49.0,USD,Success,2025-04-18,Wire Transfer
TXN-c899f046,CUST-67c7af49,SUB-8cf16f9b,49.0,USD,Success,2025-05-18,Wire Transfer
TXN-dc8297d5,CUST-67c7af49,SUB-8cf16f9b,49.0,USD,Success,2025-06-18,Wire Transfer
TXN-49933d14,CUST-67c7af49,SUB-8cf16f9b,49.0,USD,Success,2025-07-18,Wire Transfer
TXN-57e7c24b,CUST-67c7af49,SUB-8cf16f9b,49.0,USD,Success,2025-08-18,Credit Card
TXN-89d9bdf7,CUST-67c7af49,SUB-8cf16f9b,49.0,USD,Success,2025-09-18,Wire Transfer
TXN-017a5cf6,CUST-67c7af49,SUB-8cf16f9b,49.0,USD,Success,2025-10-18,PayPal
TXN-8e31dd4f,CUST-67c7af49,SUB-8cf16f9b,49.0,USD,Success,2025-11-18,Credit Card
TXN-015b71d6,CUST-67c7af49,SUB-8cf16f9b,49.0,USD,Success,2025-12-18,PayPal
TXN-3f98a30e,CUST-67c7af49,SUB-8cf16f9b,49.0,USD,Success,2026-01-18,Wire Transfer
TXN-7b77a03d,CUST-67c7af49,SUB-8cf16f9b,49.0,USD,Success,2026-02-18,Credit Card
TXN-8a1eb550,CUST-67c7af49,SUB-8cf16f9b,49.0,USD,Success,2026-03-18,Wire Transfer
TXN-1d2c9ca6,CUST-67c7af49,SUB-8cf16f9b,49.0,USD,Success,2026-04-18,Credit Card
TXN-06f363a5,CUST-6ba9fbe5,SUB-7c5c69e6,199.0,USD,Success,2024-12-31,PayPal
TXN-ac59458c,CUST-6ba9fbe5,SUB-7c5c69e6,199.0,USD,Success,2025-01-31,Wire Transfer
TXN-87a66c02,CUST-6ba9fbe5,SUB-7c5c69e6,199.0,USD,Success,2025-02-28,Wire Transfer
TXN-75bb9540,CUST-e8f4fbe9,SUB-b58dac63,49.0,USD,Success,2024-12-22,Credit Card
TXN-fba9efc2,CUST-e8f4fbe9,SUB-b58dac63,49.0,USD,Success,2025-01-22,Credit Card
TXN-ea886f46,CUST-e8f4fbe9,SUB-b58dac63,49.0,USD,Success,2025-02-22,Wire Transfer
TXN-f13be2bb,CUST-e8f4fbe9,SUB-b58dac63,49.0,USD,Success,2025-03-22,Credit Card
TXN-67f0e97f,CUST-e8f4fbe9,SUB-b58dac63,49.0,USD,Success,2025-04-22,Wire Transfer
TXN-6c547135,CUST-e8f4fbe9,SUB-b58dac63,49.0,USD,Success,2025-05-22,Credit Card
TXN-44a24432,CUST-e8f4fbe9,SUB-b58dac63,49.0,USD,Success,2025-06-22,PayPal
TXN-9a7f5737,CUST-e8f4fbe9,SUB-b58dac63,49.0,USD,Success,2025-07-22,Credit Card
TXN-59998e0d,CUST-e8f4fbe9,SUB-b58dac63,49.0,USD,Success,2025-08-22,PayPal
TXN-0609b836,CUST-e8f4fbe9,SUB-b58dac63,49.0,USD,Refunded,2025-09-22,Credit Card
TXN-b041c8d2,CUST-e8f4fbe9,SUB-b58dac63,49.0,USD,Success,2025-10-22,Credit Card
TXN-a9259525,CUST-e8f4fbe9,SUB-b58dac63,49.0,USD,Success,2025-11-22,Wire Transfer
TXN-8aaa2a51,CUST-e8f4fbe9,SUB-b58dac63,49.0,USD,Success,2025-12-22,Credit Card
TXN-a14cb6de,CUST-e8f4fbe9,SUB-b58dac63,49.0,USD,Success,2026-01-22,Credit Card
TXN-11e7e7e1,CUST-e8f4fbe9,SUB-b58dac63,49.0,USD,Success,2026-02-22,PayPal
TXN-629d64f7,CUST-e8f4fbe9,SUB-b58dac63,49.0,USD,Success,2026-03-22,Credit Card
TXN-3ef152f0,CUST-e8f4fbe9,SUB-b58dac63,49.0,USD,Success,2026-04-22,Wire Transfer
TXN-64d8b4be,CUST-034e3bab,SUB-507f8c49,499.0,USD,Success,2024-08-05,PayPal
TXN-d26c7c62,CUST-034e3bab,SUB-507f8c49,499.0,USD,Success,2024-09-05,Wire Transfer
TXN-a82c8d9e,CUST-034e3bab,SUB-507f8c49,499.0,USD,Failed,2024-10-05,Wire Transfer
TXN-7d0e0a2a,CUST-034e3bab,SUB-507f8c49,499.0,USD,Success,2024-11-05,Wire Transfer
TXN-deeaeb83,CUST-034e3bab,SUB-507f8c49,499.0,USD,Success,2024-12-05,Wire Transfer
TXN-64257fd0,CUST-034e3bab,SUB-507f8c49,499.0,USD,Success,2025-01-05,PayPal
TXN-d1d53be1,CUST-034e3bab,SUB-507f8c49,499.0,USD,Success,2025-02-05,Credit Card
TXN-07ea2c05,CUST-034e3bab,SUB-507f8c49,499.0,USD,Success,2025-03-05,Wire Transfer
TXN-5a947553,CUST-034e3bab,SUB-507f8c49,499.0,USD,Success,2025-04-05,PayPal
TXN-6a036926,CUST-4699eaff,SUB-15d5ab2b,1999.0,USD,Success,2026-02-14,Wire Transfer
TXN-61f66db3,CUST-4699eaff,SUB-15d5ab2b,1999.0,USD,Success,2026-03-14,Credit Card
TXN-8948d56e,CUST-4699eaff,SUB-15d5ab2b,1999.0,USD,Success,2026-04-14,PayPal
TXN-bbe5cd7e,CUST-e60ae7d2,SUB-eba58c6c,499.0,USD,Success,2024-07-12,PayPal
TXN-3a16d3b9,CUST-e60ae7d2,SUB-eba58c6c,499.0,USD,Success,2024-08-12,Credit Card
TXN-878daf62,CUST-e60ae7d2,SUB-eba58c6c,499.0,USD,Success,2024-09-12,PayPal
TXN-81136f34,CUST-e60ae7d2,SUB-eba58c6c,499.0,USD,Success,2024-10-12,Credit Card
TXN-8d7b9e5a,CUST-e60ae7d2,SUB-eba58c6c,499.0,USD,Success,2024-11-12,PayPal
TXN-63f6341a,CUST-e60ae7d2,SUB-eba58c6c,499.0,USD,Success,2024-12-12,PayPal
TXN-a099255b,CUST-e60ae7d2,SUB-eba58c6c,499.0,USD,Success,2025-01-12,Credit Card
TXN-de057bd6,CUST-e60ae7d2,SUB-eba58c6c,499.0,USD,Success,2025-02-12,Credit Card
TXN-defb8ede,CUST-e60ae7d2,SUB-eba58c6c,499.0,USD,Success,2025-03-12,PayPal
TXN-0eddb14a,CUST-e60ae7d2,SUB-eba58c6c,499.0,USD,Success,2025-04-12,PayPal
TXN-09aeddb6,CUST-e60ae7d2,SUB-eba58c6c,499.0,USD,Success,2025-05-12,Credit Card
TXN-b2f0f067,CUST-e60ae7d2,SUB-eba58c6c,499.0,USD,Failed,2025-06-12,Credit Card
TXN-3d45c6cd,CUST-e60ae7d2,SUB-eba58c6c,499.0,USD,Success,2025-07-12,PayPal
TXN-6cedc661,CUST-e60ae7d2,SUB-eba58c6c,499.0,USD,Success,2025-08-12,PayPal
TXN-d717b02f,CUST-e60ae7d2,SUB-eba58c6c,499.0,USD,Success,2025-09-12,PayPal
TXN-e5b2306a,CUST-e60ae7d2,SUB-eba58c6c,499.0,USD,Success,2025-10-12,Credit Card
TXN-49a307ca,CUST-e60ae7d2,SUB-eba58c6c,499.0,USD,Success,2025-11-12,PayPal
TXN-5922b080,CUST-e60ae7d2,SUB-eba58c6c,499.0,USD,Success,2025-12-12,Wire Transfer
TXN-77558b81,CUST-e60ae7d2,SUB-eba58c6c,499.0,USD,Success,2026-01-12,Credit Card
TXN-e8f2a738,CUST-e60ae7d2,SUB-eba58c6c,499.0,USD,Success,2026-02-12,PayPal
TXN-ef3cd878,CUST-e60ae7d2,SUB-eba58c6c,499.0,USD,Success,2026-03-12,Credit Card
TXN-37589e44,CUST-e60ae7d2,SUB-eba58c6c,499.0,USD,Success,2026-04-12,Wire Transfer
TXN-29e2e8d2,CUST-99bf10e0,SUB-12409e1b,49.0,USD,Success,2024-08-16,Credit Card
TXN-09b62b0b,CUST-99bf10e0,SUB-12409e1b,49.0,USD,Success,2024-09-16,PayPal
TXN-ee1c8568,CUST-99bf10e0,SUB-12409e1b,49.0,USD,Success,2024-10-16,Wire Transfer
TXN-2857643f,CUST-99bf10e0,SUB-12409e1b,49.0,USD,Success,2024-11-16,Wire Transfer
TXN-d649b97d,CUST-99bf10e0,SUB-12409e1b,49.0,USD,Success,2024-12-16,PayPal
TXN-e289870f,CUST-99bf10e0,SUB-12409e1b,49.0,USD,Failed,2025-01-16,PayPal
TXN-e9418268,CUST-99bf10e0,SUB-12409e1b,49.0,USD,Success,2025-02-16,PayPal
TXN-b844a75f,CUST-99bf10e0,SUB-12409e1b,49.0,USD,Success,2025-03-16,Credit Card
TXN-ce4f1159,CUST-99bf10e0,SUB-12409e1b,49.0,USD,Success,2025-04-16,Credit Card
TXN-78b6940e,CUST-99bf10e0,SUB-12409e1b,49.0,USD,Success,2025-05-16,Credit Card
TXN-920ceb3d,CUST-99bf10e0,SUB-12409e1b,49.0,USD,Success,2025-06-16,PayPal
TXN-25e27c1d,CUST-99bf10e0,SUB-12409e1b,49.0,USD,Success,2025-07-16,PayPal
TXN-295e2137,CUST-99bf10e0,SUB-12409e1b,49.0,USD,Refunded,2025-08-16,Credit Card
TXN-0309c0f6,CUST-13a1af54,SUB-32eae33c,49.0,USD,Success,2025-08-15,Wire Transfer
TXN-09ff1cc3,CUST-13a1af54,SUB-32eae33c,49.0,USD,Success,2025-09-15,Credit Card
TXN-4399429f,CUST-13a1af54,SUB-32eae33c,49.0,USD,Success,2025-10-15,Wire Transfer
TXN-0aabd0e6,CUST-13a1af54,SUB-32eae33c,49.0,USD,Success,2025-11-15,PayPal
TXN-80ed39ea,CUST-13a1af54,SUB-32eae33c,49.0,USD,Success,2025-12-15,PayPal
TXN-88da4b22,CUST-13a1af54,SUB-32eae33c,49.0,USD,Success,2026-01-15,Credit Card
TXN-8fc46505,CUST-13a1af54,SUB-32eae33c,49.0,USD,Success,2026-02-15,Credit Card
TXN-76d338bf,CUST-13a1af54,SUB-32eae33c,49.0,USD,Success,2026-03-15,PayPal
TXN-3a273672,CUST-13a1af54,SUB-32eae33c,49.0,USD,Success,2026-04-15,Credit Card
TXN-0b17707c,CUST-010eac21,SUB-5daad128,199.0,USD,Success,2025-01-20,PayPal
TXN-1325799b,CUST-010eac21,SUB-5daad128,199.0,USD,Success,2025-02-20,PayPal
TXN-ab197b27,CUST-010eac21,SUB-5daad128,199.0,USD,Success,2025-03-20,Wire Transfer
TXN-4949f2b2,CUST-ecf6233f,SUB-fa754bc1,49.0,USD,Success,2025-07-20,Credit Card
TXN-60771f6a,CUST-ecf6233f,SUB-fa754bc1,49.0,USD,Success,2025-08-20,PayPal
TXN-2287cc75,CUST-ecf6233f,SUB-fa754bc1,49.0,USD,Success,2025-09-20,Credit Card
TXN-6284c71b,CUST-ecf6233f,SUB-fa754bc1,49.0,USD,Success,2025-10-20,Wire Transfer
TXN-62bb06f8,CUST-ecf6233f,SUB-fa754bc1,49.0,USD,Success,2025-11-20,Wire Transfer
TXN-1763d144,CUST-ecf6233f,SUB-fa754bc1,49.0,USD,Success,2025-12-20,Credit Card
TXN-baed35ae,CUST-9d06f901,SUB-3e6f08b8,49.0,USD,Success,2024-12-06,Credit Card
TXN-023d27a9,CUST-9d06f901,SUB-3e6f08b8,49.0,USD,Success,2025-01-06,PayPal
TXN-8bb42d0f,CUST-9d06f901,SUB-3e6f08b8,49.0,USD,Success,2025-02-06,Wire Transfer
TXN-4235d3a0,CUST-9d06f901,SUB-3e6f08b8,49.0,USD,Success,2025-03-06,Wire Transfer
TXN-071e2f24,CUST-9d06f901,SUB-3e6f08b8,49.0,USD,Success,2025-04-06,Wire Transfer
TXN-d1fe22db,CUST-9d06f901,SUB-3e6f08b8,49.0,USD,Success,2025-05-06,Credit Card
TXN-bc37d437,CUST-9d06f901,SUB-3e6f08b8,49.0,USD,Success,2025-06-06,PayPal
TXN-f50da3a6,CUST-9d06f901,SUB-3e6f08b8,49.0,USD,Success,2025-07-06,Credit Card
TXN-57035bce,CUST-9d06f901,SUB-3e6f08b8,49.0,USD,Success,2025-08-06,Credit Card
TXN-0cfc2760,CUST-9d06f901,SUB-3e6f08b8,49.0,USD,Success,2025-09-06,Credit Card
TXN-3f67dfb7,CUST-9d06f901,SUB-3e6f08b8,49.0,USD,Success,2025-10-06,PayPal
TXN-0b8a0215,CUST-9d06f901,SUB-3e6f08b8,49.0,USD,Success,2025-11-06,Credit Card
TXN-d9573f1a,CUST-9d06f901,SUB-3e6f08b8,49.0,USD,Success,2025-12-06,Wire Transfer
TXN-595feb71,CUST-9d06f901,SUB-3e6f08b8,49.0,USD,Success,2026-01-06,Wire Transfer
TXN-81689ac9,CUST-9d06f901,SUB-3e6f08b8,49.0,USD,Success,2026-02-06,Wire Transfer
TXN-383ee80e,CUST-9d06f901,SUB-3e6f08b8,49.0,USD,Failed,2026-03-06,PayPal
TXN-40beb5e8,CUST-9d06f901,SUB-3e6f08b8,49.0,USD,Success,2026-04-06,Credit Card
TXN-feb9fa2a,CUST-9d06f901,SUB-3e6f08b8,49.0,USD,Success,2026-05-06,PayPal
TXN-fb9ad26b,CUST-e09b7788,SUB-e0e39e32,199.0,USD,Success,2025-01-15,Credit Card
TXN-307f24ad,CUST-e09b7788,SUB-e0e39e32,199.0,USD,Success,2025-02-15,Wire Transfer
TXN-e80cf793,CUST-e09b7788,SUB-e0e39e32,199.0,USD,Success,2025-03-15,Credit Card
TXN-380a6cef,CUST-e09b7788,SUB-e0e39e32,199.0,USD,Success,2025-04-15,Credit Card
TXN-5dc453ec,CUST-e09b7788,SUB-e0e39e32,199.0,USD,Success,2025-05-15,Credit Card
TXN-26c25647,CUST-e09b7788,SUB-e0e39e32,199.0,USD,Success,2025-06-15,PayPal
TXN-6bd4ebe4,CUST-e09b7788,SUB-e0e39e32,199.0,USD,Success,2025-07-15,Credit Card
TXN-de15d060,CUST-e09b7788,SUB-e0e39e32,199.0,USD,Success,2025-08-15,Credit Card
TXN-2348c20d,CUST-e09b7788,SUB-e0e39e32,199.0,USD,Success,2025-09-15,Credit Card
TXN-92597cd6,CUST-e09b7788,SUB-e0e39e32,199.0,USD,Success,2025-10-15,PayPal
TXN-4ba6d65b,CUST-e09b7788,SUB-e0e39e32,199.0,USD,Success,2025-11-15,PayPal
TXN-a2de2598,CUST-e09b7788,SUB-e0e39e32,199.0,USD,Success,2025-12-15,PayPal
TXN-dd7cfe82,CUST-e09b7788,SUB-e0e39e32,199.0,USD,Success,2026-01-15,Credit Card
TXN-2094c7ea,CUST-e09b7788,SUB-e0e39e32,199.0,USD,Success,2026-02-15,Wire Transfer
TXN-6bb3ab03,CUST-e09b7788,SUB-e0e39e32,199.0,USD,Refunded,2026-03-15,Wire Transfer
TXN-e665cfbe,CUST-e09b7788,SUB-e0e39e32,199.0,USD,Success,2026-04-15,Wire Transfer
TXN-d054c0b8,CUST-8fa92fbe,SUB-572ad487,199.0,USD,Success,2025-10-01,Credit Card
TXN-9208df95,CUST-8fa92fbe,SUB-572ad487,199.0,USD,Success,2025-11-01,Wire Transfer
TXN-25255e80,CUST-8fa92fbe,SUB-572ad487,199.0,USD,Success,2025-12-01,Wire Transfer
TXN-8d1576bc,CUST-8fa92fbe,SUB-572ad487,199.0,USD,Success,2026-01-01,Wire Transfer
TXN-91c26612,CUST-8fa92fbe,SUB-572ad487,199.0,USD,Success,2026-02-01,Credit Card
TXN-ce19c247,CUST-8fa92fbe,SUB-572ad487,199.0,USD,Success,2026-03-01,Wire Transfer
TXN-93b8ee5b,CUST-8fa92fbe,SUB-572ad487,199.0,USD,Success,2026-04-01,Wire Transfer
TXN-427d2b33,CUST-8fa92fbe,SUB-572ad487,199.0,USD,Failed,2026-05-01,Credit Card
TXN-88aad5ec,CUST-86702cb0,SUB-0a57d2bd,1999.0,USD,Refunded,2024-07-10,PayPal
TXN-17b9e96a,CUST-86702cb0,SUB-0a57d2bd,1999.0,USD,Success,2024-08-10,Wire Transfer
TXN-49ab1b78,CUST-86702cb0,SUB-0a57d2bd,1999.0,USD,Success,2024-09-10,PayPal
TXN-39f1c4e1,CUST-86702cb0,SUB-0a57d2bd,1999.0,USD,Success,2024-10-10,Wire Transfer
TXN-d9679afa,CUST-86702cb0,SUB-0a57d2bd,1999.0,USD,Success,2024-11-10,Credit Card
TXN-ab1b26b5,CUST-86702cb0,SUB-0a57d2bd,1999.0,USD,Success,2024-12-10,PayPal
TXN-7f10c73e,CUST-86702cb0,SUB-0a57d2bd,1999.0,USD,Success,2025-01-10,PayPal
TXN-c32aa1ed,CUST-86702cb0,SUB-0a57d2bd,1999.0,USD,Failed,2025-02-10,PayPal
TXN-f4622c04,CUST-86702cb0,SUB-0a57d2bd,1999.0,USD,Success,2025-03-10,PayPal
TXN-d3a66876,CUST-86702cb0,SUB-0a57d2bd,1999.0,USD,Success,2025-04-10,Wire Transfer
TXN-ea8362f4,CUST-86702cb0,SUB-0a57d2bd,1999.0,USD,Success,2025-05-10,Wire Transfer
TXN-a1786ae1,CUST-86702cb0,SUB-0a57d2bd,1999.0,USD,Success,2025-06-10,PayPal
TXN-9f530d5b,CUST-86702cb0,SUB-0a57d2bd,1999.0,USD,Success,2025-07-10,Wire Transfer
TXN-a2bafeb3,CUST-86702cb0,SUB-0a57d2bd,1999.0,USD,Refunded,2025-08-10,PayPal
TXN-5c848be3,CUST-86702cb0,SUB-0a57d2bd,1999.0,USD,Success,2025-09-10,PayPal
TXN-ec05f434,CUST-86702cb0,SUB-0a57d2bd,1999.0,USD,Success,2025-10-10,Credit Card
TXN-f547d7b0,CUST-86702cb0,SUB-0a57d2bd,1999.0,USD,Success,2025-11-10,PayPal
TXN-aa66f3f2,CUST-86702cb0,SUB-0a57d2bd,1999.0,USD,Success,2025-12-10,Wire Transfer
TXN-051f445c,CUST-86702cb0,SUB-0a57d2bd,1999.0,USD,Success,2026-01-10,PayPal
TXN-67fea20a,CUST-86702cb0,SUB-0a57d2bd,1999.0,USD,Success,2026-02-10,Credit Card
TXN-63fbf2a2,CUST-86702cb0,SUB-0a57d2bd,1999.0,USD,Success,2026-03-10,Wire Transfer
TXN-fe108583,CUST-86702cb0,SUB-0a57d2bd,1999.0,USD,Success,2026-04-10,Credit Card
TXN-b1d421a4,CUST-83c01670,SUB-e23027ff,49.0,USD,Success,2025-03-03,Credit Card
TXN-31f5d594,CUST-83c01670,SUB-e23027ff,49.0,USD,Success,2025-04-03,PayPal
TXN-ab999865,CUST-83c01670,SUB-e23027ff,49.0,USD,Success,2025-05-03,Credit Card
TXN-f2345b5a,CUST-83c01670,SUB-e23027ff,49.0,USD,Success,2025-06-03,Credit Card
TXN-622ed30f,CUST-83c01670,SUB-e23027ff,49.0,USD,Success,2025-07-03,Wire Transfer
TXN-baba6227,CUST-83c01670,SUB-e23027ff,49.0,USD,Success,2025-08-03,Credit Card
TXN-295d980e,CUST-83c01670,SUB-e23027ff,49.0,USD,Success,2025-09-03,PayPal
TXN-1cbc0adf,CUST-83c01670,SUB-e23027ff,49.0,USD,Success,2025-10-03,PayPal
TXN-395ea96f,CUST-83c01670,SUB-e23027ff,49.0,USD,Success,2025-11-03,PayPal
TXN-614bc1ae,CUST-83c01670,SUB-e23027ff,49.0,USD,Success,2025-12-03,Credit Card
TXN-bc93da59,CUST-83c01670,SUB-e23027ff,49.0,USD,Success,2026-01-03,Wire Transfer
TXN-0a5ff70a,CUST-83c01670,SUB-e23027ff,49.0,USD,Success,2026-02-03,PayPal
TXN-4c3c2948,CUST-83c01670,SUB-e23027ff,49.0,USD,Success,2026-03-03,Credit Card
TXN-b896c2a2,CUST-83c01670,SUB-e23027ff,49.0,USD,Success,2026-04-03,PayPal
TXN-cf5d5a18,CUST-83c01670,SUB-e23027ff,49.0,USD,Success,2026-05-03,PayPal
TXN-176e186d,CUST-8db62c5b,SUB-e598d913,49.0,USD,Success,2025-05-24,Wire Transfer
TXN-58bd2849,CUST-8db62c5b,SUB-e598d913,49.0,USD,Success,2025-06-24,PayPal
TXN-435be923,CUST-8db62c5b,SUB-e598d913,49.0,USD,Success,2025-07-24,Wire Transfer
TXN-c566ae96,CUST-8db62c5b,SUB-e598d913,49.0,USD,Success,2025-08-24,Credit Card
TXN-b4de05c9,CUST-8db62c5b,SUB-e598d913,49.0,USD,Success,2025-09-24,PayPal
TXN-ca37d3e4,CUST-8db62c5b,SUB-e598d913,49.0,USD,Success,2025-10-24,Credit Card
TXN-e23096eb,CUST-8db62c5b,SUB-e598d913,49.0,USD,Success,2025-11-24,Credit Card
TXN-8df8d7d1,CUST-8db62c5b,SUB-e598d913,49.0,USD,Failed,2025-12-24,Credit Card
TXN-b584df4c,CUST-8db62c5b,SUB-e598d913,49.0,USD,Failed,2026-01-24,PayPal
TXN-e7c3df17,CUST-8db62c5b,SUB-e598d913,49.0,USD,Success,2026-02-24,Wire Transfer
TXN-cc30e1a1,CUST-37b061cd,SUB-7e318068,49.0,USD,Success,2026-05-02,PayPal
TXN-2d8348c7,CUST-d729efdd,SUB-540fcc5f,1999.0,USD,Success,2024-05-20,Credit Card
TXN-bdbbe48b,CUST-d729efdd,SUB-540fcc5f,1999.0,USD,Success,2024-06-20,Wire Transfer
TXN-b15effc5,CUST-d729efdd,SUB-540fcc5f,1999.0,USD,Success,2024-07-20,Credit Card
TXN-d5237aa5,CUST-d729efdd,SUB-540fcc5f,1999.0,USD,Success,2024-08-20,Wire Transfer
TXN-f25abdd3,CUST-d729efdd,SUB-540fcc5f,1999.0,USD,Success,2024-09-20,PayPal
TXN-4da02fe2,CUST-d729efdd,SUB-540fcc5f,1999.0,USD,Failed,2024-10-20,Wire Transfer
TXN-08aef69d,CUST-d729efdd,SUB-540fcc5f,1999.0,USD,Success,2024-11-20,PayPal
TXN-5652e3ac,CUST-d729efdd,SUB-540fcc5f,1999.0,USD,Success,2024-12-20,Credit Card
TXN-e46210e4,CUST-d729efdd,SUB-540fcc5f,1999.0,USD,Success,2025-01-20,Wire Transfer
TXN-0b5cd98f,CUST-d729efdd,SUB-540fcc5f,1999.0,USD,Success,2025-02-20,Credit Card
TXN-9688db27,CUST-d729efdd,SUB-540fcc5f,1999.0,USD,Success,2025-03-20,Wire Transfer
TXN-eec2e1f8,CUST-d729efdd,SUB-540fcc5f,1999.0,USD,Success,2025-04-20,PayPal
TXN-de7405d9,CUST-d729efdd,SUB-540fcc5f,1999.0,USD,Success,2025-05-20,Wire Transfer
TXN-608f6e53,CUST-d729efdd,SUB-540fcc5f,1999.0,USD,Success,2025-06-20,Wire Transfer
TXN-c9707f06,CUST-d729efdd,SUB-540fcc5f,1999.0,USD,Success,2025-07-20,PayPal
TXN-f50e7217,CUST-d729efdd,SUB-540fcc5f,1999.0,USD,Success,2025-08-20,PayPal
TXN-31e5406b,CUST-d729efdd,SUB-540fcc5f,1999.0,USD,Success,2025-09-20,PayPal
TXN-66f0ef74,CUST-d729efdd,SUB-540fcc5f,1999.0,USD,Success,2025-10-20,Wire Transfer
TXN-4f1adfee,CUST-d729efdd,SUB-540fcc5f,1999.0,USD,Success,2025-11-20,Credit Card
TXN-662358df,CUST-d729efdd,SUB-540fcc5f,1999.0,USD,Success,2025-12-20,Wire Transfer
TXN-cdf677a5,CUST-d729efdd,SUB-540fcc5f,1999.0,USD,Success,2026-01-20,Wire Transfer
TXN-a81ea19a,CUST-d729efdd,SUB-540fcc5f,1999.0,USD,Success,2026-02-20,Credit Card
TXN-e7049434,CUST-d729efdd,SUB-540fcc5f,1999.0,USD,Success,2026-03-20,PayPal
TXN-10c34548,CUST-d729efdd,SUB-540fcc5f,1999.0,USD,Success,2026-04-20,Wire Transfer
TXN-b65471a1,CUST-edeb73b1,SUB-c9b5f79b,499.0,USD,Success,2024-09-20,Credit Card
TXN-c17bf955,CUST-edeb73b1,SUB-c9b5f79b,499.0,USD,Success,2024-10-20,PayPal
TXN-9eddb5fa,CUST-edeb73b1,SUB-c9b5f79b,499.0,USD,Success,2024-11-20,PayPal
TXN-f16498be,CUST-edeb73b1,SUB-c9b5f79b,499.0,USD,Success,2024-12-20,Wire Transfer
TXN-701da325,CUST-edeb73b1,SUB-c9b5f79b,499.0,USD,Success,2025-01-20,PayPal
TXN-8634481e,CUST-edeb73b1,SUB-c9b5f79b,499.0,USD,Success,2025-02-20,PayPal
TXN-52956c45,CUST-edeb73b1,SUB-c9b5f79b,499.0,USD,Success,2025-03-20,Credit Card
TXN-6ab6b7b8,CUST-edeb73b1,SUB-c9b5f79b,499.0,USD,Success,2025-04-20,Credit Card
TXN-fdeb6b93,CUST-edeb73b1,SUB-c9b5f79b,499.0,USD,Success,2025-05-20,PayPal
TXN-226ad86e,CUST-edeb73b1,SUB-c9b5f79b,499.0,USD,Success,2025-06-20,Credit Card
TXN-c9a1024e,CUST-edeb73b1,SUB-c9b5f79b,499.0,USD,Refunded,2025-07-20,PayPal
TXN-58178ec7,CUST-edeb73b1,SUB-c9b5f79b,499.0,USD,Success,2025-08-20,Wire Transfer
TXN-9126edfe,CUST-4329e255,SUB-d688da2e,499.0,USD,Success,2025-12-06,Credit Card
TXN-0e335849,CUST-4329e255,SUB-d688da2e,499.0,USD,Success,2026-01-06,PayPal
TXN-30b74d02,CUST-4329e255,SUB-d688da2e,499.0,USD,Success,2026-02-06,PayPal
TXN-c4a728a8,CUST-4329e255,SUB-d688da2e,499.0,USD,Success,2026-03-06,Credit Card
TXN-9eccc721,CUST-4329e255,SUB-d688da2e,499.0,USD,Success,2026-04-06,Credit Card
TXN-537053c3,CUST-21fdf120,SUB-a6736600,1999.0,USD,Success,2025-10-01,Wire Transfer
TXN-79e84435,CUST-21fdf120,SUB-a6736600,1999.0,USD,Success,2025-11-01,PayPal
TXN-f0836496,CUST-21fdf120,SUB-a6736600,1999.0,USD,Success,2025-12-01,Wire Transfer
TXN-b44bd12c,CUST-21fdf120,SUB-a6736600,1999.0,USD,Success,2026-01-01,Wire Transfer
TXN-bb28da9d,CUST-21fdf120,SUB-a6736600,1999.0,USD,Success,2026-02-01,Wire Transfer
TXN-81451086,CUST-21fdf120,SUB-a6736600,1999.0,USD,Refunded,2026-03-01,Credit Card
TXN-50fe0450,CUST-21fdf120,SUB-a6736600,1999.0,USD,Success,2026-04-01,Wire Transfer
TXN-303f0fc7,CUST-21fdf120,SUB-a6736600,1999.0,USD,Success,2026-05-01,Credit Card
TXN-c8776ab1,CUST-68206183,SUB-58035e16,199.0,USD,Success,2024-10-17,Credit Card
TXN-237e4efb,CUST-68206183,SUB-58035e16,199.0,USD,Success,2024-11-17,Wire Transfer
TXN-4250983d,CUST-68206183,SUB-58035e16,199.0,USD,Success,2024-12-17,Wire Transfer
TXN-46f17e44,CUST-68206183,SUB-58035e16,199.0,USD,Success,2025-01-17,PayPal
TXN-3a0ca606,CUST-68206183,SUB-58035e16,199.0,USD,Success,2025-02-17,Wire Transfer
TXN-827dc4cf,CUST-68206183,SUB-58035e16,199.0,USD,Success,2025-03-17,PayPal
TXN-060cd2ae,CUST-68206183,SUB-58035e16,199.0,USD,Success,2025-04-17,Wire Transfer
TXN-d5fac500,CUST-68206183,SUB-58035e16,199.0,USD,Success,2025-05-17,Wire Transfer
TXN-6b86d2a1,CUST-68206183,SUB-58035e16,199.0,USD,Success,2025-06-17,Wire Transfer
TXN-39ebbc33,CUST-68206183,SUB-58035e16,199.0,USD,Success,2025-07-17,Wire Transfer
TXN-34be1044,CUST-68206183,SUB-58035e16,199.0,USD,Success,2025-08-17,PayPal
TXN-6c704faf,CUST-68206183,SUB-58035e16,199.0,USD,Success,2025-09-17,PayPal
TXN-d6d0518e,CUST-68206183,SUB-58035e16,199.0,USD,Success,2025-10-17,Wire Transfer
TXN-326541d2,CUST-68206183,SUB-58035e16,199.0,USD,Success,2025-11-17,Wire Transfer
TXN-ca303f80,CUST-68206183,SUB-58035e16,199.0,USD,Success,2025-12-17,PayPal
TXN-52f1e198,CUST-68206183,SUB-58035e16,199.0,USD,Success,2026-01-17,Credit Card
TXN-d5a99d82,CUST-68206183,SUB-58035e16,199.0,USD,Success,2026-02-17,Credit Card
TXN-116398a4,CUST-68206183,SUB-58035e16,199.0,USD,Success,2026-03-17,Credit Card
TXN-355c0084,CUST-68206183,SUB-58035e16,199.0,USD,Success,2026-04-17,PayPal
TXN-b5911e18,CUST-f1b27667,SUB-15613e41,199.0,USD,Success,2025-05-30,PayPal
TXN-73cd178c,CUST-f1b27667,SUB-15613e41,199.0,USD,Success,2025-06-30,Credit Card
TXN-716729e1,CUST-f1b27667,SUB-15613e41,199.0,USD,Success,2025-07-30,Credit Card
TXN-86ffa576,CUST-f1b27667,SUB-15613e41,199.0,USD,Success,2025-08-30,Wire Transfer
TXN-f7ca9e89,CUST-f1b27667,SUB-15613e41,199.0,USD,Success,2025-09-30,PayPal
TXN-e4c5f435,CUST-f1b27667,SUB-15613e41,199.0,USD,Success,2025-10-30,PayPal
TXN-cfd895e8,CUST-f1b27667,SUB-15613e41,199.0,USD,Success,2025-11-30,Credit Card
TXN-be50dc6d,CUST-f1b27667,SUB-15613e41,199.0,USD,Success,2025-12-30,Credit Card
TXN-2a86c749,CUST-f1b27667,SUB-15613e41,199.0,USD,Success,2026-01-30,PayPal
TXN-e3a7618f,CUST-f1b27667,SUB-15613e41,199.0,USD,Success,2026-02-28,Wire Transfer
TXN-befe09e7,CUST-f1b27667,SUB-15613e41,199.0,USD,Success,2026-03-28,Credit Card
TXN-9a98af9f,CUST-f1b27667,SUB-15613e41,199.0,USD,Success,2026-04-28,PayPal
TXN-a216cb7e,CUST-b4d35d8b,SUB-d376377b,49.0,USD,Success,2025-08-21,PayPal
TXN-6f541429,CUST-b4d35d8b,SUB-d376377b,49.0,USD,Success,2025-09-21,Wire Transfer
TXN-68248d1a,CUST-b8e20fc3,SUB-40a8714f,199.0,USD,Success,2025-03-15,Wire Transfer
TXN-c8ba9577,CUST-b8e20fc3,SUB-40a8714f,199.0,USD,Success,2025-04-15,Credit Card
TXN-e3938d04,CUST-b8e20fc3,SUB-40a8714f,199.0,USD,Success,2025-05-15,Credit Card
TXN-11be3e56,CUST-b8e20fc3,SUB-40a8714f,199.0,USD,Success,2025-06-15,Credit Card
TXN-7aef779d,CUST-b8e20fc3,SUB-40a8714f,199.0,USD,Success,2025-07-15,PayPal
TXN-515c93bf,CUST-b8e20fc3,SUB-40a8714f,199.0,USD,Success,2025-08-15,Credit Card
TXN-d6f4c452,CUST-b8e20fc3,SUB-40a8714f,199.0,USD,Success,2025-09-15,PayPal
TXN-44e46a5d,CUST-b8e20fc3,SUB-40a8714f,199.0,USD,Success,2025-10-15,Credit Card
TXN-017e5761,CUST-b8e20fc3,SUB-40a8714f,199.0,USD,Success,2025-11-15,Wire Transfer
TXN-7f29bcde,CUST-b8e20fc3,SUB-40a8714f,199.0,USD,Success,2025-12-15,Wire Transfer
TXN-055f438d,CUST-b8e20fc3,SUB-40a8714f,199.0,USD,Success,2026-01-15,PayPal
TXN-9923cf4a,CUST-b8e20fc3,SUB-40a8714f,199.0,USD,Success,2026-02-15,Wire Transfer
TXN-abb6225a,CUST-b8e20fc3,SUB-40a8714f,199.0,USD,Success,2026-03-15,PayPal
TXN-aa349327,CUST-b8e20fc3,SUB-40a8714f,199.0,USD,Success,2026-04-15,PayPal
TXN-e6a4e493,CUST-11058525,SUB-d5b97933,199.0,USD,Success,2025-06-29,Wire Transfer
TXN-55979372,CUST-11058525,SUB-d5b97933,199.0,USD,Success,2025-07-29,PayPal
TXN-4e2e0e1f,CUST-11058525,SUB-d5b97933,199.0,USD,Success,2025-08-29,Wire Transfer
TXN-5505db6d,CUST-11058525,SUB-d5b97933,199.0,USD,Success,2025-09-29,Credit Card
TXN-be0a7bcd,CUST-11058525,SUB-d5b97933,199.0,USD,Success,2025-10-29,Credit Card
TXN-321e58c8,CUST-11058525,SUB-d5b97933,199.0,USD,Success,2025-11-29,Wire Transfer
TXN-e4256c97,CUST-11058525,SUB-d5b97933,199.0,USD,Success,2025-12-29,Wire Transfer
TXN-aba67530,CUST-11058525,SUB-d5b97933,199.0,USD,Failed,2026-01-29,Wire Transfer
TXN-63737c47,CUST-11058525,SUB-d5b97933,199.0,USD,Success,2026-02-28,Wire Transfer
TXN-ab64b30f,CUST-11058525,SUB-d5b97933,199.0,USD,Success,2026-03-28,Credit Card
TXN-3fc38968,CUST-11058525,SUB-d5b97933,199.0,USD,Success,2026-04-28,PayPal
TXN-4a210749,CUST-056da84a,SUB-303c4b92,199.0,USD,Success,2024-07-24,PayPal
TXN-9b404bc9,CUST-056da84a,SUB-303c4b92,199.0,USD,Success,2024-08-24,Credit Card
TXN-b9877f40,CUST-056da84a,SUB-303c4b92,199.0,USD,Success,2024-09-24,PayPal
TXN-d20c4a48,CUST-056da84a,SUB-303c4b92,199.0,USD,Success,2024-10-24,Credit Card
TXN-334a70ec,CUST-056da84a,SUB-303c4b92,199.0,USD,Success,2024-11-24,PayPal
TXN-855449ac,CUST-056da84a,SUB-303c4b92,199.0,USD,Success,2024-12-24,Wire Transfer
TXN-c9aa7955,CUST-056da84a,SUB-303c4b92,199.0,USD,Success,2025-01-24,Wire Transfer
TXN-2a943920,CUST-056da84a,SUB-303c4b92,199.0,USD,Success,2025-02-24,Wire Transfer
TXN-7f04cf8e,CUST-056da84a,SUB-303c4b92,199.0,USD,Success,2025-03-24,Credit Card
TXN-29381eac,CUST-056da84a,SUB-303c4b92,199.0,USD,Success,2025-04-24,Credit Card
TXN-764e40ed,CUST-056da84a,SUB-303c4b92,199.0,USD,Success,2025-05-24,PayPal
TXN-0b692f46,CUST-056da84a,SUB-303c4b92,199.0,USD,Success,2025-06-24,PayPal
TXN-d843adf2,CUST-056da84a,SUB-303c4b92,199.0,USD,Success,2025-07-24,PayPal
TXN-be846011,CUST-056da84a,SUB-303c4b92,199.0,USD,Success,2025-08-24,Credit Card
TXN-608bb581,CUST-056da84a,SUB-303c4b92,199.0,USD,Success,2025-09-24,PayPal
TXN-743f80e3,CUST-056da84a,SUB-303c4b92,199.0,USD,Success,2025-10-24,Wire Transfer
TXN-5111c669,CUST-056da84a,SUB-303c4b92,199.0,USD,Success,2025-11-24,PayPal
TXN-9d67d45a,CUST-056da84a,SUB-303c4b92,199.0,USD,Success,2025-12-24,Wire Transfer
TXN-bb9980be,CUST-056da84a,SUB-303c4b92,199.0,USD,Success,2026-01-24,Credit Card
TXN-30614576,CUST-056da84a,SUB-303c4b92,199.0,USD,Success,2026-02-24,Wire Transfer
TXN-62b4e0e9,CUST-056da84a,SUB-303c4b92,199.0,USD,Success,2026-03-24,Wire Transfer
TXN-1ae7f45e,CUST-056da84a,SUB-303c4b92,199.0,USD,Success,2026-04-24,Wire Transfer
TXN-1e592e5a,CUST-c05dbfe0,SUB-36eca32f,1999.0,USD,Success,2025-05-06,Credit Card
TXN-9ddd6ab4,CUST-c05dbfe0,SUB-36eca32f,1999.0,USD,Failed,2025-06-06,Credit Card
TXN-65477c1a,CUST-c05dbfe0,SUB-36eca32f,1999.0,USD,Success,2025-07-06,Credit Card
TXN-a1ec05f8,CUST-c05dbfe0,SUB-36eca32f,1999.0,USD,Success,2025-08-06,Credit Card
TXN-11da7c08,CUST-c05dbfe0,SUB-36eca32f,1999.0,USD,Success,2025-09-06,PayPal
TXN-d25c2bd7,CUST-c05dbfe0,SUB-36eca32f,1999.0,USD,Success,2025-10-06,Credit Card
TXN-f56f5b26,CUST-7ebb7f1d,SUB-7a1e4915,1999.0,USD,Failed,2026-05-07,Wire Transfer
TXN-1fe3cd89,CUST-c76608b8,SUB-ba020f27,499.0,USD,Success,2025-07-06,Credit Card
TXN-a38e567d,CUST-c76608b8,SUB-ba020f27,499.0,USD,Success,2025-08-06,PayPal
TXN-1302a21e,CUST-c76608b8,SUB-ba020f27,499.0,USD,Success,2025-09-06,PayPal
TXN-f60a0a87,CUST-c76608b8,SUB-ba020f27,499.0,USD,Success,2025-10-06,PayPal
TXN-62d2df2a,CUST-c76608b8,SUB-ba020f27,499.0,USD,Success,2025-11-06,Wire Transfer
TXN-b9b5f387,CUST-c76608b8,SUB-ba020f27,499.0,USD,Success,2025-12-06,Credit Card
TXN-5caaa762,CUST-c76608b8,SUB-ba020f27,499.0,USD,Success,2026-01-06,Credit Card
TXN-6dcf7ce2,CUST-d41c4ebd,SUB-1fd7fd71,499.0,USD,Success,2025-06-19,Credit Card
TXN-da35d7be,CUST-d41c4ebd,SUB-1fd7fd71,499.0,USD,Success,2025-07-19,Wire Transfer
TXN-40ee4bc3,CUST-d41c4ebd,SUB-1fd7fd71,499.0,USD,Failed,2025-08-19,Wire Transfer
TXN-c5c85ef3,CUST-d41c4ebd,SUB-1fd7fd71,499.0,USD,Success,2025-09-19,PayPal
TXN-c65f1a5c,CUST-d41c4ebd,SUB-1fd7fd71,499.0,USD,Success,2025-10-19,PayPal
TXN-d95639b4,CUST-49f8df5e,SUB-6efcb4ce,199.0,USD,Success,2024-12-18,Credit Card
TXN-2902d5b1,CUST-49f8df5e,SUB-6efcb4ce,199.0,USD,Success,2025-01-18,Wire Transfer
TXN-3da58079,CUST-49f8df5e,SUB-6efcb4ce,199.0,USD,Success,2025-02-18,Wire Transfer
TXN-4ec38f88,CUST-49f8df5e,SUB-6efcb4ce,199.0,USD,Success,2025-03-18,Credit Card
TXN-128ceed6,CUST-49f8df5e,SUB-6efcb4ce,199.0,USD,Success,2025-04-18,Credit Card
TXN-ea4816bf,CUST-49f8df5e,SUB-6efcb4ce,199.0,USD,Success,2025-05-18,PayPal
TXN-10213871,CUST-49f8df5e,SUB-6efcb4ce,199.0,USD,Success,2025-06-18,PayPal
TXN-62c885d8,CUST-49f8df5e,SUB-6efcb4ce,199.0,USD,Success,2025-07-18,PayPal
TXN-39e7305f,CUST-49f8df5e,SUB-6efcb4ce,199.0,USD,Success,2025-08-18,Credit Card
TXN-ccaec430,CUST-49f8df5e,SUB-6efcb4ce,199.0,USD,Success,2025-09-18,Credit Card
TXN-ab3d4744,CUST-49f8df5e,SUB-6efcb4ce,199.0,USD,Success,2025-10-18,PayPal
TXN-b96790de,CUST-49f8df5e,SUB-6efcb4ce,199.0,USD,Success,2025-11-18,PayPal
TXN-f22d72b0,CUST-49f8df5e,SUB-6efcb4ce,199.0,USD,Success,2025-12-18,Wire Transfer
TXN-db85169a,CUST-bb717b08,SUB-1f649da4,49.0,USD,Success,2024-11-19,Wire Transfer
TXN-6409d493,CUST-bb717b08,SUB-1f649da4,49.0,USD,Success,2024-12-19,PayPal
TXN-11614c67,CUST-bb717b08,SUB-1f649da4,49.0,USD,Success,2025-01-19,PayPal
TXN-a77ff4e0,CUST-bb717b08,SUB-1f649da4,49.0,USD,Success,2025-02-19,Wire Transfer
TXN-2e7e4053,CUST-bb717b08,SUB-1f649da4,49.0,USD,Success,2025-03-19,PayPal
TXN-28f8f1aa,CUST-bb717b08,SUB-1f649da4,49.0,USD,Refunded,2025-04-19,Wire Transfer
TXN-1bc3e8be,CUST-bb717b08,SUB-1f649da4,49.0,USD,Success,2025-05-19,Wire Transfer
TXN-3350e816,CUST-bb717b08,SUB-1f649da4,49.0,USD,Success,2025-06-19,Wire Transfer
TXN-99c69418,CUST-bb717b08,SUB-1f649da4,49.0,USD,Failed,2025-07-19,Credit Card
TXN-766ccab2,CUST-bb717b08,SUB-1f649da4,49.0,USD,Success,2025-08-19,Credit Card
TXN-a446bc0b,CUST-bb717b08,SUB-1f649da4,49.0,USD,Success,2025-09-19,PayPal
TXN-499709b6,CUST-bb717b08,SUB-1f649da4,49.0,USD,Success,2025-10-19,Wire Transfer
TXN-40e01e07,CUST-db7d5926,SUB-564a8c54,49.0,USD,Success,2026-01-02,Credit Card
TXN-b1a6600e,CUST-db7d5926,SUB-564a8c54,49.0,USD,Success,2026-02-02,PayPal
TXN-1210226e,CUST-db7d5926,SUB-564a8c54,49.0,USD,Success,2026-03-02,PayPal
TXN-dc80696e,CUST-175e6b48,SUB-624b9769,199.0,USD,Success,2024-07-20,PayPal
TXN-9acea198,CUST-175e6b48,SUB-624b9769,199.0,USD,Success,2024-08-20,PayPal
TXN-ecbad26f,CUST-175e6b48,SUB-624b9769,199.0,USD,Success,2024-09-20,PayPal
TXN-aae0b0dd,CUST-175e6b48,SUB-624b9769,199.0,USD,Success,2024-10-20,Wire Transfer
TXN-90e66ea7,CUST-175e6b48,SUB-624b9769,199.0,USD,Success,2024-11-20,PayPal
TXN-03711d0f,CUST-175e6b48,SUB-624b9769,199.0,USD,Success,2024-12-20,Wire Transfer
TXN-502f7ca9,CUST-175e6b48,SUB-624b9769,199.0,USD,Success,2025-01-20,Credit Card
TXN-b172ade0,CUST-175e6b48,SUB-624b9769,199.0,USD,Success,2025-02-20,PayPal
TXN-51d21375,CUST-175e6b48,SUB-624b9769,199.0,USD,Success,2025-03-20,Credit Card
TXN-fdc1115e,CUST-175e6b48,SUB-624b9769,199.0,USD,Success,2025-04-20,Wire Transfer
TXN-6fb805cd,CUST-175e6b48,SUB-624b9769,199.0,USD,Failed,2025-05-20,Wire Transfer
TXN-f5592fad,CUST-175e6b48,SUB-624b9769,199.0,USD,Success,2025-06-20,Credit Card
TXN-dc600415,CUST-175e6b48,SUB-624b9769,199.0,USD,Failed,2025-07-20,PayPal
TXN-2440aa24,CUST-175e6b48,SUB-624b9769,199.0,USD,Success,2025-08-20,PayPal
TXN-4cbd337c,CUST-175e6b48,SUB-624b9769,199.0,USD,Success,2025-09-20,Credit Card
TXN-1e060a23,CUST-175e6b48,SUB-624b9769,199.0,USD,Success,2025-10-20,Credit Card
TXN-6a3604d8,CUST-175e6b48,SUB-624b9769,199.0,USD,Success,2025-11-20,Credit Card
TXN-ab110ce4,CUST-175e6b48,SUB-624b9769,199.0,USD,Success,2025-12-20,PayPal
TXN-a3fa5c78,CUST-06f970ba,SUB-730ae4a6,499.0,USD,Success,2025-04-29,PayPal
TXN-8eb561ed,CUST-06f970ba,SUB-730ae4a6,499.0,USD,Success,2025-05-29,PayPal
TXN-01a73464,CUST-06f970ba,SUB-730ae4a6,499.0,USD,Success,2025-06-29,Credit Card
TXN-aa0e924d,CUST-06f970ba,SUB-730ae4a6,499.0,USD,Success,2025-07-29,PayPal
TXN-1b807269,CUST-06f970ba,SUB-730ae4a6,499.0,USD,Success,2025-08-29,Wire Transfer
TXN-f13a392a,CUST-06f970ba,SUB-730ae4a6,499.0,USD,Success,2025-09-29,Credit Card
TXN-d3c74949,CUST-06f970ba,SUB-730ae4a6,499.0,USD,Failed,2025-10-29,PayPal
TXN-17c2f9c6,CUST-06f970ba,SUB-730ae4a6,499.0,USD,Success,2025-11-29,Credit Card
TXN-2fdc4843,CUST-06f970ba,SUB-730ae4a6,499.0,USD,Success,2025-12-29,Wire Transfer
TXN-99361016,CUST-06f970ba,SUB-730ae4a6,499.0,USD,Failed,2026-01-29,Wire Transfer
TXN-27d0ef3d,CUST-06f970ba,SUB-730ae4a6,499.0,USD,Success,2026-02-28,Credit Card
TXN-fbab3da1,CUST-06f970ba,SUB-730ae4a6,499.0,USD,Success,2026-03-28,Credit Card
TXN-9d107a94,CUST-06f970ba,SUB-730ae4a6,499.0,USD,Success,2026-04-28,Wire Transfer
TXN-dba77d9d,CUST-a0cea578,SUB-251221b8,49.0,USD,Success,2025-09-21,Credit Card
TXN-699946a8,CUST-a0cea578,SUB-251221b8,49.0,USD,Success,2025-10-21,Wire Transfer
TXN-f9050923,CUST-a0cea578,SUB-251221b8,49.0,USD,Success,2025-11-21,Wire Transfer
TXN-14d7295d,CUST-a0cea578,SUB-251221b8,49.0,USD,Success,2025-12-21,PayPal
TXN-14a00e2e,CUST-a0cea578,SUB-251221b8,49.0,USD,Success,2026-01-21,Credit Card
TXN-106f828f,CUST-a0cea578,SUB-251221b8,49.0,USD,Success,2026-02-21,Credit Card
TXN-2ac4c2f3,CUST-a0cea578,SUB-251221b8,49.0,USD,Success,2026-03-21,PayPal
TXN-77b13737,CUST-a0cea578,SUB-251221b8,49.0,USD,Success,2026-04-21,Wire Transfer
TXN-61ca7cea,CUST-309134d2,SUB-1beb9327,1999.0,USD,Success,2025-06-23,Credit Card
TXN-ed8c0ffb,CUST-309134d2,SUB-1beb9327,1999.0,USD,Success,2025-07-23,PayPal
TXN-b4701c53,CUST-309134d2,SUB-1beb9327,1999.0,USD,Success,2025-08-23,PayPal
TXN-616ce7f2,CUST-309134d2,SUB-1beb9327,1999.0,USD,Success,2025-09-23,Credit Card
TXN-23bdd69f,CUST-309134d2,SUB-1beb9327,1999.0,USD,Success,2025-10-23,PayPal
TXN-81e9db05,CUST-309134d2,SUB-1beb9327,1999.0,USD,Success,2025-11-23,Wire Transfer
TXN-e546c1ef,CUST-309134d2,SUB-1beb9327,1999.0,USD,Success,2025-12-23,PayPal
TXN-bccef0a8,CUST-309134d2,SUB-1beb9327,1999.0,USD,Success,2026-01-23,Wire Transfer
TXN-b52a7956,CUST-309134d2,SUB-1beb9327,1999.0,USD,Success,2026-02-23,Wire Transfer
TXN-7951bea5,CUST-309134d2,SUB-1beb9327,1999.0,USD,Success,2026-03-23,Credit Card
TXN-718856b8,CUST-309134d2,SUB-1beb9327,1999.0,USD,Success,2026-04-23,PayPal
TXN-e9a9259e,CUST-ccd3e727,SUB-bf02b437,49.0,USD,Success,2025-06-19,Wire Transfer
TXN-b172cfc7,CUST-ccd3e727,SUB-bf02b437,49.0,USD,Success,2025-07-19,Wire Transfer
TXN-e4d782fd,CUST-ccd3e727,SUB-bf02b437,49.0,USD,Success,2025-08-19,PayPal
TXN-9ea190cf,CUST-ccd3e727,SUB-bf02b437,49.0,USD,Success,2025-09-19,Wire Transfer
TXN-17f2b2c7,CUST-ccd3e727,SUB-bf02b437,49.0,USD,Success,2025-10-19,PayPal
TXN-243cfbf5,CUST-ccd3e727,SUB-bf02b437,49.0,USD,Success,2025-11-19,Credit Card
TXN-edbb27db,CUST-ccd3e727,SUB-bf02b437,49.0,USD,Success,2025-12-19,Wire Transfer
TXN-87005b68,CUST-ccd3e727,SUB-bf02b437,49.0,USD,Failed,2026-01-19,Wire Transfer
TXN-aa88fe44,CUST-ccd3e727,SUB-bf02b437,49.0,USD,Success,2026-02-19,PayPal
TXN-c673d4b3,CUST-ccd3e727,SUB-bf02b437,49.0,USD,Success,2026-03-19,PayPal
TXN-be31261e,CUST-ccd3e727,SUB-bf02b437,49.0,USD,Success,2026-04-19,PayPal
TXN-2e0bc8ec,CUST-c8cbfe7c,SUB-e5f7d186,49.0,USD,Success,2026-05-05,PayPal
TXN-812455b1,CUST-c1e5e5dc,SUB-af300cc0,199.0,USD,Success,2025-06-25,Wire Transfer
TXN-16aa7ce2,CUST-c1e5e5dc,SUB-af300cc0,199.0,USD,Success,2025-07-25,Credit Card
TXN-85086898,CUST-c1e5e5dc,SUB-af300cc0,199.0,USD,Success,2025-08-25,Credit Card
TXN-d7330be1,CUST-c1e5e5dc,SUB-af300cc0,199.0,USD,Success,2025-09-25,Credit Card
TXN-3c4081b4,CUST-c1e5e5dc,SUB-af300cc0,199.0,USD,Success,2025-10-25,Credit Card
TXN-22791b0f,CUST-c1e5e5dc,SUB-af300cc0,199.0,USD,Success,2025-11-25,PayPal
TXN-d808cf3e,CUST-c1e5e5dc,SUB-af300cc0,199.0,USD,Success,2025-12-25,Wire Transfer
TXN-9e7fcfbd,CUST-c1e5e5dc,SUB-af300cc0,199.0,USD,Success,2026-01-25,Wire Transfer
TXN-da197a3d,CUST-c1e5e5dc,SUB-af300cc0,199.0,USD,Success,2026-02-25,Wire Transfer
TXN-280e5829,CUST-c1e5e5dc,SUB-af300cc0,199.0,USD,Success,2026-03-25,PayPal
TXN-4d0de4c1,CUST-c1e5e5dc,SUB-af300cc0,199.0,USD,Success,2026-04-25,Wire Transfer
TXN-833edd55,CUST-ef22512a,SUB-f41b45d3,49.0,USD,Success,2025-08-24,PayPal
TXN-25ddf535,CUST-bb6ac252,SUB-986e766e,49.0,USD,Success,2026-05-04,Wire Transfer
TXN-8984c23e,CUST-020caec1,SUB-1ae4926f,49.0,USD,Success,2026-02-01,Credit Card
TXN-dc6da19a,CUST-020caec1,SUB-1ae4926f,49.0,USD,Success,2026-03-01,PayPal
TXN-ef764375,CUST-81a29770,SUB-887c8ecb,499.0,USD,Success,2026-03-08,Wire Transfer
TXN-3e42574f,CUST-81a29770,SUB-887c8ecb,499.0,USD,Success,2026-04-08,Credit Card
TXN-5ef7e58f,CUST-81a29770,SUB-887c8ecb,499.0,USD,Success,2026-05-08,Credit Card
TXN-de0252b2,CUST-b8bb8f55,SUB-15c69ae0,199.0,USD,Success,2025-02-14,Credit Card
TXN-10d12283,CUST-b8bb8f55,SUB-15c69ae0,199.0,USD,Success,2025-03-14,PayPal
TXN-9d7f4578,CUST-b8bb8f55,SUB-15c69ae0,199.0,USD,Success,2025-04-14,PayPal
TXN-c50b6c98,CUST-b8bb8f55,SUB-15c69ae0,199.0,USD,Success,2025-05-14,Wire Transfer
TXN-1892da46,CUST-b8bb8f55,SUB-15c69ae0,199.0,USD,Failed,2025-06-14,Credit Card
TXN-9370e40b,CUST-b8bb8f55,SUB-15c69ae0,199.0,USD,Success,2025-07-14,Wire Transfer
TXN-99662164,CUST-b8bb8f55,SUB-15c69ae0,199.0,USD,Success,2025-08-14,Wire Transfer
TXN-f197084a,CUST-b8bb8f55,SUB-15c69ae0,199.0,USD,Success,2025-09-14,Credit Card
TXN-bcec0dba,CUST-b8bb8f55,SUB-15c69ae0,199.0,USD,Success,2025-10-14,Wire Transfer
TXN-8430daba,CUST-b8bb8f55,SUB-15c69ae0,199.0,USD,Success,2025-11-14,PayPal
TXN-587bc4db,CUST-b8bb8f55,SUB-15c69ae0,199.0,USD,Success,2025-12-14,Wire Transfer
TXN-b197abb0,CUST-b8bb8f55,SUB-15c69ae0,199.0,USD,Success,2026-01-14,Credit Card
TXN-48eb4160,CUST-b8bb8f55,SUB-15c69ae0,199.0,USD,Success,2026-02-14,PayPal
TXN-0d770b2f,CUST-b8bb8f55,SUB-15c69ae0,199.0,USD,Success,2026-03-14,PayPal
TXN-ccc55913,CUST-b8bb8f55,SUB-15c69ae0,199.0,USD,Success,2026-04-14,Wire Transfer
TXN-03d9ff57,CUST-cbe719e0,SUB-1936d742,199.0,USD,Success,2024-07-21,Wire Transfer
TXN-199a5b0c,CUST-cbe719e0,SUB-1936d742,199.0,USD,Success,2024-08-21,PayPal
TXN-5eb5eeb7,CUST-cbe719e0,SUB-1936d742,199.0,USD,Success,2024-09-21,Wire Transfer
TXN-54320570,CUST-cbe719e0,SUB-1936d742,199.0,USD,Success,2024-10-21,Credit Card
TXN-3dd893b5,CUST-cbe719e0,SUB-1936d742,199.0,USD,Success,2024-11-21,Wire Transfer
TXN-4a7e491f,CUST-cbe719e0,SUB-1936d742,199.0,USD,Success,2024-12-21,Wire Transfer
TXN-b37023a5,CUST-cbe719e0,SUB-1936d742,199.0,USD,Success,2025-01-21,PayPal
TXN-8551ddd5,CUST-cbe719e0,SUB-1936d742,199.0,USD,Refunded,2025-02-21,Wire Transfer
TXN-d1458e3e,CUST-cbe719e0,SUB-1936d742,199.0,USD,Success,2025-03-21,Wire Transfer
TXN-344ce428,CUST-cbe719e0,SUB-1936d742,199.0,USD,Success,2025-04-21,Wire Transfer
TXN-6d93611b,CUST-cbe719e0,SUB-1936d742,199.0,USD,Success,2025-05-21,Credit Card
TXN-11cb387c,CUST-cbe719e0,SUB-1936d742,199.0,USD,Success,2025-06-21,Wire Transfer
TXN-0a67aba6,CUST-cbe719e0,SUB-1936d742,199.0,USD,Success,2025-07-21,Credit Card
TXN-89dd99c7,CUST-cbe719e0,SUB-1936d742,199.0,USD,Success,2025-08-21,Credit Card
TXN-67e51ba1,CUST-cbe719e0,SUB-1936d742,199.0,USD,Success,2025-09-21,Credit Card
TXN-f3584d2e,CUST-cbe719e0,SUB-1936d742,199.0,USD,Success,2025-10-21,Credit Card
TXN-49f1b85b,CUST-cbe719e0,SUB-1936d742,199.0,USD,Success,2025-11-21,PayPal
TXN-fae1b5dc,CUST-cbe719e0,SUB-1936d742,199.0,USD,Success,2025-12-21,Credit Card
TXN-a5f766be,CUST-cbe719e0,SUB-1936d742,199.0,USD,Success,2026-01-21,Wire Transfer
TXN-cd3f8ea4,CUST-cbe719e0,SUB-1936d742,199.0,USD,Success,2026-02-21,Credit Card
TXN-97e4ce86,CUST-cbe719e0,SUB-1936d742,199.0,USD,Failed,2026-03-21,Wire Transfer
TXN-1573c5b0,CUST-cbe719e0,SUB-1936d742,199.0,USD,Refunded,2026-04-21,Credit Card
TXN-3038a582,CUST-5266d308,SUB-8723c747,199.0,USD,Success,2024-06-24,PayPal
TXN-e62f5edd,CUST-5266d308,SUB-8723c747,199.0,USD,Success,2024-07-24,Credit Card
TXN-367090e9,CUST-5266d308,SUB-8723c747,199.0,USD,Success,2024-08-24,Credit Card
TXN-ef29d937,CUST-5266d308,SUB-8723c747,199.0,USD,Success,2024-09-24,PayPal
TXN-6e9cddbd,CUST-5266d308,SUB-8723c747,199.0,USD,Success,2024-10-24,Credit Card
TXN-4172bab6,CUST-5266d308,SUB-8723c747,199.0,USD,Success,2024-11-24,Wire Transfer
TXN-ba7c97d8,CUST-5266d308,SUB-8723c747,199.0,USD,Success,2024-12-24,Credit Card
TXN-573a486a,CUST-5266d308,SUB-8723c747,199.0,USD,Success,2025-01-24,Credit Card
TXN-d193fd55,CUST-5266d308,SUB-8723c747,199.0,USD,Success,2025-02-24,Credit Card
TXN-5ff98891,CUST-5266d308,SUB-8723c747,199.0,USD,Success,2025-03-24,PayPal
TXN-aa1b1d93,CUST-5266d308,SUB-8723c747,199.0,USD,Failed,2025-04-24,Credit Card
TXN-794ff13c,CUST-5266d308,SUB-8723c747,199.0,USD,Success,2025-05-24,Credit Card
TXN-53ee0290,CUST-5266d308,SUB-8723c747,199.0,USD,Success,2025-06-24,Wire Transfer
TXN-a99cf227,CUST-5266d308,SUB-8723c747,199.0,USD,Success,2025-07-24,Credit Card
TXN-8a177b21,CUST-5266d308,SUB-8723c747,199.0,USD,Success,2025-08-24,Credit Card
TXN-76bbbaf4,CUST-5266d308,SUB-8723c747,199.0,USD,Success,2025-09-24,Credit Card
TXN-053b4d77,CUST-5266d308,SUB-8723c747,199.0,USD,Failed,2025-10-24,Credit Card
TXN-8ac034ef,CUST-5266d308,SUB-8723c747,199.0,USD,Success,2025-11-24,Wire Transfer
TXN-d64f866a,CUST-5266d308,SUB-8723c747,199.0,USD,Success,2025-12-24,Wire Transfer
TXN-74f63b2a,CUST-5266d308,SUB-8723c747,199.0,USD,Success,2026-01-24,PayPal
TXN-e202b229,CUST-5266d308,SUB-8723c747,199.0,USD,Success,2026-02-24,Credit Card
TXN-9f15f056,CUST-5266d308,SUB-8723c747,199.0,USD,Success,2026-03-24,PayPal
TXN-21883935,CUST-5266d308,SUB-8723c747,199.0,USD,Success,2026-04-24,PayPal
TXN-4caf33ca,CUST-1fffe30c,SUB-fa559712,49.0,USD,Success,2025-06-10,Credit Card
TXN-26c06954,CUST-1fffe30c,SUB-fa559712,49.0,USD,Success,2025-07-10,Wire Transfer
TXN-11e648bc,CUST-1fffe30c,SUB-fa559712,49.0,USD,Success,2025-08-10,Wire Transfer
TXN-2e9f1ff7,CUST-1fffe30c,SUB-fa559712,49.0,USD,Success,2025-09-10,Credit Card
TXN-120a8ec3,CUST-1fffe30c,SUB-fa559712,49.0,USD,Success,2025-10-10,Credit Card
TXN-d80ee9b2,CUST-1fffe30c,SUB-fa559712,49.0,USD,Success,2025-11-10,Wire Transfer
TXN-c6694c07,CUST-1fffe30c,SUB-fa559712,49.0,USD,Failed,2025-12-10,Credit Card
TXN-eb3c1eac,CUST-1fffe30c,SUB-fa559712,49.0,USD,Success,2026-01-10,Credit Card
TXN-0a9431fd,CUST-1fffe30c,SUB-fa559712,49.0,USD,Success,2026-02-10,Credit Card
TXN-fc545b35,CUST-1fffe30c,SUB-fa559712,49.0,USD,Success,2026-03-10,Wire Transfer
TXN-1f964815,CUST-1fffe30c,SUB-fa559712,49.0,USD,Success,2026-04-10,PayPal
TXN-5c37231b,CUST-8f1b655f,SUB-280a8a9e,1999.0,USD,Success,2025-12-30,PayPal
TXN-249d68b7,CUST-8f1b655f,SUB-280a8a9e,1999.0,USD,Success,2026-01-30,Credit Card
TXN-96b6bcf1,CUST-8f1b655f,SUB-280a8a9e,1999.0,USD,Success,2026-02-28,Wire Transfer
TXN-544367da,CUST-8f1b655f,SUB-280a8a9e,1999.0,USD,Success,2026-03-28,Credit Card
TXN-1f65bfed,CUST-8f1b655f,SUB-280a8a9e,1999.0,USD,Success,2026-04-28,Wire Transfer
TXN-4077b2a1,CUST-d254a347,SUB-68aadbd9,49.0,USD,Success,2026-01-25,Credit Card
TXN-805734da,CUST-d254a347,SUB-68aadbd9,49.0,USD,Success,2026-02-25,Wire Transfer
TXN-3cfa148c,CUST-26dc5c08,SUB-815f3fe2,1999.0,USD,Success,2025-05-28,Wire Transfer
TXN-404dc9e5,CUST-26dc5c08,SUB-815f3fe2,1999.0,USD,Success,2025-06-28,PayPal
TXN-d3b9cb34,CUST-26dc5c08,SUB-815f3fe2,1999.0,USD,Success,2025-07-28,Credit Card
TXN-694b38dd,CUST-26dc5c08,SUB-815f3fe2,1999.0,USD,Success,2025-08-28,PayPal
TXN-5db77b23,CUST-d85c6ed7,SUB-c66d8fb4,199.0,USD,Success,2025-01-07,PayPal
TXN-6a77dae8,CUST-d85c6ed7,SUB-c66d8fb4,199.0,USD,Success,2025-02-07,Wire Transfer
TXN-7e00053f,CUST-d85c6ed7,SUB-c66d8fb4,199.0,USD,Success,2025-03-07,Credit Card
TXN-849e17f2,CUST-d85c6ed7,SUB-c66d8fb4,199.0,USD,Success,2025-04-07,Wire Transfer
TXN-751f7772,CUST-d85c6ed7,SUB-c66d8fb4,199.0,USD,Success,2025-05-07,Wire Transfer
TXN-ecdc2738,CUST-d85c6ed7,SUB-c66d8fb4,199.0,USD,Success,2025-06-07,Wire Transfer
TXN-11f8603d,CUST-d85c6ed7,SUB-c66d8fb4,199.0,USD,Success,2025-07-07,Credit Card
TXN-fd809e69,CUST-d85c6ed7,SUB-c66d8fb4,199.0,USD,Success,2025-08-07,Credit Card
TXN-37a0cdbc,CUST-d85c6ed7,SUB-c66d8fb4,199.0,USD,Success,2025-09-07,Wire Transfer
TXN-b16801ee,CUST-d85c6ed7,SUB-c66d8fb4,199.0,USD,Success,2025-10-07,Credit Card
TXN-aeb8740e,CUST-d85c6ed7,SUB-c66d8fb4,199.0,USD,Success,2025-11-07,Wire Transfer
TXN-92a4237b,CUST-d85c6ed7,SUB-c66d8fb4,199.0,USD,Success,2025-12-07,Credit Card
TXN-538a86cb,CUST-d85c6ed7,SUB-c66d8fb4,199.0,USD,Success,2026-01-07,Credit Card
TXN-408c1d9e,CUST-d85c6ed7,SUB-c66d8fb4,199.0,USD,Success,2026-02-07,PayPal
TXN-2d63577e,CUST-d85c6ed7,SUB-c66d8fb4,199.0,USD,Success,2026-03-07,Wire Transfer
TXN-62f55d86,CUST-d85c6ed7,SUB-c66d8fb4,199.0,USD,Success,2026-04-07,PayPal
TXN-ae727298,CUST-d85c6ed7,SUB-c66d8fb4,199.0,USD,Success,2026-05-07,PayPal
TXN-034a6203,CUST-95ddfa5b,SUB-1006c691,1999.0,USD,Success,2024-12-20,Wire Transfer
TXN-660d6fc1,CUST-95ddfa5b,SUB-1006c691,1999.0,USD,Success,2025-01-20,Wire Transfer
TXN-11999f6e,CUST-95ddfa5b,SUB-1006c691,1999.0,USD,Success,2025-02-20,Credit Card
TXN-51afa56d,CUST-95ddfa5b,SUB-1006c691,1999.0,USD,Success,2025-03-20,Wire Transfer
TXN-e57b9b53,CUST-95ddfa5b,SUB-1006c691,1999.0,USD,Success,2025-04-20,PayPal
TXN-2136378b,CUST-95ddfa5b,SUB-1006c691,1999.0,USD,Success,2025-05-20,PayPal
TXN-b8eb11e3,CUST-95ddfa5b,SUB-1006c691,1999.0,USD,Success,2025-06-20,Wire Transfer
TXN-4b592911,CUST-95ddfa5b,SUB-1006c691,1999.0,USD,Success,2025-07-20,PayPal
TXN-f7256292,CUST-95ddfa5b,SUB-1006c691,1999.0,USD,Refunded,2025-08-20,Credit Card
TXN-845ba80f,CUST-95ddfa5b,SUB-1006c691,1999.0,USD,Success,2025-09-20,PayPal
TXN-ba11f73e,CUST-95ddfa5b,SUB-1006c691,1999.0,USD,Success,2025-10-20,Credit Card
TXN-fbb0ee03,CUST-95ddfa5b,SUB-1006c691,1999.0,USD,Success,2025-11-20,PayPal
TXN-befed47f,CUST-95ddfa5b,SUB-1006c691,1999.0,USD,Success,2025-12-20,Credit Card
TXN-ef2d0171,CUST-95ddfa5b,SUB-1006c691,1999.0,USD,Success,2026-01-20,Credit Card
TXN-293686c3,CUST-95ddfa5b,SUB-1006c691,1999.0,USD,Success,2026-02-20,Wire Transfer
TXN-f9a94ae4,CUST-95ddfa5b,SUB-1006c691,1999.0,USD,Success,2026-03-20,Credit Card
TXN-73cb4f4b,CUST-95ddfa5b,SUB-1006c691,1999.0,USD,Success,2026-04-20,Wire Transfer
TXN-f67f27d9,CUST-eb87df10,SUB-54e804b1,49.0,USD,Success,2024-09-05,PayPal
TXN-f282615e,CUST-eb87df10,SUB-54e804b1,49.0,USD,Success,2024-10-05,PayPal
TXN-ec97a6a1,CUST-eb87df10,SUB-54e804b1,49.0,USD,Success,2024-11-05,PayPal
TXN-6e70de52,CUST-eb87df10,SUB-54e804b1,49.0,USD,Success,2024-12-05,Credit Card
TXN-80fd19ef,CUST-eb87df10,SUB-54e804b1,49.0,USD,Success,2025-01-05,PayPal
TXN-3480c2e9,CUST-eb87df10,SUB-54e804b1,49.0,USD,Success,2025-02-05,PayPal
TXN-11a9c2bf,CUST-eb87df10,SUB-54e804b1,49.0,USD,Success,2025-03-05,Wire Transfer
TXN-d8b9f554,CUST-eb87df10,SUB-54e804b1,49.0,USD,Success,2025-04-05,Wire Transfer
TXN-c1c8e1e7,CUST-eb87df10,SUB-54e804b1,49.0,USD,Failed,2025-05-05,PayPal
TXN-6930461b,CUST-eb87df10,SUB-54e804b1,49.0,USD,Success,2025-06-05,PayPal
TXN-bf7bfe11,CUST-eb87df10,SUB-54e804b1,49.0,USD,Success,2025-07-05,Credit Card
TXN-adff59e2,CUST-eb87df10,SUB-54e804b1,49.0,USD,Success,2025-08-05,Credit Card
TXN-027f6ef1,CUST-eb87df10,SUB-54e804b1,49.0,USD,Success,2025-09-05,PayPal
TXN-bd9024f0,CUST-eb87df10,SUB-54e804b1,49.0,USD,Success,2025-10-05,Wire Transfer
TXN-20de281f,CUST-eb87df10,SUB-54e804b1,49.0,USD,Success,2025-11-05,PayPal
TXN-274ab5e0,CUST-eb87df10,SUB-54e804b1,49.0,USD,Success,2025-12-05,Credit Card
TXN-14da1daa,CUST-eb87df10,SUB-54e804b1,49.0,USD,Success,2026-01-05,Wire Transfer
TXN-0811d868,CUST-eb87df10,SUB-54e804b1,49.0,USD,Success,2026-02-05,Wire Transfer
TXN-ad125b57,CUST-eb87df10,SUB-54e804b1,49.0,USD,Success,2026-03-05,Credit Card
TXN-f4e352a1,CUST-eb87df10,SUB-54e804b1,49.0,USD,Success,2026-04-05,PayPal
TXN-21b46cb9,CUST-eb87df10,SUB-54e804b1,49.0,USD,Success,2026-05-05,PayPal
TXN-b0942483,CUST-04da6ffd,SUB-efee67a6,199.0,USD,Success,2024-09-08,PayPal
TXN-55b51328,CUST-04da6ffd,SUB-efee67a6,199.0,USD,Success,2024-10-08,Credit Card
TXN-20ced2bb,CUST-04da6ffd,SUB-efee67a6,199.0,USD,Success,2024-11-08,Wire Transfer
TXN-75644b48,CUST-04da6ffd,SUB-efee67a6,199.0,USD,Success,2024-12-08,Credit Card
TXN-6b3c1948,CUST-04da6ffd,SUB-efee67a6,199.0,USD,Success,2025-01-08,PayPal
TXN-f1c16187,CUST-04da6ffd,SUB-efee67a6,199.0,USD,Success,2025-02-08,Credit Card
TXN-8816f085,CUST-04da6ffd,SUB-efee67a6,199.0,USD,Success,2025-03-08,Wire Transfer
TXN-c8d8dddc,CUST-04da6ffd,SUB-efee67a6,199.0,USD,Success,2025-04-08,Credit Card
TXN-a0f50e20,CUST-04da6ffd,SUB-efee67a6,199.0,USD,Success,2025-05-08,PayPal
TXN-9182e7fc,CUST-04da6ffd,SUB-efee67a6,199.0,USD,Success,2025-06-08,Wire Transfer
TXN-4a066ab2,CUST-04da6ffd,SUB-efee67a6,199.0,USD,Success,2025-07-08,Credit Card
TXN-9227704c,CUST-04da6ffd,SUB-efee67a6,199.0,USD,Success,2025-08-08,Credit Card
TXN-d7716f4f,CUST-04da6ffd,SUB-efee67a6,199.0,USD,Success,2025-09-08,Wire Transfer
TXN-85a350bf,CUST-04da6ffd,SUB-efee67a6,199.0,USD,Success,2025-10-08,Wire Transfer
TXN-5a0044e6,CUST-04da6ffd,SUB-efee67a6,199.0,USD,Success,2025-11-08,PayPal
TXN-adafe9d8,CUST-04da6ffd,SUB-efee67a6,199.0,USD,Success,2025-12-08,Wire Transfer
TXN-9b72e66a,CUST-04da6ffd,SUB-efee67a6,199.0,USD,Success,2026-01-08,PayPal
TXN-4480fd34,CUST-04da6ffd,SUB-efee67a6,199.0,USD,Success,2026-02-08,Credit Card
TXN-0dcf2dd4,CUST-04da6ffd,SUB-efee67a6,199.0,USD,Success,2026-03-08,PayPal
TXN-c28d4d17,CUST-04da6ffd,SUB-efee67a6,199.0,USD,Success,2026-04-08,Credit Card
TXN-a998fa0f,CUST-04da6ffd,SUB-efee67a6,199.0,USD,Failed,2026-05-08,Wire Transfer
TXN-87473dad,CUST-6a94efee,SUB-525070f0,49.0,USD,Success,2024-10-05,Credit Card
TXN-6c56f365,CUST-6a94efee,SUB-525070f0,49.0,USD,Success,2024-11-05,Wire Transfer
TXN-e9679721,CUST-6a94efee,SUB-525070f0,49.0,USD,Success,2024-12-05,Credit Card
TXN-4b2666f4,CUST-6a94efee,SUB-525070f0,49.0,USD,Success,2025-01-05,Credit Card
TXN-fbbdb6ca,CUST-6a94efee,SUB-525070f0,49.0,USD,Success,2025-02-05,Credit Card
TXN-618680e6,CUST-6a94efee,SUB-525070f0,49.0,USD,Success,2025-03-05,Credit Card
TXN-d36fb654,CUST-532a74dd,SUB-bfbf61ac,49.0,USD,Success,2024-10-25,PayPal
TXN-c7b64a53,CUST-532a74dd,SUB-bfbf61ac,49.0,USD,Success,2024-11-25,Credit Card
TXN-93d3a915,CUST-532a74dd,SUB-bfbf61ac,49.0,USD,Success,2024-12-25,PayPal
TXN-e65f3c18,CUST-532a74dd,SUB-bfbf61ac,49.0,USD,Success,2025-01-25,Wire Transfer
TXN-3b74bd8d,CUST-532a74dd,SUB-bfbf61ac,49.0,USD,Success,2025-02-25,Wire Transfer
TXN-ea2ca85a,CUST-532a74dd,SUB-bfbf61ac,49.0,USD,Success,2025-03-25,PayPal
TXN-6c5ee198,CUST-532a74dd,SUB-bfbf61ac,49.0,USD,Success,2025-04-25,Wire Transfer
TXN-0a46a69a,CUST-532a74dd,SUB-bfbf61ac,49.0,USD,Success,2025-05-25,Wire Transfer
TXN-d62dac18,CUST-532a74dd,SUB-bfbf61ac,49.0,USD,Success,2025-06-25,Credit Card
TXN-ede6b3f6,CUST-532a74dd,SUB-bfbf61ac,49.0,USD,Success,2025-07-25,Credit Card
TXN-7d7352ba,CUST-532a74dd,SUB-bfbf61ac,49.0,USD,Success,2025-08-25,Credit Card
TXN-91265922,CUST-532a74dd,SUB-bfbf61ac,49.0,USD,Success,2025-09-25,PayPal
TXN-ab6bbec0,CUST-532a74dd,SUB-bfbf61ac,49.0,USD,Success,2025-10-25,PayPal
TXN-a2911696,CUST-532a74dd,SUB-bfbf61ac,49.0,USD,Success,2025-11-25,Wire Transfer
TXN-962ab378,CUST-532a74dd,SUB-bfbf61ac,49.0,USD,Success,2025-12-25,Credit Card
TXN-da22570e,CUST-532a74dd,SUB-bfbf61ac,49.0,USD,Success,2026-01-25,PayPal
TXN-ec7c3993,CUST-532a74dd,SUB-bfbf61ac,49.0,USD,Success,2026-02-25,PayPal
TXN-64b412ee,CUST-532a74dd,SUB-bfbf61ac,49.0,USD,Success,2026-03-25,Credit Card
TXN-544c9806,CUST-532a74dd,SUB-bfbf61ac,49.0,USD,Success,2026-04-25,PayPal
TXN-cb58de26,CUST-c75bfc7d,SUB-ad131c49,199.0,USD,Success,2025-04-18,Credit Card
TXN-d8ae569e,CUST-c75bfc7d,SUB-ad131c49,199.0,USD,Success,2025-05-18,Wire Transfer
TXN-5580e651,CUST-c75bfc7d,SUB-ad131c49,199.0,USD,Success,2025-06-18,Wire Transfer
TXN-7ed1e907,CUST-c75bfc7d,SUB-ad131c49,199.0,USD,Failed,2025-07-18,Wire Transfer
TXN-eec52bd1,CUST-c75bfc7d,SUB-ad131c49,199.0,USD,Success,2025-08-18,Credit Card
TXN-5e5fd167,CUST-c75bfc7d,SUB-ad131c49,199.0,USD,Success,2025-09-18,PayPal
TXN-b99e4ef6,CUST-c75bfc7d,SUB-ad131c49,199.0,USD,Success,2025-10-18,Wire Transfer
TXN-6718e2eb,CUST-c75bfc7d,SUB-ad131c49,199.0,USD,Success,2025-11-18,Wire Transfer
TXN-b43235b0,CUST-c75bfc7d,SUB-ad131c49,199.0,USD,Success,2025-12-18,Wire Transfer
TXN-e5b003ee,CUST-c75bfc7d,SUB-ad131c49,199.0,USD,Success,2026-01-18,PayPal
TXN-1e2a723f,CUST-c75bfc7d,SUB-ad131c49,199.0,USD,Refunded,2026-02-18,PayPal
TXN-d15cce68,CUST-c75bfc7d,SUB-ad131c49,199.0,USD,Success,2026-03-18,Credit Card
TXN-ea8dd667,CUST-c75bfc7d,SUB-ad131c49,199.0,USD,Success,2026-04-18,Wire Transfer
TXN-9bf42600,CUST-677df86d,SUB-e677a117,49.0,USD,Success,2025-12-12,PayPal
TXN-d9ae10db,CUST-677df86d,SUB-e677a117,49.0,USD,Success,2026-01-12,Credit Card
TXN-8e751f2a,CUST-677df86d,SUB-e677a117,49.0,USD,Success,2026-02-12,Wire Transfer
TXN-172d2715,CUST-677df86d,SUB-e677a117,49.0,USD,Failed,2026-03-12,PayPal
TXN-fe6f2c32,CUST-677df86d,SUB-e677a117,49.0,USD,Success,2026-04-12,PayPal
TXN-853b8c1a,CUST-b2bdaa2c,SUB-615b2086,199.0,USD,Success,2024-08-21,Credit Card
TXN-f10489c0,CUST-b2bdaa2c,SUB-615b2086,199.0,USD,Success,2024-09-21,Wire Transfer
TXN-d980646a,CUST-b2bdaa2c,SUB-615b2086,199.0,USD,Success,2024-10-21,Wire Transfer
TXN-f6544b45,CUST-b2bdaa2c,SUB-615b2086,199.0,USD,Success,2024-11-21,PayPal
TXN-0f301fa1,CUST-b2bdaa2c,SUB-615b2086,199.0,USD,Refunded,2024-12-21,Wire Transfer
TXN-a90d3116,CUST-b2bdaa2c,SUB-615b2086,199.0,USD,Success,2025-01-21,Credit Card
TXN-f4879f36,CUST-b2bdaa2c,SUB-615b2086,199.0,USD,Success,2025-02-21,PayPal
TXN-524f1a88,CUST-b2bdaa2c,SUB-615b2086,199.0,USD,Success,2025-03-21,PayPal
TXN-5f0a2006,CUST-b2bdaa2c,SUB-615b2086,199.0,USD,Success,2025-04-21,Credit Card
TXN-86a537cb,CUST-b2bdaa2c,SUB-615b2086,199.0,USD,Success,2025-05-21,PayPal
TXN-1ea83ac6,CUST-b2bdaa2c,SUB-615b2086,199.0,USD,Success,2025-06-21,Wire Transfer
TXN-b4f7802e,CUST-b2bdaa2c,SUB-615b2086,199.0,USD,Success,2025-07-21,Wire Transfer
TXN-a31bc23d,CUST-b2bdaa2c,SUB-615b2086,199.0,USD,Success,2025-08-21,PayPal
TXN-0ded0852,CUST-b2bdaa2c,SUB-615b2086,199.0,USD,Success,2025-09-21,Credit Card
TXN-c5634475,CUST-b2bdaa2c,SUB-615b2086,199.0,USD,Success,2025-10-21,Credit Card
TXN-72a80bd1,CUST-b2bdaa2c,SUB-615b2086,199.0,USD,Success,2025-11-21,Wire Transfer
TXN-d1b4a8f8,CUST-b2bdaa2c,SUB-615b2086,199.0,USD,Success,2025-12-21,Credit Card
TXN-7eda523d,CUST-b2bdaa2c,SUB-615b2086,199.0,USD,Success,2026-01-21,PayPal
TXN-69c3f79b,CUST-b2bdaa2c,SUB-615b2086,199.0,USD,Success,2026-02-21,PayPal
TXN-8871575e,CUST-b2bdaa2c,SUB-615b2086,199.0,USD,Success,2026-03-21,Wire Transfer
TXN-4c1044ee,CUST-b2bdaa2c,SUB-615b2086,199.0,USD,Success,2026-04-21,Wire Transfer
TXN-1def52e0,CUST-e4f81c7f,SUB-6da46237,49.0,USD,Success,2025-08-27,Wire Transfer
TXN-a2e5e5aa,CUST-e4f81c7f,SUB-6da46237,49.0,USD,Success,2025-09-27,Credit Card
TXN-7cfd8bfc,CUST-e4f81c7f,SUB-6da46237,49.0,USD,Success,2025-10-27,PayPal
TXN-0ef3a57a,CUST-e4f81c7f,SUB-6da46237,49.0,USD,Success,2025-11-27,PayPal
TXN-db4cd5b4,CUST-e4f81c7f,SUB-6da46237,49.0,USD,Success,2025-12-27,PayPal
TXN-93048059,CUST-e4f81c7f,SUB-6da46237,49.0,USD,Success,2026-01-27,Wire Transfer
TXN-fab873cf,CUST-e4f81c7f,SUB-6da46237,49.0,USD,Success,2026-02-27,PayPal
TXN-e451b4a1,CUST-e4f81c7f,SUB-6da46237,49.0,USD,Success,2026-03-27,Credit Card
TXN-335d4121,CUST-e4f81c7f,SUB-6da46237,49.0,USD,Success,2026-04-27,Credit Card
TXN-20ca3bf8,CUST-c86b1874,SUB-53cc3527,49.0,USD,Success,2026-01-20,PayPal
TXN-4adb5a97,CUST-c86b1874,SUB-53cc3527,49.0,USD,Success,2026-02-20,Wire Transfer
TXN-0a52a662,CUST-c86b1874,SUB-53cc3527,49.0,USD,Success,2026-03-20,PayPal
TXN-33a5eb5f,CUST-28968dfb,SUB-a4e6a49a,499.0,USD,Success,2024-11-13,Credit Card
TXN-846688e0,CUST-28968dfb,SUB-a4e6a49a,499.0,USD,Success,2024-12-13,Credit Card
TXN-880540e3,CUST-28968dfb,SUB-a4e6a49a,499.0,USD,Success,2025-01-13,Credit Card
TXN-fc18d4f0,CUST-28968dfb,SUB-a4e6a49a,499.0,USD,Success,2025-02-13,PayPal
TXN-09eb45c7,CUST-28968dfb,SUB-a4e6a49a,499.0,USD,Success,2025-03-13,Credit Card
TXN-0d6a0873,CUST-28968dfb,SUB-a4e6a49a,499.0,USD,Success,2025-04-13,Wire Transfer
TXN-fda39cdd,CUST-28968dfb,SUB-a4e6a49a,499.0,USD,Success,2025-05-13,PayPal
TXN-51ad353a,CUST-28968dfb,SUB-a4e6a49a,499.0,USD,Success,2025-06-13,PayPal
TXN-a863773f,CUST-28968dfb,SUB-a4e6a49a,499.0,USD,Success,2025-07-13,Credit Card
TXN-442f8eb2,CUST-28968dfb,SUB-a4e6a49a,499.0,USD,Success,2025-08-13,Credit Card
TXN-33b3df7e,CUST-28968dfb,SUB-a4e6a49a,499.0,USD,Success,2025-09-13,Wire Transfer
TXN-107b7cc2,CUST-28968dfb,SUB-a4e6a49a,499.0,USD,Success,2025-10-13,PayPal
TXN-6ed3fbf4,CUST-28968dfb,SUB-a4e6a49a,499.0,USD,Failed,2025-11-13,Credit Card
TXN-76267173,CUST-28968dfb,SUB-a4e6a49a,499.0,USD,Success,2025-12-13,Wire Transfer
TXN-22625d5b,CUST-28968dfb,SUB-a4e6a49a,499.0,USD,Success,2026-01-13,Credit Card
TXN-1b5fd7db,CUST-28968dfb,SUB-a4e6a49a,499.0,USD,Success,2026-02-13,PayPal
TXN-dec334d0,CUST-28968dfb,SUB-a4e6a49a,499.0,USD,Success,2026-03-13,Credit Card
TXN-5264f697,CUST-28968dfb,SUB-a4e6a49a,499.0,USD,Success,2026-04-13,PayPal
TXN-01a4884f,CUST-bfb180b2,SUB-f4c2e580,199.0,USD,Success,2026-02-10,Credit Card
TXN-2acb5190,CUST-bfb180b2,SUB-f4c2e580,199.0,USD,Failed,2026-03-10,PayPal
TXN-711250c0,CUST-bfb180b2,SUB-f4c2e580,199.0,USD,Success,2026-04-10,Wire Transfer
TXN-d0bbf050,CUST-bbad8b17,SUB-8bc705e0,199.0,USD,Success,2024-06-18,PayPal
TXN-86a39af3,CUST-bbad8b17,SUB-8bc705e0,199.0,USD,Success,2024-07-18,Wire Transfer
TXN-592bb360,CUST-bbad8b17,SUB-8bc705e0,199.0,USD,Success,2024-08-18,PayPal
TXN-6010ff77,CUST-bbad8b17,SUB-8bc705e0,199.0,USD,Success,2024-09-18,Wire Transfer
TXN-633eb8ed,CUST-bbad8b17,SUB-8bc705e0,199.0,USD,Success,2024-10-18,Credit Card
TXN-b58bb73e,CUST-bbad8b17,SUB-8bc705e0,199.0,USD,Refunded,2024-11-18,PayPal
TXN-ab8b81fd,CUST-bbad8b17,SUB-8bc705e0,199.0,USD,Success,2024-12-18,Credit Card
TXN-613d4772,CUST-bbad8b17,SUB-8bc705e0,199.0,USD,Success,2025-01-18,Wire Transfer
TXN-41d44f3e,CUST-bbad8b17,SUB-8bc705e0,199.0,USD,Success,2025-02-18,PayPal
TXN-ce3650e6,CUST-bbad8b17,SUB-8bc705e0,199.0,USD,Success,2025-03-18,PayPal
TXN-1527dc97,CUST-bbad8b17,SUB-8bc705e0,199.0,USD,Success,2025-04-18,Credit Card
TXN-144e3e54,CUST-bbad8b17,SUB-8bc705e0,199.0,USD,Success,2025-05-18,PayPal
TXN-d81f51a0,CUST-bbad8b17,SUB-8bc705e0,199.0,USD,Success,2025-06-18,PayPal
TXN-5540eb23,CUST-bbad8b17,SUB-8bc705e0,199.0,USD,Success,2025-07-18,Credit Card
TXN-fe2a10cf,CUST-bbad8b17,SUB-8bc705e0,199.0,USD,Success,2025-08-18,PayPal
TXN-c5ccb911,CUST-bbad8b17,SUB-8bc705e0,199.0,USD,Success,2025-09-18,Credit Card
TXN-00741334,CUST-bbad8b17,SUB-8bc705e0,199.0,USD,Success,2025-10-18,Credit Card
TXN-3d05c345,CUST-bbad8b17,SUB-8bc705e0,199.0,USD,Success,2025-11-18,Credit Card
TXN-1b430438,CUST-bbad8b17,SUB-8bc705e0,199.0,USD,Success,2025-12-18,Credit Card
TXN-b79a421f,CUST-bbad8b17,SUB-8bc705e0,199.0,USD,Success,2026-01-18,Credit Card
TXN-9f8d9a29,CUST-bbad8b17,SUB-8bc705e0,199.0,USD,Success,2026-02-18,Wire Transfer
TXN-473a8f92,CUST-bbad8b17,SUB-8bc705e0,199.0,USD,Success,2026-03-18,Wire Transfer
TXN-f7d6f8da,CUST-bbad8b17,SUB-8bc705e0,199.0,USD,Refunded,2026-04-18,Credit Card
TXN-1b1ebc0b,CUST-1fa96aa9,SUB-2e1228ae,199.0,USD,Success,2024-11-27,Wire Transfer
TXN-10f3039b,CUST-1fa96aa9,SUB-2e1228ae,199.0,USD,Success,2024-12-27,Wire Transfer
TXN-3ced22bb,CUST-1fa96aa9,SUB-2e1228ae,199.0,USD,Success,2025-01-27,PayPal
TXN-9d37b638,CUST-1fa96aa9,SUB-2e1228ae,199.0,USD,Success,2025-02-27,Credit Card
TXN-a8721112,CUST-1fa96aa9,SUB-2e1228ae,199.0,USD,Success,2025-03-27,Wire Transfer
TXN-2757704d,CUST-1fa96aa9,SUB-2e1228ae,199.0,USD,Success,2025-04-27,PayPal
TXN-4e0403de,CUST-1fa96aa9,SUB-2e1228ae,199.0,USD,Success,2025-05-27,PayPal
TXN-1d34176d,CUST-1fa96aa9,SUB-2e1228ae,199.0,USD,Success,2025-06-27,Credit Card
TXN-f3b2fab2,CUST-1fa96aa9,SUB-2e1228ae,199.0,USD,Refunded,2025-07-27,Credit Card
TXN-cca8e2ac,CUST-1fa96aa9,SUB-2e1228ae,199.0,USD,Success,2025-08-27,PayPal
TXN-fcb6eeaf,CUST-1fa96aa9,SUB-2e1228ae,199.0,USD,Success,2025-09-27,Credit Card
TXN-2448f5ce,CUST-1fa96aa9,SUB-2e1228ae,199.0,USD,Success,2025-10-27,Credit Card
TXN-dc0525d8,CUST-1fa96aa9,SUB-2e1228ae,199.0,USD,Success,2025-11-27,PayPal
TXN-91b9a181,CUST-1fa96aa9,SUB-2e1228ae,199.0,USD,Success,2025-12-27,PayPal
TXN-50c37ec0,CUST-1fa96aa9,SUB-2e1228ae,199.0,USD,Success,2026-01-27,Credit Card
TXN-45aad556,CUST-1fa96aa9,SUB-2e1228ae,199.0,USD,Success,2026-02-27,Wire Transfer
TXN-e347b40e,CUST-1fa96aa9,SUB-2e1228ae,199.0,USD,Success,2026-03-27,Credit Card
TXN-b2fcacca,CUST-1fa96aa9,SUB-2e1228ae,199.0,USD,Success,2026-04-27,Wire Transfer
TXN-f94c28df,CUST-804f4435,SUB-17f76cce,499.0,USD,Success,2025-02-27,PayPal
TXN-eaca0a3b,CUST-804f4435,SUB-17f76cce,499.0,USD,Success,2025-03-27,Wire Transfer
TXN-c0ca13e9,CUST-804f4435,SUB-17f76cce,499.0,USD,Success,2025-04-27,PayPal
TXN-e82ba0bd,CUST-804f4435,SUB-17f76cce,499.0,USD,Success,2025-05-27,Credit Card
TXN-92ac107f,CUST-804f4435,SUB-17f76cce,499.0,USD,Success,2025-06-27,Credit Card
TXN-99b9a9e3,CUST-804f4435,SUB-17f76cce,499.0,USD,Failed,2025-07-27,PayPal
TXN-3dddff4e,CUST-804f4435,SUB-17f76cce,499.0,USD,Success,2025-08-27,PayPal
TXN-7c799568,CUST-804f4435,SUB-17f76cce,499.0,USD,Success,2025-09-27,PayPal
TXN-4f697aa0,CUST-27644b58,SUB-edc17c1f,49.0,USD,Success,2024-09-25,Credit Card
TXN-f4ec3b34,CUST-27644b58,SUB-edc17c1f,49.0,USD,Success,2024-10-25,Credit Card
TXN-d2f23436,CUST-27644b58,SUB-edc17c1f,49.0,USD,Success,2024-11-25,Wire Transfer
TXN-d2c1a2a3,CUST-27644b58,SUB-edc17c1f,49.0,USD,Success,2024-12-25,PayPal
TXN-9811bada,CUST-27644b58,SUB-edc17c1f,49.0,USD,Failed,2025-01-25,Wire Transfer
TXN-51680387,CUST-27644b58,SUB-edc17c1f,49.0,USD,Success,2025-02-25,Credit Card
TXN-3c7668d8,CUST-27644b58,SUB-edc17c1f,49.0,USD,Success,2025-03-25,Wire Transfer
TXN-afb34dc2,CUST-27644b58,SUB-edc17c1f,49.0,USD,Success,2025-04-25,Wire Transfer
TXN-8a24e211,CUST-27644b58,SUB-edc17c1f,49.0,USD,Success,2025-05-25,Credit Card
TXN-a773f70b,CUST-27644b58,SUB-edc17c1f,49.0,USD,Success,2025-06-25,Credit Card
TXN-b9bc9a0d,CUST-27644b58,SUB-edc17c1f,49.0,USD,Success,2025-07-25,PayPal
TXN-2f06e45e,CUST-27644b58,SUB-edc17c1f,49.0,USD,Success,2025-08-25,Wire Transfer
TXN-51d9e928,CUST-27644b58,SUB-edc17c1f,49.0,USD,Success,2025-09-25,Credit Card
TXN-52e12af1,CUST-27644b58,SUB-edc17c1f,49.0,USD,Success,2025-10-25,Credit Card
TXN-dec564a3,CUST-27644b58,SUB-edc17c1f,49.0,USD,Success,2025-11-25,Wire Transfer
TXN-f7edc4be,CUST-27644b58,SUB-edc17c1f,49.0,USD,Success,2025-12-25,Credit Card
TXN-fa33a651,CUST-27644b58,SUB-edc17c1f,49.0,USD,Success,2026-01-25,PayPal
TXN-0007f284,CUST-27644b58,SUB-edc17c1f,49.0,USD,Success,2026-02-25,PayPal
TXN-e4d95c90,CUST-27644b58,SUB-edc17c1f,49.0,USD,Success,2026-03-25,Wire Transfer
TXN-85c64c66,CUST-27644b58,SUB-edc17c1f,49.0,USD,Success,2026-04-25,PayPal
TXN-63a5ef22,CUST-3ccd4730,SUB-4ab38a81,199.0,USD,Failed,2025-09-26,Credit Card
TXN-23612355,CUST-3ccd4730,SUB-4ab38a81,199.0,USD,Success,2025-10-26,Credit Card
TXN-da77d3bc,CUST-3ccd4730,SUB-4ab38a81,199.0,USD,Success,2025-11-26,Credit Card
TXN-aaeb8203,CUST-3ccd4730,SUB-4ab38a81,199.0,USD,Success,2025-12-26,Credit Card
TXN-8ddf372e,CUST-3ccd4730,SUB-4ab38a81,199.0,USD,Success,2026-01-26,Wire Transfer
TXN-c9b86bdd,CUST-3ccd4730,SUB-4ab38a81,199.0,USD,Success,2026-02-26,PayPal
TXN-86042edb,CUST-3ccd4730,SUB-4ab38a81,199.0,USD,Success,2026-03-26,PayPal
TXN-4a4288c6,CUST-3ccd4730,SUB-4ab38a81,199.0,USD,Success,2026-04-26,Credit Card
TXN-27da587e,CUST-bf5881bd,SUB-9810f8df,1999.0,USD,Success,2024-09-01,Wire Transfer
TXN-475b9abb,CUST-bf5881bd,SUB-9810f8df,1999.0,USD,Success,2024-10-01,Credit Card
TXN-99d4ac49,CUST-bf5881bd,SUB-9810f8df,1999.0,USD,Success,2024-11-01,Credit Card
TXN-d9b48528,CUST-bf5881bd,SUB-9810f8df,1999.0,USD,Success,2024-12-01,Wire Transfer
TXN-54d59b43,CUST-bf5881bd,SUB-9810f8df,1999.0,USD,Success,2025-01-01,Wire Transfer
TXN-45b294a4,CUST-bf5881bd,SUB-9810f8df,1999.0,USD,Success,2025-02-01,Credit Card
TXN-131de640,CUST-bf5881bd,SUB-9810f8df,1999.0,USD,Success,2025-03-01,PayPal
TXN-0214a105,CUST-bf5881bd,SUB-9810f8df,1999.0,USD,Success,2025-04-01,Credit Card
TXN-61b9eb0c,CUST-bf5881bd,SUB-9810f8df,1999.0,USD,Success,2025-05-01,PayPal
TXN-07453f54,CUST-bf5881bd,SUB-9810f8df,1999.0,USD,Success,2025-06-01,PayPal
TXN-28f59c53,CUST-bf5881bd,SUB-9810f8df,1999.0,USD,Failed,2025-07-01,Wire Transfer
TXN-870e2571,CUST-bf5881bd,SUB-9810f8df,1999.0,USD,Success,2025-08-01,Wire Transfer
TXN-bcfedb67,CUST-bf5881bd,SUB-9810f8df,1999.0,USD,Success,2025-09-01,Credit Card
TXN-8363f538,CUST-bf5881bd,SUB-9810f8df,1999.0,USD,Failed,2025-10-01,PayPal
TXN-90f378ed,CUST-bf5881bd,SUB-9810f8df,1999.0,USD,Success,2025-11-01,PayPal
TXN-21b6d5c5,CUST-bf5881bd,SUB-9810f8df,1999.0,USD,Success,2025-12-01,Credit Card
TXN-b55b10f0,CUST-bf5881bd,SUB-9810f8df,1999.0,USD,Success,2026-01-01,Credit Card
TXN-ece09be6,CUST-bf5881bd,SUB-9810f8df,1999.0,USD,Success,2026-02-01,Credit Card
TXN-2e023734,CUST-bf5881bd,SUB-9810f8df,1999.0,USD,Success,2026-03-01,Wire Transfer
TXN-2e1efe0d,CUST-bf5881bd,SUB-9810f8df,1999.0,USD,Success,2026-04-01,Credit Card
TXN-f570980e,CUST-bf5881bd,SUB-9810f8df,1999.0,USD,Success,2026-05-01,Credit Card
TXN-c4ddc81a,CUST-cf2a931b,SUB-7aff6a40,499.0,USD,Success,2025-06-23,PayPal
TXN-b77fa596,CUST-cf2a931b,SUB-7aff6a40,499.0,USD,Success,2025-07-23,Credit Card
TXN-edd51e8b,CUST-cf2a931b,SUB-7aff6a40,499.0,USD,Success,2025-08-23,PayPal
TXN-93a22ef5,CUST-cf2a931b,SUB-7aff6a40,499.0,USD,Success,2025-09-23,PayPal
TXN-5090725f,CUST-cf2a931b,SUB-7aff6a40,499.0,USD,Success,2025-10-23,Wire Transfer
TXN-700100ec,CUST-cf2a931b,SUB-7aff6a40,499.0,USD,Success,2025-11-23,Credit Card
TXN-28860c80,CUST-cf2a931b,SUB-7aff6a40,499.0,USD,Success,2025-12-23,Credit Card
TXN-2008384f,CUST-cf2a931b,SUB-7aff6a40,499.0,USD,Success,2026-01-23,PayPal
TXN-09a44f47,CUST-cf2a931b,SUB-7aff6a40,499.0,USD,Success,2026-02-23,Wire Transfer
TXN-650f8391,CUST-cf2a931b,SUB-7aff6a40,499.0,USD,Success,2026-03-23,Wire Transfer
TXN-3937ffc6,CUST-cf2a931b,SUB-7aff6a40,499.0,USD,Success,2026-04-23,Credit Card
TXN-23e86dab,CUST-fe01376b,SUB-2fe89cd9,199.0,USD,Refunded,2025-06-06,PayPal
TXN-830424fb,CUST-fe01376b,SUB-2fe89cd9,199.0,USD,Success,2025-07-06,Credit Card
TXN-1a493e8f,CUST-fe01376b,SUB-2fe89cd9,199.0,USD,Success,2025-08-06,Credit Card
TXN-5c36ddec,CUST-fe01376b,SUB-2fe89cd9,199.0,USD,Success,2025-09-06,Credit Card
TXN-fead370b,CUST-fe01376b,SUB-2fe89cd9,199.0,USD,Success,2025-10-06,Credit Card
TXN-22b5ebfd,CUST-fe01376b,SUB-2fe89cd9,199.0,USD,Success,2025-11-06,PayPal
TXN-d93ddea4,CUST-fe01376b,SUB-2fe89cd9,199.0,USD,Success,2025-12-06,Wire Transfer
TXN-6cda271f,CUST-fe01376b,SUB-2fe89cd9,199.0,USD,Success,2026-01-06,Credit Card
TXN-0dba5a0b,CUST-fe01376b,SUB-2fe89cd9,199.0,USD,Success,2026-02-06,Credit Card
TXN-c1a843d9,CUST-fe01376b,SUB-2fe89cd9,199.0,USD,Success,2026-03-06,Credit Card
TXN-a1844d07,CUST-fe01376b,SUB-2fe89cd9,199.0,USD,Success,2026-04-06,Credit Card
TXN-889267cc,CUST-fe01376b,SUB-2fe89cd9,199.0,USD,Success,2026-05-06,Wire Transfer
TXN-94e59cf9,CUST-b0b82b98,SUB-c485019c,199.0,USD,Success,2025-09-07,Wire Transfer
TXN-960f1080,CUST-b0b82b98,SUB-c485019c,199.0,USD,Success,2025-10-07,Wire Transfer
TXN-91aa7814,CUST-b0b82b98,SUB-c485019c,199.0,USD,Success,2025-11-07,Wire Transfer
TXN-1f914c91,CUST-b0b82b98,SUB-c485019c,199.0,USD,Success,2025-12-07,Credit Card
TXN-8f7d7d97,CUST-b0b82b98,SUB-c485019c,199.0,USD,Success,2026-01-07,PayPal
TXN-920b8f7d,CUST-b0b82b98,SUB-c485019c,199.0,USD,Success,2026-02-07,Wire Transfer
TXN-2ecc81c0,CUST-b0b82b98,SUB-c485019c,199.0,USD,Success,2026-03-07,Wire Transfer
TXN-2119450b,CUST-b0b82b98,SUB-c485019c,199.0,USD,Success,2026-04-07,Credit Card
TXN-4575fe7b,CUST-b0b82b98,SUB-c485019c,199.0,USD,Success,2026-05-07,Credit Card
TXN-e15826a8,CUST-e80c2c7e,SUB-f227a761,499.0,USD,Success,2024-11-09,Credit Card
TXN-a14b0b3b,CUST-e80c2c7e,SUB-f227a761,499.0,USD,Success,2024-12-09,Credit Card
TXN-f2a81143,CUST-e80c2c7e,SUB-f227a761,499.0,USD,Success,2025-01-09,PayPal
TXN-6d1f0104,CUST-e80c2c7e,SUB-f227a761,499.0,USD,Success,2025-02-09,PayPal
TXN-051c25a6,CUST-e80c2c7e,SUB-f227a761,499.0,USD,Success,2025-03-09,Wire Transfer
TXN-a711bb00,CUST-e80c2c7e,SUB-f227a761,499.0,USD,Success,2025-04-09,PayPal
TXN-08a1a450,CUST-e80c2c7e,SUB-f227a761,499.0,USD,Success,2025-05-09,Wire Transfer
TXN-0b01be69,CUST-e80c2c7e,SUB-f227a761,499.0,USD,Success,2025-06-09,Wire Transfer
TXN-7378492d,CUST-e80c2c7e,SUB-f227a761,499.0,USD,Success,2025-07-09,PayPal
TXN-6c9b11cf,CUST-e80c2c7e,SUB-f227a761,499.0,USD,Success,2025-08-09,Wire Transfer
TXN-56d132b8,CUST-e80c2c7e,SUB-f227a761,499.0,USD,Success,2025-09-09,Credit Card
TXN-6690186b,CUST-e80c2c7e,SUB-f227a761,499.0,USD,Success,2025-10-09,Wire Transfer
TXN-a06da83c,CUST-e80c2c7e,SUB-f227a761,499.0,USD,Success,2025-11-09,Credit Card
TXN-368a20a7,CUST-e80c2c7e,SUB-f227a761,499.0,USD,Success,2025-12-09,PayPal
TXN-240058a9,CUST-e80c2c7e,SUB-f227a761,499.0,USD,Success,2026-01-09,PayPal
TXN-83a8da85,CUST-e80c2c7e,SUB-f227a761,499.0,USD,Success,2026-02-09,Wire Transfer
TXN-d358b3cc,CUST-e80c2c7e,SUB-f227a761,499.0,USD,Success,2026-03-09,Credit Card
TXN-ae6c36e1,CUST-e80c2c7e,SUB-f227a761,499.0,USD,Success,2026-04-09,Wire Transfer
TXN-c104214b,CUST-56299b2b,SUB-697c5219,199.0,USD,Success,2024-10-08,PayPal
TXN-9cc83db2,CUST-56299b2b,SUB-697c5219,199.0,USD,Refunded,2024-11-08,Wire Transfer
TXN-96a2936e,CUST-56299b2b,SUB-697c5219,199.0,USD,Success,2024-12-08,Wire Transfer
TXN-9027e142,CUST-56299b2b,SUB-697c5219,199.0,USD,Success,2025-01-08,Credit Card
TXN-b23f92fd,CUST-56299b2b,SUB-697c5219,199.0,USD,Success,2025-02-08,PayPal
TXN-79027dcc,CUST-56299b2b,SUB-697c5219,199.0,USD,Success,2025-03-08,Wire Transfer
TXN-7d4e9c9c,CUST-56299b2b,SUB-697c5219,199.0,USD,Success,2025-04-08,Credit Card
TXN-8f923448,CUST-56299b2b,SUB-697c5219,199.0,USD,Success,2025-05-08,Wire Transfer
TXN-d0a0ab62,CUST-56299b2b,SUB-697c5219,199.0,USD,Success,2025-06-08,Credit Card
TXN-89df85d8,CUST-56299b2b,SUB-697c5219,199.0,USD,Success,2025-07-08,Credit Card
TXN-0753a9a8,CUST-56299b2b,SUB-697c5219,199.0,USD,Success,2025-08-08,Wire Transfer
TXN-e171a309,CUST-56299b2b,SUB-697c5219,199.0,USD,Success,2025-09-08,PayPal
TXN-eb48f0ea,CUST-56299b2b,SUB-697c5219,199.0,USD,Success,2025-10-08,PayPal
TXN-2c378200,CUST-56299b2b,SUB-697c5219,199.0,USD,Success,2025-11-08,Credit Card
TXN-7387ac23,CUST-56299b2b,SUB-697c5219,199.0,USD,Success,2025-12-08,PayPal
TXN-4229a69f,CUST-62fd3da4,SUB-2502a3f9,49.0,USD,Success,2024-12-28,Credit Card
TXN-b1a37ad5,CUST-62fd3da4,SUB-2502a3f9,49.0,USD,Success,2025-01-28,PayPal
TXN-248781be,CUST-62fd3da4,SUB-2502a3f9,49.0,USD,Success,2025-02-28,Wire Transfer
TXN-a9680a75,CUST-62fd3da4,SUB-2502a3f9,49.0,USD,Success,2025-03-28,PayPal
TXN-52451c21,CUST-62fd3da4,SUB-2502a3f9,49.0,USD,Success,2025-04-28,Credit Card
TXN-b5141d1f,CUST-62fd3da4,SUB-2502a3f9,49.0,USD,Success,2025-05-28,Credit Card
TXN-d442a168,CUST-62fd3da4,SUB-2502a3f9,49.0,USD,Success,2025-06-28,PayPal
TXN-521f5202,CUST-62fd3da4,SUB-2502a3f9,49.0,USD,Success,2025-07-28,Wire Transfer
TXN-92370397,CUST-62fd3da4,SUB-2502a3f9,49.0,USD,Success,2025-08-28,Credit Card
TXN-c3f6a188,CUST-62fd3da4,SUB-2502a3f9,49.0,USD,Success,2025-09-28,Credit Card
TXN-61a25ed4,CUST-62fd3da4,SUB-2502a3f9,49.0,USD,Success,2025-10-28,Credit Card
TXN-876bc497,CUST-62fd3da4,SUB-2502a3f9,49.0,USD,Success,2025-11-28,Credit Card
TXN-6bbaf214,CUST-62fd3da4,SUB-2502a3f9,49.0,USD,Success,2025-12-28,Credit Card
TXN-3611a6d3,CUST-62fd3da4,SUB-2502a3f9,49.0,USD,Success,2026-01-28,Wire Transfer
TXN-9674b157,CUST-62fd3da4,SUB-2502a3f9,49.0,USD,Success,2026-02-28,PayPal
TXN-66991be8,CUST-62fd3da4,SUB-2502a3f9,49.0,USD,Success,2026-03-28,Wire Transfer
TXN-c08a8375,CUST-62fd3da4,SUB-2502a3f9,49.0,USD,Success,2026-04-28,Wire Transfer
TXN-33d67752,CUST-f2f6554f,SUB-d48ea820,49.0,USD,Success,2026-03-06,Credit Card
TXN-ef5e80fa,CUST-f2f6554f,SUB-d48ea820,49.0,USD,Success,2026-04-06,Wire Transfer
TXN-876a59f0,CUST-d5bd68d9,SUB-3dfe1fec,499.0,USD,Success,2025-06-25,Credit Card
TXN-c6db344e,CUST-d5bd68d9,SUB-3dfe1fec,499.0,USD,Success,2025-07-25,Wire Transfer
TXN-c5ff299b,CUST-d5bd68d9,SUB-3dfe1fec,499.0,USD,Success,2025-08-25,Credit Card
TXN-8e3cf3e7,CUST-d5bd68d9,SUB-3dfe1fec,499.0,USD,Success,2025-09-25,Credit Card
TXN-35718974,CUST-d5bd68d9,SUB-3dfe1fec,499.0,USD,Success,2025-10-25,Wire Transfer
TXN-05c74e80,CUST-d5bd68d9,SUB-3dfe1fec,499.0,USD,Success,2025-11-25,Wire Transfer
TXN-a195ed4f,CUST-d5bd68d9,SUB-3dfe1fec,499.0,USD,Success,2025-12-25,PayPal
TXN-9ecf375c,CUST-d5bd68d9,SUB-3dfe1fec,499.0,USD,Failed,2026-01-25,PayPal
TXN-242c91a2,CUST-d5bd68d9,SUB-3dfe1fec,499.0,USD,Success,2026-02-25,PayPal
TXN-13101301,CUST-d5bd68d9,SUB-3dfe1fec,499.0,USD,Success,2026-03-25,Wire Transfer
TXN-1dab2c3a,CUST-d5bd68d9,SUB-3dfe1fec,499.0,USD,Success,2026-04-25,Wire Transfer
TXN-e6c52b47,CUST-96849b79,SUB-c44e1dd4,49.0,USD,Success,2024-06-27,Credit Card
TXN-6a9ada79,CUST-96849b79,SUB-c44e1dd4,49.0,USD,Success,2024-07-27,PayPal
TXN-9d29a41f,CUST-96849b79,SUB-c44e1dd4,49.0,USD,Success,2024-08-27,Credit Card
TXN-aec333c6,CUST-96849b79,SUB-c44e1dd4,49.0,USD,Success,2024-09-27,Credit Card
TXN-5754aa4e,CUST-96849b79,SUB-c44e1dd4,49.0,USD,Success,2024-10-27,Credit Card
TXN-dc5c3ea9,CUST-96849b79,SUB-c44e1dd4,49.0,USD,Success,2024-11-27,Credit Card
TXN-de536cca,CUST-96849b79,SUB-c44e1dd4,49.0,USD,Success,2024-12-27,PayPal
TXN-daa4a7ca,CUST-96849b79,SUB-c44e1dd4,49.0,USD,Success,2025-01-27,Credit Card
TXN-402dde7f,CUST-96849b79,SUB-c44e1dd4,49.0,USD,Success,2025-02-27,Wire Transfer
TXN-f8f579b5,CUST-96849b79,SUB-c44e1dd4,49.0,USD,Success,2025-03-27,Wire Transfer
TXN-a86af6c1,CUST-96849b79,SUB-c44e1dd4,49.0,USD,Success,2025-04-27,Wire Transfer
TXN-1cb77696,CUST-96849b79,SUB-c44e1dd4,49.0,USD,Success,2025-05-27,PayPal
TXN-cd76361c,CUST-96849b79,SUB-c44e1dd4,49.0,USD,Success,2025-06-27,Credit Card
TXN-ae348377,CUST-96849b79,SUB-c44e1dd4,49.0,USD,Success,2025-07-27,PayPal
TXN-f5bd3455,CUST-96849b79,SUB-c44e1dd4,49.0,USD,Success,2025-08-27,Credit Card
TXN-33fc4e81,CUST-628cd4da,SUB-06d606f3,499.0,USD,Success,2026-04-05,PayPal
TXN-a4b2be23,CUST-628cd4da,SUB-06d606f3,499.0,USD,Success,2026-05-05,PayPal
TXN-635a406f,CUST-22b39974,SUB-f3476a73,49.0,USD,Failed,2025-10-28,Credit Card
TXN-3defe8da,CUST-22b39974,SUB-f3476a73,49.0,USD,Success,2025-11-28,PayPal
TXN-9e478146,CUST-22b39974,SUB-f3476a73,49.0,USD,Success,2025-12-28,Credit Card
TXN-0b41b4d6,CUST-22b39974,SUB-f3476a73,49.0,USD,Success,2026-01-28,Wire Transfer
TXN-b24052cb,CUST-22b39974,SUB-f3476a73,49.0,USD,Success,2026-02-28,Wire Transfer
TXN-224f83fb,CUST-22b39974,SUB-f3476a73,49.0,USD,Success,2026-03-28,Wire Transfer
TXN-76080c99,CUST-22b39974,SUB-f3476a73,49.0,USD,Success,2026-04-28,PayPal
TXN-eb075168,CUST-48d1892b,SUB-42df343a,199.0,USD,Success,2025-05-14,Wire Transfer
TXN-3030f9fa,CUST-48d1892b,SUB-42df343a,199.0,USD,Success,2025-06-14,Credit Card
TXN-e7b72a28,CUST-48d1892b,SUB-42df343a,199.0,USD,Failed,2025-07-14,Wire Transfer
TXN-c50da1ea,CUST-48d1892b,SUB-42df343a,199.0,USD,Success,2025-08-14,Wire Transfer
TXN-f6269c55,CUST-48d1892b,SUB-42df343a,199.0,USD,Success,2025-09-14,PayPal
TXN-45499a12,CUST-48d1892b,SUB-42df343a,199.0,USD,Success,2025-10-14,Credit Card
TXN-de8c9745,CUST-86c4effe,SUB-37ef28e4,49.0,USD,Success,2025-12-19,PayPal
TXN-2532b6a4,CUST-86c4effe,SUB-37ef28e4,49.0,USD,Success,2026-01-19,PayPal
TXN-c0e72036,CUST-86c4effe,SUB-37ef28e4,49.0,USD,Success,2026-02-19,Credit Card
TXN-f392ef9e,CUST-86c4effe,SUB-37ef28e4,49.0,USD,Success,2026-03-19,PayPal
TXN-8991dce9,CUST-86c4effe,SUB-37ef28e4,49.0,USD,Success,2026-04-19,Credit Card
TXN-35c1e5c4,CUST-07a7485b,SUB-70be1545,49.0,USD,Success,2026-01-09,Wire Transfer
TXN-35b25bea,CUST-07a7485b,SUB-70be1545,49.0,USD,Success,2026-02-09,Credit Card
TXN-697d7457,CUST-75e23e92,SUB-94e1085a,1999.0,USD,Success,2025-03-31,Credit Card
TXN-adad5d52,CUST-75e23e92,SUB-94e1085a,1999.0,USD,Success,2025-04-30,Credit Card
TXN-221d0430,CUST-75e23e92,SUB-94e1085a,1999.0,USD,Success,2025-05-30,PayPal
TXN-e05e693f,CUST-75e23e92,SUB-94e1085a,1999.0,USD,Success,2025-06-30,Credit Card
TXN-58c006ab,CUST-75e23e92,SUB-94e1085a,1999.0,USD,Success,2025-07-30,Credit Card
TXN-4ced8523,CUST-75e23e92,SUB-94e1085a,1999.0,USD,Failed,2025-08-30,Credit Card
TXN-628f1d79,CUST-75e23e92,SUB-94e1085a,1999.0,USD,Success,2025-09-30,Wire Transfer
TXN-8940d0a3,CUST-75e23e92,SUB-94e1085a,1999.0,USD,Success,2025-10-30,Credit Card
TXN-510e4005,CUST-75e23e92,SUB-94e1085a,1999.0,USD,Success,2025-11-30,PayPal
TXN-0691431c,CUST-75e23e92,SUB-94e1085a,1999.0,USD,Success,2025-12-30,Credit Card
TXN-32218b38,CUST-75e23e92,SUB-94e1085a,1999.0,USD,Success,2026-01-30,Credit Card
TXN-20f74f0d,CUST-75e23e92,SUB-94e1085a,1999.0,USD,Success,2026-02-28,Wire Transfer
TXN-32a82517,CUST-75e23e92,SUB-94e1085a,1999.0,USD,Success,2026-03-28,Credit Card
TXN-13193773,CUST-75e23e92,SUB-94e1085a,1999.0,USD,Success,2026-04-28,PayPal
TXN-21886315,CUST-ea632e89,SUB-0ac59e3d,499.0,USD,Success,2025-11-26,Credit Card
TXN-4eb48a9f,CUST-ea632e89,SUB-0ac59e3d,499.0,USD,Success,2025-12-26,PayPal
TXN-af9e4122,CUST-ea632e89,SUB-0ac59e3d,499.0,USD,Success,2026-01-26,Wire Transfer
TXN-794468e5,CUST-ea632e89,SUB-0ac59e3d,499.0,USD,Success,2026-02-26,Credit Card
TXN-05df4253,CUST-ea632e89,SUB-0ac59e3d,499.0,USD,Success,2026-03-26,Wire Transfer
TXN-0e96f20a,CUST-ea632e89,SUB-0ac59e3d,499.0,USD,Success,2026-04-26,Credit Card
TXN-ef64e88f,CUST-9cca550c,SUB-9cabf433,199.0,USD,Success,2025-09-06,PayPal
TXN-9b8566fb,CUST-9cca550c,SUB-9cabf433,199.0,USD,Success,2025-10-06,Wire Transfer
TXN-71c27366,CUST-9cca550c,SUB-9cabf433,199.0,USD,Success,2025-11-06,Credit Card
TXN-7ad1388d,CUST-9cca550c,SUB-9cabf433,199.0,USD,Success,2025-12-06,PayPal
TXN-c75b9eec,CUST-9cca550c,SUB-9cabf433,199.0,USD,Success,2026-01-06,Wire Transfer
TXN-57b57c96,CUST-9cca550c,SUB-9cabf433,199.0,USD,Success,2026-02-06,Credit Card
TXN-376b0b34,CUST-9cca550c,SUB-9cabf433,199.0,USD,Success,2026-03-06,Wire Transfer
TXN-c5e62644,CUST-9cca550c,SUB-9cabf433,199.0,USD,Success,2026-04-06,Credit Card
TXN-f86fe1c0,CUST-9cca550c,SUB-9cabf433,199.0,USD,Success,2026-05-06,PayPal
TXN-d3576214,CUST-2817d8ed,SUB-cbeb2a76,199.0,USD,Success,2025-05-22,PayPal
TXN-dbf3713b,CUST-2817d8ed,SUB-cbeb2a76,199.0,USD,Failed,2025-06-22,Wire Transfer
TXN-63ffbc9d,CUST-2817d8ed,SUB-cbeb2a76,199.0,USD,Success,2025-07-22,Wire Transfer
TXN-8c739389,CUST-2817d8ed,SUB-cbeb2a76,199.0,USD,Success,2025-08-22,Credit Card
TXN-aa171749,CUST-2817d8ed,SUB-cbeb2a76,199.0,USD,Success,2025-09-22,PayPal
TXN-73ecb054,CUST-a1d1e3f9,SUB-7187b168,199.0,USD,Success,2025-06-14,Credit Card
TXN-5a048657,CUST-a1d1e3f9,SUB-7187b168,199.0,USD,Success,2025-07-14,PayPal
TXN-7eb9c497,CUST-a1d1e3f9,SUB-7187b168,199.0,USD,Success,2025-08-14,Wire Transfer
TXN-73b0e6b9,CUST-a1d1e3f9,SUB-7187b168,199.0,USD,Failed,2025-09-14,Credit Card
TXN-b439a8d2,CUST-a1d1e3f9,SUB-7187b168,199.0,USD,Success,2025-10-14,Credit Card
TXN-ae5a50ad,CUST-a1d1e3f9,SUB-7187b168,199.0,USD,Success,2025-11-14,PayPal
TXN-5ce05831,CUST-a1d1e3f9,SUB-7187b168,199.0,USD,Success,2025-12-14,PayPal
TXN-05f21317,CUST-a1d1e3f9,SUB-7187b168,199.0,USD,Success,2026-01-14,PayPal
TXN-f0760f65,CUST-a1d1e3f9,SUB-7187b168,199.0,USD,Success,2026-02-14,Wire Transfer
TXN-305ecbc3,CUST-a1d1e3f9,SUB-7187b168,199.0,USD,Success,2026-03-14,Credit Card
TXN-f681a4fc,CUST-a1d1e3f9,SUB-7187b168,199.0,USD,Success,2026-04-14,PayPal
TXN-da624efc,CUST-4f6c98a1,SUB-9b7384c0,199.0,USD,Success,2024-07-07,Wire Transfer
TXN-7ff4e400,CUST-4f6c98a1,SUB-9b7384c0,199.0,USD,Success,2024-08-07,PayPal
TXN-9b336d85,CUST-4f6c98a1,SUB-9b7384c0,199.0,USD,Success,2024-09-07,Credit Card
TXN-f19ff208,CUST-4f6c98a1,SUB-9b7384c0,199.0,USD,Success,2024-10-07,PayPal
TXN-d50f5474,CUST-4f6c98a1,SUB-9b7384c0,199.0,USD,Success,2024-11-07,Credit Card
TXN-80217052,CUST-4f6c98a1,SUB-9b7384c0,199.0,USD,Success,2024-12-07,Wire Transfer
TXN-8a74707b,CUST-4f6c98a1,SUB-9b7384c0,199.0,USD,Refunded,2025-01-07,Wire Transfer
TXN-d5cbefa0,CUST-4f6c98a1,SUB-9b7384c0,199.0,USD,Success,2025-02-07,PayPal
TXN-c084d626,CUST-4f6c98a1,SUB-9b7384c0,199.0,USD,Success,2025-03-07,Credit Card
TXN-0aec28ee,CUST-4f6c98a1,SUB-9b7384c0,199.0,USD,Success,2025-04-07,Credit Card
TXN-3ffd1332,CUST-4f6c98a1,SUB-9b7384c0,199.0,USD,Success,2025-05-07,Credit Card
TXN-a1eb1cad,CUST-4f6c98a1,SUB-9b7384c0,199.0,USD,Success,2025-06-07,PayPal
TXN-6396b91b,CUST-4f6c98a1,SUB-9b7384c0,199.0,USD,Success,2025-07-07,Credit Card
TXN-c9795064,CUST-4f6c98a1,SUB-9b7384c0,199.0,USD,Success,2025-08-07,Credit Card
TXN-fd3cfe45,CUST-4f6c98a1,SUB-9b7384c0,199.0,USD,Success,2025-09-07,Credit Card
TXN-b716765b,CUST-4f6c98a1,SUB-9b7384c0,199.0,USD,Success,2025-10-07,Credit Card
TXN-f6e29490,CUST-4f6c98a1,SUB-9b7384c0,199.0,USD,Success,2025-11-07,PayPal
TXN-c65e90d6,CUST-4f6c98a1,SUB-9b7384c0,199.0,USD,Success,2025-12-07,PayPal
TXN-cfd259fa,CUST-4f6c98a1,SUB-9b7384c0,199.0,USD,Success,2026-01-07,Credit Card
TXN-9773fc5a,CUST-4f6c98a1,SUB-9b7384c0,199.0,USD,Success,2026-02-07,Credit Card
TXN-bf10c0e6,CUST-4f6c98a1,SUB-9b7384c0,199.0,USD,Success,2026-03-07,Wire Transfer
TXN-bf8192ec,CUST-4f6c98a1,SUB-9b7384c0,199.0,USD,Success,2026-04-07,Wire Transfer
TXN-662c837d,CUST-4f6c98a1,SUB-9b7384c0,199.0,USD,Success,2026-05-07,Credit Card
TXN-6369eb81,CUST-57aefdfb,SUB-31bf8529,199.0,USD,Success,2025-11-01,Credit Card
TXN-768a8c63,CUST-57aefdfb,SUB-31bf8529,199.0,USD,Success,2025-12-01,Wire Transfer
TXN-8ef77eed,CUST-57aefdfb,SUB-31bf8529,199.0,USD,Success,2026-01-01,Wire Transfer
TXN-16598029,CUST-57aefdfb,SUB-31bf8529,199.0,USD,Success,2026-02-01,Credit Card
TXN-de122ee0,CUST-06fbc1ae,SUB-2e05fe2d,49.0,USD,Success,2026-02-25,PayPal
TXN-8168db82,CUST-06fbc1ae,SUB-2e05fe2d,49.0,USD,Success,2026-03-25,PayPal
TXN-d1bf8bd1,CUST-7fec0314,SUB-af74a8fe,199.0,USD,Success,2025-02-03,Credit Card
TXN-a69c0e4e,CUST-7fec0314,SUB-af74a8fe,199.0,USD,Success,2025-03-03,Credit Card
TXN-4c605f7c,CUST-7fec0314,SUB-af74a8fe,199.0,USD,Success,2025-04-03,Wire Transfer
TXN-b0d8b073,CUST-7fec0314,SUB-af74a8fe,199.0,USD,Success,2025-05-03,Wire Transfer
TXN-1f32eaf5,CUST-7fec0314,SUB-af74a8fe,199.0,USD,Success,2025-06-03,PayPal
TXN-d699e42f,CUST-7fec0314,SUB-af74a8fe,199.0,USD,Success,2025-07-03,Credit Card
TXN-c6feaac6,CUST-7fec0314,SUB-af74a8fe,199.0,USD,Success,2025-08-03,Wire Transfer
TXN-780adf1f,CUST-7fec0314,SUB-af74a8fe,199.0,USD,Success,2025-09-03,PayPal
TXN-94aba744,CUST-7fec0314,SUB-af74a8fe,199.0,USD,Success,2025-10-03,PayPal
TXN-ebf84f76,CUST-7fec0314,SUB-af74a8fe,199.0,USD,Success,2025-11-03,PayPal
TXN-0986d40d,CUST-7fec0314,SUB-af74a8fe,199.0,USD,Success,2025-12-03,Wire Transfer
TXN-ca674e4f,CUST-7fec0314,SUB-af74a8fe,199.0,USD,Success,2026-01-03,Wire Transfer
TXN-1e19c674,CUST-7fec0314,SUB-af74a8fe,199.0,USD,Success,2026-02-03,Credit Card
TXN-af14e843,CUST-7fec0314,SUB-af74a8fe,199.0,USD,Success,2026-03-03,Credit Card
TXN-93e9b049,CUST-7fec0314,SUB-af74a8fe,199.0,USD,Success,2026-04-03,PayPal
TXN-d3f78ca3,CUST-7fec0314,SUB-af74a8fe,199.0,USD,Success,2026-05-03,PayPal
TXN-1b3b8948,CUST-84b99c11,SUB-00fe1f33,499.0,USD,Success,2026-02-06,Wire Transfer
TXN-5d5d7919,CUST-84b99c11,SUB-00fe1f33,499.0,USD,Success,2026-03-06,Wire Transfer
TXN-347816fd,CUST-84b99c11,SUB-00fe1f33,499.0,USD,Success,2026-04-06,Credit Card
TXN-1bc37df0,CUST-84b99c11,SUB-00fe1f33,499.0,USD,Success,2026-05-06,Credit Card
TXN-8c33d633,CUST-299705d5,SUB-eac2a099,1999.0,USD,Success,2025-05-01,Credit Card
TXN-976f7459,CUST-299705d5,SUB-eac2a099,1999.0,USD,Success,2025-06-01,Wire Transfer
TXN-f17afab8,CUST-299705d5,SUB-eac2a099,1999.0,USD,Failed,2025-07-01,PayPal
TXN-1468b2bc,CUST-299705d5,SUB-eac2a099,1999.0,USD,Success,2025-08-01,Credit Card
TXN-476f01b4,CUST-299705d5,SUB-eac2a099,1999.0,USD,Success,2025-09-01,Credit Card
TXN-e812fbda,CUST-299705d5,SUB-eac2a099,1999.0,USD,Success,2025-10-01,Wire Transfer
TXN-6ac16950,CUST-299705d5,SUB-eac2a099,1999.0,USD,Refunded,2025-11-01,Credit Card
TXN-9398f77b,CUST-299705d5,SUB-eac2a099,1999.0,USD,Success,2025-12-01,PayPal
TXN-b8afaa69,CUST-299705d5,SUB-eac2a099,1999.0,USD,Success,2026-01-01,Wire Transfer
TXN-960c4d56,CUST-299705d5,SUB-eac2a099,1999.0,USD,Success,2026-02-01,Credit Card
TXN-acdae32c,CUST-299705d5,SUB-eac2a099,1999.0,USD,Success,2026-03-01,Credit Card
TXN-8eb57a66,CUST-299705d5,SUB-eac2a099,1999.0,USD,Success,2026-04-01,Wire Transfer
TXN-c18c4e19,CUST-299705d5,SUB-eac2a099,1999.0,USD,Success,2026-05-01,Wire Transfer
TXN-f0d119d0,CUST-87e4f350,SUB-1749a3b4,49.0,USD,Success,2024-09-29,Credit Card
TXN-3f9a1f6f,CUST-87e4f350,SUB-1749a3b4,49.0,USD,Success,2024-10-29,PayPal
TXN-bdefd2bf,CUST-87e4f350,SUB-1749a3b4,49.0,USD,Success,2024-11-29,Wire Transfer
TXN-5e5fa00b,CUST-87e4f350,SUB-1749a3b4,49.0,USD,Success,2024-12-29,PayPal
TXN-aa307470,CUST-87e4f350,SUB-1749a3b4,49.0,USD,Success,2025-01-29,Credit Card
TXN-cc564b1c,CUST-87e4f350,SUB-1749a3b4,49.0,USD,Success,2025-02-28,PayPal
TXN-9e82174c,CUST-87e4f350,SUB-1749a3b4,49.0,USD,Success,2025-03-28,Credit Card
TXN-3e35de4b,CUST-87e4f350,SUB-1749a3b4,49.0,USD,Success,2025-04-28,Credit Card
TXN-903d7860,CUST-87e4f350,SUB-1749a3b4,49.0,USD,Failed,2025-05-28,Credit Card
TXN-ba72094b,CUST-87e4f350,SUB-1749a3b4,49.0,USD,Success,2025-06-28,Credit Card
TXN-0119d6e1,CUST-87e4f350,SUB-1749a3b4,49.0,USD,Success,2025-07-28,PayPal
TXN-640a2d0f,CUST-87e4f350,SUB-1749a3b4,49.0,USD,Success,2025-08-28,Credit Card
TXN-a453d03a,CUST-87e4f350,SUB-1749a3b4,49.0,USD,Success,2025-09-28,Credit Card
TXN-87e574bf,CUST-87e4f350,SUB-1749a3b4,49.0,USD,Success,2025-10-28,PayPal
TXN-0b0e7389,CUST-87e4f350,SUB-1749a3b4,49.0,USD,Success,2025-11-28,Wire Transfer
TXN-7155625c,CUST-87e4f350,SUB-1749a3b4,49.0,USD,Success,2025-12-28,PayPal
TXN-25299be6,CUST-87e4f350,SUB-1749a3b4,49.0,USD,Success,2026-01-28,PayPal
TXN-abf140d8,CUST-87e4f350,SUB-1749a3b4,49.0,USD,Success,2026-02-28,PayPal
TXN-5872dc32,CUST-87e4f350,SUB-1749a3b4,49.0,USD,Success,2026-03-28,Credit Card
TXN-3dc46609,CUST-87e4f350,SUB-1749a3b4,49.0,USD,Success,2026-04-28,Credit Card
TXN-11bcee10,CUST-fb1f3629,SUB-f981c942,499.0,USD,Success,2025-03-26,Credit Card
TXN-46a933c1,CUST-fb1f3629,SUB-f981c942,499.0,USD,Success,2025-04-26,Wire Transfer
TXN-441b8e12,CUST-fb1f3629,SUB-f981c942,499.0,USD,Success,2025-05-26,Credit Card
TXN-b7d88e8c,CUST-fb1f3629,SUB-f981c942,499.0,USD,Success,2025-06-26,Wire Transfer
TXN-2eb86f44,CUST-fb1f3629,SUB-f981c942,499.0,USD,Success,2025-07-26,Credit Card
TXN-91ac5c7e,CUST-fb1f3629,SUB-f981c942,499.0,USD,Success,2025-08-26,PayPal
TXN-37671b14,CUST-fb1f3629,SUB-f981c942,499.0,USD,Success,2025-09-26,Credit Card
TXN-a00119ef,CUST-fb1f3629,SUB-f981c942,499.0,USD,Success,2025-10-26,Wire Transfer
TXN-dc7f2f9e,CUST-fb1f3629,SUB-f981c942,499.0,USD,Success,2025-11-26,Wire Transfer
TXN-9cfd98dd,CUST-fb1f3629,SUB-f981c942,499.0,USD,Success,2025-12-26,Credit Card
TXN-63d49272,CUST-fb1f3629,SUB-f981c942,499.0,USD,Success,2026-01-26,PayPal
TXN-937f81e3,CUST-fb1f3629,SUB-f981c942,499.0,USD,Success,2026-02-26,Credit Card
TXN-7f30d9b8,CUST-fb1f3629,SUB-f981c942,499.0,USD,Success,2026-03-26,Credit Card
TXN-6965d4f5,CUST-fb1f3629,SUB-f981c942,499.0,USD,Success,2026-04-26,Credit Card
TXN-02dfd9bf,CUST-fadf25a9,SUB-8e6d72f7,199.0,USD,Success,2026-01-23,PayPal
TXN-36359b04,CUST-fadf25a9,SUB-8e6d72f7,199.0,USD,Success,2026-02-23,Wire Transfer
TXN-22e5d476,CUST-fadf25a9,SUB-8e6d72f7,199.0,USD,Failed,2026-03-23,PayPal
TXN-ad2e978e,CUST-5486f46d,SUB-a0f2e4b4,199.0,USD,Success,2025-12-29,Wire Transfer
TXN-6fd1664f,CUST-5486f46d,SUB-a0f2e4b4,199.0,USD,Success,2026-01-29,Wire Transfer
TXN-a2db3096,CUST-5486f46d,SUB-a0f2e4b4,199.0,USD,Success,2026-02-28,Wire Transfer
TXN-19d68855,CUST-5486f46d,SUB-a0f2e4b4,199.0,USD,Success,2026-03-28,PayPal
TXN-6c4ff637,CUST-5486f46d,SUB-a0f2e4b4,199.0,USD,Success,2026-04-28,Credit Card
TXN-596dd595,CUST-78dc0311,SUB-2a0a980a,49.0,USD,Success,2026-03-29,Credit Card
TXN-6fd71e6c,CUST-78dc0311,SUB-2a0a980a,49.0,USD,Success,2026-04-29,Credit Card
TXN-49ccde6c,CUST-ee8b1c4a,SUB-c480c6b2,199.0,USD,Success,2026-04-16,Credit Card
TXN-ef4c12f0,CUST-f0453c1b,SUB-c1881592,49.0,USD,Success,2026-02-01,Credit Card
TXN-dfc3fd32,CUST-f0453c1b,SUB-c1881592,49.0,USD,Success,2026-03-01,PayPal
TXN-59b4446e,CUST-f0453c1b,SUB-c1881592,49.0,USD,Failed,2026-04-01,PayPal
TXN-9271543c,CUST-f0453c1b,SUB-c1881592,49.0,USD,Failed,2026-05-01,PayPal
TXN-92660288,CUST-e9a5c8ea,SUB-1c3a11ff,49.0,USD,Success,2024-07-16,PayPal
TXN-7717c718,CUST-e9a5c8ea,SUB-1c3a11ff,49.0,USD,Success,2024-08-16,PayPal
TXN-435b75e1,CUST-e9a5c8ea,SUB-1c3a11ff,49.0,USD,Success,2024-09-16,PayPal
TXN-f6a78df4,CUST-e9a5c8ea,SUB-1c3a11ff,49.0,USD,Success,2024-10-16,PayPal
TXN-941b3dd6,CUST-e9a5c8ea,SUB-1c3a11ff,49.0,USD,Success,2024-11-16,Credit Card
TXN-225d8fa1,CUST-e9a5c8ea,SUB-1c3a11ff,49.0,USD,Refunded,2024-12-16,Wire Transfer
TXN-f8c5acb8,CUST-e9a5c8ea,SUB-1c3a11ff,49.0,USD,Success,2025-01-16,PayPal
TXN-b66a5b72,CUST-e9a5c8ea,SUB-1c3a11ff,49.0,USD,Success,2025-02-16,Wire Transfer
TXN-c1fda168,CUST-e9a5c8ea,SUB-1c3a11ff,49.0,USD,Success,2025-03-16,PayPal
TXN-79e15ead,CUST-e9a5c8ea,SUB-1c3a11ff,49.0,USD,Success,2025-04-16,PayPal
TXN-c3af0f87,CUST-e9a5c8ea,SUB-1c3a11ff,49.0,USD,Success,2025-05-16,Credit Card
TXN-44960a4c,CUST-e9a5c8ea,SUB-1c3a11ff,49.0,USD,Success,2025-06-16,Wire Transfer
TXN-17b0cf01,CUST-e9a5c8ea,SUB-1c3a11ff,49.0,USD,Success,2025-07-16,Credit Card
TXN-8b0483b9,CUST-e9a5c8ea,SUB-1c3a11ff,49.0,USD,Success,2025-08-16,Credit Card
TXN-62f8160f,CUST-e9a5c8ea,SUB-1c3a11ff,49.0,USD,Success,2025-09-16,Wire Transfer
TXN-44c8e5bc,CUST-e9a5c8ea,SUB-1c3a11ff,49.0,USD,Success,2025-10-16,Credit Card
TXN-021ffb04,CUST-e9a5c8ea,SUB-1c3a11ff,49.0,USD,Success,2025-11-16,PayPal
TXN-66b34324,CUST-e9a5c8ea,SUB-1c3a11ff,49.0,USD,Success,2025-12-16,PayPal
TXN-be5dd301,CUST-e9a5c8ea,SUB-1c3a11ff,49.0,USD,Success,2026-01-16,PayPal
TXN-9cd47676,CUST-e9a5c8ea,SUB-1c3a11ff,49.0,USD,Success,2026-02-16,PayPal
TXN-ef51ee53,CUST-e9a5c8ea,SUB-1c3a11ff,49.0,USD,Failed,2026-03-16,PayPal
TXN-ce9b62ef,CUST-e9a5c8ea,SUB-1c3a11ff,49.0,USD,Success,2026-04-16,Credit Card
TXN-38ea36ac,CUST-de23afff,SUB-518e201f,499.0,USD,Success,2025-04-29,Credit Card
TXN-a3b6be5b,CUST-de23afff,SUB-518e201f,499.0,USD,Success,2025-05-29,PayPal
TXN-8d4e3799,CUST-de23afff,SUB-518e201f,499.0,USD,Success,2025-06-29,PayPal
TXN-f25fa890,CUST-de23afff,SUB-518e201f,499.0,USD,Success,2025-07-29,Credit Card
TXN-85e833f8,CUST-de23afff,SUB-518e201f,499.0,USD,Success,2025-08-29,Wire Transfer
TXN-b0af355d,CUST-de23afff,SUB-518e201f,499.0,USD,Success,2025-09-29,Credit Card
TXN-4f540d93,CUST-de23afff,SUB-518e201f,499.0,USD,Success,2025-10-29,Credit Card
TXN-462553d5,CUST-de23afff,SUB-518e201f,499.0,USD,Success,2025-11-29,Credit Card
TXN-d4a8c55e,CUST-de23afff,SUB-518e201f,499.0,USD,Success,2025-12-29,Credit Card
TXN-6a6df2ad,CUST-de23afff,SUB-518e201f,499.0,USD,Success,2026-01-29,Credit Card
TXN-2f7fa83f,CUST-de23afff,SUB-518e201f,499.0,USD,Success,2026-02-28,Wire Transfer
TXN-4c26c05f,CUST-de23afff,SUB-518e201f,499.0,USD,Success,2026-03-28,PayPal
TXN-d885a6a4,CUST-de23afff,SUB-518e201f,499.0,USD,Success,2026-04-28,PayPal
TXN-a1c2958e,CUST-7cd02364,SUB-54e86ebc,499.0,USD,Success,2025-03-03,Wire Transfer
TXN-1793572e,CUST-7cd02364,SUB-54e86ebc,499.0,USD,Success,2025-04-03,PayPal
TXN-b8c20d1f,CUST-7cd02364,SUB-54e86ebc,499.0,USD,Success,2025-05-03,PayPal
TXN-100fac92,CUST-7cd02364,SUB-54e86ebc,499.0,USD,Success,2025-06-03,PayPal
TXN-c2c60b12,CUST-7cd02364,SUB-54e86ebc,499.0,USD,Success,2025-07-03,Wire Transfer
TXN-a35fd250,CUST-7cd02364,SUB-54e86ebc,499.0,USD,Success,2025-08-03,Wire Transfer
TXN-cfafb2da,CUST-7cd02364,SUB-54e86ebc,499.0,USD,Success,2025-09-03,PayPal
TXN-ebc4fddd,CUST-7cd02364,SUB-54e86ebc,499.0,USD,Success,2025-10-03,PayPal
TXN-ea8cc01b,CUST-7cd02364,SUB-54e86ebc,499.0,USD,Success,2025-11-03,PayPal
TXN-a7f9cad6,CUST-7cd02364,SUB-54e86ebc,499.0,USD,Success,2025-12-03,Credit Card
TXN-97369939,CUST-7cd02364,SUB-54e86ebc,499.0,USD,Failed,2026-01-03,Credit Card
TXN-c315c38a,CUST-7cd02364,SUB-54e86ebc,499.0,USD,Success,2026-02-03,Credit Card
TXN-01413b9d,CUST-7cd02364,SUB-54e86ebc,499.0,USD,Success,2026-03-03,Wire Transfer
TXN-fbe81b3a,CUST-7cd02364,SUB-54e86ebc,499.0,USD,Success,2026-04-03,PayPal
TXN-4b597680,CUST-7cd02364,SUB-54e86ebc,499.0,USD,Success,2026-05-03,Wire Transfer
TXN-19fcd154,CUST-c0357426,SUB-ac9a3cf1,199.0,USD,Success,2026-03-23,Wire Transfer
TXN-ad42466e,CUST-c0357426,SUB-ac9a3cf1,199.0,USD,Refunded,2026-04-23,Wire Transfer
TXN-2a010d40,CUST-3ae02fb3,SUB-b46381f4,1999.0,USD,Success,2025-01-30,PayPal
TXN-c504734a,CUST-3ae02fb3,SUB-b46381f4,1999.0,USD,Success,2025-02-28,Credit Card
TXN-307d8207,CUST-3ae02fb3,SUB-b46381f4,1999.0,USD,Success,2025-03-28,PayPal
TXN-d31bdbd7,CUST-3ae02fb3,SUB-b46381f4,1999.0,USD,Success,2025-04-28,PayPal
TXN-fa9b856a,CUST-3ae02fb3,SUB-b46381f4,1999.0,USD,Success,2025-05-28,Wire Transfer
TXN-87f77f70,CUST-3ae02fb3,SUB-b46381f4,1999.0,USD,Success,2025-06-28,Wire Transfer
TXN-9287d6c1,CUST-3ae02fb3,SUB-b46381f4,1999.0,USD,Success,2025-07-28,Wire Transfer
TXN-cfcf95a3,CUST-3ae02fb3,SUB-b46381f4,1999.0,USD,Success,2025-08-28,Credit Card
TXN-afa62a3e,CUST-3ae02fb3,SUB-b46381f4,1999.0,USD,Success,2025-09-28,Credit Card
TXN-c37276be,CUST-3ae02fb3,SUB-b46381f4,1999.0,USD,Success,2025-10-28,Credit Card
TXN-ecd352a4,CUST-3ae02fb3,SUB-b46381f4,1999.0,USD,Success,2025-11-28,PayPal
TXN-297a1f0e,CUST-3ae02fb3,SUB-b46381f4,1999.0,USD,Success,2025-12-28,Wire Transfer
TXN-e897ae6c,CUST-3ae02fb3,SUB-b46381f4,1999.0,USD,Success,2026-01-28,PayPal
TXN-50538616,CUST-3ae02fb3,SUB-b46381f4,1999.0,USD,Success,2026-02-28,Credit Card
TXN-5f03a2a4,CUST-3ae02fb3,SUB-b46381f4,1999.0,USD,Success,2026-03-28,Wire Transfer
TXN-c69e8c6d,CUST-3ae02fb3,SUB-b46381f4,1999.0,USD,Success,2026-04-28,Credit Card
TXN-dab8e35d,CUST-48177055,SUB-e943668c,49.0,USD,Success,2024-11-27,Wire Transfer
TXN-e4a7ca23,CUST-48177055,SUB-e943668c,49.0,USD,Success,2024-12-27,Wire Transfer
TXN-9758c0c9,CUST-48177055,SUB-e943668c,49.0,USD,Success,2025-01-27,PayPal
TXN-4635d003,CUST-48177055,SUB-e943668c,49.0,USD,Success,2025-02-27,PayPal
TXN-527998f2,CUST-48177055,SUB-e943668c,49.0,USD,Success,2025-03-27,Credit Card
TXN-8bbfb83e,CUST-48177055,SUB-e943668c,49.0,USD,Success,2025-04-27,PayPal
TXN-31e7220d,CUST-48177055,SUB-e943668c,49.0,USD,Success,2025-05-27,PayPal
TXN-55a88229,CUST-48177055,SUB-e943668c,49.0,USD,Success,2025-06-27,PayPal
TXN-0f2cbed1,CUST-48177055,SUB-e943668c,49.0,USD,Success,2025-07-27,Wire Transfer
TXN-9409847a,CUST-48177055,SUB-e943668c,49.0,USD,Success,2025-08-27,PayPal
TXN-5b2657f0,CUST-48177055,SUB-e943668c,49.0,USD,Success,2025-09-27,Credit Card
TXN-e21daa2d,CUST-48177055,SUB-e943668c,49.0,USD,Success,2025-10-27,Wire Transfer
TXN-fb12036b,CUST-48177055,SUB-e943668c,49.0,USD,Success,2025-11-27,Wire Transfer
TXN-5c4340ef,CUST-48177055,SUB-e943668c,49.0,USD,Success,2025-12-27,PayPal
TXN-54d53408,CUST-48177055,SUB-e943668c,49.0,USD,Success,2026-01-27,Wire Transfer
TXN-e6ad2a56,CUST-48177055,SUB-e943668c,49.0,USD,Success,2026-02-27,Credit Card
TXN-9f7118c5,CUST-48177055,SUB-e943668c,49.0,USD,Success,2026-03-27,Credit Card
TXN-7dbe93ba,CUST-48177055,SUB-e943668c,49.0,USD,Success,2026-04-27,Wire Transfer
TXN-4b26bb41,CUST-6844ef36,SUB-cd5ebe10,49.0,USD,Success,2025-06-06,PayPal
TXN-33239c9e,CUST-6844ef36,SUB-cd5ebe10,49.0,USD,Success,2025-07-06,PayPal
TXN-6f75d078,CUST-6844ef36,SUB-cd5ebe10,49.0,USD,Failed,2025-08-06,Wire Transfer
TXN-f5a571c5,CUST-6844ef36,SUB-cd5ebe10,49.0,USD,Success,2025-09-06,Credit Card
TXN-4a2f5e32,CUST-6844ef36,SUB-cd5ebe10,49.0,USD,Success,2025-10-06,Wire Transfer
TXN-e377576f,CUST-6844ef36,SUB-cd5ebe10,49.0,USD,Success,2025-11-06,PayPal
TXN-1b55afad,CUST-678afb3c,SUB-9b8fde33,199.0,USD,Success,2026-01-31,PayPal
TXN-9a2416fb,CUST-678afb3c,SUB-9b8fde33,199.0,USD,Success,2026-02-28,Wire Transfer
TXN-7018670a,CUST-678afb3c,SUB-9b8fde33,199.0,USD,Success,2026-03-28,Credit Card
TXN-0d07adc9,CUST-678afb3c,SUB-9b8fde33,199.0,USD,Success,2026-04-28,Wire Transfer
TXN-3d3f17d7,CUST-6d939209,SUB-178067a0,49.0,USD,Success,2026-01-28,Credit Card
TXN-3d0b039d,CUST-6d939209,SUB-178067a0,49.0,USD,Success,2026-02-28,Credit Card
TXN-c719ab2e,CUST-6d939209,SUB-178067a0,49.0,USD,Success,2026-03-28,Wire Transfer
TXN-736ae351,CUST-e45b4211,SUB-6a5fe29c,49.0,USD,Success,2024-09-12,Wire Transfer
TXN-c5f13246,CUST-e45b4211,SUB-6a5fe29c,49.0,USD,Success,2024-10-12,Credit Card
TXN-667694d8,CUST-e45b4211,SUB-6a5fe29c,49.0,USD,Failed,2024-11-12,Credit Card
TXN-33ff0b22,CUST-e45b4211,SUB-6a5fe29c,49.0,USD,Success,2024-12-12,Credit Card
TXN-401415cd,CUST-e45b4211,SUB-6a5fe29c,49.0,USD,Success,2025-01-12,Credit Card
TXN-f39c8ebd,CUST-e45b4211,SUB-6a5fe29c,49.0,USD,Success,2025-02-12,PayPal
TXN-66d1f814,CUST-e45b4211,SUB-6a5fe29c,49.0,USD,Success,2025-03-12,Wire Transfer
TXN-3ea0e167,CUST-e45b4211,SUB-6a5fe29c,49.0,USD,Success,2025-04-12,Credit Card
TXN-acf55088,CUST-e45b4211,SUB-6a5fe29c,49.0,USD,Success,2025-05-12,Wire Transfer
TXN-36d3348c,CUST-e45b4211,SUB-6a5fe29c,49.0,USD,Success,2025-06-12,Credit Card
TXN-ae137b07,CUST-e45b4211,SUB-6a5fe29c,49.0,USD,Success,2025-07-12,Wire Transfer
TXN-58f152ab,CUST-e45b4211,SUB-6a5fe29c,49.0,USD,Success,2025-08-12,Wire Transfer
TXN-42dcffea,CUST-e45b4211,SUB-6a5fe29c,49.0,USD,Success,2025-09-12,Credit Card
TXN-7d3d0d3e,CUST-e45b4211,SUB-6a5fe29c,49.0,USD,Success,2025-10-12,Credit Card
TXN-4352be3c,CUST-e45b4211,SUB-6a5fe29c,49.0,USD,Success,2025-11-12,Wire Transfer
TXN-857e3747,CUST-e45b4211,SUB-6a5fe29c,49.0,USD,Success,2025-12-12,Wire Transfer
TXN-5b7d068d,CUST-e45b4211,SUB-6a5fe29c,49.0,USD,Success,2026-01-12,Wire Transfer
TXN-0661b92c,CUST-e45b4211,SUB-6a5fe29c,49.0,USD,Success,2026-02-12,PayPal
TXN-0e187d8b,CUST-e45b4211,SUB-6a5fe29c,49.0,USD,Success,2026-03-12,Credit Card
TXN-51a3150b,CUST-e45b4211,SUB-6a5fe29c,49.0,USD,Success,2026-04-12,PayPal
TXN-79224c62,CUST-251ae562,SUB-0e7e78c6,49.0,USD,Success,2025-08-08,PayPal
TXN-9ac3ec7e,CUST-251ae562,SUB-0e7e78c6,49.0,USD,Failed,2025-09-08,Credit Card
TXN-15628520,CUST-251ae562,SUB-0e7e78c6,49.0,USD,Success,2025-10-08,Credit Card
TXN-374ed7f6,CUST-251ae562,SUB-0e7e78c6,49.0,USD,Success,2025-11-08,PayPal
TXN-22715dff,CUST-251ae562,SUB-0e7e78c6,49.0,USD,Success,2025-12-08,Credit Card
TXN-a9755da5,CUST-251ae562,SUB-0e7e78c6,49.0,USD,Success,2026-01-08,Wire Transfer
TXN-1477fcc4,CUST-251ae562,SUB-0e7e78c6,49.0,USD,Success,2026-02-08,Wire Transfer
TXN-d7ccddc9,CUST-251ae562,SUB-0e7e78c6,49.0,USD,Success,2026-03-08,PayPal
TXN-434712d2,CUST-251ae562,SUB-0e7e78c6,49.0,USD,Success,2026-04-08,PayPal
TXN-479925f1,CUST-251ae562,SUB-0e7e78c6,49.0,USD,Success,2026-05-08,Credit Card
TXN-655dee1c,CUST-972aa1aa,SUB-e8f863bd,49.0,USD,Success,2026-02-08,Credit Card
TXN-2119c8d1,CUST-972aa1aa,SUB-e8f863bd,49.0,USD,Success,2026-03-08,PayPal
TXN-739a8919,CUST-ea55a6c7,SUB-fe38e988,499.0,USD,Success,2025-05-26,PayPal
TXN-ea655a17,CUST-ea55a6c7,SUB-fe38e988,499.0,USD,Success,2025-06-26,Wire Transfer
TXN-1a8fc6b5,CUST-ea55a6c7,SUB-fe38e988,499.0,USD,Success,2025-07-26,Wire Transfer
TXN-8ba97a07,CUST-ea55a6c7,SUB-fe38e988,499.0,USD,Success,2025-08-26,Credit Card
TXN-d6b0fbac,CUST-ea55a6c7,SUB-fe38e988,499.0,USD,Success,2025-09-26,Wire Transfer
TXN-0fce7912,CUST-ea55a6c7,SUB-fe38e988,499.0,USD,Success,2025-10-26,Credit Card
TXN-af660a27,CUST-ea55a6c7,SUB-fe38e988,499.0,USD,Success,2025-11-26,Credit Card
TXN-c3374d71,CUST-ea55a6c7,SUB-fe38e988,499.0,USD,Success,2025-12-26,Credit Card
TXN-3fdb8759,CUST-ea55a6c7,SUB-fe38e988,499.0,USD,Success,2026-01-26,Wire Transfer
TXN-ee05079a,CUST-ea55a6c7,SUB-fe38e988,499.0,USD,Failed,2026-02-26,PayPal
TXN-a51bd0ec,CUST-ea55a6c7,SUB-fe38e988,499.0,USD,Refunded,2026-03-26,PayPal
TXN-7313bc2c,CUST-ea55a6c7,SUB-fe38e988,499.0,USD,Success,2026-04-26,Wire Transfer
TXN-76d3a2c4,CUST-841421c0,SUB-d5a175b4,49.0,USD,Success,2024-09-15,PayPal
TXN-1c19533b,CUST-841421c0,SUB-d5a175b4,49.0,USD,Success,2024-10-15,Credit Card
TXN-bbed2f1a,CUST-841421c0,SUB-d5a175b4,49.0,USD,Success,2024-11-15,PayPal
TXN-290ad7b6,CUST-841421c0,SUB-d5a175b4,49.0,USD,Success,2024-12-15,Wire Transfer
TXN-3ccf3c21,CUST-841421c0,SUB-d5a175b4,49.0,USD,Success,2025-01-15,PayPal
TXN-9edc6925,CUST-841421c0,SUB-d5a175b4,49.0,USD,Success,2025-02-15,Credit Card
TXN-fdf6901c,CUST-841421c0,SUB-d5a175b4,49.0,USD,Success,2025-03-15,Credit Card
TXN-a36f1146,CUST-841421c0,SUB-d5a175b4,49.0,USD,Success,2025-04-15,Wire Transfer
TXN-0eaf5762,CUST-841421c0,SUB-d5a175b4,49.0,USD,Success,2025-05-15,Wire Transfer
TXN-0c2136ad,CUST-841421c0,SUB-d5a175b4,49.0,USD,Failed,2025-06-15,Wire Transfer
TXN-0d3b05ed,CUST-841421c0,SUB-d5a175b4,49.0,USD,Success,2025-07-15,Credit Card
TXN-08e9bb2a,CUST-841421c0,SUB-d5a175b4,49.0,USD,Success,2025-08-15,PayPal
TXN-d6ad9a55,CUST-841421c0,SUB-d5a175b4,49.0,USD,Success,2025-09-15,PayPal
TXN-94bede88,CUST-841421c0,SUB-d5a175b4,49.0,USD,Success,2025-10-15,Wire Transfer
TXN-723d843b,CUST-841421c0,SUB-d5a175b4,49.0,USD,Success,2025-11-15,PayPal
TXN-447d8a4d,CUST-841421c0,SUB-d5a175b4,49.0,USD,Success,2025-12-15,PayPal
TXN-26ccc168,CUST-841421c0,SUB-d5a175b4,49.0,USD,Success,2026-01-15,Wire Transfer
TXN-0bdf7efe,CUST-841421c0,SUB-d5a175b4,49.0,USD,Success,2026-02-15,Wire Transfer
TXN-82f568f3,CUST-841421c0,SUB-d5a175b4,49.0,USD,Success,2026-03-15,Credit Card
TXN-58fb5c36,CUST-841421c0,SUB-d5a175b4,49.0,USD,Success,2026-04-15,Credit Card
TXN-f90b1336,CUST-5092f160,SUB-b84600c1,199.0,USD,Success,2025-05-03,Credit Card
TXN-fe816e92,CUST-5092f160,SUB-b84600c1,199.0,USD,Success,2025-06-03,Credit Card
TXN-b4aa0a15,CUST-5092f160,SUB-b84600c1,199.0,USD,Success,2025-07-03,PayPal
TXN-cc71b3f9,CUST-5092f160,SUB-b84600c1,199.0,USD,Failed,2025-08-03,PayPal
TXN-3fdfdc1a,CUST-5092f160,SUB-b84600c1,199.0,USD,Success,2025-09-03,Credit Card
TXN-dc562d65,CUST-5092f160,SUB-b84600c1,199.0,USD,Failed,2025-10-03,Credit Card
TXN-90741d06,CUST-5092f160,SUB-b84600c1,199.0,USD,Success,2025-11-03,Wire Transfer
TXN-9b17b66c,CUST-5092f160,SUB-b84600c1,199.0,USD,Success,2025-12-03,PayPal
TXN-86208bd4,CUST-6d3bb44e,SUB-bdd3911a,49.0,USD,Success,2025-01-07,PayPal
TXN-af45222a,CUST-6d3bb44e,SUB-bdd3911a,49.0,USD,Success,2025-02-07,Credit Card
TXN-658d8f5f,CUST-6d3bb44e,SUB-bdd3911a,49.0,USD,Success,2025-03-07,PayPal
TXN-f7edc1f5,CUST-6d3bb44e,SUB-bdd3911a,49.0,USD,Success,2025-04-07,Wire Transfer
TXN-2c057011,CUST-6d3bb44e,SUB-bdd3911a,49.0,USD,Success,2025-05-07,Wire Transfer
TXN-8f184f10,CUST-6d3bb44e,SUB-bdd3911a,49.0,USD,Success,2025-06-07,PayPal
TXN-b1ef518c,CUST-6d3bb44e,SUB-bdd3911a,49.0,USD,Success,2025-07-07,Credit Card
TXN-c1cd1905,CUST-6d3bb44e,SUB-bdd3911a,49.0,USD,Success,2025-08-07,PayPal
TXN-01374eea,CUST-6d3bb44e,SUB-bdd3911a,49.0,USD,Success,2025-09-07,Wire Transfer
TXN-ded9e6fa,CUST-6d3bb44e,SUB-bdd3911a,49.0,USD,Success,2025-10-07,Credit Card
TXN-f04734c1,CUST-6d3bb44e,SUB-bdd3911a,49.0,USD,Success,2025-11-07,PayPal
TXN-1847b53b,CUST-6d3bb44e,SUB-bdd3911a,49.0,USD,Success,2025-12-07,Credit Card
TXN-c201fa02,CUST-6d3bb44e,SUB-bdd3911a,49.0,USD,Success,2026-01-07,Credit Card
TXN-af7d8545,CUST-6d3bb44e,SUB-bdd3911a,49.0,USD,Success,2026-02-07,Wire Transfer
TXN-280546d2,CUST-6d3bb44e,SUB-bdd3911a,49.0,USD,Success,2026-03-07,Credit Card
TXN-a6dda8a0,CUST-6d3bb44e,SUB-bdd3911a,49.0,USD,Failed,2026-04-07,PayPal
TXN-145f22f9,CUST-6d3bb44e,SUB-bdd3911a,49.0,USD,Success,2026-05-07,Credit Card
TXN-d2e97c8d,CUST-3746975b,SUB-0d38b600,199.0,USD,Success,2025-01-14,Credit Card
TXN-918b2656,CUST-3746975b,SUB-0d38b600,199.0,USD,Success,2025-02-14,PayPal
TXN-ef70be24,CUST-3746975b,SUB-0d38b600,199.0,USD,Success,2025-03-14,Wire Transfer
TXN-53013cb0,CUST-3746975b,SUB-0d38b600,199.0,USD,Failed,2025-04-14,Wire Transfer
TXN-631e7af9,CUST-3746975b,SUB-0d38b600,199.0,USD,Success,2025-05-14,PayPal
TXN-fba16fbc,CUST-3746975b,SUB-0d38b600,199.0,USD,Success,2025-06-14,PayPal
TXN-1a1dd177,CUST-3746975b,SUB-0d38b600,199.0,USD,Success,2025-07-14,Wire Transfer
TXN-96dde660,CUST-3746975b,SUB-0d38b600,199.0,USD,Success,2025-08-14,Credit Card
TXN-7ce051fa,CUST-3746975b,SUB-0d38b600,199.0,USD,Failed,2025-09-14,PayPal
TXN-adde05ad,CUST-3746975b,SUB-0d38b600,199.0,USD,Success,2025-10-14,Credit Card
TXN-beec3016,CUST-3746975b,SUB-0d38b600,199.0,USD,Success,2025-11-14,PayPal
TXN-91cee712,CUST-3746975b,SUB-0d38b600,199.0,USD,Success,2025-12-14,Wire Transfer
TXN-0ba79e86,CUST-3746975b,SUB-0d38b600,199.0,USD,Success,2026-01-14,Credit Card
TXN-9e8f38e5,CUST-3746975b,SUB-0d38b600,199.0,USD,Success,2026-02-14,Credit Card
TXN-7dfdda77,CUST-3746975b,SUB-0d38b600,199.0,USD,Success,2026-03-14,PayPal
TXN-14480272,CUST-3746975b,SUB-0d38b600,199.0,USD,Success,2026-04-14,Credit Card
TXN-e5c456c1,CUST-a56ffc7f,SUB-f29d44e6,49.0,USD,Success,2024-09-17,PayPal
TXN-4d10ed94,CUST-a56ffc7f,SUB-f29d44e6,49.0,USD,Success,2024-10-17,Wire Transfer
TXN-68886c3e,CUST-a56ffc7f,SUB-f29d44e6,49.0,USD,Success,2024-11-17,Credit Card
TXN-adf88f84,CUST-9a45f363,SUB-ab07880b,499.0,USD,Success,2024-12-20,PayPal
TXN-b3d068a5,CUST-9a45f363,SUB-ab07880b,499.0,USD,Success,2025-01-20,Credit Card
TXN-e8218b6c,CUST-9a45f363,SUB-ab07880b,499.0,USD,Success,2025-02-20,PayPal
TXN-01e4a6db,CUST-9a45f363,SUB-ab07880b,499.0,USD,Success,2025-03-20,PayPal
TXN-4f621a70,CUST-9a45f363,SUB-ab07880b,499.0,USD,Success,2025-04-20,PayPal
TXN-a0107541,CUST-9a45f363,SUB-ab07880b,499.0,USD,Success,2025-05-20,Wire Transfer
TXN-93a260b8,CUST-9a45f363,SUB-ab07880b,499.0,USD,Success,2025-06-20,Credit Card
TXN-ecca5c83,CUST-9a45f363,SUB-ab07880b,499.0,USD,Success,2025-07-20,Wire Transfer
TXN-e424551d,CUST-9a45f363,SUB-ab07880b,499.0,USD,Success,2025-08-20,PayPal
TXN-8083955a,CUST-9a45f363,SUB-ab07880b,499.0,USD,Success,2025-09-20,PayPal
TXN-7a31cadd,CUST-9a45f363,SUB-ab07880b,499.0,USD,Success,2025-10-20,Wire Transfer
TXN-36237fda,CUST-9a45f363,SUB-ab07880b,499.0,USD,Success,2025-11-20,Wire Transfer
TXN-d2fb7ef6,CUST-9a45f363,SUB-ab07880b,499.0,USD,Success,2025-12-20,Credit Card
TXN-44055fd1,CUST-9a45f363,SUB-ab07880b,499.0,USD,Success,2026-01-20,PayPal
TXN-b90a34b9,CUST-9a45f363,SUB-ab07880b,499.0,USD,Success,2026-02-20,Wire Transfer
TXN-d47baaae,CUST-9a45f363,SUB-ab07880b,499.0,USD,Success,2026-03-20,PayPal
TXN-a8257281,CUST-9a45f363,SUB-ab07880b,499.0,USD,Success,2026-04-20,PayPal
TXN-7e2bb64b,CUST-f36b443f,SUB-0e8ed528,199.0,USD,Success,2025-07-03,Credit Card
TXN-ca2d397a,CUST-f36b443f,SUB-0e8ed528,199.0,USD,Success,2025-08-03,Credit Card
TXN-eabf156f,CUST-f36b443f,SUB-0e8ed528,199.0,USD,Success,2025-09-03,Credit Card
TXN-c6e2e34b,CUST-f36b443f,SUB-0e8ed528,199.0,USD,Success,2025-10-03,Wire Transfer
TXN-91cfd1d2,CUST-f36b443f,SUB-0e8ed528,199.0,USD,Success,2025-11-03,PayPal
TXN-3831ea88,CUST-f36b443f,SUB-0e8ed528,199.0,USD,Success,2025-12-03,Wire Transfer
TXN-a5723856,CUST-f36b443f,SUB-0e8ed528,199.0,USD,Success,2026-01-03,Wire Transfer
TXN-415551ab,CUST-f36b443f,SUB-0e8ed528,199.0,USD,Success,2026-02-03,Credit Card
TXN-48d786eb,CUST-f36b443f,SUB-0e8ed528,199.0,USD,Success,2026-03-03,PayPal
TXN-9caae67f,CUST-f36b443f,SUB-0e8ed528,199.0,USD,Success,2026-04-03,PayPal
TXN-b532d56b,CUST-f36b443f,SUB-0e8ed528,199.0,USD,Success,2026-05-03,Credit Card
TXN-f7ec02ae,CUST-56bdc960,SUB-f5557724,49.0,USD,Success,2024-08-08,PayPal
TXN-3a9b8c3d,CUST-56bdc960,SUB-f5557724,49.0,USD,Success,2024-09-08,Credit Card
TXN-e0fb940c,CUST-56bdc960,SUB-f5557724,49.0,USD,Success,2024-10-08,Wire Transfer
TXN-1075696b,CUST-56bdc960,SUB-f5557724,49.0,USD,Success,2024-11-08,Wire Transfer
TXN-f714876b,CUST-56bdc960,SUB-f5557724,49.0,USD,Success,2024-12-08,Credit Card
TXN-d0a9b2c3,CUST-56bdc960,SUB-f5557724,49.0,USD,Success,2025-01-08,Wire Transfer
TXN-dddb7b66,CUST-56bdc960,SUB-f5557724,49.0,USD,Success,2025-02-08,Wire Transfer
TXN-1b831f74,CUST-56bdc960,SUB-f5557724,49.0,USD,Success,2025-03-08,Credit Card
TXN-01cb2d5f,CUST-56bdc960,SUB-f5557724,49.0,USD,Refunded,2025-04-08,Wire Transfer
TXN-5c2875bb,CUST-56bdc960,SUB-f5557724,49.0,USD,Success,2025-05-08,PayPal
TXN-a854f78e,CUST-56bdc960,SUB-f5557724,49.0,USD,Success,2025-06-08,Wire Transfer
TXN-10b97c95,CUST-56bdc960,SUB-f5557724,49.0,USD,Success,2025-07-08,Credit Card
TXN-9d776787,CUST-56bdc960,SUB-f5557724,49.0,USD,Success,2025-08-08,PayPal
TXN-2de31463,CUST-56bdc960,SUB-f5557724,49.0,USD,Success,2025-09-08,PayPal
TXN-7386261b,CUST-56bdc960,SUB-f5557724,49.0,USD,Success,2025-10-08,Wire Transfer
TXN-7e288127,CUST-56bdc960,SUB-f5557724,49.0,USD,Success,2025-11-08,PayPal
TXN-f9aacb4e,CUST-56bdc960,SUB-f5557724,49.0,USD,Success,2025-12-08,Credit Card
TXN-086f9536,CUST-56bdc960,SUB-f5557724,49.0,USD,Success,2026-01-08,PayPal
TXN-cb59080d,CUST-56bdc960,SUB-f5557724,49.0,USD,Success,2026-02-08,Wire Transfer
TXN-eaa0f2b0,CUST-56bdc960,SUB-f5557724,49.0,USD,Success,2026-03-08,Wire Transfer
TXN-5ed9fbb8,CUST-56bdc960,SUB-f5557724,49.0,USD,Success,2026-04-08,PayPal
TXN-30ff6cf6,CUST-56bdc960,SUB-f5557724,49.0,USD,Success,2026-05-08,Credit Card
TXN-75cb058d,CUST-b8cfe16e,SUB-462d96ae,199.0,USD,Success,2024-07-08,Credit Card
TXN-23a0731c,CUST-b8cfe16e,SUB-462d96ae,199.0,USD,Success,2024-08-08,Wire Transfer
TXN-c6541849,CUST-b8cfe16e,SUB-462d96ae,199.0,USD,Failed,2024-09-08,Wire Transfer
TXN-7f04e702,CUST-b8cfe16e,SUB-462d96ae,199.0,USD,Success,2024-10-08,Credit Card
TXN-1eced048,CUST-b8cfe16e,SUB-462d96ae,199.0,USD,Success,2024-11-08,PayPal
TXN-fce440c8,CUST-b8cfe16e,SUB-462d96ae,199.0,USD,Success,2024-12-08,PayPal
TXN-c67663f5,CUST-b8cfe16e,SUB-462d96ae,199.0,USD,Success,2025-01-08,PayPal
TXN-2b74ada3,CUST-b8cfe16e,SUB-462d96ae,199.0,USD,Success,2025-02-08,PayPal
TXN-5a458f72,CUST-b8cfe16e,SUB-462d96ae,199.0,USD,Success,2025-03-08,Credit Card
TXN-7e2249a9,CUST-b8cfe16e,SUB-462d96ae,199.0,USD,Success,2025-04-08,Wire Transfer
TXN-64012c71,CUST-b8cfe16e,SUB-462d96ae,199.0,USD,Success,2025-05-08,Wire Transfer
TXN-e7cc7d12,CUST-b8cfe16e,SUB-462d96ae,199.0,USD,Success,2025-06-08,PayPal
TXN-7cd0e4c2,CUST-b8cfe16e,SUB-462d96ae,199.0,USD,Success,2025-07-08,Credit Card
TXN-4b18edbf,CUST-b8cfe16e,SUB-462d96ae,199.0,USD,Success,2025-08-08,Credit Card
TXN-1f59e80e,CUST-b8cfe16e,SUB-462d96ae,199.0,USD,Success,2025-09-08,PayPal
TXN-40886cb3,CUST-b8cfe16e,SUB-462d96ae,199.0,USD,Success,2025-10-08,PayPal
TXN-8cd36c15,CUST-b8cfe16e,SUB-462d96ae,199.0,USD,Success,2025-11-08,PayPal
TXN-910e350f,CUST-b8cfe16e,SUB-462d96ae,199.0,USD,Success,2025-12-08,Wire Transfer
TXN-3f1d49ca,CUST-b8cfe16e,SUB-462d96ae,199.0,USD,Success,2026-01-08,PayPal
TXN-44c1c280,CUST-b8cfe16e,SUB-462d96ae,199.0,USD,Success,2026-02-08,Wire Transfer
TXN-20a5c2f1,CUST-b8cfe16e,SUB-462d96ae,199.0,USD,Success,2026-03-08,Credit Card
TXN-603791e0,CUST-b8cfe16e,SUB-462d96ae,199.0,USD,Failed,2026-04-08,Credit Card
TXN-25392149,CUST-b8cfe16e,SUB-462d96ae,199.0,USD,Success,2026-05-08,Wire Transfer
TXN-12dc151d,CUST-b3f27345,SUB-346001d6,49.0,USD,Success,2024-12-12,Wire Transfer
TXN-904ed6c4,CUST-b3f27345,SUB-346001d6,49.0,USD,Success,2025-01-12,Wire Transfer
TXN-db390feb,CUST-b3f27345,SUB-346001d6,49.0,USD,Success,2025-02-12,Wire Transfer
TXN-23b4805c,CUST-b3f27345,SUB-346001d6,49.0,USD,Success,2025-03-12,PayPal
TXN-a99e9d5e,CUST-b3f27345,SUB-346001d6,49.0,USD,Success,2025-04-12,Credit Card
TXN-a34a5e4f,CUST-b3f27345,SUB-346001d6,49.0,USD,Success,2025-05-12,PayPal
TXN-c0a4fa1f,CUST-b3f27345,SUB-346001d6,49.0,USD,Success,2025-06-12,Wire Transfer
TXN-924ce52f,CUST-b3f27345,SUB-346001d6,49.0,USD,Success,2025-07-12,PayPal
TXN-17419c9d,CUST-b3f27345,SUB-346001d6,49.0,USD,Refunded,2025-08-12,PayPal
TXN-e1f287a5,CUST-b3f27345,SUB-346001d6,49.0,USD,Success,2025-09-12,Credit Card
TXN-e8bdfcd6,CUST-b3f27345,SUB-346001d6,49.0,USD,Success,2025-10-12,PayPal
TXN-48f4ac14,CUST-b3f27345,SUB-346001d6,49.0,USD,Success,2025-11-12,Credit Card
TXN-5bd78daf,CUST-b3f27345,SUB-346001d6,49.0,USD,Success,2025-12-12,Wire Transfer
TXN-4c745bc0,CUST-b3f27345,SUB-346001d6,49.0,USD,Success,2026-01-12,PayPal
TXN-6279f161,CUST-b3f27345,SUB-346001d6,49.0,USD,Success,2026-02-12,Wire Transfer
TXN-9f0ee18b,CUST-b3f27345,SUB-346001d6,49.0,USD,Success,2026-03-12,Credit Card
TXN-a433278e,CUST-b3f27345,SUB-346001d6,49.0,USD,Success,2026-04-12,Wire Transfer
TXN-908bf303,CUST-cde44b8b,SUB-64bea834,199.0,USD,Failed,2025-11-02,Wire Transfer
TXN-a284a318,CUST-cde44b8b,SUB-64bea834,199.0,USD,Refunded,2025-12-02,Credit Card
TXN-7f444bfa,CUST-cde44b8b,SUB-64bea834,199.0,USD,Success,2026-01-02,Wire Transfer
TXN-847e99dc,CUST-9b5b948a,SUB-7fe1d0fc,49.0,USD,Success,2025-11-22,Wire Transfer
TXN-cab052d6,CUST-9b5b948a,SUB-7fe1d0fc,49.0,USD,Success,2025-12-22,Wire Transfer
TXN-c2c65510,CUST-9b5b948a,SUB-7fe1d0fc,49.0,USD,Success,2026-01-22,PayPal
TXN-d01b0a1b,CUST-9b5b948a,SUB-7fe1d0fc,49.0,USD,Success,2026-02-22,Wire Transfer
TXN-ef54111a,CUST-9b5b948a,SUB-7fe1d0fc,49.0,USD,Success,2026-03-22,Credit Card
TXN-72d6ffdd,CUST-9b5b948a,SUB-7fe1d0fc,49.0,USD,Success,2026-04-22,PayPal
TXN-689cba8e,CUST-c769d401,SUB-3b6e29d4,1999.0,USD,Success,2025-09-21,PayPal
TXN-7525d5b3,CUST-c769d401,SUB-3b6e29d4,1999.0,USD,Success,2025-10-21,Credit Card
TXN-dfc5b1db,CUST-c769d401,SUB-3b6e29d4,1999.0,USD,Success,2025-11-21,Wire Transfer
TXN-9a768957,CUST-c769d401,SUB-3b6e29d4,1999.0,USD,Success,2025-12-21,PayPal
TXN-b38656bb,CUST-c769d401,SUB-3b6e29d4,1999.0,USD,Success,2026-01-21,PayPal
TXN-09928ced,CUST-c769d401,SUB-3b6e29d4,1999.0,USD,Success,2026-02-21,PayPal
TXN-30296bbb,CUST-c769d401,SUB-3b6e29d4,1999.0,USD,Success,2026-03-21,Wire Transfer
TXN-cfec0ad1,CUST-c769d401,SUB-3b6e29d4,1999.0,USD,Success,2026-04-21,PayPal
TXN-78bb6da8,CUST-44ea7330,SUB-2aa6d5b1,49.0,USD,Success,2025-02-06,Credit Card
TXN-397f9557,CUST-44ea7330,SUB-2aa6d5b1,49.0,USD,Success,2025-03-06,Wire Transfer
TXN-1902cf60,CUST-44ea7330,SUB-2aa6d5b1,49.0,USD,Success,2025-04-06,Credit Card
TXN-743d2c50,CUST-44ea7330,SUB-2aa6d5b1,49.0,USD,Success,2025-05-06,Credit Card
TXN-8850d31c,CUST-44ea7330,SUB-2aa6d5b1,49.0,USD,Success,2025-06-06,PayPal
TXN-5a8faa99,CUST-44ea7330,SUB-2aa6d5b1,49.0,USD,Success,2025-07-06,PayPal
TXN-eecc7a5f,CUST-44ea7330,SUB-2aa6d5b1,49.0,USD,Success,2025-08-06,PayPal
TXN-bce0fb4b,CUST-44ea7330,SUB-2aa6d5b1,49.0,USD,Success,2025-09-06,Credit Card
TXN-73932e97,CUST-44ea7330,SUB-2aa6d5b1,49.0,USD,Success,2025-10-06,Wire Transfer
TXN-97d8cfa7,CUST-44ea7330,SUB-2aa6d5b1,49.0,USD,Success,2025-11-06,PayPal
TXN-98c4ae24,CUST-44ea7330,SUB-2aa6d5b1,49.0,USD,Success,2025-12-06,PayPal
TXN-d57224dc,CUST-44ea7330,SUB-2aa6d5b1,49.0,USD,Failed,2026-01-06,Credit Card
TXN-cd3db3df,CUST-44ea7330,SUB-2aa6d5b1,49.0,USD,Success,2026-02-06,Wire Transfer
TXN-156978fc,CUST-c08de748,SUB-2584250f,199.0,USD,Success,2024-11-25,Credit Card
TXN-07365069,CUST-c08de748,SUB-2584250f,199.0,USD,Success,2024-12-25,PayPal
TXN-6a9d4d6c,CUST-c08de748,SUB-2584250f,199.0,USD,Success,2025-01-25,Credit Card
TXN-a1f205a6,CUST-c08de748,SUB-2584250f,199.0,USD,Success,2025-02-25,PayPal
TXN-8002c0e3,CUST-c08de748,SUB-2584250f,199.0,USD,Refunded,2025-03-25,Wire Transfer
TXN-ae1125a4,CUST-c08de748,SUB-2584250f,199.0,USD,Success,2025-04-25,Credit Card
TXN-5267dae3,CUST-c08de748,SUB-2584250f,199.0,USD,Success,2025-05-25,PayPal
TXN-3bef459c,CUST-c08de748,SUB-2584250f,199.0,USD,Success,2025-06-25,PayPal
TXN-a13bd746,CUST-c08de748,SUB-2584250f,199.0,USD,Success,2025-07-25,PayPal
TXN-3d51dbae,CUST-c08de748,SUB-2584250f,199.0,USD,Success,2025-08-25,PayPal
TXN-f4c20fe4,CUST-c08de748,SUB-2584250f,199.0,USD,Success,2025-09-25,Credit Card
TXN-7d9f1238,CUST-c08de748,SUB-2584250f,199.0,USD,Success,2025-10-25,PayPal
TXN-e495bd7f,CUST-c08de748,SUB-2584250f,199.0,USD,Success,2025-11-25,Credit Card
TXN-e19d1cc7,CUST-c08de748,SUB-2584250f,199.0,USD,Success,2025-12-25,PayPal
TXN-fb86fc55,CUST-c08de748,SUB-2584250f,199.0,USD,Success,2026-01-25,Credit Card
TXN-a96044d7,CUST-c08de748,SUB-2584250f,199.0,USD,Success,2026-02-25,Credit Card
TXN-a599ff2f,CUST-c08de748,SUB-2584250f,199.0,USD,Success,2026-03-25,PayPal
TXN-3fd4dd95,CUST-ba33d89b,SUB-a0cabbae,49.0,USD,Success,2025-08-01,PayPal
TXN-fbd63a5b,CUST-ba33d89b,SUB-a0cabbae,49.0,USD,Success,2025-09-01,PayPal
TXN-ed5b98d5,CUST-ba33d89b,SUB-a0cabbae,49.0,USD,Success,2025-10-01,PayPal
TXN-1dcafa8f,CUST-ba33d89b,SUB-a0cabbae,49.0,USD,Success,2025-11-01,Wire Transfer
TXN-5c1aae51,CUST-ba33d89b,SUB-a0cabbae,49.0,USD,Success,2025-12-01,PayPal
TXN-447926da,CUST-ba33d89b,SUB-a0cabbae,49.0,USD,Success,2026-01-01,PayPal
TXN-fa391664,CUST-ba33d89b,SUB-a0cabbae,49.0,USD,Success,2026-02-01,PayPal
TXN-defbc7f2,CUST-ba33d89b,SUB-a0cabbae,49.0,USD,Success,2026-03-01,Credit Card
TXN-ee3fde7a,CUST-ba33d89b,SUB-a0cabbae,49.0,USD,Success,2026-04-01,PayPal
TXN-95d5e264,CUST-ba33d89b,SUB-a0cabbae,49.0,USD,Success,2026-05-01,Credit Card
TXN-2a9c8472,CUST-feaf0fda,SUB-5ca13574,49.0,USD,Success,2024-09-06,Credit Card
TXN-d6585e27,CUST-feaf0fda,SUB-5ca13574,49.0,USD,Success,2024-10-06,Credit Card
TXN-a38535d8,CUST-feaf0fda,SUB-5ca13574,49.0,USD,Success,2024-11-06,Credit Card
TXN-729bfc4a,CUST-feaf0fda,SUB-5ca13574,49.0,USD,Success,2024-12-06,Wire Transfer
TXN-5fcad3a0,CUST-feaf0fda,SUB-5ca13574,49.0,USD,Success,2025-01-06,PayPal
TXN-717a776d,CUST-feaf0fda,SUB-5ca13574,49.0,USD,Success,2025-02-06,Credit Card
TXN-d8218ee3,CUST-feaf0fda,SUB-5ca13574,49.0,USD,Success,2025-03-06,PayPal
TXN-35856c44,CUST-feaf0fda,SUB-5ca13574,49.0,USD,Success,2025-04-06,Credit Card
TXN-ed4241dd,CUST-feaf0fda,SUB-5ca13574,49.0,USD,Success,2025-05-06,Wire Transfer
TXN-6d1b60c8,CUST-feaf0fda,SUB-5ca13574,49.0,USD,Success,2025-06-06,Credit Card
TXN-25535e0d,CUST-feaf0fda,SUB-5ca13574,49.0,USD,Success,2025-07-06,PayPal
TXN-fc281efb,CUST-feaf0fda,SUB-5ca13574,49.0,USD,Success,2025-08-06,PayPal
TXN-e5d2278e,CUST-feaf0fda,SUB-5ca13574,49.0,USD,Success,2025-09-06,Wire Transfer
TXN-a36f53fa,CUST-feaf0fda,SUB-5ca13574,49.0,USD,Success,2025-10-06,PayPal
TXN-dd135e76,CUST-feaf0fda,SUB-5ca13574,49.0,USD,Success,2025-11-06,PayPal
TXN-e3f60a7a,CUST-feaf0fda,SUB-5ca13574,49.0,USD,Success,2025-12-06,Credit Card
TXN-74ec914b,CUST-feaf0fda,SUB-5ca13574,49.0,USD,Success,2026-01-06,PayPal
TXN-fbd88ae8,CUST-feaf0fda,SUB-5ca13574,49.0,USD,Success,2026-02-06,Credit Card
TXN-e0556620,CUST-feaf0fda,SUB-5ca13574,49.0,USD,Success,2026-03-06,Wire Transfer
TXN-186f7217,CUST-feaf0fda,SUB-5ca13574,49.0,USD,Refunded,2026-04-06,PayPal
TXN-376d4adb,CUST-feaf0fda,SUB-5ca13574,49.0,USD,Success,2026-05-06,Credit Card
TXN-1ab6b4cb,CUST-57c05f2a,SUB-97ef7441,199.0,USD,Success,2024-09-27,PayPal
TXN-71007931,CUST-57c05f2a,SUB-97ef7441,199.0,USD,Success,2024-10-27,Credit Card
TXN-18fdc46b,CUST-57c05f2a,SUB-97ef7441,199.0,USD,Success,2024-11-27,Wire Transfer
TXN-aa87db71,CUST-57c05f2a,SUB-97ef7441,199.0,USD,Success,2024-12-27,Credit Card
TXN-a14ec644,CUST-57c05f2a,SUB-97ef7441,199.0,USD,Success,2025-01-27,PayPal
TXN-f1e5a83d,CUST-57c05f2a,SUB-97ef7441,199.0,USD,Success,2025-02-27,Credit Card
TXN-2196d51f,CUST-57c05f2a,SUB-97ef7441,199.0,USD,Failed,2025-03-27,PayPal
TXN-0c895953,CUST-57c05f2a,SUB-97ef7441,199.0,USD,Success,2025-04-27,Wire Transfer
TXN-6eee58c6,CUST-57c05f2a,SUB-97ef7441,199.0,USD,Success,2025-05-27,Credit Card
TXN-cffc287b,CUST-57c05f2a,SUB-97ef7441,199.0,USD,Success,2025-06-27,PayPal
TXN-fa7be15f,CUST-57c05f2a,SUB-97ef7441,199.0,USD,Success,2025-07-27,PayPal
TXN-b732f815,CUST-57c05f2a,SUB-97ef7441,199.0,USD,Success,2025-08-27,PayPal
TXN-59a9185a,CUST-57c05f2a,SUB-97ef7441,199.0,USD,Success,2025-09-27,Credit Card
TXN-932cb2a1,CUST-57c05f2a,SUB-97ef7441,199.0,USD,Success,2025-10-27,Credit Card
TXN-429ce8ad,CUST-57c05f2a,SUB-97ef7441,199.0,USD,Success,2025-11-27,Credit Card
TXN-7adba8f6,CUST-57c05f2a,SUB-97ef7441,199.0,USD,Success,2025-12-27,Wire Transfer
TXN-d28da564,CUST-57c05f2a,SUB-97ef7441,199.0,USD,Success,2026-01-27,PayPal
TXN-55e340c5,CUST-57c05f2a,SUB-97ef7441,199.0,USD,Success,2026-02-27,PayPal
TXN-a9346df5,CUST-57c05f2a,SUB-97ef7441,199.0,USD,Success,2026-03-27,Wire Transfer
TXN-166caa7f,CUST-57c05f2a,SUB-97ef7441,199.0,USD,Success,2026-04-27,Wire Transfer
TXN-e88f341d,CUST-6ef9c96f,SUB-0ae58742,1999.0,USD,Success,2025-08-24,Credit Card
TXN-bde7f49b,CUST-6ef9c96f,SUB-0ae58742,1999.0,USD,Success,2025-09-24,Credit Card
TXN-aab7ea61,CUST-6ef9c96f,SUB-0ae58742,1999.0,USD,Success,2025-10-24,Credit Card
TXN-df1da7ef,CUST-6ef9c96f,SUB-0ae58742,1999.0,USD,Success,2025-11-24,Credit Card
TXN-51555466,CUST-6ef9c96f,SUB-0ae58742,1999.0,USD,Success,2025-12-24,Credit Card
TXN-c85b1e7f,CUST-6ef9c96f,SUB-0ae58742,1999.0,USD,Success,2026-01-24,Credit Card
TXN-334ce028,CUST-6ef9c96f,SUB-0ae58742,1999.0,USD,Success,2026-02-24,Wire Transfer
TXN-aa0b85ca,CUST-6ef9c96f,SUB-0ae58742,1999.0,USD,Success,2026-03-24,Wire Transfer
TXN-694c5ac7,CUST-6ef9c96f,SUB-0ae58742,1999.0,USD,Success,2026-04-24,Wire Transfer
TXN-15fca1fc,CUST-3be09793,SUB-dd23f993,49.0,USD,Success,2026-02-08,PayPal
TXN-eceff08c,CUST-3be09793,SUB-dd23f993,49.0,USD,Success,2026-03-08,PayPal
TXN-7a0dc059,CUST-3be09793,SUB-dd23f993,49.0,USD,Success,2026-04-08,Credit Card
TXN-f8455345,CUST-3be09793,SUB-dd23f993,49.0,USD,Success,2026-05-08,Wire Transfer
TXN-b4043243,CUST-3339778a,SUB-77f3bb80,49.0,USD,Success,2025-04-18,PayPal
TXN-9ad12965,CUST-3339778a,SUB-77f3bb80,49.0,USD,Success,2025-05-18,PayPal
TXN-687e6f98,CUST-3339778a,SUB-77f3bb80,49.0,USD,Success,2025-06-18,Wire Transfer
TXN-62d5d48a,CUST-3339778a,SUB-77f3bb80,49.0,USD,Success,2025-07-18,PayPal
TXN-e2d48b44,CUST-3339778a,SUB-77f3bb80,49.0,USD,Success,2025-08-18,PayPal
TXN-09d20d35,CUST-3339778a,SUB-77f3bb80,49.0,USD,Failed,2025-09-18,Wire Transfer
TXN-e554f1b0,CUST-3339778a,SUB-77f3bb80,49.0,USD,Success,2025-10-18,PayPal
TXN-00e1d201,CUST-3339778a,SUB-77f3bb80,49.0,USD,Success,2025-11-18,Wire Transfer
TXN-5ae5be4a,CUST-3339778a,SUB-77f3bb80,49.0,USD,Success,2025-12-18,PayPal
TXN-29727624,CUST-3339778a,SUB-77f3bb80,49.0,USD,Success,2026-01-18,Wire Transfer
TXN-95c3aac3,CUST-3339778a,SUB-77f3bb80,49.0,USD,Success,2026-02-18,PayPal
TXN-82ef91ab,CUST-3339778a,SUB-77f3bb80,49.0,USD,Success,2026-03-18,PayPal
TXN-311ae906,CUST-3339778a,SUB-77f3bb80,49.0,USD,Success,2026-04-18,Wire Transfer
TXN-0df9ba0a,CUST-51de1a39,SUB-46565e6d,49.0,USD,Success,2025-12-31,PayPal
TXN-88978b7c,CUST-51de1a39,SUB-46565e6d,49.0,USD,Success,2026-01-31,Wire Transfer
TXN-145e6344,CUST-51de1a39,SUB-46565e6d,49.0,USD,Success,2026-02-28,Wire Transfer
TXN-5134c62f,CUST-c772ea8f,SUB-cf56daa2,49.0,USD,Success,2025-04-25,PayPal
TXN-87c64adf,CUST-c772ea8f,SUB-cf56daa2,49.0,USD,Success,2025-05-25,Credit Card
TXN-b4483edd,CUST-c772ea8f,SUB-cf56daa2,49.0,USD,Success,2025-06-25,PayPal
TXN-106ccee4,CUST-c772ea8f,SUB-cf56daa2,49.0,USD,Success,2025-07-25,Credit Card
TXN-7a5558eb,CUST-c772ea8f,SUB-cf56daa2,49.0,USD,Success,2025-08-25,Credit Card
TXN-f1ee80b5,CUST-c772ea8f,SUB-cf56daa2,49.0,USD,Success,2025-09-25,PayPal
TXN-03874c0f,CUST-c772ea8f,SUB-cf56daa2,49.0,USD,Success,2025-10-25,Credit Card
TXN-bf2780c1,CUST-7fdc7390,SUB-769c8b44,49.0,USD,Success,2025-07-29,Wire Transfer
TXN-0877585e,CUST-7fdc7390,SUB-769c8b44,49.0,USD,Success,2025-08-29,Wire Transfer
TXN-5eeb35db,CUST-7fdc7390,SUB-769c8b44,49.0,USD,Success,2025-09-29,Credit Card
TXN-88d1de78,CUST-7fdc7390,SUB-769c8b44,49.0,USD,Success,2025-10-29,Wire Transfer
TXN-5ec79662,CUST-7fdc7390,SUB-769c8b44,49.0,USD,Success,2025-11-29,PayPal
TXN-3da55455,CUST-7fdc7390,SUB-769c8b44,49.0,USD,Success,2025-12-29,Wire Transfer
TXN-5a086495,CUST-7fdc7390,SUB-769c8b44,49.0,USD,Success,2026-01-29,Credit Card
TXN-566af211,CUST-7fdc7390,SUB-769c8b44,49.0,USD,Success,2026-02-28,PayPal
TXN-2cb19d95,CUST-7fdc7390,SUB-769c8b44,49.0,USD,Success,2026-03-28,Wire Transfer
TXN-d74e9818,CUST-7fdc7390,SUB-769c8b44,49.0,USD,Success,2026-04-28,PayPal
TXN-ac51a302,CUST-36e8bc93,SUB-8fe7502f,199.0,USD,Success,2025-09-06,Credit Card
TXN-53cf7a2c,CUST-36e8bc93,SUB-8fe7502f,199.0,USD,Success,2025-10-06,Wire Transfer
TXN-cbebf9bb,CUST-36e8bc93,SUB-8fe7502f,199.0,USD,Success,2025-11-06,PayPal
TXN-cb39df05,CUST-36e8bc93,SUB-8fe7502f,199.0,USD,Failed,2025-12-06,PayPal
TXN-ee3cfe7a,CUST-36e8bc93,SUB-8fe7502f,199.0,USD,Failed,2026-01-06,Wire Transfer
TXN-f0f67235,CUST-36e8bc93,SUB-8fe7502f,199.0,USD,Success,2026-02-06,PayPal
TXN-2698d3f4,CUST-36e8bc93,SUB-8fe7502f,199.0,USD,Success,2026-03-06,PayPal
TXN-f77dffa9,CUST-36e8bc93,SUB-8fe7502f,199.0,USD,Success,2026-04-06,Credit Card
TXN-a012b340,CUST-36e8bc93,SUB-8fe7502f,199.0,USD,Success,2026-05-06,Credit Card
TXN-dd3fe40b,CUST-518a4a14,SUB-2e5b4c20,49.0,USD,Success,2025-02-04,Credit Card
TXN-47490717,CUST-518a4a14,SUB-2e5b4c20,49.0,USD,Success,2025-03-04,Credit Card
TXN-f9b18e51,CUST-518a4a14,SUB-2e5b4c20,49.0,USD,Success,2025-04-04,Credit Card
TXN-9638eea8,CUST-518a4a14,SUB-2e5b4c20,49.0,USD,Success,2025-05-04,Credit Card
TXN-727174ae,CUST-518a4a14,SUB-2e5b4c20,49.0,USD,Success,2025-06-04,Wire Transfer
TXN-1d8b23ce,CUST-518a4a14,SUB-2e5b4c20,49.0,USD,Success,2025-07-04,Credit Card
TXN-61f92378,CUST-518a4a14,SUB-2e5b4c20,49.0,USD,Success,2025-08-04,PayPal
TXN-a8dcb77e,CUST-518a4a14,SUB-2e5b4c20,49.0,USD,Success,2025-09-04,Wire Transfer
TXN-ee42fb05,CUST-518a4a14,SUB-2e5b4c20,49.0,USD,Success,2025-10-04,PayPal
TXN-24b4f69a,CUST-518a4a14,SUB-2e5b4c20,49.0,USD,Success,2025-11-04,Credit Card
TXN-187574f6,CUST-518a4a14,SUB-2e5b4c20,49.0,USD,Success,2025-12-04,Credit Card
TXN-9f6f8189,CUST-518a4a14,SUB-2e5b4c20,49.0,USD,Success,2026-01-04,PayPal
TXN-cceb9f18,CUST-518a4a14,SUB-2e5b4c20,49.0,USD,Success,2026-02-04,PayPal
TXN-31206a0c,CUST-518a4a14,SUB-2e5b4c20,49.0,USD,Success,2026-03-04,PayPal
TXN-95b5dcc7,CUST-518a4a14,SUB-2e5b4c20,49.0,USD,Success,2026-04-04,Wire Transfer
TXN-32e7f711,CUST-518a4a14,SUB-2e5b4c20,49.0,USD,Success,2026-05-04,Credit Card
TXN-237adf2a,CUST-4b268b76,SUB-e127e6b6,49.0,USD,Success,2024-08-24,PayPal
TXN-441f4865,CUST-4b268b76,SUB-e127e6b6,49.0,USD,Success,2024-09-24,Credit Card
TXN-2f9f09bc,CUST-4b268b76,SUB-e127e6b6,49.0,USD,Success,2024-10-24,PayPal
TXN-a83dfe57,CUST-4b268b76,SUB-e127e6b6,49.0,USD,Success,2024-11-24,Credit Card
TXN-a6b3c34f,CUST-4b268b76,SUB-e127e6b6,49.0,USD,Success,2024-12-24,Wire Transfer
TXN-18076c02,CUST-4b268b76,SUB-e127e6b6,49.0,USD,Failed,2025-01-24,Credit Card
TXN-211df3fa,CUST-4b268b76,SUB-e127e6b6,49.0,USD,Success,2025-02-24,PayPal
TXN-993a3e57,CUST-4b268b76,SUB-e127e6b6,49.0,USD,Success,2025-03-24,Credit Card
TXN-f664d19e,CUST-4b268b76,SUB-e127e6b6,49.0,USD,Success,2025-04-24,Wire Transfer
TXN-648d4115,CUST-4b268b76,SUB-e127e6b6,49.0,USD,Success,2025-05-24,Wire Transfer
TXN-21ccc80e,CUST-4b268b76,SUB-e127e6b6,49.0,USD,Success,2025-06-24,Credit Card
TXN-c6e367d5,CUST-4b268b76,SUB-e127e6b6,49.0,USD,Success,2025-07-24,PayPal
TXN-8bbf39bc,CUST-4b268b76,SUB-e127e6b6,49.0,USD,Success,2025-08-24,Wire Transfer
TXN-d717b95b,CUST-4b268b76,SUB-e127e6b6,49.0,USD,Success,2025-09-24,Wire Transfer
TXN-c0db2f90,CUST-4b268b76,SUB-e127e6b6,49.0,USD,Success,2025-10-24,Credit Card
TXN-1d5a34ae,CUST-4b268b76,SUB-e127e6b6,49.0,USD,Success,2025-11-24,Wire Transfer
TXN-88061bfb,CUST-4b268b76,SUB-e127e6b6,49.0,USD,Success,2025-12-24,Wire Transfer
TXN-53033679,CUST-4b268b76,SUB-e127e6b6,49.0,USD,Success,2026-01-24,PayPal
TXN-722a5095,CUST-4b268b76,SUB-e127e6b6,49.0,USD,Success,2026-02-24,PayPal
TXN-7ad9728a,CUST-4b268b76,SUB-e127e6b6,49.0,USD,Success,2026-03-24,PayPal
TXN-305931f0,CUST-4b268b76,SUB-e127e6b6,49.0,USD,Success,2026-04-24,Credit Card
TXN-c87d8fda,CUST-f385480f,SUB-1a044572,499.0,USD,Success,2024-07-14,Wire Transfer
TXN-c3e9e1cc,CUST-f385480f,SUB-1a044572,499.0,USD,Failed,2024-08-14,Credit Card
TXN-608095f9,CUST-f385480f,SUB-1a044572,499.0,USD,Success,2024-09-14,Wire Transfer
TXN-e7b62ffa,CUST-f385480f,SUB-1a044572,499.0,USD,Success,2024-10-14,Wire Transfer
TXN-a9e77d3e,CUST-f385480f,SUB-1a044572,499.0,USD,Success,2024-11-14,Wire Transfer
TXN-28e6843e,CUST-f385480f,SUB-1a044572,499.0,USD,Success,2024-12-14,PayPal
TXN-59bb23d3,CUST-f385480f,SUB-1a044572,499.0,USD,Success,2025-01-14,Credit Card
TXN-33822de1,CUST-f385480f,SUB-1a044572,499.0,USD,Success,2025-02-14,Credit Card
TXN-9d01dead,CUST-f385480f,SUB-1a044572,499.0,USD,Success,2025-03-14,Wire Transfer
TXN-6d6cee9a,CUST-f385480f,SUB-1a044572,499.0,USD,Success,2025-04-14,Credit Card
TXN-6b66d240,CUST-f385480f,SUB-1a044572,499.0,USD,Success,2025-05-14,PayPal
TXN-b3486400,CUST-f385480f,SUB-1a044572,499.0,USD,Success,2025-06-14,Credit Card
TXN-83cf686a,CUST-f385480f,SUB-1a044572,499.0,USD,Success,2025-07-14,Wire Transfer
TXN-b1b6bd9f,CUST-f385480f,SUB-1a044572,499.0,USD,Success,2025-08-14,PayPal
TXN-f535c81a,CUST-f385480f,SUB-1a044572,499.0,USD,Success,2025-09-14,PayPal
TXN-144e5e6f,CUST-f385480f,SUB-1a044572,499.0,USD,Failed,2025-10-14,Wire Transfer
TXN-41e07ce7,CUST-f385480f,SUB-1a044572,499.0,USD,Success,2025-11-14,Credit Card
TXN-7094168c,CUST-f385480f,SUB-1a044572,499.0,USD,Success,2025-12-14,Wire Transfer
TXN-9c03099b,CUST-f385480f,SUB-1a044572,499.0,USD,Success,2026-01-14,Credit Card
TXN-214d2306,CUST-f385480f,SUB-1a044572,499.0,USD,Success,2026-02-14,Credit Card
TXN-0626e197,CUST-f385480f,SUB-1a044572,499.0,USD,Success,2026-03-14,PayPal
TXN-670e4b88,CUST-f385480f,SUB-1a044572,499.0,USD,Success,2026-04-14,Wire Transfer
TXN-d3910a05,CUST-1ce03862,SUB-361ad650,49.0,USD,Success,2025-11-15,PayPal
TXN-f95cf91e,CUST-1ce03862,SUB-361ad650,49.0,USD,Success,2025-12-15,Wire Transfer
TXN-20e369cc,CUST-1ce03862,SUB-361ad650,49.0,USD,Success,2026-01-15,Wire Transfer
TXN-1848e123,CUST-481e50a3,SUB-458aa452,49.0,USD,Success,2025-02-20,PayPal
TXN-73f39238,CUST-481e50a3,SUB-458aa452,49.0,USD,Success,2025-03-20,Wire Transfer
TXN-8323774a,CUST-481e50a3,SUB-458aa452,49.0,USD,Success,2025-04-20,Wire Transfer
TXN-6e708432,CUST-481e50a3,SUB-458aa452,49.0,USD,Success,2025-05-20,Credit Card
TXN-2d3d6220,CUST-481e50a3,SUB-458aa452,49.0,USD,Success,2025-06-20,Wire Transfer
TXN-68c59986,CUST-481e50a3,SUB-458aa452,49.0,USD,Refunded,2025-07-20,Wire Transfer
TXN-11425dd4,CUST-481e50a3,SUB-458aa452,49.0,USD,Success,2025-08-20,PayPal
TXN-b8a21259,CUST-481e50a3,SUB-458aa452,49.0,USD,Success,2025-09-20,PayPal
TXN-f3a5e5a0,CUST-481e50a3,SUB-458aa452,49.0,USD,Success,2025-10-20,Wire Transfer
TXN-c99fe136,CUST-481e50a3,SUB-458aa452,49.0,USD,Success,2025-11-20,Credit Card
TXN-772df7b2,CUST-481e50a3,SUB-458aa452,49.0,USD,Success,2025-12-20,Credit Card
TXN-33ea4474,CUST-481e50a3,SUB-458aa452,49.0,USD,Success,2026-01-20,PayPal
TXN-e99da063,CUST-481e50a3,SUB-458aa452,49.0,USD,Success,2026-02-20,Wire Transfer
TXN-284b788f,CUST-481e50a3,SUB-458aa452,49.0,USD,Success,2026-03-20,Wire Transfer
TXN-8dfdafb9,CUST-481e50a3,SUB-458aa452,49.0,USD,Success,2026-04-20,Credit Card
TXN-e902b139,CUST-c8f8f325,SUB-b7477282,49.0,USD,Success,2025-11-20,Credit Card
TXN-40a193a3,CUST-c8f8f325,SUB-b7477282,49.0,USD,Success,2025-12-20,Credit Card
TXN-59103885,CUST-c8f8f325,SUB-b7477282,49.0,USD,Success,2026-01-20,PayPal
TXN-f13e2028,CUST-c8f8f325,SUB-b7477282,49.0,USD,Success,2026-02-20,Wire Transfer
TXN-0fa1f597,CUST-c8f8f325,SUB-b7477282,49.0,USD,Success,2026-03-20,PayPal
TXN-dfd891c6,CUST-c8f8f325,SUB-b7477282,49.0,USD,Refunded,2026-04-20,Wire Transfer
TXN-7d70f369,CUST-a0e86b1b,SUB-6db279c2,199.0,USD,Success,2025-07-20,PayPal
TXN-665ba539,CUST-c21c37c0,SUB-7fa5f8fb,49.0,USD,Success,2025-06-26,Wire Transfer
TXN-f6b6ca8f,CUST-c21c37c0,SUB-7fa5f8fb,49.0,USD,Success,2025-07-26,Credit Card
TXN-ee5fab36,CUST-c21c37c0,SUB-7fa5f8fb,49.0,USD,Success,2025-08-26,Credit Card
TXN-c93aad68,CUST-c21c37c0,SUB-7fa5f8fb,49.0,USD,Success,2025-09-26,Credit Card
TXN-dcf0674f,CUST-c21c37c0,SUB-7fa5f8fb,49.0,USD,Failed,2025-10-26,PayPal
TXN-47c07c9d,CUST-c21c37c0,SUB-7fa5f8fb,49.0,USD,Success,2025-11-26,Credit Card
TXN-2e78091a,CUST-c21c37c0,SUB-7fa5f8fb,49.0,USD,Success,2025-12-26,Wire Transfer
TXN-db9c2338,CUST-c21c37c0,SUB-7fa5f8fb,49.0,USD,Success,2026-01-26,PayPal
TXN-fe3242e1,CUST-c21c37c0,SUB-7fa5f8fb,49.0,USD,Success,2026-02-26,Wire Transfer
TXN-77fde055,CUST-c21c37c0,SUB-7fa5f8fb,49.0,USD,Success,2026-03-26,PayPal
TXN-929422c5,CUST-c21c37c0,SUB-7fa5f8fb,49.0,USD,Success,2026-04-26,Wire Transfer
TXN-b0923928,CUST-61f40ca1,SUB-6f50c6be,199.0,USD,Success,2025-11-22,Wire Transfer
TXN-9f080a1c,CUST-61f40ca1,SUB-6f50c6be,199.0,USD,Success,2025-12-22,PayPal
TXN-273bca5c,CUST-61f40ca1,SUB-6f50c6be,199.0,USD,Success,2026-01-22,PayPal
TXN-5786c524,CUST-61f40ca1,SUB-6f50c6be,199.0,USD,Success,2026-02-22,Credit Card
TXN-8414b6b0,CUST-61f40ca1,SUB-6f50c6be,199.0,USD,Success,2026-03-22,Credit Card
TXN-2950e072,CUST-61f40ca1,SUB-6f50c6be,199.0,USD,Success,2026-04-22,Wire Transfer
TXN-f0ed3f24,CUST-b895041d,SUB-0ca4628c,49.0,USD,Success,2024-05-30,Wire Transfer
TXN-78a6ea5d,CUST-b895041d,SUB-0ca4628c,49.0,USD,Success,2024-06-30,Wire Transfer
TXN-1baecc22,CUST-b895041d,SUB-0ca4628c,49.0,USD,Success,2024-07-30,PayPal
TXN-3604a05d,CUST-b895041d,SUB-0ca4628c,49.0,USD,Success,2024-08-30,PayPal
TXN-5eda8940,CUST-b895041d,SUB-0ca4628c,49.0,USD,Success,2024-09-30,Credit Card
TXN-3e0e6c46,CUST-b895041d,SUB-0ca4628c,49.0,USD,Success,2024-10-30,Wire Transfer
TXN-d9a944d3,CUST-b895041d,SUB-0ca4628c,49.0,USD,Success,2024-11-30,Credit Card
TXN-9f78a798,CUST-b895041d,SUB-0ca4628c,49.0,USD,Success,2024-12-30,PayPal
TXN-5e6d2de5,CUST-b895041d,SUB-0ca4628c,49.0,USD,Success,2025-01-30,PayPal
TXN-957b3fc9,CUST-b895041d,SUB-0ca4628c,49.0,USD,Success,2025-02-28,PayPal
TXN-8b76490e,CUST-b895041d,SUB-0ca4628c,49.0,USD,Success,2025-03-28,Credit Card
TXN-89a2f7ec,CUST-b895041d,SUB-0ca4628c,49.0,USD,Refunded,2025-04-28,PayPal
TXN-fb918424,CUST-b895041d,SUB-0ca4628c,49.0,USD,Failed,2025-05-28,Wire Transfer
TXN-77e600f7,CUST-b895041d,SUB-0ca4628c,49.0,USD,Success,2025-06-28,Credit Card
TXN-54efef5a,CUST-b895041d,SUB-0ca4628c,49.0,USD,Success,2025-07-28,PayPal
TXN-630b51ac,CUST-b895041d,SUB-0ca4628c,49.0,USD,Success,2025-08-28,Credit Card
TXN-ea9eb6e5,CUST-b895041d,SUB-0ca4628c,49.0,USD,Failed,2025-09-28,Credit Card
TXN-70f13edd,CUST-b895041d,SUB-0ca4628c,49.0,USD,Success,2025-10-28,PayPal
TXN-9b44978a,CUST-b895041d,SUB-0ca4628c,49.0,USD,Success,2025-11-28,PayPal
TXN-4996dc10,CUST-b895041d,SUB-0ca4628c,49.0,USD,Success,2025-12-28,Credit Card
TXN-d3e52b68,CUST-b895041d,SUB-0ca4628c,49.0,USD,Success,2026-01-28,Credit Card
TXN-0cdd1094,CUST-b895041d,SUB-0ca4628c,49.0,USD,Success,2026-02-28,PayPal
TXN-3455f2be,CUST-b895041d,SUB-0ca4628c,49.0,USD,Success,2026-03-28,Wire Transfer
TXN-03718a56,CUST-b895041d,SUB-0ca4628c,49.0,USD,Success,2026-04-28,Credit Card
TXN-e249c526,CUST-8cfc39ea,SUB-10f6bfb5,199.0,USD,Success,2025-08-28,Credit Card
TXN-57be4d8a,CUST-8cfc39ea,SUB-10f6bfb5,199.0,USD,Success,2025-09-28,Wire Transfer
TXN-e5ba637e,CUST-8cfc39ea,SUB-10f6bfb5,199.0,USD,Success,2025-10-28,PayPal
TXN-2a2cdb23,CUST-8cfc39ea,SUB-10f6bfb5,199.0,USD,Success,2025-11-28,PayPal
TXN-0e62c009,CUST-8cfc39ea,SUB-10f6bfb5,199.0,USD,Success,2025-12-28,Wire Transfer
TXN-00f8a85c,CUST-8cfc39ea,SUB-10f6bfb5,199.0,USD,Success,2026-01-28,PayPal
TXN-1f5a9100,CUST-8cfc39ea,SUB-10f6bfb5,199.0,USD,Success,2026-02-28,PayPal
TXN-378550ab,CUST-8cfc39ea,SUB-10f6bfb5,199.0,USD,Success,2026-03-28,Credit Card
TXN-e82ff820,CUST-8cfc39ea,SUB-10f6bfb5,199.0,USD,Success,2026-04-28,Credit Card
TXN-16077153,CUST-2e1d0da6,SUB-e1c8ec4a,49.0,USD,Success,2025-12-12,Credit Card
TXN-966e10ac,CUST-2e1d0da6,SUB-e1c8ec4a,49.0,USD,Success,2026-01-12,Wire Transfer
TXN-5a259828,CUST-2e1d0da6,SUB-e1c8ec4a,49.0,USD,Success,2026-02-12,PayPal
TXN-02236e63,CUST-7ffca633,SUB-f97804c4,199.0,USD,Success,2024-12-05,PayPal
TXN-1aaf2912,CUST-7ffca633,SUB-f97804c4,199.0,USD,Success,2025-01-05,Credit Card
TXN-807d1caa,CUST-7ffca633,SUB-f97804c4,199.0,USD,Success,2025-02-05,Credit Card
TXN-6c02bcc2,CUST-7ffca633,SUB-f97804c4,199.0,USD,Success,2025-03-05,Wire Transfer
TXN-eabb7d24,CUST-7ffca633,SUB-f97804c4,199.0,USD,Success,2025-04-05,PayPal
TXN-1ecf3c6a,CUST-7ffca633,SUB-f97804c4,199.0,USD,Success,2025-05-05,Wire Transfer
TXN-3045444c,CUST-7ffca633,SUB-f97804c4,199.0,USD,Success,2025-06-05,PayPal
TXN-f5d61c86,CUST-7ffca633,SUB-f97804c4,199.0,USD,Success,2025-07-05,Wire Transfer
TXN-244e0ae3,CUST-7ffca633,SUB-f97804c4,199.0,USD,Success,2025-08-05,Credit Card
TXN-75a34870,CUST-7ffca633,SUB-f97804c4,199.0,USD,Success,2025-09-05,Wire Transfer
TXN-ba771fad,CUST-7ffca633,SUB-f97804c4,199.0,USD,Success,2025-10-05,Wire Transfer
TXN-4e8ea63e,CUST-7ffca633,SUB-f97804c4,199.0,USD,Success,2025-11-05,Credit Card
TXN-09483ff8,CUST-7ffca633,SUB-f97804c4,199.0,USD,Success,2025-12-05,PayPal
TXN-7127f75a,CUST-7ffca633,SUB-f97804c4,199.0,USD,Refunded,2026-01-05,PayPal
TXN-06263c38,CUST-7ffca633,SUB-f97804c4,199.0,USD,Success,2026-02-05,Credit Card
TXN-91d23fd9,CUST-7ffca633,SUB-f97804c4,199.0,USD,Success,2026-03-05,Wire Transfer
TXN-8fdee11a,CUST-7ffca633,SUB-f97804c4,199.0,USD,Success,2026-04-05,Wire Transfer
TXN-82da9450,CUST-7ffca633,SUB-f97804c4,199.0,USD,Success,2026-05-05,Wire Transfer
TXN-9a959817,CUST-9324070d,SUB-e91d6dfa,499.0,USD,Success,2025-09-24,PayPal
TXN-75133f2b,CUST-9324070d,SUB-e91d6dfa,499.0,USD,Success,2025-10-24,Wire Transfer
TXN-cfc4b025,CUST-9324070d,SUB-e91d6dfa,499.0,USD,Success,2025-11-24,PayPal
TXN-5e52833b,CUST-9324070d,SUB-e91d6dfa,499.0,USD,Success,2025-12-24,Wire Transfer
TXN-688801ab,CUST-9324070d,SUB-e91d6dfa,499.0,USD,Success,2026-01-24,Credit Card
TXN-f19d7e66,CUST-9324070d,SUB-e91d6dfa,499.0,USD,Success,2026-02-24,Credit Card
TXN-6803a3fe,CUST-9324070d,SUB-e91d6dfa,499.0,USD,Success,2026-03-24,PayPal
TXN-bb5e35f4,CUST-9324070d,SUB-e91d6dfa,499.0,USD,Success,2026-04-24,PayPal
TXN-71b90b17,CUST-bb92c018,SUB-a9a4d36a,199.0,USD,Success,2024-09-07,Credit Card
TXN-735a4059,CUST-bb92c018,SUB-a9a4d36a,199.0,USD,Refunded,2024-10-07,Credit Card
TXN-1f49a7e0,CUST-bb92c018,SUB-a9a4d36a,199.0,USD,Success,2024-11-07,Wire Transfer
TXN-675ea0bc,CUST-bb92c018,SUB-a9a4d36a,199.0,USD,Refunded,2024-12-07,Credit Card
TXN-84e4ea3e,CUST-bb92c018,SUB-a9a4d36a,199.0,USD,Success,2025-01-07,PayPal
TXN-8dd47008,CUST-bb92c018,SUB-a9a4d36a,199.0,USD,Success,2025-02-07,Credit Card
TXN-51a992b7,CUST-bb92c018,SUB-a9a4d36a,199.0,USD,Success,2025-03-07,PayPal
TXN-3caf50c0,CUST-bb92c018,SUB-a9a4d36a,199.0,USD,Success,2025-04-07,PayPal
TXN-448725b6,CUST-bb92c018,SUB-a9a4d36a,199.0,USD,Success,2025-05-07,Wire Transfer
TXN-812c14ac,CUST-bb92c018,SUB-a9a4d36a,199.0,USD,Success,2025-06-07,Wire Transfer
TXN-027bce58,CUST-bb92c018,SUB-a9a4d36a,199.0,USD,Success,2025-07-07,Wire Transfer
TXN-65fb4144,CUST-bb92c018,SUB-a9a4d36a,199.0,USD,Success,2025-08-07,Wire Transfer
TXN-7d68aa0b,CUST-bb92c018,SUB-a9a4d36a,199.0,USD,Success,2025-09-07,Credit Card
TXN-0b1521d7,CUST-bb92c018,SUB-a9a4d36a,199.0,USD,Success,2025-10-07,Wire Transfer
TXN-1c94365d,CUST-bb92c018,SUB-a9a4d36a,199.0,USD,Success,2025-11-07,Credit Card
TXN-8cd4a805,CUST-bb92c018,SUB-a9a4d36a,199.0,USD,Success,2025-12-07,Wire Transfer
TXN-4ea2900e,CUST-bb92c018,SUB-a9a4d36a,199.0,USD,Success,2026-01-07,Wire Transfer
TXN-85553b8d,CUST-bb92c018,SUB-a9a4d36a,199.0,USD,Success,2026-02-07,PayPal
TXN-4f1b1bd6,CUST-bb92c018,SUB-a9a4d36a,199.0,USD,Success,2026-03-07,Credit Card
TXN-613b7812,CUST-bb92c018,SUB-a9a4d36a,199.0,USD,Success,2026-04-07,PayPal
TXN-01dc99f2,CUST-bb92c018,SUB-a9a4d36a,199.0,USD,Success,2026-05-07,Wire Transfer
TXN-a6c0761f,CUST-f5997bdf,SUB-4fd3236c,49.0,USD,Success,2024-09-02,Credit Card
TXN-414d61a7,CUST-f5997bdf,SUB-4fd3236c,49.0,USD,Success,2024-10-02,Wire Transfer
TXN-7630a572,CUST-f5997bdf,SUB-4fd3236c,49.0,USD,Success,2024-11-02,PayPal
TXN-6194fdbf,CUST-f5997bdf,SUB-4fd3236c,49.0,USD,Failed,2024-12-02,Credit Card
TXN-e48c97dd,CUST-f5997bdf,SUB-4fd3236c,49.0,USD,Success,2025-01-02,PayPal
TXN-52b05781,CUST-f5997bdf,SUB-4fd3236c,49.0,USD,Success,2025-02-02,Wire Transfer
TXN-80758dcf,CUST-f5997bdf,SUB-4fd3236c,49.0,USD,Failed,2025-03-02,Wire Transfer
TXN-24d1687d,CUST-f5997bdf,SUB-4fd3236c,49.0,USD,Success,2025-04-02,Wire Transfer
TXN-b733b54a,CUST-f5997bdf,SUB-4fd3236c,49.0,USD,Success,2025-05-02,Credit Card
TXN-85d691c2,CUST-f5997bdf,SUB-4fd3236c,49.0,USD,Success,2025-06-02,PayPal
TXN-7ab131fe,CUST-f5997bdf,SUB-4fd3236c,49.0,USD,Success,2025-07-02,PayPal
TXN-0cb338fc,CUST-f5997bdf,SUB-4fd3236c,49.0,USD,Success,2025-08-02,Wire Transfer
TXN-1f397767,CUST-f5997bdf,SUB-4fd3236c,49.0,USD,Success,2025-09-02,PayPal
TXN-984df88e,CUST-f5997bdf,SUB-4fd3236c,49.0,USD,Success,2025-10-02,Credit Card
TXN-3f39c38d,CUST-f5997bdf,SUB-4fd3236c,49.0,USD,Success,2025-11-02,Wire Transfer
TXN-a90e96f0,CUST-f5997bdf,SUB-4fd3236c,49.0,USD,Success,2025-12-02,Wire Transfer
TXN-8bcc8fc7,CUST-f5997bdf,SUB-4fd3236c,49.0,USD,Success,2026-01-02,Wire Transfer
TXN-1bd475bd,CUST-69715244,SUB-8b44f5f9,49.0,USD,Success,2024-07-17,Credit Card
TXN-589c1ae5,CUST-69715244,SUB-8b44f5f9,49.0,USD,Success,2024-08-17,Wire Transfer
TXN-5f7f5f96,CUST-69715244,SUB-8b44f5f9,49.0,USD,Success,2024-09-17,Wire Transfer
TXN-4ad4a114,CUST-69715244,SUB-8b44f5f9,49.0,USD,Success,2024-10-17,Wire Transfer
TXN-18361661,CUST-69715244,SUB-8b44f5f9,49.0,USD,Success,2024-11-17,Wire Transfer
TXN-3fc297c7,CUST-69715244,SUB-8b44f5f9,49.0,USD,Success,2024-12-17,PayPal
TXN-3bb41e69,CUST-69715244,SUB-8b44f5f9,49.0,USD,Success,2025-01-17,Wire Transfer
TXN-fcd4445f,CUST-69715244,SUB-8b44f5f9,49.0,USD,Success,2025-02-17,Credit Card
TXN-5470c6cd,CUST-69715244,SUB-8b44f5f9,49.0,USD,Success,2025-03-17,Wire Transfer
TXN-a20205d2,CUST-69715244,SUB-8b44f5f9,49.0,USD,Failed,2025-04-17,Wire Transfer
TXN-c5c70df5,CUST-69715244,SUB-8b44f5f9,49.0,USD,Success,2025-05-17,PayPal
TXN-6c882fff,CUST-69715244,SUB-8b44f5f9,49.0,USD,Success,2025-06-17,Wire Transfer
TXN-2ed0dd97,CUST-69715244,SUB-8b44f5f9,49.0,USD,Success,2025-07-17,PayPal
TXN-7c7fd515,CUST-69715244,SUB-8b44f5f9,49.0,USD,Success,2025-08-17,Credit Card
TXN-20bcff9d,CUST-69715244,SUB-8b44f5f9,49.0,USD,Success,2025-09-17,PayPal
TXN-95428687,CUST-69715244,SUB-8b44f5f9,49.0,USD,Success,2025-10-17,Wire Transfer
TXN-b36852bf,CUST-69715244,SUB-8b44f5f9,49.0,USD,Success,2025-11-17,Credit Card
TXN-f2dde59c,CUST-69715244,SUB-8b44f5f9,49.0,USD,Success,2025-12-17,Wire Transfer
TXN-45a8c344,CUST-69715244,SUB-8b44f5f9,49.0,USD,Success,2026-01-17,PayPal
TXN-612b2f76,CUST-69715244,SUB-8b44f5f9,49.0,USD,Success,2026-02-17,Credit Card
TXN-d90b4dea,CUST-69715244,SUB-8b44f5f9,49.0,USD,Success,2026-03-17,Credit Card
TXN-60ac8ef5,CUST-69715244,SUB-8b44f5f9,49.0,USD,Success,2026-04-17,PayPal
TXN-ab7402a3,CUST-bd0c49c4,SUB-9fe2341e,49.0,USD,Success,2025-03-09,PayPal
TXN-11b2c9b1,CUST-bd0c49c4,SUB-9fe2341e,49.0,USD,Success,2025-04-09,Credit Card
TXN-0ae4407e,CUST-bd0c49c4,SUB-9fe2341e,49.0,USD,Success,2025-05-09,Credit Card
TXN-e2cd7747,CUST-bd0c49c4,SUB-9fe2341e,49.0,USD,Success,2025-06-09,PayPal
TXN-7748ab3e,CUST-bd0c49c4,SUB-9fe2341e,49.0,USD,Success,2025-07-09,Wire Transfer
TXN-863b5111,CUST-bd0c49c4,SUB-9fe2341e,49.0,USD,Success,2025-08-09,Credit Card
TXN-65996fb7,CUST-bd0c49c4,SUB-9fe2341e,49.0,USD,Success,2025-09-09,PayPal
TXN-8960160b,CUST-bd0c49c4,SUB-9fe2341e,49.0,USD,Success,2025-10-09,Wire Transfer
TXN-e7ff11d3,CUST-bd0c49c4,SUB-9fe2341e,49.0,USD,Success,2025-11-09,Credit Card
TXN-6b1fb9a5,CUST-bd0c49c4,SUB-9fe2341e,49.0,USD,Success,2025-12-09,Credit Card
TXN-200308b0,CUST-bd0c49c4,SUB-9fe2341e,49.0,USD,Success,2026-01-09,PayPal
TXN-d30a1779,CUST-bd0c49c4,SUB-9fe2341e,49.0,USD,Success,2026-02-09,Wire Transfer
TXN-b9c338a8,CUST-bd0c49c4,SUB-9fe2341e,49.0,USD,Success,2026-03-09,Credit Card
TXN-396d8a1e,CUST-bd0c49c4,SUB-9fe2341e,49.0,USD,Success,2026-04-09,Wire Transfer
TXN-c8ee3f36,CUST-20ddc171,SUB-b8ef8663,49.0,USD,Success,2026-01-20,Wire Transfer
TXN-0f2c8c80,CUST-20ddc171,SUB-b8ef8663,49.0,USD,Success,2026-02-20,Credit Card
TXN-6ef5480b,CUST-20ddc171,SUB-b8ef8663,49.0,USD,Success,2026-03-20,Wire Transfer
TXN-0df30396,CUST-20ddc171,SUB-b8ef8663,49.0,USD,Success,2026-04-20,Credit Card
TXN-3c334183,CUST-a4399743,SUB-4a1167ea,49.0,USD,Success,2026-03-13,Wire Transfer
TXN-0332de01,CUST-a4399743,SUB-4a1167ea,49.0,USD,Success,2026-04-13,Credit Card
TXN-32821140,CUST-db7d2d34,SUB-729ba9a8,499.0,USD,Success,2025-03-18,PayPal
TXN-06d87847,CUST-db7d2d34,SUB-729ba9a8,499.0,USD,Success,2025-04-18,Credit Card
TXN-a5b347b4,CUST-db7d2d34,SUB-729ba9a8,499.0,USD,Success,2025-05-18,Credit Card
TXN-09b7f31b,CUST-db7d2d34,SUB-729ba9a8,499.0,USD,Success,2025-06-18,Credit Card
TXN-e72db587,CUST-db7d2d34,SUB-729ba9a8,499.0,USD,Success,2025-07-18,Wire Transfer
TXN-37df3656,CUST-db7d2d34,SUB-729ba9a8,499.0,USD,Success,2025-08-18,PayPal
TXN-a636483b,CUST-db7d2d34,SUB-729ba9a8,499.0,USD,Success,2025-09-18,Wire Transfer
TXN-bb2f8ba6,CUST-db7d2d34,SUB-729ba9a8,499.0,USD,Success,2025-10-18,Wire Transfer
TXN-507a9d97,CUST-db7d2d34,SUB-729ba9a8,499.0,USD,Success,2025-11-18,Credit Card
TXN-b45b01b2,CUST-db7d2d34,SUB-729ba9a8,499.0,USD,Success,2025-12-18,Wire Transfer
TXN-b3906c7c,CUST-db7d2d34,SUB-729ba9a8,499.0,USD,Success,2026-01-18,Credit Card
TXN-cbcd86aa,CUST-db7d2d34,SUB-729ba9a8,499.0,USD,Success,2026-02-18,PayPal
TXN-ec751baf,CUST-db7d2d34,SUB-729ba9a8,499.0,USD,Success,2026-03-18,Wire Transfer
TXN-cbe2a485,CUST-db7d2d34,SUB-729ba9a8,499.0,USD,Success,2026-04-18,Wire Transfer
TXN-37dd9a5e,CUST-84b29d58,SUB-e626cca0,49.0,USD,Failed,2024-09-16,Wire Transfer
TXN-cfe70445,CUST-84b29d58,SUB-e626cca0,49.0,USD,Success,2024-10-16,Credit Card
TXN-6afa8d7e,CUST-84b29d58,SUB-e626cca0,49.0,USD,Success,2024-11-16,Credit Card
TXN-6fe62638,CUST-84b29d58,SUB-e626cca0,49.0,USD,Success,2024-12-16,Wire Transfer
TXN-c5fdc5dc,CUST-84b29d58,SUB-e626cca0,49.0,USD,Success,2025-01-16,Wire Transfer
TXN-2916ea9a,CUST-84b29d58,SUB-e626cca0,49.0,USD,Success,2025-02-16,PayPal
TXN-7f611846,CUST-84b29d58,SUB-e626cca0,49.0,USD,Success,2025-03-16,PayPal
TXN-7fa8873d,CUST-84b29d58,SUB-e626cca0,49.0,USD,Success,2025-04-16,PayPal
TXN-c2865b31,CUST-84b29d58,SUB-e626cca0,49.0,USD,Success,2025-05-16,PayPal
TXN-ca616428,CUST-84b29d58,SUB-e626cca0,49.0,USD,Failed,2025-06-16,PayPal
TXN-cb581023,CUST-84b29d58,SUB-e626cca0,49.0,USD,Success,2025-07-16,Credit Card
TXN-c5768a22,CUST-84b29d58,SUB-e626cca0,49.0,USD,Success,2025-08-16,PayPal
TXN-2b311de0,CUST-84b29d58,SUB-e626cca0,49.0,USD,Success,2025-09-16,PayPal
TXN-8aca07bb,CUST-84b29d58,SUB-e626cca0,49.0,USD,Success,2025-10-16,Wire Transfer
TXN-b13cf961,CUST-84b29d58,SUB-e626cca0,49.0,USD,Failed,2025-11-16,Credit Card
TXN-0909ef74,CUST-84b29d58,SUB-e626cca0,49.0,USD,Failed,2025-12-16,PayPal
TXN-57953c24,CUST-84b29d58,SUB-e626cca0,49.0,USD,Success,2026-01-16,PayPal
TXN-b7b220c8,CUST-84b29d58,SUB-e626cca0,49.0,USD,Success,2026-02-16,PayPal
TXN-2c94ee69,CUST-84b29d58,SUB-e626cca0,49.0,USD,Success,2026-03-16,Wire Transfer
TXN-b240b8f4,CUST-84b29d58,SUB-e626cca0,49.0,USD,Failed,2026-04-16,Wire Transfer
TXN-430c97da,CUST-266acec6,SUB-3a2f6afc,199.0,USD,Success,2024-12-16,Wire Transfer
TXN-a808a0f6,CUST-266acec6,SUB-3a2f6afc,199.0,USD,Success,2025-01-16,PayPal
TXN-fbac295f,CUST-266acec6,SUB-3a2f6afc,199.0,USD,Success,2025-02-16,Wire Transfer
TXN-bcb1f7d7,CUST-266acec6,SUB-3a2f6afc,199.0,USD,Success,2025-03-16,PayPal
TXN-885270b8,CUST-266acec6,SUB-3a2f6afc,199.0,USD,Success,2025-04-16,Credit Card
TXN-5cb23ee8,CUST-266acec6,SUB-3a2f6afc,199.0,USD,Success,2025-05-16,PayPal
TXN-e9071f26,CUST-266acec6,SUB-3a2f6afc,199.0,USD,Success,2025-06-16,Wire Transfer
TXN-a3d62e2e,CUST-266acec6,SUB-3a2f6afc,199.0,USD,Success,2025-07-16,Credit Card
TXN-6a51b4ef,CUST-266acec6,SUB-3a2f6afc,199.0,USD,Success,2025-08-16,PayPal
TXN-4c8b7157,CUST-266acec6,SUB-3a2f6afc,199.0,USD,Success,2025-09-16,Credit Card
TXN-0d028d8a,CUST-266acec6,SUB-3a2f6afc,199.0,USD,Success,2025-10-16,Credit Card
TXN-7e833c73,CUST-266acec6,SUB-3a2f6afc,199.0,USD,Success,2025-11-16,Credit Card
TXN-89674383,CUST-266acec6,SUB-3a2f6afc,199.0,USD,Success,2025-12-16,PayPal
TXN-bd3863a7,CUST-266acec6,SUB-3a2f6afc,199.0,USD,Success,2026-01-16,Wire Transfer
TXN-c76edb60,CUST-266acec6,SUB-3a2f6afc,199.0,USD,Refunded,2026-02-16,PayPal
TXN-a91feaa4,CUST-266acec6,SUB-3a2f6afc,199.0,USD,Success,2026-03-16,Wire Transfer
TXN-ce1d21ba,CUST-266acec6,SUB-3a2f6afc,199.0,USD,Success,2026-04-16,PayPal
TXN-40abc316,CUST-902687ad,SUB-ecbb22d6,199.0,USD,Success,2026-04-24,PayPal
TXN-cc7e7fe3,CUST-4f3967ed,SUB-353a6e55,199.0,USD,Success,2026-01-28,PayPal
TXN-770afce6,CUST-4f3967ed,SUB-353a6e55,199.0,USD,Success,2026-02-28,Wire Transfer
TXN-9cbbcb78,CUST-4f3967ed,SUB-353a6e55,199.0,USD,Success,2026-03-28,PayPal
TXN-02efeaf2,CUST-1910985a,SUB-76047336,49.0,USD,Success,2025-06-16,Credit Card
TXN-6559609c,CUST-1910985a,SUB-76047336,49.0,USD,Success,2025-07-16,PayPal
TXN-a0717209,CUST-1910985a,SUB-76047336,49.0,USD,Success,2025-08-16,Credit Card
TXN-6d489613,CUST-1910985a,SUB-76047336,49.0,USD,Success,2025-09-16,Wire Transfer
TXN-2f691882,CUST-1910985a,SUB-76047336,49.0,USD,Success,2025-10-16,Wire Transfer
TXN-3f17cf2a,CUST-1910985a,SUB-76047336,49.0,USD,Success,2025-11-16,PayPal
TXN-74f07689,CUST-1910985a,SUB-76047336,49.0,USD,Success,2025-12-16,PayPal
TXN-54785237,CUST-1910985a,SUB-76047336,49.0,USD,Success,2026-01-16,PayPal
TXN-75af2831,CUST-1910985a,SUB-76047336,49.0,USD,Success,2026-02-16,Credit Card
TXN-e6f79e9a,CUST-1910985a,SUB-76047336,49.0,USD,Success,2026-03-16,Wire Transfer
TXN-a4270a1a,CUST-1910985a,SUB-76047336,49.0,USD,Success,2026-04-16,Credit Card
TXN-ebbce810,CUST-4a5fa8e4,SUB-c93be38b,499.0,USD,Success,2025-01-01,Credit Card
TXN-4c1a7f67,CUST-4a5fa8e4,SUB-c93be38b,499.0,USD,Success,2025-02-01,PayPal
TXN-81d2c56a,CUST-4a5fa8e4,SUB-c93be38b,499.0,USD,Success,2025-03-01,PayPal
TXN-0d90786c,CUST-4a5fa8e4,SUB-c93be38b,499.0,USD,Success,2025-04-01,Credit Card
TXN-288cf314,CUST-4a5fa8e4,SUB-c93be38b,499.0,USD,Success,2025-05-01,Credit Card
TXN-e8459cbf,CUST-4a5fa8e4,SUB-c93be38b,499.0,USD,Success,2025-06-01,PayPal
TXN-53153cb1,CUST-4a5fa8e4,SUB-c93be38b,499.0,USD,Success,2025-07-01,PayPal
TXN-1e5b84c8,CUST-4a5fa8e4,SUB-c93be38b,499.0,USD,Success,2025-08-01,Credit Card
TXN-f9c3527d,CUST-4a5fa8e4,SUB-c93be38b,499.0,USD,Failed,2025-09-01,PayPal
TXN-542263d7,CUST-4a5fa8e4,SUB-c93be38b,499.0,USD,Success,2025-10-01,PayPal
TXN-f0011cd8,CUST-4a5fa8e4,SUB-c93be38b,499.0,USD,Success,2025-11-01,Credit Card
TXN-5b634a99,CUST-4a5fa8e4,SUB-c93be38b,499.0,USD,Success,2025-12-01,Credit Card
TXN-9614bb77,CUST-4a5fa8e4,SUB-c93be38b,499.0,USD,Success,2026-01-01,Wire Transfer
TXN-fc29489f,CUST-4a5fa8e4,SUB-c93be38b,499.0,USD,Success,2026-02-01,Credit Card
TXN-ac284ad9,CUST-4a5fa8e4,SUB-c93be38b,499.0,USD,Success,2026-03-01,PayPal
TXN-59871613,CUST-4a5fa8e4,SUB-c93be38b,499.0,USD,Success,2026-04-01,Credit Card
TXN-c7ad08bf,CUST-4a5fa8e4,SUB-c93be38b,499.0,USD,Success,2026-05-01,Credit Card
TXN-54e17276,CUST-6ed517d4,SUB-daec95fd,49.0,USD,Success,2025-05-27,Credit Card
TXN-03f34b8a,CUST-6ed517d4,SUB-daec95fd,49.0,USD,Success,2025-06-27,Wire Transfer
TXN-b5804e79,CUST-6ed517d4,SUB-daec95fd,49.0,USD,Success,2025-07-27,Wire Transfer
TXN-da74103b,CUST-6ed517d4,SUB-daec95fd,49.0,USD,Success,2025-08-27,PayPal
TXN-d969640b,CUST-6ed517d4,SUB-daec95fd,49.0,USD,Success,2025-09-27,Wire Transfer
TXN-e0e96281,CUST-6ed517d4,SUB-daec95fd,49.0,USD,Success,2025-10-27,Credit Card
TXN-f24a8e63,CUST-6ed517d4,SUB-daec95fd,49.0,USD,Success,2025-11-27,Wire Transfer
TXN-c38b8bfb,CUST-6ed517d4,SUB-daec95fd,49.0,USD,Success,2025-12-27,Credit Card
TXN-ca82547c,CUST-6ed517d4,SUB-daec95fd,49.0,USD,Success,2026-01-27,Wire Transfer
TXN-e4df2629,CUST-6ed517d4,SUB-daec95fd,49.0,USD,Success,2026-02-27,Wire Transfer
TXN-f88d2aae,CUST-6ed517d4,SUB-daec95fd,49.0,USD,Success,2026-03-27,Wire Transfer
TXN-8994c75c,CUST-6ed517d4,SUB-daec95fd,49.0,USD,Success,2026-04-27,Credit Card
TXN-eeab06b8,CUST-8836e401,SUB-813606e6,499.0,USD,Success,2025-11-27,Wire Transfer
TXN-9456a2ad,CUST-8836e401,SUB-813606e6,499.0,USD,Success,2025-12-27,Credit Card
TXN-012a3a40,CUST-dfc641b7,SUB-944e3582,499.0,USD,Success,2024-11-08,Credit Card
TXN-376231e5,CUST-dfc641b7,SUB-944e3582,499.0,USD,Refunded,2024-12-08,PayPal
TXN-7f9154e6,CUST-dfc641b7,SUB-944e3582,499.0,USD,Success,2025-01-08,Wire Transfer
TXN-bb583488,CUST-dfc641b7,SUB-944e3582,499.0,USD,Success,2025-02-08,PayPal
TXN-d468cb18,CUST-dfc641b7,SUB-944e3582,499.0,USD,Success,2025-03-08,PayPal
TXN-c3eac396,CUST-dfc641b7,SUB-944e3582,499.0,USD,Success,2025-04-08,Credit Card
TXN-8d09c14f,CUST-dfc641b7,SUB-944e3582,499.0,USD,Success,2025-05-08,Wire Transfer
TXN-24b97d07,CUST-dfc641b7,SUB-944e3582,499.0,USD,Success,2025-06-08,Credit Card
TXN-db98c729,CUST-dfc641b7,SUB-944e3582,499.0,USD,Success,2025-07-08,Credit Card
TXN-77559ef5,CUST-dfc641b7,SUB-944e3582,499.0,USD,Success,2025-08-08,Wire Transfer
TXN-a31a95fa,CUST-dfc641b7,SUB-944e3582,499.0,USD,Success,2025-09-08,Credit Card
TXN-d288c0cf,CUST-dfc641b7,SUB-944e3582,499.0,USD,Success,2025-10-08,Wire Transfer
TXN-78378a42,CUST-dfc641b7,SUB-944e3582,499.0,USD,Success,2025-11-08,Wire Transfer
TXN-7d235fe2,CUST-dfc641b7,SUB-944e3582,499.0,USD,Success,2025-12-08,Credit Card
TXN-fa8d79f9,CUST-dfc641b7,SUB-944e3582,499.0,USD,Success,2026-01-08,Credit Card
TXN-c48131f7,CUST-dfc641b7,SUB-944e3582,499.0,USD,Success,2026-02-08,PayPal
TXN-32cc7f7b,CUST-dfc641b7,SUB-944e3582,499.0,USD,Success,2026-03-08,Credit Card
TXN-d38caf5f,CUST-dfc641b7,SUB-944e3582,499.0,USD,Success,2026-04-08,Wire Transfer
TXN-657ee115,CUST-dfc641b7,SUB-944e3582,499.0,USD,Success,2026-05-08,PayPal
TXN-7133dbec,CUST-7d544c56,SUB-4ea445d5,499.0,USD,Success,2025-08-23,Wire Transfer
TXN-439033d7,CUST-7d544c56,SUB-4ea445d5,499.0,USD,Success,2025-09-23,PayPal
TXN-0a6de5b5,CUST-7d544c56,SUB-4ea445d5,499.0,USD,Success,2025-10-23,Credit Card
TXN-c7e9494b,CUST-7d544c56,SUB-4ea445d5,499.0,USD,Success,2025-11-23,Credit Card
TXN-c1a9b927,CUST-7d544c56,SUB-4ea445d5,499.0,USD,Success,2025-12-23,Credit Card
TXN-3e0c5bd1,CUST-45723bfd,SUB-549a110f,199.0,USD,Success,2025-07-14,Wire Transfer
TXN-de38ab3a,CUST-45723bfd,SUB-549a110f,199.0,USD,Success,2025-08-14,PayPal
TXN-04ae0afc,CUST-45723bfd,SUB-549a110f,199.0,USD,Success,2025-09-14,Wire Transfer
TXN-b96d0bdd,CUST-f9a67dd6,SUB-63e69b00,49.0,USD,Success,2024-09-30,PayPal
TXN-4276b7be,CUST-f9a67dd6,SUB-63e69b00,49.0,USD,Success,2024-10-30,Credit Card
TXN-5727ac19,CUST-f9a67dd6,SUB-63e69b00,49.0,USD,Success,2024-11-30,Wire Transfer
TXN-6be2110a,CUST-f9a67dd6,SUB-63e69b00,49.0,USD,Success,2024-12-30,Credit Card
TXN-703f7f42,CUST-f9a67dd6,SUB-63e69b00,49.0,USD,Success,2025-01-30,Wire Transfer
TXN-b162c2a0,CUST-f9a67dd6,SUB-63e69b00,49.0,USD,Success,2025-02-28,Credit Card
TXN-eb51b6d8,CUST-f9a67dd6,SUB-63e69b00,49.0,USD,Success,2025-03-28,Wire Transfer
TXN-5e536af8,CUST-f9a67dd6,SUB-63e69b00,49.0,USD,Success,2025-04-28,Wire Transfer
TXN-d6c21682,CUST-f9a67dd6,SUB-63e69b00,49.0,USD,Success,2025-05-28,PayPal
TXN-87cdc3e6,CUST-f9a67dd6,SUB-63e69b00,49.0,USD,Success,2025-06-28,Credit Card
TXN-27e3ce67,CUST-f9a67dd6,SUB-63e69b00,49.0,USD,Success,2025-07-28,PayPal
TXN-6dae4f40,CUST-f9a67dd6,SUB-63e69b00,49.0,USD,Success,2025-08-28,PayPal
TXN-0b739486,CUST-f9a67dd6,SUB-63e69b00,49.0,USD,Success,2025-09-28,Credit Card
TXN-24120dea,CUST-f9a67dd6,SUB-63e69b00,49.0,USD,Success,2025-10-28,Wire Transfer
TXN-e12f36bc,CUST-f9a67dd6,SUB-63e69b00,49.0,USD,Success,2025-11-28,PayPal
TXN-dfbceff0,CUST-f9a67dd6,SUB-63e69b00,49.0,USD,Failed,2025-12-28,Credit Card
TXN-88987ded,CUST-f9a67dd6,SUB-63e69b00,49.0,USD,Success,2026-01-28,Wire Transfer
TXN-8315cf81,CUST-f9a67dd6,SUB-63e69b00,49.0,USD,Success,2026-02-28,PayPal
TXN-9c424105,CUST-f9a67dd6,SUB-63e69b00,49.0,USD,Success,2026-03-28,PayPal
TXN-0c4aed36,CUST-f9a67dd6,SUB-63e69b00,49.0,USD,Success,2026-04-28,PayPal
TXN-615ea0ea,CUST-e79fcfa0,SUB-1f45ab93,49.0,USD,Success,2025-01-03,Wire Transfer
TXN-196af105,CUST-e79fcfa0,SUB-1f45ab93,49.0,USD,Success,2025-02-03,PayPal
TXN-da820f04,CUST-e79fcfa0,SUB-1f45ab93,49.0,USD,Success,2025-03-03,Wire Transfer
TXN-f94d46d7,CUST-e79fcfa0,SUB-1f45ab93,49.0,USD,Success,2025-04-03,PayPal
TXN-6a59e903,CUST-e79fcfa0,SUB-1f45ab93,49.0,USD,Success,2025-05-03,Credit Card
TXN-c365ec44,CUST-e79fcfa0,SUB-1f45ab93,49.0,USD,Success,2025-06-03,PayPal
TXN-637b139c,CUST-e79fcfa0,SUB-1f45ab93,49.0,USD,Success,2025-07-03,Credit Card
TXN-9c5ef6ab,CUST-e79fcfa0,SUB-1f45ab93,49.0,USD,Success,2025-08-03,Credit Card
TXN-047d9ce5,CUST-e79fcfa0,SUB-1f45ab93,49.0,USD,Success,2025-09-03,Credit Card
TXN-7ba4a5e8,CUST-e79fcfa0,SUB-1f45ab93,49.0,USD,Success,2025-10-03,Wire Transfer
TXN-b3b633d9,CUST-e79fcfa0,SUB-1f45ab93,49.0,USD,Success,2025-11-03,Credit Card
TXN-b6011c48,CUST-e79fcfa0,SUB-1f45ab93,49.0,USD,Success,2025-12-03,PayPal
TXN-0e718135,CUST-e79fcfa0,SUB-1f45ab93,49.0,USD,Success,2026-01-03,Wire Transfer
TXN-cf5ef8f2,CUST-e79fcfa0,SUB-1f45ab93,49.0,USD,Success,2026-02-03,Credit Card
TXN-9278570e,CUST-e79fcfa0,SUB-1f45ab93,49.0,USD,Success,2026-03-03,Wire Transfer
TXN-7a49b134,CUST-e79fcfa0,SUB-1f45ab93,49.0,USD,Success,2026-04-03,Wire Transfer
TXN-168e947f,CUST-ef3d008f,SUB-332f87da,199.0,USD,Success,2026-01-12,Wire Transfer
TXN-59353611,CUST-ef3d008f,SUB-332f87da,199.0,USD,Success,2026-02-12,PayPal
TXN-37c06015,CUST-ef3d008f,SUB-332f87da,199.0,USD,Success,2026-03-12,Credit Card
TXN-abb739c7,CUST-ef3d008f,SUB-332f87da,199.0,USD,Success,2026-04-12,Wire Transfer
TXN-5476f3cd,CUST-ab71471c,SUB-2b656323,49.0,USD,Success,2025-01-23,Wire Transfer
TXN-1bd849d6,CUST-ab71471c,SUB-2b656323,49.0,USD,Success,2025-02-23,Wire Transfer
TXN-9158bde2,CUST-ab71471c,SUB-2b656323,49.0,USD,Success,2025-03-23,Credit Card
TXN-d6f73379,CUST-ab71471c,SUB-2b656323,49.0,USD,Success,2025-04-23,Wire Transfer
TXN-9f550cd8,CUST-ab71471c,SUB-2b656323,49.0,USD,Success,2025-05-23,Wire Transfer
TXN-aec97a66,CUST-ab71471c,SUB-2b656323,49.0,USD,Success,2025-06-23,PayPal
TXN-c0bec114,CUST-ab71471c,SUB-2b656323,49.0,USD,Success,2025-07-23,Credit Card
TXN-f8d569d3,CUST-ab71471c,SUB-2b656323,49.0,USD,Success,2025-08-23,PayPal
TXN-1c5fe40b,CUST-ab71471c,SUB-2b656323,49.0,USD,Success,2025-09-23,Credit Card
TXN-98d69132,CUST-ab71471c,SUB-2b656323,49.0,USD,Success,2025-10-23,Credit Card
TXN-c5d84c8c,CUST-ab71471c,SUB-2b656323,49.0,USD,Failed,2025-11-23,Credit Card
TXN-a3d8d8b3,CUST-ab71471c,SUB-2b656323,49.0,USD,Success,2025-12-23,PayPal
TXN-729e7bae,CUST-ab71471c,SUB-2b656323,49.0,USD,Success,2026-01-23,PayPal
TXN-0618d31a,CUST-ab71471c,SUB-2b656323,49.0,USD,Success,2026-02-23,PayPal
TXN-09f0c659,CUST-ab71471c,SUB-2b656323,49.0,USD,Failed,2026-03-23,PayPal
TXN-cfc78eb1,CUST-ab71471c,SUB-2b656323,49.0,USD,Success,2026-04-23,Wire Transfer
TXN-8957d192,CUST-812f97b4,SUB-ce6bf337,499.0,USD,Success,2025-09-25,Wire Transfer
TXN-cd068a8e,CUST-812f97b4,SUB-ce6bf337,499.0,USD,Success,2025-10-25,Wire Transfer
TXN-b4581bc9,CUST-812f97b4,SUB-ce6bf337,499.0,USD,Success,2025-11-25,Credit Card
TXN-80b61f45,CUST-812f97b4,SUB-ce6bf337,499.0,USD,Success,2025-12-25,Wire Transfer
TXN-f9aaf9e4,CUST-812f97b4,SUB-ce6bf337,499.0,USD,Success,2026-01-25,Credit Card
TXN-dbe909ce,CUST-812f97b4,SUB-ce6bf337,499.0,USD,Success,2026-02-25,PayPal
TXN-b75d80ab,CUST-812f97b4,SUB-ce6bf337,499.0,USD,Success,2026-03-25,Credit Card
TXN-161d2182,CUST-86f8e6ec,SUB-c4638f57,49.0,USD,Success,2024-10-02,Credit Card
TXN-109f3a37,CUST-86f8e6ec,SUB-c4638f57,49.0,USD,Success,2024-11-02,Wire Transfer
TXN-3c165088,CUST-86f8e6ec,SUB-c4638f57,49.0,USD,Success,2024-12-02,PayPal
TXN-24b542d9,CUST-86f8e6ec,SUB-c4638f57,49.0,USD,Success,2025-01-02,PayPal
TXN-70fea3c4,CUST-86f8e6ec,SUB-c4638f57,49.0,USD,Success,2025-02-02,Wire Transfer
TXN-d8620c16,CUST-86f8e6ec,SUB-c4638f57,49.0,USD,Success,2025-03-02,PayPal
TXN-15825c71,CUST-86f8e6ec,SUB-c4638f57,49.0,USD,Success,2025-04-02,PayPal
TXN-0ff0e1a0,CUST-86f8e6ec,SUB-c4638f57,49.0,USD,Success,2025-05-02,PayPal
TXN-57c70bee,CUST-86f8e6ec,SUB-c4638f57,49.0,USD,Success,2025-06-02,Wire Transfer
TXN-efbed324,CUST-86f8e6ec,SUB-c4638f57,49.0,USD,Success,2025-07-02,PayPal
TXN-61aaeb93,CUST-86f8e6ec,SUB-c4638f57,49.0,USD,Success,2025-08-02,Credit Card
TXN-18f8dec4,CUST-86f8e6ec,SUB-c4638f57,49.0,USD,Success,2025-09-02,Credit Card
TXN-04fd26a0,CUST-86f8e6ec,SUB-c4638f57,49.0,USD,Success,2025-10-02,PayPal
TXN-5865ee16,CUST-86f8e6ec,SUB-c4638f57,49.0,USD,Success,2025-11-02,Wire Transfer
TXN-01d790b2,CUST-9a099a07,SUB-eccd86f6,49.0,USD,Success,2024-07-06,Wire Transfer
TXN-728cb633,CUST-9a099a07,SUB-eccd86f6,49.0,USD,Success,2024-08-06,Wire Transfer
TXN-0d56573e,CUST-9a099a07,SUB-eccd86f6,49.0,USD,Success,2024-09-06,PayPal
TXN-e07ba7d7,CUST-9a099a07,SUB-eccd86f6,49.0,USD,Success,2024-10-06,PayPal
TXN-0d655fa5,CUST-9a099a07,SUB-eccd86f6,49.0,USD,Success,2024-11-06,Credit Card
TXN-9c0af1f6,CUST-9a099a07,SUB-eccd86f6,49.0,USD,Success,2024-12-06,Wire Transfer
TXN-51262e74,CUST-9a099a07,SUB-eccd86f6,49.0,USD,Success,2025-01-06,Credit Card
TXN-162056d6,CUST-9a099a07,SUB-eccd86f6,49.0,USD,Success,2025-02-06,Credit Card
TXN-e97515d6,CUST-9a099a07,SUB-eccd86f6,49.0,USD,Success,2025-03-06,Wire Transfer
TXN-b13dee7d,CUST-9a099a07,SUB-eccd86f6,49.0,USD,Success,2025-04-06,PayPal
TXN-3e160977,CUST-9a099a07,SUB-eccd86f6,49.0,USD,Success,2025-05-06,PayPal
TXN-109c505c,CUST-9a099a07,SUB-eccd86f6,49.0,USD,Success,2025-06-06,Credit Card
TXN-3406e2e9,CUST-9a099a07,SUB-eccd86f6,49.0,USD,Success,2025-07-06,Credit Card
TXN-cd2f6bed,CUST-9a099a07,SUB-eccd86f6,49.0,USD,Success,2025-08-06,Credit Card
TXN-959f82e6,CUST-9a099a07,SUB-eccd86f6,49.0,USD,Success,2025-09-06,Credit Card
TXN-4cf5001b,CUST-9a099a07,SUB-eccd86f6,49.0,USD,Success,2025-10-06,Wire Transfer
TXN-5c741eb6,CUST-9a099a07,SUB-eccd86f6,49.0,USD,Failed,2025-11-06,Credit Card
TXN-ccf6fe77,CUST-9a099a07,SUB-eccd86f6,49.0,USD,Success,2025-12-06,Credit Card
TXN-8ba041ff,CUST-9a099a07,SUB-eccd86f6,49.0,USD,Success,2026-01-06,PayPal
TXN-96564805,CUST-9a099a07,SUB-eccd86f6,49.0,USD,Failed,2026-02-06,PayPal
TXN-03074e3c,CUST-9a099a07,SUB-eccd86f6,49.0,USD,Success,2026-03-06,PayPal
TXN-3613ea9d,CUST-9a099a07,SUB-eccd86f6,49.0,USD,Success,2026-04-06,Wire Transfer
TXN-c768a2bb,CUST-9a099a07,SUB-eccd86f6,49.0,USD,Success,2026-05-06,Wire Transfer
TXN-f601b547,CUST-07d8da8c,SUB-ed0117af,49.0,USD,Success,2024-06-16,PayPal
TXN-5ba5a756,CUST-07d8da8c,SUB-ed0117af,49.0,USD,Success,2024-07-16,PayPal
TXN-8fae82e0,CUST-07d8da8c,SUB-ed0117af,49.0,USD,Success,2024-08-16,Credit Card
TXN-e24774ae,CUST-07d8da8c,SUB-ed0117af,49.0,USD,Success,2024-09-16,Credit Card
TXN-623dbc32,CUST-07d8da8c,SUB-ed0117af,49.0,USD,Success,2024-10-16,Wire Transfer
TXN-32dd1477,CUST-07d8da8c,SUB-ed0117af,49.0,USD,Success,2024-11-16,Wire Transfer
TXN-2caaf636,CUST-07d8da8c,SUB-ed0117af,49.0,USD,Success,2024-12-16,Credit Card
TXN-f895b322,CUST-07d8da8c,SUB-ed0117af,49.0,USD,Success,2025-01-16,PayPal
TXN-cafb3a11,CUST-07d8da8c,SUB-ed0117af,49.0,USD,Success,2025-02-16,Credit Card
TXN-be32ed97,CUST-07d8da8c,SUB-ed0117af,49.0,USD,Success,2025-03-16,Wire Transfer
TXN-32dbbee1,CUST-07d8da8c,SUB-ed0117af,49.0,USD,Success,2025-04-16,Wire Transfer
TXN-2471c862,CUST-07d8da8c,SUB-ed0117af,49.0,USD,Success,2025-05-16,Credit Card
TXN-b095c617,CUST-07d8da8c,SUB-ed0117af,49.0,USD,Success,2025-06-16,Credit Card
TXN-f4beb5c3,CUST-07d8da8c,SUB-ed0117af,49.0,USD,Success,2025-07-16,Credit Card
TXN-32bf0aea,CUST-07d8da8c,SUB-ed0117af,49.0,USD,Success,2025-08-16,Wire Transfer
TXN-0283bc3c,CUST-07d8da8c,SUB-ed0117af,49.0,USD,Success,2025-09-16,PayPal
TXN-688fb39d,CUST-07d8da8c,SUB-ed0117af,49.0,USD,Success,2025-10-16,Credit Card
TXN-050c838c,CUST-07d8da8c,SUB-ed0117af,49.0,USD,Refunded,2025-11-16,Wire Transfer
TXN-3575923d,CUST-07d8da8c,SUB-ed0117af,49.0,USD,Success,2025-12-16,Wire Transfer
TXN-f34fd81f,CUST-07d8da8c,SUB-ed0117af,49.0,USD,Success,2026-01-16,Wire Transfer
TXN-c99f7256,CUST-07d8da8c,SUB-ed0117af,49.0,USD,Success,2026-02-16,Credit Card
TXN-90013f2d,CUST-07d8da8c,SUB-ed0117af,49.0,USD,Success,2026-03-16,Credit Card
TXN-a81afde3,CUST-07d8da8c,SUB-ed0117af,49.0,USD,Success,2026-04-16,PayPal
TXN-cca22a49,CUST-1f248ccc,SUB-29e7b1fe,49.0,USD,Success,2026-03-31,Wire Transfer
TXN-68af024b,CUST-1f248ccc,SUB-29e7b1fe,49.0,USD,Success,2026-04-30,Credit Card
TXN-28219242,CUST-fc3b2ebf,SUB-e49e5cb9,199.0,USD,Failed,2025-07-10,Wire Transfer
TXN-66dd85e2,CUST-fc3b2ebf,SUB-e49e5cb9,199.0,USD,Success,2025-08-10,Wire Transfer
TXN-5c414e6b,CUST-a23e4aad,SUB-627e8c55,499.0,USD,Success,2025-07-04,PayPal
TXN-a9c8bba3,CUST-a23e4aad,SUB-627e8c55,499.0,USD,Success,2025-08-04,Credit Card
TXN-722b371a,CUST-a23e4aad,SUB-627e8c55,499.0,USD,Success,2025-09-04,Credit Card
TXN-0063421e,CUST-a23e4aad,SUB-627e8c55,499.0,USD,Success,2025-10-04,Wire Transfer
TXN-71399486,CUST-a23e4aad,SUB-627e8c55,499.0,USD,Success,2025-11-04,Wire Transfer
TXN-cf04f859,CUST-a23e4aad,SUB-627e8c55,499.0,USD,Success,2025-12-04,PayPal
TXN-709a23d0,CUST-a23e4aad,SUB-627e8c55,499.0,USD,Success,2026-01-04,PayPal
TXN-e4e0cc7f,CUST-a23e4aad,SUB-627e8c55,499.0,USD,Success,2026-02-04,PayPal
TXN-a3e2e2c1,CUST-a23e4aad,SUB-627e8c55,499.0,USD,Success,2026-03-04,PayPal
TXN-b59692e9,CUST-a23e4aad,SUB-627e8c55,499.0,USD,Success,2026-04-04,PayPal
TXN-be256c05,CUST-a23e4aad,SUB-627e8c55,499.0,USD,Success,2026-05-04,PayPal
TXN-26c3a305,CUST-c16447d5,SUB-f09c50c5,199.0,USD,Success,2025-10-26,Wire Transfer
TXN-ad06461f,CUST-c16447d5,SUB-f09c50c5,199.0,USD,Success,2025-11-26,PayPal
TXN-cf5e516c,CUST-c16447d5,SUB-f09c50c5,199.0,USD,Success,2025-12-26,Wire Transfer
TXN-124812c7,CUST-c16447d5,SUB-f09c50c5,199.0,USD,Success,2026-01-26,Wire Transfer
TXN-0b8cc246,CUST-c16447d5,SUB-f09c50c5,199.0,USD,Success,2026-02-26,Credit Card
TXN-c9098f38,CUST-c16447d5,SUB-f09c50c5,199.0,USD,Success,2026-03-26,Wire Transfer
TXN-c3656439,CUST-c16447d5,SUB-f09c50c5,199.0,USD,Success,2026-04-26,Wire Transfer
TXN-898e83ca,CUST-9dc0e078,SUB-8c3151f0,499.0,USD,Success,2026-03-02,PayPal
TXN-8db34c07,CUST-9dc0e078,SUB-8c3151f0,499.0,USD,Success,2026-04-02,Wire Transfer
TXN-05689bd5,CUST-9dc0e078,SUB-8c3151f0,499.0,USD,Success,2026-05-02,PayPal
TXN-26f68279,CUST-56e037e3,SUB-1683b987,499.0,USD,Success,2025-03-24,PayPal
TXN-378d4ca7,CUST-56e037e3,SUB-1683b987,499.0,USD,Success,2025-04-24,PayPal
TXN-4b9110f0,CUST-56e037e3,SUB-1683b987,499.0,USD,Success,2025-05-24,Credit Card
TXN-81c9c0cd,CUST-56e037e3,SUB-1683b987,499.0,USD,Success,2025-06-24,PayPal
TXN-919d094e,CUST-56e037e3,SUB-1683b987,499.0,USD,Success,2025-07-24,Wire Transfer
TXN-a5c4f644,CUST-56e037e3,SUB-1683b987,499.0,USD,Success,2025-08-24,PayPal
TXN-5c7399e5,CUST-56e037e3,SUB-1683b987,499.0,USD,Success,2025-09-24,PayPal
TXN-4f9f8812,CUST-56e037e3,SUB-1683b987,499.0,USD,Success,2025-10-24,PayPal
TXN-0852d82e,CUST-56e037e3,SUB-1683b987,499.0,USD,Success,2025-11-24,Credit Card
TXN-1f91fde1,CUST-56e037e3,SUB-1683b987,499.0,USD,Success,2025-12-24,Wire Transfer
TXN-5230b041,CUST-56e037e3,SUB-1683b987,499.0,USD,Success,2026-01-24,Credit Card
TXN-204505e9,CUST-56e037e3,SUB-1683b987,499.0,USD,Failed,2026-02-24,Wire Transfer
TXN-fd30ac18,CUST-56e037e3,SUB-1683b987,499.0,USD,Success,2026-03-24,Credit Card
TXN-f3183e29,CUST-56e037e3,SUB-1683b987,499.0,USD,Success,2026-04-24,Wire Transfer
TXN-f28599aa,CUST-9c802eb9,SUB-14486289,499.0,USD,Success,2024-09-15,Credit Card
TXN-28687548,CUST-9c802eb9,SUB-14486289,499.0,USD,Success,2024-10-15,PayPal
TXN-4fcdc970,CUST-9c802eb9,SUB-14486289,499.0,USD,Success,2024-11-15,Credit Card
TXN-3d616145,CUST-9c802eb9,SUB-14486289,499.0,USD,Success,2024-12-15,Credit Card
TXN-cace182c,CUST-9c802eb9,SUB-14486289,499.0,USD,Success,2025-01-15,PayPal
TXN-d4ceb67c,CUST-9c802eb9,SUB-14486289,499.0,USD,Success,2025-02-15,PayPal
TXN-4eb622e0,CUST-9c802eb9,SUB-14486289,499.0,USD,Success,2025-03-15,Wire Transfer
TXN-dba7afb5,CUST-9c802eb9,SUB-14486289,499.0,USD,Success,2025-04-15,Wire Transfer
TXN-b26972ba,CUST-9c802eb9,SUB-14486289,499.0,USD,Success,2025-05-15,Wire Transfer
TXN-d47efe4d,CUST-b1a71a19,SUB-648d52ef,49.0,USD,Failed,2025-03-17,Credit Card
TXN-f78f0810,CUST-b1a71a19,SUB-648d52ef,49.0,USD,Success,2025-04-17,Wire Transfer
TXN-149bca9e,CUST-b1a71a19,SUB-648d52ef,49.0,USD,Success,2025-05-17,Credit Card
TXN-380f1f2c,CUST-b1a71a19,SUB-648d52ef,49.0,USD,Success,2025-06-17,Credit Card
TXN-80ea81d0,CUST-b1a71a19,SUB-648d52ef,49.0,USD,Success,2025-07-17,Wire Transfer
TXN-0a236111,CUST-b1a71a19,SUB-648d52ef,49.0,USD,Success,2025-08-17,Wire Transfer
TXN-cb5cc825,CUST-b1a71a19,SUB-648d52ef,49.0,USD,Success,2025-09-17,Credit Card
TXN-9ec981ed,CUST-b1a71a19,SUB-648d52ef,49.0,USD,Success,2025-10-17,PayPal
TXN-1a648df7,CUST-b1a71a19,SUB-648d52ef,49.0,USD,Success,2025-11-17,PayPal
TXN-56df1e91,CUST-b1a71a19,SUB-648d52ef,49.0,USD,Success,2025-12-17,Credit Card
TXN-3a7d473c,CUST-b1a71a19,SUB-648d52ef,49.0,USD,Success,2026-01-17,Wire Transfer
TXN-0442f453,CUST-b1a71a19,SUB-648d52ef,49.0,USD,Refunded,2026-02-17,Credit Card
TXN-107c88a9,CUST-b1a71a19,SUB-648d52ef,49.0,USD,Success,2026-03-17,Credit Card
TXN-ccca78cd,CUST-b1a71a19,SUB-648d52ef,49.0,USD,Success,2026-04-17,Wire Transfer
TXN-d755f5e2,CUST-ecfcf952,SUB-eaf31092,499.0,USD,Success,2025-02-24,PayPal
TXN-1b5a73f6,CUST-ecfcf952,SUB-eaf31092,499.0,USD,Success,2025-03-24,Credit Card
TXN-71c087eb,CUST-ecfcf952,SUB-eaf31092,499.0,USD,Success,2025-04-24,PayPal
TXN-80d8aa5e,CUST-ecfcf952,SUB-eaf31092,499.0,USD,Failed,2025-05-24,PayPal
TXN-fe4be7bc,CUST-ecfcf952,SUB-eaf31092,499.0,USD,Success,2025-06-24,Wire Transfer
TXN-5bf96204,CUST-ecfcf952,SUB-eaf31092,499.0,USD,Success,2025-07-24,Credit Card
TXN-611d0354,CUST-ecfcf952,SUB-eaf31092,499.0,USD,Success,2025-08-24,Credit Card
TXN-a00e41c4,CUST-ecfcf952,SUB-eaf31092,499.0,USD,Success,2025-09-24,PayPal
TXN-7fcf578a,CUST-ecfcf952,SUB-eaf31092,499.0,USD,Success,2025-10-24,PayPal
TXN-a1d05e98,CUST-ecfcf952,SUB-eaf31092,499.0,USD,Success,2025-11-24,Wire Transfer
TXN-534d32f3,CUST-ecfcf952,SUB-eaf31092,499.0,USD,Refunded,2025-12-24,PayPal
TXN-ac9ef907,CUST-ecfcf952,SUB-eaf31092,499.0,USD,Success,2026-01-24,Wire Transfer
TXN-469ced78,CUST-ecfcf952,SUB-eaf31092,499.0,USD,Success,2026-02-24,Credit Card
TXN-bdf990bc,CUST-2946367d,SUB-3b11dca8,49.0,USD,Success,2026-03-11,Wire Transfer
TXN-80bb5113,CUST-2946367d,SUB-3b11dca8,49.0,USD,Success,2026-04-11,PayPal
TXN-480b8477,CUST-ba354c56,SUB-e5d080d5,49.0,USD,Success,2025-09-06,Credit Card
TXN-4fd1f132,CUST-ba354c56,SUB-e5d080d5,49.0,USD,Success,2025-10-06,Wire Transfer
TXN-d7de2d57,CUST-0693ec0d,SUB-47ec02e5,199.0,USD,Success,2025-10-11,Credit Card
TXN-1d16a180,CUST-0693ec0d,SUB-47ec02e5,199.0,USD,Success,2025-11-11,Wire Transfer
TXN-db2749d7,CUST-0693ec0d,SUB-47ec02e5,199.0,USD,Success,2025-12-11,PayPal
TXN-f04ec743,CUST-0693ec0d,SUB-47ec02e5,199.0,USD,Success,2026-01-11,PayPal
TXN-a9517c17,CUST-0693ec0d,SUB-47ec02e5,199.0,USD,Success,2026-02-11,Credit Card
TXN-4b3fcd13,CUST-0693ec0d,SUB-47ec02e5,199.0,USD,Success,2026-03-11,Credit Card
TXN-b1a770b9,CUST-0693ec0d,SUB-47ec02e5,199.0,USD,Success,2026-04-11,Credit Card
TXN-640d4502,CUST-43ee749d,SUB-86b67254,49.0,USD,Success,2025-12-04,Wire Transfer
TXN-4a8d0d3b,CUST-43ee749d,SUB-86b67254,49.0,USD,Success,2026-01-04,PayPal
TXN-d246f8b6,CUST-43ee749d,SUB-86b67254,49.0,USD,Success,2026-02-04,Credit Card
TXN-f8aeacac,CUST-43ee749d,SUB-86b67254,49.0,USD,Success,2026-03-04,Credit Card
TXN-7e5b0691,CUST-43ee749d,SUB-86b67254,49.0,USD,Failed,2026-04-04,Credit Card
TXN-8e04eb42,CUST-43ee749d,SUB-86b67254,49.0,USD,Success,2026-05-04,Wire Transfer
TXN-2b7d99f8,CUST-232197c3,SUB-6badc15d,49.0,USD,Success,2025-08-11,Credit Card
TXN-b5cd3aa6,CUST-232197c3,SUB-6badc15d,49.0,USD,Success,2025-09-11,Credit Card
TXN-6002c51f,CUST-232197c3,SUB-6badc15d,49.0,USD,Success,2025-10-11,Wire Transfer
TXN-c031a8cd,CUST-232197c3,SUB-6badc15d,49.0,USD,Success,2025-11-11,Wire Transfer
TXN-904b3cce,CUST-232197c3,SUB-6badc15d,49.0,USD,Success,2025-12-11,Credit Card
TXN-be1fd3d8,CUST-232197c3,SUB-6badc15d,49.0,USD,Success,2026-01-11,Credit Card
TXN-e32ab9ff,CUST-232197c3,SUB-6badc15d,49.0,USD,Success,2026-02-11,Wire Transfer
TXN-90f00ad6,CUST-232197c3,SUB-6badc15d,49.0,USD,Success,2026-03-11,PayPal
TXN-96484bab,CUST-232197c3,SUB-6badc15d,49.0,USD,Success,2026-04-11,Wire Transfer
TXN-43c99e32,CUST-60af536d,SUB-9fa37c2b,49.0,USD,Success,2026-02-05,PayPal
TXN-1992250c,CUST-60af536d,SUB-9fa37c2b,49.0,USD,Success,2026-03-05,Credit Card
TXN-8ea745e5,CUST-60af536d,SUB-9fa37c2b,49.0,USD,Success,2026-04-05,Credit Card
TXN-e9bc525d,CUST-60af536d,SUB-9fa37c2b,49.0,USD,Success,2026-05-05,PayPal
TXN-43f94ab7,CUST-a7674a22,SUB-ca2712f1,49.0,USD,Success,2026-02-23,Wire Transfer
TXN-c870b3d5,CUST-a7674a22,SUB-ca2712f1,49.0,USD,Success,2026-03-23,Credit Card
TXN-3704dad7,CUST-a7674a22,SUB-ca2712f1,49.0,USD,Success,2026-04-23,PayPal
TXN-c17f3879,CUST-be64abde,SUB-e14e379d,1999.0,USD,Success,2025-07-20,Wire Transfer
TXN-66b727d1,CUST-be64abde,SUB-e14e379d,1999.0,USD,Success,2025-08-20,PayPal
TXN-a2138e62,CUST-be64abde,SUB-e14e379d,1999.0,USD,Success,2025-09-20,Wire Transfer
TXN-4fa76a1f,CUST-be64abde,SUB-e14e379d,1999.0,USD,Success,2025-10-20,Wire Transfer
TXN-c702d1c7,CUST-be64abde,SUB-e14e379d,1999.0,USD,Success,2025-11-20,Wire Transfer
TXN-51d76c73,CUST-be64abde,SUB-e14e379d,1999.0,USD,Success,2025-12-20,Wire Transfer
TXN-5df1f4fc,CUST-be64abde,SUB-e14e379d,1999.0,USD,Success,2026-01-20,PayPal
TXN-56007873,CUST-ac3c4406,SUB-6a5bb799,49.0,USD,Success,2025-09-21,PayPal
TXN-acca6da0,CUST-ac3c4406,SUB-6a5bb799,49.0,USD,Success,2025-10-21,PayPal
TXN-9ef80b61,CUST-ac3c4406,SUB-6a5bb799,49.0,USD,Refunded,2025-11-21,PayPal
TXN-ae990c74,CUST-ac3c4406,SUB-6a5bb799,49.0,USD,Success,2025-12-21,PayPal
TXN-c67e4500,CUST-ac3c4406,SUB-6a5bb799,49.0,USD,Success,2026-01-21,Wire Transfer
TXN-03609124,CUST-ac3c4406,SUB-6a5bb799,49.0,USD,Success,2026-02-21,Credit Card
TXN-33b5b6ca,CUST-ac3c4406,SUB-6a5bb799,49.0,USD,Success,2026-03-21,Credit Card
TXN-ed1bca4d,CUST-ac3c4406,SUB-6a5bb799,49.0,USD,Success,2026-04-21,PayPal
TXN-d8f58bd2,CUST-7e38fc02,SUB-3c604d5d,49.0,USD,Success,2024-10-24,PayPal
TXN-7c420f93,CUST-7e38fc02,SUB-3c604d5d,49.0,USD,Success,2024-11-24,Credit Card
TXN-02f514c2,CUST-7e38fc02,SUB-3c604d5d,49.0,USD,Success,2024-12-24,Wire Transfer
TXN-07dc5b01,CUST-7e38fc02,SUB-3c604d5d,49.0,USD,Success,2025-01-24,PayPal
TXN-61e1af53,CUST-7e38fc02,SUB-3c604d5d,49.0,USD,Success,2025-02-24,Wire Transfer
TXN-165dccec,CUST-7e38fc02,SUB-3c604d5d,49.0,USD,Success,2025-03-24,Credit Card
TXN-ecbfaed2,CUST-7e38fc02,SUB-3c604d5d,49.0,USD,Success,2025-04-24,Credit Card
TXN-eeaeab6d,CUST-7e38fc02,SUB-3c604d5d,49.0,USD,Success,2025-05-24,PayPal
TXN-23969649,CUST-7e38fc02,SUB-3c604d5d,49.0,USD,Success,2025-06-24,Wire Transfer
TXN-036254b4,CUST-7e38fc02,SUB-3c604d5d,49.0,USD,Success,2025-07-24,PayPal
TXN-daf7fa5f,CUST-7e38fc02,SUB-3c604d5d,49.0,USD,Success,2025-08-24,Credit Card
TXN-ccb14288,CUST-7e38fc02,SUB-3c604d5d,49.0,USD,Success,2025-09-24,Wire Transfer
TXN-bdaf3761,CUST-7e38fc02,SUB-3c604d5d,49.0,USD,Success,2025-10-24,PayPal
TXN-1e45b9d1,CUST-7e38fc02,SUB-3c604d5d,49.0,USD,Success,2025-11-24,PayPal
TXN-ffd99446,CUST-7e38fc02,SUB-3c604d5d,49.0,USD,Success,2025-12-24,PayPal
TXN-844de3de,CUST-7e38fc02,SUB-3c604d5d,49.0,USD,Success,2026-01-24,Credit Card
TXN-c596302c,CUST-7e38fc02,SUB-3c604d5d,49.0,USD,Success,2026-02-24,PayPal
TXN-df8a3830,CUST-7e38fc02,SUB-3c604d5d,49.0,USD,Success,2026-03-24,Wire Transfer
TXN-ea2af1c0,CUST-7e38fc02,SUB-3c604d5d,49.0,USD,Success,2026-04-24,PayPal
TXN-19d526f5,CUST-e8886437,SUB-76f3d147,199.0,USD,Success,2025-05-10,Credit Card
TXN-42f167d4,CUST-e8886437,SUB-76f3d147,199.0,USD,Success,2025-06-10,PayPal
TXN-e0690083,CUST-e8886437,SUB-76f3d147,199.0,USD,Success,2025-07-10,Credit Card
TXN-e98d2f53,CUST-e8886437,SUB-76f3d147,199.0,USD,Success,2025-08-10,Credit Card
TXN-230607d7,CUST-e8886437,SUB-76f3d147,199.0,USD,Success,2025-09-10,Wire Transfer
TXN-ee248963,CUST-e8886437,SUB-76f3d147,199.0,USD,Success,2025-10-10,Wire Transfer
TXN-1f98366a,CUST-e8886437,SUB-76f3d147,199.0,USD,Success,2025-11-10,PayPal
TXN-42d7386c,CUST-e8886437,SUB-76f3d147,199.0,USD,Success,2025-12-10,Credit Card
TXN-2ac74be0,CUST-e8886437,SUB-76f3d147,199.0,USD,Success,2026-01-10,Credit Card
TXN-fb41fbbb,CUST-e8886437,SUB-76f3d147,199.0,USD,Success,2026-02-10,Wire Transfer
TXN-794ce504,CUST-e8886437,SUB-76f3d147,199.0,USD,Success,2026-03-10,Wire Transfer
TXN-d9a2da29,CUST-e8886437,SUB-76f3d147,199.0,USD,Success,2026-04-10,PayPal
TXN-77c0dc95,CUST-41144c2e,SUB-5d8662e4,49.0,USD,Success,2024-09-26,Credit Card
TXN-d4132df7,CUST-41144c2e,SUB-5d8662e4,49.0,USD,Success,2024-10-26,Wire Transfer
TXN-9f3e968e,CUST-41144c2e,SUB-5d8662e4,49.0,USD,Success,2024-11-26,PayPal
TXN-38e7033f,CUST-41144c2e,SUB-5d8662e4,49.0,USD,Success,2024-12-26,Credit Card
TXN-f91a4b36,CUST-41144c2e,SUB-5d8662e4,49.0,USD,Success,2025-01-26,Credit Card
TXN-e55a7049,CUST-41144c2e,SUB-5d8662e4,49.0,USD,Failed,2025-02-26,Wire Transfer
TXN-c283effa,CUST-41144c2e,SUB-5d8662e4,49.0,USD,Success,2025-03-26,PayPal
TXN-ddd89600,CUST-41144c2e,SUB-5d8662e4,49.0,USD,Success,2025-04-26,Wire Transfer
TXN-ba8d0835,CUST-41144c2e,SUB-5d8662e4,49.0,USD,Success,2025-05-26,PayPal
TXN-ebac397e,CUST-41144c2e,SUB-5d8662e4,49.0,USD,Success,2025-06-26,Credit Card
TXN-d9dacde1,CUST-41144c2e,SUB-5d8662e4,49.0,USD,Success,2025-07-26,PayPal
TXN-82144174,CUST-41144c2e,SUB-5d8662e4,49.0,USD,Refunded,2025-08-26,PayPal
TXN-0ff18a36,CUST-41144c2e,SUB-5d8662e4,49.0,USD,Success,2025-09-26,PayPal
TXN-5798a8c2,CUST-41144c2e,SUB-5d8662e4,49.0,USD,Failed,2025-10-26,PayPal
TXN-1d6752f7,CUST-41144c2e,SUB-5d8662e4,49.0,USD,Success,2025-11-26,PayPal
TXN-e4986056,CUST-41144c2e,SUB-5d8662e4,49.0,USD,Success,2025-12-26,Wire Transfer
TXN-0487892e,CUST-41144c2e,SUB-5d8662e4,49.0,USD,Success,2026-01-26,PayPal
TXN-a07a24a1,CUST-41144c2e,SUB-5d8662e4,49.0,USD,Failed,2026-02-26,PayPal
TXN-1b42f5ca,CUST-41144c2e,SUB-5d8662e4,49.0,USD,Success,2026-03-26,Credit Card
TXN-6a3c58d7,CUST-41144c2e,SUB-5d8662e4,49.0,USD,Failed,2026-04-26,PayPal
TXN-ec7f4d9a,CUST-a6015aab,SUB-29f9e83a,1999.0,USD,Success,2024-12-13,Credit Card
TXN-395fcbd8,CUST-a6015aab,SUB-29f9e83a,1999.0,USD,Success,2025-01-13,Wire Transfer
TXN-d27864cb,CUST-a6015aab,SUB-29f9e83a,1999.0,USD,Success,2025-02-13,Wire Transfer
TXN-5cd463af,CUST-a6015aab,SUB-29f9e83a,1999.0,USD,Success,2025-03-13,PayPal
TXN-b93a8d83,CUST-a6015aab,SUB-29f9e83a,1999.0,USD,Success,2025-04-13,Wire Transfer
TXN-e1cc6729,CUST-a6015aab,SUB-29f9e83a,1999.0,USD,Success,2025-05-13,PayPal
TXN-9861a2d4,CUST-a6015aab,SUB-29f9e83a,1999.0,USD,Success,2025-06-13,Wire Transfer
TXN-deeff74b,CUST-a6015aab,SUB-29f9e83a,1999.0,USD,Failed,2025-07-13,PayPal
TXN-01e92f56,CUST-a6015aab,SUB-29f9e83a,1999.0,USD,Failed,2025-08-13,PayPal
TXN-41a227ae,CUST-a6015aab,SUB-29f9e83a,1999.0,USD,Success,2025-09-13,Credit Card
TXN-3c93faed,CUST-a6015aab,SUB-29f9e83a,1999.0,USD,Success,2025-10-13,Credit Card
TXN-b9ee3143,CUST-a6015aab,SUB-29f9e83a,1999.0,USD,Success,2025-11-13,Credit Card
TXN-80563700,CUST-a6015aab,SUB-29f9e83a,1999.0,USD,Success,2025-12-13,Credit Card
TXN-515108af,CUST-a6015aab,SUB-29f9e83a,1999.0,USD,Success,2026-01-13,PayPal
TXN-50d9bc19,CUST-a6015aab,SUB-29f9e83a,1999.0,USD,Success,2026-02-13,Wire Transfer
TXN-136e19e9,CUST-a6015aab,SUB-29f9e83a,1999.0,USD,Success,2026-03-13,PayPal
TXN-08dcfa37,CUST-a6015aab,SUB-29f9e83a,1999.0,USD,Refunded,2026-04-13,Credit Card
TXN-e19b1ab7,CUST-c9272161,SUB-697da1ca,49.0,USD,Success,2024-06-21,Credit Card
TXN-01032019,CUST-c9272161,SUB-697da1ca,49.0,USD,Success,2024-07-21,Wire Transfer
TXN-43ab853f,CUST-c9272161,SUB-697da1ca,49.0,USD,Success,2024-08-21,Credit Card
TXN-7653a59f,CUST-c9272161,SUB-697da1ca,49.0,USD,Success,2024-09-21,PayPal
TXN-7820010e,CUST-c9272161,SUB-697da1ca,49.0,USD,Success,2024-10-21,PayPal
TXN-7567508a,CUST-c9272161,SUB-697da1ca,49.0,USD,Success,2024-11-21,PayPal
TXN-1ac3c5a3,CUST-c9272161,SUB-697da1ca,49.0,USD,Success,2024-12-21,PayPal
TXN-ee032a35,CUST-c9272161,SUB-697da1ca,49.0,USD,Success,2025-01-21,PayPal
TXN-8303a7ad,CUST-c9272161,SUB-697da1ca,49.0,USD,Success,2025-02-21,Wire Transfer
TXN-90d8f5c7,CUST-c9272161,SUB-697da1ca,49.0,USD,Success,2025-03-21,PayPal
TXN-bc94eb75,CUST-c9272161,SUB-697da1ca,49.0,USD,Success,2025-04-21,Credit Card
TXN-d61df711,CUST-c9272161,SUB-697da1ca,49.0,USD,Success,2025-05-21,Credit Card
TXN-4a6e516d,CUST-c9272161,SUB-697da1ca,49.0,USD,Failed,2025-06-21,Credit Card
TXN-acc64e4c,CUST-c9272161,SUB-697da1ca,49.0,USD,Success,2025-07-21,Credit Card
TXN-1f731240,CUST-c9272161,SUB-697da1ca,49.0,USD,Success,2025-08-21,Wire Transfer
TXN-baf68f51,CUST-c9272161,SUB-697da1ca,49.0,USD,Success,2025-09-21,Credit Card
TXN-a36edb6c,CUST-c9272161,SUB-697da1ca,49.0,USD,Success,2025-10-21,Wire Transfer
TXN-49fad2df,CUST-c9272161,SUB-697da1ca,49.0,USD,Success,2025-11-21,Credit Card
TXN-dfc60a7d,CUST-c9272161,SUB-697da1ca,49.0,USD,Success,2025-12-21,Wire Transfer
TXN-89f44a1a,CUST-c9272161,SUB-697da1ca,49.0,USD,Success,2026-01-21,Wire Transfer
TXN-60b90fb7,CUST-e3b5de51,SUB-81b69d17,199.0,USD,Success,2026-02-25,Wire Transfer
TXN-557ed5ef,CUST-e3b5de51,SUB-81b69d17,199.0,USD,Success,2026-03-25,Credit Card
TXN-e5d2b125,CUST-c7872710,SUB-855ad245,199.0,USD,Success,2026-02-28,Wire Transfer
TXN-9ae37424,CUST-c7872710,SUB-855ad245,199.0,USD,Success,2026-03-28,PayPal
TXN-d7a71559,CUST-c7872710,SUB-855ad245,199.0,USD,Success,2026-04-28,PayPal
TXN-07072700,CUST-82363a41,SUB-9af85866,1999.0,USD,Success,2025-09-13,Credit Card
TXN-725b98e5,CUST-82363a41,SUB-9af85866,1999.0,USD,Success,2025-10-13,PayPal
TXN-9d6cc519,CUST-82363a41,SUB-9af85866,1999.0,USD,Success,2025-11-13,PayPal
TXN-430ae06a,CUST-82363a41,SUB-9af85866,1999.0,USD,Success,2025-12-13,PayPal
TXN-1e4a7dfd,CUST-82363a41,SUB-9af85866,1999.0,USD,Success,2026-01-13,Credit Card
TXN-562787b0,CUST-82363a41,SUB-9af85866,1999.0,USD,Success,2026-02-13,Credit Card
TXN-c903fc3c,CUST-82363a41,SUB-9af85866,1999.0,USD,Success,2026-03-13,PayPal
TXN-5abdd504,CUST-82363a41,SUB-9af85866,1999.0,USD,Success,2026-04-13,Credit Card
TXN-c78f6aac,CUST-3bab068a,SUB-3852eaac,199.0,USD,Success,2024-11-26,Wire Transfer
TXN-ba34ecf9,CUST-3bab068a,SUB-3852eaac,199.0,USD,Success,2024-12-26,PayPal
TXN-6ff361ab,CUST-3bab068a,SUB-3852eaac,199.0,USD,Success,2025-01-26,Credit Card
TXN-4292f6a0,CUST-3bab068a,SUB-3852eaac,199.0,USD,Success,2025-02-26,Credit Card
TXN-bb7b4922,CUST-3bab068a,SUB-3852eaac,199.0,USD,Success,2025-03-26,PayPal
TXN-0fcb977f,CUST-3bab068a,SUB-3852eaac,199.0,USD,Success,2025-04-26,Credit Card
TXN-ea74f17b,CUST-3bab068a,SUB-3852eaac,199.0,USD,Success,2025-05-26,PayPal
TXN-a9d608d4,CUST-3bab068a,SUB-3852eaac,199.0,USD,Success,2025-06-26,Credit Card
TXN-b5f39f38,CUST-3bab068a,SUB-3852eaac,199.0,USD,Success,2025-07-26,Wire Transfer
TXN-789c9ec1,CUST-3bab068a,SUB-3852eaac,199.0,USD,Success,2025-08-26,PayPal
TXN-2ef42a76,CUST-3bab068a,SUB-3852eaac,199.0,USD,Success,2025-09-26,Wire Transfer
TXN-cb0d7931,CUST-3bab068a,SUB-3852eaac,199.0,USD,Success,2025-10-26,PayPal
TXN-ab786fc9,CUST-3bab068a,SUB-3852eaac,199.0,USD,Success,2025-11-26,Credit Card
TXN-938731d4,CUST-3bab068a,SUB-3852eaac,199.0,USD,Success,2025-12-26,Wire Transfer
TXN-b03c4173,CUST-3bab068a,SUB-3852eaac,199.0,USD,Success,2026-01-26,Credit Card
TXN-d6a16a9f,CUST-3bab068a,SUB-3852eaac,199.0,USD,Success,2026-02-26,PayPal
TXN-0336fb49,CUST-3bab068a,SUB-3852eaac,199.0,USD,Failed,2026-03-26,PayPal
TXN-5a359247,CUST-3bab068a,SUB-3852eaac,199.0,USD,Success,2026-04-26,PayPal
TXN-16ef4ea0,CUST-080e061d,SUB-61824a0d,499.0,USD,Refunded,2026-04-17,PayPal
TXN-15006f01,CUST-4e65d2f5,SUB-a6fa1cb8,49.0,USD,Success,2024-05-31,PayPal
TXN-e92bd093,CUST-4e65d2f5,SUB-a6fa1cb8,49.0,USD,Success,2024-06-30,Wire Transfer
TXN-ec58a24f,CUST-4e65d2f5,SUB-a6fa1cb8,49.0,USD,Success,2024-07-30,PayPal
TXN-5b48f4ea,CUST-4e65d2f5,SUB-a6fa1cb8,49.0,USD,Success,2024-08-30,Credit Card
TXN-0535af93,CUST-4e65d2f5,SUB-a6fa1cb8,49.0,USD,Failed,2024-09-30,Wire Transfer
TXN-39ac602c,CUST-4e65d2f5,SUB-a6fa1cb8,49.0,USD,Success,2024-10-30,Credit Card
TXN-72bb9491,CUST-4e65d2f5,SUB-a6fa1cb8,49.0,USD,Success,2024-11-30,PayPal
TXN-ba87af92,CUST-4e65d2f5,SUB-a6fa1cb8,49.0,USD,Success,2024-12-30,Credit Card
TXN-f8957cce,CUST-4e65d2f5,SUB-a6fa1cb8,49.0,USD,Success,2025-01-30,Wire Transfer
TXN-1740241a,CUST-4e65d2f5,SUB-a6fa1cb8,49.0,USD,Success,2025-02-28,Wire Transfer
TXN-e4c961ac,CUST-4e65d2f5,SUB-a6fa1cb8,49.0,USD,Success,2025-03-28,Wire Transfer
TXN-06419ab2,CUST-4e65d2f5,SUB-a6fa1cb8,49.0,USD,Success,2025-04-28,Credit Card
TXN-c0b21f45,CUST-4e65d2f5,SUB-a6fa1cb8,49.0,USD,Success,2025-05-28,Wire Transfer
TXN-922098fd,CUST-4e65d2f5,SUB-a6fa1cb8,49.0,USD,Success,2025-06-28,Credit Card
TXN-a0b4b66e,CUST-4e65d2f5,SUB-a6fa1cb8,49.0,USD,Success,2025-07-28,PayPal
TXN-5cd42d26,CUST-4e65d2f5,SUB-a6fa1cb8,49.0,USD,Failed,2025-08-28,PayPal
TXN-f36393ce,CUST-4e65d2f5,SUB-a6fa1cb8,49.0,USD,Success,2025-09-28,Credit Card
TXN-ca736043,CUST-4e65d2f5,SUB-a6fa1cb8,49.0,USD,Success,2025-10-28,Wire Transfer
TXN-b29f7f18,CUST-4e65d2f5,SUB-a6fa1cb8,49.0,USD,Success,2025-11-28,Credit Card
TXN-19358fe1,CUST-4e65d2f5,SUB-a6fa1cb8,49.0,USD,Success,2025-12-28,Credit Card
TXN-8ce56964,CUST-4e65d2f5,SUB-a6fa1cb8,49.0,USD,Success,2026-01-28,Credit Card
TXN-ab906f66,CUST-4e65d2f5,SUB-a6fa1cb8,49.0,USD,Success,2026-02-28,PayPal
TXN-fd8c1a43,CUST-4e65d2f5,SUB-a6fa1cb8,49.0,USD,Success,2026-03-28,Credit Card
TXN-36f31013,CUST-4e65d2f5,SUB-a6fa1cb8,49.0,USD,Success,2026-04-28,PayPal
TXN-2233ed67,CUST-6a1a95da,SUB-08f1f666,49.0,USD,Refunded,2025-07-06,Credit Card
TXN-80b84d3a,CUST-6a1a95da,SUB-08f1f666,49.0,USD,Success,2025-08-06,PayPal
TXN-aeb821f3,CUST-6a1a95da,SUB-08f1f666,49.0,USD,Success,2025-09-06,Credit Card
TXN-69dac44b,CUST-6a1a95da,SUB-08f1f666,49.0,USD,Success,2025-10-06,Credit Card
TXN-c3b01c1b,CUST-6a1a95da,SUB-08f1f666,49.0,USD,Success,2025-11-06,Wire Transfer
TXN-2047300b,CUST-6a1a95da,SUB-08f1f666,49.0,USD,Success,2025-12-06,Wire Transfer
TXN-9da71f27,CUST-6a1a95da,SUB-08f1f666,49.0,USD,Success,2026-01-06,Credit Card
TXN-f003496f,CUST-6a1a95da,SUB-08f1f666,49.0,USD,Success,2026-02-06,Credit Card
TXN-0af68331,CUST-6a1a95da,SUB-08f1f666,49.0,USD,Success,2026-03-06,Credit Card
TXN-a8d092c0,CUST-6a1a95da,SUB-08f1f666,49.0,USD,Success,2026-04-06,Credit Card
TXN-928fe48e,CUST-6a1a95da,SUB-08f1f666,49.0,USD,Success,2026-05-06,Wire Transfer
TXN-cadda897,CUST-cccd2aa3,SUB-f6b33222,49.0,USD,Success,2025-06-16,PayPal
TXN-3dc7da38,CUST-cccd2aa3,SUB-f6b33222,49.0,USD,Success,2025-07-16,Credit Card
TXN-ab3c356e,CUST-cccd2aa3,SUB-f6b33222,49.0,USD,Success,2025-08-16,Wire Transfer
TXN-6a317330,CUST-cccd2aa3,SUB-f6b33222,49.0,USD,Success,2025-09-16,Credit Card
TXN-525a8865,CUST-cccd2aa3,SUB-f6b33222,49.0,USD,Success,2025-10-16,Credit Card
TXN-42260a89,CUST-cccd2aa3,SUB-f6b33222,49.0,USD,Success,2025-11-16,PayPal
TXN-757d2a63,CUST-cccd2aa3,SUB-f6b33222,49.0,USD,Success,2025-12-16,Credit Card
TXN-a982af07,CUST-cccd2aa3,SUB-f6b33222,49.0,USD,Success,2026-01-16,Credit Card
TXN-197045fe,CUST-cccd2aa3,SUB-f6b33222,49.0,USD,Success,2026-02-16,PayPal
TXN-422add12,CUST-cccd2aa3,SUB-f6b33222,49.0,USD,Success,2026-03-16,PayPal
TXN-83360c4e,CUST-cccd2aa3,SUB-f6b33222,49.0,USD,Success,2026-04-16,PayPal
TXN-c5df5d89,CUST-539125a1,SUB-5bc71f20,499.0,USD,Success,2025-05-18,PayPal
TXN-6ddcd11f,CUST-539125a1,SUB-5bc71f20,499.0,USD,Success,2025-06-18,Wire Transfer
TXN-9b7dcf12,CUST-539125a1,SUB-5bc71f20,499.0,USD,Success,2025-07-18,Wire Transfer
TXN-90a9a8e2,CUST-539125a1,SUB-5bc71f20,499.0,USD,Success,2025-08-18,Wire Transfer
TXN-c2041e4b,CUST-539125a1,SUB-5bc71f20,499.0,USD,Success,2025-09-18,Credit Card
TXN-523b897b,CUST-539125a1,SUB-5bc71f20,499.0,USD,Success,2025-10-18,PayPal
TXN-e3cb6f52,CUST-539125a1,SUB-5bc71f20,499.0,USD,Success,2025-11-18,PayPal
TXN-164f8fc8,CUST-539125a1,SUB-5bc71f20,499.0,USD,Success,2025-12-18,Wire Transfer
TXN-8da4da98,CUST-539125a1,SUB-5bc71f20,499.0,USD,Success,2026-01-18,Credit Card
TXN-6e957e02,CUST-539125a1,SUB-5bc71f20,499.0,USD,Success,2026-02-18,Credit Card
TXN-d969c0cb,CUST-539125a1,SUB-5bc71f20,499.0,USD,Success,2026-03-18,Credit Card
TXN-c6b8a3cd,CUST-539125a1,SUB-5bc71f20,499.0,USD,Success,2026-04-18,Wire Transfer
TXN-bae34be8,CUST-f6967436,SUB-b3c40467,49.0,USD,Refunded,2025-06-05,Credit Card
TXN-a8a65c29,CUST-f6967436,SUB-b3c40467,49.0,USD,Success,2025-07-05,Credit Card
TXN-ac480077,CUST-f6967436,SUB-b3c40467,49.0,USD,Success,2025-08-05,Credit Card
TXN-779db4dc,CUST-f6967436,SUB-b3c40467,49.0,USD,Success,2025-09-05,PayPal
TXN-c68cf973,CUST-f6967436,SUB-b3c40467,49.0,USD,Success,2025-10-05,Wire Transfer
TXN-d5f04350,CUST-2314d004,SUB-d3d400d3,49.0,USD,Success,2024-10-25,PayPal
TXN-8e903414,CUST-2314d004,SUB-d3d400d3,49.0,USD,Success,2024-11-25,PayPal
TXN-a14bd0f3,CUST-2314d004,SUB-d3d400d3,49.0,USD,Success,2024-12-25,Wire Transfer
TXN-44b5f229,CUST-2314d004,SUB-d3d400d3,49.0,USD,Success,2025-01-25,PayPal
TXN-03652651,CUST-2314d004,SUB-d3d400d3,49.0,USD,Success,2025-02-25,Credit Card
TXN-63605c12,CUST-2314d004,SUB-d3d400d3,49.0,USD,Success,2025-03-25,Credit Card
TXN-7a37a073,CUST-2314d004,SUB-d3d400d3,49.0,USD,Success,2025-04-25,Credit Card
TXN-9342504c,CUST-2314d004,SUB-d3d400d3,49.0,USD,Success,2025-05-25,Credit Card
TXN-f4ec8508,CUST-2314d004,SUB-d3d400d3,49.0,USD,Success,2025-06-25,Wire Transfer
TXN-0bf3126e,CUST-2314d004,SUB-d3d400d3,49.0,USD,Success,2025-07-25,PayPal
TXN-dae31358,CUST-2314d004,SUB-d3d400d3,49.0,USD,Success,2025-08-25,PayPal
TXN-8b3def07,CUST-2314d004,SUB-d3d400d3,49.0,USD,Success,2025-09-25,Credit Card
TXN-3ad58520,CUST-2314d004,SUB-d3d400d3,49.0,USD,Failed,2025-10-25,Credit Card
TXN-9c2848e1,CUST-2314d004,SUB-d3d400d3,49.0,USD,Success,2025-11-25,PayPal
TXN-e7dc99b7,CUST-2314d004,SUB-d3d400d3,49.0,USD,Success,2025-12-25,Wire Transfer
TXN-4af32122,CUST-2314d004,SUB-d3d400d3,49.0,USD,Success,2026-01-25,PayPal
TXN-ae1418ba,CUST-2314d004,SUB-d3d400d3,49.0,USD,Success,2026-02-25,Credit Card
TXN-00aee0d4,CUST-2314d004,SUB-d3d400d3,49.0,USD,Success,2026-03-25,Credit Card
TXN-0428d840,CUST-2314d004,SUB-d3d400d3,49.0,USD,Success,2026-04-25,Wire Transfer
TXN-5b730f60,CUST-1d7c731c,SUB-295c1306,49.0,USD,Refunded,2025-02-20,PayPal
TXN-db3bf9da,CUST-1d7c731c,SUB-295c1306,49.0,USD,Success,2025-03-20,Wire Transfer
TXN-55ba4504,CUST-1d7c731c,SUB-295c1306,49.0,USD,Success,2025-04-20,Wire Transfer
TXN-42f618df,CUST-1d7c731c,SUB-295c1306,49.0,USD,Failed,2025-05-20,Credit Card
TXN-faadb9b1,CUST-1d7c731c,SUB-295c1306,49.0,USD,Success,2025-06-20,PayPal
TXN-f5900bb2,CUST-1d7c731c,SUB-295c1306,49.0,USD,Success,2025-07-20,Credit Card
TXN-f4c789ed,CUST-1d7c731c,SUB-295c1306,49.0,USD,Success,2025-08-20,PayPal
TXN-0b87f62a,CUST-1d7c731c,SUB-295c1306,49.0,USD,Success,2025-09-20,Credit Card
TXN-d92769ff,CUST-1d7c731c,SUB-295c1306,49.0,USD,Success,2025-10-20,Credit Card
TXN-59594246,CUST-1d7c731c,SUB-295c1306,49.0,USD,Success,2025-11-20,PayPal
TXN-b7c9bc7d,CUST-1d7c731c,SUB-295c1306,49.0,USD,Success,2025-12-20,PayPal
TXN-dc4620c2,CUST-1d7c731c,SUB-295c1306,49.0,USD,Success,2026-01-20,Credit Card
TXN-cb61fffe,CUST-1d7c731c,SUB-295c1306,49.0,USD,Success,2026-02-20,PayPal
TXN-4a1829d1,CUST-1d7c731c,SUB-295c1306,49.0,USD,Success,2026-03-20,Credit Card
TXN-ccbead8f,CUST-1d7c731c,SUB-295c1306,49.0,USD,Success,2026-04-20,PayPal
TXN-abbf5de9,CUST-4c7dabd4,SUB-435c5308,49.0,USD,Success,2025-02-11,Credit Card
TXN-1e6698d2,CUST-4c7dabd4,SUB-435c5308,49.0,USD,Success,2025-03-11,Credit Card
TXN-9d5e71d0,CUST-4c7dabd4,SUB-435c5308,49.0,USD,Success,2025-04-11,Credit Card
TXN-815b6a5e,CUST-4c7dabd4,SUB-435c5308,49.0,USD,Failed,2025-05-11,Wire Transfer
TXN-d88e0f3f,CUST-4c7dabd4,SUB-435c5308,49.0,USD,Success,2025-06-11,PayPal
TXN-22fc9de8,CUST-4c7dabd4,SUB-435c5308,49.0,USD,Success,2025-07-11,Credit Card
TXN-600fce23,CUST-4c7dabd4,SUB-435c5308,49.0,USD,Success,2025-08-11,Wire Transfer
TXN-6dfe6a38,CUST-4c7dabd4,SUB-435c5308,49.0,USD,Success,2025-09-11,Credit Card
TXN-c02a5b46,CUST-4c7dabd4,SUB-435c5308,49.0,USD,Success,2025-10-11,Wire Transfer
TXN-5813a233,CUST-4c7dabd4,SUB-435c5308,49.0,USD,Success,2025-11-11,Credit Card
TXN-d186fb7a,CUST-4c7dabd4,SUB-435c5308,49.0,USD,Success,2025-12-11,Credit Card
TXN-44ffc60a,CUST-4c7dabd4,SUB-435c5308,49.0,USD,Success,2026-01-11,Wire Transfer
TXN-0e3eb71f,CUST-4c7dabd4,SUB-435c5308,49.0,USD,Success,2026-02-11,Wire Transfer
TXN-6b012b40,CUST-4c7dabd4,SUB-435c5308,49.0,USD,Success,2026-03-11,PayPal
TXN-75113084,CUST-4c7dabd4,SUB-435c5308,49.0,USD,Success,2026-04-11,PayPal
TXN-c345a704,CUST-1ddf2f32,SUB-bc144ebf,49.0,USD,Success,2025-02-14,Wire Transfer
TXN-c34955c8,CUST-1ddf2f32,SUB-bc144ebf,49.0,USD,Success,2025-03-14,PayPal
TXN-b3422148,CUST-1ddf2f32,SUB-bc144ebf,49.0,USD,Refunded,2025-04-14,Wire Transfer
TXN-491fc99e,CUST-1ddf2f32,SUB-bc144ebf,49.0,USD,Success,2025-05-14,PayPal
TXN-33b3596a,CUST-1ddf2f32,SUB-bc144ebf,49.0,USD,Success,2025-06-14,Credit Card
TXN-e35f4fae,CUST-1ddf2f32,SUB-bc144ebf,49.0,USD,Success,2025-07-14,PayPal
TXN-a022c71e,CUST-1ddf2f32,SUB-bc144ebf,49.0,USD,Refunded,2025-08-14,Credit Card
TXN-c85f39b0,CUST-1ddf2f32,SUB-bc144ebf,49.0,USD,Success,2025-09-14,Credit Card
TXN-8d214093,CUST-1ddf2f32,SUB-bc144ebf,49.0,USD,Success,2025-10-14,PayPal
TXN-3e2b8e85,CUST-1ddf2f32,SUB-bc144ebf,49.0,USD,Success,2025-11-14,Wire Transfer
TXN-53d86cf7,CUST-1ddf2f32,SUB-bc144ebf,49.0,USD,Success,2025-12-14,Credit Card
TXN-898710ed,CUST-1ddf2f32,SUB-bc144ebf,49.0,USD,Success,2026-01-14,Credit Card
TXN-1f57c844,CUST-1ddf2f32,SUB-bc144ebf,49.0,USD,Failed,2026-02-14,PayPal
TXN-2a542c00,CUST-1ddf2f32,SUB-bc144ebf,49.0,USD,Success,2026-03-14,Wire Transfer
TXN-0b68ad50,CUST-1ddf2f32,SUB-bc144ebf,49.0,USD,Success,2026-04-14,Wire Transfer
TXN-eedb3276,CUST-05be943f,SUB-e4eff02e,1999.0,USD,Success,2024-11-30,PayPal
TXN-4072f3a1,CUST-05be943f,SUB-e4eff02e,1999.0,USD,Success,2024-12-30,Wire Transfer
TXN-02d258f8,CUST-05be943f,SUB-e4eff02e,1999.0,USD,Success,2025-01-30,PayPal
TXN-f3e43b5b,CUST-05be943f,SUB-e4eff02e,1999.0,USD,Success,2025-02-28,PayPal
TXN-cdb49afa,CUST-05be943f,SUB-e4eff02e,1999.0,USD,Success,2025-03-28,PayPal
TXN-bb9a2345,CUST-05be943f,SUB-e4eff02e,1999.0,USD,Success,2025-04-28,Credit Card
TXN-73b84716,CUST-05be943f,SUB-e4eff02e,1999.0,USD,Success,2025-05-28,Credit Card
TXN-c0b0dea7,CUST-fc86d8b4,SUB-515fce1d,199.0,USD,Success,2024-09-19,Credit Card
TXN-5a7eafc1,CUST-fc86d8b4,SUB-515fce1d,199.0,USD,Success,2024-10-19,PayPal
TXN-dc4cb86a,CUST-fc86d8b4,SUB-515fce1d,199.0,USD,Success,2024-11-19,Credit Card
TXN-bad6daae,CUST-fc86d8b4,SUB-515fce1d,199.0,USD,Success,2024-12-19,Credit Card
TXN-508b0d04,CUST-fc86d8b4,SUB-515fce1d,199.0,USD,Success,2025-01-19,Credit Card
TXN-a4e48ebb,CUST-fc86d8b4,SUB-515fce1d,199.0,USD,Success,2025-02-19,PayPal
TXN-a16bfac3,CUST-fc86d8b4,SUB-515fce1d,199.0,USD,Success,2025-03-19,PayPal
TXN-d0393658,CUST-fc86d8b4,SUB-515fce1d,199.0,USD,Success,2025-04-19,PayPal
TXN-7b55573a,CUST-fc86d8b4,SUB-515fce1d,199.0,USD,Success,2025-05-19,Credit Card
TXN-406ba0bf,CUST-fc86d8b4,SUB-515fce1d,199.0,USD,Success,2025-06-19,Wire Transfer
TXN-fd0fc66f,CUST-fc86d8b4,SUB-515fce1d,199.0,USD,Success,2025-07-19,Credit Card
TXN-2b07bbc5,CUST-fc86d8b4,SUB-515fce1d,199.0,USD,Success,2025-08-19,Credit Card
TXN-2d87cb99,CUST-fc86d8b4,SUB-515fce1d,199.0,USD,Success,2025-09-19,PayPal
TXN-80117f7c,CUST-fc86d8b4,SUB-515fce1d,199.0,USD,Success,2025-10-19,PayPal
TXN-32e7ba3f,CUST-fc86d8b4,SUB-515fce1d,199.0,USD,Success,2025-11-19,Credit Card
TXN-18d2bf66,CUST-fc86d8b4,SUB-515fce1d,199.0,USD,Success,2025-12-19,Credit Card
TXN-c9dc27ee,CUST-fc86d8b4,SUB-515fce1d,199.0,USD,Success,2026-01-19,Wire Transfer
TXN-47bc2d1b,CUST-fc86d8b4,SUB-515fce1d,199.0,USD,Success,2026-02-19,Wire Transfer
TXN-f1ce46bc,CUST-fc86d8b4,SUB-515fce1d,199.0,USD,Success,2026-03-19,PayPal
TXN-66bccc52,CUST-fc86d8b4,SUB-515fce1d,199.0,USD,Success,2026-04-19,Wire Transfer
TXN-7b06f0fe,CUST-07998b73,SUB-fa1f2c8a,199.0,USD,Success,2026-04-05,Wire Transfer
TXN-f1dd7c6d,CUST-3aaf22f0,SUB-beb0ada4,499.0,USD,Success,2024-09-02,PayPal
TXN-8218b227,CUST-3aaf22f0,SUB-beb0ada4,499.0,USD,Success,2024-10-02,Wire Transfer
TXN-8b1152dc,CUST-3aaf22f0,SUB-beb0ada4,499.0,USD,Success,2024-11-02,Credit Card
TXN-f0c497d4,CUST-3aaf22f0,SUB-beb0ada4,499.0,USD,Success,2024-12-02,Wire Transfer
TXN-ba960fd5,CUST-3aaf22f0,SUB-beb0ada4,499.0,USD,Success,2025-01-02,PayPal
TXN-b3dc4816,CUST-3aaf22f0,SUB-beb0ada4,499.0,USD,Success,2025-02-02,Credit Card
TXN-49835b00,CUST-3aaf22f0,SUB-beb0ada4,499.0,USD,Success,2025-03-02,Wire Transfer
TXN-fc3d67ea,CUST-3aaf22f0,SUB-beb0ada4,499.0,USD,Success,2025-04-02,Credit Card
TXN-fad279b1,CUST-3aaf22f0,SUB-beb0ada4,499.0,USD,Success,2025-05-02,Credit Card
TXN-a667b6d4,CUST-3aaf22f0,SUB-beb0ada4,499.0,USD,Success,2025-06-02,Wire Transfer
TXN-15ef8b0d,CUST-3aaf22f0,SUB-beb0ada4,499.0,USD,Success,2025-07-02,Wire Transfer
TXN-7241b30e,CUST-3aaf22f0,SUB-beb0ada4,499.0,USD,Success,2025-08-02,PayPal
TXN-d1c851fc,CUST-3aaf22f0,SUB-beb0ada4,499.0,USD,Success,2025-09-02,PayPal
TXN-d38dadf7,CUST-3aaf22f0,SUB-beb0ada4,499.0,USD,Success,2025-10-02,Credit Card
TXN-58574638,CUST-3aaf22f0,SUB-beb0ada4,499.0,USD,Success,2025-11-02,PayPal
TXN-7a141d26,CUST-3aaf22f0,SUB-beb0ada4,499.0,USD,Success,2025-12-02,Credit Card
TXN-ad680314,CUST-3aaf22f0,SUB-beb0ada4,499.0,USD,Success,2026-01-02,Credit Card
TXN-64b18c52,CUST-3aaf22f0,SUB-beb0ada4,499.0,USD,Success,2026-02-02,PayPal
TXN-2755cc02,CUST-3aaf22f0,SUB-beb0ada4,499.0,USD,Success,2026-03-02,PayPal
TXN-8c8c0496,CUST-3aaf22f0,SUB-beb0ada4,499.0,USD,Success,2026-04-02,PayPal
TXN-9fd01985,CUST-3aaf22f0,SUB-beb0ada4,499.0,USD,Success,2026-05-02,Wire Transfer
TXN-dd23b0cd,CUST-032c3fe7,SUB-cd973236,49.0,USD,Success,2025-09-19,Credit Card
TXN-5fa0edfb,CUST-032c3fe7,SUB-cd973236,49.0,USD,Success,2025-10-19,Credit Card
TXN-c7f18ab4,CUST-032c3fe7,SUB-cd973236,49.0,USD,Success,2025-11-19,Credit Card
TXN-95f4f82f,CUST-b84be5f2,SUB-e1c8ab66,49.0,USD,Success,2025-03-21,PayPal
TXN-9785917e,CUST-b84be5f2,SUB-e1c8ab66,49.0,USD,Success,2025-04-21,PayPal
TXN-102a72cc,CUST-b84be5f2,SUB-e1c8ab66,49.0,USD,Success,2025-05-21,PayPal
TXN-446bc8a0,CUST-b84be5f2,SUB-e1c8ab66,49.0,USD,Success,2025-06-21,PayPal
TXN-e9177a4b,CUST-b84be5f2,SUB-e1c8ab66,49.0,USD,Success,2025-07-21,PayPal
TXN-89c41134,CUST-b84be5f2,SUB-e1c8ab66,49.0,USD,Refunded,2025-08-21,Wire Transfer
TXN-da8f7ab1,CUST-b84be5f2,SUB-e1c8ab66,49.0,USD,Failed,2025-09-21,PayPal
TXN-06992585,CUST-b84be5f2,SUB-e1c8ab66,49.0,USD,Success,2025-10-21,Credit Card
TXN-13364e41,CUST-b84be5f2,SUB-e1c8ab66,49.0,USD,Success,2025-11-21,PayPal
TXN-1efa5b0b,CUST-b84be5f2,SUB-e1c8ab66,49.0,USD,Success,2025-12-21,Credit Card
TXN-d12608aa,CUST-b84be5f2,SUB-e1c8ab66,49.0,USD,Success,2026-01-21,PayPal
TXN-b2ece815,CUST-b84be5f2,SUB-e1c8ab66,49.0,USD,Success,2026-02-21,PayPal
TXN-8557f3d9,CUST-b84be5f2,SUB-e1c8ab66,49.0,USD,Success,2026-03-21,Credit Card
TXN-270dab07,CUST-b84be5f2,SUB-e1c8ab66,49.0,USD,Failed,2026-04-21,Credit Card
TXN-d72e177f,CUST-b9f59b03,SUB-c6b84c35,49.0,USD,Success,2025-01-07,Credit Card
TXN-9cd02528,CUST-b9f59b03,SUB-c6b84c35,49.0,USD,Success,2025-02-07,Credit Card
TXN-92c04e7a,CUST-b9f59b03,SUB-c6b84c35,49.0,USD,Success,2025-03-07,Wire Transfer
TXN-fca0ceea,CUST-b9f59b03,SUB-c6b84c35,49.0,USD,Success,2025-04-07,Credit Card
TXN-9d263c7a,CUST-8f6a61e3,SUB-2c762361,49.0,USD,Success,2025-08-24,PayPal
TXN-498b0406,CUST-8f6a61e3,SUB-2c762361,49.0,USD,Success,2025-09-24,PayPal
TXN-e3f23267,CUST-8f6a61e3,SUB-2c762361,49.0,USD,Success,2025-10-24,Wire Transfer
TXN-ab8c4be7,CUST-8f6a61e3,SUB-2c762361,49.0,USD,Success,2025-11-24,Credit Card
TXN-0aabf75f,CUST-8f6a61e3,SUB-2c762361,49.0,USD,Success,2025-12-24,PayPal
TXN-2a8b0711,CUST-8f6a61e3,SUB-2c762361,49.0,USD,Success,2026-01-24,Wire Transfer
TXN-8af9757a,CUST-8f6a61e3,SUB-2c762361,49.0,USD,Success,2026-02-24,PayPal
TXN-c05fd8b7,CUST-8f6a61e3,SUB-2c762361,49.0,USD,Success,2026-03-24,Wire Transfer
TXN-886e8121,CUST-8f6a61e3,SUB-2c762361,49.0,USD,Success,2026-04-24,Wire Transfer
TXN-634f4f72,CUST-4f04f096,SUB-f6253df4,199.0,USD,Success,2025-12-06,Credit Card
TXN-e7f55502,CUST-4f04f096,SUB-f6253df4,199.0,USD,Success,2026-01-06,Wire Transfer
TXN-6bb3b879,CUST-e631336b,SUB-935016d7,49.0,USD,Success,2025-02-19,PayPal
TXN-1bbcbc5a,CUST-e631336b,SUB-935016d7,49.0,USD,Success,2025-03-19,PayPal
TXN-57f63caf,CUST-e631336b,SUB-935016d7,49.0,USD,Success,2025-04-19,Credit Card
TXN-cc3754e0,CUST-e631336b,SUB-935016d7,49.0,USD,Success,2025-05-19,Credit Card
TXN-1efcdaba,CUST-e631336b,SUB-935016d7,49.0,USD,Success,2025-06-19,Wire Transfer
TXN-96ece308,CUST-e631336b,SUB-935016d7,49.0,USD,Success,2025-07-19,Credit Card
TXN-78664b00,CUST-e631336b,SUB-935016d7,49.0,USD,Success,2025-08-19,PayPal
TXN-0354a55e,CUST-e631336b,SUB-935016d7,49.0,USD,Success,2025-09-19,PayPal
TXN-1649cf0e,CUST-c1633413,SUB-3522c844,49.0,USD,Success,2024-05-13,Credit Card
TXN-4310768f,CUST-c1633413,SUB-3522c844,49.0,USD,Success,2024-06-13,Credit Card
TXN-89b9cb7a,CUST-c1633413,SUB-3522c844,49.0,USD,Success,2024-07-13,Credit Card
TXN-529f2b95,CUST-c1633413,SUB-3522c844,49.0,USD,Success,2024-08-13,Wire Transfer
TXN-6104b67d,CUST-c1633413,SUB-3522c844,49.0,USD,Success,2024-09-13,Wire Transfer
TXN-561c3807,CUST-c1633413,SUB-3522c844,49.0,USD,Success,2024-10-13,PayPal
TXN-ac41faba,CUST-c1633413,SUB-3522c844,49.0,USD,Success,2024-11-13,Wire Transfer
TXN-14230157,CUST-c1633413,SUB-3522c844,49.0,USD,Success,2024-12-13,Wire Transfer
TXN-cbc5a1cd,CUST-c1633413,SUB-3522c844,49.0,USD,Success,2025-01-13,Wire Transfer
TXN-eeaf23ee,CUST-c1633413,SUB-3522c844,49.0,USD,Success,2025-02-13,Wire Transfer
TXN-9a0a70fb,CUST-c1633413,SUB-3522c844,49.0,USD,Success,2025-03-13,PayPal
TXN-9653baeb,CUST-c1633413,SUB-3522c844,49.0,USD,Success,2025-04-13,Credit Card
TXN-7ea82433,CUST-c1633413,SUB-3522c844,49.0,USD,Success,2025-05-13,PayPal
TXN-404e4775,CUST-c1633413,SUB-3522c844,49.0,USD,Success,2025-06-13,Wire Transfer
TXN-46846e52,CUST-c1633413,SUB-3522c844,49.0,USD,Success,2025-07-13,Credit Card
TXN-fba2103d,CUST-e1e4dc22,SUB-85faed12,199.0,USD,Refunded,2025-02-27,Credit Card
TXN-11d8cd59,CUST-e1e4dc22,SUB-85faed12,199.0,USD,Success,2025-03-27,Credit Card
TXN-f8d46766,CUST-e1e4dc22,SUB-85faed12,199.0,USD,Success,2025-04-27,PayPal
TXN-ea1f8055,CUST-e1e4dc22,SUB-85faed12,199.0,USD,Success,2025-05-27,Credit Card
TXN-ca7a4ef9,CUST-e1e4dc22,SUB-85faed12,199.0,USD,Success,2025-06-27,PayPal
TXN-31e98d0c,CUST-e1e4dc22,SUB-85faed12,199.0,USD,Success,2025-07-27,PayPal
TXN-d96f54b3,CUST-e1e4dc22,SUB-85faed12,199.0,USD,Success,2025-08-27,Wire Transfer
TXN-ed46763e,CUST-e1e4dc22,SUB-85faed12,199.0,USD,Success,2025-09-27,Wire Transfer
TXN-8002dbda,CUST-e1e4dc22,SUB-85faed12,199.0,USD,Success,2025-10-27,Credit Card
TXN-48147ad9,CUST-e1e4dc22,SUB-85faed12,199.0,USD,Success,2025-11-27,Credit Card
TXN-166a43d7,CUST-e1e4dc22,SUB-85faed12,199.0,USD,Success,2025-12-27,Wire Transfer
TXN-d36f7e22,CUST-e1e4dc22,SUB-85faed12,199.0,USD,Success,2026-01-27,PayPal
TXN-255d5849,CUST-e1e4dc22,SUB-85faed12,199.0,USD,Success,2026-02-27,PayPal
TXN-ebba7634,CUST-e1e4dc22,SUB-85faed12,199.0,USD,Success,2026-03-27,Wire Transfer
TXN-a895142a,CUST-e1e4dc22,SUB-85faed12,199.0,USD,Success,2026-04-27,PayPal
TXN-8928e849,CUST-95177416,SUB-900fc24c,1999.0,USD,Success,2026-01-11,Wire Transfer
TXN-eefc2802,CUST-95177416,SUB-900fc24c,1999.0,USD,Success,2026-02-11,Wire Transfer
TXN-76a551da,CUST-95177416,SUB-900fc24c,1999.0,USD,Success,2026-03-11,Credit Card
TXN-acebaf80,CUST-95177416,SUB-900fc24c,1999.0,USD,Success,2026-04-11,Credit Card
TXN-198e8cf3,CUST-c99c4a96,SUB-da2a748d,499.0,USD,Success,2026-01-18,Wire Transfer
TXN-660fe0fc,CUST-c99c4a96,SUB-da2a748d,499.0,USD,Failed,2026-02-18,Credit Card
TXN-650e0c3f,CUST-06b6c51f,SUB-70df86e6,499.0,USD,Success,2026-03-11,Wire Transfer
TXN-9c976eb6,CUST-06b6c51f,SUB-70df86e6,499.0,USD,Success,2026-04-11,PayPal
TXN-3a49546c,CUST-89b68766,SUB-214fed51,499.0,USD,Success,2026-02-25,PayPal
TXN-81f727d9,CUST-89b68766,SUB-214fed51,499.0,USD,Success,2026-03-25,PayPal
TXN-088f8984,CUST-f6982a15,SUB-ddf94902,49.0,USD,Success,2025-03-12,PayPal
TXN-538a1d56,CUST-f6982a15,SUB-ddf94902,49.0,USD,Success,2025-04-12,Wire Transfer
TXN-5b0d5934,CUST-f6982a15,SUB-ddf94902,49.0,USD,Success,2025-05-12,PayPal
TXN-2cccfc5e,CUST-f6982a15,SUB-ddf94902,49.0,USD,Success,2025-06-12,PayPal
TXN-bd439327,CUST-f6982a15,SUB-ddf94902,49.0,USD,Success,2025-07-12,PayPal
TXN-c358bf91,CUST-f6982a15,SUB-ddf94902,49.0,USD,Success,2025-08-12,PayPal
TXN-1e026f99,CUST-f6982a15,SUB-ddf94902,49.0,USD,Success,2025-09-12,Wire Transfer
TXN-2450ce05,CUST-f6982a15,SUB-ddf94902,49.0,USD,Success,2025-10-12,PayPal
TXN-c1134ee9,CUST-f6982a15,SUB-ddf94902,49.0,USD,Success,2025-11-12,Credit Card
TXN-1943383e,CUST-f6982a15,SUB-ddf94902,49.0,USD,Success,2025-12-12,Credit Card
TXN-ab0d3b14,CUST-f6982a15,SUB-ddf94902,49.0,USD,Success,2026-01-12,Credit Card
TXN-a426580e,CUST-f6982a15,SUB-ddf94902,49.0,USD,Success,2026-02-12,Credit Card
TXN-adc23d5f,CUST-f6982a15,SUB-ddf94902,49.0,USD,Success,2026-03-12,Credit Card
TXN-b8688b5c,CUST-f6982a15,SUB-ddf94902,49.0,USD,Failed,2026-04-12,Credit Card
TXN-c7cb4f59,CUST-80542518,SUB-4ef73c31,499.0,USD,Success,2025-05-25,Wire Transfer
TXN-0651c9b2,CUST-80542518,SUB-4ef73c31,499.0,USD,Success,2025-06-25,Credit Card
TXN-a2f1b3ae,CUST-80542518,SUB-4ef73c31,499.0,USD,Success,2025-07-25,PayPal
TXN-60bdca1a,CUST-80542518,SUB-4ef73c31,499.0,USD,Success,2025-08-25,Credit Card
TXN-5307f829,CUST-80542518,SUB-4ef73c31,499.0,USD,Success,2025-09-25,Wire Transfer
TXN-6253a700,CUST-80542518,SUB-4ef73c31,499.0,USD,Success,2025-10-25,Credit Card
TXN-1267abdb,CUST-80542518,SUB-4ef73c31,499.0,USD,Success,2025-11-25,PayPal
TXN-a8d40e99,CUST-80542518,SUB-4ef73c31,499.0,USD,Success,2025-12-25,PayPal
TXN-059ddd97,CUST-80542518,SUB-4ef73c31,499.0,USD,Success,2026-01-25,Wire Transfer
TXN-69e7cde2,CUST-80542518,SUB-4ef73c31,499.0,USD,Success,2026-02-25,Wire Transfer
TXN-9cb1b962,CUST-80542518,SUB-4ef73c31,499.0,USD,Success,2026-03-25,Wire Transfer
TXN-6c04a8cf,CUST-80542518,SUB-4ef73c31,499.0,USD,Success,2026-04-25,Wire Transfer
TXN-b7b53e93,CUST-9468999d,SUB-9916461c,49.0,USD,Success,2024-08-22,Credit Card
TXN-90692a89,CUST-9468999d,SUB-9916461c,49.0,USD,Success,2024-09-22,Credit Card
TXN-9c8079d5,CUST-7ba642be,SUB-6410c98c,199.0,USD,Success,2025-04-20,PayPal
TXN-8d794b35,CUST-7ba642be,SUB-6410c98c,199.0,USD,Success,2025-05-20,Wire Transfer
TXN-9213d947,CUST-7ba642be,SUB-6410c98c,199.0,USD,Success,2025-06-20,Wire Transfer
TXN-35cb2364,CUST-7ba642be,SUB-6410c98c,199.0,USD,Success,2025-07-20,Credit Card
TXN-5d71b0ef,CUST-7ba642be,SUB-6410c98c,199.0,USD,Success,2025-08-20,Wire Transfer
TXN-5d205b90,CUST-7ba642be,SUB-6410c98c,199.0,USD,Success,2025-09-20,PayPal
TXN-3899c5e5,CUST-7ba642be,SUB-6410c98c,199.0,USD,Success,2025-10-20,PayPal
TXN-c8b78028,CUST-7ba642be,SUB-6410c98c,199.0,USD,Success,2025-11-20,Wire Transfer
TXN-19ed94f0,CUST-7ba642be,SUB-6410c98c,199.0,USD,Success,2025-12-20,PayPal
TXN-978a83c5,CUST-7ba642be,SUB-6410c98c,199.0,USD,Success,2026-01-20,PayPal
TXN-b1697f37,CUST-7ba642be,SUB-6410c98c,199.0,USD,Success,2026-02-20,Credit Card
TXN-2f65ab45,CUST-7ba642be,SUB-6410c98c,199.0,USD,Success,2026-03-20,PayPal
TXN-9aa4eecb,CUST-7ba642be,SUB-6410c98c,199.0,USD,Success,2026-04-20,Wire Transfer
TXN-a30ab617,CUST-fc177409,SUB-d73a8a64,199.0,USD,Success,2024-10-27,Wire Transfer
TXN-4ef0e8bb,CUST-fc177409,SUB-d73a8a64,199.0,USD,Success,2024-11-27,PayPal
TXN-cdc2a759,CUST-fc177409,SUB-d73a8a64,199.0,USD,Success,2024-12-27,Wire Transfer
TXN-b9be5426,CUST-fc177409,SUB-d73a8a64,199.0,USD,Success,2025-01-27,Credit Card
TXN-d8d44d1e,CUST-fc177409,SUB-d73a8a64,199.0,USD,Success,2025-02-27,PayPal
TXN-364a7efa,CUST-fc177409,SUB-d73a8a64,199.0,USD,Success,2025-03-27,PayPal
TXN-84bb5b42,CUST-fc177409,SUB-d73a8a64,199.0,USD,Success,2025-04-27,PayPal
TXN-6e85987e,CUST-fc177409,SUB-d73a8a64,199.0,USD,Success,2025-05-27,Wire Transfer
TXN-f10d2fc6,CUST-fc177409,SUB-d73a8a64,199.0,USD,Refunded,2025-06-27,Wire Transfer
TXN-b33bb7ed,CUST-fc177409,SUB-d73a8a64,199.0,USD,Success,2025-07-27,PayPal
TXN-7ae7201c,CUST-fc177409,SUB-d73a8a64,199.0,USD,Success,2025-08-27,Wire Transfer
TXN-ca20d6f7,CUST-fc177409,SUB-d73a8a64,199.0,USD,Success,2025-09-27,Wire Transfer
TXN-f683321c,CUST-fc177409,SUB-d73a8a64,199.0,USD,Success,2025-10-27,PayPal
TXN-bbcb9ec8,CUST-fc177409,SUB-d73a8a64,199.0,USD,Success,2025-11-27,PayPal
TXN-1fb8166c,CUST-fc177409,SUB-d73a8a64,199.0,USD,Success,2025-12-27,Wire Transfer
TXN-0ccf4a08,CUST-fc177409,SUB-d73a8a64,199.0,USD,Success,2026-01-27,PayPal
TXN-0347c950,CUST-fc177409,SUB-d73a8a64,199.0,USD,Success,2026-02-27,PayPal
TXN-59ce2e39,CUST-fc177409,SUB-d73a8a64,199.0,USD,Success,2026-03-27,PayPal
TXN-11e445af,CUST-fc177409,SUB-d73a8a64,199.0,USD,Success,2026-04-27,PayPal
TXN-5f205b2b,CUST-7cfeaa19,SUB-3ad382af,49.0,USD,Failed,2025-11-22,Wire Transfer
TXN-5b9147fb,CUST-7cfeaa19,SUB-3ad382af,49.0,USD,Success,2025-12-22,PayPal
TXN-8cb7895a,CUST-7cfeaa19,SUB-3ad382af,49.0,USD,Success,2026-01-22,Credit Card
TXN-120ea712,CUST-7cfeaa19,SUB-3ad382af,49.0,USD,Success,2026-02-22,PayPal
TXN-031b27c7,CUST-7cfeaa19,SUB-3ad382af,49.0,USD,Success,2026-03-22,Credit Card
TXN-d2c42699,CUST-7cfeaa19,SUB-3ad382af,49.0,USD,Success,2026-04-22,PayPal
TXN-53bbe92e,CUST-bb534b54,SUB-0ea63a01,499.0,USD,Success,2025-01-20,Credit Card
TXN-91c5ac18,CUST-bb534b54,SUB-0ea63a01,499.0,USD,Success,2025-02-20,Credit Card
TXN-a3a78788,CUST-bb534b54,SUB-0ea63a01,499.0,USD,Success,2025-03-20,PayPal
TXN-670f9419,CUST-bb534b54,SUB-0ea63a01,499.0,USD,Success,2025-04-20,PayPal
TXN-086bbc9c,CUST-bb534b54,SUB-0ea63a01,499.0,USD,Success,2025-05-20,PayPal
TXN-c95a1486,CUST-bb534b54,SUB-0ea63a01,499.0,USD,Success,2025-06-20,Credit Card
TXN-6f276288,CUST-bb534b54,SUB-0ea63a01,499.0,USD,Success,2025-07-20,Wire Transfer
TXN-2e6d7ba1,CUST-bb534b54,SUB-0ea63a01,499.0,USD,Success,2025-08-20,Wire Transfer
TXN-ef5c92e5,CUST-bb534b54,SUB-0ea63a01,499.0,USD,Success,2025-09-20,PayPal
TXN-6fab0dbb,CUST-bb534b54,SUB-0ea63a01,499.0,USD,Success,2025-10-20,Wire Transfer
TXN-d5905211,CUST-bb534b54,SUB-0ea63a01,499.0,USD,Success,2025-11-20,Wire Transfer
TXN-e3e91570,CUST-bb534b54,SUB-0ea63a01,499.0,USD,Success,2025-12-20,PayPal
TXN-41f3bae3,CUST-bb534b54,SUB-0ea63a01,499.0,USD,Success,2026-01-20,Credit Card
TXN-4377deb3,CUST-bb534b54,SUB-0ea63a01,499.0,USD,Success,2026-02-20,PayPal
TXN-17331e36,CUST-bb534b54,SUB-0ea63a01,499.0,USD,Success,2026-03-20,Wire Transfer
TXN-e2142ddb,CUST-bb534b54,SUB-0ea63a01,499.0,USD,Success,2026-04-20,Credit Card
TXN-1c0c7216,CUST-8f218ce4,SUB-ae81376b,1999.0,USD,Success,2024-07-22,Wire Transfer
TXN-aafdffc5,CUST-8f218ce4,SUB-ae81376b,1999.0,USD,Success,2024-08-22,Credit Card
TXN-5df67c41,CUST-8f218ce4,SUB-ae81376b,1999.0,USD,Success,2024-09-22,Wire Transfer
TXN-46257340,CUST-8f218ce4,SUB-ae81376b,1999.0,USD,Success,2024-10-22,PayPal
TXN-dde93e04,CUST-8f218ce4,SUB-ae81376b,1999.0,USD,Success,2024-11-22,Wire Transfer
TXN-7b6cffd3,CUST-8f218ce4,SUB-ae81376b,1999.0,USD,Failed,2024-12-22,Wire Transfer
TXN-641675af,CUST-8f218ce4,SUB-ae81376b,1999.0,USD,Success,2025-01-22,Credit Card
TXN-15ce02f4,CUST-8f218ce4,SUB-ae81376b,1999.0,USD,Refunded,2025-02-22,Wire Transfer
TXN-083945a6,CUST-8f218ce4,SUB-ae81376b,1999.0,USD,Success,2025-03-22,PayPal
TXN-5ec2249a,CUST-8f218ce4,SUB-ae81376b,1999.0,USD,Success,2025-04-22,PayPal
TXN-c3c8132d,CUST-8f218ce4,SUB-ae81376b,1999.0,USD,Success,2025-05-22,PayPal
TXN-45258598,CUST-8f218ce4,SUB-ae81376b,1999.0,USD,Success,2025-06-22,Credit Card
TXN-aa2ebb6a,CUST-8f218ce4,SUB-ae81376b,1999.0,USD,Success,2025-07-22,Credit Card
TXN-a9b856cc,CUST-d9f83ad8,SUB-9e41a050,49.0,USD,Success,2024-09-28,Wire Transfer
TXN-6871e5ab,CUST-d9f83ad8,SUB-9e41a050,49.0,USD,Success,2024-10-28,Wire Transfer
TXN-94d7287c,CUST-d9f83ad8,SUB-9e41a050,49.0,USD,Success,2024-11-28,Wire Transfer
TXN-f6b4ce1a,CUST-d9f83ad8,SUB-9e41a050,49.0,USD,Success,2024-12-28,Credit Card
TXN-3c3ff114,CUST-d9f83ad8,SUB-9e41a050,49.0,USD,Success,2025-01-28,Credit Card
TXN-749b86ee,CUST-d9f83ad8,SUB-9e41a050,49.0,USD,Success,2025-02-28,Wire Transfer
TXN-4d74de38,CUST-d9f83ad8,SUB-9e41a050,49.0,USD,Success,2025-03-28,Credit Card
TXN-43e4afbd,CUST-d9f83ad8,SUB-9e41a050,49.0,USD,Success,2025-04-28,Credit Card
TXN-491c5052,CUST-d9f83ad8,SUB-9e41a050,49.0,USD,Success,2025-05-28,PayPal
TXN-48a2ce6a,CUST-d9f83ad8,SUB-9e41a050,49.0,USD,Success,2025-06-28,PayPal
TXN-cf03de02,CUST-d9f83ad8,SUB-9e41a050,49.0,USD,Success,2025-07-28,Wire Transfer
TXN-c8a1fafb,CUST-d9f83ad8,SUB-9e41a050,49.0,USD,Success,2025-08-28,Wire Transfer
TXN-996a81e4,CUST-d9f83ad8,SUB-9e41a050,49.0,USD,Failed,2025-09-28,PayPal
TXN-06c1f9ac,CUST-d9f83ad8,SUB-9e41a050,49.0,USD,Refunded,2025-10-28,Credit Card
TXN-d239a37d,CUST-d9f83ad8,SUB-9e41a050,49.0,USD,Refunded,2025-11-28,Wire Transfer
TXN-d9ab90ad,CUST-d9f83ad8,SUB-9e41a050,49.0,USD,Success,2025-12-28,Wire Transfer
TXN-63a95bef,CUST-d9f83ad8,SUB-9e41a050,49.0,USD,Success,2026-01-28,Wire Transfer
TXN-f51047cd,CUST-d9f83ad8,SUB-9e41a050,49.0,USD,Success,2026-02-28,Credit Card
TXN-b33d1345,CUST-d9f83ad8,SUB-9e41a050,49.0,USD,Success,2026-03-28,PayPal
TXN-e2943f94,CUST-d9f83ad8,SUB-9e41a050,49.0,USD,Success,2026-04-28,Wire Transfer
TXN-6ad7b57d,CUST-109e77ec,SUB-2c4a48c8,499.0,USD,Success,2024-07-17,PayPal
TXN-3386bbe7,CUST-109e77ec,SUB-2c4a48c8,499.0,USD,Success,2024-08-17,PayPal
TXN-ba868afe,CUST-109e77ec,SUB-2c4a48c8,499.0,USD,Success,2024-09-17,Credit Card
TXN-f77f4474,CUST-109e77ec,SUB-2c4a48c8,499.0,USD,Success,2024-10-17,Credit Card
TXN-eab2617d,CUST-109e77ec,SUB-2c4a48c8,499.0,USD,Success,2024-11-17,Credit Card
TXN-29cd7456,CUST-109e77ec,SUB-2c4a48c8,499.0,USD,Success,2024-12-17,Credit Card
TXN-311ad9da,CUST-109e77ec,SUB-2c4a48c8,499.0,USD,Success,2025-01-17,Credit Card
TXN-1bb9c695,CUST-109e77ec,SUB-2c4a48c8,499.0,USD,Success,2025-02-17,Credit Card
TXN-efe001b6,CUST-109e77ec,SUB-2c4a48c8,499.0,USD,Success,2025-03-17,Wire Transfer
TXN-ec60e4b1,CUST-109e77ec,SUB-2c4a48c8,499.0,USD,Success,2025-04-17,PayPal
TXN-4e1f6513,CUST-109e77ec,SUB-2c4a48c8,499.0,USD,Success,2025-05-17,Credit Card
TXN-d19bdd1d,CUST-109e77ec,SUB-2c4a48c8,499.0,USD,Success,2025-06-17,Wire Transfer
TXN-49535204,CUST-109e77ec,SUB-2c4a48c8,499.0,USD,Success,2025-07-17,PayPal
TXN-7f45ade9,CUST-109e77ec,SUB-2c4a48c8,499.0,USD,Success,2025-08-17,Credit Card
TXN-02c4ee89,CUST-109e77ec,SUB-2c4a48c8,499.0,USD,Success,2025-09-17,Credit Card
TXN-1276f8a9,CUST-63ac8475,SUB-c2bf4a91,49.0,USD,Success,2025-04-09,Wire Transfer
TXN-05881a58,CUST-63ac8475,SUB-c2bf4a91,49.0,USD,Success,2025-05-09,PayPal
TXN-ed22eea6,CUST-63ac8475,SUB-c2bf4a91,49.0,USD,Success,2025-06-09,Credit Card
TXN-3b21d76d,CUST-63ac8475,SUB-c2bf4a91,49.0,USD,Success,2025-07-09,PayPal
TXN-04f3e689,CUST-63ac8475,SUB-c2bf4a91,49.0,USD,Success,2025-08-09,Wire Transfer
TXN-91a4d3da,CUST-63ac8475,SUB-c2bf4a91,49.0,USD,Success,2025-09-09,Credit Card
TXN-c7771517,CUST-63ac8475,SUB-c2bf4a91,49.0,USD,Success,2025-10-09,PayPal
TXN-8ae8cfa1,CUST-63ac8475,SUB-c2bf4a91,49.0,USD,Success,2025-11-09,Wire Transfer
TXN-37c4287d,CUST-dd2f1b08,SUB-25093629,199.0,USD,Success,2025-08-15,Wire Transfer
TXN-ec34c014,CUST-dd2f1b08,SUB-25093629,199.0,USD,Success,2025-09-15,Credit Card
TXN-5a204084,CUST-dd2f1b08,SUB-25093629,199.0,USD,Success,2025-10-15,PayPal
TXN-e6d69ee5,CUST-dd2f1b08,SUB-25093629,199.0,USD,Success,2025-11-15,Credit Card
TXN-cbca3118,CUST-dd2f1b08,SUB-25093629,199.0,USD,Refunded,2025-12-15,Credit Card
TXN-fa5f3652,CUST-dd2f1b08,SUB-25093629,199.0,USD,Success,2026-01-15,PayPal
TXN-a2d50213,CUST-dd2f1b08,SUB-25093629,199.0,USD,Success,2026-02-15,PayPal
TXN-42e9a56b,CUST-dd2f1b08,SUB-25093629,199.0,USD,Success,2026-03-15,PayPal
TXN-9e4b707f,CUST-dd2f1b08,SUB-25093629,199.0,USD,Success,2026-04-15,Wire Transfer
TXN-c1b2e559,CUST-cef7fcc3,SUB-7cdc3141,199.0,USD,Success,2025-07-01,Wire Transfer
TXN-413f8692,CUST-cef7fcc3,SUB-7cdc3141,199.0,USD,Success,2025-08-01,PayPal
TXN-ffca0fdf,CUST-cef7fcc3,SUB-7cdc3141,199.0,USD,Success,2025-09-01,Wire Transfer
TXN-d43b4a9d,CUST-cef7fcc3,SUB-7cdc3141,199.0,USD,Success,2025-10-01,Credit Card
TXN-2a9e393a,CUST-cef7fcc3,SUB-7cdc3141,199.0,USD,Success,2025-11-01,PayPal
TXN-17020a4e,CUST-cef7fcc3,SUB-7cdc3141,199.0,USD,Success,2025-12-01,Credit Card
TXN-076a93fc,CUST-cef7fcc3,SUB-7cdc3141,199.0,USD,Success,2026-01-01,PayPal
TXN-1382eda3,CUST-cef7fcc3,SUB-7cdc3141,199.0,USD,Success,2026-02-01,Credit Card
TXN-2e98817b,CUST-cef7fcc3,SUB-7cdc3141,199.0,USD,Success,2026-03-01,PayPal
TXN-361f99f3,CUST-cef7fcc3,SUB-7cdc3141,199.0,USD,Success,2026-04-01,Credit Card
TXN-c0c8e5dc,CUST-cef7fcc3,SUB-7cdc3141,199.0,USD,Success,2026-05-01,PayPal
TXN-55ec2ce7,CUST-6e298177,SUB-d2b451ef,199.0,USD,Success,2026-04-27,PayPal
TXN-99cf3989,CUST-4f590e9e,SUB-2c11b55d,1999.0,USD,Success,2025-03-10,Wire Transfer
TXN-f6a0afab,CUST-4f590e9e,SUB-2c11b55d,1999.0,USD,Success,2025-04-10,Credit Card
TXN-c4dc91f3,CUST-4f590e9e,SUB-2c11b55d,1999.0,USD,Success,2025-05-10,Wire Transfer
TXN-21f42ff6,CUST-4f590e9e,SUB-2c11b55d,1999.0,USD,Success,2025-06-10,Credit Card
TXN-7ac3874e,CUST-4f590e9e,SUB-2c11b55d,1999.0,USD,Success,2025-07-10,Wire Transfer
TXN-5d43e108,CUST-4f590e9e,SUB-2c11b55d,1999.0,USD,Success,2025-08-10,PayPal
TXN-2f604e0c,CUST-4f590e9e,SUB-2c11b55d,1999.0,USD,Success,2025-09-10,Wire Transfer
TXN-644dcebf,CUST-4f590e9e,SUB-2c11b55d,1999.0,USD,Success,2025-10-10,Wire Transfer
TXN-29ef6563,CUST-4f590e9e,SUB-2c11b55d,1999.0,USD,Success,2025-11-10,PayPal
TXN-8bdf6a31,CUST-4f590e9e,SUB-2c11b55d,1999.0,USD,Failed,2025-12-10,Wire Transfer
TXN-0d0ceb0f,CUST-4f590e9e,SUB-2c11b55d,1999.0,USD,Success,2026-01-10,PayPal
TXN-6bf42dd9,CUST-4f590e9e,SUB-2c11b55d,1999.0,USD,Failed,2026-02-10,Credit Card
TXN-e7d7e720,CUST-4f590e9e,SUB-2c11b55d,1999.0,USD,Success,2026-03-10,Wire Transfer
TXN-cf6f2362,CUST-4f590e9e,SUB-2c11b55d,1999.0,USD,Success,2026-04-10,PayPal
TXN-aeefc72a,CUST-0cd64136,SUB-706b2a1a,499.0,USD,Failed,2026-04-30,PayPal
TXN-118be2bd,CUST-0cd64136,SUB-706b2a1a,499.0,USD,Success,2026-05-30,Wire Transfer
TXN-9358af46,CUST-43020db7,SUB-bacf47f4,499.0,USD,Success,2024-11-17,Credit Card
TXN-0f4d17c5,CUST-43020db7,SUB-bacf47f4,499.0,USD,Success,2024-12-17,Wire Transfer
TXN-fff98aa7,CUST-43020db7,SUB-bacf47f4,499.0,USD,Success,2025-01-17,PayPal
TXN-136de1b3,CUST-43020db7,SUB-bacf47f4,499.0,USD,Success,2025-02-17,Credit Card
TXN-5017b008,CUST-43020db7,SUB-bacf47f4,499.0,USD,Success,2025-03-17,Wire Transfer
TXN-e0996e9b,CUST-43020db7,SUB-bacf47f4,499.0,USD,Success,2025-04-17,PayPal
TXN-d3710045,CUST-43020db7,SUB-bacf47f4,499.0,USD,Success,2025-05-17,Wire Transfer
TXN-e8e0b0e0,CUST-43020db7,SUB-bacf47f4,499.0,USD,Success,2025-06-17,Credit Card
TXN-f1fc8305,CUST-43020db7,SUB-bacf47f4,499.0,USD,Success,2025-07-17,Credit Card
TXN-054a8961,CUST-43020db7,SUB-bacf47f4,499.0,USD,Success,2025-08-17,Credit Card
TXN-8ad47993,CUST-43020db7,SUB-bacf47f4,499.0,USD,Success,2025-09-17,Credit Card
TXN-692bd17d,CUST-43020db7,SUB-bacf47f4,499.0,USD,Success,2025-10-17,Credit Card
TXN-ad998b7d,CUST-43020db7,SUB-bacf47f4,499.0,USD,Success,2025-11-17,Wire Transfer
TXN-57739b29,CUST-43020db7,SUB-bacf47f4,499.0,USD,Success,2025-12-17,Credit Card
TXN-406e4585,CUST-43020db7,SUB-bacf47f4,499.0,USD,Success,2026-01-17,Credit Card
TXN-62059758,CUST-43020db7,SUB-bacf47f4,499.0,USD,Success,2026-02-17,PayPal
TXN-4a87a316,CUST-43020db7,SUB-bacf47f4,499.0,USD,Success,2026-03-17,Credit Card
TXN-b4103d2b,CUST-43020db7,SUB-bacf47f4,499.0,USD,Success,2026-04-17,PayPal
TXN-ac3fd1e6,CUST-63eb06c9,SUB-68988f17,49.0,USD,Success,2025-12-06,PayPal
TXN-5b418ccd,CUST-63eb06c9,SUB-68988f17,49.0,USD,Success,2026-01-06,PayPal
TXN-fb6d667f,CUST-63eb06c9,SUB-68988f17,49.0,USD,Success,2026-02-06,Wire Transfer
TXN-9fc981f4,CUST-63eb06c9,SUB-68988f17,49.0,USD,Success,2026-03-06,Wire Transfer
TXN-c74d7b73,CUST-63eb06c9,SUB-68988f17,49.0,USD,Success,2026-04-06,PayPal
TXN-78daa789,CUST-63eb06c9,SUB-68988f17,49.0,USD,Success,2026-05-06,Wire Transfer
TXN-65b487dc,CUST-3500572a,SUB-3a2b9ebf,1999.0,USD,Failed,2025-09-10,Credit Card
TXN-8b9c786c,CUST-3500572a,SUB-3a2b9ebf,1999.0,USD,Success,2025-10-10,Wire Transfer
TXN-f8a67643,CUST-3500572a,SUB-3a2b9ebf,1999.0,USD,Success,2025-11-10,Credit Card
TXN-c67f77af,CUST-3500572a,SUB-3a2b9ebf,1999.0,USD,Success,2025-12-10,Credit Card
TXN-48a2b8a5,CUST-3500572a,SUB-3a2b9ebf,1999.0,USD,Success,2026-01-10,Wire Transfer
TXN-0e58c48c,CUST-3500572a,SUB-3a2b9ebf,1999.0,USD,Success,2026-02-10,Wire Transfer
TXN-a9d54cd3,CUST-3500572a,SUB-3a2b9ebf,1999.0,USD,Success,2026-03-10,PayPal
TXN-1c1e54f6,CUST-3500572a,SUB-3a2b9ebf,1999.0,USD,Success,2026-04-10,Wire Transfer
TXN-b1b0d818,CUST-b390d15e,SUB-2bd4ddb8,49.0,USD,Success,2025-12-25,Wire Transfer
TXN-4908032c,CUST-b390d15e,SUB-2bd4ddb8,49.0,USD,Success,2026-01-25,Wire Transfer
TXN-427fb399,CUST-b390d15e,SUB-2bd4ddb8,49.0,USD,Success,2026-02-25,Credit Card
TXN-d0ce9be7,CUST-b390d15e,SUB-2bd4ddb8,49.0,USD,Success,2026-03-25,Credit Card
TXN-a196a89d,CUST-b390d15e,SUB-2bd4ddb8,49.0,USD,Success,2026-04-25,Credit Card
TXN-50dee6c8,CUST-ea55644d,SUB-2a025491,499.0,USD,Success,2024-06-05,PayPal
TXN-5e2c873a,CUST-ea55644d,SUB-2a025491,499.0,USD,Success,2024-07-05,PayPal
TXN-ed48a6ec,CUST-ea55644d,SUB-2a025491,499.0,USD,Success,2024-08-05,PayPal
TXN-c3a92521,CUST-ea55644d,SUB-2a025491,499.0,USD,Success,2024-09-05,Credit Card
TXN-116283b9,CUST-ea55644d,SUB-2a025491,499.0,USD,Success,2024-10-05,Wire Transfer
TXN-affaf28d,CUST-ea55644d,SUB-2a025491,499.0,USD,Success,2024-11-05,PayPal
TXN-74cc4181,CUST-ea55644d,SUB-2a025491,499.0,USD,Success,2024-12-05,PayPal
TXN-4325563f,CUST-ea55644d,SUB-2a025491,499.0,USD,Success,2025-01-05,Credit Card
TXN-7c331c77,CUST-ea55644d,SUB-2a025491,499.0,USD,Success,2025-02-05,PayPal
TXN-1c6333af,CUST-ea55644d,SUB-2a025491,499.0,USD,Success,2025-03-05,Wire Transfer
TXN-02829142,CUST-ea55644d,SUB-2a025491,499.0,USD,Success,2025-04-05,Credit Card
TXN-1a7d4933,CUST-ea55644d,SUB-2a025491,499.0,USD,Success,2025-05-05,Credit Card
TXN-d8b1c79d,CUST-ea55644d,SUB-2a025491,499.0,USD,Success,2025-06-05,Wire Transfer
TXN-906dd702,CUST-ea55644d,SUB-2a025491,499.0,USD,Success,2025-07-05,Wire Transfer
TXN-da1dc685,CUST-ea55644d,SUB-2a025491,499.0,USD,Success,2025-08-05,Wire Transfer
TXN-5699e633,CUST-ea55644d,SUB-2a025491,499.0,USD,Failed,2025-09-05,PayPal
TXN-c73ff17c,CUST-ea55644d,SUB-2a025491,499.0,USD,Success,2025-10-05,Wire Transfer
TXN-37a5b29b,CUST-ea55644d,SUB-2a025491,499.0,USD,Success,2025-11-05,Credit Card
TXN-a2372989,CUST-ea55644d,SUB-2a025491,499.0,USD,Success,2025-12-05,Wire Transfer
TXN-fd24db28,CUST-ea55644d,SUB-2a025491,499.0,USD,Success,2026-01-05,Credit Card
TXN-8392d583,CUST-ea55644d,SUB-2a025491,499.0,USD,Success,2026-02-05,Credit Card
TXN-3e2c1b24,CUST-ea55644d,SUB-2a025491,499.0,USD,Success,2026-03-05,PayPal
TXN-a0a0a355,CUST-ea55644d,SUB-2a025491,499.0,USD,Success,2026-04-05,Wire Transfer
TXN-9ae6ed38,CUST-ea55644d,SUB-2a025491,499.0,USD,Success,2026-05-05,PayPal
TXN-04aa3772,CUST-7ab81450,SUB-f9e1ef72,49.0,USD,Success,2024-06-13,Wire Transfer
TXN-0dbfc411,CUST-7ab81450,SUB-f9e1ef72,49.0,USD,Success,2024-07-13,Wire Transfer
TXN-54b06114,CUST-7ab81450,SUB-f9e1ef72,49.0,USD,Success,2024-08-13,Wire Transfer
TXN-3a7de698,CUST-7ab81450,SUB-f9e1ef72,49.0,USD,Success,2024-09-13,Wire Transfer
TXN-769db57c,CUST-7ab81450,SUB-f9e1ef72,49.0,USD,Success,2024-10-13,Wire Transfer
TXN-39fd4f4a,CUST-7ab81450,SUB-f9e1ef72,49.0,USD,Success,2024-11-13,Credit Card
TXN-f5f5291b,CUST-7ab81450,SUB-f9e1ef72,49.0,USD,Success,2024-12-13,Credit Card
TXN-cf151655,CUST-7ab81450,SUB-f9e1ef72,49.0,USD,Success,2025-01-13,Wire Transfer
TXN-a39e0953,CUST-7ab81450,SUB-f9e1ef72,49.0,USD,Failed,2025-02-13,Credit Card
TXN-66466857,CUST-7ab81450,SUB-f9e1ef72,49.0,USD,Success,2025-03-13,PayPal
TXN-4162cdd6,CUST-7ab81450,SUB-f9e1ef72,49.0,USD,Success,2025-04-13,PayPal
TXN-6fd61d0e,CUST-7ab81450,SUB-f9e1ef72,49.0,USD,Success,2025-05-13,PayPal
TXN-3cc098d4,CUST-7ab81450,SUB-f9e1ef72,49.0,USD,Success,2025-06-13,Wire Transfer
TXN-6b33eec2,CUST-7ab81450,SUB-f9e1ef72,49.0,USD,Success,2025-07-13,Wire Transfer
TXN-2161247e,CUST-7ab81450,SUB-f9e1ef72,49.0,USD,Success,2025-08-13,Credit Card
TXN-d7d88142,CUST-e197c709,SUB-4bb6eb10,49.0,USD,Success,2024-05-19,Credit Card
TXN-102ba251,CUST-e197c709,SUB-4bb6eb10,49.0,USD,Success,2024-06-19,Credit Card
TXN-87183064,CUST-e197c709,SUB-4bb6eb10,49.0,USD,Success,2024-07-19,PayPal
TXN-ec1569e6,CUST-e197c709,SUB-4bb6eb10,49.0,USD,Success,2024-08-19,PayPal
TXN-dbbfecb9,CUST-e197c709,SUB-4bb6eb10,49.0,USD,Success,2024-09-19,PayPal
TXN-971a1177,CUST-e197c709,SUB-4bb6eb10,49.0,USD,Success,2024-10-19,PayPal
TXN-a3a47fd1,CUST-e197c709,SUB-4bb6eb10,49.0,USD,Success,2024-11-19,Credit Card
TXN-71c9435c,CUST-e197c709,SUB-4bb6eb10,49.0,USD,Success,2024-12-19,Wire Transfer
TXN-c9395584,CUST-e197c709,SUB-4bb6eb10,49.0,USD,Success,2025-01-19,Wire Transfer
TXN-54143cd4,CUST-e197c709,SUB-4bb6eb10,49.0,USD,Failed,2025-02-19,PayPal
TXN-252e6cda,CUST-e197c709,SUB-4bb6eb10,49.0,USD,Success,2025-03-19,Wire Transfer
TXN-f0e490d5,CUST-e197c709,SUB-4bb6eb10,49.0,USD,Success,2025-04-19,Wire Transfer
TXN-5fc23a9b,CUST-e197c709,SUB-4bb6eb10,49.0,USD,Success,2025-05-19,Wire Transfer
TXN-da69c329,CUST-e197c709,SUB-4bb6eb10,49.0,USD,Success,2025-06-19,PayPal
TXN-f3afc132,CUST-e197c709,SUB-4bb6eb10,49.0,USD,Success,2025-07-19,Credit Card
TXN-5cd39f52,CUST-e197c709,SUB-4bb6eb10,49.0,USD,Success,2025-08-19,Credit Card
TXN-fc945f5c,CUST-e197c709,SUB-4bb6eb10,49.0,USD,Success,2025-09-19,Wire Transfer
TXN-a4021b82,CUST-e197c709,SUB-4bb6eb10,49.0,USD,Success,2025-10-19,Credit Card
TXN-dad658ad,CUST-e197c709,SUB-4bb6eb10,49.0,USD,Success,2025-11-19,Credit Card
TXN-77b5d2f4,CUST-e197c709,SUB-4bb6eb10,49.0,USD,Success,2025-12-19,PayPal
TXN-f2656e84,CUST-e197c709,SUB-4bb6eb10,49.0,USD,Success,2026-01-19,PayPal
TXN-2db8a746,CUST-e197c709,SUB-4bb6eb10,49.0,USD,Success,2026-02-19,Wire Transfer
TXN-3f88e6a0,CUST-e197c709,SUB-4bb6eb10,49.0,USD,Success,2026-03-19,Wire Transfer
TXN-aaaf538c,CUST-e197c709,SUB-4bb6eb10,49.0,USD,Success,2026-04-19,Wire Transfer
TXN-2dd108c1,CUST-8ce306b3,SUB-b017ed8a,199.0,USD,Success,2024-06-25,PayPal
TXN-f70dfe44,CUST-8ce306b3,SUB-b017ed8a,199.0,USD,Success,2024-07-25,Credit Card
TXN-8a7c8f3f,CUST-8ce306b3,SUB-b017ed8a,199.0,USD,Success,2024-08-25,PayPal
TXN-a3719afd,CUST-8ce306b3,SUB-b017ed8a,199.0,USD,Success,2024-09-25,PayPal
TXN-f020196c,CUST-8ce306b3,SUB-b017ed8a,199.0,USD,Success,2024-10-25,Credit Card
TXN-8d747dc6,CUST-8ce306b3,SUB-b017ed8a,199.0,USD,Success,2024-11-25,Credit Card
TXN-f085d59d,CUST-8ce306b3,SUB-b017ed8a,199.0,USD,Success,2024-12-25,Wire Transfer
TXN-fb9305f2,CUST-8ce306b3,SUB-b017ed8a,199.0,USD,Success,2025-01-25,Credit Card
TXN-c479fcff,CUST-8ce306b3,SUB-b017ed8a,199.0,USD,Success,2025-02-25,Credit Card
TXN-802ef266,CUST-8ce306b3,SUB-b017ed8a,199.0,USD,Success,2025-03-25,Credit Card
TXN-fceecbed,CUST-8ce306b3,SUB-b017ed8a,199.0,USD,Success,2025-04-25,Credit Card
TXN-23f291bf,CUST-8ce306b3,SUB-b017ed8a,199.0,USD,Success,2025-05-25,Wire Transfer
TXN-c6772a50,CUST-8ce306b3,SUB-b017ed8a,199.0,USD,Success,2025-06-25,Wire Transfer
TXN-ffc015a1,CUST-8ce306b3,SUB-b017ed8a,199.0,USD,Success,2025-07-25,Credit Card
TXN-cbba709e,CUST-8ce306b3,SUB-b017ed8a,199.0,USD,Success,2025-08-25,Credit Card
TXN-128e63fc,CUST-8ce306b3,SUB-b017ed8a,199.0,USD,Success,2025-09-25,Wire Transfer
TXN-192ecbee,CUST-8ce306b3,SUB-b017ed8a,199.0,USD,Success,2025-10-25,Wire Transfer
TXN-93cc1aeb,CUST-8ce306b3,SUB-b017ed8a,199.0,USD,Success,2025-11-25,Credit Card
TXN-b5df5a6f,CUST-8ce306b3,SUB-b017ed8a,199.0,USD,Success,2025-12-25,PayPal
TXN-ab026c60,CUST-8ce306b3,SUB-b017ed8a,199.0,USD,Success,2026-01-25,Wire Transfer
TXN-798a591f,CUST-8ce306b3,SUB-b017ed8a,199.0,USD,Success,2026-02-25,Wire Transfer
TXN-c66ea282,CUST-8ce306b3,SUB-b017ed8a,199.0,USD,Success,2026-03-25,Wire Transfer
TXN-c05e9925,CUST-8ce306b3,SUB-b017ed8a,199.0,USD,Success,2026-04-25,Credit Card
TXN-a0aae0e3,CUST-c7330a1c,SUB-a9e2fce2,49.0,USD,Success,2024-05-15,Credit Card
TXN-836b934f,CUST-c7330a1c,SUB-a9e2fce2,49.0,USD,Success,2024-06-15,Wire Transfer
TXN-d2e26f61,CUST-c7330a1c,SUB-a9e2fce2,49.0,USD,Success,2024-07-15,Credit Card
TXN-72d2a31f,CUST-c7330a1c,SUB-a9e2fce2,49.0,USD,Success,2024-08-15,Credit Card
TXN-5ca8fe8a,CUST-c7330a1c,SUB-a9e2fce2,49.0,USD,Success,2024-09-15,Wire Transfer
TXN-ba2f33ce,CUST-c7330a1c,SUB-a9e2fce2,49.0,USD,Success,2024-10-15,Credit Card
TXN-7b2d10bb,CUST-c7330a1c,SUB-a9e2fce2,49.0,USD,Success,2024-11-15,PayPal
TXN-25ab8bd9,CUST-c7330a1c,SUB-a9e2fce2,49.0,USD,Success,2024-12-15,Credit Card
TXN-b12cbfa7,CUST-c7330a1c,SUB-a9e2fce2,49.0,USD,Success,2025-01-15,Credit Card
TXN-2bddd98e,CUST-c7330a1c,SUB-a9e2fce2,49.0,USD,Success,2025-02-15,Wire Transfer
TXN-35dc6afc,CUST-c7330a1c,SUB-a9e2fce2,49.0,USD,Success,2025-03-15,Wire Transfer
TXN-52bb8e21,CUST-c7330a1c,SUB-a9e2fce2,49.0,USD,Success,2025-04-15,PayPal
TXN-868580c6,CUST-c7330a1c,SUB-a9e2fce2,49.0,USD,Success,2025-05-15,Credit Card
TXN-0131d025,CUST-c7330a1c,SUB-a9e2fce2,49.0,USD,Failed,2025-06-15,PayPal
TXN-a8d3e38b,CUST-c7330a1c,SUB-a9e2fce2,49.0,USD,Success,2025-07-15,PayPal
TXN-369d8b53,CUST-c7330a1c,SUB-a9e2fce2,49.0,USD,Success,2025-08-15,Wire Transfer
TXN-0a64f8d6,CUST-c7330a1c,SUB-a9e2fce2,49.0,USD,Success,2025-09-15,Credit Card
TXN-fcd20c6f,CUST-c7330a1c,SUB-a9e2fce2,49.0,USD,Success,2025-10-15,Wire Transfer
TXN-61a6eccc,CUST-c7330a1c,SUB-a9e2fce2,49.0,USD,Success,2025-11-15,PayPal
TXN-d884f1ad,CUST-c7330a1c,SUB-a9e2fce2,49.0,USD,Success,2025-12-15,PayPal
TXN-d46748ad,CUST-c7330a1c,SUB-a9e2fce2,49.0,USD,Success,2026-01-15,Wire Transfer
TXN-a17629cf,CUST-c7330a1c,SUB-a9e2fce2,49.0,USD,Success,2026-02-15,Wire Transfer
TXN-22864aef,CUST-c7330a1c,SUB-a9e2fce2,49.0,USD,Success,2026-03-15,Wire Transfer
TXN-d7517a77,CUST-c7330a1c,SUB-a9e2fce2,49.0,USD,Success,2026-04-15,Wire Transfer
TXN-37ea2e6b,CUST-6579b67c,SUB-cfdcb5bb,49.0,USD,Success,2024-05-15,Wire Transfer
TXN-80035cfe,CUST-6579b67c,SUB-cfdcb5bb,49.0,USD,Success,2024-06-15,PayPal
TXN-b98a5fb1,CUST-6579b67c,SUB-cfdcb5bb,49.0,USD,Success,2024-07-15,Wire Transfer
TXN-ac69b8b2,CUST-6579b67c,SUB-cfdcb5bb,49.0,USD,Success,2024-08-15,Credit Card
TXN-3a041ebc,CUST-6579b67c,SUB-cfdcb5bb,49.0,USD,Success,2024-09-15,PayPal
TXN-2bc85c54,CUST-6579b67c,SUB-cfdcb5bb,49.0,USD,Success,2024-10-15,PayPal
TXN-edadc748,CUST-6579b67c,SUB-cfdcb5bb,49.0,USD,Success,2024-11-15,Credit Card
TXN-4e88e5f1,CUST-6579b67c,SUB-cfdcb5bb,49.0,USD,Success,2024-12-15,Credit Card
TXN-2c96995c,CUST-6579b67c,SUB-cfdcb5bb,49.0,USD,Success,2025-01-15,PayPal
TXN-de7e6e00,CUST-6579b67c,SUB-cfdcb5bb,49.0,USD,Success,2025-02-15,Wire Transfer
TXN-a4d608fd,CUST-6579b67c,SUB-cfdcb5bb,49.0,USD,Success,2025-03-15,PayPal
TXN-eca9f6f3,CUST-6579b67c,SUB-cfdcb5bb,49.0,USD,Success,2025-04-15,PayPal
TXN-56a55808,CUST-6579b67c,SUB-cfdcb5bb,49.0,USD,Success,2025-05-15,Credit Card
TXN-fa2f3bd0,CUST-6579b67c,SUB-cfdcb5bb,49.0,USD,Success,2025-06-15,PayPal
TXN-bba3f33d,CUST-6579b67c,SUB-cfdcb5bb,49.0,USD,Success,2025-07-15,Wire Transfer
TXN-7e149f5d,CUST-6579b67c,SUB-cfdcb5bb,49.0,USD,Success,2025-08-15,Credit Card
TXN-bffb2c29,CUST-6579b67c,SUB-cfdcb5bb,49.0,USD,Success,2025-09-15,PayPal
TXN-0cc8adba,CUST-6579b67c,SUB-cfdcb5bb,49.0,USD,Success,2025-10-15,PayPal
TXN-122d96e6,CUST-6579b67c,SUB-cfdcb5bb,49.0,USD,Success,2025-11-15,Wire Transfer
TXN-fe16a222,CUST-6579b67c,SUB-cfdcb5bb,49.0,USD,Success,2025-12-15,PayPal
TXN-abfc4baa,CUST-6579b67c,SUB-cfdcb5bb,49.0,USD,Success,2026-01-15,PayPal
TXN-9e196eb6,CUST-6579b67c,SUB-cfdcb5bb,49.0,USD,Failed,2026-02-15,PayPal
TXN-df7b0f44,CUST-6579b67c,SUB-cfdcb5bb,49.0,USD,Success,2026-03-15,PayPal
TXN-e03ceb5f,CUST-6579b67c,SUB-cfdcb5bb,49.0,USD,Success,2026-04-15,Wire Transfer
TXN-54ba0abb,CUST-c7a4d0f4,SUB-68f2b91f,49.0,USD,Success,2024-12-27,PayPal
TXN-e395d01a,CUST-c7a4d0f4,SUB-68f2b91f,49.0,USD,Success,2025-01-27,PayPal
TXN-96da6fc1,CUST-c7a4d0f4,SUB-68f2b91f,49.0,USD,Success,2025-02-27,PayPal
TXN-c91ee7e7,CUST-c7a4d0f4,SUB-68f2b91f,49.0,USD,Failed,2025-03-27,Credit Card
TXN-3540304c,CUST-c7a4d0f4,SUB-68f2b91f,49.0,USD,Success,2025-04-27,Wire Transfer
TXN-ce52fe81,CUST-c7a4d0f4,SUB-68f2b91f,49.0,USD,Success,2025-05-27,Credit Card
TXN-81363cd3,CUST-c7a4d0f4,SUB-68f2b91f,49.0,USD,Success,2025-06-27,Credit Card
TXN-29f3158f,CUST-c7a4d0f4,SUB-68f2b91f,49.0,USD,Success,2025-07-27,Wire Transfer
TXN-2dd7ea4f,CUST-c7a4d0f4,SUB-68f2b91f,49.0,USD,Success,2025-08-27,Credit Card
TXN-caaa81d5,CUST-c7a4d0f4,SUB-68f2b91f,49.0,USD,Success,2025-09-27,Credit Card
TXN-30c16386,CUST-c7a4d0f4,SUB-68f2b91f,49.0,USD,Success,2025-10-27,Credit Card
TXN-f0a51fde,CUST-c7a4d0f4,SUB-68f2b91f,49.0,USD,Success,2025-11-27,Wire Transfer
TXN-8954e022,CUST-c7a4d0f4,SUB-68f2b91f,49.0,USD,Success,2025-12-27,PayPal
TXN-ff9329ad,CUST-c7a4d0f4,SUB-68f2b91f,49.0,USD,Success,2026-01-27,Wire Transfer
TXN-2e685ad4,CUST-c7a4d0f4,SUB-68f2b91f,49.0,USD,Success,2026-02-27,Wire Transfer
TXN-78b8af41,CUST-c7a4d0f4,SUB-68f2b91f,49.0,USD,Success,2026-03-27,Wire Transfer
TXN-cb9d0324,CUST-c7a4d0f4,SUB-68f2b91f,49.0,USD,Success,2026-04-27,Credit Card
TXN-18ef64b0,CUST-16f2887d,SUB-507e6310,49.0,USD,Success,2024-05-09,PayPal
TXN-ae84d94c,CUST-16f2887d,SUB-507e6310,49.0,USD,Success,2024-06-09,Wire Transfer
TXN-fbde55c5,CUST-16f2887d,SUB-507e6310,49.0,USD,Success,2024-07-09,Wire Transfer
TXN-9e12a29c,CUST-16f2887d,SUB-507e6310,49.0,USD,Success,2024-08-09,PayPal
TXN-33993246,CUST-16f2887d,SUB-507e6310,49.0,USD,Success,2024-09-09,PayPal
TXN-4d03e2a1,CUST-16f2887d,SUB-507e6310,49.0,USD,Success,2024-10-09,PayPal
TXN-a719e947,CUST-16f2887d,SUB-507e6310,49.0,USD,Success,2024-11-09,Credit Card
TXN-5a5d9c3f,CUST-16f2887d,SUB-507e6310,49.0,USD,Success,2024-12-09,PayPal
TXN-01eb9ee9,CUST-16f2887d,SUB-507e6310,49.0,USD,Success,2025-01-09,Credit Card
TXN-952290d3,CUST-16f2887d,SUB-507e6310,49.0,USD,Success,2025-02-09,Wire Transfer
TXN-30a7b897,CUST-16f2887d,SUB-507e6310,49.0,USD,Success,2025-03-09,Credit Card
TXN-1fc7973b,CUST-16f2887d,SUB-507e6310,49.0,USD,Success,2025-04-09,PayPal
TXN-7fc3033b,CUST-16f2887d,SUB-507e6310,49.0,USD,Success,2025-05-09,Credit Card
TXN-cf1e7364,CUST-16f2887d,SUB-507e6310,49.0,USD,Success,2025-06-09,PayPal
TXN-a13e1aa4,CUST-16f2887d,SUB-507e6310,49.0,USD,Success,2025-07-09,Credit Card
TXN-1cd2c9c9,CUST-16f2887d,SUB-507e6310,49.0,USD,Success,2025-08-09,Wire Transfer
TXN-cac3fbe0,CUST-16f2887d,SUB-507e6310,49.0,USD,Success,2025-09-09,Credit Card
TXN-5e5dc977,CUST-16f2887d,SUB-507e6310,49.0,USD,Success,2025-10-09,Wire Transfer
TXN-7340e287,CUST-16f2887d,SUB-507e6310,49.0,USD,Success,2025-11-09,PayPal
TXN-833074df,CUST-16f2887d,SUB-507e6310,49.0,USD,Success,2025-12-09,Wire Transfer
TXN-6db6ab08,CUST-16f2887d,SUB-507e6310,49.0,USD,Success,2026-01-09,PayPal
TXN-5239c26f,CUST-16f2887d,SUB-507e6310,49.0,USD,Success,2026-02-09,PayPal
TXN-14c25a6d,CUST-16f2887d,SUB-507e6310,49.0,USD,Success,2026-03-09,Wire Transfer
TXN-fafade0e,CUST-16f2887d,SUB-507e6310,49.0,USD,Success,2026-04-09,Wire Transfer
TXN-5b753ef6,CUST-2c307210,SUB-603d49ed,49.0,USD,Success,2026-01-18,Credit Card
TXN-0bc4acab,CUST-2c307210,SUB-603d49ed,49.0,USD,Success,2026-02-18,Credit Card
TXN-8a052b0f,CUST-2c307210,SUB-603d49ed,49.0,USD,Refunded,2026-03-18,Wire Transfer
TXN-ae9b2220,CUST-2c307210,SUB-603d49ed,49.0,USD,Success,2026-04-18,Wire Transfer
TXN-470caae8,CUST-e8fb3545,SUB-acf34d57,49.0,USD,Success,2026-04-24,Wire Transfer
TXN-8e006731,CUST-c20b3a81,SUB-fe6f72cd,199.0,USD,Success,2025-11-25,Wire Transfer
TXN-1b611dfd,CUST-c20b3a81,SUB-fe6f72cd,199.0,USD,Success,2025-12-25,PayPal
TXN-13a29bfd,CUST-c20b3a81,SUB-fe6f72cd,199.0,USD,Success,2026-01-25,Wire Transfer
TXN-59cb0a21,CUST-c20b3a81,SUB-fe6f72cd,199.0,USD,Success,2026-02-25,Wire Transfer
TXN-f4ec2b22,CUST-c20b3a81,SUB-fe6f72cd,199.0,USD,Success,2026-03-25,Wire Transfer
TXN-71432fd7,CUST-c20b3a81,SUB-fe6f72cd,199.0,USD,Success,2026-04-25,Wire Transfer
TXN-e89f5c5f,CUST-955973eb,SUB-f9bb548b,49.0,USD,Success,2026-02-17,PayPal
TXN-e3b0db80,CUST-955973eb,SUB-f9bb548b,49.0,USD,Success,2026-03-17,Credit Card
TXN-d143dc79,CUST-955973eb,SUB-f9bb548b,49.0,USD,Success,2026-04-17,Credit Card
TXN-5d80b304,CUST-90a2e42c,SUB-47880c12,199.0,USD,Success,2025-01-26,Credit Card
TXN-ddf6fcdc,CUST-90a2e42c,SUB-47880c12,199.0,USD,Success,2025-02-26,Credit Card
TXN-199cdbdf,CUST-90a2e42c,SUB-47880c12,199.0,USD,Success,2025-03-26,Credit Card
TXN-00ce589c,CUST-90a2e42c,SUB-47880c12,199.0,USD,Success,2025-04-26,PayPal
TXN-eda40809,CUST-90a2e42c,SUB-47880c12,199.0,USD,Success,2025-05-26,Credit Card
TXN-9b6dc780,CUST-90a2e42c,SUB-47880c12,199.0,USD,Success,2025-06-26,PayPal
TXN-6870f455,CUST-90a2e42c,SUB-47880c12,199.0,USD,Success,2025-07-26,PayPal
TXN-1a53b115,CUST-90a2e42c,SUB-47880c12,199.0,USD,Success,2025-08-26,Credit Card
TXN-e4e5b3f2,CUST-90a2e42c,SUB-47880c12,199.0,USD,Success,2025-09-26,Credit Card
TXN-1722ffeb,CUST-f1df81da,SUB-856813d0,49.0,USD,Success,2025-10-27,Credit Card
TXN-9f15d506,CUST-f1df81da,SUB-856813d0,49.0,USD,Success,2025-11-27,Wire Transfer
TXN-a4b30d8f,CUST-f1df81da,SUB-856813d0,49.0,USD,Success,2025-12-27,PayPal
TXN-59a5e235,CUST-2f2265e5,SUB-f0ed411c,1999.0,USD,Refunded,2026-01-29,Credit Card
TXN-5479cb4e,CUST-2f2265e5,SUB-f0ed411c,1999.0,USD,Success,2026-02-28,Wire Transfer
TXN-919d3c9e,CUST-2f2265e5,SUB-f0ed411c,1999.0,USD,Success,2026-03-28,PayPal
TXN-12652e58,CUST-2f2265e5,SUB-f0ed411c,1999.0,USD,Success,2026-04-28,Wire Transfer
TXN-df452adb,CUST-f7200b09,SUB-e461bbe1,499.0,USD,Success,2024-06-28,Wire Transfer
TXN-7536eecc,CUST-f7200b09,SUB-e461bbe1,499.0,USD,Success,2024-07-28,Credit Card
TXN-02247a20,CUST-f7200b09,SUB-e461bbe1,499.0,USD,Success,2024-08-28,PayPal
TXN-2e190f50,CUST-f7200b09,SUB-e461bbe1,499.0,USD,Success,2024-09-28,Wire Transfer
TXN-e6ecfb3b,CUST-f7200b09,SUB-e461bbe1,499.0,USD,Success,2024-10-28,PayPal
TXN-e2bd8b74,CUST-f7200b09,SUB-e461bbe1,499.0,USD,Success,2024-11-28,Credit Card
TXN-84f77412,CUST-f7200b09,SUB-e461bbe1,499.0,USD,Success,2024-12-28,PayPal
TXN-25de8a8d,CUST-f7200b09,SUB-e461bbe1,499.0,USD,Success,2025-01-28,Wire Transfer
TXN-3dd95d43,CUST-f7200b09,SUB-e461bbe1,499.0,USD,Failed,2025-02-28,Wire Transfer
TXN-d83b7dd1,CUST-f7200b09,SUB-e461bbe1,499.0,USD,Success,2025-03-28,PayPal
TXN-bb1d70ad,CUST-f7200b09,SUB-e461bbe1,499.0,USD,Success,2025-04-28,Wire Transfer
TXN-ef3682a5,CUST-f7200b09,SUB-e461bbe1,499.0,USD,Success,2025-05-28,Wire Transfer
TXN-b72481fd,CUST-f7200b09,SUB-e461bbe1,499.0,USD,Success,2025-06-28,Wire Transfer
TXN-ff56b8a5,CUST-f7200b09,SUB-e461bbe1,499.0,USD,Success,2025-07-28,Credit Card
TXN-3d167249,CUST-4ffecc2e,SUB-5649625e,49.0,USD,Success,2024-05-20,Credit Card
TXN-558bd01b,CUST-4ffecc2e,SUB-5649625e,49.0,USD,Success,2024-06-20,Wire Transfer
TXN-9e7e12dc,CUST-4ffecc2e,SUB-5649625e,49.0,USD,Success,2024-07-20,PayPal
TXN-dca6bdb1,CUST-4ffecc2e,SUB-5649625e,49.0,USD,Success,2024-08-20,Credit Card
TXN-a938a3ee,CUST-4ffecc2e,SUB-5649625e,49.0,USD,Success,2024-09-20,PayPal
TXN-6449c17c,CUST-4ffecc2e,SUB-5649625e,49.0,USD,Success,2024-10-20,Wire Transfer
TXN-d58543c1,CUST-4ffecc2e,SUB-5649625e,49.0,USD,Success,2024-11-20,Wire Transfer
TXN-6dbe8ec1,CUST-4ffecc2e,SUB-5649625e,49.0,USD,Success,2024-12-20,PayPal
TXN-f03b7945,CUST-4ffecc2e,SUB-5649625e,49.0,USD,Success,2025-01-20,Credit Card
TXN-6744349f,CUST-4ffecc2e,SUB-5649625e,49.0,USD,Success,2025-02-20,PayPal
TXN-6e6cd7f0,CUST-4ffecc2e,SUB-5649625e,49.0,USD,Success,2025-03-20,PayPal
TXN-df0750ef,CUST-4ffecc2e,SUB-5649625e,49.0,USD,Success,2025-04-20,Wire Transfer
TXN-7bf54ec8,CUST-b15ab26a,SUB-e3415621,499.0,USD,Success,2025-03-07,Credit Card
TXN-a79b1f2c,CUST-b15ab26a,SUB-e3415621,499.0,USD,Success,2025-04-07,PayPal
TXN-c2289cc4,CUST-b15ab26a,SUB-e3415621,499.0,USD,Success,2025-05-07,Credit Card
TXN-1385e7d0,CUST-b15ab26a,SUB-e3415621,499.0,USD,Success,2025-06-07,Wire Transfer
TXN-3d301503,CUST-b15ab26a,SUB-e3415621,499.0,USD,Success,2025-07-07,Credit Card
TXN-a7883415,CUST-b15ab26a,SUB-e3415621,499.0,USD,Success,2025-08-07,Wire Transfer
TXN-a88a4071,CUST-b15ab26a,SUB-e3415621,499.0,USD,Success,2025-09-07,Credit Card
TXN-910aa4c6,CUST-b15ab26a,SUB-e3415621,499.0,USD,Success,2025-10-07,PayPal
TXN-c8af6b7c,CUST-b15ab26a,SUB-e3415621,499.0,USD,Success,2025-11-07,Wire Transfer
TXN-97279879,CUST-b15ab26a,SUB-e3415621,499.0,USD,Success,2025-12-07,PayPal
TXN-85f16169,CUST-b15ab26a,SUB-e3415621,499.0,USD,Success,2026-01-07,Wire Transfer
TXN-d45784d5,CUST-b15ab26a,SUB-e3415621,499.0,USD,Success,2026-02-07,Credit Card
TXN-ef2661d3,CUST-b15ab26a,SUB-e3415621,499.0,USD,Success,2026-03-07,Credit Card
TXN-6c186ff0,CUST-b15ab26a,SUB-e3415621,499.0,USD,Success,2026-04-07,Wire Transfer
TXN-4b0c103c,CUST-b15ab26a,SUB-e3415621,499.0,USD,Success,2026-05-07,Wire Transfer
TXN-ac628a43,CUST-e27bc8c7,SUB-3761ef91,499.0,USD,Success,2025-05-20,Wire Transfer
TXN-301d507a,CUST-e27bc8c7,SUB-3761ef91,499.0,USD,Success,2025-06-20,Credit Card
TXN-797c5692,CUST-e27bc8c7,SUB-3761ef91,499.0,USD,Success,2025-07-20,Wire Transfer
TXN-86908e96,CUST-e27bc8c7,SUB-3761ef91,499.0,USD,Failed,2025-08-20,Wire Transfer
TXN-751b51c8,CUST-e27bc8c7,SUB-3761ef91,499.0,USD,Success,2025-09-20,PayPal
TXN-08cad006,CUST-e27bc8c7,SUB-3761ef91,499.0,USD,Success,2025-10-20,Wire Transfer
TXN-962415f8,CUST-e27bc8c7,SUB-3761ef91,499.0,USD,Success,2025-11-20,PayPal
TXN-48683e6d,CUST-e27bc8c7,SUB-3761ef91,499.0,USD,Success,2025-12-20,PayPal
TXN-e7dd5a3a,CUST-e27bc8c7,SUB-3761ef91,499.0,USD,Success,2026-01-20,PayPal
TXN-1bf02d62,CUST-e27bc8c7,SUB-3761ef91,499.0,USD,Success,2026-02-20,Credit Card
TXN-c33bb188,CUST-e27bc8c7,SUB-3761ef91,499.0,USD,Success,2026-03-20,PayPal
TXN-d09a7903,CUST-e27bc8c7,SUB-3761ef91,499.0,USD,Success,2026-04-20,Wire Transfer
TXN-9fab6a68,CUST-2df1ba81,SUB-9627d85d,1999.0,USD,Success,2025-09-22,Credit Card
TXN-b84eac47,CUST-2df1ba81,SUB-9627d85d,1999.0,USD,Success,2025-10-22,Credit Card
TXN-3ce627e2,CUST-2df1ba81,SUB-9627d85d,1999.0,USD,Failed,2025-11-22,Credit Card
TXN-02f7f0e9,CUST-2df1ba81,SUB-9627d85d,1999.0,USD,Success,2025-12-22,Credit Card
TXN-aefaba28,CUST-2df1ba81,SUB-9627d85d,1999.0,USD,Success,2026-01-22,Credit Card
TXN-932fe958,CUST-2df1ba81,SUB-9627d85d,1999.0,USD,Failed,2026-02-22,Credit Card
TXN-a0621cb2,CUST-2df1ba81,SUB-9627d85d,1999.0,USD,Success,2026-03-22,Credit Card
TXN-92054c5a,CUST-2df1ba81,SUB-9627d85d,1999.0,USD,Success,2026-04-22,PayPal
TXN-f6ec409f,CUST-7a7195d5,SUB-204818e7,199.0,USD,Success,2025-03-21,Wire Transfer
TXN-199eb665,CUST-7a7195d5,SUB-204818e7,199.0,USD,Success,2025-04-21,Wire Transfer
TXN-81d0e9e0,CUST-7a7195d5,SUB-204818e7,199.0,USD,Failed,2025-05-21,PayPal
TXN-24334916,CUST-7a7195d5,SUB-204818e7,199.0,USD,Success,2025-06-21,PayPal
TXN-ebd4f9e0,CUST-7a7195d5,SUB-204818e7,199.0,USD,Success,2025-07-21,Credit Card
TXN-fc00054b,CUST-7a7195d5,SUB-204818e7,199.0,USD,Success,2025-08-21,Credit Card
TXN-eae243a5,CUST-7a7195d5,SUB-204818e7,199.0,USD,Success,2025-09-21,PayPal
TXN-8ae0e550,CUST-7a7195d5,SUB-204818e7,199.0,USD,Success,2025-10-21,Credit Card
TXN-78011964,CUST-97d7bf77,SUB-48ee1c07,49.0,USD,Success,2024-06-17,Wire Transfer
TXN-ba58fe96,CUST-97d7bf77,SUB-48ee1c07,49.0,USD,Success,2024-07-17,Wire Transfer
TXN-a46e557d,CUST-97d7bf77,SUB-48ee1c07,49.0,USD,Success,2024-08-17,Credit Card
TXN-0a66f011,CUST-97d7bf77,SUB-48ee1c07,49.0,USD,Success,2024-09-17,Credit Card
TXN-29fe7c8a,CUST-97d7bf77,SUB-48ee1c07,49.0,USD,Success,2024-10-17,Credit Card
TXN-7d2230be,CUST-97d7bf77,SUB-48ee1c07,49.0,USD,Success,2024-11-17,Wire Transfer
TXN-9f68bb4e,CUST-97d7bf77,SUB-48ee1c07,49.0,USD,Success,2024-12-17,Credit Card
TXN-d036fef4,CUST-97d7bf77,SUB-48ee1c07,49.0,USD,Success,2025-01-17,PayPal
TXN-3d5f7ad1,CUST-97d7bf77,SUB-48ee1c07,49.0,USD,Success,2025-02-17,Credit Card
TXN-bd3bf7fd,CUST-97d7bf77,SUB-48ee1c07,49.0,USD,Success,2025-03-17,PayPal
TXN-31fa1145,CUST-97d7bf77,SUB-48ee1c07,49.0,USD,Success,2025-04-17,Credit Card
TXN-91903d53,CUST-97d7bf77,SUB-48ee1c07,49.0,USD,Success,2025-05-17,Credit Card
TXN-4ee245b1,CUST-97d7bf77,SUB-48ee1c07,49.0,USD,Success,2025-06-17,Wire Transfer
TXN-16e8743d,CUST-97d7bf77,SUB-48ee1c07,49.0,USD,Success,2025-07-17,PayPal
TXN-6ea5edb5,CUST-97d7bf77,SUB-48ee1c07,49.0,USD,Success,2025-08-17,PayPal
TXN-17d6f2c1,CUST-97d7bf77,SUB-48ee1c07,49.0,USD,Success,2025-09-17,PayPal
TXN-96046487,CUST-97d7bf77,SUB-48ee1c07,49.0,USD,Success,2025-10-17,Wire Transfer
TXN-dca035f2,CUST-97d7bf77,SUB-48ee1c07,49.0,USD,Success,2025-11-17,PayPal
TXN-c4fdd55b,CUST-97d7bf77,SUB-48ee1c07,49.0,USD,Success,2025-12-17,Wire Transfer
TXN-65ccce13,CUST-97d7bf77,SUB-48ee1c07,49.0,USD,Success,2026-01-17,Credit Card
TXN-d18beffc,CUST-97d7bf77,SUB-48ee1c07,49.0,USD,Success,2026-02-17,Credit Card
TXN-a4a243fb,CUST-97d7bf77,SUB-48ee1c07,49.0,USD,Success,2026-03-17,PayPal
TXN-7b116ab9,CUST-97d7bf77,SUB-48ee1c07,49.0,USD,Success,2026-04-17,Credit Card
TXN-94e304bf,CUST-7d8cc2ff,SUB-0466f092,199.0,USD,Success,2025-02-21,Credit Card
TXN-960058d5,CUST-7d8cc2ff,SUB-0466f092,199.0,USD,Success,2025-03-21,PayPal
TXN-4caff273,CUST-7d8cc2ff,SUB-0466f092,199.0,USD,Success,2025-04-21,Credit Card
TXN-7dd41595,CUST-7d8cc2ff,SUB-0466f092,199.0,USD,Success,2025-05-21,PayPal
TXN-b639fef2,CUST-7d8cc2ff,SUB-0466f092,199.0,USD,Success,2025-06-21,PayPal
TXN-2cb17659,CUST-7d8cc2ff,SUB-0466f092,199.0,USD,Success,2025-07-21,Credit Card
TXN-5667d522,CUST-7d8cc2ff,SUB-0466f092,199.0,USD,Success,2025-08-21,Credit Card
TXN-2a1d4543,CUST-7d8cc2ff,SUB-0466f092,199.0,USD,Success,2025-09-21,Credit Card
TXN-3d2035f0,CUST-7d8cc2ff,SUB-0466f092,199.0,USD,Success,2025-10-21,Credit Card
TXN-0302c78d,CUST-4536a978,SUB-5236104c,199.0,USD,Success,2024-08-18,Credit Card
TXN-36ca7528,CUST-4536a978,SUB-5236104c,199.0,USD,Success,2024-09-18,Wire Transfer
TXN-02dc3e39,CUST-4536a978,SUB-5236104c,199.0,USD,Success,2024-10-18,Credit Card
TXN-753653da,CUST-4536a978,SUB-5236104c,199.0,USD,Success,2024-11-18,Wire Transfer
TXN-a15bb86c,CUST-4536a978,SUB-5236104c,199.0,USD,Success,2024-12-18,PayPal
TXN-a5162127,CUST-4536a978,SUB-5236104c,199.0,USD,Success,2025-01-18,Credit Card
TXN-e6e0e9e4,CUST-4536a978,SUB-5236104c,199.0,USD,Success,2025-02-18,Credit Card
TXN-6ae8fd99,CUST-4536a978,SUB-5236104c,199.0,USD,Success,2025-03-18,Credit Card
TXN-a861f4e1,CUST-4536a978,SUB-5236104c,199.0,USD,Success,2025-04-18,PayPal
TXN-f7c46893,CUST-4536a978,SUB-5236104c,199.0,USD,Success,2025-05-18,Wire Transfer
TXN-0856d4ba,CUST-4536a978,SUB-5236104c,199.0,USD,Success,2025-06-18,Wire Transfer
TXN-99099482,CUST-4536a978,SUB-5236104c,199.0,USD,Success,2025-07-18,Credit Card
TXN-b2f12b45,CUST-4536a978,SUB-5236104c,199.0,USD,Success,2025-08-18,Credit Card
TXN-e4ebd149,CUST-4536a978,SUB-5236104c,199.0,USD,Success,2025-09-18,Credit Card
TXN-a8a893e3,CUST-4536a978,SUB-5236104c,199.0,USD,Success,2025-10-18,Credit Card
TXN-afb08a6c,CUST-4536a978,SUB-5236104c,199.0,USD,Success,2025-11-18,PayPal
TXN-67552767,CUST-4536a978,SUB-5236104c,199.0,USD,Success,2025-12-18,Credit Card
TXN-d19c6f80,CUST-4536a978,SUB-5236104c,199.0,USD,Success,2026-01-18,PayPal
TXN-c281aefa,CUST-4536a978,SUB-5236104c,199.0,USD,Success,2026-02-18,Credit Card
TXN-05a31c76,CUST-4536a978,SUB-5236104c,199.0,USD,Success,2026-03-18,Wire Transfer
TXN-898b6d2a,CUST-4536a978,SUB-5236104c,199.0,USD,Success,2026-04-18,Wire Transfer
TXN-28564725,CUST-ad57a1eb,SUB-fcc523c8,199.0,USD,Success,2026-04-11,Credit Card
TXN-c8a212c9,CUST-c298a483,SUB-e72de4de,49.0,USD,Success,2025-04-02,Credit Card
TXN-17ea3fad,CUST-c298a483,SUB-e72de4de,49.0,USD,Success,2025-05-02,PayPal
TXN-e92b78b2,CUST-c298a483,SUB-e72de4de,49.0,USD,Success,2025-06-02,Credit Card
TXN-4b48f3dc,CUST-c298a483,SUB-e72de4de,49.0,USD,Success,2025-07-02,Credit Card
TXN-1793de67,CUST-c298a483,SUB-e72de4de,49.0,USD,Success,2025-08-02,Credit Card
TXN-c7f79833,CUST-c298a483,SUB-e72de4de,49.0,USD,Success,2025-09-02,Wire Transfer
TXN-f75014ec,CUST-c298a483,SUB-e72de4de,49.0,USD,Success,2025-10-02,PayPal
TXN-b8c3b07d,CUST-c298a483,SUB-e72de4de,49.0,USD,Success,2025-11-02,Wire Transfer
TXN-eb28f2b3,CUST-c298a483,SUB-e72de4de,49.0,USD,Failed,2025-12-02,PayPal
TXN-5ebe8626,CUST-c24c8a5b,SUB-42d0a9af,499.0,USD,Success,2024-12-11,Wire Transfer
TXN-c458d4c3,CUST-c24c8a5b,SUB-42d0a9af,499.0,USD,Success,2025-01-11,Credit Card
TXN-1631ec37,CUST-c24c8a5b,SUB-42d0a9af,499.0,USD,Success,2025-02-11,Wire Transfer
TXN-7a6c8fe7,CUST-c24c8a5b,SUB-42d0a9af,499.0,USD,Success,2025-03-11,Wire Transfer
TXN-b5bd4114,CUST-c24c8a5b,SUB-42d0a9af,499.0,USD,Success,2025-04-11,PayPal
TXN-72570d15,CUST-c24c8a5b,SUB-42d0a9af,499.0,USD,Success,2025-05-11,PayPal
TXN-c633bdac,CUST-c24c8a5b,SUB-42d0a9af,499.0,USD,Success,2025-06-11,Wire Transfer
TXN-7dccf9f3,CUST-c24c8a5b,SUB-42d0a9af,499.0,USD,Success,2025-07-11,PayPal
TXN-08396fcb,CUST-c24c8a5b,SUB-42d0a9af,499.0,USD,Success,2025-08-11,PayPal
TXN-4d62cf24,CUST-c24c8a5b,SUB-42d0a9af,499.0,USD,Success,2025-09-11,PayPal
TXN-7271790b,CUST-c24c8a5b,SUB-42d0a9af,499.0,USD,Success,2025-10-11,PayPal
TXN-ea8176d1,CUST-c24c8a5b,SUB-42d0a9af,499.0,USD,Success,2025-11-11,PayPal
TXN-63d0f933,CUST-c24c8a5b,SUB-42d0a9af,499.0,USD,Success,2025-12-11,Wire Transfer
TXN-c7eade93,CUST-c24c8a5b,SUB-42d0a9af,499.0,USD,Success,2026-01-11,PayPal
TXN-6b8c723f,CUST-c24c8a5b,SUB-42d0a9af,499.0,USD,Success,2026-02-11,Credit Card
TXN-9262789f,CUST-c24c8a5b,SUB-42d0a9af,499.0,USD,Success,2026-03-11,Wire Transfer
TXN-0712c146,CUST-c24c8a5b,SUB-42d0a9af,499.0,USD,Success,2026-04-11,Wire Transfer
TXN-a2322394,CUST-0ab1375c,SUB-f19ffec3,1999.0,USD,Success,2025-02-26,Wire Transfer
TXN-0ad71d45,CUST-0ab1375c,SUB-f19ffec3,1999.0,USD,Success,2025-03-26,PayPal
TXN-73b1bea4,CUST-0ab1375c,SUB-f19ffec3,1999.0,USD,Success,2025-04-26,Credit Card
TXN-000e483b,CUST-0ab1375c,SUB-f19ffec3,1999.0,USD,Success,2025-05-26,PayPal
TXN-c468ed0f,CUST-0ab1375c,SUB-f19ffec3,1999.0,USD,Success,2025-06-26,Wire Transfer
TXN-f2ef7699,CUST-0ab1375c,SUB-f19ffec3,1999.0,USD,Success,2025-07-26,Wire Transfer
TXN-eec8bfde,CUST-0ab1375c,SUB-f19ffec3,1999.0,USD,Success,2025-08-26,Wire Transfer
TXN-cf31f1d1,CUST-0ab1375c,SUB-f19ffec3,1999.0,USD,Success,2025-09-26,Wire Transfer
TXN-ea82a4ea,CUST-0ab1375c,SUB-f19ffec3,1999.0,USD,Success,2025-10-26,PayPal
TXN-10c2b7a6,CUST-0ab1375c,SUB-f19ffec3,1999.0,USD,Success,2025-11-26,Credit Card
TXN-0a68e620,CUST-0ab1375c,SUB-f19ffec3,1999.0,USD,Success,2025-12-26,Credit Card
TXN-0257833f,CUST-992fb9a1,SUB-2374f80d,49.0,USD,Success,2026-01-29,Wire Transfer
TXN-bb107f8d,CUST-992fb9a1,SUB-2374f80d,49.0,USD,Success,2026-02-28,Credit Card
TXN-56adc7c1,CUST-992fb9a1,SUB-2374f80d,49.0,USD,Success,2026-03-28,Wire Transfer
TXN-2738209a,CUST-992fb9a1,SUB-2374f80d,49.0,USD,Success,2026-04-28,Wire Transfer
TXN-2856ea59,CUST-786c3d70,SUB-e29912e1,49.0,USD,Success,2025-12-31,Credit Card
TXN-43e7ad1c,CUST-786c3d70,SUB-e29912e1,49.0,USD,Success,2026-01-31,Wire Transfer
TXN-c94d551c,CUST-786c3d70,SUB-e29912e1,49.0,USD,Success,2026-02-28,Credit Card
TXN-599ccd54,CUST-786c3d70,SUB-e29912e1,49.0,USD,Failed,2026-03-28,Wire Transfer
TXN-2c063bbe,CUST-786c3d70,SUB-e29912e1,49.0,USD,Success,2026-04-28,Credit Card
TXN-7b64325b,CUST-6e761105,SUB-898110d4,49.0,USD,Success,2026-03-10,Wire Transfer
TXN-c8ce1db4,CUST-6e761105,SUB-898110d4,49.0,USD,Success,2026-04-10,Credit Card
TXN-3245285c,CUST-5dd48811,SUB-8d6e4a5d,499.0,USD,Success,2024-11-29,Wire Transfer
TXN-83199b68,CUST-5dd48811,SUB-8d6e4a5d,499.0,USD,Success,2024-12-29,Wire Transfer
TXN-eb86b905,CUST-5dd48811,SUB-8d6e4a5d,499.0,USD,Success,2025-01-29,Wire Transfer
TXN-3d312896,CUST-5dd48811,SUB-8d6e4a5d,499.0,USD,Success,2025-02-28,Credit Card
TXN-edc59254,CUST-5dd48811,SUB-8d6e4a5d,499.0,USD,Success,2025-03-28,PayPal
TXN-40dd4436,CUST-5dd48811,SUB-8d6e4a5d,499.0,USD,Success,2025-04-28,Wire Transfer
TXN-3fc276dc,CUST-5dd48811,SUB-8d6e4a5d,499.0,USD,Success,2025-05-28,Wire Transfer
TXN-ed05806f,CUST-5dd48811,SUB-8d6e4a5d,499.0,USD,Success,2025-06-28,Credit Card
TXN-03b24ee6,CUST-5dd48811,SUB-8d6e4a5d,499.0,USD,Success,2025-07-28,Wire Transfer
TXN-e9f29ed3,CUST-5dd48811,SUB-8d6e4a5d,499.0,USD,Success,2025-08-28,Wire Transfer
TXN-5525a8e6,CUST-5dd48811,SUB-8d6e4a5d,499.0,USD,Success,2025-09-28,Wire Transfer
TXN-aca4ba25,CUST-5dd48811,SUB-8d6e4a5d,499.0,USD,Success,2025-10-28,Wire Transfer
TXN-71d7e856,CUST-5dd48811,SUB-8d6e4a5d,499.0,USD,Success,2025-11-28,PayPal
TXN-9cf03e64,CUST-5dd48811,SUB-8d6e4a5d,499.0,USD,Success,2025-12-28,PayPal
TXN-184744ab,CUST-5dd48811,SUB-8d6e4a5d,499.0,USD,Success,2026-01-28,Wire Transfer
TXN-7bb6ee45,CUST-5dd48811,SUB-8d6e4a5d,499.0,USD,Success,2026-02-28,Wire Transfer
TXN-79add6e0,CUST-5dd48811,SUB-8d6e4a5d,499.0,USD,Failed,2026-03-28,Wire Transfer
TXN-1ae3ffab,CUST-5dd48811,SUB-8d6e4a5d,499.0,USD,Success,2026-04-28,PayPal
TXN-660b97d0,CUST-72a9ccc9,SUB-1ba217c5,199.0,USD,Success,2025-05-02,PayPal
TXN-1a1f3fb2,CUST-72a9ccc9,SUB-1ba217c5,199.0,USD,Success,2025-06-02,Credit Card
TXN-1c74ff07,CUST-72a9ccc9,SUB-1ba217c5,199.0,USD,Success,2025-07-02,Credit Card
TXN-084bd813,CUST-72a9ccc9,SUB-1ba217c5,199.0,USD,Success,2025-08-02,Wire Transfer
TXN-ad46a772,CUST-72a9ccc9,SUB-1ba217c5,199.0,USD,Success,2025-09-02,Wire Transfer
TXN-9c63f1a1,CUST-72a9ccc9,SUB-1ba217c5,199.0,USD,Success,2025-10-02,PayPal
TXN-71af6a8e,CUST-72a9ccc9,SUB-1ba217c5,199.0,USD,Success,2025-11-02,Wire Transfer
TXN-763cfcef,CUST-72a9ccc9,SUB-1ba217c5,199.0,USD,Success,2025-12-02,Wire Transfer
TXN-2d131d64,CUST-72a9ccc9,SUB-1ba217c5,199.0,USD,Success,2026-01-02,PayPal
TXN-bca2a934,CUST-72a9ccc9,SUB-1ba217c5,199.0,USD,Success,2026-02-02,PayPal
TXN-913b81b4,CUST-72a9ccc9,SUB-1ba217c5,199.0,USD,Success,2026-03-02,PayPal
TXN-a1f0bb74,CUST-72a9ccc9,SUB-1ba217c5,199.0,USD,Success,2026-04-02,PayPal
TXN-884562a3,CUST-72a9ccc9,SUB-1ba217c5,199.0,USD,Refunded,2026-05-02,Credit Card
TXN-14b82af0,CUST-c4fdce68,SUB-d6e399b6,199.0,USD,Success,2026-03-29,PayPal
TXN-a2850030,CUST-c4fdce68,SUB-d6e399b6,199.0,USD,Success,2026-04-29,PayPal
TXN-2495fcac,CUST-f002a6ec,SUB-3d53adad,199.0,USD,Success,2025-01-01,Wire Transfer
TXN-d4bde77b,CUST-f002a6ec,SUB-3d53adad,199.0,USD,Success,2025-02-01,Wire Transfer
TXN-1f0e9765,CUST-f002a6ec,SUB-3d53adad,199.0,USD,Success,2025-03-01,Wire Transfer
TXN-ee8e1923,CUST-f002a6ec,SUB-3d53adad,199.0,USD,Success,2025-04-01,Credit Card
TXN-2c1fd1b5,CUST-f002a6ec,SUB-3d53adad,199.0,USD,Success,2025-05-01,PayPal
TXN-fa94b702,CUST-f002a6ec,SUB-3d53adad,199.0,USD,Success,2025-06-01,PayPal
TXN-e7db8d49,CUST-f002a6ec,SUB-3d53adad,199.0,USD,Success,2025-07-01,Credit Card
TXN-b9e171c3,CUST-f002a6ec,SUB-3d53adad,199.0,USD,Success,2025-08-01,PayPal
TXN-70826f2a,CUST-f002a6ec,SUB-3d53adad,199.0,USD,Success,2025-09-01,Wire Transfer
TXN-1a1f6e3e,CUST-f002a6ec,SUB-3d53adad,199.0,USD,Success,2025-10-01,Credit Card
TXN-f33eb04e,CUST-f002a6ec,SUB-3d53adad,199.0,USD,Refunded,2025-11-01,PayPal
TXN-bcd694b8,CUST-f002a6ec,SUB-3d53adad,199.0,USD,Success,2025-12-01,Credit Card
TXN-4b2cacee,CUST-f002a6ec,SUB-3d53adad,199.0,USD,Success,2026-01-01,Credit Card
TXN-97a140be,CUST-f002a6ec,SUB-3d53adad,199.0,USD,Success,2026-02-01,PayPal
TXN-11f82530,CUST-f002a6ec,SUB-3d53adad,199.0,USD,Success,2026-03-01,Wire Transfer
TXN-8bedfb1f,CUST-f002a6ec,SUB-3d53adad,199.0,USD,Success,2026-04-01,PayPal
TXN-d940b4de,CUST-f002a6ec,SUB-3d53adad,199.0,USD,Success,2026-05-01,PayPal
TXN-fb96717a,CUST-185bc91c,SUB-43b643f4,199.0,USD,Success,2025-04-15,Wire Transfer
TXN-09cd7344,CUST-185bc91c,SUB-43b643f4,199.0,USD,Success,2025-05-15,PayPal
TXN-ecb3a602,CUST-185bc91c,SUB-43b643f4,199.0,USD,Success,2025-06-15,PayPal
TXN-02d4a8cf,CUST-185bc91c,SUB-43b643f4,199.0,USD,Success,2025-07-15,PayPal
TXN-3b70f6b4,CUST-185bc91c,SUB-43b643f4,199.0,USD,Success,2025-08-15,Credit Card
TXN-50431ef2,CUST-185bc91c,SUB-43b643f4,199.0,USD,Success,2025-09-15,Credit Card
TXN-b0c36858,CUST-185bc91c,SUB-43b643f4,199.0,USD,Success,2025-10-15,Credit Card
TXN-e4c347da,CUST-185bc91c,SUB-43b643f4,199.0,USD,Success,2025-11-15,PayPal
TXN-ef6ca8b7,CUST-185bc91c,SUB-43b643f4,199.0,USD,Success,2025-12-15,Wire Transfer
TXN-0f4273e2,CUST-185bc91c,SUB-43b643f4,199.0,USD,Success,2026-01-15,Credit Card
TXN-94e650d4,CUST-185bc91c,SUB-43b643f4,199.0,USD,Refunded,2026-02-15,Wire Transfer
TXN-d12053ec,CUST-185bc91c,SUB-43b643f4,199.0,USD,Failed,2026-03-15,PayPal
TXN-2a84845e,CUST-185bc91c,SUB-43b643f4,199.0,USD,Success,2026-04-15,Credit Card
TXN-0c2f0407,CUST-92fb2543,SUB-212f41c6,49.0,USD,Success,2024-05-13,PayPal
TXN-1a4cdbd1,CUST-92fb2543,SUB-212f41c6,49.0,USD,Success,2024-06-13,Wire Transfer
TXN-6f098ded,CUST-92fb2543,SUB-212f41c6,49.0,USD,Success,2024-07-13,Credit Card
TXN-850462ca,CUST-92fb2543,SUB-212f41c6,49.0,USD,Success,2024-08-13,Credit Card
TXN-1797822d,CUST-92fb2543,SUB-212f41c6,49.0,USD,Success,2024-09-13,Credit Card
TXN-02e2f540,CUST-92fb2543,SUB-212f41c6,49.0,USD,Success,2024-10-13,Credit Card
TXN-7c9686cf,CUST-92fb2543,SUB-212f41c6,49.0,USD,Success,2024-11-13,Wire Transfer
TXN-c9c702ae,CUST-92fb2543,SUB-212f41c6,49.0,USD,Refunded,2024-12-13,Credit Card
TXN-22753db5,CUST-a7caf856,SUB-0b21354e,199.0,USD,Success,2025-01-16,PayPal
TXN-90aa6bed,CUST-a7caf856,SUB-0b21354e,199.0,USD,Failed,2025-02-16,Credit Card
TXN-f8a17055,CUST-a7caf856,SUB-0b21354e,199.0,USD,Success,2025-03-16,Wire Transfer
TXN-b99dfa5e,CUST-a7caf856,SUB-0b21354e,199.0,USD,Success,2025-04-16,Credit Card
TXN-9ae8c55e,CUST-a7caf856,SUB-0b21354e,199.0,USD,Success,2025-05-16,Wire Transfer
TXN-9436ae66,CUST-a7caf856,SUB-0b21354e,199.0,USD,Success,2025-06-16,Wire Transfer
TXN-5ef0f192,CUST-a7caf856,SUB-0b21354e,199.0,USD,Success,2025-07-16,PayPal
TXN-40e8062e,CUST-a7caf856,SUB-0b21354e,199.0,USD,Success,2025-08-16,Credit Card
TXN-29a4d8fb,CUST-a7caf856,SUB-0b21354e,199.0,USD,Refunded,2025-09-16,Credit Card
TXN-0f883fb3,CUST-a7caf856,SUB-0b21354e,199.0,USD,Success,2025-10-16,Credit Card
TXN-8f801d12,CUST-a7caf856,SUB-0b21354e,199.0,USD,Success,2025-11-16,PayPal
TXN-2e271132,CUST-a7caf856,SUB-0b21354e,199.0,USD,Success,2025-12-16,PayPal
TXN-ed20f104,CUST-a7caf856,SUB-0b21354e,199.0,USD,Success,2026-01-16,Wire Transfer
TXN-d32b5ff6,CUST-a7caf856,SUB-0b21354e,199.0,USD,Success,2026-02-16,Wire Transfer
TXN-4d4e3a1a,CUST-a7caf856,SUB-0b21354e,199.0,USD,Success,2026-03-16,Wire Transfer
TXN-cc4fafa9,CUST-a7caf856,SUB-0b21354e,199.0,USD,Success,2026-04-16,PayPal
TXN-520edda5,CUST-15b73048,SUB-ced22a34,499.0,USD,Success,2025-08-17,PayPal
TXN-e2000c50,CUST-15b73048,SUB-ced22a34,499.0,USD,Success,2025-09-17,PayPal
TXN-680426b4,CUST-15b73048,SUB-ced22a34,499.0,USD,Success,2025-10-17,Wire Transfer
TXN-40e98c66,CUST-15b73048,SUB-ced22a34,499.0,USD,Success,2025-11-17,PayPal
TXN-a871c57c,CUST-15b73048,SUB-ced22a34,499.0,USD,Success,2025-12-17,Wire Transfer
TXN-0ffa6cc4,CUST-15b73048,SUB-ced22a34,499.0,USD,Success,2026-01-17,Wire Transfer
TXN-236121df,CUST-15b73048,SUB-ced22a34,499.0,USD,Success,2026-02-17,Credit Card
TXN-49da68b4,CUST-15b73048,SUB-ced22a34,499.0,USD,Success,2026-03-17,Credit Card
TXN-e81b45a7,CUST-15b73048,SUB-ced22a34,499.0,USD,Success,2026-04-17,Credit Card
TXN-9317438e,CUST-5c1555b0,SUB-2f4eb4fb,1999.0,USD,Success,2025-12-26,Wire Transfer
TXN-c175501b,CUST-5c1555b0,SUB-2f4eb4fb,1999.0,USD,Failed,2026-01-26,Credit Card
TXN-2e0b8fec,CUST-5c1555b0,SUB-2f4eb4fb,1999.0,USD,Success,2026-02-26,Credit Card
TXN-b42f8a09,CUST-5c1555b0,SUB-2f4eb4fb,1999.0,USD,Success,2026-03-26,Credit Card
TXN-f528f524,CUST-5c1555b0,SUB-2f4eb4fb,1999.0,USD,Success,2026-04-26,PayPal
TXN-5559a27a,CUST-efbf57d3,SUB-53f6adf4,1999.0,USD,Success,2026-01-15,Wire Transfer
TXN-b50eb381,CUST-efbf57d3,SUB-53f6adf4,1999.0,USD,Success,2026-02-15,Credit Card
TXN-b3df6f06,CUST-efbf57d3,SUB-53f6adf4,1999.0,USD,Success,2026-03-15,PayPal
TXN-20caef0f,CUST-635f569c,SUB-34fc4ff1,1999.0,USD,Success,2026-03-02,PayPal
TXN-b5036a9f,CUST-635f569c,SUB-34fc4ff1,1999.0,USD,Success,2026-04-02,PayPal
TXN-531dbcbf,CUST-e9d3d1e3,SUB-6364351f,199.0,USD,Success,2025-05-07,Credit Card
TXN-682ece3a,CUST-e9d3d1e3,SUB-6364351f,199.0,USD,Success,2025-06-07,PayPal
TXN-889479d6,CUST-e9d3d1e3,SUB-6364351f,199.0,USD,Success,2025-07-07,Wire Transfer
TXN-18e9f362,CUST-e9d3d1e3,SUB-6364351f,199.0,USD,Success,2025-08-07,PayPal
TXN-bd6f99c5,CUST-e9d3d1e3,SUB-6364351f,199.0,USD,Success,2025-09-07,PayPal
TXN-b673566a,CUST-e9d3d1e3,SUB-6364351f,199.0,USD,Success,2025-10-07,PayPal
TXN-caf02e8f,CUST-e9d3d1e3,SUB-6364351f,199.0,USD,Success,2025-11-07,PayPal
TXN-34107de6,CUST-e9d3d1e3,SUB-6364351f,199.0,USD,Success,2025-12-07,Wire Transfer
TXN-503f9fc8,CUST-e9d3d1e3,SUB-6364351f,199.0,USD,Failed,2026-01-07,Credit Card
TXN-dc4820f5,CUST-e9d3d1e3,SUB-6364351f,199.0,USD,Success,2026-02-07,Wire Transfer
TXN-14aedef0,CUST-e9d3d1e3,SUB-6364351f,199.0,USD,Success,2026-03-07,Wire Transfer
TXN-6d2ae074,CUST-99068156,SUB-4ea87b4b,199.0,USD,Refunded,2025-05-28,Credit Card
TXN-5444c518,CUST-99068156,SUB-4ea87b4b,199.0,USD,Success,2025-06-28,PayPal
TXN-439dedf9,CUST-99068156,SUB-4ea87b4b,199.0,USD,Success,2025-07-28,Credit Card
TXN-faf07c89,CUST-99068156,SUB-4ea87b4b,199.0,USD,Success,2025-08-28,Credit Card
TXN-aec0cc42,CUST-99068156,SUB-4ea87b4b,199.0,USD,Success,2025-09-28,Wire Transfer
TXN-ad4a7202,CUST-280dbcfa,SUB-0dd4a01d,499.0,USD,Success,2025-04-26,Credit Card
TXN-df399aca,CUST-280dbcfa,SUB-0dd4a01d,499.0,USD,Success,2025-05-26,PayPal
TXN-9b1c11bd,CUST-280dbcfa,SUB-0dd4a01d,499.0,USD,Success,2025-06-26,Wire Transfer
TXN-c578b56e,CUST-280dbcfa,SUB-0dd4a01d,499.0,USD,Success,2025-07-26,PayPal
TXN-701d62ab,CUST-280dbcfa,SUB-0dd4a01d,499.0,USD,Success,2025-08-26,Wire Transfer
TXN-44753663,CUST-280dbcfa,SUB-0dd4a01d,499.0,USD,Success,2025-09-26,PayPal
TXN-57ac3ab5,CUST-280dbcfa,SUB-0dd4a01d,499.0,USD,Success,2025-10-26,Credit Card
TXN-a9d33ad7,CUST-280dbcfa,SUB-0dd4a01d,499.0,USD,Success,2025-11-26,Credit Card
TXN-efac2fb3,CUST-280dbcfa,SUB-0dd4a01d,499.0,USD,Success,2025-12-26,Credit Card
TXN-0eb50795,CUST-a2e1db5f,SUB-25939f6b,1999.0,USD,Success,2024-06-16,PayPal
TXN-bcca65e4,CUST-a2e1db5f,SUB-25939f6b,1999.0,USD,Success,2024-07-16,Wire Transfer
TXN-5a186c71,CUST-a2e1db5f,SUB-25939f6b,1999.0,USD,Refunded,2024-08-16,Wire Transfer
TXN-cfbd9199,CUST-a2e1db5f,SUB-25939f6b,1999.0,USD,Success,2024-09-16,Wire Transfer
TXN-6519c0bb,CUST-a2e1db5f,SUB-25939f6b,1999.0,USD,Success,2024-10-16,Credit Card
TXN-660e08db,CUST-a2e1db5f,SUB-25939f6b,1999.0,USD,Success,2024-11-16,PayPal
TXN-dfb823b2,CUST-a2e1db5f,SUB-25939f6b,1999.0,USD,Success,2024-12-16,Wire Transfer
TXN-cc80fb1b,CUST-a2e1db5f,SUB-25939f6b,1999.0,USD,Success,2025-01-16,PayPal
TXN-5b0e41cb,CUST-a2e1db5f,SUB-25939f6b,1999.0,USD,Success,2025-02-16,Wire Transfer
TXN-8cdb4d96,CUST-a2e1db5f,SUB-25939f6b,1999.0,USD,Success,2025-03-16,Credit Card
TXN-304c0c8b,CUST-a2e1db5f,SUB-25939f6b,1999.0,USD,Success,2025-04-16,PayPal
TXN-61f1f5db,CUST-a2e1db5f,SUB-25939f6b,1999.0,USD,Success,2025-05-16,Wire Transfer
TXN-63c19f65,CUST-a2e1db5f,SUB-25939f6b,1999.0,USD,Success,2025-06-16,Wire Transfer
TXN-c50c27b6,CUST-a2e1db5f,SUB-25939f6b,1999.0,USD,Success,2025-07-16,Wire Transfer
TXN-57a29514,CUST-a2e1db5f,SUB-25939f6b,1999.0,USD,Success,2025-08-16,Wire Transfer
TXN-dc73d8a0,CUST-a2e1db5f,SUB-25939f6b,1999.0,USD,Success,2025-09-16,Credit Card
TXN-23c3e609,CUST-a2e1db5f,SUB-25939f6b,1999.0,USD,Success,2025-10-16,Wire Transfer
TXN-d1357e5b,CUST-a2e1db5f,SUB-25939f6b,1999.0,USD,Success,2025-11-16,Wire Transfer
TXN-e2c4df38,CUST-a2e1db5f,SUB-25939f6b,1999.0,USD,Success,2025-12-16,Credit Card
TXN-457983a0,CUST-a2e1db5f,SUB-25939f6b,1999.0,USD,Success,2026-01-16,Wire Transfer
TXN-d0c7ca9d,CUST-a2e1db5f,SUB-25939f6b,1999.0,USD,Success,2026-02-16,PayPal
TXN-a06eb799,CUST-a2e1db5f,SUB-25939f6b,1999.0,USD,Success,2026-03-16,PayPal
TXN-220bd778,CUST-a2e1db5f,SUB-25939f6b,1999.0,USD,Failed,2026-04-16,Wire Transfer
TXN-ad14c1dd,CUST-db5c947b,SUB-52cf50b1,49.0,USD,Success,2024-06-10,Credit Card
TXN-0c84044f,CUST-db5c947b,SUB-52cf50b1,49.0,USD,Success,2024-07-10,Credit Card
TXN-0f177a59,CUST-db5c947b,SUB-52cf50b1,49.0,USD,Success,2024-08-10,Credit Card
TXN-321568dd,CUST-db5c947b,SUB-52cf50b1,49.0,USD,Success,2024-09-10,Wire Transfer
TXN-2508d197,CUST-db5c947b,SUB-52cf50b1,49.0,USD,Success,2024-10-10,Wire Transfer
TXN-9d61f57a,CUST-db5c947b,SUB-52cf50b1,49.0,USD,Success,2024-11-10,PayPal
TXN-52208987,CUST-db5c947b,SUB-52cf50b1,49.0,USD,Success,2024-12-10,Credit Card
TXN-92901073,CUST-db5c947b,SUB-52cf50b1,49.0,USD,Success,2025-01-10,Wire Transfer
TXN-0a27f1f9,CUST-db5c947b,SUB-52cf50b1,49.0,USD,Success,2025-02-10,Wire Transfer
TXN-a192f99b,CUST-db5c947b,SUB-52cf50b1,49.0,USD,Success,2025-03-10,Wire Transfer
TXN-88a30faa,CUST-db5c947b,SUB-52cf50b1,49.0,USD,Success,2025-04-10,Credit Card
TXN-7b715250,CUST-db5c947b,SUB-52cf50b1,49.0,USD,Success,2025-05-10,Credit Card
TXN-e240ce8f,CUST-db5c947b,SUB-52cf50b1,49.0,USD,Success,2025-06-10,PayPal
TXN-af66e7a6,CUST-db5c947b,SUB-52cf50b1,49.0,USD,Success,2025-07-10,Credit Card
TXN-c18d9a7f,CUST-db5c947b,SUB-52cf50b1,49.0,USD,Success,2025-08-10,Wire Transfer
TXN-81d655f6,CUST-db5c947b,SUB-52cf50b1,49.0,USD,Success,2025-09-10,PayPal
TXN-c105ffbd,CUST-db5c947b,SUB-52cf50b1,49.0,USD,Success,2025-10-10,Credit Card
TXN-950eb416,CUST-db5c947b,SUB-52cf50b1,49.0,USD,Success,2025-11-10,Credit Card
TXN-54f60cc6,CUST-db5c947b,SUB-52cf50b1,49.0,USD,Success,2025-12-10,Credit Card
TXN-5c910e51,CUST-db5c947b,SUB-52cf50b1,49.0,USD,Success,2026-01-10,Credit Card
TXN-6b319307,CUST-db5c947b,SUB-52cf50b1,49.0,USD,Refunded,2026-02-10,Wire Transfer
TXN-56a3a70a,CUST-db5c947b,SUB-52cf50b1,49.0,USD,Success,2026-03-10,Credit Card
TXN-f8eaf8b1,CUST-db5c947b,SUB-52cf50b1,49.0,USD,Failed,2026-04-10,Wire Transfer
TXN-8d3c1cb1,CUST-54d6af52,SUB-6fc8048c,49.0,USD,Success,2025-11-29,Wire Transfer
TXN-44589bec,CUST-54d6af52,SUB-6fc8048c,49.0,USD,Success,2025-12-29,Wire Transfer
TXN-d2870c08,CUST-54d6af52,SUB-6fc8048c,49.0,USD,Success,2026-01-29,PayPal
TXN-d6679f6c,CUST-54d6af52,SUB-6fc8048c,49.0,USD,Success,2026-02-28,Wire Transfer
TXN-6a8072f0,CUST-54d6af52,SUB-6fc8048c,49.0,USD,Success,2026-03-28,Credit Card
TXN-841d84d5,CUST-54d6af52,SUB-6fc8048c,49.0,USD,Success,2026-04-28,PayPal
TXN-4366d357,CUST-38d42c28,SUB-eb922ee6,49.0,USD,Success,2025-10-09,Credit Card
TXN-6ab44775,CUST-38d42c28,SUB-eb922ee6,49.0,USD,Success,2025-11-09,Wire Transfer
TXN-1f1077df,CUST-38d42c28,SUB-eb922ee6,49.0,USD,Success,2025-12-09,Credit Card
TXN-70b20502,CUST-38d42c28,SUB-eb922ee6,49.0,USD,Success,2026-01-09,PayPal
TXN-1fdfdbf7,CUST-38d42c28,SUB-eb922ee6,49.0,USD,Success,2026-02-09,PayPal
TXN-70545cdb,CUST-38d42c28,SUB-eb922ee6,49.0,USD,Success,2026-03-09,Credit Card
TXN-0b91a826,CUST-38d42c28,SUB-eb922ee6,49.0,USD,Success,2026-04-09,Credit Card
TXN-5db769d9,CUST-4c313265,SUB-5e5d12b2,199.0,USD,Success,2025-09-08,Credit Card
TXN-a0813d21,CUST-4c313265,SUB-5e5d12b2,199.0,USD,Success,2025-10-08,PayPal
TXN-aee0b09e,CUST-4c313265,SUB-5e5d12b2,199.0,USD,Failed,2025-11-08,Wire Transfer
TXN-b816d8a9,CUST-4c313265,SUB-5e5d12b2,199.0,USD,Success,2025-12-08,Credit Card
TXN-104ee331,CUST-4c313265,SUB-5e5d12b2,199.0,USD,Success,2026-01-08,Wire Transfer
TXN-8ed6b3df,CUST-4c313265,SUB-5e5d12b2,199.0,USD,Success,2026-02-08,PayPal
TXN-0d96454a,CUST-4c313265,SUB-5e5d12b2,199.0,USD,Success,2026-03-08,Credit Card
TXN-d46fb58d,CUST-4c313265,SUB-5e5d12b2,199.0,USD,Success,2026-04-08,Credit Card
TXN-201c596c,CUST-e7f5de17,SUB-64646172,49.0,USD,Success,2026-03-31,PayPal
TXN-e700b864,CUST-e7f5de17,SUB-64646172,49.0,USD,Success,2026-04-30,Credit Card
TXN-8dabda80,CUST-9c453dbc,SUB-d2e4c165,49.0,USD,Success,2025-06-19,Wire Transfer
TXN-c97918f9,CUST-9c453dbc,SUB-d2e4c165,49.0,USD,Success,2025-07-19,PayPal
TXN-c7e50434,CUST-9c453dbc,SUB-d2e4c165,49.0,USD,Success,2025-08-19,PayPal
TXN-9a6b71c9,CUST-9c453dbc,SUB-d2e4c165,49.0,USD,Success,2025-09-19,Credit Card
TXN-804937c8,CUST-6cbce331,SUB-8088f3fb,49.0,USD,Success,2025-01-21,PayPal
TXN-e8ecd347,CUST-6cbce331,SUB-8088f3fb,49.0,USD,Success,2025-02-21,Credit Card
TXN-597575f2,CUST-6cbce331,SUB-8088f3fb,49.0,USD,Success,2025-03-21,Credit Card
TXN-0ead8bb3,CUST-6cbce331,SUB-8088f3fb,49.0,USD,Success,2025-04-21,PayPal
TXN-152e2497,CUST-6cbce331,SUB-8088f3fb,49.0,USD,Success,2025-05-21,Credit Card
TXN-6e7c9cc8,CUST-6cbce331,SUB-8088f3fb,49.0,USD,Success,2025-06-21,Wire Transfer
TXN-a7993a0a,CUST-6cbce331,SUB-8088f3fb,49.0,USD,Success,2025-07-21,Wire Transfer
TXN-933e3529,CUST-6cbce331,SUB-8088f3fb,49.0,USD,Failed,2025-08-21,Credit Card
TXN-f91c4192,CUST-6cbce331,SUB-8088f3fb,49.0,USD,Success,2025-09-21,Wire Transfer
TXN-b29a02e2,CUST-6cbce331,SUB-8088f3fb,49.0,USD,Success,2025-10-21,Credit Card
TXN-653c1faa,CUST-6cbce331,SUB-8088f3fb,49.0,USD,Success,2025-11-21,Wire Transfer
TXN-3c334d2a,CUST-6cbce331,SUB-8088f3fb,49.0,USD,Success,2025-12-21,PayPal
TXN-aa186611,CUST-6cbce331,SUB-8088f3fb,49.0,USD,Failed,2026-01-21,Credit Card
TXN-a3aabcb2,CUST-6cbce331,SUB-8088f3fb,49.0,USD,Success,2026-02-21,Credit Card
TXN-5918f398,CUST-6cbce331,SUB-8088f3fb,49.0,USD,Success,2026-03-21,Credit Card
TXN-6f879949,CUST-6cbce331,SUB-8088f3fb,49.0,USD,Success,2026-04-21,Credit Card
TXN-2edd37a2,CUST-7eeb7953,SUB-198834ce,49.0,USD,Success,2025-12-07,Credit Card
TXN-79b239db,CUST-7eeb7953,SUB-198834ce,49.0,USD,Refunded,2026-01-07,Credit Card
TXN-9fcda8e0,CUST-7eeb7953,SUB-198834ce,49.0,USD,Success,2026-02-07,PayPal
TXN-64ad5afb,CUST-7eeb7953,SUB-198834ce,49.0,USD,Success,2026-03-07,PayPal
TXN-728ab7f6,CUST-7eeb7953,SUB-198834ce,49.0,USD,Success,2026-04-07,Wire Transfer
TXN-a1064de8,CUST-7eeb7953,SUB-198834ce,49.0,USD,Success,2026-05-07,Credit Card
TXN-b0012108,CUST-2ec354c1,SUB-f28d473f,499.0,USD,Success,2024-07-20,Wire Transfer
TXN-2ef31572,CUST-2ec354c1,SUB-f28d473f,499.0,USD,Success,2024-08-20,Wire Transfer
TXN-0fe20ce3,CUST-2ec354c1,SUB-f28d473f,499.0,USD,Success,2024-09-20,PayPal
TXN-dec07cb4,CUST-2ec354c1,SUB-f28d473f,499.0,USD,Success,2024-10-20,Wire Transfer
TXN-788808c3,CUST-2ec354c1,SUB-f28d473f,499.0,USD,Success,2024-11-20,PayPal
TXN-db452591,CUST-2ec354c1,SUB-f28d473f,499.0,USD,Success,2024-12-20,Wire Transfer
TXN-c87b504e,CUST-2ec354c1,SUB-f28d473f,499.0,USD,Failed,2025-01-20,Credit Card
TXN-65444fd8,CUST-2ec354c1,SUB-f28d473f,499.0,USD,Success,2025-02-20,Wire Transfer
TXN-9b81b464,CUST-2ec354c1,SUB-f28d473f,499.0,USD,Success,2025-03-20,PayPal
TXN-845503a3,CUST-2ec354c1,SUB-f28d473f,499.0,USD,Success,2025-04-20,PayPal
TXN-454b1a05,CUST-2ec354c1,SUB-f28d473f,499.0,USD,Success,2025-05-20,PayPal
TXN-37a6e70b,CUST-2ec354c1,SUB-f28d473f,499.0,USD,Success,2025-06-20,Wire Transfer
TXN-e761cdec,CUST-2ec354c1,SUB-f28d473f,499.0,USD,Success,2025-07-20,Wire Transfer
TXN-c0949849,CUST-2ec354c1,SUB-f28d473f,499.0,USD,Success,2025-08-20,PayPal
TXN-b2751250,CUST-2ec354c1,SUB-f28d473f,499.0,USD,Success,2025-09-20,Credit Card
TXN-f4451d0c,CUST-2ec354c1,SUB-f28d473f,499.0,USD,Success,2025-10-20,Credit Card
TXN-1baab665,CUST-2ec354c1,SUB-f28d473f,499.0,USD,Success,2025-11-20,Wire Transfer
TXN-386b9e22,CUST-2ec354c1,SUB-f28d473f,499.0,USD,Success,2025-12-20,Wire Transfer
TXN-adb36f3c,CUST-2ec354c1,SUB-f28d473f,499.0,USD,Success,2026-01-20,PayPal
TXN-65316079,CUST-2ec354c1,SUB-f28d473f,499.0,USD,Success,2026-02-20,Wire Transfer
TXN-f71df112,CUST-2ec354c1,SUB-f28d473f,499.0,USD,Success,2026-03-20,Wire Transfer
TXN-366f04d5,CUST-2ec354c1,SUB-f28d473f,499.0,USD,Success,2026-04-20,PayPal
TXN-637a543b,CUST-b489ed17,SUB-52a1154d,49.0,USD,Success,2025-08-31,PayPal
TXN-c25a428d,CUST-b489ed17,SUB-52a1154d,49.0,USD,Success,2025-09-30,Wire Transfer
TXN-27914802,CUST-b489ed17,SUB-52a1154d,49.0,USD,Success,2025-10-30,Credit Card
TXN-9af0848f,CUST-b489ed17,SUB-52a1154d,49.0,USD,Success,2025-11-30,Wire Transfer
TXN-f5f813ae,CUST-b489ed17,SUB-52a1154d,49.0,USD,Success,2025-12-30,Credit Card
TXN-c1a80594,CUST-b489ed17,SUB-52a1154d,49.0,USD,Refunded,2026-01-30,Credit Card
TXN-34698cbe,CUST-b489ed17,SUB-52a1154d,49.0,USD,Failed,2026-02-28,Credit Card
TXN-880c9069,CUST-b489ed17,SUB-52a1154d,49.0,USD,Refunded,2026-03-28,PayPal
TXN-10afed9d,CUST-b489ed17,SUB-52a1154d,49.0,USD,Refunded,2026-04-28,PayPal
TXN-e58b6f20,CUST-1e37d8db,SUB-d908c6fb,199.0,USD,Success,2024-05-24,PayPal
TXN-4ecd6e64,CUST-1e37d8db,SUB-d908c6fb,199.0,USD,Success,2024-06-24,Wire Transfer
TXN-1f83390f,CUST-1e37d8db,SUB-d908c6fb,199.0,USD,Success,2024-07-24,PayPal
TXN-bb71f7ba,CUST-1e37d8db,SUB-d908c6fb,199.0,USD,Success,2024-08-24,PayPal
TXN-4f10cc52,CUST-1e37d8db,SUB-d908c6fb,199.0,USD,Success,2024-09-24,Wire Transfer
TXN-cbcf50e9,CUST-1e37d8db,SUB-d908c6fb,199.0,USD,Success,2024-10-24,Wire Transfer
TXN-212ccf88,CUST-1e37d8db,SUB-d908c6fb,199.0,USD,Failed,2024-11-24,Credit Card
TXN-0899e5b4,CUST-1e37d8db,SUB-d908c6fb,199.0,USD,Success,2024-12-24,Wire Transfer
TXN-e2d95067,CUST-1e37d8db,SUB-d908c6fb,199.0,USD,Success,2025-01-24,Wire Transfer
TXN-08233698,CUST-1e37d8db,SUB-d908c6fb,199.0,USD,Success,2025-02-24,PayPal
TXN-7371888e,CUST-1e37d8db,SUB-d908c6fb,199.0,USD,Success,2025-03-24,Credit Card
TXN-5d63ab9b,CUST-1e37d8db,SUB-d908c6fb,199.0,USD,Success,2025-04-24,Credit Card
TXN-68c4f784,CUST-1e37d8db,SUB-d908c6fb,199.0,USD,Success,2025-05-24,Wire Transfer
TXN-c186caaa,CUST-1e37d8db,SUB-d908c6fb,199.0,USD,Success,2025-06-24,PayPal
TXN-d540a457,CUST-1e37d8db,SUB-d908c6fb,199.0,USD,Success,2025-07-24,PayPal
TXN-3212e52c,CUST-1e37d8db,SUB-d908c6fb,199.0,USD,Success,2025-08-24,PayPal
TXN-4a8d9308,CUST-1e37d8db,SUB-d908c6fb,199.0,USD,Success,2025-09-24,PayPal
TXN-6dd000e1,CUST-1e37d8db,SUB-d908c6fb,199.0,USD,Success,2025-10-24,Wire Transfer
TXN-8545445d,CUST-1e37d8db,SUB-d908c6fb,199.0,USD,Success,2025-11-24,PayPal
TXN-9fd01786,CUST-1e37d8db,SUB-d908c6fb,199.0,USD,Success,2025-12-24,Credit Card
TXN-cd55bc9d,CUST-1e37d8db,SUB-d908c6fb,199.0,USD,Failed,2026-01-24,Credit Card
TXN-3618743e,CUST-1e37d8db,SUB-d908c6fb,199.0,USD,Success,2026-02-24,Wire Transfer
TXN-fb05f982,CUST-1e37d8db,SUB-d908c6fb,199.0,USD,Refunded,2026-03-24,PayPal
TXN-2304d0be,CUST-1e37d8db,SUB-d908c6fb,199.0,USD,Success,2026-04-24,PayPal
TXN-d5d667bf,CUST-58ae0114,SUB-132bfbe9,199.0,USD,Success,2024-06-19,PayPal
TXN-4993b8eb,CUST-58ae0114,SUB-132bfbe9,199.0,USD,Success,2024-07-19,PayPal
TXN-81ecfb90,CUST-58ae0114,SUB-132bfbe9,199.0,USD,Success,2024-08-19,Wire Transfer
TXN-a16586a5,CUST-58ae0114,SUB-132bfbe9,199.0,USD,Success,2024-09-19,PayPal
TXN-c38117a8,CUST-58ae0114,SUB-132bfbe9,199.0,USD,Success,2024-10-19,Wire Transfer
TXN-94ce4234,CUST-58ae0114,SUB-132bfbe9,199.0,USD,Success,2024-11-19,PayPal
TXN-a9843b1e,CUST-58ae0114,SUB-132bfbe9,199.0,USD,Failed,2024-12-19,PayPal
TXN-0d41bd87,CUST-58ae0114,SUB-132bfbe9,199.0,USD,Success,2025-01-19,Credit Card
TXN-357287f0,CUST-58ae0114,SUB-132bfbe9,199.0,USD,Success,2025-02-19,Wire Transfer
TXN-c0d69623,CUST-58ae0114,SUB-132bfbe9,199.0,USD,Success,2025-03-19,Credit Card
TXN-ff819c0f,CUST-58ae0114,SUB-132bfbe9,199.0,USD,Success,2025-04-19,Wire Transfer
TXN-4c3383b6,CUST-58ae0114,SUB-132bfbe9,199.0,USD,Success,2025-05-19,PayPal
TXN-535e7a5f,CUST-58ae0114,SUB-132bfbe9,199.0,USD,Success,2025-06-19,PayPal
TXN-a761cdac,CUST-58ae0114,SUB-132bfbe9,199.0,USD,Success,2025-07-19,Wire Transfer
TXN-fcc0b8f1,CUST-58ae0114,SUB-132bfbe9,199.0,USD,Success,2025-08-19,Credit Card
TXN-0f784494,CUST-58ae0114,SUB-132bfbe9,199.0,USD,Success,2025-09-19,Wire Transfer
TXN-d031de3e,CUST-58ae0114,SUB-132bfbe9,199.0,USD,Success,2025-10-19,Wire Transfer
TXN-57d89b87,CUST-58ae0114,SUB-132bfbe9,199.0,USD,Success,2025-11-19,PayPal
TXN-a4740d87,CUST-58ae0114,SUB-132bfbe9,199.0,USD,Success,2025-12-19,Credit Card
TXN-6fd5740d,CUST-58ae0114,SUB-132bfbe9,199.0,USD,Success,2026-01-19,Wire Transfer
TXN-350edeba,CUST-58ae0114,SUB-132bfbe9,199.0,USD,Success,2026-02-19,Credit Card
TXN-95cf039b,CUST-58ae0114,SUB-132bfbe9,199.0,USD,Success,2026-03-19,Credit Card
TXN-91f2a99c,CUST-58ae0114,SUB-132bfbe9,199.0,USD,Success,2026-04-19,Wire Transfer
TXN-301920cc,CUST-f7f4ac05,SUB-6842dabe,499.0,USD,Success,2025-09-03,Credit Card
TXN-f697cc7e,CUST-f7f4ac05,SUB-6842dabe,499.0,USD,Success,2025-10-03,PayPal
TXN-0ebc94f5,CUST-f7f4ac05,SUB-6842dabe,499.0,USD,Success,2025-11-03,PayPal
TXN-603c6fb4,CUST-f7f4ac05,SUB-6842dabe,499.0,USD,Success,2025-12-03,PayPal
TXN-22ba14ee,CUST-f7f4ac05,SUB-6842dabe,499.0,USD,Success,2026-01-03,PayPal
TXN-65cb6104,CUST-f7f4ac05,SUB-6842dabe,499.0,USD,Success,2026-02-03,Credit Card
TXN-5500337f,CUST-f7f4ac05,SUB-6842dabe,499.0,USD,Success,2026-03-03,PayPal
TXN-97731597,CUST-f7f4ac05,SUB-6842dabe,499.0,USD,Success,2026-04-03,Wire Transfer
TXN-0271f391,CUST-f7f4ac05,SUB-6842dabe,499.0,USD,Success,2026-05-03,PayPal
TXN-3c12f6a5,CUST-16b2c348,SUB-8cf05168,49.0,USD,Success,2026-01-17,Wire Transfer
TXN-6f10ebe1,CUST-16b2c348,SUB-8cf05168,49.0,USD,Success,2026-02-17,Wire Transfer
TXN-011e82de,CUST-16b2c348,SUB-8cf05168,49.0,USD,Success,2026-03-17,PayPal
TXN-ed00d39d,CUST-16b2c348,SUB-8cf05168,49.0,USD,Success,2026-04-17,PayPal
TXN-357fe90a,CUST-87dc8b8c,SUB-d98e5b41,1999.0,USD,Success,2025-08-24,Credit Card
TXN-9f60909b,CUST-87dc8b8c,SUB-d98e5b41,1999.0,USD,Success,2025-09-24,Wire Transfer
TXN-398106d0,CUST-a5b98eea,SUB-141003f3,199.0,USD,Success,2024-09-21,PayPal
TXN-f05eceb7,CUST-a5b98eea,SUB-141003f3,199.0,USD,Success,2024-10-21,Credit Card
TXN-affdcf7a,CUST-a5b98eea,SUB-141003f3,199.0,USD,Success,2024-11-21,PayPal
TXN-a6f2a76e,CUST-a5b98eea,SUB-141003f3,199.0,USD,Success,2024-12-21,PayPal
TXN-26414f3b,CUST-a5b98eea,SUB-141003f3,199.0,USD,Success,2025-01-21,PayPal
TXN-c23ee38a,CUST-a5b98eea,SUB-141003f3,199.0,USD,Success,2025-02-21,Wire Transfer
TXN-447b6686,CUST-a5b98eea,SUB-141003f3,199.0,USD,Success,2025-03-21,PayPal
TXN-0958d5d2,CUST-a5b98eea,SUB-141003f3,199.0,USD,Success,2025-04-21,Credit Card
TXN-eb6bc537,CUST-a5b98eea,SUB-141003f3,199.0,USD,Success,2025-05-21,PayPal
TXN-3c4e1a87,CUST-a5b98eea,SUB-141003f3,199.0,USD,Failed,2025-06-21,PayPal
TXN-7738bdb8,CUST-d4cb7948,SUB-123efc09,1999.0,USD,Success,2025-06-02,Credit Card
TXN-abbe5aa2,CUST-d4cb7948,SUB-123efc09,1999.0,USD,Success,2025-07-02,Credit Card
TXN-ab5ea1cb,CUST-d4cb7948,SUB-123efc09,1999.0,USD,Success,2025-08-02,Wire Transfer
TXN-0231ea7b,CUST-b9ccd764,SUB-722a71e5,1999.0,USD,Success,2025-03-24,Wire Transfer
TXN-9a3746e7,CUST-b9ccd764,SUB-722a71e5,1999.0,USD,Success,2025-04-24,Wire Transfer
TXN-4c99c49a,CUST-b9ccd764,SUB-722a71e5,1999.0,USD,Success,2025-05-24,Wire Transfer
TXN-a6b635ed,CUST-b9ccd764,SUB-722a71e5,1999.0,USD,Failed,2025-06-24,Credit Card
TXN-618d734c,CUST-b9ccd764,SUB-722a71e5,1999.0,USD,Failed,2025-07-24,PayPal
TXN-0aa29820,CUST-b9ccd764,SUB-722a71e5,1999.0,USD,Success,2025-08-24,PayPal
TXN-4e5803df,CUST-b9ccd764,SUB-722a71e5,1999.0,USD,Success,2025-09-24,PayPal
TXN-0ed9330c,CUST-b9ccd764,SUB-722a71e5,1999.0,USD,Success,2025-10-24,Wire Transfer
TXN-f1d3c4e9,CUST-b9ccd764,SUB-722a71e5,1999.0,USD,Success,2025-11-24,Credit Card
TXN-1dcbd2fc,CUST-b9ccd764,SUB-722a71e5,1999.0,USD,Success,2025-12-24,Credit Card
TXN-917d67ea,CUST-b9ccd764,SUB-722a71e5,1999.0,USD,Success,2026-01-24,Credit Card
TXN-5e716816,CUST-b9ccd764,SUB-722a71e5,1999.0,USD,Success,2026-02-24,PayPal
TXN-878a0ab2,CUST-b9ccd764,SUB-722a71e5,1999.0,USD,Success,2026-03-24,Wire Transfer
TXN-1f061cf9,CUST-b9ccd764,SUB-722a71e5,1999.0,USD,Success,2026-04-24,Credit Card
TXN-0d3ab4ea,CUST-468c4e95,SUB-d47350f4,49.0,USD,Success,2025-07-03,Wire Transfer
TXN-936d1121,CUST-468c4e95,SUB-d47350f4,49.0,USD,Success,2025-08-03,Credit Card
TXN-17e9c591,CUST-468c4e95,SUB-d47350f4,49.0,USD,Success,2025-09-03,Wire Transfer
TXN-190d9d25,CUST-468c4e95,SUB-d47350f4,49.0,USD,Success,2025-10-03,Credit Card
TXN-45dce482,CUST-468c4e95,SUB-d47350f4,49.0,USD,Success,2025-11-03,Wire Transfer
TXN-118712ab,CUST-468c4e95,SUB-d47350f4,49.0,USD,Success,2025-12-03,Credit Card
TXN-f108543f,CUST-468c4e95,SUB-d47350f4,49.0,USD,Success,2026-01-03,Credit Card
TXN-f125d74a,CUST-468c4e95,SUB-d47350f4,49.0,USD,Failed,2026-02-03,Wire Transfer
TXN-9327f369,CUST-468c4e95,SUB-d47350f4,49.0,USD,Failed,2026-03-03,Wire Transfer
TXN-d51ea10e,CUST-468c4e95,SUB-d47350f4,49.0,USD,Success,2026-04-03,PayPal
TXN-b0974c44,CUST-468c4e95,SUB-d47350f4,49.0,USD,Success,2026-05-03,Wire Transfer
TXN-891a26a2,CUST-ae23e6c7,SUB-406179b0,49.0,USD,Success,2024-06-26,Credit Card
TXN-492efd7e,CUST-ae23e6c7,SUB-406179b0,49.0,USD,Success,2024-07-26,Credit Card
TXN-3bd4f818,CUST-ae23e6c7,SUB-406179b0,49.0,USD,Success,2024-08-26,Wire Transfer
TXN-c6e87fbc,CUST-ae23e6c7,SUB-406179b0,49.0,USD,Success,2024-09-26,PayPal
TXN-8a2c82f3,CUST-ae23e6c7,SUB-406179b0,49.0,USD,Failed,2024-10-26,Wire Transfer
TXN-93c5426a,CUST-ae23e6c7,SUB-406179b0,49.0,USD,Success,2024-11-26,Credit Card
TXN-281f19fb,CUST-ae23e6c7,SUB-406179b0,49.0,USD,Success,2024-12-26,Credit Card
TXN-ac337853,CUST-ae23e6c7,SUB-406179b0,49.0,USD,Refunded,2025-01-26,PayPal
TXN-42a252d5,CUST-ae23e6c7,SUB-406179b0,49.0,USD,Success,2025-02-26,Wire Transfer
TXN-ad8cd173,CUST-ae23e6c7,SUB-406179b0,49.0,USD,Success,2025-03-26,Credit Card
TXN-68842010,CUST-ae23e6c7,SUB-406179b0,49.0,USD,Success,2025-04-26,Credit Card
TXN-b5c15cdb,CUST-ae23e6c7,SUB-406179b0,49.0,USD,Success,2025-05-26,Credit Card
TXN-83d5d43b,CUST-ae23e6c7,SUB-406179b0,49.0,USD,Success,2025-06-26,Wire Transfer
TXN-8f8c1e02,CUST-ae23e6c7,SUB-406179b0,49.0,USD,Success,2025-07-26,Wire Transfer
TXN-0d235232,CUST-ae23e6c7,SUB-406179b0,49.0,USD,Success,2025-08-26,PayPal
TXN-74a80017,CUST-ae23e6c7,SUB-406179b0,49.0,USD,Success,2025-09-26,Credit Card
TXN-6e30e3c0,CUST-ae23e6c7,SUB-406179b0,49.0,USD,Success,2025-10-26,Credit Card
TXN-4f6470d2,CUST-ae23e6c7,SUB-406179b0,49.0,USD,Success,2025-11-26,PayPal
TXN-d5cb6f7d,CUST-ae23e6c7,SUB-406179b0,49.0,USD,Success,2025-12-26,Credit Card
TXN-e492e33f,CUST-ae23e6c7,SUB-406179b0,49.0,USD,Success,2026-01-26,PayPal
TXN-0d281859,CUST-ae23e6c7,SUB-406179b0,49.0,USD,Refunded,2026-02-26,PayPal
TXN-b0e38a55,CUST-ae23e6c7,SUB-406179b0,49.0,USD,Success,2026-03-26,Credit Card
TXN-f836da0d,CUST-810f75eb,SUB-7881d645,49.0,USD,Success,2024-09-19,Wire Transfer
TXN-e87a004a,CUST-810f75eb,SUB-7881d645,49.0,USD,Failed,2024-10-19,Wire Transfer
TXN-5a524113,CUST-810f75eb,SUB-7881d645,49.0,USD,Success,2024-11-19,Wire Transfer
TXN-4db8fac6,CUST-810f75eb,SUB-7881d645,49.0,USD,Success,2024-12-19,Wire Transfer
TXN-15a1df39,CUST-810f75eb,SUB-7881d645,49.0,USD,Success,2025-01-19,Credit Card
TXN-5aff1dfe,CUST-810f75eb,SUB-7881d645,49.0,USD,Success,2025-02-19,PayPal
TXN-df2be67d,CUST-810f75eb,SUB-7881d645,49.0,USD,Success,2025-03-19,PayPal
TXN-a2b75058,CUST-810f75eb,SUB-7881d645,49.0,USD,Success,2025-04-19,Credit Card
TXN-8789911d,CUST-810f75eb,SUB-7881d645,49.0,USD,Success,2025-05-19,Wire Transfer
TXN-be7511c7,CUST-810f75eb,SUB-7881d645,49.0,USD,Success,2025-06-19,PayPal
TXN-909aae00,CUST-810f75eb,SUB-7881d645,49.0,USD,Failed,2025-07-19,Credit Card
TXN-126437bb,CUST-810f75eb,SUB-7881d645,49.0,USD,Success,2025-08-19,Credit Card
TXN-7a9b8058,CUST-810f75eb,SUB-7881d645,49.0,USD,Success,2025-09-19,Wire Transfer
TXN-6bb2f9fe,CUST-810f75eb,SUB-7881d645,49.0,USD,Success,2025-10-19,Credit Card
TXN-fdf6ee50,CUST-810f75eb,SUB-7881d645,49.0,USD,Success,2025-11-19,PayPal
TXN-f5e5d680,CUST-810f75eb,SUB-7881d645,49.0,USD,Success,2025-12-19,PayPal
TXN-5bb4bd5a,CUST-810f75eb,SUB-7881d645,49.0,USD,Success,2026-01-19,Credit Card
TXN-cdb8cd46,CUST-810f75eb,SUB-7881d645,49.0,USD,Success,2026-02-19,PayPal
TXN-3cdeee16,CUST-810f75eb,SUB-7881d645,49.0,USD,Success,2026-03-19,Credit Card
TXN-5781a518,CUST-810f75eb,SUB-7881d645,49.0,USD,Success,2026-04-19,PayPal
TXN-efc11faf,CUST-b7b13dd9,SUB-4b725515,199.0,USD,Success,2025-11-21,Wire Transfer
TXN-a356fa1a,CUST-b7b13dd9,SUB-4b725515,199.0,USD,Success,2025-12-21,PayPal
TXN-3261dbc0,CUST-b7b13dd9,SUB-4b725515,199.0,USD,Success,2026-01-21,Wire Transfer
TXN-a3ffac08,CUST-b7b13dd9,SUB-4b725515,199.0,USD,Success,2026-02-21,Wire Transfer
TXN-e6b9e25e,CUST-b7b13dd9,SUB-4b725515,199.0,USD,Success,2026-03-21,Credit Card
TXN-690bec0d,CUST-b7b13dd9,SUB-4b725515,199.0,USD,Success,2026-04-21,Wire Transfer
TXN-fe945833,CUST-4e56ef80,SUB-31cbfb69,49.0,USD,Success,2024-07-17,PayPal
TXN-de46d276,CUST-4e56ef80,SUB-31cbfb69,49.0,USD,Refunded,2024-08-17,PayPal
TXN-df8f70be,CUST-4e56ef80,SUB-31cbfb69,49.0,USD,Success,2024-09-17,Wire Transfer
TXN-ef08b3ae,CUST-4e56ef80,SUB-31cbfb69,49.0,USD,Success,2024-10-17,Credit Card
TXN-823e63bb,CUST-4e56ef80,SUB-31cbfb69,49.0,USD,Refunded,2024-11-17,Wire Transfer
TXN-a8015806,CUST-4e56ef80,SUB-31cbfb69,49.0,USD,Success,2024-12-17,PayPal
TXN-59545c9d,CUST-4e56ef80,SUB-31cbfb69,49.0,USD,Success,2025-01-17,PayPal
TXN-022d0549,CUST-4e56ef80,SUB-31cbfb69,49.0,USD,Success,2025-02-17,Wire Transfer
TXN-f329a26e,CUST-4e56ef80,SUB-31cbfb69,49.0,USD,Success,2025-03-17,Wire Transfer
TXN-256b091b,CUST-4e56ef80,SUB-31cbfb69,49.0,USD,Success,2025-04-17,Wire Transfer
TXN-f541b799,CUST-4e56ef80,SUB-31cbfb69,49.0,USD,Success,2025-05-17,PayPal
TXN-6475bfff,CUST-4e56ef80,SUB-31cbfb69,49.0,USD,Success,2025-06-17,PayPal
TXN-cfb05189,CUST-4e56ef80,SUB-31cbfb69,49.0,USD,Success,2025-07-17,PayPal
TXN-d5071b91,CUST-4e56ef80,SUB-31cbfb69,49.0,USD,Success,2025-08-17,Credit Card
TXN-c4af6733,CUST-4e56ef80,SUB-31cbfb69,49.0,USD,Success,2025-09-17,PayPal
TXN-bc013e1f,CUST-4e56ef80,SUB-31cbfb69,49.0,USD,Success,2025-10-17,PayPal
TXN-b1889c89,CUST-4e56ef80,SUB-31cbfb69,49.0,USD,Success,2025-11-17,Credit Card
TXN-c8489049,CUST-4e56ef80,SUB-31cbfb69,49.0,USD,Success,2025-12-17,Credit Card
TXN-fc604c43,CUST-4e56ef80,SUB-31cbfb69,49.0,USD,Success,2026-01-17,Credit Card
TXN-b152d083,CUST-4e56ef80,SUB-31cbfb69,49.0,USD,Success,2026-02-17,Credit Card
TXN-92d1ab51,CUST-4e56ef80,SUB-31cbfb69,49.0,USD,Success,2026-03-17,Credit Card
TXN-52ff7265,CUST-4e56ef80,SUB-31cbfb69,49.0,USD,Success,2026-04-17,Credit Card
TXN-0e3a6d0c,CUST-26403acc,SUB-4f917923,49.0,USD,Success,2025-07-27,Wire Transfer
TXN-63989861,CUST-26403acc,SUB-4f917923,49.0,USD,Success,2025-08-27,Wire Transfer
TXN-0b80e692,CUST-26403acc,SUB-4f917923,49.0,USD,Success,2025-09-27,Wire Transfer
TXN-e0587164,CUST-26403acc,SUB-4f917923,49.0,USD,Success,2025-10-27,Wire Transfer
TXN-c48fabec,CUST-26403acc,SUB-4f917923,49.0,USD,Success,2025-11-27,PayPal
TXN-000861a1,CUST-26403acc,SUB-4f917923,49.0,USD,Success,2025-12-27,Credit Card
TXN-609bef0d,CUST-26403acc,SUB-4f917923,49.0,USD,Success,2026-01-27,PayPal
TXN-ddae4762,CUST-26403acc,SUB-4f917923,49.0,USD,Success,2026-02-27,Credit Card
TXN-22ab46bb,CUST-26403acc,SUB-4f917923,49.0,USD,Success,2026-03-27,Credit Card
TXN-89d6811d,CUST-26403acc,SUB-4f917923,49.0,USD,Success,2026-04-27,PayPal
TXN-092c119f,CUST-eb248183,SUB-3d7bb043,199.0,USD,Success,2024-05-17,Wire Transfer
TXN-725d1716,CUST-eb248183,SUB-3d7bb043,199.0,USD,Success,2024-06-17,PayPal
TXN-711b28a3,CUST-eb248183,SUB-3d7bb043,199.0,USD,Success,2024-07-17,PayPal
TXN-dfb086b5,CUST-eb248183,SUB-3d7bb043,199.0,USD,Success,2024-08-17,Credit Card
TXN-b6608e68,CUST-eb248183,SUB-3d7bb043,199.0,USD,Success,2024-09-17,Credit Card
TXN-c7ea7fc4,CUST-eb248183,SUB-3d7bb043,199.0,USD,Success,2024-10-17,Credit Card
TXN-2dcb0ae7,CUST-eb248183,SUB-3d7bb043,199.0,USD,Success,2024-11-17,Wire Transfer
TXN-3bc72022,CUST-eb248183,SUB-3d7bb043,199.0,USD,Success,2024-12-17,PayPal
TXN-b49843ec,CUST-eb248183,SUB-3d7bb043,199.0,USD,Success,2025-01-17,PayPal
TXN-f38d851a,CUST-eb248183,SUB-3d7bb043,199.0,USD,Success,2025-02-17,Wire Transfer
TXN-0fef0452,CUST-eb248183,SUB-3d7bb043,199.0,USD,Success,2025-03-17,PayPal
TXN-3bf22df7,CUST-eb248183,SUB-3d7bb043,199.0,USD,Success,2025-04-17,PayPal
TXN-8a799228,CUST-eb248183,SUB-3d7bb043,199.0,USD,Success,2025-05-17,Credit Card
TXN-02688698,CUST-eb248183,SUB-3d7bb043,199.0,USD,Success,2025-06-17,Wire Transfer
TXN-c31ccaa7,CUST-eb248183,SUB-3d7bb043,199.0,USD,Success,2025-07-17,Credit Card
TXN-e34371e2,CUST-eb248183,SUB-3d7bb043,199.0,USD,Success,2025-08-17,Wire Transfer
TXN-def96e86,CUST-eb248183,SUB-3d7bb043,199.0,USD,Success,2025-09-17,Credit Card
TXN-40a3a1a8,CUST-eb248183,SUB-3d7bb043,199.0,USD,Success,2025-10-17,PayPal
TXN-d10cc5a0,CUST-eb248183,SUB-3d7bb043,199.0,USD,Success,2025-11-17,Wire Transfer
TXN-e2469220,CUST-eb248183,SUB-3d7bb043,199.0,USD,Success,2025-12-17,Wire Transfer
TXN-58966dde,CUST-eb248183,SUB-3d7bb043,199.0,USD,Success,2026-01-17,Credit Card
TXN-43e97c7d,CUST-eb248183,SUB-3d7bb043,199.0,USD,Success,2026-02-17,Wire Transfer
TXN-2f54f7e0,CUST-eb248183,SUB-3d7bb043,199.0,USD,Success,2026-03-17,PayPal
TXN-69367210,CUST-eb248183,SUB-3d7bb043,199.0,USD,Success,2026-04-17,PayPal
TXN-5badb664,CUST-df4b52e6,SUB-799641d5,49.0,USD,Success,2025-01-04,PayPal
TXN-a4c6a41b,CUST-df4b52e6,SUB-799641d5,49.0,USD,Success,2025-02-04,Credit Card
TXN-b287e0a3,CUST-df4b52e6,SUB-799641d5,49.0,USD,Success,2025-03-04,Wire Transfer
TXN-864af36d,CUST-df4b52e6,SUB-799641d5,49.0,USD,Success,2025-04-04,Credit Card
TXN-37b2adef,CUST-df4b52e6,SUB-799641d5,49.0,USD,Success,2025-05-04,PayPal
TXN-a853084e,CUST-df4b52e6,SUB-799641d5,49.0,USD,Success,2025-06-04,Wire Transfer
TXN-214f38fe,CUST-df4b52e6,SUB-799641d5,49.0,USD,Success,2025-07-04,PayPal
TXN-6f2196de,CUST-df4b52e6,SUB-799641d5,49.0,USD,Success,2025-08-04,Wire Transfer
TXN-e0387265,CUST-df4b52e6,SUB-799641d5,49.0,USD,Success,2025-09-04,Wire Transfer
TXN-46b7f60d,CUST-df4b52e6,SUB-799641d5,49.0,USD,Success,2025-10-04,Credit Card
TXN-b0d99a02,CUST-df4b52e6,SUB-799641d5,49.0,USD,Success,2025-11-04,Wire Transfer
TXN-ccd13498,CUST-df4b52e6,SUB-799641d5,49.0,USD,Success,2025-12-04,PayPal
TXN-95b4ec6c,CUST-df4b52e6,SUB-799641d5,49.0,USD,Success,2026-01-04,Wire Transfer
TXN-c59cc1b0,CUST-df4b52e6,SUB-799641d5,49.0,USD,Refunded,2026-02-04,PayPal
TXN-cfb9f037,CUST-df4b52e6,SUB-799641d5,49.0,USD,Success,2026-03-04,Credit Card
TXN-05326186,CUST-df4b52e6,SUB-799641d5,49.0,USD,Success,2026-04-04,PayPal
TXN-407c7246,CUST-df4b52e6,SUB-799641d5,49.0,USD,Success,2026-05-04,Wire Transfer
TXN-c5f25bd9,CUST-122a8e06,SUB-9d2fa3b4,49.0,USD,Success,2024-05-20,PayPal
TXN-d8368c85,CUST-122a8e06,SUB-9d2fa3b4,49.0,USD,Success,2024-06-20,PayPal
TXN-c2adc696,CUST-122a8e06,SUB-9d2fa3b4,49.0,USD,Success,2024-07-20,Wire Transfer
TXN-81395bc5,CUST-122a8e06,SUB-9d2fa3b4,49.0,USD,Success,2024-08-20,PayPal
TXN-719dbabd,CUST-122a8e06,SUB-9d2fa3b4,49.0,USD,Success,2024-09-20,Wire Transfer
TXN-b925344a,CUST-122a8e06,SUB-9d2fa3b4,49.0,USD,Success,2024-10-20,Credit Card
TXN-afa2d41b,CUST-122a8e06,SUB-9d2fa3b4,49.0,USD,Success,2024-11-20,PayPal
TXN-c4e2d3ab,CUST-122a8e06,SUB-9d2fa3b4,49.0,USD,Success,2024-12-20,Credit Card
TXN-6c0ca295,CUST-122a8e06,SUB-9d2fa3b4,49.0,USD,Success,2025-01-20,PayPal
TXN-6dd3861b,CUST-122a8e06,SUB-9d2fa3b4,49.0,USD,Success,2025-02-20,PayPal
TXN-91c0e866,CUST-122a8e06,SUB-9d2fa3b4,49.0,USD,Success,2025-03-20,Credit Card
TXN-23aa1a6f,CUST-122a8e06,SUB-9d2fa3b4,49.0,USD,Success,2025-04-20,PayPal
TXN-e6700d04,CUST-122a8e06,SUB-9d2fa3b4,49.0,USD,Failed,2025-05-20,PayPal
TXN-4208e32f,CUST-122a8e06,SUB-9d2fa3b4,49.0,USD,Success,2025-06-20,Credit Card
TXN-e741d472,CUST-122a8e06,SUB-9d2fa3b4,49.0,USD,Success,2025-07-20,PayPal
TXN-0d7194a6,CUST-122a8e06,SUB-9d2fa3b4,49.0,USD,Success,2025-08-20,Wire Transfer
TXN-db532157,CUST-122a8e06,SUB-9d2fa3b4,49.0,USD,Success,2025-09-20,PayPal
TXN-4d35799f,CUST-122a8e06,SUB-9d2fa3b4,49.0,USD,Success,2025-10-20,PayPal
TXN-2d3155a5,CUST-122a8e06,SUB-9d2fa3b4,49.0,USD,Success,2025-11-20,PayPal
TXN-fbefc0c5,CUST-122a8e06,SUB-9d2fa3b4,49.0,USD,Success,2025-12-20,Credit Card
TXN-d843d2a7,CUST-122a8e06,SUB-9d2fa3b4,49.0,USD,Success,2026-01-20,Wire Transfer
TXN-59625535,CUST-122a8e06,SUB-9d2fa3b4,49.0,USD,Success,2026-02-20,Wire Transfer
TXN-b0068295,CUST-122a8e06,SUB-9d2fa3b4,49.0,USD,Success,2026-03-20,PayPal
TXN-fba76145,CUST-122a8e06,SUB-9d2fa3b4,49.0,USD,Success,2026-04-20,Credit Card
TXN-1c58c6a6,CUST-f34405f8,SUB-4699855f,199.0,USD,Success,2025-02-01,Credit Card
TXN-124fb733,CUST-f34405f8,SUB-4699855f,199.0,USD,Success,2025-03-01,Wire Transfer
TXN-2c2e8557,CUST-f34405f8,SUB-4699855f,199.0,USD,Success,2025-04-01,Credit Card
TXN-9a965136,CUST-f34405f8,SUB-4699855f,199.0,USD,Success,2025-05-01,PayPal
TXN-8e73c6c4,CUST-f34405f8,SUB-4699855f,199.0,USD,Success,2025-06-01,PayPal
TXN-33006e20,CUST-f34405f8,SUB-4699855f,199.0,USD,Success,2025-07-01,Credit Card
TXN-94c68344,CUST-f34405f8,SUB-4699855f,199.0,USD,Success,2025-08-01,PayPal
TXN-0fce38a9,CUST-f34405f8,SUB-4699855f,199.0,USD,Success,2025-09-01,Wire Transfer
TXN-9f59752c,CUST-f34405f8,SUB-4699855f,199.0,USD,Success,2025-10-01,PayPal
TXN-cbd1d9b4,CUST-f34405f8,SUB-4699855f,199.0,USD,Success,2025-11-01,Credit Card
TXN-4222984b,CUST-f34405f8,SUB-4699855f,199.0,USD,Success,2025-12-01,Wire Transfer
TXN-3954c19a,CUST-f34405f8,SUB-4699855f,199.0,USD,Success,2026-01-01,PayPal
TXN-9f4a3e00,CUST-f34405f8,SUB-4699855f,199.0,USD,Success,2026-02-01,Wire Transfer
TXN-5b883ed1,CUST-f34405f8,SUB-4699855f,199.0,USD,Success,2026-03-01,Credit Card
TXN-2c140a24,CUST-f34405f8,SUB-4699855f,199.0,USD,Success,2026-04-01,PayPal
TXN-a1f61f7d,CUST-f34405f8,SUB-4699855f,199.0,USD,Success,2026-05-01,PayPal
TXN-1071a21c,CUST-c3c5801b,SUB-c636d29a,49.0,USD,Success,2024-09-01,Wire Transfer
TXN-eec81fed,CUST-c3c5801b,SUB-c636d29a,49.0,USD,Success,2024-10-01,PayPal
TXN-129ed0d0,CUST-c3c5801b,SUB-c636d29a,49.0,USD,Success,2024-11-01,PayPal
TXN-79f1848c,CUST-c3c5801b,SUB-c636d29a,49.0,USD,Success,2024-12-01,PayPal
TXN-20f7a555,CUST-c3c5801b,SUB-c636d29a,49.0,USD,Success,2025-01-01,PayPal
TXN-eeb2e632,CUST-c3c5801b,SUB-c636d29a,49.0,USD,Success,2025-02-01,Credit Card
TXN-cdc309fb,CUST-c3c5801b,SUB-c636d29a,49.0,USD,Success,2025-03-01,PayPal
TXN-d015a49f,CUST-c3c5801b,SUB-c636d29a,49.0,USD,Success,2025-04-01,Wire Transfer
TXN-3374da3a,CUST-c3c5801b,SUB-c636d29a,49.0,USD,Success,2025-05-01,Credit Card
TXN-734c2db6,CUST-c3c5801b,SUB-c636d29a,49.0,USD,Success,2025-06-01,Wire Transfer
TXN-5b5581f6,CUST-c3c5801b,SUB-c636d29a,49.0,USD,Success,2025-07-01,Wire Transfer
TXN-e06602eb,CUST-c3c5801b,SUB-c636d29a,49.0,USD,Success,2025-08-01,Wire Transfer
TXN-99d72a76,CUST-c3c5801b,SUB-c636d29a,49.0,USD,Success,2025-09-01,Credit Card
TXN-1eea132c,CUST-c3c5801b,SUB-c636d29a,49.0,USD,Success,2025-10-01,Credit Card
TXN-0c182750,CUST-c3c5801b,SUB-c636d29a,49.0,USD,Success,2025-11-01,Credit Card
TXN-7621207b,CUST-c3c5801b,SUB-c636d29a,49.0,USD,Success,2025-12-01,PayPal
TXN-f144ad64,CUST-c3c5801b,SUB-c636d29a,49.0,USD,Success,2026-01-01,Wire Transfer
TXN-6948e0a6,CUST-c3c5801b,SUB-c636d29a,49.0,USD,Success,2026-02-01,Credit Card
TXN-4cd26f3e,CUST-c3c5801b,SUB-c636d29a,49.0,USD,Success,2026-03-01,Wire Transfer
TXN-94b96f7e,CUST-c3c5801b,SUB-c636d29a,49.0,USD,Success,2026-04-01,Credit Card
TXN-7c892b83,CUST-c3c5801b,SUB-c636d29a,49.0,USD,Success,2026-05-01,Credit Card
TXN-37496478,CUST-3cbf742b,SUB-35d4bee3,49.0,USD,Success,2024-05-14,Credit Card
TXN-5ec6ea76,CUST-3cbf742b,SUB-35d4bee3,49.0,USD,Success,2024-06-14,Wire Transfer
TXN-69dd395c,CUST-3cbf742b,SUB-35d4bee3,49.0,USD,Success,2024-07-14,PayPal
TXN-796d7d77,CUST-3cbf742b,SUB-35d4bee3,49.0,USD,Success,2024-08-14,Credit Card
TXN-da2ae4dc,CUST-3cbf742b,SUB-35d4bee3,49.0,USD,Success,2024-09-14,Credit Card
TXN-dd9ae4ce,CUST-3cbf742b,SUB-35d4bee3,49.0,USD,Success,2024-10-14,Credit Card
TXN-b1fec63e,CUST-3cbf742b,SUB-35d4bee3,49.0,USD,Success,2024-11-14,PayPal
TXN-44fc0f41,CUST-3cbf742b,SUB-35d4bee3,49.0,USD,Success,2024-12-14,Wire Transfer
TXN-30701ff8,CUST-3cbf742b,SUB-35d4bee3,49.0,USD,Success,2025-01-14,Wire Transfer
TXN-3d73c6b2,CUST-3cbf742b,SUB-35d4bee3,49.0,USD,Success,2025-02-14,Wire Transfer
TXN-6aacce43,CUST-3cbf742b,SUB-35d4bee3,49.0,USD,Success,2025-03-14,Wire Transfer
TXN-42414385,CUST-3cbf742b,SUB-35d4bee3,49.0,USD,Success,2025-04-14,Credit Card
TXN-a6cd7bad,CUST-3cbf742b,SUB-35d4bee3,49.0,USD,Success,2025-05-14,PayPal
TXN-8c8d23fc,CUST-3cbf742b,SUB-35d4bee3,49.0,USD,Success,2025-06-14,Credit Card
TXN-4aa17cc9,CUST-3cbf742b,SUB-35d4bee3,49.0,USD,Success,2025-07-14,PayPal
TXN-bb561452,CUST-3cbf742b,SUB-35d4bee3,49.0,USD,Success,2025-08-14,Wire Transfer
TXN-fd01e171,CUST-3cbf742b,SUB-35d4bee3,49.0,USD,Success,2025-09-14,PayPal
TXN-c03d39cf,CUST-3cbf742b,SUB-35d4bee3,49.0,USD,Success,2025-10-14,Credit Card
TXN-8a5d62af,CUST-3cbf742b,SUB-35d4bee3,49.0,USD,Success,2025-11-14,Credit Card
TXN-8125671f,CUST-3cbf742b,SUB-35d4bee3,49.0,USD,Success,2025-12-14,Wire Transfer
TXN-ff599e4d,CUST-3cbf742b,SUB-35d4bee3,49.0,USD,Success,2026-01-14,Credit Card
TXN-8289056e,CUST-3cbf742b,SUB-35d4bee3,49.0,USD,Refunded,2026-02-14,Credit Card
TXN-3c9552e1,CUST-3cbf742b,SUB-35d4bee3,49.0,USD,Success,2026-03-14,PayPal
TXN-274d21f6,CUST-3cbf742b,SUB-35d4bee3,49.0,USD,Success,2026-04-14,Credit Card
TXN-4a71e504,CUST-63fe1e97,SUB-9f216ee0,199.0,USD,Success,2025-11-29,Wire Transfer
TXN-537ebd0d,CUST-63fe1e97,SUB-9f216ee0,199.0,USD,Success,2025-12-29,Wire Transfer
TXN-061ecc30,CUST-63fe1e97,SUB-9f216ee0,199.0,USD,Success,2026-01-29,Credit Card
TXN-b93fd951,CUST-63fe1e97,SUB-9f216ee0,199.0,USD,Success,2026-02-28,Wire Transfer
TXN-dd04fc10,CUST-63fe1e97,SUB-9f216ee0,199.0,USD,Success,2026-03-28,PayPal
TXN-bbc7566c,CUST-63fe1e97,SUB-9f216ee0,199.0,USD,Success,2026-04-28,PayPal
TXN-4ce4b115,CUST-a4289523,SUB-2cf853f1,199.0,USD,Success,2025-11-05,Credit Card
TXN-70e6f543,CUST-a4289523,SUB-2cf853f1,199.0,USD,Success,2025-12-05,Credit Card
TXN-2587be98,CUST-a4289523,SUB-2cf853f1,199.0,USD,Success,2026-01-05,PayPal
TXN-8d52a711,CUST-a4289523,SUB-2cf853f1,199.0,USD,Failed,2026-02-05,Wire Transfer
TXN-bf5efe3d,CUST-a4289523,SUB-2cf853f1,199.0,USD,Success,2026-03-05,Credit Card
TXN-12735bf8,CUST-a4289523,SUB-2cf853f1,199.0,USD,Success,2026-04-05,Credit Card
TXN-356366b9,CUST-a4289523,SUB-2cf853f1,199.0,USD,Success,2026-05-05,Wire Transfer
TXN-be7c8c66,CUST-811010d0,SUB-c80354d7,499.0,USD,Success,2024-11-20,Credit Card
TXN-f8d43503,CUST-811010d0,SUB-c80354d7,499.0,USD,Success,2024-12-20,Wire Transfer
TXN-9c0a04fb,CUST-811010d0,SUB-c80354d7,499.0,USD,Success,2025-01-20,Wire Transfer
TXN-32eadf41,CUST-811010d0,SUB-c80354d7,499.0,USD,Success,2025-02-20,Wire Transfer
TXN-7dda9bd1,CUST-811010d0,SUB-c80354d7,499.0,USD,Success,2025-03-20,Wire Transfer
TXN-23c5c2b4,CUST-811010d0,SUB-c80354d7,499.0,USD,Success,2025-04-20,Wire Transfer
TXN-43251bdc,CUST-811010d0,SUB-c80354d7,499.0,USD,Success,2025-05-20,PayPal
TXN-5f21269e,CUST-811010d0,SUB-c80354d7,499.0,USD,Success,2025-06-20,Wire Transfer
TXN-b6868a92,CUST-811010d0,SUB-c80354d7,499.0,USD,Success,2025-07-20,PayPal
TXN-bdf710ce,CUST-811010d0,SUB-c80354d7,499.0,USD,Success,2025-08-20,Wire Transfer
TXN-55b66af0,CUST-811010d0,SUB-c80354d7,499.0,USD,Success,2025-09-20,Credit Card
TXN-13820611,CUST-811010d0,SUB-c80354d7,499.0,USD,Refunded,2025-10-20,PayPal
TXN-a985dfae,CUST-811010d0,SUB-c80354d7,499.0,USD,Success,2025-11-20,Credit Card
TXN-171cb0cf,CUST-811010d0,SUB-c80354d7,499.0,USD,Success,2025-12-20,Wire Transfer
TXN-844769f1,CUST-811010d0,SUB-c80354d7,499.0,USD,Success,2026-01-20,Wire Transfer
TXN-68056b6c,CUST-811010d0,SUB-c80354d7,499.0,USD,Success,2026-02-20,Credit Card
TXN-31a2e605,CUST-811010d0,SUB-c80354d7,499.0,USD,Refunded,2026-03-20,Wire Transfer
TXN-fec18515,CUST-811010d0,SUB-c80354d7,499.0,USD,Success,2026-04-20,Credit Card
TXN-acdb0a26,CUST-f2e0a1b8,SUB-854e1312,199.0,USD,Success,2026-01-31,Wire Transfer
TXN-d51d0308,CUST-f2e0a1b8,SUB-854e1312,199.0,USD,Success,2026-02-28,Wire Transfer
TXN-4f98dc4d,CUST-f2e0a1b8,SUB-854e1312,199.0,USD,Success,2026-03-28,PayPal
TXN-58e6ed34,CUST-f2e0a1b8,SUB-854e1312,199.0,USD,Success,2026-04-28,Credit Card
TXN-fdfdcdb0,CUST-bd3371b3,SUB-f5d304b8,199.0,USD,Success,2026-04-19,Wire Transfer
TXN-534eb6fc,CUST-8c789bbd,SUB-c486288e,199.0,USD,Success,2026-02-26,Credit Card
TXN-9d8f0425,CUST-8c789bbd,SUB-c486288e,199.0,USD,Success,2026-03-26,PayPal
TXN-81d0a096,CUST-8c789bbd,SUB-c486288e,199.0,USD,Success,2026-04-26,Credit Card
TXN-8a2af039,CUST-0f1d4dfd,SUB-2e7eff31,499.0,USD,Success,2024-08-02,PayPal
TXN-5ba1606f,CUST-0f1d4dfd,SUB-2e7eff31,499.0,USD,Success,2024-09-02,Credit Card
TXN-5d361ddb,CUST-0f1d4dfd,SUB-2e7eff31,499.0,USD,Success,2024-10-02,Credit Card
TXN-f04cf057,CUST-0f1d4dfd,SUB-2e7eff31,499.0,USD,Success,2024-11-02,PayPal
TXN-a48a4e45,CUST-0f1d4dfd,SUB-2e7eff31,499.0,USD,Success,2024-12-02,Wire Transfer
TXN-ae62987f,CUST-0f1d4dfd,SUB-2e7eff31,499.0,USD,Success,2025-01-02,Wire Transfer
TXN-90dc7ea2,CUST-0f1d4dfd,SUB-2e7eff31,499.0,USD,Success,2025-02-02,Wire Transfer
TXN-3b30d049,CUST-0f1d4dfd,SUB-2e7eff31,499.0,USD,Success,2025-03-02,Credit Card
TXN-ea3fac73,CUST-0f1d4dfd,SUB-2e7eff31,499.0,USD,Success,2025-04-02,Credit Card
TXN-a179f1bd,CUST-0f1d4dfd,SUB-2e7eff31,499.0,USD,Failed,2025-05-02,Wire Transfer
TXN-9ba09d3a,CUST-0f1d4dfd,SUB-2e7eff31,499.0,USD,Success,2025-06-02,Credit Card
TXN-c778eaeb,CUST-0f1d4dfd,SUB-2e7eff31,499.0,USD,Success,2025-07-02,Credit Card
TXN-ee0f89da,CUST-0f1d4dfd,SUB-2e7eff31,499.0,USD,Success,2025-08-02,Wire Transfer
TXN-5652dd27,CUST-0f1d4dfd,SUB-2e7eff31,499.0,USD,Success,2025-09-02,PayPal
TXN-16b1af56,CUST-0f1d4dfd,SUB-2e7eff31,499.0,USD,Success,2025-10-02,Credit Card
TXN-73e93844,CUST-0f1d4dfd,SUB-2e7eff31,499.0,USD,Success,2025-11-02,Credit Card
TXN-3cbc893a,CUST-0f1d4dfd,SUB-2e7eff31,499.0,USD,Success,2025-12-02,Credit Card
TXN-92b7b83b,CUST-0f1d4dfd,SUB-2e7eff31,499.0,USD,Success,2026-01-02,Credit Card
TXN-26ddf8db,CUST-0f1d4dfd,SUB-2e7eff31,499.0,USD,Success,2026-02-02,PayPal
TXN-cf46d367,CUST-0f1d4dfd,SUB-2e7eff31,499.0,USD,Success,2026-03-02,Wire Transfer
TXN-4bb633eb,CUST-0f1d4dfd,SUB-2e7eff31,499.0,USD,Success,2026-04-02,Credit Card
TXN-52d96baa,CUST-0f1d4dfd,SUB-2e7eff31,499.0,USD,Success,2026-05-02,Wire Transfer
TXN-c15d1085,CUST-d2026295,SUB-2b5afead,499.0,USD,Success,2024-06-30,Credit Card
TXN-a6300e22,CUST-d2026295,SUB-2b5afead,499.0,USD,Success,2024-07-30,PayPal
TXN-9b00a69e,CUST-d2026295,SUB-2b5afead,499.0,USD,Failed,2024-08-30,Wire Transfer
TXN-5734f5d4,CUST-d2026295,SUB-2b5afead,499.0,USD,Success,2024-09-30,PayPal
TXN-934f9eb4,CUST-d2026295,SUB-2b5afead,499.0,USD,Success,2024-10-30,Credit Card
TXN-c7b36e41,CUST-d2026295,SUB-2b5afead,499.0,USD,Success,2024-11-30,PayPal
TXN-04bd54c9,CUST-d2026295,SUB-2b5afead,499.0,USD,Success,2024-12-30,PayPal
TXN-6554a824,CUST-d2026295,SUB-2b5afead,499.0,USD,Success,2025-01-30,Credit Card
TXN-69214084,CUST-d2026295,SUB-2b5afead,499.0,USD,Failed,2025-02-28,Credit Card
TXN-16c68618,CUST-d2026295,SUB-2b5afead,499.0,USD,Success,2025-03-28,Wire Transfer
TXN-3c77eb23,CUST-d2026295,SUB-2b5afead,499.0,USD,Success,2025-04-28,Credit Card
TXN-a4e7239f,CUST-d2026295,SUB-2b5afead,499.0,USD,Success,2025-05-28,Wire Transfer
TXN-8068b1af,CUST-d2026295,SUB-2b5afead,499.0,USD,Success,2025-06-28,PayPal
TXN-71c9fb2f,CUST-d2026295,SUB-2b5afead,499.0,USD,Success,2025-07-28,PayPal
TXN-cc550f4c,CUST-d2026295,SUB-2b5afead,499.0,USD,Success,2025-08-28,Wire Transfer
TXN-f265f954,CUST-d2026295,SUB-2b5afead,499.0,USD,Success,2025-09-28,Credit Card
TXN-2f6cb571,CUST-d2026295,SUB-2b5afead,499.0,USD,Success,2025-10-28,Credit Card
TXN-258ea0b0,CUST-d2026295,SUB-2b5afead,499.0,USD,Success,2025-11-28,PayPal
TXN-c47eb725,CUST-d2026295,SUB-2b5afead,499.0,USD,Success,2025-12-28,Wire Transfer
TXN-d088f4d1,CUST-9e32a13f,SUB-01240323,499.0,USD,Success,2024-10-30,PayPal
TXN-38dba3d4,CUST-9e32a13f,SUB-01240323,499.0,USD,Success,2024-11-30,PayPal
TXN-e7c926c4,CUST-9e32a13f,SUB-01240323,499.0,USD,Success,2024-12-30,Credit Card
TXN-472cc657,CUST-9e32a13f,SUB-01240323,499.0,USD,Success,2025-01-30,Wire Transfer
TXN-bf99e6b1,CUST-9e32a13f,SUB-01240323,499.0,USD,Success,2025-02-28,PayPal
TXN-203679a6,CUST-9e32a13f,SUB-01240323,499.0,USD,Success,2025-03-28,Credit Card
TXN-fb7c9206,CUST-9e32a13f,SUB-01240323,499.0,USD,Success,2025-04-28,PayPal
TXN-158120ea,CUST-9e32a13f,SUB-01240323,499.0,USD,Success,2025-05-28,PayPal
TXN-4e858263,CUST-9e32a13f,SUB-01240323,499.0,USD,Success,2025-06-28,Credit Card
TXN-91dd6dfc,CUST-9e32a13f,SUB-01240323,499.0,USD,Success,2025-07-28,Credit Card
TXN-b5d6738e,CUST-9e32a13f,SUB-01240323,499.0,USD,Success,2025-08-28,Wire Transfer
TXN-eae0386b,CUST-9e32a13f,SUB-01240323,499.0,USD,Success,2025-09-28,PayPal
TXN-48065a76,CUST-9e32a13f,SUB-01240323,499.0,USD,Success,2025-10-28,Wire Transfer
TXN-a6d6845c,CUST-9e32a13f,SUB-01240323,499.0,USD,Success,2025-11-28,Credit Card
TXN-dc0f947c,CUST-9e32a13f,SUB-01240323,499.0,USD,Success,2025-12-28,Credit Card
TXN-cdd77847,CUST-9e32a13f,SUB-01240323,499.0,USD,Success,2026-01-28,PayPal
TXN-d0d638b0,CUST-9e32a13f,SUB-01240323,499.0,USD,Success,2026-02-28,Wire Transfer
TXN-25ebb5f9,CUST-9e32a13f,SUB-01240323,499.0,USD,Success,2026-03-28,Wire Transfer
TXN-9bb48cb5,CUST-9e32a13f,SUB-01240323,499.0,USD,Success,2026-04-28,PayPal
TXN-d672152e,CUST-a104c9be,SUB-86f07452,199.0,USD,Success,2024-06-19,PayPal
TXN-c5671547,CUST-a104c9be,SUB-86f07452,199.0,USD,Success,2024-07-19,Wire Transfer
TXN-a9b7a2d8,CUST-a104c9be,SUB-86f07452,199.0,USD,Success,2024-08-19,Credit Card
TXN-96f31ed6,CUST-a104c9be,SUB-86f07452,199.0,USD,Success,2024-09-19,Credit Card
TXN-846e39ed,CUST-a104c9be,SUB-86f07452,199.0,USD,Success,2024-10-19,PayPal
TXN-c110e63f,CUST-a104c9be,SUB-86f07452,199.0,USD,Success,2024-11-19,Wire Transfer
TXN-5943f196,CUST-a104c9be,SUB-86f07452,199.0,USD,Success,2024-12-19,Wire Transfer
TXN-8ac8b4de,CUST-a104c9be,SUB-86f07452,199.0,USD,Success,2025-01-19,Wire Transfer
TXN-3f2c4e62,CUST-a104c9be,SUB-86f07452,199.0,USD,Success,2025-02-19,Credit Card
TXN-a095c799,CUST-a104c9be,SUB-86f07452,199.0,USD,Success,2025-03-19,Credit Card
TXN-c39fa4af,CUST-a104c9be,SUB-86f07452,199.0,USD,Success,2025-04-19,Wire Transfer
TXN-6a551ca9,CUST-a104c9be,SUB-86f07452,199.0,USD,Success,2025-05-19,Wire Transfer
TXN-0496e95c,CUST-a104c9be,SUB-86f07452,199.0,USD,Success,2025-06-19,PayPal
TXN-09974c01,CUST-a104c9be,SUB-86f07452,199.0,USD,Failed,2025-07-19,PayPal
TXN-c0facd21,CUST-a104c9be,SUB-86f07452,199.0,USD,Success,2025-08-19,Wire Transfer
TXN-9d743733,CUST-a104c9be,SUB-86f07452,199.0,USD,Success,2025-09-19,Wire Transfer
TXN-89fe7015,CUST-a104c9be,SUB-86f07452,199.0,USD,Success,2025-10-19,Credit Card
TXN-69edaf02,CUST-a104c9be,SUB-86f07452,199.0,USD,Refunded,2025-11-19,Wire Transfer
TXN-14d506f7,CUST-a104c9be,SUB-86f07452,199.0,USD,Success,2025-12-19,PayPal
TXN-e51abf60,CUST-a104c9be,SUB-86f07452,199.0,USD,Success,2026-01-19,Credit Card
TXN-cc2d3291,CUST-a104c9be,SUB-86f07452,199.0,USD,Success,2026-02-19,PayPal
TXN-8e588334,CUST-a104c9be,SUB-86f07452,199.0,USD,Success,2026-03-19,PayPal
TXN-993580c5,CUST-a104c9be,SUB-86f07452,199.0,USD,Failed,2026-04-19,Credit Card
TXN-0968b7e3,CUST-7b427b78,SUB-b25ca689,49.0,USD,Success,2025-05-14,PayPal
TXN-bfc7bd59,CUST-7b427b78,SUB-b25ca689,49.0,USD,Failed,2025-06-14,Wire Transfer
TXN-ca795c76,CUST-7b427b78,SUB-b25ca689,49.0,USD,Success,2025-07-14,PayPal
TXN-8e04e77a,CUST-7b427b78,SUB-b25ca689,49.0,USD,Success,2025-08-14,Credit Card
TXN-a12e975d,CUST-7b427b78,SUB-b25ca689,49.0,USD,Success,2025-09-14,Credit Card
TXN-4e1f827c,CUST-7b427b78,SUB-b25ca689,49.0,USD,Success,2025-10-14,Credit Card
TXN-d19264dd,CUST-7b427b78,SUB-b25ca689,49.0,USD,Success,2025-11-14,PayPal
TXN-c92591cb,CUST-7b427b78,SUB-b25ca689,49.0,USD,Success,2025-12-14,Wire Transfer
TXN-925f89ba,CUST-7b427b78,SUB-b25ca689,49.0,USD,Success,2026-01-14,Credit Card
TXN-d51f2405,CUST-7b427b78,SUB-b25ca689,49.0,USD,Success,2026-02-14,Wire Transfer
TXN-b554d404,CUST-7b427b78,SUB-b25ca689,49.0,USD,Success,2026-03-14,Credit Card
TXN-a043f20b,CUST-7b427b78,SUB-b25ca689,49.0,USD,Success,2026-04-14,Wire Transfer
TXN-de252bc9,CUST-7a1d080a,SUB-73b51a41,49.0,USD,Success,2026-03-24,Wire Transfer
TXN-15ffaab7,CUST-7a1d080a,SUB-73b51a41,49.0,USD,Failed,2026-04-24,Wire Transfer
TXN-610c9a87,CUST-998c5219,SUB-d5817283,49.0,USD,Success,2024-09-01,Credit Card
TXN-38a78b29,CUST-998c5219,SUB-d5817283,49.0,USD,Success,2024-10-01,PayPal
TXN-561d2438,CUST-998c5219,SUB-d5817283,49.0,USD,Success,2024-11-01,PayPal
TXN-cce580c4,CUST-998c5219,SUB-d5817283,49.0,USD,Success,2024-12-01,PayPal
TXN-db2cf572,CUST-998c5219,SUB-d5817283,49.0,USD,Success,2025-01-01,Wire Transfer
TXN-2eeee446,CUST-998c5219,SUB-d5817283,49.0,USD,Success,2025-02-01,Credit Card
TXN-d9bcd640,CUST-998c5219,SUB-d5817283,49.0,USD,Success,2025-03-01,Wire Transfer
TXN-92acd019,CUST-998c5219,SUB-d5817283,49.0,USD,Success,2025-04-01,Credit Card
TXN-f829ccd3,CUST-998c5219,SUB-d5817283,49.0,USD,Success,2025-05-01,Wire Transfer
TXN-3f7eb7a0,CUST-998c5219,SUB-d5817283,49.0,USD,Success,2025-06-01,Credit Card
TXN-efb0c421,CUST-998c5219,SUB-d5817283,49.0,USD,Success,2025-07-01,Credit Card
TXN-64c5ada3,CUST-998c5219,SUB-d5817283,49.0,USD,Success,2025-08-01,Credit Card
TXN-9e1520c3,CUST-998c5219,SUB-d5817283,49.0,USD,Success,2025-09-01,Wire Transfer
TXN-48931b44,CUST-998c5219,SUB-d5817283,49.0,USD,Success,2025-10-01,PayPal
TXN-65b1b6ca,CUST-998c5219,SUB-d5817283,49.0,USD,Success,2025-11-01,Wire Transfer
TXN-a4e64324,CUST-998c5219,SUB-d5817283,49.0,USD,Success,2025-12-01,Wire Transfer
TXN-762b6e3c,CUST-998c5219,SUB-d5817283,49.0,USD,Success,2026-01-01,Credit Card
TXN-428a4431,CUST-998c5219,SUB-d5817283,49.0,USD,Success,2026-02-01,Credit Card
TXN-89d5dcf8,CUST-998c5219,SUB-d5817283,49.0,USD,Success,2026-03-01,PayPal
TXN-1c6d7e4d,CUST-998c5219,SUB-d5817283,49.0,USD,Success,2026-04-01,PayPal
TXN-47c0625d,CUST-998c5219,SUB-d5817283,49.0,USD,Success,2026-05-01,Credit Card
TXN-b17d0715,CUST-58d20b6b,SUB-93739bac,1999.0,USD,Success,2025-11-20,PayPal
TXN-004ba2f4,CUST-58d20b6b,SUB-93739bac,1999.0,USD,Success,2025-12-20,PayPal
TXN-46a01627,CUST-58d20b6b,SUB-93739bac,1999.0,USD,Success,2026-01-20,Credit Card
TXN-7ff22d5a,CUST-58d20b6b,SUB-93739bac,1999.0,USD,Success,2026-02-20,Wire Transfer
TXN-7f3d4b1b,CUST-58d20b6b,SUB-93739bac,1999.0,USD,Success,2026-03-20,PayPal
TXN-0f0fc643,CUST-58d20b6b,SUB-93739bac,1999.0,USD,Success,2026-04-20,Credit Card
TXN-76eab647,CUST-3cde7f60,SUB-eaae553f,199.0,USD,Success,2026-03-02,PayPal
TXN-13a407f9,CUST-3cde7f60,SUB-eaae553f,199.0,USD,Success,2026-04-02,PayPal
TXN-f3363412,CUST-b9f38cfc,SUB-e944ebf6,499.0,USD,Failed,2024-06-18,Credit Card
TXN-52199d23,CUST-b9f38cfc,SUB-e944ebf6,499.0,USD,Success,2024-07-18,PayPal
TXN-4dc6e33e,CUST-b9f38cfc,SUB-e944ebf6,499.0,USD,Success,2024-08-18,PayPal
TXN-6e83a403,CUST-b9f38cfc,SUB-e944ebf6,499.0,USD,Success,2024-09-18,PayPal
TXN-229ba2c8,CUST-b9f38cfc,SUB-e944ebf6,499.0,USD,Success,2024-10-18,Wire Transfer
TXN-e5dc148e,CUST-b9f38cfc,SUB-e944ebf6,499.0,USD,Success,2024-11-18,Wire Transfer
TXN-46497f3a,CUST-b9f38cfc,SUB-e944ebf6,499.0,USD,Success,2024-12-18,PayPal
TXN-cb768f25,CUST-b9f38cfc,SUB-e944ebf6,499.0,USD,Success,2025-01-18,Credit Card
TXN-b7928e40,CUST-b9f38cfc,SUB-e944ebf6,499.0,USD,Success,2025-02-18,PayPal
TXN-b7fd104d,CUST-b9f38cfc,SUB-e944ebf6,499.0,USD,Success,2025-03-18,PayPal
TXN-856a724d,CUST-b9f38cfc,SUB-e944ebf6,499.0,USD,Failed,2025-04-18,Wire Transfer
TXN-e964f7e5,CUST-b9f38cfc,SUB-e944ebf6,499.0,USD,Success,2025-05-18,Wire Transfer
TXN-49c17e1d,CUST-b9f38cfc,SUB-e944ebf6,499.0,USD,Success,2025-06-18,Wire Transfer
TXN-72da8869,CUST-b9f38cfc,SUB-e944ebf6,499.0,USD,Success,2025-07-18,PayPal
TXN-6cc153cb,CUST-b9f38cfc,SUB-e944ebf6,499.0,USD,Success,2025-08-18,PayPal
TXN-4782ec9e,CUST-b9f38cfc,SUB-e944ebf6,499.0,USD,Success,2025-09-18,Credit Card
TXN-2dcd8d85,CUST-b9f38cfc,SUB-e944ebf6,499.0,USD,Success,2025-10-18,PayPal
TXN-bf26a3a8,CUST-b9f38cfc,SUB-e944ebf6,499.0,USD,Success,2025-11-18,PayPal
TXN-aed81cd2,CUST-b9f38cfc,SUB-e944ebf6,499.0,USD,Success,2025-12-18,Wire Transfer
TXN-3e6f13c6,CUST-b9f38cfc,SUB-e944ebf6,499.0,USD,Success,2026-01-18,Wire Transfer
TXN-fea3370b,CUST-b9f38cfc,SUB-e944ebf6,499.0,USD,Success,2026-02-18,Wire Transfer
TXN-ec5f9194,CUST-b9f38cfc,SUB-e944ebf6,499.0,USD,Success,2026-03-18,Wire Transfer
TXN-5290f477,CUST-b9f38cfc,SUB-e944ebf6,499.0,USD,Success,2026-04-18,Wire Transfer
TXN-7b22f789,CUST-6c6d3deb,SUB-30dc44fa,49.0,USD,Success,2026-03-02,Credit Card
TXN-897d5cad,CUST-6c6d3deb,SUB-30dc44fa,49.0,USD,Success,2026-04-02,Credit Card
TXN-dd1135a8,CUST-6c6d3deb,SUB-30dc44fa,49.0,USD,Success,2026-05-02,Credit Card
TXN-4c05712a,CUST-801dbd73,SUB-525548b4,499.0,USD,Success,2024-10-30,Wire Transfer
TXN-dfa1153f,CUST-801dbd73,SUB-525548b4,499.0,USD,Success,2024-11-30,Wire Transfer
TXN-4aab0abb,CUST-801dbd73,SUB-525548b4,499.0,USD,Success,2024-12-30,Wire Transfer
TXN-aa1940e4,CUST-801dbd73,SUB-525548b4,499.0,USD,Success,2025-01-30,Credit Card
TXN-278c5fcc,CUST-801dbd73,SUB-525548b4,499.0,USD,Success,2025-02-28,Wire Transfer
TXN-03d43c86,CUST-801dbd73,SUB-525548b4,499.0,USD,Success,2025-03-28,Credit Card
TXN-dc84aede,CUST-801dbd73,SUB-525548b4,499.0,USD,Success,2025-04-28,Wire Transfer
TXN-51ec33aa,CUST-801dbd73,SUB-525548b4,499.0,USD,Success,2025-05-28,PayPal
TXN-4aea30cb,CUST-801dbd73,SUB-525548b4,499.0,USD,Success,2025-06-28,Credit Card
TXN-61f78087,CUST-801dbd73,SUB-525548b4,499.0,USD,Success,2025-07-28,PayPal
TXN-d7bc4e6b,CUST-801dbd73,SUB-525548b4,499.0,USD,Success,2025-08-28,Credit Card
TXN-21652780,CUST-801dbd73,SUB-525548b4,499.0,USD,Success,2025-09-28,Wire Transfer
TXN-dbb7793a,CUST-801dbd73,SUB-525548b4,499.0,USD,Success,2025-10-28,Wire Transfer
TXN-10d7452a,CUST-801dbd73,SUB-525548b4,499.0,USD,Success,2025-11-28,PayPal
TXN-fd69f394,CUST-801dbd73,SUB-525548b4,499.0,USD,Success,2025-12-28,Wire Transfer
TXN-ee183187,CUST-801dbd73,SUB-525548b4,499.0,USD,Success,2026-01-28,Credit Card
TXN-ebc42a67,CUST-801dbd73,SUB-525548b4,499.0,USD,Success,2026-02-28,Wire Transfer
TXN-ed071b99,CUST-801dbd73,SUB-525548b4,499.0,USD,Success,2026-03-28,Wire Transfer
TXN-dbfdb5f3,CUST-801dbd73,SUB-525548b4,499.0,USD,Success,2026-04-28,Credit Card
TXN-2027be42,CUST-2263e4dd,SUB-cd660f5a,49.0,USD,Success,2026-01-05,PayPal
TXN-9ab5390a,CUST-2263e4dd,SUB-cd660f5a,49.0,USD,Success,2026-02-05,PayPal
TXN-7c1e75aa,CUST-2263e4dd,SUB-cd660f5a,49.0,USD,Success,2026-03-05,Wire Transfer
TXN-6d89cc51,CUST-b5b5a0df,SUB-9b67ab61,49.0,USD,Success,2024-09-04,Credit Card
TXN-9f241a9e,CUST-b5b5a0df,SUB-9b67ab61,49.0,USD,Failed,2024-10-04,PayPal
TXN-36ddc69c,CUST-b5b5a0df,SUB-9b67ab61,49.0,USD,Success,2024-11-04,PayPal
TXN-81c9cf75,CUST-b5b5a0df,SUB-9b67ab61,49.0,USD,Success,2024-12-04,Wire Transfer
TXN-a5650238,CUST-b5b5a0df,SUB-9b67ab61,49.0,USD,Success,2025-01-04,Credit Card
TXN-32ffdc6e,CUST-b5b5a0df,SUB-9b67ab61,49.0,USD,Success,2025-02-04,PayPal
TXN-c2ea8d90,CUST-b5b5a0df,SUB-9b67ab61,49.0,USD,Success,2025-03-04,Wire Transfer
TXN-0624db49,CUST-b5b5a0df,SUB-9b67ab61,49.0,USD,Success,2025-04-04,Wire Transfer
TXN-80a6dba8,CUST-b5b5a0df,SUB-9b67ab61,49.0,USD,Success,2025-05-04,Wire Transfer
TXN-1fbcb426,CUST-b5b5a0df,SUB-9b67ab61,49.0,USD,Success,2025-06-04,Wire Transfer
TXN-d227e6f8,CUST-b5b5a0df,SUB-9b67ab61,49.0,USD,Success,2025-07-04,PayPal
TXN-7bab10fc,CUST-b5b5a0df,SUB-9b67ab61,49.0,USD,Failed,2025-08-04,Credit Card
TXN-e81bad07,CUST-b5b5a0df,SUB-9b67ab61,49.0,USD,Success,2025-09-04,Wire Transfer
TXN-f3f22da9,CUST-b5b5a0df,SUB-9b67ab61,49.0,USD,Success,2025-10-04,Wire Transfer
TXN-d35682e4,CUST-b5b5a0df,SUB-9b67ab61,49.0,USD,Success,2025-11-04,PayPal
TXN-5525b71f,CUST-b5b5a0df,SUB-9b67ab61,49.0,USD,Success,2025-12-04,Wire Transfer
TXN-b9c22edd,CUST-b5b5a0df,SUB-9b67ab61,49.0,USD,Success,2026-01-04,Wire Transfer
TXN-fc9150a1,CUST-b5b5a0df,SUB-9b67ab61,49.0,USD,Success,2026-02-04,Credit Card
TXN-b9f84a75,CUST-b5b5a0df,SUB-9b67ab61,49.0,USD,Success,2026-03-04,Wire Transfer
TXN-4cf3fd13,CUST-b5b5a0df,SUB-9b67ab61,49.0,USD,Success,2026-04-04,PayPal
TXN-d2a1300d,CUST-b5b5a0df,SUB-9b67ab61,49.0,USD,Success,2026-05-04,Credit Card
TXN-6e0e42f9,CUST-1ebd8c86,SUB-2f2cfde1,49.0,USD,Success,2025-06-02,PayPal
TXN-f0d2b477,CUST-1ebd8c86,SUB-2f2cfde1,49.0,USD,Success,2025-07-02,Credit Card
TXN-b641140f,CUST-1ebd8c86,SUB-2f2cfde1,49.0,USD,Success,2025-08-02,Credit Card
TXN-9b45fa70,CUST-1ebd8c86,SUB-2f2cfde1,49.0,USD,Success,2025-09-02,Wire Transfer
TXN-94d54d89,CUST-1ebd8c86,SUB-2f2cfde1,49.0,USD,Success,2025-10-02,Wire Transfer
TXN-10bb0d53,CUST-1ebd8c86,SUB-2f2cfde1,49.0,USD,Success,2025-11-02,Wire Transfer
TXN-f7ea9a05,CUST-3d93f26c,SUB-d59db791,199.0,USD,Success,2025-10-26,PayPal
TXN-9b3f2c7f,CUST-3d93f26c,SUB-d59db791,199.0,USD,Success,2025-11-26,Wire Transfer
TXN-9e98072e,CUST-3d93f26c,SUB-d59db791,199.0,USD,Success,2025-12-26,Wire Transfer
TXN-82296747,CUST-3d93f26c,SUB-d59db791,199.0,USD,Success,2026-01-26,Credit Card
TXN-71c3827b,CUST-3d93f26c,SUB-d59db791,199.0,USD,Success,2026-02-26,Wire Transfer
TXN-41251f39,CUST-3d93f26c,SUB-d59db791,199.0,USD,Success,2026-03-26,Wire Transfer
TXN-a6dae693,CUST-3d93f26c,SUB-d59db791,199.0,USD,Success,2026-04-26,Wire Transfer
TXN-faeb4728,CUST-0613a901,SUB-0b46a44e,199.0,USD,Success,2026-04-23,Wire Transfer
TXN-37d84ca6,CUST-0613a901,SUB-0b46a44e,199.0,USD,Success,2026-05-23,Credit Card
TXN-3cb0b13b,CUST-56a8b379,SUB-53d8b2df,499.0,USD,Success,2026-03-22,Wire Transfer
TXN-35c002aa,CUST-56a8b379,SUB-53d8b2df,499.0,USD,Success,2026-04-22,Credit Card
TXN-76392124,CUST-267016f1,SUB-a9b83953,49.0,USD,Success,2025-04-05,PayPal
TXN-069ac5d6,CUST-267016f1,SUB-a9b83953,49.0,USD,Success,2025-05-05,Wire Transfer
TXN-6fb33145,CUST-267016f1,SUB-a9b83953,49.0,USD,Refunded,2025-06-05,Wire Transfer
TXN-3bcf4b9c,CUST-267016f1,SUB-a9b83953,49.0,USD,Success,2025-07-05,Wire Transfer
TXN-535a0a47,CUST-267016f1,SUB-a9b83953,49.0,USD,Success,2025-08-05,Credit Card
TXN-c2966644,CUST-267016f1,SUB-a9b83953,49.0,USD,Success,2025-09-05,Wire Transfer
TXN-01676764,CUST-267016f1,SUB-a9b83953,49.0,USD,Success,2025-10-05,Wire Transfer
TXN-2ee8bcbb,CUST-267016f1,SUB-a9b83953,49.0,USD,Success,2025-11-05,PayPal
TXN-339f08e4,CUST-267016f1,SUB-a9b83953,49.0,USD,Success,2025-12-05,Credit Card
TXN-0a2ba6df,CUST-267016f1,SUB-a9b83953,49.0,USD,Success,2026-01-05,Credit Card
TXN-2a9c15a9,CUST-267016f1,SUB-a9b83953,49.0,USD,Success,2026-02-05,PayPal
TXN-74c70a28,CUST-267016f1,SUB-a9b83953,49.0,USD,Success,2026-03-05,Credit Card
TXN-c2852078,CUST-267016f1,SUB-a9b83953,49.0,USD,Success,2026-04-05,Wire Transfer
TXN-9ee93585,CUST-267016f1,SUB-a9b83953,49.0,USD,Success,2026-05-05,Wire Transfer
TXN-520cfe92,CUST-87fd3ca6,SUB-b312e447,199.0,USD,Success,2026-03-18,PayPal
TXN-6633b439,CUST-87fd3ca6,SUB-b312e447,199.0,USD,Success,2026-04-18,Credit Card
TXN-0925bc9b,CUST-ffdb48d8,SUB-589601bc,199.0,USD,Success,2024-05-28,Credit Card
TXN-53d31e56,CUST-ffdb48d8,SUB-589601bc,199.0,USD,Success,2024-06-28,Credit Card
TXN-098be85c,CUST-ffdb48d8,SUB-589601bc,199.0,USD,Success,2024-07-28,PayPal
TXN-fe6e8bb1,CUST-ffdb48d8,SUB-589601bc,199.0,USD,Success,2024-08-28,Wire Transfer
TXN-dccf0af9,CUST-ffdb48d8,SUB-589601bc,199.0,USD,Success,2024-09-28,PayPal
TXN-1d8859c7,CUST-ffdb48d8,SUB-589601bc,199.0,USD,Success,2024-10-28,Wire Transfer
TXN-7cef83de,CUST-ffdb48d8,SUB-589601bc,199.0,USD,Success,2024-11-28,PayPal
TXN-41d7f81f,CUST-ffdb48d8,SUB-589601bc,199.0,USD,Failed,2024-12-28,Wire Transfer
TXN-8aec1d6a,CUST-ffdb48d8,SUB-589601bc,199.0,USD,Success,2025-01-28,Credit Card
TXN-416ce38e,CUST-ffdb48d8,SUB-589601bc,199.0,USD,Success,2025-02-28,Credit Card
TXN-d8af4a24,CUST-ffdb48d8,SUB-589601bc,199.0,USD,Success,2025-03-28,Credit Card
TXN-5f6dc064,CUST-ffdb48d8,SUB-589601bc,199.0,USD,Success,2025-04-28,PayPal
TXN-4eda5929,CUST-ffdb48d8,SUB-589601bc,199.0,USD,Success,2025-05-28,PayPal
TXN-d77835f2,CUST-ffdb48d8,SUB-589601bc,199.0,USD,Success,2025-06-28,PayPal
TXN-1dc5460a,CUST-ffdb48d8,SUB-589601bc,199.0,USD,Success,2025-07-28,Credit Card
TXN-a42a0df8,CUST-ffdb48d8,SUB-589601bc,199.0,USD,Success,2025-08-28,Wire Transfer
TXN-8fa3572e,CUST-ffdb48d8,SUB-589601bc,199.0,USD,Success,2025-09-28,Credit Card
TXN-e97d6d0d,CUST-ffdb48d8,SUB-589601bc,199.0,USD,Success,2025-10-28,Credit Card
TXN-aa065291,CUST-ffdb48d8,SUB-589601bc,199.0,USD,Success,2025-11-28,Wire Transfer
TXN-c40efb3a,CUST-ffdb48d8,SUB-589601bc,199.0,USD,Success,2025-12-28,Wire Transfer
TXN-8be946cd,CUST-ffdb48d8,SUB-589601bc,199.0,USD,Success,2026-01-28,Wire Transfer
TXN-0bd8abcf,CUST-ffdb48d8,SUB-589601bc,199.0,USD,Success,2026-02-28,Wire Transfer
TXN-e3d788a3,CUST-ffdb48d8,SUB-589601bc,199.0,USD,Success,2026-03-28,Credit Card
TXN-2f09538d,CUST-ffdb48d8,SUB-589601bc,199.0,USD,Failed,2026-04-28,PayPal
TXN-e4749c0d,CUST-ff12e98c,SUB-b24a970b,49.0,USD,Success,2025-08-22,Credit Card
TXN-62178252,CUST-ff12e98c,SUB-b24a970b,49.0,USD,Success,2025-09-22,Wire Transfer
TXN-c4e82828,CUST-ff12e98c,SUB-b24a970b,49.0,USD,Success,2025-10-22,PayPal
TXN-7eccf8da,CUST-ff12e98c,SUB-b24a970b,49.0,USD,Success,2025-11-22,PayPal
TXN-fbfe8076,CUST-ff12e98c,SUB-b24a970b,49.0,USD,Success,2025-12-22,Credit Card
TXN-aff67cb3,CUST-ff12e98c,SUB-b24a970b,49.0,USD,Success,2026-01-22,Credit Card
TXN-0112a3bc,CUST-ff12e98c,SUB-b24a970b,49.0,USD,Success,2026-02-22,Credit Card
TXN-46403e19,CUST-ff12e98c,SUB-b24a970b,49.0,USD,Success,2026-03-22,PayPal
TXN-d4613b6d,CUST-ff12e98c,SUB-b24a970b,49.0,USD,Success,2026-04-22,PayPal
TXN-79cbf8e0,CUST-b1bce165,SUB-b6afd999,499.0,USD,Success,2026-04-30,PayPal
TXN-54ce539e,CUST-b1bce165,SUB-b6afd999,499.0,USD,Success,2026-05-30,Wire Transfer
TXN-237970b2,CUST-a1344f8c,SUB-50bfc752,499.0,USD,Refunded,2025-12-11,Wire Transfer
TXN-d87c57a2,CUST-a1344f8c,SUB-50bfc752,499.0,USD,Success,2026-01-11,Credit Card
TXN-89e7679b,CUST-a1344f8c,SUB-50bfc752,499.0,USD,Success,2026-02-11,PayPal
TXN-e84d5187,CUST-a1344f8c,SUB-50bfc752,499.0,USD,Success,2026-03-11,Credit Card
TXN-b5098003,CUST-a1344f8c,SUB-50bfc752,499.0,USD,Refunded,2026-04-11,PayPal
TXN-c88f5c49,CUST-d7ae2e98,SUB-bcf23ecd,499.0,USD,Success,2025-10-24,Credit Card
TXN-7fc897b5,CUST-d7ae2e98,SUB-bcf23ecd,499.0,USD,Success,2025-11-24,Wire Transfer
TXN-b0756f1c,CUST-d7ae2e98,SUB-bcf23ecd,499.0,USD,Success,2025-12-24,PayPal
TXN-599b04f2,CUST-d7ae2e98,SUB-bcf23ecd,499.0,USD,Success,2026-01-24,Wire Transfer
TXN-d4703981,CUST-d7ae2e98,SUB-bcf23ecd,499.0,USD,Success,2026-02-24,PayPal
TXN-78817330,CUST-d7ae2e98,SUB-bcf23ecd,499.0,USD,Success,2026-03-24,Credit Card
TXN-82bba917,CUST-d7ae2e98,SUB-bcf23ecd,499.0,USD,Success,2026-04-24,PayPal
TXN-c0680bb4,CUST-bd0209b9,SUB-47e5b5b9,499.0,USD,Success,2024-06-03,Wire Transfer
TXN-f34a5dcc,CUST-bd0209b9,SUB-47e5b5b9,499.0,USD,Success,2024-07-03,PayPal
TXN-17922caa,CUST-bd0209b9,SUB-47e5b5b9,499.0,USD,Success,2024-08-03,Credit Card
TXN-b9780ab1,CUST-bd0209b9,SUB-47e5b5b9,499.0,USD,Success,2024-09-03,PayPal
TXN-d8e80162,CUST-bd0209b9,SUB-47e5b5b9,499.0,USD,Success,2024-10-03,Wire Transfer
TXN-560a3c98,CUST-bd0209b9,SUB-47e5b5b9,499.0,USD,Success,2024-11-03,Credit Card
TXN-e2bbd6f9,CUST-bd0209b9,SUB-47e5b5b9,499.0,USD,Success,2024-12-03,Wire Transfer
TXN-2c739e2f,CUST-bd0209b9,SUB-47e5b5b9,499.0,USD,Success,2025-01-03,PayPal
TXN-b8e4be60,CUST-bd0209b9,SUB-47e5b5b9,499.0,USD,Success,2025-02-03,Wire Transfer
TXN-024c6f77,CUST-bd0209b9,SUB-47e5b5b9,499.0,USD,Failed,2025-03-03,PayPal
TXN-bd303d16,CUST-bd0209b9,SUB-47e5b5b9,499.0,USD,Success,2025-04-03,Credit Card
TXN-dadeeddd,CUST-bd0209b9,SUB-47e5b5b9,499.0,USD,Success,2025-05-03,Wire Transfer
TXN-2fdd1676,CUST-bd0209b9,SUB-47e5b5b9,499.0,USD,Success,2025-06-03,Wire Transfer
TXN-03f2cf3d,CUST-bd0209b9,SUB-47e5b5b9,499.0,USD,Success,2025-07-03,PayPal
TXN-b232fdd0,CUST-bd0209b9,SUB-47e5b5b9,499.0,USD,Success,2025-08-03,Wire Transfer
TXN-a75877bd,CUST-bd0209b9,SUB-47e5b5b9,499.0,USD,Refunded,2025-09-03,Wire Transfer
TXN-cfb4bbee,CUST-bd0209b9,SUB-47e5b5b9,499.0,USD,Success,2025-10-03,Credit Card
TXN-7806f627,CUST-bd0209b9,SUB-47e5b5b9,499.0,USD,Success,2025-11-03,PayPal
TXN-24c4d09b,CUST-bd0209b9,SUB-47e5b5b9,499.0,USD,Success,2025-12-03,PayPal
TXN-b12c2ae8,CUST-bd0209b9,SUB-47e5b5b9,499.0,USD,Success,2026-01-03,Credit Card
TXN-9dbe77ee,CUST-bd0209b9,SUB-47e5b5b9,499.0,USD,Success,2026-02-03,Credit Card
TXN-bb018ee0,CUST-bd0209b9,SUB-47e5b5b9,499.0,USD,Success,2026-03-03,PayPal
TXN-24e5c3a1,CUST-bd0209b9,SUB-47e5b5b9,499.0,USD,Success,2026-04-03,Credit Card
TXN-fff558a3,CUST-bd0209b9,SUB-47e5b5b9,499.0,USD,Success,2026-05-03,Credit Card
TXN-68c4a4e4,CUST-4c221428,SUB-86d13eff,499.0,USD,Success,2024-10-26,Credit Card
TXN-e88a76d2,CUST-4c221428,SUB-86d13eff,499.0,USD,Success,2024-11-26,PayPal
TXN-2bb5d515,CUST-4c221428,SUB-86d13eff,499.0,USD,Success,2024-12-26,Credit Card
TXN-cf70890e,CUST-4c221428,SUB-86d13eff,499.0,USD,Success,2025-01-26,Wire Transfer
TXN-b07206d7,CUST-4c221428,SUB-86d13eff,499.0,USD,Success,2025-02-26,Wire Transfer
TXN-652d6195,CUST-4c221428,SUB-86d13eff,499.0,USD,Success,2025-03-26,PayPal
TXN-55fa61fe,CUST-4c221428,SUB-86d13eff,499.0,USD,Success,2025-04-26,Credit Card
TXN-243b1177,CUST-4c221428,SUB-86d13eff,499.0,USD,Success,2025-05-26,Wire Transfer
TXN-1610244f,CUST-4c221428,SUB-86d13eff,499.0,USD,Success,2025-06-26,PayPal
TXN-3feb628a,CUST-4c221428,SUB-86d13eff,499.0,USD,Success,2025-07-26,Wire Transfer
TXN-5841a170,CUST-4c221428,SUB-86d13eff,499.0,USD,Success,2025-08-26,Credit Card
TXN-fdc8b8da,CUST-3ad24440,SUB-0517336c,49.0,USD,Success,2025-02-01,PayPal
TXN-4cce94de,CUST-3ad24440,SUB-0517336c,49.0,USD,Success,2025-03-01,Wire Transfer
TXN-484f5ef6,CUST-3ad24440,SUB-0517336c,49.0,USD,Success,2025-04-01,PayPal
TXN-92ad454d,CUST-3ad24440,SUB-0517336c,49.0,USD,Success,2025-05-01,Wire Transfer
TXN-2e14b380,CUST-3ad24440,SUB-0517336c,49.0,USD,Success,2025-06-01,Wire Transfer
TXN-feada03a,CUST-3ad24440,SUB-0517336c,49.0,USD,Success,2025-07-01,Credit Card
TXN-5277f009,CUST-3ad24440,SUB-0517336c,49.0,USD,Success,2025-08-01,Credit Card
TXN-ac1a703f,CUST-3ad24440,SUB-0517336c,49.0,USD,Success,2025-09-01,Wire Transfer
TXN-8721a7c0,CUST-3ad24440,SUB-0517336c,49.0,USD,Success,2025-10-01,PayPal
TXN-367bbcb1,CUST-3ad24440,SUB-0517336c,49.0,USD,Success,2025-11-01,PayPal
TXN-0179f188,CUST-3ad24440,SUB-0517336c,49.0,USD,Success,2025-12-01,Credit Card
TXN-3e086f50,CUST-3ad24440,SUB-0517336c,49.0,USD,Success,2026-01-01,Wire Transfer
TXN-1825c56f,CUST-3ad24440,SUB-0517336c,49.0,USD,Success,2026-02-01,Credit Card
TXN-68984043,CUST-3ad24440,SUB-0517336c,49.0,USD,Success,2026-03-01,Wire Transfer
TXN-581a5246,CUST-3ad24440,SUB-0517336c,49.0,USD,Success,2026-04-01,Wire Transfer
TXN-92e23de4,CUST-3ad24440,SUB-0517336c,49.0,USD,Success,2026-05-01,Credit Card
TXN-785494da,CUST-9a278efc,SUB-095d637b,499.0,USD,Success,2024-07-23,PayPal
TXN-af16d963,CUST-9a278efc,SUB-095d637b,499.0,USD,Success,2024-08-23,Credit Card
TXN-47ccaf31,CUST-9a278efc,SUB-095d637b,499.0,USD,Success,2024-09-23,Wire Transfer
TXN-d0573a58,CUST-9a278efc,SUB-095d637b,499.0,USD,Refunded,2024-10-23,Credit Card
TXN-b729d205,CUST-9a278efc,SUB-095d637b,499.0,USD,Success,2024-11-23,PayPal
TXN-ad981a75,CUST-9a278efc,SUB-095d637b,499.0,USD,Success,2024-12-23,PayPal
TXN-d7ffaddd,CUST-9a278efc,SUB-095d637b,499.0,USD,Refunded,2025-01-23,Wire Transfer
TXN-b669e969,CUST-9a278efc,SUB-095d637b,499.0,USD,Success,2025-02-23,Credit Card
TXN-953f5cab,CUST-9a278efc,SUB-095d637b,499.0,USD,Success,2025-03-23,PayPal
TXN-eba13837,CUST-9a278efc,SUB-095d637b,499.0,USD,Success,2025-04-23,Credit Card
TXN-94899529,CUST-9a278efc,SUB-095d637b,499.0,USD,Success,2025-05-23,PayPal
TXN-b01017f7,CUST-9a278efc,SUB-095d637b,499.0,USD,Success,2025-06-23,Wire Transfer
TXN-3323444e,CUST-9a278efc,SUB-095d637b,499.0,USD,Success,2025-07-23,Wire Transfer
TXN-ba2ad5eb,CUST-9a278efc,SUB-095d637b,499.0,USD,Success,2025-08-23,Credit Card
TXN-8dd00717,CUST-9a278efc,SUB-095d637b,499.0,USD,Success,2025-09-23,Wire Transfer
TXN-c7059853,CUST-9a278efc,SUB-095d637b,499.0,USD,Success,2025-10-23,PayPal
TXN-55333b2f,CUST-9a278efc,SUB-095d637b,499.0,USD,Success,2025-11-23,Wire Transfer
TXN-cb6533bb,CUST-9a278efc,SUB-095d637b,499.0,USD,Success,2025-12-23,PayPal
TXN-4d26556a,CUST-9a278efc,SUB-095d637b,499.0,USD,Success,2026-01-23,PayPal
TXN-958997a9,CUST-9a278efc,SUB-095d637b,499.0,USD,Success,2026-02-23,Wire Transfer
TXN-abcf5e6e,CUST-9a278efc,SUB-095d637b,499.0,USD,Success,2026-03-23,PayPal
TXN-c6d4ff19,CUST-9a278efc,SUB-095d637b,499.0,USD,Success,2026-04-23,PayPal
TXN-cd24e1c5,CUST-9ccebf06,SUB-4bfcbb96,49.0,USD,Success,2024-11-27,Credit Card
TXN-6cb4a6ad,CUST-9ccebf06,SUB-4bfcbb96,49.0,USD,Success,2024-12-27,Credit Card
TXN-508c9833,CUST-9ccebf06,SUB-4bfcbb96,49.0,USD,Success,2025-01-27,Credit Card
TXN-4c19aec2,CUST-9ccebf06,SUB-4bfcbb96,49.0,USD,Success,2025-02-27,Wire Transfer
TXN-4cdc8493,CUST-9ccebf06,SUB-4bfcbb96,49.0,USD,Success,2025-03-27,Credit Card
TXN-530aa7f7,CUST-9ccebf06,SUB-4bfcbb96,49.0,USD,Success,2025-04-27,PayPal
TXN-554dc782,CUST-9ccebf06,SUB-4bfcbb96,49.0,USD,Success,2025-05-27,Wire Transfer
TXN-88607bc1,CUST-9ccebf06,SUB-4bfcbb96,49.0,USD,Success,2025-06-27,Wire Transfer
TXN-e607cc89,CUST-9ccebf06,SUB-4bfcbb96,49.0,USD,Success,2025-07-27,Wire Transfer
TXN-c0dbf97d,CUST-9ccebf06,SUB-4bfcbb96,49.0,USD,Success,2025-08-27,Wire Transfer
TXN-05f5a9a3,CUST-9ccebf06,SUB-4bfcbb96,49.0,USD,Success,2025-09-27,PayPal
TXN-96261462,CUST-9ccebf06,SUB-4bfcbb96,49.0,USD,Success,2025-10-27,PayPal
TXN-71edd6bb,CUST-9ccebf06,SUB-4bfcbb96,49.0,USD,Success,2025-11-27,Credit Card
TXN-61373389,CUST-9ccebf06,SUB-4bfcbb96,49.0,USD,Success,2025-12-27,Wire Transfer
TXN-a46dde92,CUST-9ccebf06,SUB-4bfcbb96,49.0,USD,Success,2026-01-27,Credit Card
TXN-117e7757,CUST-9ccebf06,SUB-4bfcbb96,49.0,USD,Success,2026-02-27,PayPal
TXN-0d144fe8,CUST-9ccebf06,SUB-4bfcbb96,49.0,USD,Success,2026-03-27,Wire Transfer
TXN-6bbad25d,CUST-9ccebf06,SUB-4bfcbb96,49.0,USD,Success,2026-04-27,PayPal
TXN-58acc93a,CUST-cc4a1565,SUB-c7d89f38,49.0,USD,Success,2026-03-03,Credit Card
TXN-a1804dea,CUST-cc4a1565,SUB-c7d89f38,49.0,USD,Refunded,2026-04-03,PayPal
TXN-0dfc4da7,CUST-60245512,SUB-ed956f1e,49.0,USD,Success,2025-05-02,Wire Transfer
TXN-d5ea3d02,CUST-60245512,SUB-ed956f1e,49.0,USD,Success,2025-06-02,Wire Transfer
TXN-b254af5d,CUST-60245512,SUB-ed956f1e,49.0,USD,Success,2025-07-02,Credit Card
TXN-2e91f608,CUST-60245512,SUB-ed956f1e,49.0,USD,Success,2025-08-02,Wire Transfer
TXN-1029f53c,CUST-60245512,SUB-ed956f1e,49.0,USD,Success,2025-09-02,PayPal
TXN-1304116a,CUST-60245512,SUB-ed956f1e,49.0,USD,Success,2025-10-02,PayPal
TXN-229205a6,CUST-60245512,SUB-ed956f1e,49.0,USD,Failed,2025-11-02,PayPal
TXN-5ebd1445,CUST-60245512,SUB-ed956f1e,49.0,USD,Success,2025-12-02,PayPal
TXN-ccd4111f,CUST-60245512,SUB-ed956f1e,49.0,USD,Success,2026-01-02,Credit Card
TXN-c3c77409,CUST-60245512,SUB-ed956f1e,49.0,USD,Success,2026-02-02,PayPal
TXN-b4d1d479,CUST-60245512,SUB-ed956f1e,49.0,USD,Success,2026-03-02,Credit Card
TXN-c037e401,CUST-60245512,SUB-ed956f1e,49.0,USD,Success,2026-04-02,PayPal
TXN-183f5754,CUST-60245512,SUB-ed956f1e,49.0,USD,Success,2026-05-02,Credit Card
TXN-b0d82c55,CUST-9abc2eac,SUB-2c15b1f7,499.0,USD,Success,2025-09-19,PayPal
TXN-dcb47564,CUST-9abc2eac,SUB-2c15b1f7,499.0,USD,Success,2025-10-19,PayPal
TXN-9269008a,CUST-9abc2eac,SUB-2c15b1f7,499.0,USD,Success,2025-11-19,Credit Card
TXN-763b7bf0,CUST-9abc2eac,SUB-2c15b1f7,499.0,USD,Success,2025-12-19,Wire Transfer
TXN-89212a48,CUST-9abc2eac,SUB-2c15b1f7,499.0,USD,Failed,2026-01-19,Wire Transfer
TXN-07315989,CUST-9abc2eac,SUB-2c15b1f7,499.0,USD,Success,2026-02-19,Wire Transfer
TXN-077e9d7d,CUST-9abc2eac,SUB-2c15b1f7,499.0,USD,Success,2026-03-19,Credit Card
TXN-f1a31ea6,CUST-9abc2eac,SUB-2c15b1f7,499.0,USD,Success,2026-04-19,Wire Transfer
TXN-4da9f0ad,CUST-46f6fa2d,SUB-cb43f8cd,499.0,USD,Success,2024-12-28,Wire Transfer
TXN-8a9a79b3,CUST-46f6fa2d,SUB-cb43f8cd,499.0,USD,Success,2025-01-28,Credit Card
TXN-06ce1601,CUST-46f6fa2d,SUB-cb43f8cd,499.0,USD,Success,2025-02-28,Wire Transfer
TXN-4cde27ba,CUST-46f6fa2d,SUB-cb43f8cd,499.0,USD,Success,2025-03-28,Wire Transfer
TXN-ae49809b,CUST-46f6fa2d,SUB-cb43f8cd,499.0,USD,Success,2025-04-28,Wire Transfer
TXN-177a41b1,CUST-46f6fa2d,SUB-cb43f8cd,499.0,USD,Success,2025-05-28,Credit Card
TXN-2ce4e058,CUST-46f6fa2d,SUB-cb43f8cd,499.0,USD,Success,2025-06-28,Credit Card
TXN-19d2480d,CUST-46f6fa2d,SUB-cb43f8cd,499.0,USD,Success,2025-07-28,Wire Transfer
TXN-c8ae3485,CUST-46f6fa2d,SUB-cb43f8cd,499.0,USD,Success,2025-08-28,Wire Transfer
TXN-f9695ea7,CUST-46f6fa2d,SUB-cb43f8cd,499.0,USD,Success,2025-09-28,Credit Card
TXN-3331710b,CUST-46f6fa2d,SUB-cb43f8cd,499.0,USD,Success,2025-10-28,Wire Transfer
TXN-298a11be,CUST-46f6fa2d,SUB-cb43f8cd,499.0,USD,Success,2025-11-28,Credit Card
TXN-b56c8dcf,CUST-46f6fa2d,SUB-cb43f8cd,499.0,USD,Success,2025-12-28,Wire Transfer
TXN-8e828f4e,CUST-46f6fa2d,SUB-cb43f8cd,499.0,USD,Success,2026-01-28,Credit Card
TXN-3b093fae,CUST-46f6fa2d,SUB-cb43f8cd,499.0,USD,Success,2026-02-28,PayPal
TXN-5c1a9523,CUST-46f6fa2d,SUB-cb43f8cd,499.0,USD,Success,2026-03-28,PayPal
TXN-11cfb3aa,CUST-46f6fa2d,SUB-cb43f8cd,499.0,USD,Success,2026-04-28,Credit Card
TXN-75a9b992,CUST-ba5717c0,SUB-86071631,49.0,USD,Success,2024-09-11,PayPal
TXN-a85857d9,CUST-ba5717c0,SUB-86071631,49.0,USD,Success,2024-10-11,Wire Transfer
TXN-49b23634,CUST-ba5717c0,SUB-86071631,49.0,USD,Success,2024-11-11,Credit Card
TXN-d2efea73,CUST-ba5717c0,SUB-86071631,49.0,USD,Success,2024-12-11,Credit Card
TXN-65a5fc00,CUST-ba5717c0,SUB-86071631,49.0,USD,Success,2025-01-11,Wire Transfer
TXN-5853fb66,CUST-ba5717c0,SUB-86071631,49.0,USD,Success,2025-02-11,Wire Transfer
TXN-51d8a5fe,CUST-ba5717c0,SUB-86071631,49.0,USD,Success,2025-03-11,Credit Card
TXN-5ab214b5,CUST-ba5717c0,SUB-86071631,49.0,USD,Success,2025-04-11,Wire Transfer
TXN-1b56d689,CUST-ba5717c0,SUB-86071631,49.0,USD,Success,2025-05-11,Credit Card
TXN-27584eab,CUST-ba5717c0,SUB-86071631,49.0,USD,Success,2025-06-11,Wire Transfer
TXN-61ed2aed,CUST-ba5717c0,SUB-86071631,49.0,USD,Success,2025-07-11,Credit Card
TXN-80c560a2,CUST-ba5717c0,SUB-86071631,49.0,USD,Success,2025-08-11,Wire Transfer
TXN-b529a88e,CUST-ba5717c0,SUB-86071631,49.0,USD,Success,2025-09-11,Wire Transfer
TXN-199d4085,CUST-ba5717c0,SUB-86071631,49.0,USD,Failed,2025-10-11,PayPal
TXN-72171aca,CUST-ba5717c0,SUB-86071631,49.0,USD,Success,2025-11-11,PayPal
TXN-f80422fe,CUST-ba5717c0,SUB-86071631,49.0,USD,Success,2025-12-11,PayPal
TXN-59dbb915,CUST-ba5717c0,SUB-86071631,49.0,USD,Success,2026-01-11,Wire Transfer
TXN-1f53ff8e,CUST-ba5717c0,SUB-86071631,49.0,USD,Success,2026-02-11,Credit Card
TXN-ffcecbe5,CUST-ba5717c0,SUB-86071631,49.0,USD,Success,2026-03-11,Wire Transfer
TXN-af7f7407,CUST-ba5717c0,SUB-86071631,49.0,USD,Success,2026-04-11,PayPal
TXN-3db465c0,CUST-5230f224,SUB-071a4054,499.0,USD,Success,2024-07-12,Wire Transfer
TXN-cb3dddfd,CUST-5230f224,SUB-071a4054,499.0,USD,Success,2024-08-12,PayPal
TXN-3eaeb973,CUST-5230f224,SUB-071a4054,499.0,USD,Failed,2024-09-12,PayPal
TXN-77816f13,CUST-5230f224,SUB-071a4054,499.0,USD,Failed,2024-10-12,Credit Card
TXN-9f448e22,CUST-5230f224,SUB-071a4054,499.0,USD,Failed,2024-11-12,Credit Card
TXN-9dfaa2ef,CUST-5230f224,SUB-071a4054,499.0,USD,Success,2024-12-12,PayPal
TXN-a9726e49,CUST-5230f224,SUB-071a4054,499.0,USD,Success,2025-01-12,PayPal
TXN-836e7707,CUST-5230f224,SUB-071a4054,499.0,USD,Success,2025-02-12,Wire Transfer
TXN-6da720ca,CUST-5230f224,SUB-071a4054,499.0,USD,Success,2025-03-12,PayPal
TXN-0999ee24,CUST-5230f224,SUB-071a4054,499.0,USD,Success,2025-04-12,Wire Transfer
TXN-582db976,CUST-5230f224,SUB-071a4054,499.0,USD,Success,2025-05-12,PayPal
TXN-9035d36a,CUST-5230f224,SUB-071a4054,499.0,USD,Success,2025-06-12,Credit Card
TXN-7a7f1cfa,CUST-5230f224,SUB-071a4054,499.0,USD,Success,2025-07-12,Credit Card
TXN-1b2fcd44,CUST-5230f224,SUB-071a4054,499.0,USD,Success,2025-08-12,PayPal
TXN-4c2fb1bb,CUST-5230f224,SUB-071a4054,499.0,USD,Success,2025-09-12,Wire Transfer
TXN-79fa21ed,CUST-5230f224,SUB-071a4054,499.0,USD,Success,2025-10-12,Wire Transfer
TXN-a4b658ce,CUST-5230f224,SUB-071a4054,499.0,USD,Success,2025-11-12,Wire Transfer
TXN-245efb55,CUST-5230f224,SUB-071a4054,499.0,USD,Success,2025-12-12,PayPal
TXN-1ee4da52,CUST-5230f224,SUB-071a4054,499.0,USD,Success,2026-01-12,PayPal
TXN-63f43bf1,CUST-5230f224,SUB-071a4054,499.0,USD,Success,2026-02-12,Credit Card
TXN-364d1a0f,CUST-5230f224,SUB-071a4054,499.0,USD,Success,2026-03-12,Credit Card
TXN-59fd1bb8,CUST-5230f224,SUB-071a4054,499.0,USD,Success,2026-04-12,PayPal
TXN-c2b242f4,CUST-4c6b89e4,SUB-5179db85,1999.0,USD,Success,2025-12-03,Credit Card
TXN-d456f864,CUST-4c6b89e4,SUB-5179db85,1999.0,USD,Success,2026-01-03,Wire Transfer
TXN-aa107d39,CUST-4c6b89e4,SUB-5179db85,1999.0,USD,Failed,2026-02-03,Wire Transfer
TXN-660f9abf,CUST-4c6b89e4,SUB-5179db85,1999.0,USD,Success,2026-03-03,PayPal
TXN-8795b663,CUST-4548d28a,SUB-e4c7225d,49.0,USD,Success,2025-12-24,Wire Transfer
TXN-1bed726a,CUST-4548d28a,SUB-e4c7225d,49.0,USD,Refunded,2026-01-24,PayPal
TXN-4181f3ef,CUST-4548d28a,SUB-e4c7225d,49.0,USD,Success,2026-02-24,Wire Transfer
TXN-777054c4,CUST-77f6c2a5,SUB-b3c37fa5,49.0,USD,Success,2025-08-05,PayPal
TXN-7b0de472,CUST-77f6c2a5,SUB-b3c37fa5,49.0,USD,Success,2025-09-05,Wire Transfer
TXN-51e9e32c,CUST-77f6c2a5,SUB-b3c37fa5,49.0,USD,Success,2025-10-05,Wire Transfer
TXN-17e32c08,CUST-77f6c2a5,SUB-b3c37fa5,49.0,USD,Success,2025-11-05,Credit Card
TXN-8f67ce54,CUST-77f6c2a5,SUB-b3c37fa5,49.0,USD,Success,2025-12-05,Credit Card
TXN-bd17615b,CUST-77f6c2a5,SUB-b3c37fa5,49.0,USD,Success,2026-01-05,Credit Card
TXN-de88916c,CUST-77f6c2a5,SUB-b3c37fa5,49.0,USD,Success,2026-02-05,Credit Card
TXN-d1b22e85,CUST-77f6c2a5,SUB-b3c37fa5,49.0,USD,Success,2026-03-05,Credit Card
TXN-275dcbc3,CUST-77f6c2a5,SUB-b3c37fa5,49.0,USD,Success,2026-04-05,Credit Card
TXN-a91050f2,CUST-77f6c2a5,SUB-b3c37fa5,49.0,USD,Success,2026-05-05,PayPal
TXN-ebabade0,CUST-e8c9d481,SUB-458241f0,499.0,USD,Success,2025-06-03,PayPal
TXN-471a6ea6,CUST-e8c9d481,SUB-458241f0,499.0,USD,Success,2025-07-03,Credit Card
TXN-d6ecb21f,CUST-e8c9d481,SUB-458241f0,499.0,USD,Success,2025-08-03,PayPal
TXN-4bcaf03b,CUST-981cbea5,SUB-cffd0d3f,49.0,USD,Refunded,2024-07-05,Credit Card
TXN-50c39c08,CUST-981cbea5,SUB-cffd0d3f,49.0,USD,Success,2024-08-05,PayPal
TXN-c3be58cf,CUST-981cbea5,SUB-cffd0d3f,49.0,USD,Success,2024-09-05,Wire Transfer
TXN-2ba51bc4,CUST-981cbea5,SUB-cffd0d3f,49.0,USD,Success,2024-10-05,PayPal
TXN-b415532b,CUST-981cbea5,SUB-cffd0d3f,49.0,USD,Success,2024-11-05,PayPal
TXN-0ced45cf,CUST-981cbea5,SUB-cffd0d3f,49.0,USD,Success,2024-12-05,PayPal
TXN-490057f8,CUST-981cbea5,SUB-cffd0d3f,49.0,USD,Success,2025-01-05,Wire Transfer
TXN-dbbe1f6e,CUST-981cbea5,SUB-cffd0d3f,49.0,USD,Success,2025-02-05,Credit Card
TXN-d81f14ac,CUST-981cbea5,SUB-cffd0d3f,49.0,USD,Failed,2025-03-05,PayPal
TXN-1a1be387,CUST-981cbea5,SUB-cffd0d3f,49.0,USD,Success,2025-04-05,PayPal
TXN-d4de439f,CUST-981cbea5,SUB-cffd0d3f,49.0,USD,Success,2025-05-05,Wire Transfer
TXN-60e74b15,CUST-981cbea5,SUB-cffd0d3f,49.0,USD,Success,2025-06-05,Credit Card
TXN-e1dd5ccc,CUST-981cbea5,SUB-cffd0d3f,49.0,USD,Success,2025-07-05,PayPal
TXN-0dbd6c5e,CUST-981cbea5,SUB-cffd0d3f,49.0,USD,Success,2025-08-05,Wire Transfer
TXN-e6618980,CUST-981cbea5,SUB-cffd0d3f,49.0,USD,Success,2025-09-05,Credit Card
TXN-ed0bdf36,CUST-981cbea5,SUB-cffd0d3f,49.0,USD,Success,2025-10-05,Credit Card
TXN-2fceeed9,CUST-981cbea5,SUB-cffd0d3f,49.0,USD,Success,2025-11-05,PayPal
TXN-68869820,CUST-981cbea5,SUB-cffd0d3f,49.0,USD,Success,2025-12-05,PayPal
TXN-7a11ebe7,CUST-981cbea5,SUB-cffd0d3f,49.0,USD,Success,2026-01-05,PayPal
TXN-9fc77ff9,CUST-981cbea5,SUB-cffd0d3f,49.0,USD,Success,2026-02-05,PayPal
TXN-6914a866,CUST-981cbea5,SUB-cffd0d3f,49.0,USD,Success,2026-03-05,Wire Transfer
TXN-c2f9539f,CUST-981cbea5,SUB-cffd0d3f,49.0,USD,Success,2026-04-05,Wire Transfer
TXN-903b933f,CUST-981cbea5,SUB-cffd0d3f,49.0,USD,Success,2026-05-05,PayPal
TXN-824c79cb,CUST-80c22ab3,SUB-c9757da4,199.0,USD,Success,2025-03-25,Credit Card
TXN-8d6f3a3b,CUST-80c22ab3,SUB-c9757da4,199.0,USD,Success,2025-04-25,PayPal
TXN-09e9f2e3,CUST-80c22ab3,SUB-c9757da4,199.0,USD,Success,2025-05-25,Credit Card
TXN-3fac0027,CUST-80c22ab3,SUB-c9757da4,199.0,USD,Success,2025-06-25,Credit Card
TXN-87fea5d0,CUST-80c22ab3,SUB-c9757da4,199.0,USD,Success,2025-07-25,Credit Card
TXN-ecb35d94,CUST-80c22ab3,SUB-c9757da4,199.0,USD,Success,2025-08-25,Wire Transfer
TXN-7eae5ef7,CUST-80c22ab3,SUB-c9757da4,199.0,USD,Success,2025-09-25,Credit Card
TXN-ee5fbe8a,CUST-80c22ab3,SUB-c9757da4,199.0,USD,Success,2025-10-25,Credit Card
TXN-015d969a,CUST-4bc1163f,SUB-171bb9df,49.0,USD,Success,2025-12-07,Wire Transfer
TXN-1eadadb3,CUST-4bc1163f,SUB-171bb9df,49.0,USD,Success,2026-01-07,Credit Card
TXN-52e095b5,CUST-4bc1163f,SUB-171bb9df,49.0,USD,Success,2026-02-07,Credit Card
TXN-4dd6a7b7,CUST-4bc1163f,SUB-171bb9df,49.0,USD,Success,2026-03-07,PayPal
TXN-5a26c35d,CUST-04ef897b,SUB-e2010e08,199.0,USD,Failed,2025-09-21,Credit Card
TXN-ce1a7add,CUST-04ef897b,SUB-e2010e08,199.0,USD,Success,2025-10-21,Credit Card
TXN-231aab0e,CUST-04ef897b,SUB-e2010e08,199.0,USD,Success,2025-11-21,Credit Card
TXN-c3c5edd7,CUST-04ef897b,SUB-e2010e08,199.0,USD,Success,2025-12-21,Credit Card
TXN-2618361d,CUST-04ef897b,SUB-e2010e08,199.0,USD,Success,2026-01-21,Credit Card
TXN-0ab7df11,CUST-04ef897b,SUB-e2010e08,199.0,USD,Success,2026-02-21,Wire Transfer
TXN-b5878d7e,CUST-04ef897b,SUB-e2010e08,199.0,USD,Success,2026-03-21,Credit Card
TXN-f4548098,CUST-04ef897b,SUB-e2010e08,199.0,USD,Success,2026-04-21,Credit Card
TXN-f3d3095a,CUST-70d61dfc,SUB-225d74c3,499.0,USD,Success,2025-12-09,Wire Transfer
TXN-a764d319,CUST-70d61dfc,SUB-225d74c3,499.0,USD,Success,2026-01-09,Wire Transfer
TXN-331102ab,CUST-70d61dfc,SUB-225d74c3,499.0,USD,Success,2026-02-09,Credit Card
TXN-4d081ed5,CUST-70d61dfc,SUB-225d74c3,499.0,USD,Success,2026-03-09,Credit Card
TXN-758b8f6a,CUST-e8662e3e,SUB-75422535,199.0,USD,Failed,2026-04-06,Credit Card
TXN-7d708321,CUST-e8662e3e,SUB-75422535,199.0,USD,Success,2026-05-06,PayPal
TXN-415cf1c2,CUST-9c0cd693,SUB-0713e59b,499.0,USD,Success,2025-10-31,PayPal
TXN-3236bf76,CUST-9c0cd693,SUB-0713e59b,499.0,USD,Success,2025-11-30,Credit Card
TXN-0b370f33,CUST-9c0cd693,SUB-0713e59b,499.0,USD,Success,2025-12-30,Wire Transfer
TXN-806b7e56,CUST-9c0cd693,SUB-0713e59b,499.0,USD,Success,2026-01-30,Credit Card
TXN-91817f91,CUST-9c0cd693,SUB-0713e59b,499.0,USD,Success,2026-02-28,Wire Transfer
TXN-2f402529,CUST-9c0cd693,SUB-0713e59b,499.0,USD,Success,2026-03-28,Wire Transfer
TXN-81a5b629,CUST-9c0cd693,SUB-0713e59b,499.0,USD,Success,2026-04-28,Wire Transfer
TXN-470c3ad4,CUST-c4f41ec3,SUB-0ccb870a,499.0,USD,Success,2024-06-19,Credit Card
TXN-bf7f69f2,CUST-c4f41ec3,SUB-0ccb870a,499.0,USD,Success,2024-07-19,Credit Card
TXN-faebe168,CUST-c4f41ec3,SUB-0ccb870a,499.0,USD,Success,2024-08-19,Wire Transfer
TXN-4ba2a721,CUST-c4f41ec3,SUB-0ccb870a,499.0,USD,Success,2024-09-19,PayPal
TXN-25119159,CUST-c4f41ec3,SUB-0ccb870a,499.0,USD,Success,2024-10-19,PayPal
TXN-f0c4c2d6,CUST-c4f41ec3,SUB-0ccb870a,499.0,USD,Success,2024-11-19,PayPal
TXN-ac618a5c,CUST-c4f41ec3,SUB-0ccb870a,499.0,USD,Success,2024-12-19,Wire Transfer
TXN-8079c7db,CUST-c4f41ec3,SUB-0ccb870a,499.0,USD,Success,2025-01-19,Credit Card
TXN-76d2976e,CUST-c4f41ec3,SUB-0ccb870a,499.0,USD,Success,2025-02-19,Wire Transfer
TXN-dcd8974e,CUST-c4f41ec3,SUB-0ccb870a,499.0,USD,Success,2025-03-19,PayPal
TXN-83d0e953,CUST-c4f41ec3,SUB-0ccb870a,499.0,USD,Success,2025-04-19,Credit Card
TXN-5d35d248,CUST-c4f41ec3,SUB-0ccb870a,499.0,USD,Success,2025-05-19,Wire Transfer
TXN-55d2316a,CUST-c4f41ec3,SUB-0ccb870a,499.0,USD,Success,2025-06-19,Wire Transfer
TXN-c23b8e52,CUST-c4f41ec3,SUB-0ccb870a,499.0,USD,Success,2025-07-19,PayPal
TXN-38df340e,CUST-c4f41ec3,SUB-0ccb870a,499.0,USD,Success,2025-08-19,Wire Transfer
TXN-94e382cd,CUST-c4f41ec3,SUB-0ccb870a,499.0,USD,Refunded,2025-09-19,Credit Card
TXN-9b551212,CUST-c4f41ec3,SUB-0ccb870a,499.0,USD,Success,2025-10-19,PayPal
TXN-c822e9c6,CUST-c4f41ec3,SUB-0ccb870a,499.0,USD,Success,2025-11-19,PayPal
TXN-76919de7,CUST-c4f41ec3,SUB-0ccb870a,499.0,USD,Success,2025-12-19,Credit Card
TXN-61933679,CUST-c4f41ec3,SUB-0ccb870a,499.0,USD,Success,2026-01-19,PayPal
TXN-a54e5862,CUST-c4f41ec3,SUB-0ccb870a,499.0,USD,Success,2026-02-19,Wire Transfer
TXN-7ce1a181,CUST-c4f41ec3,SUB-0ccb870a,499.0,USD,Success,2026-03-19,Wire Transfer
TXN-42995f74,CUST-c4f41ec3,SUB-0ccb870a,499.0,USD,Success,2026-04-19,PayPal
TXN-f6f93f06,CUST-2ed4f6e3,SUB-5873e0c4,499.0,USD,Success,2025-12-03,Credit Card
TXN-c1ad6f7b,CUST-2ed4f6e3,SUB-5873e0c4,499.0,USD,Success,2026-01-03,Wire Transfer
TXN-2a5ad750,CUST-2ed4f6e3,SUB-5873e0c4,499.0,USD,Success,2026-02-03,Credit Card
TXN-9eeafc15,CUST-2ed4f6e3,SUB-5873e0c4,499.0,USD,Failed,2026-03-03,Wire Transfer
TXN-05865fb7,CUST-2ed4f6e3,SUB-5873e0c4,499.0,USD,Success,2026-04-03,Wire Transfer
TXN-10086902,CUST-2ed4f6e3,SUB-5873e0c4,499.0,USD,Success,2026-05-03,PayPal
TXN-b8131a25,CUST-5bbfbe7a,SUB-dcd79773,199.0,USD,Success,2024-10-10,PayPal
TXN-40bb3f9d,CUST-5bbfbe7a,SUB-dcd79773,199.0,USD,Success,2024-11-10,Credit Card
TXN-287e5868,CUST-5bbfbe7a,SUB-dcd79773,199.0,USD,Success,2024-12-10,PayPal
TXN-0c2a112e,CUST-5bbfbe7a,SUB-dcd79773,199.0,USD,Success,2025-01-10,Wire Transfer
TXN-ef884849,CUST-5bbfbe7a,SUB-dcd79773,199.0,USD,Success,2025-02-10,Wire Transfer
TXN-b38f23c1,CUST-5bbfbe7a,SUB-dcd79773,199.0,USD,Success,2025-03-10,Credit Card
TXN-856ed7da,CUST-5bbfbe7a,SUB-dcd79773,199.0,USD,Success,2025-04-10,Credit Card
TXN-bec46065,CUST-5bbfbe7a,SUB-dcd79773,199.0,USD,Success,2025-05-10,Wire Transfer
TXN-c50e5792,CUST-5bbfbe7a,SUB-dcd79773,199.0,USD,Success,2025-06-10,PayPal
TXN-91788660,CUST-5bbfbe7a,SUB-dcd79773,199.0,USD,Success,2025-07-10,PayPal
TXN-c250ee9c,CUST-5bbfbe7a,SUB-dcd79773,199.0,USD,Success,2025-08-10,Credit Card
TXN-f90464dc,CUST-5bbfbe7a,SUB-dcd79773,199.0,USD,Success,2025-09-10,Credit Card
TXN-97ff06da,CUST-5bbfbe7a,SUB-dcd79773,199.0,USD,Success,2025-10-10,Wire Transfer
TXN-1e99af9b,CUST-0f88e66d,SUB-1ae039d9,49.0,USD,Success,2024-06-28,Wire Transfer
TXN-21df1b1c,CUST-0f88e66d,SUB-1ae039d9,49.0,USD,Success,2024-07-28,Credit Card
TXN-3a126a95,CUST-0f88e66d,SUB-1ae039d9,49.0,USD,Success,2024-08-28,Wire Transfer
TXN-66c2704a,CUST-0f88e66d,SUB-1ae039d9,49.0,USD,Success,2024-09-28,Credit Card
TXN-e392dcc2,CUST-0f88e66d,SUB-1ae039d9,49.0,USD,Success,2024-10-28,Credit Card
TXN-d6613baf,CUST-0f88e66d,SUB-1ae039d9,49.0,USD,Success,2024-11-28,PayPal
TXN-a15638a8,CUST-0f88e66d,SUB-1ae039d9,49.0,USD,Success,2024-12-28,Credit Card
TXN-04127868,CUST-0f88e66d,SUB-1ae039d9,49.0,USD,Success,2025-01-28,Wire Transfer
TXN-9cb01602,CUST-0f88e66d,SUB-1ae039d9,49.0,USD,Success,2025-02-28,PayPal
TXN-76cea546,CUST-0f88e66d,SUB-1ae039d9,49.0,USD,Success,2025-03-28,PayPal
TXN-1dd3cdd9,CUST-0f88e66d,SUB-1ae039d9,49.0,USD,Failed,2025-04-28,Wire Transfer
TXN-99e68a1e,CUST-0f88e66d,SUB-1ae039d9,49.0,USD,Failed,2025-05-28,Wire Transfer
TXN-1ce85047,CUST-0f88e66d,SUB-1ae039d9,49.0,USD,Success,2025-06-28,Wire Transfer
TXN-7770f33a,CUST-1ce326ef,SUB-c1755c3f,199.0,USD,Success,2026-01-31,Credit Card
TXN-9851891f,CUST-1ce326ef,SUB-c1755c3f,199.0,USD,Success,2026-02-28,PayPal
TXN-9b6dae2e,CUST-1ce326ef,SUB-c1755c3f,199.0,USD,Success,2026-03-28,Credit Card
TXN-7580bce7,CUST-1ce326ef,SUB-c1755c3f,199.0,USD,Failed,2026-04-28,Credit Card
TXN-4f3e8edd,CUST-bfdebedf,SUB-37767507,49.0,USD,Success,2025-06-16,Credit Card
TXN-2329b60e,CUST-bfdebedf,SUB-37767507,49.0,USD,Success,2025-07-16,Credit Card
TXN-d21ce33f,CUST-bfdebedf,SUB-37767507,49.0,USD,Success,2025-08-16,PayPal
TXN-11c22372,CUST-bfdebedf,SUB-37767507,49.0,USD,Success,2025-09-16,PayPal
TXN-fc8373c9,CUST-bfdebedf,SUB-37767507,49.0,USD,Success,2025-10-16,Credit Card
TXN-7dde791a,CUST-bfdebedf,SUB-37767507,49.0,USD,Success,2025-11-16,Wire Transfer
TXN-1a8ccce5,CUST-f4da2487,SUB-f8ea4930,499.0,USD,Success,2024-09-06,PayPal
TXN-2a654a3d,CUST-f4da2487,SUB-f8ea4930,499.0,USD,Success,2024-10-06,Credit Card
TXN-90259ac6,CUST-f4da2487,SUB-f8ea4930,499.0,USD,Success,2024-11-06,Wire Transfer
TXN-baed1736,CUST-f4da2487,SUB-f8ea4930,499.0,USD,Success,2024-12-06,Wire Transfer
TXN-23b85995,CUST-f4da2487,SUB-f8ea4930,499.0,USD,Success,2025-01-06,Credit Card
TXN-053d2ccf,CUST-f4da2487,SUB-f8ea4930,499.0,USD,Success,2025-02-06,PayPal
TXN-ca1d5a1c,CUST-f4da2487,SUB-f8ea4930,499.0,USD,Success,2025-03-06,Wire Transfer
TXN-b5ba0a71,CUST-f4da2487,SUB-f8ea4930,499.0,USD,Success,2025-04-06,PayPal
TXN-efeaad34,CUST-f4da2487,SUB-f8ea4930,499.0,USD,Success,2025-05-06,PayPal
TXN-f956e1cc,CUST-f4da2487,SUB-f8ea4930,499.0,USD,Success,2025-06-06,Wire Transfer
TXN-8813b0a1,CUST-f4da2487,SUB-f8ea4930,499.0,USD,Success,2025-07-06,Credit Card
TXN-3ca9a01f,CUST-f4da2487,SUB-f8ea4930,499.0,USD,Success,2025-08-06,Wire Transfer
TXN-e4f868c2,CUST-213000bf,SUB-aa9eb9c7,49.0,USD,Success,2025-12-29,Wire Transfer
TXN-81fb1687,CUST-213000bf,SUB-aa9eb9c7,49.0,USD,Success,2026-01-29,PayPal
TXN-f3b52def,CUST-213000bf,SUB-aa9eb9c7,49.0,USD,Success,2026-02-28,Credit Card
TXN-b5857f3c,CUST-213000bf,SUB-aa9eb9c7,49.0,USD,Refunded,2026-03-28,PayPal
TXN-6dbe9b67,CUST-213000bf,SUB-aa9eb9c7,49.0,USD,Success,2026-04-28,Wire Transfer
TXN-274f6691,CUST-485de8ef,SUB-ab9513f7,199.0,USD,Success,2025-04-05,Credit Card
TXN-80c7ee69,CUST-485de8ef,SUB-ab9513f7,199.0,USD,Success,2025-05-05,Credit Card
TXN-fba76bb7,CUST-485de8ef,SUB-ab9513f7,199.0,USD,Success,2025-06-05,Credit Card
TXN-b28147d7,CUST-485de8ef,SUB-ab9513f7,199.0,USD,Success,2025-07-05,Credit Card
TXN-f87a49df,CUST-485de8ef,SUB-ab9513f7,199.0,USD,Success,2025-08-05,Credit Card
TXN-155e5d1b,CUST-485de8ef,SUB-ab9513f7,199.0,USD,Success,2025-09-05,Wire Transfer
TXN-6694ab2e,CUST-485de8ef,SUB-ab9513f7,199.0,USD,Success,2025-10-05,Wire Transfer
TXN-1704d87c,CUST-485de8ef,SUB-ab9513f7,199.0,USD,Success,2025-11-05,Wire Transfer
TXN-0a65e27e,CUST-485de8ef,SUB-ab9513f7,199.0,USD,Success,2025-12-05,PayPal
TXN-343e699d,CUST-485de8ef,SUB-ab9513f7,199.0,USD,Success,2026-01-05,Credit Card
TXN-13baabd2,CUST-485de8ef,SUB-ab9513f7,199.0,USD,Success,2026-02-05,Credit Card
TXN-cbfa352b,CUST-485de8ef,SUB-ab9513f7,199.0,USD,Success,2026-03-05,Wire Transfer
TXN-1de4c01d,CUST-485de8ef,SUB-ab9513f7,199.0,USD,Success,2026-04-05,Credit Card
TXN-a4f9e54c,CUST-485de8ef,SUB-ab9513f7,199.0,USD,Success,2026-05-05,PayPal
TXN-8f350cd8,CUST-2d449763,SUB-546cea63,49.0,USD,Success,2025-03-25,Credit Card
TXN-7a8e0b3f,CUST-2d449763,SUB-546cea63,49.0,USD,Success,2025-04-25,Credit Card
TXN-45cf6dec,CUST-2d449763,SUB-546cea63,49.0,USD,Success,2025-05-25,PayPal
TXN-381912c5,CUST-2d449763,SUB-546cea63,49.0,USD,Success,2025-06-25,Wire Transfer
TXN-671e08ce,CUST-2d449763,SUB-546cea63,49.0,USD,Success,2025-07-25,Wire Transfer
TXN-4aae8bac,CUST-2d449763,SUB-546cea63,49.0,USD,Success,2025-08-25,Credit Card
TXN-935eccd6,CUST-2d449763,SUB-546cea63,49.0,USD,Success,2025-09-25,PayPal
TXN-750f1076,CUST-2d449763,SUB-546cea63,49.0,USD,Success,2025-10-25,Wire Transfer
TXN-5627c181,CUST-2d449763,SUB-546cea63,49.0,USD,Success,2025-11-25,Wire Transfer
TXN-0438d54e,CUST-2d449763,SUB-546cea63,49.0,USD,Success,2025-12-25,Wire Transfer
TXN-95e47064,CUST-2d449763,SUB-546cea63,49.0,USD,Success,2026-01-25,Credit Card
TXN-21189a2c,CUST-2d449763,SUB-546cea63,49.0,USD,Success,2026-02-25,PayPal
TXN-49a85cd4,CUST-2d449763,SUB-546cea63,49.0,USD,Success,2026-03-25,Credit Card
TXN-ecaaaf3c,CUST-2d449763,SUB-546cea63,49.0,USD,Failed,2026-04-25,Wire Transfer
TXN-eb40f09c,CUST-37d920f1,SUB-ea860707,499.0,USD,Success,2025-06-13,PayPal
TXN-be49aef9,CUST-37d920f1,SUB-ea860707,499.0,USD,Success,2025-07-13,Credit Card
TXN-5ba2134d,CUST-37d920f1,SUB-ea860707,499.0,USD,Success,2025-08-13,Wire Transfer
TXN-2dc60a46,CUST-37d920f1,SUB-ea860707,499.0,USD,Success,2025-09-13,Wire Transfer
TXN-69de5a08,CUST-37d920f1,SUB-ea860707,499.0,USD,Success,2025-10-13,Credit Card
TXN-c60125e6,CUST-37d920f1,SUB-ea860707,499.0,USD,Success,2025-11-13,Wire Transfer
TXN-d84e08e9,CUST-37d920f1,SUB-ea860707,499.0,USD,Success,2025-12-13,Wire Transfer
TXN-2398dce9,CUST-37d920f1,SUB-ea860707,499.0,USD,Success,2026-01-13,PayPal
TXN-d2daa209,CUST-37d920f1,SUB-ea860707,499.0,USD,Success,2026-02-13,Wire Transfer
TXN-f0732208,CUST-37d920f1,SUB-ea860707,499.0,USD,Success,2026-03-13,Credit Card
TXN-163f0a8d,CUST-37d920f1,SUB-ea860707,499.0,USD,Refunded,2026-04-13,PayPal
TXN-8cf43324,CUST-94b6bc19,SUB-782a6e33,499.0,USD,Success,2025-03-21,Credit Card
TXN-93bb9eab,CUST-94b6bc19,SUB-782a6e33,499.0,USD,Failed,2025-04-21,Wire Transfer
TXN-1758253d,CUST-94b6bc19,SUB-782a6e33,499.0,USD,Success,2025-05-21,PayPal
TXN-004336f2,CUST-94b6bc19,SUB-782a6e33,499.0,USD,Success,2025-06-21,PayPal
TXN-08b3cfcb,CUST-94b6bc19,SUB-782a6e33,499.0,USD,Success,2025-07-21,PayPal
TXN-285f5f0a,CUST-94b6bc19,SUB-782a6e33,499.0,USD,Success,2025-08-21,PayPal
TXN-801576c6,CUST-94b6bc19,SUB-782a6e33,499.0,USD,Success,2025-09-21,Credit Card
TXN-fc6db9bf,CUST-94b6bc19,SUB-782a6e33,499.0,USD,Success,2025-10-21,Wire Transfer
TXN-a193a197,CUST-94b6bc19,SUB-782a6e33,499.0,USD,Success,2025-11-21,Wire Transfer
TXN-358a28a7,CUST-94b6bc19,SUB-782a6e33,499.0,USD,Success,2025-12-21,PayPal
TXN-fcafd1ef,CUST-cf86094d,SUB-2a8f1163,49.0,USD,Success,2024-08-05,Wire Transfer
TXN-cbddc6b9,CUST-cf86094d,SUB-2a8f1163,49.0,USD,Success,2024-09-05,Credit Card
TXN-30702f22,CUST-cf86094d,SUB-2a8f1163,49.0,USD,Success,2024-10-05,Wire Transfer
TXN-57ef42a7,CUST-cf86094d,SUB-2a8f1163,49.0,USD,Success,2024-11-05,Credit Card
TXN-5f7b11a6,CUST-cf86094d,SUB-2a8f1163,49.0,USD,Success,2024-12-05,Credit Card
TXN-987e5948,CUST-cf86094d,SUB-2a8f1163,49.0,USD,Success,2025-01-05,Wire Transfer
TXN-8436fe3e,CUST-cf86094d,SUB-2a8f1163,49.0,USD,Success,2025-02-05,Credit Card
TXN-db9c948a,CUST-cf86094d,SUB-2a8f1163,49.0,USD,Success,2025-03-05,Credit Card
TXN-63e0993a,CUST-cf86094d,SUB-2a8f1163,49.0,USD,Success,2025-04-05,Credit Card
TXN-fba1764a,CUST-cf86094d,SUB-2a8f1163,49.0,USD,Success,2025-05-05,Credit Card
TXN-540fb7b6,CUST-cf86094d,SUB-2a8f1163,49.0,USD,Success,2025-06-05,PayPal
TXN-10db2493,CUST-cf86094d,SUB-2a8f1163,49.0,USD,Success,2025-07-05,Wire Transfer
TXN-55850610,CUST-cf86094d,SUB-2a8f1163,49.0,USD,Success,2025-08-05,PayPal
TXN-b0c10e00,CUST-cf86094d,SUB-2a8f1163,49.0,USD,Success,2025-09-05,Credit Card
TXN-b437fac2,CUST-cf86094d,SUB-2a8f1163,49.0,USD,Success,2025-10-05,Wire Transfer
TXN-3e2a9fd8,CUST-cf86094d,SUB-2a8f1163,49.0,USD,Failed,2025-11-05,Credit Card
TXN-e507714e,CUST-cf86094d,SUB-2a8f1163,49.0,USD,Success,2025-12-05,Wire Transfer
TXN-f3ebce51,CUST-cf86094d,SUB-2a8f1163,49.0,USD,Success,2026-01-05,PayPal
TXN-8d569409,CUST-cf86094d,SUB-2a8f1163,49.0,USD,Success,2026-02-05,Wire Transfer
TXN-83a3097a,CUST-cf86094d,SUB-2a8f1163,49.0,USD,Success,2026-03-05,Credit Card
TXN-5cf341bc,CUST-cf86094d,SUB-2a8f1163,49.0,USD,Success,2026-04-05,Wire Transfer
TXN-9c6c5582,CUST-cf86094d,SUB-2a8f1163,49.0,USD,Success,2026-05-05,Wire Transfer
TXN-4ebada1c,CUST-3ebb5bc6,SUB-f051743f,499.0,USD,Success,2025-04-08,PayPal
TXN-ce3aab61,CUST-3ebb5bc6,SUB-f051743f,499.0,USD,Success,2025-05-08,Credit Card
TXN-1f08eae9,CUST-3ebb5bc6,SUB-f051743f,499.0,USD,Success,2025-06-08,Wire Transfer
TXN-4afcccaa,CUST-3ebb5bc6,SUB-f051743f,499.0,USD,Success,2025-07-08,PayPal
TXN-93faa848,CUST-3ebb5bc6,SUB-f051743f,499.0,USD,Success,2025-08-08,Wire Transfer
TXN-c58b7324,CUST-3ebb5bc6,SUB-f051743f,499.0,USD,Success,2025-09-08,Credit Card
TXN-ce0d21b3,CUST-3ebb5bc6,SUB-f051743f,499.0,USD,Success,2025-10-08,Wire Transfer
TXN-6a831966,CUST-3ebb5bc6,SUB-f051743f,499.0,USD,Success,2025-11-08,Wire Transfer
TXN-9e14088b,CUST-3ebb5bc6,SUB-f051743f,499.0,USD,Success,2025-12-08,Wire Transfer
TXN-b09c08f8,CUST-3ebb5bc6,SUB-f051743f,499.0,USD,Success,2026-01-08,Wire Transfer
TXN-cdb16619,CUST-3ebb5bc6,SUB-f051743f,499.0,USD,Success,2026-02-08,Credit Card
TXN-76fd8ce7,CUST-3ebb5bc6,SUB-f051743f,499.0,USD,Success,2026-03-08,PayPal
TXN-2322483a,CUST-3ebb5bc6,SUB-f051743f,499.0,USD,Failed,2026-04-08,PayPal
TXN-67ce9e7d,CUST-1f002722,SUB-34bf3fb9,49.0,USD,Success,2025-10-31,Wire Transfer
TXN-abff9d32,CUST-1f002722,SUB-34bf3fb9,49.0,USD,Success,2025-11-30,Credit Card
TXN-154db71d,CUST-1f002722,SUB-34bf3fb9,49.0,USD,Success,2025-12-30,Credit Card
TXN-e8c1ae71,CUST-1f002722,SUB-34bf3fb9,49.0,USD,Success,2026-01-30,Credit Card
TXN-da9ff4e9,CUST-1f002722,SUB-34bf3fb9,49.0,USD,Success,2026-02-28,Credit Card
TXN-8c832f5f,CUST-1f002722,SUB-34bf3fb9,49.0,USD,Success,2026-03-28,Credit Card
TXN-7fe8fbdf,CUST-1f002722,SUB-34bf3fb9,49.0,USD,Success,2026-04-28,Credit Card
TXN-785eb020,CUST-63490ee2,SUB-7b802aed,199.0,USD,Success,2025-05-31,Wire Transfer
TXN-3218787d,CUST-63490ee2,SUB-7b802aed,199.0,USD,Success,2025-06-30,PayPal
TXN-03c9a13b,CUST-63490ee2,SUB-7b802aed,199.0,USD,Success,2025-07-30,PayPal
TXN-3dd18cb6,CUST-63490ee2,SUB-7b802aed,199.0,USD,Success,2025-08-30,Wire Transfer
TXN-09b5bb66,CUST-63490ee2,SUB-7b802aed,199.0,USD,Success,2025-09-30,PayPal
TXN-9e34f120,CUST-63490ee2,SUB-7b802aed,199.0,USD,Failed,2025-10-30,Credit Card
TXN-bb6fde7f,CUST-63490ee2,SUB-7b802aed,199.0,USD,Success,2025-11-30,Credit Card
TXN-99aef02e,CUST-63490ee2,SUB-7b802aed,199.0,USD,Success,2025-12-30,PayPal
TXN-9c8621db,CUST-63490ee2,SUB-7b802aed,199.0,USD,Success,2026-01-30,Credit Card
TXN-362a4455,CUST-63490ee2,SUB-7b802aed,199.0,USD,Success,2026-02-28,Credit Card
TXN-61ced4cb,CUST-63490ee2,SUB-7b802aed,199.0,USD,Success,2026-03-28,PayPal
TXN-1a295a24,CUST-63490ee2,SUB-7b802aed,199.0,USD,Success,2026-04-28,Wire Transfer
TXN-16971145,CUST-908bda47,SUB-afb35819,499.0,USD,Success,2025-05-23,PayPal
TXN-907996af,CUST-908bda47,SUB-afb35819,499.0,USD,Success,2025-06-23,PayPal
TXN-2b52cb72,CUST-908bda47,SUB-afb35819,499.0,USD,Success,2025-07-23,PayPal
TXN-a993643d,CUST-908bda47,SUB-afb35819,499.0,USD,Success,2025-08-23,PayPal
TXN-a8b24860,CUST-908bda47,SUB-afb35819,499.0,USD,Success,2025-09-23,Wire Transfer
TXN-d33fed91,CUST-908bda47,SUB-afb35819,499.0,USD,Success,2025-10-23,Wire Transfer
TXN-0fa81686,CUST-908bda47,SUB-afb35819,499.0,USD,Success,2025-11-23,Credit Card
TXN-9a4fa3af,CUST-908bda47,SUB-afb35819,499.0,USD,Success,2025-12-23,Credit Card
TXN-5e2922db,CUST-908bda47,SUB-afb35819,499.0,USD,Success,2026-01-23,PayPal
TXN-5ec50315,CUST-908bda47,SUB-afb35819,499.0,USD,Success,2026-02-23,Credit Card
TXN-169ad7c7,CUST-908bda47,SUB-afb35819,499.0,USD,Success,2026-03-23,Wire Transfer
TXN-ae3274e6,CUST-908bda47,SUB-afb35819,499.0,USD,Success,2026-04-23,Credit Card
TXN-f3209228,CUST-674baad8,SUB-95dae326,49.0,USD,Success,2025-11-25,Credit Card
TXN-64477ddc,CUST-674baad8,SUB-95dae326,49.0,USD,Success,2025-12-25,Credit Card
TXN-cdc414cd,CUST-674baad8,SUB-95dae326,49.0,USD,Success,2026-01-25,PayPal
TXN-2a221b2d,CUST-674baad8,SUB-95dae326,49.0,USD,Failed,2026-02-25,Credit Card
TXN-3f30bdd4,CUST-674baad8,SUB-95dae326,49.0,USD,Success,2026-03-25,Wire Transfer
TXN-2e639fb7,CUST-674baad8,SUB-95dae326,49.0,USD,Failed,2026-04-25,Wire Transfer
TXN-63449bda,CUST-5a414006,SUB-81512f4e,1999.0,USD,Success,2024-09-20,Wire Transfer
TXN-fb5a6fc1,CUST-5a414006,SUB-81512f4e,1999.0,USD,Success,2024-10-20,Wire Transfer
TXN-1bf4b061,CUST-5a414006,SUB-81512f4e,1999.0,USD,Success,2024-11-20,Credit Card
TXN-71d67b20,CUST-5a414006,SUB-81512f4e,1999.0,USD,Success,2024-12-20,PayPal
TXN-c7e0ae5a,CUST-5a414006,SUB-81512f4e,1999.0,USD,Success,2025-01-20,Wire Transfer
TXN-7756c668,CUST-5a414006,SUB-81512f4e,1999.0,USD,Success,2025-02-20,Wire Transfer
TXN-e74cb34c,CUST-5a414006,SUB-81512f4e,1999.0,USD,Success,2025-03-20,PayPal
TXN-675f55b4,CUST-5a414006,SUB-81512f4e,1999.0,USD,Success,2025-04-20,PayPal
TXN-bf25bc18,CUST-5a414006,SUB-81512f4e,1999.0,USD,Success,2025-05-20,Wire Transfer
TXN-b3b9687c,CUST-5a414006,SUB-81512f4e,1999.0,USD,Success,2025-06-20,Wire Transfer
TXN-f08562da,CUST-5a414006,SUB-81512f4e,1999.0,USD,Success,2025-07-20,PayPal
TXN-0b77d8fe,CUST-5a414006,SUB-81512f4e,1999.0,USD,Success,2025-08-20,Wire Transfer
TXN-e24411b5,CUST-5a414006,SUB-81512f4e,1999.0,USD,Success,2025-09-20,Wire Transfer
TXN-cee6d1e8,CUST-5a414006,SUB-81512f4e,1999.0,USD,Success,2025-10-20,Credit Card
TXN-de7e0e0c,CUST-5a414006,SUB-81512f4e,1999.0,USD,Success,2025-11-20,PayPal
TXN-f918d7f3,CUST-5a414006,SUB-81512f4e,1999.0,USD,Success,2025-12-20,Credit Card
TXN-2e479d54,CUST-5a414006,SUB-81512f4e,1999.0,USD,Success,2026-01-20,Credit Card
TXN-e4028eba,CUST-5a414006,SUB-81512f4e,1999.0,USD,Success,2026-02-20,PayPal
TXN-800770b1,CUST-5a414006,SUB-81512f4e,1999.0,USD,Success,2026-03-20,Credit Card
TXN-2a7f7f04,CUST-5a414006,SUB-81512f4e,1999.0,USD,Success,2026-04-20,Wire Transfer
TXN-e621f636,CUST-2cde1130,SUB-29f1158b,49.0,USD,Success,2024-11-26,Credit Card
TXN-e82ee79a,CUST-2cde1130,SUB-29f1158b,49.0,USD,Failed,2024-12-26,PayPal
TXN-d1abc590,CUST-2cde1130,SUB-29f1158b,49.0,USD,Success,2025-01-26,Wire Transfer
TXN-d82cce0a,CUST-2cde1130,SUB-29f1158b,49.0,USD,Success,2025-02-26,Wire Transfer
TXN-8d3520b5,CUST-2cde1130,SUB-29f1158b,49.0,USD,Success,2025-03-26,Wire Transfer
TXN-4f44269d,CUST-2cde1130,SUB-29f1158b,49.0,USD,Success,2025-04-26,Wire Transfer
TXN-89b3a7bf,CUST-2cde1130,SUB-29f1158b,49.0,USD,Success,2025-05-26,Credit Card
TXN-20a3d34b,CUST-2cde1130,SUB-29f1158b,49.0,USD,Success,2025-06-26,Credit Card
TXN-991b94df,CUST-2cde1130,SUB-29f1158b,49.0,USD,Success,2025-07-26,Wire Transfer
TXN-19c68849,CUST-2cde1130,SUB-29f1158b,49.0,USD,Success,2025-08-26,PayPal
TXN-4791c70f,CUST-2cde1130,SUB-29f1158b,49.0,USD,Success,2025-09-26,Wire Transfer
TXN-44d976aa,CUST-2cde1130,SUB-29f1158b,49.0,USD,Success,2025-10-26,Credit Card
TXN-24dbb54b,CUST-2cde1130,SUB-29f1158b,49.0,USD,Failed,2025-11-26,Wire Transfer
TXN-c108efc8,CUST-2cde1130,SUB-29f1158b,49.0,USD,Success,2025-12-26,Credit Card
TXN-11985db1,CUST-2cde1130,SUB-29f1158b,49.0,USD,Success,2026-01-26,Wire Transfer
TXN-bc440e33,CUST-2cde1130,SUB-29f1158b,49.0,USD,Success,2026-02-26,PayPal
TXN-4a382ebd,CUST-2cde1130,SUB-29f1158b,49.0,USD,Success,2026-03-26,Wire Transfer
TXN-b5bb1195,CUST-2cde1130,SUB-29f1158b,49.0,USD,Success,2026-04-26,PayPal
TXN-f797f779,CUST-24309931,SUB-aeca09ad,49.0,USD,Failed,2026-02-11,PayPal
TXN-d0a9991b,CUST-24309931,SUB-aeca09ad,49.0,USD,Success,2026-03-11,Wire Transfer
TXN-ebe10c7a,CUST-24309931,SUB-aeca09ad,49.0,USD,Success,2026-04-11,PayPal
TXN-233a089e,CUST-fc9e42ca,SUB-d95fe123,1999.0,USD,Success,2025-01-26,PayPal
TXN-9285a6bb,CUST-fc9e42ca,SUB-d95fe123,1999.0,USD,Success,2025-02-26,Credit Card
TXN-cd669663,CUST-fc9e42ca,SUB-d95fe123,1999.0,USD,Success,2025-03-26,Credit Card
TXN-517c7443,CUST-fc9e42ca,SUB-d95fe123,1999.0,USD,Success,2025-04-26,PayPal
TXN-93c4f0e2,CUST-fc9e42ca,SUB-d95fe123,1999.0,USD,Success,2025-05-26,Wire Transfer
TXN-09da7503,CUST-fc9e42ca,SUB-d95fe123,1999.0,USD,Success,2025-06-26,PayPal
TXN-2e4484fd,CUST-fc9e42ca,SUB-d95fe123,1999.0,USD,Success,2025-07-26,Wire Transfer
TXN-35402a4b,CUST-fc9e42ca,SUB-d95fe123,1999.0,USD,Success,2025-08-26,Credit Card
TXN-d3d65478,CUST-fc9e42ca,SUB-d95fe123,1999.0,USD,Success,2025-09-26,Wire Transfer
TXN-5ccc4526,CUST-fc9e42ca,SUB-d95fe123,1999.0,USD,Refunded,2025-10-26,PayPal
TXN-56fd47be,CUST-fc9e42ca,SUB-d95fe123,1999.0,USD,Success,2025-11-26,PayPal
TXN-cab7669c,CUST-fc9e42ca,SUB-d95fe123,1999.0,USD,Failed,2025-12-26,PayPal
TXN-3b6bd0b9,CUST-fc9e42ca,SUB-d95fe123,1999.0,USD,Success,2026-01-26,PayPal
TXN-1f08925c,CUST-fc9e42ca,SUB-d95fe123,1999.0,USD,Success,2026-02-26,PayPal
TXN-800d2b1a,CUST-fc9e42ca,SUB-d95fe123,1999.0,USD,Success,2026-03-26,Wire Transfer
TXN-4bbb4da7,CUST-fc9e42ca,SUB-d95fe123,1999.0,USD,Success,2026-04-26,PayPal
TXN-2448d103,CUST-c8bad580,SUB-24c04649,49.0,USD,Success,2026-02-21,Credit Card
TXN-173d9796,CUST-c8bad580,SUB-24c04649,49.0,USD,Success,2026-03-21,PayPal
TXN-a8c84082,CUST-c8bad580,SUB-24c04649,49.0,USD,Success,2026-04-21,Wire Transfer
TXN-d0edc0d1,CUST-280d3f30,SUB-d68186c5,1999.0,USD,Success,2025-10-30,PayPal
TXN-a0ab2881,CUST-280d3f30,SUB-d68186c5,1999.0,USD,Success,2025-11-30,PayPal
TXN-eb82e74e,CUST-280d3f30,SUB-d68186c5,1999.0,USD,Success,2025-12-30,Wire Transfer
TXN-16b63293,CUST-074d9d90,SUB-9f7900ed,1999.0,USD,Success,2024-09-17,PayPal
TXN-97c41158,CUST-074d9d90,SUB-9f7900ed,1999.0,USD,Success,2024-10-17,Wire Transfer
TXN-5217ca85,CUST-074d9d90,SUB-9f7900ed,1999.0,USD,Success,2024-11-17,PayPal
TXN-1e2b3d38,CUST-074d9d90,SUB-9f7900ed,1999.0,USD,Success,2024-12-17,Credit Card
TXN-4e65667f,CUST-074d9d90,SUB-9f7900ed,1999.0,USD,Success,2025-01-17,PayPal
TXN-244e9670,CUST-074d9d90,SUB-9f7900ed,1999.0,USD,Success,2025-02-17,Wire Transfer
TXN-c0cfe0f9,CUST-074d9d90,SUB-9f7900ed,1999.0,USD,Success,2025-03-17,Credit Card
TXN-8f11b748,CUST-074d9d90,SUB-9f7900ed,1999.0,USD,Failed,2025-04-17,Wire Transfer
TXN-e25986c8,CUST-074d9d90,SUB-9f7900ed,1999.0,USD,Success,2025-05-17,PayPal
TXN-c3218534,CUST-074d9d90,SUB-9f7900ed,1999.0,USD,Success,2025-06-17,Credit Card
TXN-4e13cf4a,CUST-074d9d90,SUB-9f7900ed,1999.0,USD,Success,2025-07-17,Wire Transfer
TXN-c1a3b662,CUST-074d9d90,SUB-9f7900ed,1999.0,USD,Success,2025-08-17,Credit Card
TXN-fd988cb2,CUST-074d9d90,SUB-9f7900ed,1999.0,USD,Success,2025-09-17,Credit Card
TXN-9487c1d3,CUST-074d9d90,SUB-9f7900ed,1999.0,USD,Success,2025-10-17,Wire Transfer
TXN-3d7d3766,CUST-074d9d90,SUB-9f7900ed,1999.0,USD,Success,2025-11-17,Credit Card
TXN-befcc121,CUST-074d9d90,SUB-9f7900ed,1999.0,USD,Success,2025-12-17,Wire Transfer
TXN-614a6bd0,CUST-074d9d90,SUB-9f7900ed,1999.0,USD,Success,2026-01-17,Credit Card
TXN-51e63725,CUST-074d9d90,SUB-9f7900ed,1999.0,USD,Success,2026-02-17,Credit Card
TXN-dca5851e,CUST-074d9d90,SUB-9f7900ed,1999.0,USD,Success,2026-03-17,Credit Card
TXN-8b78166f,CUST-074d9d90,SUB-9f7900ed,1999.0,USD,Success,2026-04-17,PayPal
TXN-9558c7b5,CUST-569e29f2,SUB-ece070cd,49.0,USD,Failed,2024-10-29,PayPal
TXN-3fe9e9fa,CUST-569e29f2,SUB-ece070cd,49.0,USD,Success,2024-11-29,Wire Transfer
TXN-c158678a,CUST-569e29f2,SUB-ece070cd,49.0,USD,Success,2024-12-29,Credit Card
TXN-d8fa8b81,CUST-569e29f2,SUB-ece070cd,49.0,USD,Success,2025-01-29,Wire Transfer
TXN-290ec2f6,CUST-569e29f2,SUB-ece070cd,49.0,USD,Success,2025-02-28,PayPal
TXN-0e532491,CUST-569e29f2,SUB-ece070cd,49.0,USD,Success,2025-03-28,PayPal
TXN-130fc70a,CUST-569e29f2,SUB-ece070cd,49.0,USD,Success,2025-04-28,PayPal
TXN-d562b2cc,CUST-569e29f2,SUB-ece070cd,49.0,USD,Success,2025-05-28,PayPal
TXN-03835db1,CUST-569e29f2,SUB-ece070cd,49.0,USD,Success,2025-06-28,Wire Transfer
TXN-a04783c7,CUST-569e29f2,SUB-ece070cd,49.0,USD,Success,2025-07-28,Credit Card
TXN-cfe4965e,CUST-569e29f2,SUB-ece070cd,49.0,USD,Success,2025-08-28,Wire Transfer
TXN-bf602edb,CUST-569e29f2,SUB-ece070cd,49.0,USD,Success,2025-09-28,Credit Card
TXN-6b389fcd,CUST-569e29f2,SUB-ece070cd,49.0,USD,Success,2025-10-28,PayPal
TXN-601ab912,CUST-569e29f2,SUB-ece070cd,49.0,USD,Success,2025-11-28,Credit Card
TXN-ef8f45b8,CUST-569e29f2,SUB-ece070cd,49.0,USD,Success,2025-12-28,PayPal
TXN-ed6b3d7e,CUST-569e29f2,SUB-ece070cd,49.0,USD,Success,2026-01-28,Wire Transfer
TXN-af73a398,CUST-569e29f2,SUB-ece070cd,49.0,USD,Success,2026-02-28,Credit Card
TXN-13065449,CUST-569e29f2,SUB-ece070cd,49.0,USD,Success,2026-03-28,Wire Transfer
TXN-59a6897a,CUST-569e29f2,SUB-ece070cd,49.0,USD,Success,2026-04-28,PayPal
TXN-56aac525,CUST-00d77968,SUB-d1e7ce8b,199.0,USD,Success,2025-01-17,Wire Transfer
TXN-94048a2b,CUST-00d77968,SUB-d1e7ce8b,199.0,USD,Success,2025-02-17,PayPal
TXN-c32c7295,CUST-00d77968,SUB-d1e7ce8b,199.0,USD,Success,2025-03-17,PayPal
TXN-f1032c97,CUST-00d77968,SUB-d1e7ce8b,199.0,USD,Success,2025-04-17,PayPal
TXN-b6e88585,CUST-00d77968,SUB-d1e7ce8b,199.0,USD,Success,2025-05-17,Wire Transfer
TXN-cd6f7471,CUST-00d77968,SUB-d1e7ce8b,199.0,USD,Success,2025-06-17,Wire Transfer
TXN-19746e5b,CUST-00d77968,SUB-d1e7ce8b,199.0,USD,Success,2025-07-17,Credit Card
TXN-2062d1de,CUST-00d77968,SUB-d1e7ce8b,199.0,USD,Success,2025-08-17,Credit Card
TXN-846515e8,CUST-00d77968,SUB-d1e7ce8b,199.0,USD,Success,2025-09-17,Wire Transfer
TXN-ec4e46b3,CUST-00d77968,SUB-d1e7ce8b,199.0,USD,Success,2025-10-17,Wire Transfer
TXN-26d82fcc,CUST-00d77968,SUB-d1e7ce8b,199.0,USD,Success,2025-11-17,Wire Transfer
TXN-57c83da6,CUST-00d77968,SUB-d1e7ce8b,199.0,USD,Success,2025-12-17,Wire Transfer
TXN-6f435549,CUST-00d77968,SUB-d1e7ce8b,199.0,USD,Success,2026-01-17,PayPal
TXN-15bc01a0,CUST-00d77968,SUB-d1e7ce8b,199.0,USD,Success,2026-02-17,PayPal
TXN-ea56913c,CUST-00d77968,SUB-d1e7ce8b,199.0,USD,Success,2026-03-17,PayPal
TXN-2bf8f09f,CUST-00d77968,SUB-d1e7ce8b,199.0,USD,Success,2026-04-17,Wire Transfer
TXN-5d6abdcf,CUST-dacb1fd3,SUB-65e1e6e8,49.0,USD,Success,2026-04-20,PayPal
TXN-041500f2,CUST-1a89a68c,SUB-8e6bd222,199.0,USD,Success,2026-04-22,PayPal
TXN-71a64cb6,CUST-2027930f,SUB-b98f6810,49.0,USD,Refunded,2025-06-16,Credit Card
TXN-1aa6e1e7,CUST-2027930f,SUB-b98f6810,49.0,USD,Success,2025-07-16,Credit Card
TXN-6d3fc7ab,CUST-2027930f,SUB-b98f6810,49.0,USD,Success,2025-08-16,PayPal
TXN-06b71cfc,CUST-2027930f,SUB-b98f6810,49.0,USD,Success,2025-09-16,PayPal
TXN-3a0c4344,CUST-2027930f,SUB-b98f6810,49.0,USD,Success,2025-10-16,PayPal
TXN-d96fb468,CUST-2027930f,SUB-b98f6810,49.0,USD,Success,2025-11-16,Wire Transfer
TXN-acd5cc46,CUST-2027930f,SUB-b98f6810,49.0,USD,Success,2025-12-16,Credit Card
TXN-64c51656,CUST-2027930f,SUB-b98f6810,49.0,USD,Success,2026-01-16,Credit Card
TXN-78cf2e8e,CUST-2027930f,SUB-b98f6810,49.0,USD,Success,2026-02-16,Credit Card
TXN-5b30c0cc,CUST-2027930f,SUB-b98f6810,49.0,USD,Success,2026-03-16,PayPal
TXN-52abef44,CUST-2027930f,SUB-b98f6810,49.0,USD,Success,2026-04-16,Wire Transfer
TXN-c1c0d401,CUST-8609afdd,SUB-478cec05,49.0,USD,Failed,2024-11-21,Credit Card
TXN-349250ee,CUST-8609afdd,SUB-478cec05,49.0,USD,Success,2024-12-21,Credit Card
TXN-7d6346bc,CUST-8609afdd,SUB-478cec05,49.0,USD,Success,2025-01-21,Wire Transfer
TXN-e5a39131,CUST-8609afdd,SUB-478cec05,49.0,USD,Success,2025-02-21,PayPal
TXN-99921e16,CUST-8609afdd,SUB-478cec05,49.0,USD,Success,2025-03-21,PayPal
TXN-8790497d,CUST-8609afdd,SUB-478cec05,49.0,USD,Success,2025-04-21,Credit Card
TXN-5e9a1e5a,CUST-8609afdd,SUB-478cec05,49.0,USD,Success,2025-05-21,Credit Card
TXN-f682d5c3,CUST-8609afdd,SUB-478cec05,49.0,USD,Success,2025-06-21,Wire Transfer
TXN-7479fb92,CUST-8609afdd,SUB-478cec05,49.0,USD,Success,2025-07-21,Credit Card
TXN-9dc01f3e,CUST-8609afdd,SUB-478cec05,49.0,USD,Success,2025-08-21,Wire Transfer
TXN-8335f929,CUST-8609afdd,SUB-478cec05,49.0,USD,Failed,2025-09-21,Credit Card
TXN-37de27df,CUST-8609afdd,SUB-478cec05,49.0,USD,Success,2025-10-21,Credit Card
TXN-8a466324,CUST-8609afdd,SUB-478cec05,49.0,USD,Success,2025-11-21,Credit Card
TXN-ff59f47c,CUST-8609afdd,SUB-478cec05,49.0,USD,Success,2025-12-21,PayPal
TXN-080b98fb,CUST-8609afdd,SUB-478cec05,49.0,USD,Success,2026-01-21,Wire Transfer
TXN-d7349285,CUST-8609afdd,SUB-478cec05,49.0,USD,Failed,2026-02-21,Wire Transfer
TXN-3c0f2dfd,CUST-8609afdd,SUB-478cec05,49.0,USD,Success,2026-03-21,PayPal
TXN-4afcb425,CUST-8609afdd,SUB-478cec05,49.0,USD,Success,2026-04-21,PayPal
TXN-09e36a00,CUST-4f2d0245,SUB-efb4e6ef,49.0,USD,Success,2024-06-23,PayPal
TXN-1bdeead4,CUST-4f2d0245,SUB-efb4e6ef,49.0,USD,Success,2024-07-23,Wire Transfer
TXN-ce40a059,CUST-4f2d0245,SUB-efb4e6ef,49.0,USD,Success,2024-08-23,Credit Card
TXN-5ecb9ebf,CUST-4f2d0245,SUB-efb4e6ef,49.0,USD,Success,2024-09-23,PayPal
TXN-d11757bf,CUST-4f2d0245,SUB-efb4e6ef,49.0,USD,Success,2024-10-23,PayPal
TXN-cbb04fa6,CUST-4f2d0245,SUB-efb4e6ef,49.0,USD,Success,2024-11-23,PayPal
TXN-68c4cf8d,CUST-84dcb418,SUB-04d3a5d9,199.0,USD,Success,2025-11-10,Credit Card
TXN-80f2f194,CUST-84dcb418,SUB-04d3a5d9,199.0,USD,Success,2025-12-10,Credit Card
TXN-4afdd6c4,CUST-84dcb418,SUB-04d3a5d9,199.0,USD,Success,2026-01-10,PayPal
TXN-3f22d659,CUST-84dcb418,SUB-04d3a5d9,199.0,USD,Success,2026-02-10,Credit Card
TXN-661ed351,CUST-84dcb418,SUB-04d3a5d9,199.0,USD,Success,2026-03-10,PayPal
TXN-0fca807d,CUST-84dcb418,SUB-04d3a5d9,199.0,USD,Success,2026-04-10,Credit Card
TXN-3cfe5ea3,CUST-a9423df3,SUB-a0cf7ed7,1999.0,USD,Success,2025-06-06,Wire Transfer
TXN-c8c85c73,CUST-a9423df3,SUB-a0cf7ed7,1999.0,USD,Success,2025-07-06,Wire Transfer
TXN-640a0542,CUST-a9423df3,SUB-a0cf7ed7,1999.0,USD,Success,2025-08-06,Credit Card
TXN-d3aba35d,CUST-a9423df3,SUB-a0cf7ed7,1999.0,USD,Success,2025-09-06,Wire Transfer
TXN-2879952d,CUST-a9423df3,SUB-a0cf7ed7,1999.0,USD,Success,2025-10-06,Wire Transfer
TXN-50e1fb43,CUST-a9423df3,SUB-a0cf7ed7,1999.0,USD,Success,2025-11-06,Wire Transfer
TXN-e46810bd,CUST-a9423df3,SUB-a0cf7ed7,1999.0,USD,Success,2025-12-06,PayPal
TXN-a857b0ba,CUST-a9423df3,SUB-a0cf7ed7,1999.0,USD,Success,2026-01-06,Credit Card
TXN-15652229,CUST-a9423df3,SUB-a0cf7ed7,1999.0,USD,Success,2026-02-06,Credit Card
TXN-2f0a90af,CUST-a9423df3,SUB-a0cf7ed7,1999.0,USD,Success,2026-03-06,Credit Card
TXN-9ea7d529,CUST-a9423df3,SUB-a0cf7ed7,1999.0,USD,Success,2026-04-06,Wire Transfer
TXN-7f967de1,CUST-a9423df3,SUB-a0cf7ed7,1999.0,USD,Success,2026-05-06,PayPal
TXN-c13f86a7,CUST-7e458078,SUB-8b05cf96,499.0,USD,Success,2025-06-12,Credit Card
TXN-461359a9,CUST-7e458078,SUB-8b05cf96,499.0,USD,Success,2025-07-12,Wire Transfer
TXN-e5da6de5,CUST-7e458078,SUB-8b05cf96,499.0,USD,Failed,2025-08-12,PayPal
TXN-84b4f2bc,CUST-7e458078,SUB-8b05cf96,499.0,USD,Success,2025-09-12,PayPal
TXN-619e6fec,CUST-7e458078,SUB-8b05cf96,499.0,USD,Success,2025-10-12,Credit Card
TXN-bdc32387,CUST-7e458078,SUB-8b05cf96,499.0,USD,Success,2025-11-12,Credit Card
TXN-8655d24c,CUST-7e458078,SUB-8b05cf96,499.0,USD,Success,2025-12-12,Wire Transfer
TXN-1c4363ed,CUST-7e458078,SUB-8b05cf96,499.0,USD,Success,2026-01-12,Credit Card
TXN-c1cd157d,CUST-7e458078,SUB-8b05cf96,499.0,USD,Success,2026-02-12,Wire Transfer
TXN-8e20b619,CUST-7e458078,SUB-8b05cf96,499.0,USD,Refunded,2026-03-12,PayPal
TXN-9e6acbae,CUST-7e458078,SUB-8b05cf96,499.0,USD,Success,2026-04-12,PayPal
TXN-625d625f,CUST-d301b6fe,SUB-b111011e,499.0,USD,Success,2025-10-29,PayPal
TXN-2826c175,CUST-d301b6fe,SUB-b111011e,499.0,USD,Success,2025-11-29,PayPal
TXN-b3642617,CUST-d301b6fe,SUB-b111011e,499.0,USD,Success,2025-12-29,Credit Card
TXN-e9ce502d,CUST-d301b6fe,SUB-b111011e,499.0,USD,Success,2026-01-29,Credit Card
TXN-184a3947,CUST-d301b6fe,SUB-b111011e,499.0,USD,Success,2026-02-28,Wire Transfer
TXN-cf6a1b44,CUST-d301b6fe,SUB-b111011e,499.0,USD,Success,2026-03-28,Wire Transfer
TXN-89641566,CUST-d301b6fe,SUB-b111011e,499.0,USD,Success,2026-04-28,Wire Transfer
TXN-d1b91233,CUST-7712f9cc,SUB-81ed191b,199.0,USD,Success,2024-10-31,Wire Transfer
TXN-e9a6f161,CUST-7712f9cc,SUB-81ed191b,199.0,USD,Success,2024-11-30,Wire Transfer
TXN-9ee1b4ee,CUST-7712f9cc,SUB-81ed191b,199.0,USD,Success,2024-12-30,PayPal
TXN-4cc030c3,CUST-7712f9cc,SUB-81ed191b,199.0,USD,Success,2025-01-30,PayPal
TXN-e8f5f236,CUST-7712f9cc,SUB-81ed191b,199.0,USD,Failed,2025-02-28,PayPal
TXN-632c89df,CUST-7712f9cc,SUB-81ed191b,199.0,USD,Success,2025-03-28,Wire Transfer
TXN-041f946c,CUST-7712f9cc,SUB-81ed191b,199.0,USD,Success,2025-04-28,PayPal
TXN-3a714e32,CUST-7712f9cc,SUB-81ed191b,199.0,USD,Success,2025-05-28,PayPal
TXN-ac62171e,CUST-7712f9cc,SUB-81ed191b,199.0,USD,Success,2025-06-28,PayPal
TXN-c40908fe,CUST-7712f9cc,SUB-81ed191b,199.0,USD,Success,2025-07-28,PayPal
TXN-e5e0bd2b,CUST-7712f9cc,SUB-81ed191b,199.0,USD,Success,2025-08-28,Credit Card
TXN-c365c106,CUST-7712f9cc,SUB-81ed191b,199.0,USD,Success,2025-09-28,Wire Transfer
TXN-87ee2beb,CUST-7712f9cc,SUB-81ed191b,199.0,USD,Success,2025-10-28,Wire Transfer
TXN-4b37038c,CUST-7712f9cc,SUB-81ed191b,199.0,USD,Success,2025-11-28,Credit Card
TXN-17cd6baa,CUST-7712f9cc,SUB-81ed191b,199.0,USD,Failed,2025-12-28,PayPal
TXN-526bd442,CUST-7712f9cc,SUB-81ed191b,199.0,USD,Success,2026-01-28,PayPal
TXN-0e7832cd,CUST-7712f9cc,SUB-81ed191b,199.0,USD,Refunded,2026-02-28,PayPal
TXN-1318ee93,CUST-7712f9cc,SUB-81ed191b,199.0,USD,Success,2026-03-28,Wire Transfer
TXN-d3cb78d7,CUST-7712f9cc,SUB-81ed191b,199.0,USD,Success,2026-04-28,Wire Transfer
TXN-cc15aff7,CUST-348957b0,SUB-aa8015fe,499.0,USD,Success,2025-06-24,Wire Transfer
TXN-c0e16d24,CUST-348957b0,SUB-aa8015fe,499.0,USD,Failed,2025-07-24,Wire Transfer
TXN-2a2fa5c9,CUST-348957b0,SUB-aa8015fe,499.0,USD,Success,2025-08-24,Wire Transfer
TXN-49306f47,CUST-348957b0,SUB-aa8015fe,499.0,USD,Success,2025-09-24,Credit Card
TXN-8b6b789f,CUST-348957b0,SUB-aa8015fe,499.0,USD,Success,2025-10-24,Wire Transfer
TXN-61ac5679,CUST-348957b0,SUB-aa8015fe,499.0,USD,Success,2025-11-24,PayPal
TXN-34bcbe49,CUST-348957b0,SUB-aa8015fe,499.0,USD,Success,2025-12-24,Wire Transfer
TXN-f7c8648b,CUST-348957b0,SUB-aa8015fe,499.0,USD,Success,2026-01-24,Credit Card
TXN-ccf5141c,CUST-348957b0,SUB-aa8015fe,499.0,USD,Success,2026-02-24,PayPal
TXN-67bae26e,CUST-348957b0,SUB-aa8015fe,499.0,USD,Success,2026-03-24,Credit Card
TXN-4ba422ec,CUST-348957b0,SUB-aa8015fe,499.0,USD,Success,2026-04-24,PayPal
TXN-e7c81e82,CUST-7aa5abc1,SUB-816af043,49.0,USD,Success,2025-06-26,Wire Transfer
TXN-ec0fab68,CUST-7aa5abc1,SUB-816af043,49.0,USD,Success,2025-07-26,Credit Card
TXN-66c30d11,CUST-7aa5abc1,SUB-816af043,49.0,USD,Success,2025-08-26,PayPal
TXN-17f3be11,CUST-7aa5abc1,SUB-816af043,49.0,USD,Success,2025-09-26,Wire Transfer
TXN-81c5003e,CUST-7aa5abc1,SUB-816af043,49.0,USD,Success,2025-10-26,PayPal
TXN-41363ff9,CUST-7aa5abc1,SUB-816af043,49.0,USD,Success,2025-11-26,Credit Card
TXN-d51d3eda,CUST-7aa5abc1,SUB-816af043,49.0,USD,Success,2025-12-26,Credit Card
TXN-1fc1b961,CUST-9cc4aec9,SUB-0a2a8316,499.0,USD,Success,2025-04-14,Credit Card
TXN-ad7b121f,CUST-9cc4aec9,SUB-0a2a8316,499.0,USD,Success,2025-05-14,Credit Card
TXN-8c3b573c,CUST-9cc4aec9,SUB-0a2a8316,499.0,USD,Success,2025-06-14,Wire Transfer
TXN-dc98ef8a,CUST-9cc4aec9,SUB-0a2a8316,499.0,USD,Success,2025-07-14,PayPal
TXN-8b408971,CUST-9cc4aec9,SUB-0a2a8316,499.0,USD,Success,2025-08-14,Wire Transfer
TXN-a133ef27,CUST-14cb6153,SUB-dc097822,1999.0,USD,Success,2025-11-28,Credit Card
TXN-fd9887df,CUST-14cb6153,SUB-dc097822,1999.0,USD,Success,2025-12-28,PayPal
TXN-23d575ef,CUST-14cb6153,SUB-dc097822,1999.0,USD,Success,2026-01-28,Credit Card
TXN-51157c5a,CUST-14cb6153,SUB-dc097822,1999.0,USD,Success,2026-02-28,Wire Transfer
TXN-4f84bf8b,CUST-14cb6153,SUB-dc097822,1999.0,USD,Success,2026-03-28,Wire Transfer
TXN-c214635f,CUST-14cb6153,SUB-dc097822,1999.0,USD,Success,2026-04-28,Wire Transfer
TXN-582123a7,CUST-2f58efdc,SUB-e71d7a34,49.0,USD,Success,2025-04-22,PayPal
TXN-90f57250,CUST-2f58efdc,SUB-e71d7a34,49.0,USD,Success,2025-05-22,PayPal
TXN-1caa108a,CUST-2f58efdc,SUB-e71d7a34,49.0,USD,Success,2025-06-22,Credit Card
TXN-8d8b7144,CUST-2f58efdc,SUB-e71d7a34,49.0,USD,Success,2025-07-22,PayPal
TXN-6ec742cb,CUST-2f58efdc,SUB-e71d7a34,49.0,USD,Success,2025-08-22,PayPal
TXN-44ace7be,CUST-2f58efdc,SUB-e71d7a34,49.0,USD,Success,2025-09-22,Wire Transfer
TXN-a77be9fc,CUST-2f58efdc,SUB-e71d7a34,49.0,USD,Success,2025-10-22,Credit Card
TXN-2a33b72b,CUST-2f58efdc,SUB-e71d7a34,49.0,USD,Success,2025-11-22,Wire Transfer
TXN-af069b5e,CUST-2f58efdc,SUB-e71d7a34,49.0,USD,Success,2025-12-22,Credit Card
TXN-07eabacb,CUST-2f58efdc,SUB-e71d7a34,49.0,USD,Success,2026-01-22,Credit Card
TXN-20380cb2,CUST-2f58efdc,SUB-e71d7a34,49.0,USD,Success,2026-02-22,PayPal
TXN-7af454c1,CUST-2f58efdc,SUB-e71d7a34,49.0,USD,Success,2026-03-22,Wire Transfer
TXN-22091a43,CUST-2f58efdc,SUB-e71d7a34,49.0,USD,Success,2026-04-22,PayPal
TXN-994aef11,CUST-cfa3cb67,SUB-c41fdac1,199.0,USD,Success,2024-08-28,PayPal
TXN-107b0bd4,CUST-cfa3cb67,SUB-c41fdac1,199.0,USD,Success,2024-09-28,PayPal
TXN-f461845d,CUST-cfa3cb67,SUB-c41fdac1,199.0,USD,Success,2024-10-28,Credit Card
TXN-c7e023a0,CUST-cfa3cb67,SUB-c41fdac1,199.0,USD,Success,2024-11-28,Wire Transfer
TXN-a833aff8,CUST-cfa3cb67,SUB-c41fdac1,199.0,USD,Success,2024-12-28,Wire Transfer
TXN-e7dfbd78,CUST-cfa3cb67,SUB-c41fdac1,199.0,USD,Success,2025-01-28,PayPal
TXN-1b07be79,CUST-cfa3cb67,SUB-c41fdac1,199.0,USD,Success,2025-02-28,Credit Card
TXN-e991f510,CUST-cfa3cb67,SUB-c41fdac1,199.0,USD,Success,2025-03-28,Wire Transfer
TXN-9721eb83,CUST-cfa3cb67,SUB-c41fdac1,199.0,USD,Success,2025-04-28,Wire Transfer
TXN-43890368,CUST-cfa3cb67,SUB-c41fdac1,199.0,USD,Success,2025-05-28,PayPal
TXN-513b7d62,CUST-cfa3cb67,SUB-c41fdac1,199.0,USD,Success,2025-06-28,Credit Card
TXN-3c85e2c8,CUST-cfa3cb67,SUB-c41fdac1,199.0,USD,Success,2025-07-28,PayPal
TXN-530da5bb,CUST-cfa3cb67,SUB-c41fdac1,199.0,USD,Success,2025-08-28,Wire Transfer
TXN-45b81dbd,CUST-cfa3cb67,SUB-c41fdac1,199.0,USD,Success,2025-09-28,Credit Card
TXN-2541d367,CUST-cfa3cb67,SUB-c41fdac1,199.0,USD,Success,2025-10-28,PayPal
TXN-043e21fc,CUST-cfa3cb67,SUB-c41fdac1,199.0,USD,Success,2025-11-28,Wire Transfer
TXN-956a7805,CUST-cfa3cb67,SUB-c41fdac1,199.0,USD,Success,2025-12-28,PayPal
TXN-a2b5da3b,CUST-cfa3cb67,SUB-c41fdac1,199.0,USD,Success,2026-01-28,PayPal
TXN-a3ef1129,CUST-4ffc8a59,SUB-a3250b70,499.0,USD,Success,2024-09-14,PayPal
TXN-6e521ec7,CUST-4ffc8a59,SUB-a3250b70,499.0,USD,Success,2024-10-14,Credit Card
TXN-943ce3af,CUST-4ffc8a59,SUB-a3250b70,499.0,USD,Success,2024-11-14,Wire Transfer
TXN-41779724,CUST-4ffc8a59,SUB-a3250b70,499.0,USD,Success,2024-12-14,Wire Transfer
TXN-fbc22e9f,CUST-4ffc8a59,SUB-a3250b70,499.0,USD,Success,2025-01-14,Wire Transfer
TXN-25eac526,CUST-4ffc8a59,SUB-a3250b70,499.0,USD,Success,2025-02-14,Wire Transfer
TXN-1b1450b9,CUST-4ffc8a59,SUB-a3250b70,499.0,USD,Success,2025-03-14,Credit Card
TXN-737899ec,CUST-4ffc8a59,SUB-a3250b70,499.0,USD,Success,2025-04-14,PayPal
TXN-cebdab7f,CUST-4ffc8a59,SUB-a3250b70,499.0,USD,Success,2025-05-14,Wire Transfer
TXN-726a9aa1,CUST-4ffc8a59,SUB-a3250b70,499.0,USD,Success,2025-06-14,Credit Card
TXN-622a1df2,CUST-4ffc8a59,SUB-a3250b70,499.0,USD,Success,2025-07-14,PayPal
TXN-4751c82d,CUST-4ffc8a59,SUB-a3250b70,499.0,USD,Success,2025-08-14,Credit Card
TXN-03e2f877,CUST-4ffc8a59,SUB-a3250b70,499.0,USD,Success,2025-09-14,Credit Card
TXN-f4cd3c6c,CUST-4ffc8a59,SUB-a3250b70,499.0,USD,Success,2025-10-14,Wire Transfer
TXN-b58c00b1,CUST-4ffc8a59,SUB-a3250b70,499.0,USD,Success,2025-11-14,Wire Transfer
TXN-7d32a288,CUST-4ffc8a59,SUB-a3250b70,499.0,USD,Success,2025-12-14,PayPal
TXN-1817c28c,CUST-4ffc8a59,SUB-a3250b70,499.0,USD,Success,2026-01-14,PayPal
TXN-826b0a5a,CUST-4ffc8a59,SUB-a3250b70,499.0,USD,Success,2026-02-14,Wire Transfer
TXN-0f5fc271,CUST-4ffc8a59,SUB-a3250b70,499.0,USD,Success,2026-03-14,Credit Card
TXN-b8d03373,CUST-4ffc8a59,SUB-a3250b70,499.0,USD,Success,2026-04-14,Wire Transfer
TXN-e42d64bd,CUST-de70085f,SUB-e2576e71,1999.0,USD,Success,2025-05-26,PayPal
TXN-9c911538,CUST-de70085f,SUB-e2576e71,1999.0,USD,Success,2025-06-26,Credit Card
TXN-cf2ae844,CUST-de70085f,SUB-e2576e71,1999.0,USD,Failed,2025-07-26,Credit Card
TXN-075c5185,CUST-0c10a843,SUB-0e52ff63,499.0,USD,Success,2024-06-11,Credit Card
TXN-745d2361,CUST-0c10a843,SUB-0e52ff63,499.0,USD,Success,2024-07-11,Wire Transfer
TXN-1cb64795,CUST-0c10a843,SUB-0e52ff63,499.0,USD,Success,2024-08-11,Wire Transfer
TXN-29c18789,CUST-0c10a843,SUB-0e52ff63,499.0,USD,Refunded,2024-09-11,PayPal
TXN-1a42a6ec,CUST-0c10a843,SUB-0e52ff63,499.0,USD,Success,2024-10-11,Credit Card
TXN-3d759ec2,CUST-0c10a843,SUB-0e52ff63,499.0,USD,Success,2024-11-11,Credit Card
TXN-9a694292,CUST-0c10a843,SUB-0e52ff63,499.0,USD,Success,2024-12-11,Wire Transfer
TXN-8b4b19e6,CUST-0c10a843,SUB-0e52ff63,499.0,USD,Success,2025-01-11,PayPal
TXN-52d88ad4,CUST-0c10a843,SUB-0e52ff63,499.0,USD,Success,2025-02-11,PayPal
TXN-f373a3be,CUST-0c10a843,SUB-0e52ff63,499.0,USD,Success,2025-03-11,Credit Card
TXN-1e4a7101,CUST-0c10a843,SUB-0e52ff63,499.0,USD,Success,2025-04-11,Wire Transfer
TXN-523f93f9,CUST-0c10a843,SUB-0e52ff63,499.0,USD,Success,2025-05-11,Credit Card
TXN-ca08b748,CUST-0c10a843,SUB-0e52ff63,499.0,USD,Success,2025-06-11,Wire Transfer
TXN-125507ab,CUST-0c10a843,SUB-0e52ff63,499.0,USD,Success,2025-07-11,PayPal
TXN-d51740eb,CUST-0c10a843,SUB-0e52ff63,499.0,USD,Success,2025-08-11,Credit Card
TXN-d76b571a,CUST-f4e35de5,SUB-2a24b167,49.0,USD,Success,2025-07-23,Credit Card
TXN-25065b77,CUST-f4e35de5,SUB-2a24b167,49.0,USD,Success,2025-08-23,Credit Card
TXN-8d01d823,CUST-f4e35de5,SUB-2a24b167,49.0,USD,Success,2025-09-23,PayPal
TXN-abe2645e,CUST-f4e35de5,SUB-2a24b167,49.0,USD,Success,2025-10-23,Credit Card
TXN-ed87e472,CUST-f4e35de5,SUB-2a24b167,49.0,USD,Success,2025-11-23,PayPal
TXN-3bb3124a,CUST-f4e35de5,SUB-2a24b167,49.0,USD,Success,2025-12-23,Wire Transfer
TXN-84934fd5,CUST-f4e35de5,SUB-2a24b167,49.0,USD,Success,2026-01-23,PayPal
TXN-84427536,CUST-f4e35de5,SUB-2a24b167,49.0,USD,Failed,2026-02-23,Wire Transfer
TXN-df428280,CUST-f4e35de5,SUB-2a24b167,49.0,USD,Success,2026-03-23,PayPal
TXN-1af5e621,CUST-f4e35de5,SUB-2a24b167,49.0,USD,Success,2026-04-23,PayPal
TXN-169c5cfe,CUST-0a15dc1c,SUB-f4d93780,49.0,USD,Success,2025-11-12,Credit Card
TXN-1a3caacd,CUST-0a15dc1c,SUB-f4d93780,49.0,USD,Success,2025-12-12,PayPal
TXN-bb523355,CUST-0a15dc1c,SUB-f4d93780,49.0,USD,Success,2026-01-12,Credit Card
TXN-c25b2532,CUST-0a15dc1c,SUB-f4d93780,49.0,USD,Success,2026-02-12,Wire Transfer
TXN-7506c6ca,CUST-0a15dc1c,SUB-f4d93780,49.0,USD,Success,2026-03-12,Wire Transfer
TXN-1b91eb59,CUST-0a15dc1c,SUB-f4d93780,49.0,USD,Success,2026-04-12,Credit Card
TXN-7778c546,CUST-f336e844,SUB-1ac9309e,49.0,USD,Success,2025-07-01,Wire Transfer
TXN-614b4463,CUST-f336e844,SUB-1ac9309e,49.0,USD,Refunded,2025-08-01,PayPal
TXN-9ede8a2a,CUST-f336e844,SUB-1ac9309e,49.0,USD,Success,2025-09-01,Credit Card
TXN-c1c6e495,CUST-f336e844,SUB-1ac9309e,49.0,USD,Success,2025-10-01,Credit Card
TXN-a579409c,CUST-f336e844,SUB-1ac9309e,49.0,USD,Success,2025-11-01,Credit Card
TXN-7a526d50,CUST-f336e844,SUB-1ac9309e,49.0,USD,Success,2025-12-01,Wire Transfer
TXN-c656d673,CUST-f336e844,SUB-1ac9309e,49.0,USD,Success,2026-01-01,Wire Transfer
TXN-1195bba0,CUST-f336e844,SUB-1ac9309e,49.0,USD,Success,2026-02-01,PayPal
TXN-cffe91e7,CUST-f336e844,SUB-1ac9309e,49.0,USD,Success,2026-03-01,PayPal
TXN-f337bc8a,CUST-f336e844,SUB-1ac9309e,49.0,USD,Success,2026-04-01,Credit Card
TXN-cf5bb032,CUST-f336e844,SUB-1ac9309e,49.0,USD,Success,2026-05-01,PayPal
TXN-a8eddc84,CUST-6b5f3f75,SUB-73c6d790,499.0,USD,Success,2025-07-13,Wire Transfer
TXN-f86889f7,CUST-6b5f3f75,SUB-73c6d790,499.0,USD,Success,2025-08-13,PayPal
TXN-cdafe105,CUST-6b5f3f75,SUB-73c6d790,499.0,USD,Failed,2025-09-13,Wire Transfer
TXN-9a7b5f63,CUST-6b5f3f75,SUB-73c6d790,499.0,USD,Success,2025-10-13,PayPal
TXN-ed10267b,CUST-6b5f3f75,SUB-73c6d790,499.0,USD,Success,2025-11-13,Wire Transfer
TXN-15db4326,CUST-6b5f3f75,SUB-73c6d790,499.0,USD,Success,2025-12-13,Wire Transfer
TXN-deb0621d,CUST-6b5f3f75,SUB-73c6d790,499.0,USD,Success,2026-01-13,PayPal
TXN-cd06d499,CUST-6b5f3f75,SUB-73c6d790,499.0,USD,Success,2026-02-13,PayPal
TXN-7bdf019b,CUST-6b5f3f75,SUB-73c6d790,499.0,USD,Success,2026-03-13,Wire Transfer
TXN-c39e32ba,CUST-6b5f3f75,SUB-73c6d790,499.0,USD,Success,2026-04-13,Credit Card
TXN-fefbcd2d,CUST-e7d0fed6,SUB-ec9d6327,49.0,USD,Success,2025-03-25,PayPal
TXN-71edeeb5,CUST-e7d0fed6,SUB-ec9d6327,49.0,USD,Success,2025-04-25,Wire Transfer
TXN-7ce361ac,CUST-e7d0fed6,SUB-ec9d6327,49.0,USD,Success,2025-05-25,PayPal
TXN-ead04c5b,CUST-e7d0fed6,SUB-ec9d6327,49.0,USD,Success,2025-06-25,PayPal
TXN-165a7ef3,CUST-6a0907da,SUB-e4c580bf,499.0,USD,Success,2025-10-06,PayPal
TXN-26c8e930,CUST-6a0907da,SUB-e4c580bf,499.0,USD,Success,2025-11-06,PayPal
TXN-01d88b37,CUST-6a0907da,SUB-e4c580bf,499.0,USD,Success,2025-12-06,PayPal
TXN-64f1f04d,CUST-6a0907da,SUB-e4c580bf,499.0,USD,Success,2026-01-06,Credit Card
TXN-e1d4c212,CUST-6a0907da,SUB-e4c580bf,499.0,USD,Failed,2026-02-06,Credit Card
TXN-9f0c5566,CUST-6a0907da,SUB-e4c580bf,499.0,USD,Success,2026-03-06,Credit Card
TXN-f0b2ea43,CUST-6a0907da,SUB-e4c580bf,499.0,USD,Success,2026-04-06,Wire Transfer
TXN-a84aa668,CUST-6a0907da,SUB-e4c580bf,499.0,USD,Success,2026-05-06,Credit Card
TXN-f200aab4,CUST-aaea764a,SUB-7467f978,49.0,USD,Success,2024-07-02,Credit Card
TXN-50162840,CUST-aaea764a,SUB-7467f978,49.0,USD,Success,2024-08-02,Wire Transfer
TXN-f9be3afb,CUST-aaea764a,SUB-7467f978,49.0,USD,Success,2024-09-02,Credit Card
TXN-30cd6736,CUST-aaea764a,SUB-7467f978,49.0,USD,Success,2024-10-02,PayPal
TXN-824840ec,CUST-aaea764a,SUB-7467f978,49.0,USD,Success,2024-11-02,Credit Card
TXN-aff4c16d,CUST-aaea764a,SUB-7467f978,49.0,USD,Success,2024-12-02,Credit Card
TXN-dd2810db,CUST-aaea764a,SUB-7467f978,49.0,USD,Success,2025-01-02,Credit Card
TXN-b70ccb33,CUST-aaea764a,SUB-7467f978,49.0,USD,Success,2025-02-02,PayPal
TXN-fc54548c,CUST-aaea764a,SUB-7467f978,49.0,USD,Success,2025-03-02,PayPal
TXN-ecbc2314,CUST-aaea764a,SUB-7467f978,49.0,USD,Success,2025-04-02,PayPal
TXN-2ece9ead,CUST-aaea764a,SUB-7467f978,49.0,USD,Success,2025-05-02,PayPal
TXN-6b615fc8,CUST-aaea764a,SUB-7467f978,49.0,USD,Success,2025-06-02,Wire Transfer
TXN-56cca6f0,CUST-83722fe9,SUB-75e10430,49.0,USD,Success,2025-09-04,PayPal
TXN-e156ff68,CUST-83722fe9,SUB-75e10430,49.0,USD,Success,2025-10-04,PayPal
TXN-60740c19,CUST-83722fe9,SUB-75e10430,49.0,USD,Success,2025-11-04,PayPal
TXN-f8b4d801,CUST-83722fe9,SUB-75e10430,49.0,USD,Success,2025-12-04,PayPal
TXN-69c39621,CUST-83722fe9,SUB-75e10430,49.0,USD,Success,2026-01-04,Wire Transfer
TXN-1df3e83c,CUST-83722fe9,SUB-75e10430,49.0,USD,Success,2026-02-04,Credit Card
TXN-4fd15e10,CUST-83722fe9,SUB-75e10430,49.0,USD,Success,2026-03-04,Credit Card
TXN-c899c081,CUST-83722fe9,SUB-75e10430,49.0,USD,Failed,2026-04-04,PayPal
TXN-5503ac9d,CUST-83722fe9,SUB-75e10430,49.0,USD,Success,2026-05-04,PayPal
TXN-a3431375,CUST-f94bfd77,SUB-f8839476,199.0,USD,Success,2025-05-23,PayPal
TXN-b363ed9c,CUST-f94bfd77,SUB-f8839476,199.0,USD,Success,2025-06-23,Credit Card
TXN-36ca8dc7,CUST-f94bfd77,SUB-f8839476,199.0,USD,Success,2025-07-23,Credit Card
TXN-5b55797e,CUST-f94bfd77,SUB-f8839476,199.0,USD,Success,2025-08-23,PayPal
TXN-45cd724c,CUST-f94bfd77,SUB-f8839476,199.0,USD,Success,2025-09-23,Credit Card
TXN-e3620455,CUST-f94bfd77,SUB-f8839476,199.0,USD,Success,2025-10-23,Wire Transfer
TXN-d77696a0,CUST-f94bfd77,SUB-f8839476,199.0,USD,Success,2025-11-23,PayPal
TXN-4dc465e0,CUST-f94bfd77,SUB-f8839476,199.0,USD,Success,2025-12-23,PayPal
TXN-d3206f82,CUST-f94bfd77,SUB-f8839476,199.0,USD,Success,2026-01-23,Wire Transfer
TXN-6cabdda4,CUST-f94bfd77,SUB-f8839476,199.0,USD,Success,2026-02-23,Wire Transfer
TXN-a35fd1e6,CUST-f94bfd77,SUB-f8839476,199.0,USD,Success,2026-03-23,Credit Card
TXN-ab6fed52,CUST-f94bfd77,SUB-f8839476,199.0,USD,Success,2026-04-23,Wire Transfer
TXN-fbdc5cbd,CUST-ed170a7d,SUB-3e85e002,499.0,USD,Success,2026-01-19,PayPal
TXN-0cc519c7,CUST-ed170a7d,SUB-3e85e002,499.0,USD,Success,2026-02-19,Credit Card
TXN-7c1329fe,CUST-ed170a7d,SUB-3e85e002,499.0,USD,Success,2026-03-19,Wire Transfer
TXN-d9ab4c74,CUST-ed170a7d,SUB-3e85e002,499.0,USD,Success,2026-04-19,Credit Card
TXN-7997adab,CUST-244b8374,SUB-997e8112,49.0,USD,Success,2024-08-13,Credit Card
TXN-44d73ee0,CUST-244b8374,SUB-997e8112,49.0,USD,Failed,2024-09-13,Credit Card
TXN-d7a1aef2,CUST-244b8374,SUB-997e8112,49.0,USD,Success,2024-10-13,Credit Card
TXN-362462a1,CUST-244b8374,SUB-997e8112,49.0,USD,Success,2024-11-13,Wire Transfer
TXN-1c0ddd93,CUST-244b8374,SUB-997e8112,49.0,USD,Success,2024-12-13,PayPal
TXN-b08ccc22,CUST-244b8374,SUB-997e8112,49.0,USD,Success,2025-01-13,PayPal
TXN-ae397c2c,CUST-244b8374,SUB-997e8112,49.0,USD,Failed,2025-02-13,Wire Transfer
TXN-8c401f49,CUST-244b8374,SUB-997e8112,49.0,USD,Refunded,2025-03-13,PayPal
TXN-77054e8d,CUST-244b8374,SUB-997e8112,49.0,USD,Success,2025-04-13,Credit Card
TXN-5e1c3cfd,CUST-244b8374,SUB-997e8112,49.0,USD,Success,2025-05-13,Credit Card
TXN-215d109d,CUST-244b8374,SUB-997e8112,49.0,USD,Success,2025-06-13,Credit Card
TXN-6b8a7d04,CUST-244b8374,SUB-997e8112,49.0,USD,Success,2025-07-13,Wire Transfer
TXN-e985ed4d,CUST-244b8374,SUB-997e8112,49.0,USD,Success,2025-08-13,Credit Card
TXN-24aee8e2,CUST-244b8374,SUB-997e8112,49.0,USD,Success,2025-09-13,Credit Card
TXN-ddc2216e,CUST-244b8374,SUB-997e8112,49.0,USD,Success,2025-10-13,Wire Transfer
TXN-cbfeb34e,CUST-244b8374,SUB-997e8112,49.0,USD,Success,2025-11-13,Credit Card
TXN-09e1196f,CUST-244b8374,SUB-997e8112,49.0,USD,Success,2025-12-13,Credit Card
TXN-7e0fb138,CUST-244b8374,SUB-997e8112,49.0,USD,Failed,2026-01-13,PayPal
TXN-b3140540,CUST-244b8374,SUB-997e8112,49.0,USD,Success,2026-02-13,Wire Transfer
TXN-73c864d7,CUST-244b8374,SUB-997e8112,49.0,USD,Success,2026-03-13,Credit Card
TXN-0b81c31f,CUST-244b8374,SUB-997e8112,49.0,USD,Success,2026-04-13,Credit Card
TXN-ad1e9f44,CUST-65aed750,SUB-d1f8a6b1,199.0,USD,Success,2025-10-21,Credit Card
TXN-df7dd0ca,CUST-65aed750,SUB-d1f8a6b1,199.0,USD,Success,2025-11-21,Credit Card
TXN-6008c409,CUST-65aed750,SUB-d1f8a6b1,199.0,USD,Success,2025-12-21,PayPal
TXN-6a969699,CUST-65aed750,SUB-d1f8a6b1,199.0,USD,Refunded,2026-01-21,PayPal
TXN-b1e178c1,CUST-65aed750,SUB-d1f8a6b1,199.0,USD,Success,2026-02-21,PayPal
TXN-2c0c52d7,CUST-65aed750,SUB-d1f8a6b1,199.0,USD,Success,2026-03-21,PayPal
TXN-fc18df2f,CUST-65aed750,SUB-d1f8a6b1,199.0,USD,Success,2026-04-21,Wire Transfer
TXN-21a39dd9,CUST-34ff0f5b,SUB-f007ec65,199.0,USD,Success,2024-06-07,Credit Card
TXN-2ac8d19a,CUST-34ff0f5b,SUB-f007ec65,199.0,USD,Success,2024-07-07,PayPal
TXN-d1b6ef28,CUST-34ff0f5b,SUB-f007ec65,199.0,USD,Failed,2024-08-07,Credit Card
TXN-464b43b8,CUST-34ff0f5b,SUB-f007ec65,199.0,USD,Success,2024-09-07,Wire Transfer
TXN-2af41815,CUST-34ff0f5b,SUB-f007ec65,199.0,USD,Success,2024-10-07,Credit Card
TXN-301671b6,CUST-34ff0f5b,SUB-f007ec65,199.0,USD,Failed,2024-11-07,Credit Card
TXN-2e83ea6d,CUST-34ff0f5b,SUB-f007ec65,199.0,USD,Success,2024-12-07,PayPal
TXN-ed1af539,CUST-34ff0f5b,SUB-f007ec65,199.0,USD,Success,2025-01-07,PayPal
TXN-d738808f,CUST-34ff0f5b,SUB-f007ec65,199.0,USD,Success,2025-02-07,Wire Transfer
TXN-38d08533,CUST-34ff0f5b,SUB-f007ec65,199.0,USD,Success,2025-03-07,Credit Card
TXN-98f95a85,CUST-34ff0f5b,SUB-f007ec65,199.0,USD,Success,2025-04-07,PayPal
TXN-0bb5b995,CUST-34ff0f5b,SUB-f007ec65,199.0,USD,Success,2025-05-07,PayPal
TXN-e543c32d,CUST-34ff0f5b,SUB-f007ec65,199.0,USD,Success,2025-06-07,PayPal
TXN-baa2a765,CUST-34ff0f5b,SUB-f007ec65,199.0,USD,Success,2025-07-07,Wire Transfer
TXN-00bed349,CUST-34ff0f5b,SUB-f007ec65,199.0,USD,Success,2025-08-07,Credit Card
TXN-d0011239,CUST-34ff0f5b,SUB-f007ec65,199.0,USD,Success,2025-09-07,PayPal
TXN-7fc54231,CUST-34ff0f5b,SUB-f007ec65,199.0,USD,Success,2025-10-07,Credit Card
TXN-463a71ec,CUST-34ff0f5b,SUB-f007ec65,199.0,USD,Success,2025-11-07,Wire Transfer
TXN-b621a081,CUST-34ff0f5b,SUB-f007ec65,199.0,USD,Failed,2025-12-07,Credit Card
TXN-c4c4673a,CUST-34ff0f5b,SUB-f007ec65,199.0,USD,Success,2026-01-07,PayPal
TXN-d2d01861,CUST-34ff0f5b,SUB-f007ec65,199.0,USD,Success,2026-02-07,Credit Card
TXN-0336dfa4,CUST-34ff0f5b,SUB-f007ec65,199.0,USD,Success,2026-03-07,Credit Card
TXN-e3689225,CUST-34ff0f5b,SUB-f007ec65,199.0,USD,Success,2026-04-07,Wire Transfer
TXN-9de17708,CUST-34ff0f5b,SUB-f007ec65,199.0,USD,Success,2026-05-07,Wire Transfer
TXN-0e3f6e7d,CUST-e1fe86a2,SUB-0128c5a8,49.0,USD,Success,2025-12-08,Credit Card
TXN-e3fef1ce,CUST-e1fe86a2,SUB-0128c5a8,49.0,USD,Success,2026-01-08,Credit Card
TXN-999a4333,CUST-e1fe86a2,SUB-0128c5a8,49.0,USD,Failed,2026-02-08,Credit Card
TXN-c936245e,CUST-e1fe86a2,SUB-0128c5a8,49.0,USD,Success,2026-03-08,Wire Transfer
TXN-da340731,CUST-e1fe86a2,SUB-0128c5a8,49.0,USD,Success,2026-04-08,Wire Transfer
TXN-aee05f0d,CUST-393cbe03,SUB-797d8e06,49.0,USD,Success,2025-07-18,Credit Card
TXN-915790cd,CUST-393cbe03,SUB-797d8e06,49.0,USD,Failed,2025-08-18,Wire Transfer
TXN-d9573468,CUST-393cbe03,SUB-797d8e06,49.0,USD,Success,2025-09-18,PayPal
TXN-14cfc00b,CUST-393cbe03,SUB-797d8e06,49.0,USD,Success,2025-10-18,Wire Transfer
TXN-27effbbf,CUST-393cbe03,SUB-797d8e06,49.0,USD,Success,2025-11-18,Wire Transfer
TXN-6221810d,CUST-393cbe03,SUB-797d8e06,49.0,USD,Success,2025-12-18,Wire Transfer
TXN-42332b8e,CUST-393cbe03,SUB-797d8e06,49.0,USD,Success,2026-01-18,PayPal
TXN-7806a555,CUST-393cbe03,SUB-797d8e06,49.0,USD,Success,2026-02-18,PayPal
TXN-2b4baeca,CUST-393cbe03,SUB-797d8e06,49.0,USD,Success,2026-03-18,PayPal
TXN-6fbdcb10,CUST-393cbe03,SUB-797d8e06,49.0,USD,Success,2026-04-18,Credit Card
TXN-23308758,CUST-fef475a6,SUB-df951417,499.0,USD,Success,2025-01-30,Credit Card
TXN-e5202f97,CUST-fef475a6,SUB-df951417,499.0,USD,Success,2025-02-28,PayPal
TXN-3bda4c79,CUST-fef475a6,SUB-df951417,499.0,USD,Success,2025-03-28,Credit Card
TXN-4722063f,CUST-fef475a6,SUB-df951417,499.0,USD,Success,2025-04-28,Credit Card
TXN-d985bfda,CUST-fef475a6,SUB-df951417,499.0,USD,Success,2025-05-28,Credit Card
TXN-d3e640bc,CUST-fef475a6,SUB-df951417,499.0,USD,Success,2025-06-28,PayPal
TXN-44137efd,CUST-fef475a6,SUB-df951417,499.0,USD,Success,2025-07-28,Wire Transfer
TXN-5730e424,CUST-fef475a6,SUB-df951417,499.0,USD,Success,2025-08-28,PayPal
TXN-cb93e244,CUST-fef475a6,SUB-df951417,499.0,USD,Success,2025-09-28,PayPal
TXN-1c2c6408,CUST-fef475a6,SUB-df951417,499.0,USD,Success,2025-10-28,Credit Card
TXN-6f8a9517,CUST-fef475a6,SUB-df951417,499.0,USD,Success,2025-11-28,Credit Card
TXN-9333a7d0,CUST-fef475a6,SUB-df951417,499.0,USD,Success,2025-12-28,Wire Transfer
TXN-a9279ede,CUST-fef475a6,SUB-df951417,499.0,USD,Success,2026-01-28,Wire Transfer
TXN-fd29dc2a,CUST-fef475a6,SUB-df951417,499.0,USD,Success,2026-02-28,Wire Transfer
TXN-8ab4b623,CUST-fef475a6,SUB-df951417,499.0,USD,Success,2026-03-28,Wire Transfer
TXN-d81dbd47,CUST-fef475a6,SUB-df951417,499.0,USD,Success,2026-04-28,PayPal
TXN-adead956,CUST-caec1c82,SUB-951d08d8,199.0,USD,Success,2025-08-10,Wire Transfer
TXN-537ffdf5,CUST-caec1c82,SUB-951d08d8,199.0,USD,Success,2025-09-10,PayPal
TXN-d80070db,CUST-caec1c82,SUB-951d08d8,199.0,USD,Failed,2025-10-10,Credit Card
TXN-089110ee,CUST-caec1c82,SUB-951d08d8,199.0,USD,Success,2025-11-10,Wire Transfer
TXN-a31e2a77,CUST-caec1c82,SUB-951d08d8,199.0,USD,Success,2025-12-10,Credit Card
TXN-c6f9ff69,CUST-caec1c82,SUB-951d08d8,199.0,USD,Success,2026-01-10,Credit Card
TXN-55c56b8b,CUST-caec1c82,SUB-951d08d8,199.0,USD,Success,2026-02-10,PayPal
TXN-c5f5ac53,CUST-caec1c82,SUB-951d08d8,199.0,USD,Success,2026-03-10,Wire Transfer
TXN-b6453c01,CUST-caec1c82,SUB-951d08d8,199.0,USD,Success,2026-04-10,PayPal
TXN-dc10251c,CUST-a6926cbf,SUB-ca650bb1,49.0,USD,Success,2024-12-22,Credit Card
TXN-883a825f,CUST-a6926cbf,SUB-ca650bb1,49.0,USD,Success,2025-01-22,Wire Transfer
TXN-aa34e568,CUST-a6926cbf,SUB-ca650bb1,49.0,USD,Success,2025-02-22,Credit Card
TXN-ded06aa6,CUST-a6926cbf,SUB-ca650bb1,49.0,USD,Success,2025-03-22,Credit Card
TXN-f16bb6ef,CUST-a6926cbf,SUB-ca650bb1,49.0,USD,Success,2025-04-22,Wire Transfer
TXN-b16c6b14,CUST-a6926cbf,SUB-ca650bb1,49.0,USD,Success,2025-05-22,Wire Transfer
TXN-9c66f1a1,CUST-a6926cbf,SUB-ca650bb1,49.0,USD,Success,2025-06-22,Wire Transfer
TXN-54259380,CUST-a6926cbf,SUB-ca650bb1,49.0,USD,Success,2025-07-22,PayPal
TXN-d4c2e311,CUST-a6926cbf,SUB-ca650bb1,49.0,USD,Success,2025-08-22,PayPal
TXN-4b83b17a,CUST-a6926cbf,SUB-ca650bb1,49.0,USD,Success,2025-09-22,Credit Card
TXN-5dd04a7f,CUST-a6926cbf,SUB-ca650bb1,49.0,USD,Success,2025-10-22,Wire Transfer
TXN-33e0222a,CUST-a6926cbf,SUB-ca650bb1,49.0,USD,Success,2025-11-22,Credit Card
TXN-b80af940,CUST-a6926cbf,SUB-ca650bb1,49.0,USD,Success,2025-12-22,Credit Card
TXN-525d4049,CUST-a6926cbf,SUB-ca650bb1,49.0,USD,Success,2026-01-22,Credit Card
TXN-e259f8b2,CUST-a6926cbf,SUB-ca650bb1,49.0,USD,Success,2026-02-22,Credit Card
TXN-726d23f8,CUST-a6926cbf,SUB-ca650bb1,49.0,USD,Success,2026-03-22,Credit Card
TXN-285dc400,CUST-41a48eca,SUB-a7d91f6f,499.0,USD,Success,2024-11-20,Wire Transfer
TXN-20289e75,CUST-41a48eca,SUB-a7d91f6f,499.0,USD,Success,2024-12-20,PayPal
TXN-3fd2605f,CUST-41a48eca,SUB-a7d91f6f,499.0,USD,Success,2025-01-20,Wire Transfer
TXN-676c32c4,CUST-41a48eca,SUB-a7d91f6f,499.0,USD,Success,2025-02-20,Wire Transfer
TXN-30a41bd4,CUST-41a48eca,SUB-a7d91f6f,499.0,USD,Success,2025-03-20,Wire Transfer
TXN-e5f10160,CUST-41a48eca,SUB-a7d91f6f,499.0,USD,Success,2025-04-20,PayPal
TXN-53f71c15,CUST-41a48eca,SUB-a7d91f6f,499.0,USD,Success,2025-05-20,PayPal
TXN-96295463,CUST-41a48eca,SUB-a7d91f6f,499.0,USD,Success,2025-06-20,PayPal
TXN-96eca6fa,CUST-41a48eca,SUB-a7d91f6f,499.0,USD,Success,2025-07-20,Wire Transfer
TXN-e92cf501,CUST-41a48eca,SUB-a7d91f6f,499.0,USD,Success,2025-08-20,PayPal
TXN-75155ea1,CUST-41a48eca,SUB-a7d91f6f,499.0,USD,Success,2025-09-20,Credit Card
TXN-26b8e944,CUST-5c0dec8c,SUB-7377e3cf,1999.0,USD,Failed,2024-09-07,PayPal
TXN-47116c67,CUST-5c0dec8c,SUB-7377e3cf,1999.0,USD,Success,2024-10-07,Wire Transfer
TXN-02a5c4d5,CUST-5c0dec8c,SUB-7377e3cf,1999.0,USD,Refunded,2024-11-07,Wire Transfer
TXN-08058f11,CUST-5c0dec8c,SUB-7377e3cf,1999.0,USD,Success,2024-12-07,Credit Card
TXN-f448c2d6,CUST-5c0dec8c,SUB-7377e3cf,1999.0,USD,Success,2025-01-07,PayPal
TXN-f552611a,CUST-5c0dec8c,SUB-7377e3cf,1999.0,USD,Success,2025-02-07,PayPal
TXN-8ca4d860,CUST-5c0dec8c,SUB-7377e3cf,1999.0,USD,Success,2025-03-07,Credit Card
TXN-95d43a35,CUST-5c0dec8c,SUB-7377e3cf,1999.0,USD,Success,2025-04-07,Wire Transfer
TXN-35e195b8,CUST-5c0dec8c,SUB-7377e3cf,1999.0,USD,Success,2025-05-07,Wire Transfer
TXN-f4664f6b,CUST-5c0dec8c,SUB-7377e3cf,1999.0,USD,Success,2025-06-07,PayPal
TXN-40196229,CUST-5c0dec8c,SUB-7377e3cf,1999.0,USD,Success,2025-07-07,PayPal
TXN-665bf5fd,CUST-5c0dec8c,SUB-7377e3cf,1999.0,USD,Success,2025-08-07,PayPal
TXN-551677af,CUST-5c0dec8c,SUB-7377e3cf,1999.0,USD,Success,2025-09-07,PayPal
TXN-c2f8d6f1,CUST-5c0dec8c,SUB-7377e3cf,1999.0,USD,Success,2025-10-07,PayPal
TXN-0f3d18c5,CUST-5c0dec8c,SUB-7377e3cf,1999.0,USD,Success,2025-11-07,Wire Transfer
TXN-1feba8ba,CUST-5c0dec8c,SUB-7377e3cf,1999.0,USD,Success,2025-12-07,Wire Transfer
TXN-4b4e7062,CUST-5c0dec8c,SUB-7377e3cf,1999.0,USD,Success,2026-01-07,Wire Transfer
TXN-5d311573,CUST-5c0dec8c,SUB-7377e3cf,1999.0,USD,Success,2026-02-07,Wire Transfer
TXN-8df487d3,CUST-5c0dec8c,SUB-7377e3cf,1999.0,USD,Success,2026-03-07,Credit Card
TXN-7d1d743a,CUST-5c0dec8c,SUB-7377e3cf,1999.0,USD,Success,2026-04-07,Wire Transfer
TXN-13da53b3,CUST-5c0dec8c,SUB-7377e3cf,1999.0,USD,Success,2026-05-07,Credit Card
TXN-8a73ad0f,CUST-79b2549e,SUB-49d640e2,199.0,USD,Success,2025-06-06,Wire Transfer
TXN-897648c4,CUST-79b2549e,SUB-49d640e2,199.0,USD,Success,2025-07-06,PayPal
TXN-77d7987d,CUST-79b2549e,SUB-49d640e2,199.0,USD,Success,2025-08-06,PayPal
TXN-9c0d24b7,CUST-79b2549e,SUB-49d640e2,199.0,USD,Success,2025-09-06,PayPal
TXN-6717b468,CUST-79b2549e,SUB-49d640e2,199.0,USD,Success,2025-10-06,Credit Card
TXN-44e3317c,CUST-79b2549e,SUB-49d640e2,199.0,USD,Success,2025-11-06,Wire Transfer
TXN-43a288c9,CUST-79b2549e,SUB-49d640e2,199.0,USD,Failed,2025-12-06,Wire Transfer
TXN-37169c4b,CUST-03f9582d,SUB-9f49f034,199.0,USD,Success,2024-06-11,Credit Card
TXN-9680a596,CUST-03f9582d,SUB-9f49f034,199.0,USD,Success,2024-07-11,Credit Card
TXN-f57dca90,CUST-03f9582d,SUB-9f49f034,199.0,USD,Success,2024-08-11,Credit Card
TXN-ee3172b0,CUST-03f9582d,SUB-9f49f034,199.0,USD,Success,2024-09-11,Credit Card
TXN-b77755b1,CUST-03f9582d,SUB-9f49f034,199.0,USD,Success,2024-10-11,Credit Card
TXN-5712b5ed,CUST-03f9582d,SUB-9f49f034,199.0,USD,Success,2024-11-11,PayPal
TXN-d2b7b09c,CUST-03f9582d,SUB-9f49f034,199.0,USD,Success,2024-12-11,Wire Transfer
TXN-5e097565,CUST-03f9582d,SUB-9f49f034,199.0,USD,Failed,2025-01-11,Credit Card
TXN-1f7b426a,CUST-03f9582d,SUB-9f49f034,199.0,USD,Success,2025-02-11,PayPal
TXN-9a284e94,CUST-03f9582d,SUB-9f49f034,199.0,USD,Failed,2025-03-11,Credit Card
TXN-a08c0fd4,CUST-03f9582d,SUB-9f49f034,199.0,USD,Success,2025-04-11,PayPal
TXN-a301727e,CUST-03f9582d,SUB-9f49f034,199.0,USD,Success,2025-05-11,Credit Card
TXN-c6f2f05c,CUST-03f9582d,SUB-9f49f034,199.0,USD,Success,2025-06-11,Wire Transfer
TXN-89c59fa1,CUST-03f9582d,SUB-9f49f034,199.0,USD,Success,2025-07-11,Credit Card
TXN-e705bf59,CUST-03f9582d,SUB-9f49f034,199.0,USD,Success,2025-08-11,Credit Card
TXN-9e498a5d,CUST-03f9582d,SUB-9f49f034,199.0,USD,Success,2025-09-11,Wire Transfer
TXN-b54146ff,CUST-03f9582d,SUB-9f49f034,199.0,USD,Success,2025-10-11,Wire Transfer
TXN-ba2107e7,CUST-03f9582d,SUB-9f49f034,199.0,USD,Success,2025-11-11,Credit Card
TXN-b96d3e2f,CUST-03f9582d,SUB-9f49f034,199.0,USD,Success,2025-12-11,Wire Transfer
TXN-4572b9d6,CUST-03f9582d,SUB-9f49f034,199.0,USD,Success,2026-01-11,Wire Transfer
TXN-b8fbff20,CUST-03f9582d,SUB-9f49f034,199.0,USD,Success,2026-02-11,PayPal
TXN-d97b11c2,CUST-ad2387c0,SUB-4e66ac44,499.0,USD,Success,2025-12-10,Wire Transfer
TXN-e380ae62,CUST-ad2387c0,SUB-4e66ac44,499.0,USD,Success,2026-01-10,Wire Transfer
TXN-e911ddfe,CUST-ad2387c0,SUB-4e66ac44,499.0,USD,Success,2026-02-10,Credit Card
TXN-53f5cd09,CUST-ad2387c0,SUB-4e66ac44,499.0,USD,Success,2026-03-10,Credit Card
TXN-7286142d,CUST-ad2387c0,SUB-4e66ac44,499.0,USD,Success,2026-04-10,PayPal
TXN-994ef2a9,CUST-8d534dcb,SUB-f8c7e620,1999.0,USD,Success,2025-04-01,Credit Card
TXN-f98c273c,CUST-8d534dcb,SUB-f8c7e620,1999.0,USD,Success,2025-05-01,Wire Transfer
TXN-0a429bf7,CUST-8d534dcb,SUB-f8c7e620,1999.0,USD,Success,2025-06-01,Wire Transfer
TXN-9f0006e3,CUST-8d534dcb,SUB-f8c7e620,1999.0,USD,Success,2025-07-01,Wire Transfer
TXN-36b48024,CUST-8d534dcb,SUB-f8c7e620,1999.0,USD,Success,2025-08-01,Credit Card
TXN-3d08eb8f,CUST-8d534dcb,SUB-f8c7e620,1999.0,USD,Success,2025-09-01,Wire Transfer
TXN-6756a4f6,CUST-8d534dcb,SUB-f8c7e620,1999.0,USD,Success,2025-10-01,Wire Transfer
TXN-864f6186,CUST-8d534dcb,SUB-f8c7e620,1999.0,USD,Success,2025-11-01,PayPal
TXN-6533e901,CUST-8d534dcb,SUB-f8c7e620,1999.0,USD,Success,2025-12-01,PayPal
TXN-1ad128cd,CUST-8d534dcb,SUB-f8c7e620,1999.0,USD,Success,2026-01-01,PayPal
TXN-a088e886,CUST-8d534dcb,SUB-f8c7e620,1999.0,USD,Success,2026-02-01,Credit Card
TXN-e535c6cb,CUST-8d534dcb,SUB-f8c7e620,1999.0,USD,Success,2026-03-01,Wire Transfer
TXN-5b2a0162,CUST-8d534dcb,SUB-f8c7e620,1999.0,USD,Success,2026-04-01,Wire Transfer
TXN-686a3175,CUST-8d534dcb,SUB-f8c7e620,1999.0,USD,Success,2026-05-01,Wire Transfer
TXN-81e45f5c,CUST-435b6ccc,SUB-f1892297,499.0,USD,Success,2026-04-26,PayPal
TXN-e4f91575,CUST-c3e89c89,SUB-db48d72c,199.0,USD,Success,2024-06-16,Wire Transfer
TXN-c1ded25a,CUST-c3e89c89,SUB-db48d72c,199.0,USD,Success,2024-07-16,Wire Transfer
TXN-8e732106,CUST-c3e89c89,SUB-db48d72c,199.0,USD,Success,2024-08-16,Wire Transfer
TXN-c896fd0a,CUST-c3e89c89,SUB-db48d72c,199.0,USD,Success,2024-09-16,Wire Transfer
TXN-13102fa9,CUST-c3e89c89,SUB-db48d72c,199.0,USD,Success,2024-10-16,Wire Transfer
TXN-ca8d7847,CUST-c3e89c89,SUB-db48d72c,199.0,USD,Success,2024-11-16,Credit Card
TXN-df3fcf6f,CUST-c3e89c89,SUB-db48d72c,199.0,USD,Success,2024-12-16,Wire Transfer
TXN-fffb5910,CUST-c3e89c89,SUB-db48d72c,199.0,USD,Success,2025-01-16,Credit Card
TXN-aa9dde95,CUST-c3e89c89,SUB-db48d72c,199.0,USD,Failed,2025-02-16,Wire Transfer
TXN-1c5fbda4,CUST-c3e89c89,SUB-db48d72c,199.0,USD,Success,2025-03-16,Credit Card
TXN-f71b8206,CUST-c3e89c89,SUB-db48d72c,199.0,USD,Success,2025-04-16,Wire Transfer
TXN-50b35ab8,CUST-c3e89c89,SUB-db48d72c,199.0,USD,Success,2025-05-16,Wire Transfer
TXN-98a9b5b7,CUST-c3e89c89,SUB-db48d72c,199.0,USD,Success,2025-06-16,Wire Transfer
TXN-23d316e4,CUST-c3e89c89,SUB-db48d72c,199.0,USD,Success,2025-07-16,Wire Transfer
TXN-deacb3b7,CUST-c3e89c89,SUB-db48d72c,199.0,USD,Success,2025-08-16,PayPal
TXN-d4b3b36b,CUST-c3e89c89,SUB-db48d72c,199.0,USD,Success,2025-09-16,Wire Transfer
TXN-e29512d6,CUST-c3e89c89,SUB-db48d72c,199.0,USD,Success,2025-10-16,Credit Card
TXN-cdaf8574,CUST-c3e89c89,SUB-db48d72c,199.0,USD,Success,2025-11-16,PayPal
TXN-718ca89b,CUST-c3e89c89,SUB-db48d72c,199.0,USD,Refunded,2025-12-16,PayPal
TXN-d3d0fb55,CUST-c3e89c89,SUB-db48d72c,199.0,USD,Success,2026-01-16,Wire Transfer
TXN-c17f0b11,CUST-c3e89c89,SUB-db48d72c,199.0,USD,Success,2026-02-16,Credit Card
TXN-34663a8c,CUST-c3e89c89,SUB-db48d72c,199.0,USD,Success,2026-03-16,Credit Card
TXN-1db22300,CUST-c3e89c89,SUB-db48d72c,199.0,USD,Success,2026-04-16,PayPal
TXN-c810049e,CUST-5919e110,SUB-2fa0d6eb,199.0,USD,Success,2024-07-01,Credit Card
TXN-659c60ba,CUST-5919e110,SUB-2fa0d6eb,199.0,USD,Success,2024-08-01,Wire Transfer
TXN-2073ffbb,CUST-5919e110,SUB-2fa0d6eb,199.0,USD,Success,2024-09-01,Wire Transfer
TXN-500c03cc,CUST-5919e110,SUB-2fa0d6eb,199.0,USD,Failed,2024-10-01,Wire Transfer
TXN-cb39429b,CUST-5919e110,SUB-2fa0d6eb,199.0,USD,Success,2024-11-01,Wire Transfer
TXN-a5a1fbdf,CUST-5919e110,SUB-2fa0d6eb,199.0,USD,Success,2024-12-01,Wire Transfer
TXN-b3578d06,CUST-5919e110,SUB-2fa0d6eb,199.0,USD,Success,2025-01-01,PayPal
TXN-51490ec5,CUST-5919e110,SUB-2fa0d6eb,199.0,USD,Success,2025-02-01,Wire Transfer
TXN-6eead91f,CUST-d0dae513,SUB-5eb31776,499.0,USD,Success,2025-02-08,Wire Transfer
TXN-e62bb7df,CUST-d0dae513,SUB-5eb31776,499.0,USD,Success,2025-03-08,PayPal
TXN-6d94cd39,CUST-d0dae513,SUB-5eb31776,499.0,USD,Success,2025-04-08,PayPal
TXN-b9ec734c,CUST-d0dae513,SUB-5eb31776,499.0,USD,Success,2025-05-08,PayPal
TXN-863b5109,CUST-d0dae513,SUB-5eb31776,499.0,USD,Success,2025-06-08,Credit Card
TXN-09dbc307,CUST-d0dae513,SUB-5eb31776,499.0,USD,Success,2025-07-08,Credit Card
TXN-deec3a0b,CUST-d0dae513,SUB-5eb31776,499.0,USD,Success,2025-08-08,Wire Transfer
TXN-b9abbe02,CUST-d0dae513,SUB-5eb31776,499.0,USD,Success,2025-09-08,Wire Transfer
TXN-5746ca8d,CUST-d0dae513,SUB-5eb31776,499.0,USD,Success,2025-10-08,Wire Transfer
TXN-eb357110,CUST-d0dae513,SUB-5eb31776,499.0,USD,Success,2025-11-08,Credit Card
TXN-56d45993,CUST-d0dae513,SUB-5eb31776,499.0,USD,Success,2025-12-08,Wire Transfer
TXN-70084a86,CUST-d0dae513,SUB-5eb31776,499.0,USD,Success,2026-01-08,Wire Transfer
TXN-59447d4b,CUST-d0dae513,SUB-5eb31776,499.0,USD,Success,2026-02-08,Credit Card
TXN-0ffb2795,CUST-d0dae513,SUB-5eb31776,499.0,USD,Success,2026-03-08,PayPal
TXN-63a3415d,CUST-d0dae513,SUB-5eb31776,499.0,USD,Success,2026-04-08,Credit Card
TXN-bf42d888,CUST-d0dae513,SUB-5eb31776,499.0,USD,Success,2026-05-08,Wire Transfer
TXN-4067434f,CUST-9f5b6e8d,SUB-a08cfcd7,49.0,USD,Success,2024-07-26,Credit Card
TXN-cb187c1d,CUST-9f5b6e8d,SUB-a08cfcd7,49.0,USD,Success,2024-08-26,PayPal
TXN-c0976ea2,CUST-9f5b6e8d,SUB-a08cfcd7,49.0,USD,Success,2024-09-26,PayPal
TXN-e9717397,CUST-9f5b6e8d,SUB-a08cfcd7,49.0,USD,Failed,2024-10-26,PayPal
TXN-43964497,CUST-9f5b6e8d,SUB-a08cfcd7,49.0,USD,Success,2024-11-26,PayPal
TXN-55aa3453,CUST-9f5b6e8d,SUB-a08cfcd7,49.0,USD,Success,2024-12-26,PayPal
TXN-ecd207ca,CUST-9f5b6e8d,SUB-a08cfcd7,49.0,USD,Success,2025-01-26,PayPal
TXN-8e943910,CUST-9f5b6e8d,SUB-a08cfcd7,49.0,USD,Success,2025-02-26,Wire Transfer
TXN-de5d3d05,CUST-9f5b6e8d,SUB-a08cfcd7,49.0,USD,Success,2025-03-26,Wire Transfer
TXN-97438f2d,CUST-9f5b6e8d,SUB-a08cfcd7,49.0,USD,Success,2025-04-26,Credit Card
TXN-719f0667,CUST-292439a9,SUB-67804ee6,199.0,USD,Failed,2024-06-07,Wire Transfer
TXN-0403d203,CUST-292439a9,SUB-67804ee6,199.0,USD,Success,2024-07-07,PayPal
TXN-73bdd5ac,CUST-292439a9,SUB-67804ee6,199.0,USD,Success,2024-08-07,Wire Transfer
TXN-df798844,CUST-292439a9,SUB-67804ee6,199.0,USD,Success,2024-09-07,Credit Card
TXN-99f71c40,CUST-292439a9,SUB-67804ee6,199.0,USD,Success,2024-10-07,PayPal
TXN-ce9f8152,CUST-292439a9,SUB-67804ee6,199.0,USD,Success,2024-11-07,Wire Transfer
TXN-d0a7fcf1,CUST-292439a9,SUB-67804ee6,199.0,USD,Success,2024-12-07,Wire Transfer
TXN-913d0c95,CUST-292439a9,SUB-67804ee6,199.0,USD,Success,2025-01-07,Credit Card
TXN-73c99227,CUST-292439a9,SUB-67804ee6,199.0,USD,Success,2025-02-07,PayPal
TXN-3b72f054,CUST-292439a9,SUB-67804ee6,199.0,USD,Success,2025-03-07,Credit Card
TXN-bf52a162,CUST-292439a9,SUB-67804ee6,199.0,USD,Success,2025-04-07,PayPal
TXN-c55bc4f7,CUST-292439a9,SUB-67804ee6,199.0,USD,Failed,2025-05-07,PayPal
TXN-e774b435,CUST-292439a9,SUB-67804ee6,199.0,USD,Success,2025-06-07,Wire Transfer
TXN-6c97d8a3,CUST-292439a9,SUB-67804ee6,199.0,USD,Success,2025-07-07,Credit Card
TXN-aef69452,CUST-292439a9,SUB-67804ee6,199.0,USD,Success,2025-08-07,Credit Card
TXN-a9661a40,CUST-292439a9,SUB-67804ee6,199.0,USD,Success,2025-09-07,Credit Card
TXN-614b5e47,CUST-292439a9,SUB-67804ee6,199.0,USD,Success,2025-10-07,PayPal
TXN-91923292,CUST-292439a9,SUB-67804ee6,199.0,USD,Success,2025-11-07,Credit Card
TXN-7474f363,CUST-292439a9,SUB-67804ee6,199.0,USD,Success,2025-12-07,PayPal
TXN-8276b7f9,CUST-292439a9,SUB-67804ee6,199.0,USD,Success,2026-01-07,Credit Card
TXN-7616ab6d,CUST-292439a9,SUB-67804ee6,199.0,USD,Success,2026-02-07,Credit Card
TXN-1567f323,CUST-292439a9,SUB-67804ee6,199.0,USD,Success,2026-03-07,Wire Transfer
TXN-27a4311a,CUST-292439a9,SUB-67804ee6,199.0,USD,Success,2026-04-07,Credit Card
TXN-ae9936b3,CUST-292439a9,SUB-67804ee6,199.0,USD,Success,2026-05-07,Wire Transfer
TXN-ea7d028e,CUST-97df0f7a,SUB-0cc340ef,499.0,USD,Success,2025-03-03,Wire Transfer
TXN-17dc57a2,CUST-97df0f7a,SUB-0cc340ef,499.0,USD,Success,2025-04-03,PayPal
TXN-9ace78cf,CUST-97df0f7a,SUB-0cc340ef,499.0,USD,Success,2025-05-03,Credit Card
TXN-6fc44767,CUST-97df0f7a,SUB-0cc340ef,499.0,USD,Success,2025-06-03,Credit Card
TXN-401d2a5c,CUST-97df0f7a,SUB-0cc340ef,499.0,USD,Success,2025-07-03,Credit Card
TXN-ce67b185,CUST-97df0f7a,SUB-0cc340ef,499.0,USD,Success,2025-08-03,Wire Transfer
TXN-51944945,CUST-97df0f7a,SUB-0cc340ef,499.0,USD,Success,2025-09-03,Credit Card
TXN-ead0cdef,CUST-97df0f7a,SUB-0cc340ef,499.0,USD,Success,2025-10-03,PayPal
TXN-584d490c,CUST-97df0f7a,SUB-0cc340ef,499.0,USD,Success,2025-11-03,PayPal
TXN-26ccb65c,CUST-97df0f7a,SUB-0cc340ef,499.0,USD,Success,2025-12-03,Credit Card
TXN-91605cae,CUST-97df0f7a,SUB-0cc340ef,499.0,USD,Success,2026-01-03,Wire Transfer
TXN-2b2e1df9,CUST-97df0f7a,SUB-0cc340ef,499.0,USD,Failed,2026-02-03,PayPal
TXN-5cbaf0d9,CUST-97df0f7a,SUB-0cc340ef,499.0,USD,Success,2026-03-03,PayPal
TXN-a9f326e8,CUST-97df0f7a,SUB-0cc340ef,499.0,USD,Success,2026-04-03,Wire Transfer
TXN-e7b7ed50,CUST-97df0f7a,SUB-0cc340ef,499.0,USD,Success,2026-05-03,PayPal
TXN-74632a8a,CUST-e1305ba8,SUB-a3f7602e,199.0,USD,Success,2025-09-15,Wire Transfer
TXN-0a70295e,CUST-e1305ba8,SUB-a3f7602e,199.0,USD,Success,2025-10-15,PayPal
TXN-70954808,CUST-e1305ba8,SUB-a3f7602e,199.0,USD,Success,2025-11-15,Wire Transfer
TXN-f4c1154e,CUST-e1305ba8,SUB-a3f7602e,199.0,USD,Success,2025-12-15,PayPal
TXN-061e3f69,CUST-e1305ba8,SUB-a3f7602e,199.0,USD,Success,2026-01-15,Credit Card
TXN-e0d78c06,CUST-e1305ba8,SUB-a3f7602e,199.0,USD,Failed,2026-02-15,PayPal
TXN-0a11f810,CUST-e1305ba8,SUB-a3f7602e,199.0,USD,Success,2026-03-15,PayPal
TXN-4e1e569c,CUST-e1305ba8,SUB-a3f7602e,199.0,USD,Success,2026-04-15,Credit Card
TXN-656ea8ca,CUST-23c362fe,SUB-fafa7ae5,199.0,USD,Success,2026-03-06,Credit Card
TXN-c1d6273f,CUST-23c362fe,SUB-fafa7ae5,199.0,USD,Success,2026-04-06,Credit Card
TXN-b794fdcb,CUST-23c362fe,SUB-fafa7ae5,199.0,USD,Success,2026-05-06,Credit Card
TXN-4b191430,CUST-3cb10dc9,SUB-5e1b449c,199.0,USD,Failed,2025-03-08,Wire Transfer
TXN-ddbce17f,CUST-26591f47,SUB-fe56d0c0,49.0,USD,Success,2026-02-08,Wire Transfer
TXN-b239e522,CUST-26591f47,SUB-fe56d0c0,49.0,USD,Success,2026-03-08,PayPal
TXN-79094324,CUST-7cd0ed26,SUB-8ac1b761,199.0,USD,Success,2025-03-20,PayPal
TXN-f86ba18d,CUST-7cd0ed26,SUB-8ac1b761,199.0,USD,Success,2025-04-20,PayPal
TXN-fc9cb3f6,CUST-7cd0ed26,SUB-8ac1b761,199.0,USD,Success,2025-05-20,Wire Transfer
TXN-9b3f7086,CUST-7cd0ed26,SUB-8ac1b761,199.0,USD,Success,2025-06-20,PayPal
TXN-59c726f8,CUST-7cd0ed26,SUB-8ac1b761,199.0,USD,Success,2025-07-20,PayPal
TXN-9fb091d8,CUST-7cd0ed26,SUB-8ac1b761,199.0,USD,Success,2025-08-20,Wire Transfer
TXN-d38991ac,CUST-7cd0ed26,SUB-8ac1b761,199.0,USD,Success,2025-09-20,PayPal
TXN-ea61632a,CUST-7cd0ed26,SUB-8ac1b761,199.0,USD,Success,2025-10-20,Wire Transfer
TXN-bdf7a300,CUST-7cd0ed26,SUB-8ac1b761,199.0,USD,Success,2025-11-20,Wire Transfer
TXN-95eb529c,CUST-7cd0ed26,SUB-8ac1b761,199.0,USD,Success,2025-12-20,Credit Card
TXN-a7bd45e5,CUST-7cd0ed26,SUB-8ac1b761,199.0,USD,Success,2026-01-20,Credit Card
TXN-2034f56e,CUST-7cd0ed26,SUB-8ac1b761,199.0,USD,Refunded,2026-02-20,Wire Transfer
TXN-5d492c3a,CUST-7cd0ed26,SUB-8ac1b761,199.0,USD,Success,2026-03-20,Wire Transfer
TXN-081b6a7d,CUST-7cd0ed26,SUB-8ac1b761,199.0,USD,Success,2026-04-20,Credit Card
TXN-91e7474c,CUST-bc1ad9c5,SUB-ba156056,499.0,USD,Success,2024-09-18,PayPal
TXN-8d16fae0,CUST-bc1ad9c5,SUB-ba156056,499.0,USD,Success,2024-10-18,PayPal
TXN-90ce1410,CUST-bc1ad9c5,SUB-ba156056,499.0,USD,Success,2024-11-18,PayPal
TXN-48f49644,CUST-bc1ad9c5,SUB-ba156056,499.0,USD,Success,2024-12-18,Wire Transfer
TXN-746cc815,CUST-bc1ad9c5,SUB-ba156056,499.0,USD,Success,2025-01-18,Credit Card
TXN-d4d029fc,CUST-bc1ad9c5,SUB-ba156056,499.0,USD,Success,2025-02-18,PayPal
TXN-f55fb4b0,CUST-bc1ad9c5,SUB-ba156056,499.0,USD,Success,2025-03-18,Credit Card
TXN-8994f5bc,CUST-bc1ad9c5,SUB-ba156056,499.0,USD,Success,2025-04-18,Credit Card
TXN-1d597eef,CUST-bc1ad9c5,SUB-ba156056,499.0,USD,Success,2025-05-18,Wire Transfer
TXN-13682a72,CUST-bc1ad9c5,SUB-ba156056,499.0,USD,Success,2025-06-18,PayPal
TXN-7b90b615,CUST-bc1ad9c5,SUB-ba156056,499.0,USD,Success,2025-07-18,Credit Card
TXN-4c243be3,CUST-bc1ad9c5,SUB-ba156056,499.0,USD,Success,2025-08-18,Wire Transfer
TXN-bb083aba,CUST-bc1ad9c5,SUB-ba156056,499.0,USD,Success,2025-09-18,Wire Transfer
TXN-6677b2a5,CUST-bc1ad9c5,SUB-ba156056,499.0,USD,Failed,2025-10-18,Wire Transfer
TXN-d69a7c2c,CUST-bc1ad9c5,SUB-ba156056,499.0,USD,Success,2025-11-18,PayPal
TXN-f7e244c2,CUST-bc1ad9c5,SUB-ba156056,499.0,USD,Success,2025-12-18,PayPal
TXN-51b962a1,CUST-bc1ad9c5,SUB-ba156056,499.0,USD,Success,2026-01-18,Wire Transfer
TXN-cfefd0ee,CUST-bc1ad9c5,SUB-ba156056,499.0,USD,Success,2026-02-18,PayPal
TXN-91e33709,CUST-bc1ad9c5,SUB-ba156056,499.0,USD,Success,2026-03-18,PayPal
TXN-3ad7325a,CUST-bc1ad9c5,SUB-ba156056,499.0,USD,Success,2026-04-18,Credit Card
TXN-40ceb21e,CUST-b34c8a86,SUB-e94c784f,49.0,USD,Success,2026-01-26,Wire Transfer
TXN-7fa39e4a,CUST-b34c8a86,SUB-e94c784f,49.0,USD,Success,2026-02-26,Wire Transfer
TXN-511da59d,CUST-b34c8a86,SUB-e94c784f,49.0,USD,Success,2026-03-26,PayPal
TXN-3107e8a7,CUST-b34c8a86,SUB-e94c784f,49.0,USD,Success,2026-04-26,Wire Transfer
TXN-3eb26fb2,CUST-dfd73a14,SUB-1118f770,49.0,USD,Success,2024-05-08,Wire Transfer
TXN-bdc2c5b0,CUST-dfd73a14,SUB-1118f770,49.0,USD,Success,2024-06-08,Wire Transfer
TXN-c2353639,CUST-dfd73a14,SUB-1118f770,49.0,USD,Success,2024-07-08,PayPal
TXN-3da45d96,CUST-dfd73a14,SUB-1118f770,49.0,USD,Failed,2024-08-08,PayPal
TXN-cd57bbc6,CUST-dfd73a14,SUB-1118f770,49.0,USD,Success,2024-09-08,PayPal
TXN-502d2782,CUST-dfd73a14,SUB-1118f770,49.0,USD,Success,2024-10-08,Credit Card
TXN-4c0d5563,CUST-dfd73a14,SUB-1118f770,49.0,USD,Refunded,2024-11-08,Wire Transfer
TXN-b7dcce53,CUST-dfd73a14,SUB-1118f770,49.0,USD,Success,2024-12-08,Credit Card
TXN-92e9ef09,CUST-dfd73a14,SUB-1118f770,49.0,USD,Failed,2025-01-08,PayPal
TXN-38ed4079,CUST-dfd73a14,SUB-1118f770,49.0,USD,Success,2025-02-08,Credit Card
TXN-3df26f65,CUST-dfd73a14,SUB-1118f770,49.0,USD,Success,2025-03-08,Wire Transfer
TXN-3754d967,CUST-dfd73a14,SUB-1118f770,49.0,USD,Success,2025-04-08,Wire Transfer
TXN-3740e791,CUST-dfd73a14,SUB-1118f770,49.0,USD,Success,2025-05-08,PayPal
TXN-246c9462,CUST-dfd73a14,SUB-1118f770,49.0,USD,Success,2025-06-08,PayPal
TXN-67f16826,CUST-dfd73a14,SUB-1118f770,49.0,USD,Success,2025-07-08,Credit Card
TXN-ffd6a222,CUST-dfd73a14,SUB-1118f770,49.0,USD,Failed,2025-08-08,PayPal
TXN-44eb84e5,CUST-dfd73a14,SUB-1118f770,49.0,USD,Success,2025-09-08,Credit Card
TXN-f1d5f552,CUST-dfd73a14,SUB-1118f770,49.0,USD,Success,2025-10-08,Wire Transfer
TXN-5a370416,CUST-dfd73a14,SUB-1118f770,49.0,USD,Success,2025-11-08,Wire Transfer
TXN-822e0e60,CUST-dfd73a14,SUB-1118f770,49.0,USD,Success,2025-12-08,Wire Transfer
TXN-544103b4,CUST-dfd73a14,SUB-1118f770,49.0,USD,Success,2026-01-08,Wire Transfer
TXN-ce88d1ce,CUST-dfd73a14,SUB-1118f770,49.0,USD,Success,2026-02-08,Wire Transfer
TXN-8a5ce140,CUST-dfd73a14,SUB-1118f770,49.0,USD,Success,2026-03-08,Credit Card
TXN-2b862888,CUST-dfd73a14,SUB-1118f770,49.0,USD,Success,2026-04-08,Wire Transfer
TXN-b79a6f70,CUST-dfd73a14,SUB-1118f770,49.0,USD,Success,2026-05-08,Credit Card
TXN-4b71d43c,CUST-d5aa617c,SUB-b3e8807a,1999.0,USD,Success,2025-10-26,Wire Transfer
TXN-7c330f11,CUST-d5aa617c,SUB-b3e8807a,1999.0,USD,Success,2025-11-26,Credit Card
TXN-d3312751,CUST-d5aa617c,SUB-b3e8807a,1999.0,USD,Success,2025-12-26,Credit Card
TXN-544f1e06,CUST-d5aa617c,SUB-b3e8807a,1999.0,USD,Success,2026-01-26,Credit Card
TXN-ba1a03b3,CUST-d5aa617c,SUB-b3e8807a,1999.0,USD,Success,2026-02-26,PayPal
TXN-656dbcd7,CUST-d5aa617c,SUB-b3e8807a,1999.0,USD,Failed,2026-03-26,Credit Card
TXN-e7108dd9,CUST-d5aa617c,SUB-b3e8807a,1999.0,USD,Success,2026-04-26,Credit Card
TXN-446f583c,CUST-1e21be8a,SUB-a76158fc,49.0,USD,Success,2024-09-05,Wire Transfer
TXN-8474f994,CUST-1e21be8a,SUB-a76158fc,49.0,USD,Success,2024-10-05,Credit Card
TXN-f21678f8,CUST-1e21be8a,SUB-a76158fc,49.0,USD,Success,2024-11-05,Credit Card
TXN-c6d5c5cc,CUST-1e21be8a,SUB-a76158fc,49.0,USD,Success,2024-12-05,PayPal
TXN-d6d4609a,CUST-1e21be8a,SUB-a76158fc,49.0,USD,Failed,2025-01-05,Wire Transfer
TXN-15e73bfc,CUST-1e21be8a,SUB-a76158fc,49.0,USD,Success,2025-02-05,PayPal
TXN-799a63ba,CUST-1e21be8a,SUB-a76158fc,49.0,USD,Success,2025-03-05,PayPal
TXN-1bbccbaf,CUST-1e21be8a,SUB-a76158fc,49.0,USD,Success,2025-04-05,PayPal
TXN-f8e79882,CUST-1e21be8a,SUB-a76158fc,49.0,USD,Failed,2025-05-05,Credit Card
TXN-aef47222,CUST-1e21be8a,SUB-a76158fc,49.0,USD,Success,2025-06-05,PayPal
TXN-b46e50cd,CUST-1e21be8a,SUB-a76158fc,49.0,USD,Success,2025-07-05,PayPal
TXN-75980430,CUST-1e21be8a,SUB-a76158fc,49.0,USD,Success,2025-08-05,Wire Transfer
TXN-d3f47c4f,CUST-1e21be8a,SUB-a76158fc,49.0,USD,Success,2025-09-05,Wire Transfer
TXN-d9186946,CUST-1e21be8a,SUB-a76158fc,49.0,USD,Success,2025-10-05,Wire Transfer
TXN-f9867ad2,CUST-1e21be8a,SUB-a76158fc,49.0,USD,Success,2025-11-05,Wire Transfer
TXN-993df137,CUST-1e21be8a,SUB-a76158fc,49.0,USD,Success,2025-12-05,PayPal
TXN-14f9f5a7,CUST-1e21be8a,SUB-a76158fc,49.0,USD,Success,2026-01-05,Wire Transfer
TXN-3530e302,CUST-1e21be8a,SUB-a76158fc,49.0,USD,Success,2026-02-05,Credit Card
TXN-84feb22d,CUST-1e21be8a,SUB-a76158fc,49.0,USD,Failed,2026-03-05,PayPal
TXN-cb7f9464,CUST-1e21be8a,SUB-a76158fc,49.0,USD,Success,2026-04-05,Wire Transfer
TXN-1f9609b2,CUST-1e21be8a,SUB-a76158fc,49.0,USD,Success,2026-05-05,PayPal
TXN-2155066c,CUST-c52ca97f,SUB-7dde5b79,49.0,USD,Success,2026-01-28,Wire Transfer
TXN-57944720,CUST-c52ca97f,SUB-7dde5b79,49.0,USD,Success,2026-02-28,PayPal
TXN-50f7b336,CUST-c52ca97f,SUB-7dde5b79,49.0,USD,Success,2026-03-28,Wire Transfer
TXN-9f7b3911,CUST-c52ca97f,SUB-7dde5b79,49.0,USD,Success,2026-04-28,Credit Card
TXN-cd8b674c,CUST-3e1778fb,SUB-e93db514,1999.0,USD,Success,2025-05-27,Wire Transfer
TXN-60253836,CUST-3e1778fb,SUB-e93db514,1999.0,USD,Success,2025-06-27,PayPal
TXN-b4fcc988,CUST-3e1778fb,SUB-e93db514,1999.0,USD,Success,2025-07-27,PayPal
TXN-df10d5a2,CUST-3e1778fb,SUB-e93db514,1999.0,USD,Success,2025-08-27,Credit Card
TXN-b7e28044,CUST-3e1778fb,SUB-e93db514,1999.0,USD,Success,2025-09-27,PayPal
TXN-5f830bfa,CUST-c5744a48,SUB-bd94d1c9,499.0,USD,Success,2025-07-23,Credit Card
TXN-6b1907d5,CUST-c5744a48,SUB-bd94d1c9,499.0,USD,Success,2025-08-23,PayPal
TXN-6293037f,CUST-c5744a48,SUB-bd94d1c9,499.0,USD,Success,2025-09-23,PayPal
TXN-73800dd3,CUST-c5744a48,SUB-bd94d1c9,499.0,USD,Success,2025-10-23,Credit Card
TXN-5ef7d822,CUST-c5744a48,SUB-bd94d1c9,499.0,USD,Failed,2025-11-23,PayPal
TXN-491575d1,CUST-c5744a48,SUB-bd94d1c9,499.0,USD,Success,2025-12-23,PayPal
TXN-afebb48d,CUST-c5744a48,SUB-bd94d1c9,499.0,USD,Success,2026-01-23,Credit Card
TXN-390ed879,CUST-c5744a48,SUB-bd94d1c9,499.0,USD,Success,2026-02-23,Wire Transfer
TXN-dbd1fedd,CUST-c5744a48,SUB-bd94d1c9,499.0,USD,Success,2026-03-23,Credit Card
TXN-df32de90,CUST-c5744a48,SUB-bd94d1c9,499.0,USD,Success,2026-04-23,PayPal
TXN-dfb02fa3,CUST-7d820f47,SUB-08e89c76,199.0,USD,Success,2026-05-06,Wire Transfer
TXN-f7890ea9,CUST-6cd3f89c,SUB-ee8f9156,499.0,USD,Failed,2024-12-03,Wire Transfer
TXN-f11735a8,CUST-6cd3f89c,SUB-ee8f9156,499.0,USD,Success,2025-01-03,Wire Transfer
TXN-220b6cb7,CUST-6cd3f89c,SUB-ee8f9156,499.0,USD,Failed,2025-02-03,Credit Card
TXN-fb1da1a6,CUST-6cd3f89c,SUB-ee8f9156,499.0,USD,Success,2025-03-03,Wire Transfer
TXN-641944b4,CUST-6cd3f89c,SUB-ee8f9156,499.0,USD,Success,2025-04-03,Wire Transfer
TXN-047bfe0f,CUST-6cd3f89c,SUB-ee8f9156,499.0,USD,Success,2025-05-03,Wire Transfer
TXN-c367d366,CUST-6cd3f89c,SUB-ee8f9156,499.0,USD,Success,2025-06-03,PayPal
TXN-621c4822,CUST-6cd3f89c,SUB-ee8f9156,499.0,USD,Success,2025-07-03,Credit Card
TXN-9c983d90,CUST-6cd3f89c,SUB-ee8f9156,499.0,USD,Success,2025-08-03,Credit Card
TXN-51dfc0a9,CUST-6cd3f89c,SUB-ee8f9156,499.0,USD,Success,2025-09-03,PayPal
TXN-12809e78,CUST-6cd3f89c,SUB-ee8f9156,499.0,USD,Success,2025-10-03,Wire Transfer
TXN-9f582a33,CUST-6cd3f89c,SUB-ee8f9156,499.0,USD,Success,2025-11-03,PayPal
TXN-40d29ff4,CUST-6cd3f89c,SUB-ee8f9156,499.0,USD,Success,2025-12-03,PayPal
TXN-c91c2ce2,CUST-6cd3f89c,SUB-ee8f9156,499.0,USD,Success,2026-01-03,Wire Transfer
TXN-75421f22,CUST-6cd3f89c,SUB-ee8f9156,499.0,USD,Success,2026-02-03,Wire Transfer
TXN-e418de3b,CUST-6cd3f89c,SUB-ee8f9156,499.0,USD,Success,2026-03-03,Credit Card
TXN-1c97a321,CUST-6cd3f89c,SUB-ee8f9156,499.0,USD,Success,2026-04-03,Wire Transfer
TXN-ba455e19,CUST-6cd3f89c,SUB-ee8f9156,499.0,USD,Success,2026-05-03,PayPal
TXN-bfb07107,CUST-680ad988,SUB-73b2d213,49.0,USD,Success,2025-04-26,PayPal
TXN-b1c4bb8a,CUST-680ad988,SUB-73b2d213,49.0,USD,Success,2025-05-26,Wire Transfer
TXN-d20b59b2,CUST-680ad988,SUB-73b2d213,49.0,USD,Success,2025-06-26,Credit Card
TXN-60ffdac3,CUST-680ad988,SUB-73b2d213,49.0,USD,Success,2025-07-26,PayPal
TXN-2876608b,CUST-680ad988,SUB-73b2d213,49.0,USD,Success,2025-08-26,Wire Transfer
TXN-ffa44136,CUST-680ad988,SUB-73b2d213,49.0,USD,Success,2025-09-26,Credit Card
TXN-4ec213c3,CUST-680ad988,SUB-73b2d213,49.0,USD,Success,2025-10-26,Credit Card
TXN-b1094166,CUST-680ad988,SUB-73b2d213,49.0,USD,Success,2025-11-26,PayPal
TXN-c6d0185d,CUST-680ad988,SUB-73b2d213,49.0,USD,Success,2025-12-26,PayPal
TXN-dd60d47c,CUST-680ad988,SUB-73b2d213,49.0,USD,Success,2026-01-26,Credit Card
TXN-b8b794ca,CUST-680ad988,SUB-73b2d213,49.0,USD,Success,2026-02-26,Credit Card
TXN-a496d4cc,CUST-680ad988,SUB-73b2d213,49.0,USD,Refunded,2026-03-26,Credit Card
TXN-1c42bfac,CUST-680ad988,SUB-73b2d213,49.0,USD,Success,2026-04-26,Wire Transfer
TXN-803b0a90,CUST-22642985,SUB-19055575,499.0,USD,Success,2025-06-08,PayPal
TXN-6fdb93fa,CUST-22642985,SUB-19055575,499.0,USD,Success,2025-07-08,Credit Card
TXN-cc5dfaa3,CUST-22642985,SUB-19055575,499.0,USD,Success,2025-08-08,PayPal
TXN-0f4aaa25,CUST-22642985,SUB-19055575,499.0,USD,Success,2025-09-08,PayPal
TXN-18899e14,CUST-22642985,SUB-19055575,499.0,USD,Success,2025-10-08,PayPal
TXN-a4d17c8a,CUST-22642985,SUB-19055575,499.0,USD,Success,2025-11-08,Credit Card
TXN-7c8d36a2,CUST-22642985,SUB-19055575,499.0,USD,Success,2025-12-08,Wire Transfer
TXN-d3c40e5a,CUST-22642985,SUB-19055575,499.0,USD,Success,2026-01-08,Credit Card
TXN-c544d7c7,CUST-22642985,SUB-19055575,499.0,USD,Failed,2026-02-08,PayPal
TXN-b85b3d2e,CUST-22642985,SUB-19055575,499.0,USD,Success,2026-03-08,Credit Card
TXN-ff2795ee,CUST-22642985,SUB-19055575,499.0,USD,Success,2026-04-08,Credit Card
TXN-e527e5a4,CUST-22642985,SUB-19055575,499.0,USD,Success,2026-05-08,PayPal
TXN-564654e4,CUST-fe2a82d3,SUB-93156515,199.0,USD,Success,2024-06-20,PayPal
TXN-05736f50,CUST-fe2a82d3,SUB-93156515,199.0,USD,Success,2024-07-20,Credit Card
TXN-d44503fd,CUST-fe2a82d3,SUB-93156515,199.0,USD,Success,2024-08-20,Credit Card
TXN-1b0d1d5b,CUST-fe2a82d3,SUB-93156515,199.0,USD,Success,2024-09-20,Credit Card
TXN-27b9c7d6,CUST-fe2a82d3,SUB-93156515,199.0,USD,Success,2024-10-20,Credit Card
TXN-5148569e,CUST-fe2a82d3,SUB-93156515,199.0,USD,Success,2024-11-20,Wire Transfer
TXN-8e111a28,CUST-fe2a82d3,SUB-93156515,199.0,USD,Success,2024-12-20,Credit Card
TXN-af9a852c,CUST-fe2a82d3,SUB-93156515,199.0,USD,Success,2025-01-20,Wire Transfer
TXN-09e11bb0,CUST-fe2a82d3,SUB-93156515,199.0,USD,Success,2025-02-20,PayPal
TXN-81ec9fdc,CUST-fe2a82d3,SUB-93156515,199.0,USD,Success,2025-03-20,Wire Transfer
TXN-896fc7e6,CUST-fe2a82d3,SUB-93156515,199.0,USD,Success,2025-04-20,PayPal
TXN-fc76a88b,CUST-fe2a82d3,SUB-93156515,199.0,USD,Success,2025-05-20,Wire Transfer
TXN-2f212333,CUST-fe2a82d3,SUB-93156515,199.0,USD,Success,2025-06-20,PayPal
TXN-829d08f3,CUST-fe2a82d3,SUB-93156515,199.0,USD,Success,2025-07-20,Credit Card
TXN-ded1bc6d,CUST-fe2a82d3,SUB-93156515,199.0,USD,Success,2025-08-20,Wire Transfer
TXN-f2ab2b7b,CUST-fe2a82d3,SUB-93156515,199.0,USD,Success,2025-09-20,Wire Transfer
TXN-bc046c86,CUST-bb8b015c,SUB-767f3ee6,499.0,USD,Success,2025-02-07,PayPal
TXN-5772ceba,CUST-bb8b015c,SUB-767f3ee6,499.0,USD,Failed,2025-03-07,PayPal
TXN-4a2d7d35,CUST-bb8b015c,SUB-767f3ee6,499.0,USD,Success,2025-04-07,Wire Transfer
TXN-a7006654,CUST-a49dc687,SUB-5526c4e3,199.0,USD,Refunded,2024-12-19,PayPal
TXN-19aa7cf9,CUST-a49dc687,SUB-5526c4e3,199.0,USD,Success,2025-01-19,Credit Card
TXN-01820a21,CUST-a49dc687,SUB-5526c4e3,199.0,USD,Success,2025-02-19,Wire Transfer
TXN-ffc926b9,CUST-a49dc687,SUB-5526c4e3,199.0,USD,Success,2025-03-19,Credit Card
TXN-43abe8d5,CUST-a49dc687,SUB-5526c4e3,199.0,USD,Success,2025-04-19,Wire Transfer
TXN-f82a73e5,CUST-a49dc687,SUB-5526c4e3,199.0,USD,Success,2025-05-19,Credit Card
TXN-423d6fa9,CUST-a49dc687,SUB-5526c4e3,199.0,USD,Success,2025-06-19,Wire Transfer
TXN-ec76ebe0,CUST-a49dc687,SUB-5526c4e3,199.0,USD,Success,2025-07-19,PayPal
TXN-124280e0,CUST-a49dc687,SUB-5526c4e3,199.0,USD,Success,2025-08-19,Wire Transfer
TXN-ab6925d6,CUST-a49dc687,SUB-5526c4e3,199.0,USD,Success,2025-09-19,Credit Card
TXN-38a48e35,CUST-a49dc687,SUB-5526c4e3,199.0,USD,Success,2025-10-19,Wire Transfer
TXN-5fbbd405,CUST-a49dc687,SUB-5526c4e3,199.0,USD,Success,2025-11-19,Credit Card
TXN-fdbb4342,CUST-a49dc687,SUB-5526c4e3,199.0,USD,Success,2025-12-19,Credit Card
TXN-dceaed70,CUST-a49dc687,SUB-5526c4e3,199.0,USD,Success,2026-01-19,Credit Card
TXN-78654fda,CUST-a49dc687,SUB-5526c4e3,199.0,USD,Success,2026-02-19,PayPal
TXN-f84e9e13,CUST-a49dc687,SUB-5526c4e3,199.0,USD,Success,2026-03-19,Wire Transfer
TXN-6bfb4a47,CUST-a49dc687,SUB-5526c4e3,199.0,USD,Success,2026-04-19,Credit Card
TXN-9988470f,CUST-133bbb48,SUB-07ea29ac,199.0,USD,Success,2024-11-15,PayPal
TXN-df8cde6f,CUST-133bbb48,SUB-07ea29ac,199.0,USD,Success,2024-12-15,Credit Card
TXN-0c64c6bc,CUST-133bbb48,SUB-07ea29ac,199.0,USD,Failed,2025-01-15,Wire Transfer
TXN-61c52377,CUST-133bbb48,SUB-07ea29ac,199.0,USD,Success,2025-02-15,PayPal
TXN-c8c3c45d,CUST-133bbb48,SUB-07ea29ac,199.0,USD,Success,2025-03-15,Credit Card
TXN-0182bdab,CUST-133bbb48,SUB-07ea29ac,199.0,USD,Success,2025-04-15,Credit Card
TXN-97ab91cb,CUST-133bbb48,SUB-07ea29ac,199.0,USD,Success,2025-05-15,Credit Card
TXN-814bd293,CUST-133bbb48,SUB-07ea29ac,199.0,USD,Success,2025-06-15,Wire Transfer
TXN-8e120af3,CUST-133bbb48,SUB-07ea29ac,199.0,USD,Success,2025-07-15,PayPal
TXN-f572e89c,CUST-133bbb48,SUB-07ea29ac,199.0,USD,Success,2025-08-15,PayPal
TXN-d1c1f8d7,CUST-133bbb48,SUB-07ea29ac,199.0,USD,Success,2025-09-15,PayPal
TXN-f13e9719,CUST-133bbb48,SUB-07ea29ac,199.0,USD,Success,2025-10-15,Credit Card
TXN-3a0e069b,CUST-133bbb48,SUB-07ea29ac,199.0,USD,Success,2025-11-15,PayPal
TXN-966f5bbb,CUST-133bbb48,SUB-07ea29ac,199.0,USD,Failed,2025-12-15,Credit Card
TXN-c27d5229,CUST-133bbb48,SUB-07ea29ac,199.0,USD,Success,2026-01-15,Wire Transfer
TXN-c6a72489,CUST-133bbb48,SUB-07ea29ac,199.0,USD,Success,2026-02-15,PayPal
TXN-679eb57c,CUST-133bbb48,SUB-07ea29ac,199.0,USD,Success,2026-03-15,Credit Card
TXN-7de1546a,CUST-133bbb48,SUB-07ea29ac,199.0,USD,Success,2026-04-15,PayPal
TXN-09eabcb9,CUST-447dd15e,SUB-175c20e1,199.0,USD,Success,2025-08-16,PayPal
TXN-eaa31db4,CUST-447dd15e,SUB-175c20e1,199.0,USD,Success,2025-09-16,Wire Transfer
TXN-609ba74d,CUST-447dd15e,SUB-175c20e1,199.0,USD,Success,2025-10-16,PayPal
TXN-059930a6,CUST-447dd15e,SUB-175c20e1,199.0,USD,Success,2025-11-16,Wire Transfer
TXN-52db01d4,CUST-447dd15e,SUB-175c20e1,199.0,USD,Success,2025-12-16,PayPal
TXN-6fa1f592,CUST-447dd15e,SUB-175c20e1,199.0,USD,Failed,2026-01-16,PayPal
TXN-91ed708e,CUST-447dd15e,SUB-175c20e1,199.0,USD,Success,2026-02-16,PayPal
TXN-f422b91c,CUST-447dd15e,SUB-175c20e1,199.0,USD,Success,2026-03-16,PayPal
TXN-3e3fd2ae,CUST-447dd15e,SUB-175c20e1,199.0,USD,Success,2026-04-16,PayPal
TXN-aaf1e2df,CUST-64fa265d,SUB-c7f683dc,199.0,USD,Success,2024-09-20,PayPal
TXN-31f7c762,CUST-64fa265d,SUB-c7f683dc,199.0,USD,Success,2024-10-20,Wire Transfer
TXN-1cd11049,CUST-64fa265d,SUB-c7f683dc,199.0,USD,Success,2024-11-20,Wire Transfer
TXN-c49260c7,CUST-64fa265d,SUB-c7f683dc,199.0,USD,Success,2024-12-20,Credit Card
TXN-15feb8aa,CUST-64fa265d,SUB-c7f683dc,199.0,USD,Success,2025-01-20,PayPal
TXN-432ca344,CUST-64fa265d,SUB-c7f683dc,199.0,USD,Success,2025-02-20,Wire Transfer
TXN-865e1d87,CUST-fd87b458,SUB-cc52537a,499.0,USD,Success,2025-12-21,PayPal
TXN-0b9bf4b0,CUST-fd87b458,SUB-cc52537a,499.0,USD,Success,2026-01-21,PayPal
TXN-6ac2da31,CUST-fd87b458,SUB-cc52537a,499.0,USD,Success,2026-02-21,Wire Transfer
TXN-137fba0d,CUST-fd87b458,SUB-cc52537a,499.0,USD,Success,2026-03-21,PayPal
TXN-35a42d79,CUST-fd87b458,SUB-cc52537a,499.0,USD,Success,2026-04-21,Wire Transfer
TXN-80b1e067,CUST-7533722c,SUB-665375ca,199.0,USD,Success,2024-10-07,Wire Transfer
TXN-a16a96bd,CUST-7533722c,SUB-665375ca,199.0,USD,Refunded,2024-11-07,Credit Card
TXN-00d560c6,CUST-7533722c,SUB-665375ca,199.0,USD,Success,2024-12-07,Credit Card
TXN-edfdf891,CUST-7533722c,SUB-665375ca,199.0,USD,Success,2025-01-07,Credit Card
TXN-7374089a,CUST-7533722c,SUB-665375ca,199.0,USD,Success,2025-02-07,Credit Card
TXN-1165dad1,CUST-7533722c,SUB-665375ca,199.0,USD,Success,2025-03-07,PayPal
TXN-8835fce7,CUST-7533722c,SUB-665375ca,199.0,USD,Success,2025-04-07,PayPal
TXN-92280e65,CUST-7533722c,SUB-665375ca,199.0,USD,Success,2025-05-07,Credit Card
TXN-46b7457a,CUST-7533722c,SUB-665375ca,199.0,USD,Success,2025-06-07,Wire Transfer
TXN-70b5e5da,CUST-7533722c,SUB-665375ca,199.0,USD,Success,2025-07-07,Wire Transfer
TXN-be7c5626,CUST-7533722c,SUB-665375ca,199.0,USD,Failed,2025-08-07,Wire Transfer
TXN-276fbf41,CUST-7533722c,SUB-665375ca,199.0,USD,Success,2025-09-07,Wire Transfer
TXN-5c608efa,CUST-7533722c,SUB-665375ca,199.0,USD,Success,2025-10-07,PayPal
TXN-af5631e2,CUST-7533722c,SUB-665375ca,199.0,USD,Success,2025-11-07,Wire Transfer
TXN-20cb2598,CUST-7533722c,SUB-665375ca,199.0,USD,Success,2025-12-07,Wire Transfer
TXN-c8989f1a,CUST-7533722c,SUB-665375ca,199.0,USD,Success,2026-01-07,Credit Card
TXN-182b8ce9,CUST-7533722c,SUB-665375ca,199.0,USD,Success,2026-02-07,Wire Transfer
TXN-be658785,CUST-7533722c,SUB-665375ca,199.0,USD,Success,2026-03-07,PayPal
TXN-cab36c19,CUST-7533722c,SUB-665375ca,199.0,USD,Success,2026-04-07,Wire Transfer
TXN-73b762c6,CUST-7533722c,SUB-665375ca,199.0,USD,Success,2026-05-07,Wire Transfer
TXN-830108ed,CUST-68eef416,SUB-bf5b83b5,199.0,USD,Success,2025-01-24,PayPal
TXN-d7e17c3d,CUST-68eef416,SUB-bf5b83b5,199.0,USD,Success,2025-02-24,Credit Card
TXN-f1abd5cf,CUST-68eef416,SUB-bf5b83b5,199.0,USD,Success,2025-03-24,PayPal
TXN-624b9176,CUST-68eef416,SUB-bf5b83b5,199.0,USD,Failed,2025-04-24,Credit Card
TXN-184cd56f,CUST-68eef416,SUB-bf5b83b5,199.0,USD,Success,2025-05-24,Wire Transfer
TXN-e036dfdc,CUST-68eef416,SUB-bf5b83b5,199.0,USD,Success,2025-06-24,Credit Card
TXN-82997068,CUST-68eef416,SUB-bf5b83b5,199.0,USD,Success,2025-07-24,Credit Card
TXN-77d43f9d,CUST-68eef416,SUB-bf5b83b5,199.0,USD,Success,2025-08-24,Credit Card
TXN-dd79b9df,CUST-68eef416,SUB-bf5b83b5,199.0,USD,Success,2025-09-24,Wire Transfer
TXN-fad1cd7b,CUST-68eef416,SUB-bf5b83b5,199.0,USD,Success,2025-10-24,Credit Card
TXN-038aa547,CUST-68eef416,SUB-bf5b83b5,199.0,USD,Failed,2025-11-24,Credit Card
TXN-5d06991c,CUST-68eef416,SUB-bf5b83b5,199.0,USD,Success,2025-12-24,Wire Transfer
TXN-8a155cfc,CUST-68eef416,SUB-bf5b83b5,199.0,USD,Refunded,2026-01-24,PayPal
TXN-96b13efa,CUST-68eef416,SUB-bf5b83b5,199.0,USD,Success,2026-02-24,PayPal
TXN-09779ca1,CUST-68eef416,SUB-bf5b83b5,199.0,USD,Success,2026-03-24,PayPal
TXN-06d44aa2,CUST-68eef416,SUB-bf5b83b5,199.0,USD,Refunded,2026-04-24,Wire Transfer
TXN-5399d4e1,CUST-cb8873af,SUB-7373bcce,199.0,USD,Success,2026-01-03,Wire Transfer
TXN-2929e1ee,CUST-cb8873af,SUB-7373bcce,199.0,USD,Failed,2026-02-03,PayPal
TXN-48e0ba7b,CUST-cb8873af,SUB-7373bcce,199.0,USD,Success,2026-03-03,Credit Card
TXN-fe4b1cb7,CUST-cb8873af,SUB-7373bcce,199.0,USD,Success,2026-04-03,PayPal
TXN-2331b05d,CUST-cb8873af,SUB-7373bcce,199.0,USD,Success,2026-05-03,Wire Transfer
TXN-260c89d8,CUST-5cd31378,SUB-6e766192,199.0,USD,Success,2026-04-01,Credit Card
TXN-3b4fce24,CUST-5cd31378,SUB-6e766192,199.0,USD,Success,2026-05-01,Credit Card
TXN-9d8b17c9,CUST-86d423c3,SUB-3a0a0002,499.0,USD,Success,2026-05-04,Wire Transfer
TXN-6e3b1dae,CUST-e4daf5cf,SUB-c122d9c6,499.0,USD,Success,2025-05-18,Credit Card
TXN-4fdd50fc,CUST-e4daf5cf,SUB-c122d9c6,499.0,USD,Success,2025-06-18,PayPal
TXN-ae3705c3,CUST-e4daf5cf,SUB-c122d9c6,499.0,USD,Success,2025-07-18,Wire Transfer
TXN-f17e8d8d,CUST-e4daf5cf,SUB-c122d9c6,499.0,USD,Success,2025-08-18,Wire Transfer
TXN-39815cab,CUST-e4daf5cf,SUB-c122d9c6,499.0,USD,Success,2025-09-18,Wire Transfer
TXN-cd579c46,CUST-e4daf5cf,SUB-c122d9c6,499.0,USD,Success,2025-10-18,Wire Transfer
TXN-3323052f,CUST-e4daf5cf,SUB-c122d9c6,499.0,USD,Success,2025-11-18,Credit Card
TXN-306d7f98,CUST-e4daf5cf,SUB-c122d9c6,499.0,USD,Success,2025-12-18,Wire Transfer
TXN-aaf5e6f0,CUST-e4daf5cf,SUB-c122d9c6,499.0,USD,Success,2026-01-18,Wire Transfer
TXN-910018f5,CUST-e4daf5cf,SUB-c122d9c6,499.0,USD,Success,2026-02-18,Credit Card
TXN-71d8b6f4,CUST-e4daf5cf,SUB-c122d9c6,499.0,USD,Success,2026-03-18,Wire Transfer
TXN-933d35f2,CUST-e4daf5cf,SUB-c122d9c6,499.0,USD,Success,2026-04-18,Credit Card
TXN-bd84741d,CUST-24b4e5cc,SUB-085e6ae1,199.0,USD,Success,2024-06-14,Credit Card
TXN-68295913,CUST-24b4e5cc,SUB-085e6ae1,199.0,USD,Failed,2024-07-14,Wire Transfer
TXN-c2434bd5,CUST-24b4e5cc,SUB-085e6ae1,199.0,USD,Success,2024-08-14,PayPal
TXN-f8cb6fe8,CUST-24b4e5cc,SUB-085e6ae1,199.0,USD,Success,2024-09-14,Wire Transfer
TXN-ab55d35a,CUST-24b4e5cc,SUB-085e6ae1,199.0,USD,Success,2024-10-14,PayPal
TXN-860472bd,CUST-24b4e5cc,SUB-085e6ae1,199.0,USD,Success,2024-11-14,Credit Card
TXN-f24ad4c8,CUST-24b4e5cc,SUB-085e6ae1,199.0,USD,Success,2024-12-14,PayPal
TXN-5ef4db9d,CUST-24b4e5cc,SUB-085e6ae1,199.0,USD,Success,2025-01-14,Wire Transfer
TXN-f98e872f,CUST-24b4e5cc,SUB-085e6ae1,199.0,USD,Success,2025-02-14,Wire Transfer
TXN-7eb7fe39,CUST-24b4e5cc,SUB-085e6ae1,199.0,USD,Failed,2025-03-14,PayPal
TXN-6c1f253f,CUST-24b4e5cc,SUB-085e6ae1,199.0,USD,Success,2025-04-14,Wire Transfer
TXN-584d8f14,CUST-24b4e5cc,SUB-085e6ae1,199.0,USD,Success,2025-05-14,PayPal
TXN-4ac3f27b,CUST-24b4e5cc,SUB-085e6ae1,199.0,USD,Success,2025-06-14,Credit Card
TXN-9de63ec7,CUST-24b4e5cc,SUB-085e6ae1,199.0,USD,Success,2025-07-14,PayPal
TXN-a7fec8d2,CUST-24b4e5cc,SUB-085e6ae1,199.0,USD,Success,2025-08-14,PayPal
TXN-4ada5801,CUST-24b4e5cc,SUB-085e6ae1,199.0,USD,Success,2025-09-14,PayPal
TXN-c6c33151,CUST-24b4e5cc,SUB-085e6ae1,199.0,USD,Success,2025-10-14,PayPal
TXN-3892d24b,CUST-24b4e5cc,SUB-085e6ae1,199.0,USD,Success,2025-11-14,Credit Card
TXN-485e3aae,CUST-24b4e5cc,SUB-085e6ae1,199.0,USD,Success,2025-12-14,Credit Card
TXN-c5c9e0ec,CUST-24b4e5cc,SUB-085e6ae1,199.0,USD,Success,2026-01-14,Credit Card
TXN-b8ce1c5f,CUST-24b4e5cc,SUB-085e6ae1,199.0,USD,Success,2026-02-14,PayPal
TXN-71cc488d,CUST-24b4e5cc,SUB-085e6ae1,199.0,USD,Success,2026-03-14,Credit Card
TXN-d1858069,CUST-24b4e5cc,SUB-085e6ae1,199.0,USD,Success,2026-04-14,Wire Transfer
TXN-1ff49834,CUST-851eac8a,SUB-0a446ef6,1999.0,USD,Success,2025-01-06,Credit Card
TXN-37fe9e15,CUST-851eac8a,SUB-0a446ef6,1999.0,USD,Failed,2025-02-06,PayPal
TXN-0a1a1cad,CUST-851eac8a,SUB-0a446ef6,1999.0,USD,Success,2025-03-06,Wire Transfer
TXN-3046f817,CUST-851eac8a,SUB-0a446ef6,1999.0,USD,Success,2025-04-06,PayPal
TXN-4094cc47,CUST-851eac8a,SUB-0a446ef6,1999.0,USD,Failed,2025-05-06,Wire Transfer
TXN-056ae283,CUST-851eac8a,SUB-0a446ef6,1999.0,USD,Success,2025-06-06,PayPal
TXN-c5a40047,CUST-851eac8a,SUB-0a446ef6,1999.0,USD,Success,2025-07-06,PayPal
TXN-52592e8a,CUST-851eac8a,SUB-0a446ef6,1999.0,USD,Success,2025-08-06,Wire Transfer
TXN-0c72cbde,CUST-851eac8a,SUB-0a446ef6,1999.0,USD,Success,2025-09-06,Credit Card
TXN-8d017d8b,CUST-851eac8a,SUB-0a446ef6,1999.0,USD,Success,2025-10-06,Wire Transfer
TXN-7c659011,CUST-851eac8a,SUB-0a446ef6,1999.0,USD,Success,2025-11-06,Wire Transfer
TXN-52a1d956,CUST-851eac8a,SUB-0a446ef6,1999.0,USD,Success,2025-12-06,Wire Transfer
TXN-e8f23d4b,CUST-851eac8a,SUB-0a446ef6,1999.0,USD,Success,2026-01-06,Wire Transfer
TXN-a6e82b02,CUST-851eac8a,SUB-0a446ef6,1999.0,USD,Success,2026-02-06,Wire Transfer
TXN-1f4fdd42,CUST-851eac8a,SUB-0a446ef6,1999.0,USD,Success,2026-03-06,PayPal
TXN-4cd22928,CUST-851eac8a,SUB-0a446ef6,1999.0,USD,Success,2026-04-06,PayPal
TXN-f962ee37,CUST-851eac8a,SUB-0a446ef6,1999.0,USD,Success,2026-05-06,Credit Card
TXN-eda83e16,CUST-bf555147,SUB-8eed1d2f,499.0,USD,Success,2025-03-13,Credit Card
TXN-0310071b,CUST-bf555147,SUB-8eed1d2f,499.0,USD,Success,2025-04-13,Wire Transfer
TXN-0155d9b9,CUST-bf555147,SUB-8eed1d2f,499.0,USD,Success,2025-05-13,Credit Card
TXN-dafea249,CUST-bf555147,SUB-8eed1d2f,499.0,USD,Success,2025-06-13,Credit Card
TXN-6afea0e5,CUST-bf555147,SUB-8eed1d2f,499.0,USD,Success,2025-07-13,Wire Transfer
TXN-ba8303d6,CUST-bf555147,SUB-8eed1d2f,499.0,USD,Success,2025-08-13,PayPal
TXN-dbd4ca43,CUST-bf555147,SUB-8eed1d2f,499.0,USD,Success,2025-09-13,PayPal
TXN-a09b607f,CUST-bf555147,SUB-8eed1d2f,499.0,USD,Success,2025-10-13,Credit Card
TXN-31eec1aa,CUST-5c814b6b,SUB-e552f999,199.0,USD,Success,2026-04-13,PayPal
TXN-02dd5002,CUST-5c814b6b,SUB-e552f999,199.0,USD,Failed,2026-05-13,PayPal
TXN-75d3ac87,CUST-e432ba94,SUB-2ecebb63,199.0,USD,Refunded,2025-04-01,Credit Card
TXN-12052c21,CUST-e432ba94,SUB-2ecebb63,199.0,USD,Success,2025-05-01,Wire Transfer
TXN-9862a9b8,CUST-e432ba94,SUB-2ecebb63,199.0,USD,Success,2025-06-01,Credit Card
TXN-1d078dad,CUST-e432ba94,SUB-2ecebb63,199.0,USD,Success,2025-07-01,Credit Card
TXN-a1acfc80,CUST-e432ba94,SUB-2ecebb63,199.0,USD,Success,2025-08-01,Credit Card
TXN-7b6d6a17,CUST-e432ba94,SUB-2ecebb63,199.0,USD,Success,2025-09-01,Wire Transfer
TXN-aac53780,CUST-e432ba94,SUB-2ecebb63,199.0,USD,Success,2025-10-01,Wire Transfer
TXN-2bfc6173,CUST-e432ba94,SUB-2ecebb63,199.0,USD,Success,2025-11-01,Wire Transfer
TXN-632ddcac,CUST-e432ba94,SUB-2ecebb63,199.0,USD,Success,2025-12-01,Wire Transfer
TXN-7e099f51,CUST-e432ba94,SUB-2ecebb63,199.0,USD,Success,2026-01-01,Credit Card
TXN-2f951c44,CUST-e432ba94,SUB-2ecebb63,199.0,USD,Success,2026-02-01,PayPal
TXN-0855846a,CUST-e432ba94,SUB-2ecebb63,199.0,USD,Success,2026-03-01,Credit Card
TXN-ccbc247e,CUST-e432ba94,SUB-2ecebb63,199.0,USD,Success,2026-04-01,Wire Transfer
TXN-a25f7f78,CUST-e432ba94,SUB-2ecebb63,199.0,USD,Success,2026-05-01,PayPal
TXN-9f356cf4,CUST-24c07e17,SUB-ad151b67,1999.0,USD,Success,2025-10-28,Credit Card
TXN-cce0f3e4,CUST-24c07e17,SUB-ad151b67,1999.0,USD,Success,2025-11-28,PayPal
TXN-9a7829eb,CUST-24c07e17,SUB-ad151b67,1999.0,USD,Success,2025-12-28,Wire Transfer
TXN-1875547e,CUST-24c07e17,SUB-ad151b67,1999.0,USD,Success,2026-01-28,PayPal
TXN-027ed5bd,CUST-24c07e17,SUB-ad151b67,1999.0,USD,Success,2026-02-28,PayPal
TXN-4d2379c6,CUST-24c07e17,SUB-ad151b67,1999.0,USD,Failed,2026-03-28,Wire Transfer
TXN-df339c1d,CUST-389ca3df,SUB-88f3608d,199.0,USD,Success,2025-02-01,PayPal
TXN-dbc8154d,CUST-389ca3df,SUB-88f3608d,199.0,USD,Success,2025-03-01,Credit Card
TXN-580f57c9,CUST-389ca3df,SUB-88f3608d,199.0,USD,Success,2025-04-01,PayPal
TXN-9afb72d3,CUST-389ca3df,SUB-88f3608d,199.0,USD,Success,2025-05-01,Credit Card
TXN-01bfc74b,CUST-389ca3df,SUB-88f3608d,199.0,USD,Success,2025-06-01,PayPal
TXN-247311d3,CUST-389ca3df,SUB-88f3608d,199.0,USD,Success,2025-07-01,PayPal
TXN-cf909b71,CUST-389ca3df,SUB-88f3608d,199.0,USD,Success,2025-08-01,Wire Transfer
TXN-80ffd0b5,CUST-389ca3df,SUB-88f3608d,199.0,USD,Success,2025-09-01,Wire Transfer
TXN-972d28e6,CUST-389ca3df,SUB-88f3608d,199.0,USD,Success,2025-10-01,Credit Card
TXN-a6cfe354,CUST-389ca3df,SUB-88f3608d,199.0,USD,Success,2025-11-01,Wire Transfer
TXN-913c985e,CUST-389ca3df,SUB-88f3608d,199.0,USD,Success,2025-12-01,Wire Transfer
TXN-229bd3b4,CUST-389ca3df,SUB-88f3608d,199.0,USD,Success,2026-01-01,Wire Transfer
TXN-31942b41,CUST-389ca3df,SUB-88f3608d,199.0,USD,Success,2026-02-01,Wire Transfer
TXN-9aea8b0e,CUST-389ca3df,SUB-88f3608d,199.0,USD,Success,2026-03-01,Wire Transfer
TXN-6ffdd823,CUST-389ca3df,SUB-88f3608d,199.0,USD,Success,2026-04-01,Credit Card
TXN-26a1740d,CUST-389ca3df,SUB-88f3608d,199.0,USD,Success,2026-05-01,Credit Card
TXN-9c66bc0b,CUST-d4fda759,SUB-33870f2e,499.0,USD,Success,2024-10-23,Wire Transfer
TXN-7d2ce2be,CUST-d4fda759,SUB-33870f2e,499.0,USD,Success,2024-11-23,Wire Transfer
TXN-46ae206c,CUST-d4fda759,SUB-33870f2e,499.0,USD,Success,2024-12-23,Credit Card
TXN-563f655b,CUST-d4fda759,SUB-33870f2e,499.0,USD,Success,2025-01-23,PayPal
TXN-05a6af8a,CUST-d4fda759,SUB-33870f2e,499.0,USD,Success,2025-02-23,Credit Card
TXN-3d498814,CUST-d4fda759,SUB-33870f2e,499.0,USD,Success,2025-03-23,PayPal
TXN-b081490a,CUST-d4fda759,SUB-33870f2e,499.0,USD,Success,2025-04-23,Wire Transfer
TXN-7e6f39b9,CUST-d4fda759,SUB-33870f2e,499.0,USD,Refunded,2025-05-23,Wire Transfer
TXN-3fe2efca,CUST-d4fda759,SUB-33870f2e,499.0,USD,Success,2025-06-23,Credit Card
TXN-5f01bec8,CUST-d4fda759,SUB-33870f2e,499.0,USD,Failed,2025-07-23,Wire Transfer
TXN-8c7a9446,CUST-d4fda759,SUB-33870f2e,499.0,USD,Failed,2025-08-23,PayPal
TXN-51882a35,CUST-d4fda759,SUB-33870f2e,499.0,USD,Success,2025-09-23,PayPal
TXN-4b13ce93,CUST-d4fda759,SUB-33870f2e,499.0,USD,Success,2025-10-23,Credit Card
TXN-c9c71861,CUST-d4fda759,SUB-33870f2e,499.0,USD,Success,2025-11-23,PayPal
TXN-370fa5ce,CUST-d4fda759,SUB-33870f2e,499.0,USD,Success,2025-12-23,Credit Card
TXN-c657efd3,CUST-d4fda759,SUB-33870f2e,499.0,USD,Success,2026-01-23,Credit Card
TXN-1020d53a,CUST-d4fda759,SUB-33870f2e,499.0,USD,Success,2026-02-23,PayPal
TXN-4b54543c,CUST-d4fda759,SUB-33870f2e,499.0,USD,Success,2026-03-23,PayPal
TXN-bc911aa0,CUST-d4fda759,SUB-33870f2e,499.0,USD,Success,2026-04-23,PayPal
TXN-2ef14726,CUST-b91aacba,SUB-53ec1e59,199.0,USD,Success,2026-02-21,PayPal
TXN-4d039257,CUST-b91aacba,SUB-53ec1e59,199.0,USD,Failed,2026-03-21,PayPal
TXN-1d2d977f,CUST-b91aacba,SUB-53ec1e59,199.0,USD,Success,2026-04-21,PayPal
TXN-c25c40e1,CUST-2796fd42,SUB-937ff4c5,199.0,USD,Success,2025-11-13,PayPal
TXN-07a29d56,CUST-2796fd42,SUB-937ff4c5,199.0,USD,Success,2025-12-13,Wire Transfer
TXN-48ed157b,CUST-2796fd42,SUB-937ff4c5,199.0,USD,Success,2026-01-13,Credit Card
TXN-86b2e409,CUST-2796fd42,SUB-937ff4c5,199.0,USD,Success,2026-02-13,Credit Card
TXN-e516c361,CUST-2796fd42,SUB-937ff4c5,199.0,USD,Success,2026-03-13,PayPal
TXN-af23cc5b,CUST-2796fd42,SUB-937ff4c5,199.0,USD,Success,2026-04-13,Credit Card
TXN-0d5e73ce,CUST-5011d03e,SUB-bddafd7b,49.0,USD,Success,2025-04-11,PayPal
TXN-44eec5a2,CUST-5011d03e,SUB-bddafd7b,49.0,USD,Success,2025-05-11,Wire Transfer
TXN-642bd503,CUST-5011d03e,SUB-bddafd7b,49.0,USD,Success,2025-06-11,Credit Card
TXN-980006d3,CUST-5011d03e,SUB-bddafd7b,49.0,USD,Success,2025-07-11,Credit Card
TXN-dd16b61f,CUST-5011d03e,SUB-bddafd7b,49.0,USD,Success,2025-08-11,Wire Transfer
TXN-39667ce3,CUST-5011d03e,SUB-bddafd7b,49.0,USD,Success,2025-09-11,Wire Transfer
TXN-14c1e076,CUST-5011d03e,SUB-bddafd7b,49.0,USD,Success,2025-10-11,Wire Transfer
TXN-87986df6,CUST-5011d03e,SUB-bddafd7b,49.0,USD,Success,2025-11-11,Credit Card
TXN-d9244024,CUST-5011d03e,SUB-bddafd7b,49.0,USD,Success,2025-12-11,Credit Card
TXN-5bb6336a,CUST-5011d03e,SUB-bddafd7b,49.0,USD,Success,2026-01-11,Wire Transfer
TXN-63dbea79,CUST-5011d03e,SUB-bddafd7b,49.0,USD,Success,2026-02-11,Wire Transfer
TXN-e86e1c70,CUST-5011d03e,SUB-bddafd7b,49.0,USD,Success,2026-03-11,Wire Transfer
TXN-5cc34c03,CUST-5011d03e,SUB-bddafd7b,49.0,USD,Success,2026-04-11,Wire Transfer
TXN-685d31a4,CUST-abcee1b2,SUB-2274614e,199.0,USD,Success,2024-11-06,Wire Transfer
TXN-4ed39e01,CUST-abcee1b2,SUB-2274614e,199.0,USD,Success,2024-12-06,PayPal
TXN-09bb7dde,CUST-abcee1b2,SUB-2274614e,199.0,USD,Success,2025-01-06,Wire Transfer
TXN-95d2003f,CUST-abcee1b2,SUB-2274614e,199.0,USD,Success,2025-02-06,PayPal
TXN-c74c77a0,CUST-abcee1b2,SUB-2274614e,199.0,USD,Success,2025-03-06,Credit Card
TXN-cc1939a5,CUST-abcee1b2,SUB-2274614e,199.0,USD,Success,2025-04-06,Credit Card
TXN-05f4cb26,CUST-abcee1b2,SUB-2274614e,199.0,USD,Success,2025-05-06,PayPal
TXN-eb6df43f,CUST-abcee1b2,SUB-2274614e,199.0,USD,Success,2025-06-06,Wire Transfer
TXN-206b95e7,CUST-abcee1b2,SUB-2274614e,199.0,USD,Success,2025-07-06,Credit Card
TXN-194627b6,CUST-abcee1b2,SUB-2274614e,199.0,USD,Success,2025-08-06,Wire Transfer
TXN-623d3116,CUST-abcee1b2,SUB-2274614e,199.0,USD,Success,2025-09-06,Wire Transfer
TXN-6c3c7590,CUST-abcee1b2,SUB-2274614e,199.0,USD,Success,2025-10-06,PayPal
TXN-f6862235,CUST-abcee1b2,SUB-2274614e,199.0,USD,Success,2025-11-06,Credit Card
TXN-7fcfd258,CUST-abcee1b2,SUB-2274614e,199.0,USD,Success,2025-12-06,Credit Card
TXN-d20027a6,CUST-abcee1b2,SUB-2274614e,199.0,USD,Success,2026-01-06,PayPal
TXN-31f352c0,CUST-abcee1b2,SUB-2274614e,199.0,USD,Success,2026-02-06,Wire Transfer
TXN-f11a7570,CUST-abcee1b2,SUB-2274614e,199.0,USD,Refunded,2026-03-06,Wire Transfer
TXN-5fc7efdc,CUST-abcee1b2,SUB-2274614e,199.0,USD,Success,2026-04-06,Credit Card
TXN-436001b1,CUST-abcee1b2,SUB-2274614e,199.0,USD,Success,2026-05-06,PayPal
TXN-96a5e536,CUST-d06d5ac0,SUB-8d6679de,1999.0,USD,Success,2026-01-22,PayPal
TXN-dfeee083,CUST-d06d5ac0,SUB-8d6679de,1999.0,USD,Success,2026-02-22,Wire Transfer
TXN-4cfa5a6f,CUST-d06d5ac0,SUB-8d6679de,1999.0,USD,Success,2026-03-22,Wire Transfer
TXN-9027e2af,CUST-d06d5ac0,SUB-8d6679de,1999.0,USD,Success,2026-04-22,PayPal
TXN-16a8e649,CUST-ff1e6cf8,SUB-4622be1f,199.0,USD,Success,2025-01-06,Credit Card
TXN-c2753d4d,CUST-ff1e6cf8,SUB-4622be1f,199.0,USD,Success,2025-02-06,Wire Transfer
TXN-074111b7,CUST-ff1e6cf8,SUB-4622be1f,199.0,USD,Success,2025-03-06,PayPal
TXN-8b5f270b,CUST-ff1e6cf8,SUB-4622be1f,199.0,USD,Success,2025-04-06,PayPal
TXN-e2cbe1fd,CUST-ff1e6cf8,SUB-4622be1f,199.0,USD,Success,2025-05-06,PayPal
TXN-15a885aa,CUST-ff1e6cf8,SUB-4622be1f,199.0,USD,Success,2025-06-06,Credit Card
TXN-5090f95c,CUST-ff1e6cf8,SUB-4622be1f,199.0,USD,Success,2025-07-06,Wire Transfer
TXN-cd80274c,CUST-ff1e6cf8,SUB-4622be1f,199.0,USD,Success,2025-08-06,Wire Transfer
TXN-7cf98be7,CUST-ff1e6cf8,SUB-4622be1f,199.0,USD,Success,2025-09-06,Wire Transfer
TXN-1ada582e,CUST-ff1e6cf8,SUB-4622be1f,199.0,USD,Success,2025-10-06,Credit Card
TXN-8ac2fac9,CUST-ff1e6cf8,SUB-4622be1f,199.0,USD,Success,2025-11-06,Wire Transfer
TXN-3e31afdc,CUST-ff1e6cf8,SUB-4622be1f,199.0,USD,Success,2025-12-06,Wire Transfer
TXN-956fde49,CUST-ff1e6cf8,SUB-4622be1f,199.0,USD,Success,2026-01-06,Wire Transfer
TXN-30813474,CUST-6c658442,SUB-5699b7bc,199.0,USD,Success,2026-02-18,Wire Transfer
TXN-4849a69a,CUST-6c658442,SUB-5699b7bc,199.0,USD,Success,2026-03-18,Credit Card
TXN-989afe05,CUST-6c658442,SUB-5699b7bc,199.0,USD,Success,2026-04-18,PayPal
TXN-85338899,CUST-f1006d5b,SUB-452bbbf5,1999.0,USD,Success,2026-03-23,PayPal
TXN-8be9596f,CUST-f1006d5b,SUB-452bbbf5,1999.0,USD,Success,2026-04-23,Wire Transfer
TXN-1262cd3a,CUST-c8566105,SUB-32c40308,199.0,USD,Success,2025-11-02,Wire Transfer
TXN-6da3a4b3,CUST-c8566105,SUB-32c40308,199.0,USD,Success,2025-12-02,Wire Transfer
TXN-d26636a6,CUST-c8566105,SUB-32c40308,199.0,USD,Success,2026-01-02,Credit Card
TXN-9747ccba,CUST-c8566105,SUB-32c40308,199.0,USD,Success,2026-02-02,Wire Transfer
TXN-09034046,CUST-c8566105,SUB-32c40308,199.0,USD,Success,2026-03-02,Credit Card
TXN-ddee7e7b,CUST-c8566105,SUB-32c40308,199.0,USD,Success,2026-04-02,Wire Transfer
TXN-e5c96505,CUST-c8566105,SUB-32c40308,199.0,USD,Success,2026-05-02,Wire Transfer
TXN-2422a545,CUST-ce3cb715,SUB-f2cee90c,199.0,USD,Success,2025-07-12,PayPal
TXN-a77a6323,CUST-ce3cb715,SUB-f2cee90c,199.0,USD,Success,2025-08-12,Wire Transfer
TXN-3e7ec5a6,CUST-ce3cb715,SUB-f2cee90c,199.0,USD,Success,2025-09-12,Credit Card
TXN-4c3b219b,CUST-ce3cb715,SUB-f2cee90c,199.0,USD,Success,2025-10-12,PayPal
TXN-93ecbd7b,CUST-ce3cb715,SUB-f2cee90c,199.0,USD,Success,2025-11-12,Credit Card
TXN-3d12b0f5,CUST-ce3cb715,SUB-f2cee90c,199.0,USD,Success,2025-12-12,PayPal
TXN-9e3d34ee,CUST-ac3eba75,SUB-2d29ae4b,499.0,USD,Success,2025-04-12,Credit Card
TXN-c1212f25,CUST-ac3eba75,SUB-2d29ae4b,499.0,USD,Success,2025-05-12,PayPal
TXN-926c559b,CUST-ac3eba75,SUB-2d29ae4b,499.0,USD,Success,2025-06-12,Credit Card
TXN-28087305,CUST-ac3eba75,SUB-2d29ae4b,499.0,USD,Success,2025-07-12,Credit Card
TXN-72d17932,CUST-ac3eba75,SUB-2d29ae4b,499.0,USD,Success,2025-08-12,Wire Transfer
TXN-150a175c,CUST-ac3eba75,SUB-2d29ae4b,499.0,USD,Success,2025-09-12,PayPal
TXN-24a9f638,CUST-ac3eba75,SUB-2d29ae4b,499.0,USD,Success,2025-10-12,PayPal
TXN-52ff786f,CUST-ac3eba75,SUB-2d29ae4b,499.0,USD,Success,2025-11-12,Wire Transfer
TXN-883ef22d,CUST-ac3eba75,SUB-2d29ae4b,499.0,USD,Success,2025-12-12,Credit Card
TXN-45ff3d71,CUST-ac3eba75,SUB-2d29ae4b,499.0,USD,Success,2026-01-12,Credit Card
TXN-32ecfaa4,CUST-ac3eba75,SUB-2d29ae4b,499.0,USD,Success,2026-02-12,PayPal
TXN-1531e5e4,CUST-ac3eba75,SUB-2d29ae4b,499.0,USD,Success,2026-03-12,Credit Card
TXN-5dccaa23,CUST-ac3eba75,SUB-2d29ae4b,499.0,USD,Success,2026-04-12,PayPal
TXN-a7968069,CUST-3a9b07e1,SUB-bb254bb4,499.0,USD,Success,2025-01-19,PayPal
TXN-eb0ae65d,CUST-3a9b07e1,SUB-bb254bb4,499.0,USD,Success,2025-02-19,Credit Card
TXN-17f7735d,CUST-3a9b07e1,SUB-bb254bb4,499.0,USD,Success,2025-03-19,Credit Card
TXN-2a2557fe,CUST-3a9b07e1,SUB-bb254bb4,499.0,USD,Success,2025-04-19,Credit Card
TXN-072cdf15,CUST-3a9b07e1,SUB-bb254bb4,499.0,USD,Success,2025-05-19,Wire Transfer
TXN-8999130b,CUST-3a9b07e1,SUB-bb254bb4,499.0,USD,Success,2025-06-19,PayPal
TXN-557e93a3,CUST-3a9b07e1,SUB-bb254bb4,499.0,USD,Success,2025-07-19,Credit Card
TXN-aad884cb,CUST-3a9b07e1,SUB-bb254bb4,499.0,USD,Success,2025-08-19,Wire Transfer
TXN-0d2535b2,CUST-3a9b07e1,SUB-bb254bb4,499.0,USD,Success,2025-09-19,Credit Card
TXN-de0e82fd,CUST-3a9b07e1,SUB-bb254bb4,499.0,USD,Success,2025-10-19,PayPal
TXN-13d19b9b,CUST-3a9b07e1,SUB-bb254bb4,499.0,USD,Success,2025-11-19,Wire Transfer
TXN-a0dad584,CUST-3a9b07e1,SUB-bb254bb4,499.0,USD,Success,2025-12-19,PayPal
TXN-a129959f,CUST-3a9b07e1,SUB-bb254bb4,499.0,USD,Success,2026-01-19,Credit Card
TXN-2be70dac,CUST-3a9b07e1,SUB-bb254bb4,499.0,USD,Success,2026-02-19,Credit Card
TXN-e6db6cb7,CUST-3a9b07e1,SUB-bb254bb4,499.0,USD,Success,2026-03-19,Credit Card
TXN-a7205726,CUST-3a9b07e1,SUB-bb254bb4,499.0,USD,Success,2026-04-19,Wire Transfer
TXN-9fd73b9c,CUST-d1fd86dd,SUB-889a5341,49.0,USD,Success,2025-11-03,Wire Transfer
TXN-f6be8085,CUST-d1fd86dd,SUB-889a5341,49.0,USD,Success,2025-12-03,Wire Transfer
TXN-5e3a11b1,CUST-d1fd86dd,SUB-889a5341,49.0,USD,Success,2026-01-03,Wire Transfer
TXN-38b3c438,CUST-88d2c135,SUB-39af6c58,199.0,USD,Success,2026-03-14,Credit Card
TXN-03026745,CUST-88d2c135,SUB-39af6c58,199.0,USD,Success,2026-04-14,Credit Card
TXN-8c47fa9b,CUST-7be5542a,SUB-091e25e9,199.0,USD,Refunded,2025-12-23,Credit Card
TXN-1e86d81e,CUST-7be5542a,SUB-091e25e9,199.0,USD,Success,2026-01-23,Wire Transfer
TXN-c20ffae0,CUST-7be5542a,SUB-091e25e9,199.0,USD,Success,2026-02-23,Wire Transfer
TXN-72d1a831,CUST-7be5542a,SUB-091e25e9,199.0,USD,Success,2026-03-23,Credit Card
TXN-5e30bc15,CUST-7be5542a,SUB-091e25e9,199.0,USD,Success,2026-04-23,Credit Card
TXN-60aebf7f,CUST-4287a165,SUB-2bf6c84f,49.0,USD,Success,2025-07-14,Wire Transfer
TXN-99938def,CUST-4287a165,SUB-2bf6c84f,49.0,USD,Success,2025-08-14,PayPal
TXN-bbca676c,CUST-4287a165,SUB-2bf6c84f,49.0,USD,Success,2025-09-14,Credit Card
TXN-b640f3ca,CUST-4287a165,SUB-2bf6c84f,49.0,USD,Success,2025-10-14,Credit Card
TXN-67878f97,CUST-4287a165,SUB-2bf6c84f,49.0,USD,Success,2025-11-14,Credit Card
TXN-60d3bf3d,CUST-4287a165,SUB-2bf6c84f,49.0,USD,Success,2025-12-14,Wire Transfer
TXN-bd69cbbf,CUST-7367b27f,SUB-27c01ffc,199.0,USD,Success,2024-06-03,Credit Card
TXN-2328bd57,CUST-7367b27f,SUB-27c01ffc,199.0,USD,Success,2024-07-03,Credit Card
TXN-af78576d,CUST-7367b27f,SUB-27c01ffc,199.0,USD,Success,2024-08-03,Credit Card
TXN-5a42ebd7,CUST-7367b27f,SUB-27c01ffc,199.0,USD,Success,2024-09-03,Credit Card
TXN-4f08f732,CUST-7367b27f,SUB-27c01ffc,199.0,USD,Success,2024-10-03,Credit Card
TXN-8d7d609d,CUST-7367b27f,SUB-27c01ffc,199.0,USD,Success,2024-11-03,PayPal
TXN-589fb9be,CUST-7367b27f,SUB-27c01ffc,199.0,USD,Success,2024-12-03,PayPal
TXN-da6775e8,CUST-7367b27f,SUB-27c01ffc,199.0,USD,Success,2025-01-03,Credit Card
TXN-46aba6e1,CUST-7367b27f,SUB-27c01ffc,199.0,USD,Success,2025-02-03,Credit Card
TXN-dac93e98,CUST-7367b27f,SUB-27c01ffc,199.0,USD,Success,2025-03-03,Credit Card
TXN-dc571791,CUST-7367b27f,SUB-27c01ffc,199.0,USD,Success,2025-04-03,Credit Card
TXN-ee5e13ae,CUST-7367b27f,SUB-27c01ffc,199.0,USD,Success,2025-05-03,Wire Transfer
TXN-d2f61bda,CUST-7367b27f,SUB-27c01ffc,199.0,USD,Success,2025-06-03,Wire Transfer
TXN-cdbbbf77,CUST-7367b27f,SUB-27c01ffc,199.0,USD,Success,2025-07-03,Wire Transfer
TXN-ae9a433c,CUST-7367b27f,SUB-27c01ffc,199.0,USD,Success,2025-08-03,PayPal
TXN-17d739dd,CUST-7367b27f,SUB-27c01ffc,199.0,USD,Success,2025-09-03,Credit Card
TXN-260c00b0,CUST-7367b27f,SUB-27c01ffc,199.0,USD,Success,2025-10-03,Wire Transfer
TXN-45cbd66e,CUST-7367b27f,SUB-27c01ffc,199.0,USD,Success,2025-11-03,Credit Card
TXN-1a3a3410,CUST-7367b27f,SUB-27c01ffc,199.0,USD,Success,2025-12-03,Credit Card
TXN-652217fb,CUST-7367b27f,SUB-27c01ffc,199.0,USD,Failed,2026-01-03,PayPal
TXN-5c3c31c2,CUST-7367b27f,SUB-27c01ffc,199.0,USD,Failed,2026-02-03,PayPal
TXN-69a396a8,CUST-7367b27f,SUB-27c01ffc,199.0,USD,Success,2026-03-03,Wire Transfer
TXN-dd9ed3a5,CUST-7367b27f,SUB-27c01ffc,199.0,USD,Success,2026-04-03,Wire Transfer
TXN-a1e8035e,CUST-7367b27f,SUB-27c01ffc,199.0,USD,Success,2026-05-03,PayPal
TXN-1cdca554,CUST-a6ced3f8,SUB-63715d58,199.0,USD,Success,2025-04-12,PayPal
TXN-c73a443e,CUST-a6ced3f8,SUB-63715d58,199.0,USD,Success,2025-05-12,Credit Card
TXN-d0f15c27,CUST-a6ced3f8,SUB-63715d58,199.0,USD,Success,2025-06-12,Credit Card
TXN-ce130ba7,CUST-a6ced3f8,SUB-63715d58,199.0,USD,Success,2025-07-12,Wire Transfer
TXN-94839422,CUST-a6ced3f8,SUB-63715d58,199.0,USD,Success,2025-08-12,Wire Transfer
TXN-3483e27d,CUST-a6ced3f8,SUB-63715d58,199.0,USD,Success,2025-09-12,PayPal
TXN-ce5ef0ce,CUST-a6ced3f8,SUB-63715d58,199.0,USD,Success,2025-10-12,Wire Transfer
TXN-333091cb,CUST-a6ced3f8,SUB-63715d58,199.0,USD,Success,2025-11-12,Credit Card
TXN-693cbfa0,CUST-a6ced3f8,SUB-63715d58,199.0,USD,Success,2025-12-12,PayPal
TXN-4bec4c07,CUST-a6ced3f8,SUB-63715d58,199.0,USD,Success,2026-01-12,Credit Card
TXN-2ba3a578,CUST-a6ced3f8,SUB-63715d58,199.0,USD,Success,2026-02-12,PayPal
TXN-1ec6ff8b,CUST-a6ced3f8,SUB-63715d58,199.0,USD,Success,2026-03-12,PayPal
TXN-7ad37ce6,CUST-a6ced3f8,SUB-63715d58,199.0,USD,Success,2026-04-12,Credit Card
TXN-df65608f,CUST-4aaf22f0,SUB-71efbdab,49.0,USD,Success,2024-06-08,Wire Transfer
TXN-ae7392d5,CUST-4aaf22f0,SUB-71efbdab,49.0,USD,Success,2024-07-08,Wire Transfer
TXN-6dc02aef,CUST-4aaf22f0,SUB-71efbdab,49.0,USD,Success,2024-08-08,Wire Transfer
TXN-5b501a9f,CUST-4aaf22f0,SUB-71efbdab,49.0,USD,Success,2024-09-08,Wire Transfer
TXN-43469c39,CUST-4aaf22f0,SUB-71efbdab,49.0,USD,Success,2024-10-08,Credit Card
TXN-39ef1737,CUST-4aaf22f0,SUB-71efbdab,49.0,USD,Success,2024-11-08,PayPal
TXN-7d47a687,CUST-4aaf22f0,SUB-71efbdab,49.0,USD,Success,2024-12-08,Credit Card
TXN-244b296d,CUST-4aaf22f0,SUB-71efbdab,49.0,USD,Success,2025-01-08,Wire Transfer
TXN-85af3c10,CUST-4aaf22f0,SUB-71efbdab,49.0,USD,Success,2025-02-08,Wire Transfer
TXN-52f5888b,CUST-4aaf22f0,SUB-71efbdab,49.0,USD,Failed,2025-03-08,Credit Card
TXN-34a6d27c,CUST-4aaf22f0,SUB-71efbdab,49.0,USD,Success,2025-04-08,PayPal
TXN-d1cae77c,CUST-4aaf22f0,SUB-71efbdab,49.0,USD,Success,2025-05-08,Credit Card
TXN-74ad4c97,CUST-4aaf22f0,SUB-71efbdab,49.0,USD,Success,2025-06-08,Credit Card
TXN-19b86130,CUST-4aaf22f0,SUB-71efbdab,49.0,USD,Success,2025-07-08,Credit Card
TXN-863e8a99,CUST-4aaf22f0,SUB-71efbdab,49.0,USD,Success,2025-08-08,PayPal
TXN-bde98b84,CUST-4aaf22f0,SUB-71efbdab,49.0,USD,Success,2025-09-08,Credit Card
TXN-5829cf5a,CUST-4aaf22f0,SUB-71efbdab,49.0,USD,Success,2025-10-08,Credit Card
TXN-2f91999b,CUST-4aaf22f0,SUB-71efbdab,49.0,USD,Success,2025-11-08,Wire Transfer
TXN-27e22c54,CUST-4aaf22f0,SUB-71efbdab,49.0,USD,Success,2025-12-08,Credit Card
TXN-b17bc294,CUST-4aaf22f0,SUB-71efbdab,49.0,USD,Success,2026-01-08,Wire Transfer
TXN-6f2418ed,CUST-4aaf22f0,SUB-71efbdab,49.0,USD,Success,2026-02-08,Wire Transfer
TXN-86662aad,CUST-4aaf22f0,SUB-71efbdab,49.0,USD,Success,2026-03-08,Wire Transfer
TXN-216b2a97,CUST-4aaf22f0,SUB-71efbdab,49.0,USD,Success,2026-04-08,PayPal
TXN-ebfd1639,CUST-4aaf22f0,SUB-71efbdab,49.0,USD,Success,2026-05-08,Wire Transfer
TXN-a2470865,CUST-87cafeb7,SUB-4fcc1b8d,199.0,USD,Success,2025-08-28,Credit Card
TXN-5bb00017,CUST-87cafeb7,SUB-4fcc1b8d,199.0,USD,Success,2025-09-28,Credit Card
TXN-f6d4a89a,CUST-87cafeb7,SUB-4fcc1b8d,199.0,USD,Success,2025-10-28,Wire Transfer
TXN-2bab91de,CUST-87cafeb7,SUB-4fcc1b8d,199.0,USD,Success,2025-11-28,Wire Transfer
TXN-334867ca,CUST-87cafeb7,SUB-4fcc1b8d,199.0,USD,Success,2025-12-28,Credit Card
TXN-6a02c8cc,CUST-87cafeb7,SUB-4fcc1b8d,199.0,USD,Success,2026-01-28,Wire Transfer
TXN-85d92eba,CUST-87cafeb7,SUB-4fcc1b8d,199.0,USD,Success,2026-02-28,PayPal
TXN-85de572a,CUST-87cafeb7,SUB-4fcc1b8d,199.0,USD,Success,2026-03-28,Wire Transfer
TXN-604c253a,CUST-87cafeb7,SUB-4fcc1b8d,199.0,USD,Success,2026-04-28,PayPal
TXN-c6735df7,CUST-2c2f906f,SUB-12da06c8,49.0,USD,Success,2024-09-03,PayPal
TXN-2f85851b,CUST-2c2f906f,SUB-12da06c8,49.0,USD,Success,2024-10-03,PayPal
TXN-e662f952,CUST-2c2f906f,SUB-12da06c8,49.0,USD,Success,2024-11-03,Wire Transfer
TXN-3075f64e,CUST-2c2f906f,SUB-12da06c8,49.0,USD,Success,2024-12-03,PayPal
TXN-4e5023d2,CUST-2c2f906f,SUB-12da06c8,49.0,USD,Success,2025-01-03,PayPal
TXN-0189df37,CUST-2c2f906f,SUB-12da06c8,49.0,USD,Success,2025-02-03,Wire Transfer
TXN-3401bc80,CUST-2c2f906f,SUB-12da06c8,49.0,USD,Success,2025-03-03,PayPal
TXN-f6d2da15,CUST-2c2f906f,SUB-12da06c8,49.0,USD,Success,2025-04-03,Wire Transfer
TXN-db3e24f9,CUST-2c2f906f,SUB-12da06c8,49.0,USD,Success,2025-05-03,Credit Card
TXN-2d3b4992,CUST-2c2f906f,SUB-12da06c8,49.0,USD,Success,2025-06-03,PayPal
TXN-37138ccc,CUST-2c2f906f,SUB-12da06c8,49.0,USD,Success,2025-07-03,Wire Transfer
TXN-ae64c580,CUST-2c2f906f,SUB-12da06c8,49.0,USD,Success,2025-08-03,Credit Card
TXN-7410915f,CUST-2c2f906f,SUB-12da06c8,49.0,USD,Success,2025-09-03,PayPal
TXN-46fe5837,CUST-2c2f906f,SUB-12da06c8,49.0,USD,Success,2025-10-03,PayPal
TXN-340309ac,CUST-2c2f906f,SUB-12da06c8,49.0,USD,Success,2025-11-03,Wire Transfer
TXN-08c71aa1,CUST-2c2f906f,SUB-12da06c8,49.0,USD,Success,2025-12-03,Credit Card
TXN-665167e0,CUST-2c2f906f,SUB-12da06c8,49.0,USD,Success,2026-01-03,Wire Transfer
TXN-0b3e0a45,CUST-2c2f906f,SUB-12da06c8,49.0,USD,Success,2026-02-03,PayPal
TXN-b093b422,CUST-2c2f906f,SUB-12da06c8,49.0,USD,Success,2026-03-03,PayPal
TXN-543add6f,CUST-2c2f906f,SUB-12da06c8,49.0,USD,Success,2026-04-03,PayPal
TXN-4f8bc56d,CUST-2c2f906f,SUB-12da06c8,49.0,USD,Success,2026-05-03,PayPal
TXN-9cbc3cf0,CUST-7e27ae70,SUB-1aee54fe,199.0,USD,Success,2025-07-14,Credit Card
TXN-b30c8a1b,CUST-7e27ae70,SUB-1aee54fe,199.0,USD,Success,2025-08-14,Credit Card
TXN-bc0d7b92,CUST-7e27ae70,SUB-1aee54fe,199.0,USD,Success,2025-09-14,Wire Transfer
TXN-58805b05,CUST-7e27ae70,SUB-1aee54fe,199.0,USD,Success,2025-10-14,Wire Transfer
TXN-84061cd0,CUST-7e27ae70,SUB-1aee54fe,199.0,USD,Success,2025-11-14,Wire Transfer
TXN-9a7e8a13,CUST-7e27ae70,SUB-1aee54fe,199.0,USD,Refunded,2025-12-14,PayPal
TXN-dc509077,CUST-7e27ae70,SUB-1aee54fe,199.0,USD,Success,2026-01-14,Wire Transfer
TXN-8e783537,CUST-7e27ae70,SUB-1aee54fe,199.0,USD,Success,2026-02-14,Credit Card
TXN-77e11363,CUST-7e27ae70,SUB-1aee54fe,199.0,USD,Success,2026-03-14,Wire Transfer
TXN-7bc3e24a,CUST-7e27ae70,SUB-1aee54fe,199.0,USD,Success,2026-04-14,Wire Transfer
TXN-58f65a44,CUST-b26b120d,SUB-7bd0de52,499.0,USD,Success,2025-10-03,Credit Card
TXN-65d18649,CUST-b26b120d,SUB-7bd0de52,499.0,USD,Success,2025-11-03,Credit Card
TXN-b841e303,CUST-b26b120d,SUB-7bd0de52,499.0,USD,Success,2025-12-03,PayPal
TXN-fcbf54a1,CUST-b26b120d,SUB-7bd0de52,499.0,USD,Failed,2026-01-03,Credit Card
TXN-4e8adcc5,CUST-b26b120d,SUB-7bd0de52,499.0,USD,Success,2026-02-03,Credit Card
TXN-b316f6a4,CUST-b26b120d,SUB-7bd0de52,499.0,USD,Success,2026-03-03,Wire Transfer
TXN-fed3e5db,CUST-b26b120d,SUB-7bd0de52,499.0,USD,Success,2026-04-03,Credit Card
TXN-3698462f,CUST-b26b120d,SUB-7bd0de52,499.0,USD,Success,2026-05-03,PayPal
TXN-71e6c38d,CUST-d7fad0c0,SUB-d7f7aac5,499.0,USD,Success,2024-05-10,Wire Transfer
TXN-12785fda,CUST-d7fad0c0,SUB-d7f7aac5,499.0,USD,Success,2024-06-10,PayPal
TXN-f746fd44,CUST-d7fad0c0,SUB-d7f7aac5,499.0,USD,Refunded,2024-07-10,Credit Card
TXN-23588dd5,CUST-d7fad0c0,SUB-d7f7aac5,499.0,USD,Success,2024-08-10,PayPal
TXN-2074f091,CUST-d7fad0c0,SUB-d7f7aac5,499.0,USD,Success,2024-09-10,PayPal
TXN-fe6a59fb,CUST-d7fad0c0,SUB-d7f7aac5,499.0,USD,Success,2024-10-10,Credit Card
TXN-60f1f164,CUST-d7fad0c0,SUB-d7f7aac5,499.0,USD,Success,2024-11-10,Credit Card
TXN-4746699f,CUST-d7fad0c0,SUB-d7f7aac5,499.0,USD,Success,2024-12-10,Wire Transfer
TXN-fc4e9a6b,CUST-d7fad0c0,SUB-d7f7aac5,499.0,USD,Failed,2025-01-10,Wire Transfer
TXN-2e359f13,CUST-d7fad0c0,SUB-d7f7aac5,499.0,USD,Success,2025-02-10,Wire Transfer
TXN-e3e5d32b,CUST-d7fad0c0,SUB-d7f7aac5,499.0,USD,Success,2025-03-10,Credit Card
TXN-8888a965,CUST-d7fad0c0,SUB-d7f7aac5,499.0,USD,Failed,2025-04-10,PayPal
TXN-d7934a52,CUST-d7fad0c0,SUB-d7f7aac5,499.0,USD,Success,2025-05-10,PayPal
TXN-6f27a123,CUST-d7fad0c0,SUB-d7f7aac5,499.0,USD,Success,2025-06-10,Wire Transfer
TXN-76d697e3,CUST-d7fad0c0,SUB-d7f7aac5,499.0,USD,Success,2025-07-10,Wire Transfer
TXN-59cabe18,CUST-d7fad0c0,SUB-d7f7aac5,499.0,USD,Success,2025-08-10,Credit Card
TXN-f26ee081,CUST-d7fad0c0,SUB-d7f7aac5,499.0,USD,Success,2025-09-10,PayPal
TXN-c1343bf4,CUST-d7fad0c0,SUB-d7f7aac5,499.0,USD,Success,2025-10-10,Wire Transfer
TXN-3f195a58,CUST-d7fad0c0,SUB-d7f7aac5,499.0,USD,Success,2025-11-10,Credit Card
TXN-29c33a4e,CUST-d7fad0c0,SUB-d7f7aac5,499.0,USD,Success,2025-12-10,Wire Transfer
TXN-5f6594a2,CUST-d7fad0c0,SUB-d7f7aac5,499.0,USD,Success,2026-01-10,Credit Card
TXN-338df62e,CUST-d7fad0c0,SUB-d7f7aac5,499.0,USD,Success,2026-02-10,PayPal
TXN-5c5f5d0d,CUST-d7fad0c0,SUB-d7f7aac5,499.0,USD,Success,2026-03-10,Credit Card
TXN-1ce45e65,CUST-d7fad0c0,SUB-d7f7aac5,499.0,USD,Success,2026-04-10,Wire Transfer
TXN-2b21a4b3,CUST-747e89df,SUB-b98b1e16,49.0,USD,Success,2025-06-27,Wire Transfer
TXN-e6f77b2c,CUST-747e89df,SUB-b98b1e16,49.0,USD,Success,2025-07-27,PayPal
TXN-2c36f665,CUST-747e89df,SUB-b98b1e16,49.0,USD,Success,2025-08-27,PayPal
TXN-049f7ce4,CUST-747e89df,SUB-b98b1e16,49.0,USD,Success,2025-09-27,Wire Transfer
TXN-986f1f57,CUST-85b82ca9,SUB-c72214a2,49.0,USD,Success,2024-11-27,Wire Transfer
TXN-7ba48ecf,CUST-85b82ca9,SUB-c72214a2,49.0,USD,Success,2024-12-27,Wire Transfer
TXN-fa4d4014,CUST-85b82ca9,SUB-c72214a2,49.0,USD,Success,2025-01-27,PayPal
TXN-fd3d80e7,CUST-85b82ca9,SUB-c72214a2,49.0,USD,Success,2025-02-27,Wire Transfer
TXN-0c608837,CUST-85b82ca9,SUB-c72214a2,49.0,USD,Success,2025-03-27,PayPal
TXN-b08d1651,CUST-85b82ca9,SUB-c72214a2,49.0,USD,Success,2025-04-27,Wire Transfer
TXN-734577ef,CUST-85b82ca9,SUB-c72214a2,49.0,USD,Success,2025-05-27,Credit Card
TXN-6bc69113,CUST-85b82ca9,SUB-c72214a2,49.0,USD,Success,2025-06-27,Credit Card
TXN-ca8281dd,CUST-85b82ca9,SUB-c72214a2,49.0,USD,Success,2025-07-27,Wire Transfer
TXN-be192c11,CUST-85b82ca9,SUB-c72214a2,49.0,USD,Success,2025-08-27,Credit Card
TXN-c97495d8,CUST-85b82ca9,SUB-c72214a2,49.0,USD,Success,2025-09-27,PayPal
TXN-5ccc97aa,CUST-85b82ca9,SUB-c72214a2,49.0,USD,Success,2025-10-27,Credit Card
TXN-d84fcbd8,CUST-85b82ca9,SUB-c72214a2,49.0,USD,Success,2025-11-27,Credit Card
TXN-893dc083,CUST-85b82ca9,SUB-c72214a2,49.0,USD,Success,2025-12-27,PayPal
TXN-9cbdd682,CUST-85b82ca9,SUB-c72214a2,49.0,USD,Success,2026-01-27,Credit Card
TXN-7869f403,CUST-85b82ca9,SUB-c72214a2,49.0,USD,Success,2026-02-27,Credit Card
TXN-feffa20d,CUST-85b82ca9,SUB-c72214a2,49.0,USD,Success,2026-03-27,Wire Transfer
TXN-dd65f40f,CUST-85b82ca9,SUB-c72214a2,49.0,USD,Failed,2026-04-27,PayPal
TXN-a572248e,CUST-a29d9a67,SUB-3ad71785,49.0,USD,Success,2026-02-17,PayPal
TXN-6b5fcab9,CUST-a29d9a67,SUB-3ad71785,49.0,USD,Success,2026-03-17,Wire Transfer
TXN-73b0ea14,CUST-a29d9a67,SUB-3ad71785,49.0,USD,Success,2026-04-17,Wire Transfer
TXN-72035a31,CUST-63256612,SUB-852a1723,199.0,USD,Success,2025-08-01,Credit Card
TXN-9f4c56db,CUST-63256612,SUB-852a1723,199.0,USD,Success,2025-09-01,Credit Card
TXN-77013a6b,CUST-63256612,SUB-852a1723,199.0,USD,Success,2025-10-01,Credit Card
TXN-feb0c584,CUST-63256612,SUB-852a1723,199.0,USD,Success,2025-11-01,Wire Transfer
TXN-e80d4247,CUST-ee4e74fb,SUB-f121080b,49.0,USD,Success,2025-09-19,PayPal
TXN-f32ec6f5,CUST-ee4e74fb,SUB-f121080b,49.0,USD,Failed,2025-10-19,Credit Card
TXN-053f7c32,CUST-ee4e74fb,SUB-f121080b,49.0,USD,Success,2025-11-19,Wire Transfer
TXN-50070e69,CUST-ee4e74fb,SUB-f121080b,49.0,USD,Success,2025-12-19,PayPal
TXN-141aecd8,CUST-ee4e74fb,SUB-f121080b,49.0,USD,Success,2026-01-19,Wire Transfer
TXN-d7b63a72,CUST-ee4e74fb,SUB-f121080b,49.0,USD,Failed,2026-02-19,Credit Card
TXN-4844376e,CUST-ee4e74fb,SUB-f121080b,49.0,USD,Success,2026-03-19,Wire Transfer
TXN-8e2f43e9,CUST-ee4e74fb,SUB-f121080b,49.0,USD,Success,2026-04-19,Wire Transfer
TXN-d17627a6,CUST-9a0e95f6,SUB-a0c69a77,199.0,USD,Success,2025-02-05,Wire Transfer
TXN-ff34de6d,CUST-9a0e95f6,SUB-a0c69a77,199.0,USD,Success,2025-03-05,Wire Transfer
TXN-d292a058,CUST-9a0e95f6,SUB-a0c69a77,199.0,USD,Success,2025-04-05,PayPal
TXN-a951b568,CUST-9a0e95f6,SUB-a0c69a77,199.0,USD,Success,2025-05-05,Credit Card
TXN-4adf1ede,CUST-9a0e95f6,SUB-a0c69a77,199.0,USD,Success,2025-06-05,PayPal
TXN-d9d177d5,CUST-9a0e95f6,SUB-a0c69a77,199.0,USD,Success,2025-07-05,Wire Transfer
TXN-40084cc2,CUST-9a0e95f6,SUB-a0c69a77,199.0,USD,Success,2025-08-05,Wire Transfer
TXN-25aa9ed6,CUST-9a0e95f6,SUB-a0c69a77,199.0,USD,Success,2025-09-05,Credit Card
TXN-7be159c8,CUST-9a0e95f6,SUB-a0c69a77,199.0,USD,Success,2025-10-05,Credit Card
TXN-7f18a751,CUST-9a0e95f6,SUB-a0c69a77,199.0,USD,Success,2025-11-05,PayPal
TXN-3916117f,CUST-9a0e95f6,SUB-a0c69a77,199.0,USD,Success,2025-12-05,PayPal
TXN-34dbd182,CUST-9a0e95f6,SUB-a0c69a77,199.0,USD,Success,2026-01-05,Credit Card
TXN-249ccfa5,CUST-9a0e95f6,SUB-a0c69a77,199.0,USD,Success,2026-02-05,PayPal
TXN-fd35c87e,CUST-9a0e95f6,SUB-a0c69a77,199.0,USD,Success,2026-03-05,Wire Transfer
TXN-52b5a13a,CUST-9a0e95f6,SUB-a0c69a77,199.0,USD,Success,2026-04-05,Wire Transfer
TXN-1f21f4cb,CUST-9a0e95f6,SUB-a0c69a77,199.0,USD,Success,2026-05-05,Credit Card
TXN-361809f0,CUST-e9655ffb,SUB-8851930a,49.0,USD,Success,2025-10-21,PayPal
TXN-93ada109,CUST-e9655ffb,SUB-8851930a,49.0,USD,Success,2025-11-21,Wire Transfer
TXN-7b7e9413,CUST-e9655ffb,SUB-8851930a,49.0,USD,Success,2025-12-21,Credit Card
TXN-933495f4,CUST-e9655ffb,SUB-8851930a,49.0,USD,Success,2026-01-21,PayPal
TXN-ee7d1714,CUST-e9655ffb,SUB-8851930a,49.0,USD,Success,2026-02-21,Wire Transfer
TXN-d1667b88,CUST-e9655ffb,SUB-8851930a,49.0,USD,Success,2026-03-21,PayPal
TXN-6f5733fc,CUST-c4039528,SUB-f843218e,499.0,USD,Success,2025-12-03,PayPal
TXN-8bb60d7a,CUST-c4039528,SUB-f843218e,499.0,USD,Success,2026-01-03,PayPal
TXN-bf88dec3,CUST-c4039528,SUB-f843218e,499.0,USD,Success,2026-02-03,Credit Card
TXN-3e2cbfe3,CUST-c4039528,SUB-f843218e,499.0,USD,Success,2026-03-03,Wire Transfer
TXN-526d717c,CUST-c4039528,SUB-f843218e,499.0,USD,Success,2026-04-03,Credit Card
TXN-286601b4,CUST-c4039528,SUB-f843218e,499.0,USD,Success,2026-05-03,Wire Transfer
TXN-e03c99af,CUST-eb4dc21d,SUB-d1f64a71,49.0,USD,Success,2024-09-16,Wire Transfer
TXN-3e46a347,CUST-eb4dc21d,SUB-d1f64a71,49.0,USD,Success,2024-10-16,Credit Card
TXN-8cf9e91a,CUST-eb4dc21d,SUB-d1f64a71,49.0,USD,Failed,2024-11-16,Credit Card
TXN-9c0d8fe7,CUST-eb4dc21d,SUB-d1f64a71,49.0,USD,Success,2024-12-16,Wire Transfer
TXN-98e1dcbd,CUST-eb4dc21d,SUB-d1f64a71,49.0,USD,Success,2025-01-16,Wire Transfer
TXN-de4340b5,CUST-eb4dc21d,SUB-d1f64a71,49.0,USD,Success,2025-02-16,Wire Transfer
TXN-a78d9437,CUST-eb4dc21d,SUB-d1f64a71,49.0,USD,Success,2025-03-16,PayPal
TXN-86814fc2,CUST-eb4dc21d,SUB-d1f64a71,49.0,USD,Success,2025-04-16,Wire Transfer
TXN-b8f0d786,CUST-eb4dc21d,SUB-d1f64a71,49.0,USD,Success,2025-05-16,Credit Card
TXN-bf2e6c60,CUST-eb4dc21d,SUB-d1f64a71,49.0,USD,Success,2025-06-16,Credit Card
TXN-d49df960,CUST-eb4dc21d,SUB-d1f64a71,49.0,USD,Failed,2025-07-16,Credit Card
TXN-bbf07ab2,CUST-eb4dc21d,SUB-d1f64a71,49.0,USD,Success,2025-08-16,Wire Transfer
TXN-584d266a,CUST-eb4dc21d,SUB-d1f64a71,49.0,USD,Success,2025-09-16,Wire Transfer
TXN-88d2fad3,CUST-eb4dc21d,SUB-d1f64a71,49.0,USD,Success,2025-10-16,PayPal
TXN-59196df8,CUST-eb4dc21d,SUB-d1f64a71,49.0,USD,Failed,2025-11-16,PayPal
TXN-79199853,CUST-eb4dc21d,SUB-d1f64a71,49.0,USD,Success,2025-12-16,Credit Card
TXN-8e878f48,CUST-eb4dc21d,SUB-d1f64a71,49.0,USD,Success,2026-01-16,PayPal
TXN-ec6fde7a,CUST-eb4dc21d,SUB-d1f64a71,49.0,USD,Success,2026-02-16,PayPal
TXN-8e085e21,CUST-eb4dc21d,SUB-d1f64a71,49.0,USD,Success,2026-03-16,Credit Card
TXN-e4dd5f00,CUST-eb4dc21d,SUB-d1f64a71,49.0,USD,Success,2026-04-16,Wire Transfer
TXN-2da891c7,CUST-673e98f7,SUB-62cecf58,49.0,USD,Success,2025-07-29,PayPal
TXN-f1bb3389,CUST-673e98f7,SUB-62cecf58,49.0,USD,Failed,2025-08-29,Wire Transfer
TXN-79284b29,CUST-673e98f7,SUB-62cecf58,49.0,USD,Success,2025-09-29,Credit Card
TXN-37a884c7,CUST-673e98f7,SUB-62cecf58,49.0,USD,Success,2025-10-29,Credit Card
TXN-588e7400,CUST-9925b984,SUB-9ab44a1a,499.0,USD,Success,2024-11-24,PayPal
TXN-337715d0,CUST-9925b984,SUB-9ab44a1a,499.0,USD,Success,2024-12-24,Credit Card
TXN-1d3758a8,CUST-9925b984,SUB-9ab44a1a,499.0,USD,Success,2025-01-24,Credit Card
TXN-f25a01a5,CUST-9925b984,SUB-9ab44a1a,499.0,USD,Success,2025-02-24,Credit Card
TXN-584e0f6e,CUST-9925b984,SUB-9ab44a1a,499.0,USD,Success,2025-03-24,PayPal
TXN-96c7dfb9,CUST-9925b984,SUB-9ab44a1a,499.0,USD,Success,2025-04-24,PayPal
TXN-b596214b,CUST-9925b984,SUB-9ab44a1a,499.0,USD,Success,2025-05-24,PayPal
TXN-cc0d9797,CUST-9925b984,SUB-9ab44a1a,499.0,USD,Success,2025-06-24,Credit Card
TXN-59c31d9e,CUST-9925b984,SUB-9ab44a1a,499.0,USD,Success,2025-07-24,Wire Transfer
TXN-6e76062a,CUST-9925b984,SUB-9ab44a1a,499.0,USD,Success,2025-08-24,Credit Card
TXN-7f341e78,CUST-9925b984,SUB-9ab44a1a,499.0,USD,Success,2025-09-24,PayPal
TXN-4cb5bbf5,CUST-9925b984,SUB-9ab44a1a,499.0,USD,Success,2025-10-24,Wire Transfer
TXN-22e179a5,CUST-9925b984,SUB-9ab44a1a,499.0,USD,Success,2025-11-24,Wire Transfer
TXN-34a6d8a6,CUST-9925b984,SUB-9ab44a1a,499.0,USD,Success,2025-12-24,PayPal
TXN-8db7dc32,CUST-9925b984,SUB-9ab44a1a,499.0,USD,Success,2026-01-24,Wire Transfer
TXN-fc12b224,CUST-9925b984,SUB-9ab44a1a,499.0,USD,Success,2026-02-24,Wire Transfer
TXN-f89d46c1,CUST-9925b984,SUB-9ab44a1a,499.0,USD,Success,2026-03-24,PayPal
TXN-60c780b7,CUST-9925b984,SUB-9ab44a1a,499.0,USD,Success,2026-04-24,Wire Transfer
TXN-b4a89423,CUST-a0dcd76a,SUB-9a807cc8,49.0,USD,Success,2024-09-17,Wire Transfer
TXN-e97c6cda,CUST-a0dcd76a,SUB-9a807cc8,49.0,USD,Success,2024-10-17,PayPal
TXN-951a6e3e,CUST-a0dcd76a,SUB-9a807cc8,49.0,USD,Success,2024-11-17,Wire Transfer
TXN-30643536,CUST-a0dcd76a,SUB-9a807cc8,49.0,USD,Success,2024-12-17,Wire Transfer
TXN-e7a5015a,CUST-a0dcd76a,SUB-9a807cc8,49.0,USD,Success,2025-01-17,Wire Transfer
TXN-dec65aaf,CUST-a0dcd76a,SUB-9a807cc8,49.0,USD,Success,2025-02-17,Wire Transfer
TXN-7ec68450,CUST-a0dcd76a,SUB-9a807cc8,49.0,USD,Refunded,2025-03-17,PayPal
TXN-a30269dd,CUST-a0dcd76a,SUB-9a807cc8,49.0,USD,Success,2025-04-17,Credit Card
TXN-d0926094,CUST-a0dcd76a,SUB-9a807cc8,49.0,USD,Success,2025-05-17,Credit Card
TXN-fb141c48,CUST-a0dcd76a,SUB-9a807cc8,49.0,USD,Success,2025-06-17,Wire Transfer
TXN-4a863df4,CUST-a0dcd76a,SUB-9a807cc8,49.0,USD,Success,2025-07-17,PayPal
TXN-2ece2581,CUST-a0dcd76a,SUB-9a807cc8,49.0,USD,Success,2025-08-17,PayPal
TXN-1f1a6552,CUST-a0dcd76a,SUB-9a807cc8,49.0,USD,Success,2025-09-17,Wire Transfer
TXN-b0ec81d0,CUST-a0dcd76a,SUB-9a807cc8,49.0,USD,Success,2025-10-17,Credit Card
TXN-452e232b,CUST-a0dcd76a,SUB-9a807cc8,49.0,USD,Success,2025-11-17,Wire Transfer
TXN-7d3dece2,CUST-a0dcd76a,SUB-9a807cc8,49.0,USD,Success,2025-12-17,PayPal
TXN-995e8ce4,CUST-a0dcd76a,SUB-9a807cc8,49.0,USD,Success,2026-01-17,PayPal
TXN-f193ec64,CUST-a0dcd76a,SUB-9a807cc8,49.0,USD,Success,2026-02-17,Credit Card
TXN-8708783d,CUST-a0dcd76a,SUB-9a807cc8,49.0,USD,Success,2026-03-17,PayPal
TXN-88672e3e,CUST-a0dcd76a,SUB-9a807cc8,49.0,USD,Success,2026-04-17,PayPal
TXN-740e24fc,CUST-4ec3a483,SUB-74da0659,49.0,USD,Success,2026-01-29,PayPal
TXN-894e2571,CUST-4ec3a483,SUB-74da0659,49.0,USD,Success,2026-02-28,Credit Card
TXN-53f7ac02,CUST-4ec3a483,SUB-74da0659,49.0,USD,Success,2026-03-28,PayPal
TXN-968ae3bb,CUST-4ec3a483,SUB-74da0659,49.0,USD,Success,2026-04-28,Wire Transfer
TXN-a7eeab8b,CUST-dac7c0ee,SUB-f75d20ae,199.0,USD,Success,2026-05-07,Credit Card
TXN-ef239e66,CUST-3d80f54f,SUB-9dee0033,199.0,USD,Success,2025-04-29,Wire Transfer
TXN-a7008cb5,CUST-3d80f54f,SUB-9dee0033,199.0,USD,Success,2025-05-29,Wire Transfer
TXN-4250eb9c,CUST-3d80f54f,SUB-9dee0033,199.0,USD,Success,2025-06-29,Credit Card
TXN-dce2e319,CUST-3d80f54f,SUB-9dee0033,199.0,USD,Success,2025-07-29,Wire Transfer
TXN-f21d570e,CUST-3d80f54f,SUB-9dee0033,199.0,USD,Success,2025-08-29,Credit Card
TXN-abe28101,CUST-3d80f54f,SUB-9dee0033,199.0,USD,Success,2025-09-29,Wire Transfer
TXN-11647aa7,CUST-3d80f54f,SUB-9dee0033,199.0,USD,Success,2025-10-29,Credit Card
TXN-b080a276,CUST-3d80f54f,SUB-9dee0033,199.0,USD,Success,2025-11-29,PayPal
TXN-01f1369d,CUST-3d80f54f,SUB-9dee0033,199.0,USD,Success,2025-12-29,PayPal
TXN-07860e51,CUST-3d80f54f,SUB-9dee0033,199.0,USD,Success,2026-01-29,Wire Transfer
TXN-26b320b3,CUST-3d80f54f,SUB-9dee0033,199.0,USD,Success,2026-02-28,PayPal
TXN-8bbb3760,CUST-3d80f54f,SUB-9dee0033,199.0,USD,Success,2026-03-28,Credit Card
TXN-a435fcd8,CUST-3d80f54f,SUB-9dee0033,199.0,USD,Success,2026-04-28,Wire Transfer
TXN-4f08433b,CUST-614a1fad,SUB-e7750312,499.0,USD,Success,2024-09-19,PayPal
TXN-74a8f724,CUST-614a1fad,SUB-e7750312,499.0,USD,Success,2024-10-19,PayPal
TXN-02635953,CUST-614a1fad,SUB-e7750312,499.0,USD,Failed,2024-11-19,Wire Transfer
TXN-17b698a3,CUST-614a1fad,SUB-e7750312,499.0,USD,Success,2024-12-19,PayPal
TXN-914dbf2f,CUST-614a1fad,SUB-e7750312,499.0,USD,Success,2025-01-19,PayPal
TXN-56f028cc,CUST-614a1fad,SUB-e7750312,499.0,USD,Success,2025-02-19,Wire Transfer
TXN-ed21969e,CUST-614a1fad,SUB-e7750312,499.0,USD,Success,2025-03-19,PayPal
TXN-fff2919f,CUST-614a1fad,SUB-e7750312,499.0,USD,Success,2025-04-19,PayPal
TXN-69f4fc49,CUST-614a1fad,SUB-e7750312,499.0,USD,Success,2025-05-19,PayPal
TXN-a5b0cbb3,CUST-614a1fad,SUB-e7750312,499.0,USD,Success,2025-06-19,PayPal
TXN-4fa221c9,CUST-614a1fad,SUB-e7750312,499.0,USD,Success,2025-07-19,Wire Transfer
TXN-56fcee12,CUST-614a1fad,SUB-e7750312,499.0,USD,Success,2025-08-19,Credit Card
TXN-cf9ff544,CUST-614a1fad,SUB-e7750312,499.0,USD,Failed,2025-09-19,Credit Card
TXN-3399e842,CUST-614a1fad,SUB-e7750312,499.0,USD,Success,2025-10-19,PayPal
TXN-daa246dc,CUST-614a1fad,SUB-e7750312,499.0,USD,Success,2025-11-19,PayPal
TXN-5e4e7eaa,CUST-614a1fad,SUB-e7750312,499.0,USD,Success,2025-12-19,Credit Card
TXN-88d6aeba,CUST-614a1fad,SUB-e7750312,499.0,USD,Success,2026-01-19,PayPal
TXN-cf3a2f2b,CUST-614a1fad,SUB-e7750312,499.0,USD,Success,2026-02-19,Credit Card
TXN-260bd2c9,CUST-614a1fad,SUB-e7750312,499.0,USD,Refunded,2026-03-19,Wire Transfer
TXN-e53ff262,CUST-614a1fad,SUB-e7750312,499.0,USD,Success,2026-04-19,Wire Transfer
TXN-5cd0b7d5,CUST-8ebe314c,SUB-e7aa814a,49.0,USD,Success,2025-05-25,Wire Transfer
TXN-f6bfbb44,CUST-8ebe314c,SUB-e7aa814a,49.0,USD,Success,2025-06-25,Wire Transfer
TXN-486f0a83,CUST-8ebe314c,SUB-e7aa814a,49.0,USD,Success,2025-07-25,Wire Transfer
TXN-5fb9cde2,CUST-8ebe314c,SUB-e7aa814a,49.0,USD,Success,2025-08-25,Wire Transfer
TXN-56ffe71f,CUST-8ebe314c,SUB-e7aa814a,49.0,USD,Success,2025-09-25,Credit Card
TXN-36c139fd,CUST-8ebe314c,SUB-e7aa814a,49.0,USD,Success,2025-10-25,PayPal
TXN-a6541a5f,CUST-8ebe314c,SUB-e7aa814a,49.0,USD,Success,2025-11-25,Credit Card
TXN-2f283879,CUST-8ebe314c,SUB-e7aa814a,49.0,USD,Success,2025-12-25,Wire Transfer
TXN-0e36baea,CUST-8ebe314c,SUB-e7aa814a,49.0,USD,Success,2026-01-25,PayPal
TXN-cf88ef3a,CUST-8ebe314c,SUB-e7aa814a,49.0,USD,Success,2026-02-25,PayPal
TXN-01c140ba,CUST-8ebe314c,SUB-e7aa814a,49.0,USD,Success,2026-03-25,Wire Transfer
TXN-4758bcd8,CUST-8ebe314c,SUB-e7aa814a,49.0,USD,Success,2026-04-25,Wire Transfer
TXN-17856f06,CUST-263b6659,SUB-af3b6be5,199.0,USD,Success,2024-09-02,Wire Transfer
TXN-5607bdd5,CUST-263b6659,SUB-af3b6be5,199.0,USD,Success,2024-10-02,Wire Transfer
TXN-b14e20e0,CUST-263b6659,SUB-af3b6be5,199.0,USD,Success,2024-11-02,Wire Transfer
TXN-bd18e27e,CUST-3c06525b,SUB-6f7a5634,49.0,USD,Success,2024-06-03,Wire Transfer
TXN-dacd3797,CUST-3c06525b,SUB-6f7a5634,49.0,USD,Success,2024-07-03,PayPal
TXN-20b6a736,CUST-3c06525b,SUB-6f7a5634,49.0,USD,Success,2024-08-03,Wire Transfer
TXN-42498917,CUST-3c06525b,SUB-6f7a5634,49.0,USD,Success,2024-09-03,Wire Transfer
TXN-24104c67,CUST-3c06525b,SUB-6f7a5634,49.0,USD,Success,2024-10-03,PayPal
TXN-fcc2318c,CUST-3c06525b,SUB-6f7a5634,49.0,USD,Success,2024-11-03,Credit Card
TXN-ea6c5ba2,CUST-3c06525b,SUB-6f7a5634,49.0,USD,Success,2024-12-03,Wire Transfer
TXN-fc7b6774,CUST-3c06525b,SUB-6f7a5634,49.0,USD,Success,2025-01-03,PayPal
TXN-1f4756b6,CUST-3c06525b,SUB-6f7a5634,49.0,USD,Success,2025-02-03,PayPal
TXN-dbf6eaf7,CUST-3c06525b,SUB-6f7a5634,49.0,USD,Success,2025-03-03,Credit Card
TXN-95389db4,CUST-3c06525b,SUB-6f7a5634,49.0,USD,Success,2025-04-03,Wire Transfer
TXN-fc90cf55,CUST-3c06525b,SUB-6f7a5634,49.0,USD,Success,2025-05-03,Wire Transfer
TXN-f74700aa,CUST-3c06525b,SUB-6f7a5634,49.0,USD,Failed,2025-06-03,Wire Transfer
TXN-aa6766c5,CUST-3c06525b,SUB-6f7a5634,49.0,USD,Success,2025-07-03,PayPal
TXN-31a492fa,CUST-3c06525b,SUB-6f7a5634,49.0,USD,Failed,2025-08-03,Wire Transfer
TXN-e2023942,CUST-3c06525b,SUB-6f7a5634,49.0,USD,Success,2025-09-03,Wire Transfer
TXN-381d615a,CUST-3c06525b,SUB-6f7a5634,49.0,USD,Success,2025-10-03,Wire Transfer
TXN-2f595c78,CUST-3c06525b,SUB-6f7a5634,49.0,USD,Success,2025-11-03,Wire Transfer
TXN-a5795fd8,CUST-3c06525b,SUB-6f7a5634,49.0,USD,Success,2025-12-03,Credit Card
TXN-bce54aa0,CUST-3c06525b,SUB-6f7a5634,49.0,USD,Success,2026-01-03,Credit Card
TXN-43e52c61,CUST-3c06525b,SUB-6f7a5634,49.0,USD,Success,2026-02-03,Credit Card
TXN-1d700aeb,CUST-3c06525b,SUB-6f7a5634,49.0,USD,Success,2026-03-03,Wire Transfer
TXN-f384bdd8,CUST-3c06525b,SUB-6f7a5634,49.0,USD,Success,2026-04-03,Wire Transfer
TXN-7fd62de5,CUST-3c06525b,SUB-6f7a5634,49.0,USD,Success,2026-05-03,PayPal
TXN-53538cc6,CUST-a882fabf,SUB-9d745661,49.0,USD,Success,2025-12-01,PayPal
TXN-7f9603ba,CUST-a882fabf,SUB-9d745661,49.0,USD,Success,2026-01-01,PayPal
TXN-1c84f8c6,CUST-a882fabf,SUB-9d745661,49.0,USD,Success,2026-02-01,Wire Transfer
TXN-37a8c251,CUST-a882fabf,SUB-9d745661,49.0,USD,Success,2026-03-01,Credit Card
TXN-4ca2fdcd,CUST-a882fabf,SUB-9d745661,49.0,USD,Success,2026-04-01,Credit Card
TXN-3be43a4e,CUST-58455699,SUB-3310cf75,499.0,USD,Success,2025-07-21,Credit Card
TXN-84f81b1a,CUST-58455699,SUB-3310cf75,499.0,USD,Success,2025-08-21,Wire Transfer
TXN-24694f3f,CUST-58455699,SUB-3310cf75,499.0,USD,Success,2025-09-21,Credit Card
TXN-5a301d1e,CUST-58455699,SUB-3310cf75,499.0,USD,Success,2025-10-21,PayPal
TXN-d18b7d34,CUST-58455699,SUB-3310cf75,499.0,USD,Success,2025-11-21,PayPal
TXN-7e196056,CUST-58455699,SUB-3310cf75,499.0,USD,Success,2025-12-21,Credit Card
TXN-b55679c4,CUST-58455699,SUB-3310cf75,499.0,USD,Success,2026-01-21,PayPal
TXN-530a6dd1,CUST-58455699,SUB-3310cf75,499.0,USD,Success,2026-02-21,Credit Card
TXN-149858a8,CUST-58455699,SUB-3310cf75,499.0,USD,Success,2026-03-21,Credit Card
TXN-148aaf7a,CUST-58455699,SUB-3310cf75,499.0,USD,Failed,2026-04-21,PayPal
TXN-4bd1d3f3,CUST-4aefa190,SUB-c8ca3d73,499.0,USD,Success,2025-07-21,PayPal
TXN-cd64f64d,CUST-4aefa190,SUB-c8ca3d73,499.0,USD,Success,2025-08-21,PayPal
TXN-4a2f3dc0,CUST-4aefa190,SUB-c8ca3d73,499.0,USD,Success,2025-09-21,PayPal
TXN-3d87e611,CUST-4aefa190,SUB-c8ca3d73,499.0,USD,Failed,2025-10-21,Credit Card
TXN-097ea756,CUST-4aefa190,SUB-c8ca3d73,499.0,USD,Success,2025-11-21,PayPal
TXN-82de9f97,CUST-4aefa190,SUB-c8ca3d73,499.0,USD,Success,2025-12-21,PayPal
TXN-0d561618,CUST-4aefa190,SUB-c8ca3d73,499.0,USD,Success,2026-01-21,Wire Transfer
TXN-64b87863,CUST-4aefa190,SUB-c8ca3d73,499.0,USD,Failed,2026-02-21,PayPal
TXN-8c914ba1,CUST-4aefa190,SUB-c8ca3d73,499.0,USD,Success,2026-03-21,PayPal
TXN-9407cb80,CUST-4aefa190,SUB-c8ca3d73,499.0,USD,Success,2026-04-21,Credit Card
TXN-107a9877,CUST-0664f74f,SUB-d0acd9bd,49.0,USD,Success,2025-05-15,Credit Card
TXN-9749eb66,CUST-0664f74f,SUB-d0acd9bd,49.0,USD,Success,2025-06-15,Wire Transfer
TXN-92988788,CUST-0664f74f,SUB-d0acd9bd,49.0,USD,Success,2025-07-15,PayPal
TXN-63cff83c,CUST-0664f74f,SUB-d0acd9bd,49.0,USD,Success,2025-08-15,PayPal
TXN-7779e7dc,CUST-0664f74f,SUB-d0acd9bd,49.0,USD,Success,2025-09-15,PayPal
TXN-a8f8a87d,CUST-0664f74f,SUB-d0acd9bd,49.0,USD,Success,2025-10-15,PayPal
TXN-c53fe8db,CUST-0664f74f,SUB-d0acd9bd,49.0,USD,Success,2025-11-15,PayPal
TXN-045d2d65,CUST-0664f74f,SUB-d0acd9bd,49.0,USD,Success,2025-12-15,PayPal
TXN-aff23db6,CUST-0664f74f,SUB-d0acd9bd,49.0,USD,Success,2026-01-15,Wire Transfer
TXN-7f7bef91,CUST-0664f74f,SUB-d0acd9bd,49.0,USD,Success,2026-02-15,PayPal
TXN-6b94bbe7,CUST-0664f74f,SUB-d0acd9bd,49.0,USD,Success,2026-03-15,PayPal
TXN-6ba887d2,CUST-0664f74f,SUB-d0acd9bd,49.0,USD,Success,2026-04-15,PayPal
TXN-59248863,CUST-9160a70e,SUB-b9d5deb2,199.0,USD,Success,2025-05-09,Wire Transfer
TXN-62e100f6,CUST-9160a70e,SUB-b9d5deb2,199.0,USD,Success,2025-06-09,PayPal
TXN-f280d79a,CUST-9160a70e,SUB-b9d5deb2,199.0,USD,Success,2025-07-09,Wire Transfer
TXN-62066ff6,CUST-9160a70e,SUB-b9d5deb2,199.0,USD,Success,2025-08-09,Credit Card
TXN-be49efe9,CUST-9160a70e,SUB-b9d5deb2,199.0,USD,Success,2025-09-09,PayPal
TXN-e3d39bea,CUST-9160a70e,SUB-b9d5deb2,199.0,USD,Success,2025-10-09,Wire Transfer
TXN-fe5a6433,CUST-9160a70e,SUB-b9d5deb2,199.0,USD,Success,2025-11-09,Credit Card
TXN-27056c84,CUST-9160a70e,SUB-b9d5deb2,199.0,USD,Success,2025-12-09,Wire Transfer
TXN-5fcdbe5f,CUST-9160a70e,SUB-b9d5deb2,199.0,USD,Success,2026-01-09,Wire Transfer
TXN-944f4916,CUST-9160a70e,SUB-b9d5deb2,199.0,USD,Success,2026-02-09,Credit Card
TXN-46746d29,CUST-9160a70e,SUB-b9d5deb2,199.0,USD,Success,2026-03-09,PayPal
TXN-358a8660,CUST-9160a70e,SUB-b9d5deb2,199.0,USD,Success,2026-04-09,PayPal
TXN-1d64b570,CUST-51baeb90,SUB-9eeec7c5,49.0,USD,Success,2025-10-04,Wire Transfer
TXN-0eda7726,CUST-51baeb90,SUB-9eeec7c5,49.0,USD,Success,2025-11-04,Credit Card
TXN-d7143b64,CUST-51baeb90,SUB-9eeec7c5,49.0,USD,Success,2025-12-04,PayPal
TXN-42cc70e0,CUST-51baeb90,SUB-9eeec7c5,49.0,USD,Success,2026-01-04,Wire Transfer
TXN-a0e582c0,CUST-51baeb90,SUB-9eeec7c5,49.0,USD,Success,2026-02-04,Credit Card
TXN-944c8b6a,CUST-51baeb90,SUB-9eeec7c5,49.0,USD,Success,2026-03-04,Wire Transfer
TXN-623878b5,CUST-51baeb90,SUB-9eeec7c5,49.0,USD,Success,2026-04-04,Credit Card
TXN-def72614,CUST-51baeb90,SUB-9eeec7c5,49.0,USD,Success,2026-05-04,PayPal
TXN-8650887b,CUST-ec275b0c,SUB-07dc8981,499.0,USD,Success,2025-03-01,PayPal
TXN-1fcbe1bc,CUST-ec275b0c,SUB-07dc8981,499.0,USD,Success,2025-04-01,Wire Transfer
TXN-43c09515,CUST-ec275b0c,SUB-07dc8981,499.0,USD,Success,2025-05-01,PayPal
TXN-bdad3057,CUST-ec275b0c,SUB-07dc8981,499.0,USD,Success,2025-06-01,PayPal
TXN-1e36a260,CUST-ec275b0c,SUB-07dc8981,499.0,USD,Success,2025-07-01,Credit Card
TXN-cb8a48b3,CUST-ec275b0c,SUB-07dc8981,499.0,USD,Success,2025-08-01,PayPal
TXN-5c4f9e11,CUST-e79198a2,SUB-053bda55,49.0,USD,Success,2024-12-03,Credit Card
TXN-30f0f150,CUST-e79198a2,SUB-053bda55,49.0,USD,Success,2025-01-03,Credit Card
TXN-e9732e04,CUST-e79198a2,SUB-053bda55,49.0,USD,Success,2025-02-03,Wire Transfer
TXN-34077ea3,CUST-e79198a2,SUB-053bda55,49.0,USD,Success,2025-03-03,Credit Card
TXN-1894c3e7,CUST-e79198a2,SUB-053bda55,49.0,USD,Success,2025-04-03,PayPal
TXN-159b4ff6,CUST-e79198a2,SUB-053bda55,49.0,USD,Success,2025-05-03,Credit Card
TXN-553c82ed,CUST-e79198a2,SUB-053bda55,49.0,USD,Failed,2025-06-03,Credit Card
TXN-2bc35589,CUST-e79198a2,SUB-053bda55,49.0,USD,Success,2025-07-03,Wire Transfer
TXN-52d8988e,CUST-e79198a2,SUB-053bda55,49.0,USD,Success,2025-08-03,PayPal
TXN-94e74e4e,CUST-0e1d31a7,SUB-985079ba,49.0,USD,Success,2026-03-08,PayPal
TXN-085d15e2,CUST-0e1d31a7,SUB-985079ba,49.0,USD,Success,2026-04-08,PayPal
TXN-779dcc34,CUST-0e1d31a7,SUB-985079ba,49.0,USD,Refunded,2026-05-08,Credit Card
TXN-583fd915,CUST-c5a8f54c,SUB-df9f1255,199.0,USD,Success,2024-11-14,PayPal
TXN-0f2fa22b,CUST-c5a8f54c,SUB-df9f1255,199.0,USD,Success,2024-12-14,PayPal
TXN-d6231f99,CUST-c5a8f54c,SUB-df9f1255,199.0,USD,Success,2025-01-14,Credit Card
TXN-56ccff6e,CUST-c5a8f54c,SUB-df9f1255,199.0,USD,Success,2025-02-14,Wire Transfer
TXN-c960a237,CUST-c5a8f54c,SUB-df9f1255,199.0,USD,Success,2025-03-14,Wire Transfer
TXN-f5739d85,CUST-c5a8f54c,SUB-df9f1255,199.0,USD,Success,2025-04-14,Credit Card
TXN-1a5f45cd,CUST-c5a8f54c,SUB-df9f1255,199.0,USD,Success,2025-05-14,Wire Transfer
TXN-c35a4521,CUST-c5a8f54c,SUB-df9f1255,199.0,USD,Success,2025-06-14,Wire Transfer
TXN-1d2512e0,CUST-c5a8f54c,SUB-df9f1255,199.0,USD,Success,2025-07-14,Wire Transfer
TXN-aaffa632,CUST-c5a8f54c,SUB-df9f1255,199.0,USD,Success,2025-08-14,PayPal
TXN-a5f676d4,CUST-c5a8f54c,SUB-df9f1255,199.0,USD,Success,2025-09-14,Wire Transfer
TXN-1d232153,CUST-c5a8f54c,SUB-df9f1255,199.0,USD,Success,2025-10-14,PayPal
TXN-cac76e65,CUST-c5a8f54c,SUB-df9f1255,199.0,USD,Success,2025-11-14,Wire Transfer
TXN-c1395963,CUST-c5a8f54c,SUB-df9f1255,199.0,USD,Success,2025-12-14,PayPal
TXN-c02f1fd5,CUST-c5a8f54c,SUB-df9f1255,199.0,USD,Success,2026-01-14,Credit Card
TXN-970dbd0b,CUST-c5a8f54c,SUB-df9f1255,199.0,USD,Success,2026-02-14,Credit Card
TXN-0dc0a29c,CUST-c5a8f54c,SUB-df9f1255,199.0,USD,Success,2026-03-14,Wire Transfer
TXN-b0b3e1d6,CUST-c5a8f54c,SUB-df9f1255,199.0,USD,Success,2026-04-14,PayPal
TXN-35fdfe71,CUST-f1eceabe,SUB-3985de47,199.0,USD,Success,2025-09-30,Credit Card
TXN-f8966559,CUST-f1eceabe,SUB-3985de47,199.0,USD,Success,2025-10-30,Credit Card
TXN-4d0a3fcd,CUST-f1eceabe,SUB-3985de47,199.0,USD,Success,2025-11-30,Credit Card
TXN-2a1ee9d5,CUST-f1eceabe,SUB-3985de47,199.0,USD,Success,2025-12-30,Credit Card
TXN-6fe1fb0b,CUST-f1eceabe,SUB-3985de47,199.0,USD,Success,2026-01-30,Wire Transfer
TXN-4782387b,CUST-f1eceabe,SUB-3985de47,199.0,USD,Success,2026-02-28,PayPal
TXN-0019d1fb,CUST-f1eceabe,SUB-3985de47,199.0,USD,Success,2026-03-28,Credit Card
TXN-3c56052e,CUST-f1eceabe,SUB-3985de47,199.0,USD,Success,2026-04-28,Wire Transfer
TXN-f69986e5,CUST-2fb722d2,SUB-a17202ac,199.0,USD,Success,2025-03-03,Credit Card
TXN-3b53f4fc,CUST-2fb722d2,SUB-a17202ac,199.0,USD,Success,2025-04-03,Credit Card
TXN-c0281076,CUST-2fb722d2,SUB-a17202ac,199.0,USD,Success,2025-05-03,Credit Card
TXN-dec8a5a7,CUST-2fb722d2,SUB-a17202ac,199.0,USD,Success,2025-06-03,Credit Card
TXN-73b6e135,CUST-2fb722d2,SUB-a17202ac,199.0,USD,Failed,2025-07-03,Wire Transfer
TXN-d294e4ba,CUST-2fb722d2,SUB-a17202ac,199.0,USD,Failed,2025-08-03,PayPal
TXN-6eabd856,CUST-2fb722d2,SUB-a17202ac,199.0,USD,Success,2025-09-03,Wire Transfer
TXN-2c7a8008,CUST-2fb722d2,SUB-a17202ac,199.0,USD,Success,2025-10-03,Wire Transfer
TXN-1e64d6e8,CUST-2fb722d2,SUB-a17202ac,199.0,USD,Success,2025-11-03,Wire Transfer
TXN-189f266f,CUST-2fb722d2,SUB-a17202ac,199.0,USD,Failed,2025-12-03,Credit Card
TXN-e2ff8c0b,CUST-2fb722d2,SUB-a17202ac,199.0,USD,Success,2026-01-03,PayPal
TXN-a535b3cb,CUST-2fb722d2,SUB-a17202ac,199.0,USD,Success,2026-02-03,Credit Card
TXN-eb3386cb,CUST-2fb722d2,SUB-a17202ac,199.0,USD,Success,2026-03-03,Wire Transfer
TXN-378e7c45,CUST-2fb722d2,SUB-a17202ac,199.0,USD,Success,2026-04-03,Credit Card
TXN-65fb5e64,CUST-2fb722d2,SUB-a17202ac,199.0,USD,Success,2026-05-03,PayPal
TXN-b5cc66ec,CUST-2c7f82ea,SUB-708c1da6,49.0,USD,Success,2025-08-16,PayPal
TXN-d7444bdf,CUST-2c7f82ea,SUB-708c1da6,49.0,USD,Success,2025-09-16,Credit Card
TXN-8d89f2cf,CUST-2c7f82ea,SUB-708c1da6,49.0,USD,Success,2025-10-16,Wire Transfer
TXN-3db7e012,CUST-2c7f82ea,SUB-708c1da6,49.0,USD,Success,2025-11-16,Credit Card
TXN-fbd9f086,CUST-2c7f82ea,SUB-708c1da6,49.0,USD,Success,2025-12-16,Wire Transfer
TXN-756898c1,CUST-2c7f82ea,SUB-708c1da6,49.0,USD,Success,2026-01-16,PayPal
TXN-e07705db,CUST-2c7f82ea,SUB-708c1da6,49.0,USD,Success,2026-02-16,Credit Card
TXN-31e58fe1,CUST-2c7f82ea,SUB-708c1da6,49.0,USD,Success,2026-03-16,PayPal
TXN-79cdca98,CUST-2c7f82ea,SUB-708c1da6,49.0,USD,Success,2026-04-16,Wire Transfer
TXN-f05e375b,CUST-878d702f,SUB-d479f013,49.0,USD,Success,2024-07-10,Wire Transfer
TXN-8ad9bfbf,CUST-878d702f,SUB-d479f013,49.0,USD,Success,2024-08-10,Credit Card
TXN-03845cca,CUST-878d702f,SUB-d479f013,49.0,USD,Success,2024-09-10,Credit Card
TXN-20e20e47,CUST-878d702f,SUB-d479f013,49.0,USD,Success,2024-10-10,Credit Card
TXN-abd8c9bc,CUST-878d702f,SUB-d479f013,49.0,USD,Success,2024-11-10,PayPal
TXN-c972f728,CUST-878d702f,SUB-d479f013,49.0,USD,Success,2024-12-10,Wire Transfer
TXN-db4367ae,CUST-878d702f,SUB-d479f013,49.0,USD,Success,2025-01-10,Wire Transfer
TXN-9444dbff,CUST-fdffc409,SUB-a62d34bf,199.0,USD,Success,2024-10-09,PayPal
TXN-af8c0e17,CUST-fdffc409,SUB-a62d34bf,199.0,USD,Success,2024-11-09,Credit Card
TXN-77245b90,CUST-fdffc409,SUB-a62d34bf,199.0,USD,Success,2024-12-09,Credit Card
TXN-d8d99429,CUST-fdffc409,SUB-a62d34bf,199.0,USD,Success,2025-01-09,PayPal
TXN-30c1ae2c,CUST-fdffc409,SUB-a62d34bf,199.0,USD,Success,2025-02-09,Wire Transfer
TXN-f912bae6,CUST-fdffc409,SUB-a62d34bf,199.0,USD,Success,2025-03-09,Wire Transfer
TXN-49bc98e9,CUST-fdffc409,SUB-a62d34bf,199.0,USD,Success,2025-04-09,Wire Transfer
TXN-6f63c7e1,CUST-fdffc409,SUB-a62d34bf,199.0,USD,Success,2025-05-09,Wire Transfer
TXN-eaebf958,CUST-fdffc409,SUB-a62d34bf,199.0,USD,Success,2025-06-09,PayPal
TXN-82f2218d,CUST-fdffc409,SUB-a62d34bf,199.0,USD,Success,2025-07-09,Wire Transfer
TXN-df96a97a,CUST-fdffc409,SUB-a62d34bf,199.0,USD,Success,2025-08-09,PayPal
TXN-19c59ceb,CUST-fdffc409,SUB-a62d34bf,199.0,USD,Success,2025-09-09,Credit Card
TXN-bda469e3,CUST-ca9e334c,SUB-3a785247,49.0,USD,Success,2025-03-01,PayPal
TXN-19f7af53,CUST-ca9e334c,SUB-3a785247,49.0,USD,Failed,2025-04-01,Wire Transfer
TXN-f8770670,CUST-ca9e334c,SUB-3a785247,49.0,USD,Success,2025-05-01,Credit Card
TXN-04305867,CUST-ca9e334c,SUB-3a785247,49.0,USD,Success,2025-06-01,PayPal
TXN-77afb9df,CUST-ca9e334c,SUB-3a785247,49.0,USD,Success,2025-07-01,PayPal
TXN-9ee89a21,CUST-ca9e334c,SUB-3a785247,49.0,USD,Success,2025-08-01,PayPal
TXN-6e1066a4,CUST-ca9e334c,SUB-3a785247,49.0,USD,Failed,2025-09-01,Credit Card
TXN-06457258,CUST-ca9e334c,SUB-3a785247,49.0,USD,Success,2025-10-01,PayPal
TXN-3cc9157e,CUST-ca9e334c,SUB-3a785247,49.0,USD,Success,2025-11-01,Wire Transfer
TXN-055daebe,CUST-ca9e334c,SUB-3a785247,49.0,USD,Success,2025-12-01,Credit Card
TXN-5665320d,CUST-ca9e334c,SUB-3a785247,49.0,USD,Success,2026-01-01,Credit Card
TXN-b0a6f8b4,CUST-ca9e334c,SUB-3a785247,49.0,USD,Success,2026-02-01,PayPal
TXN-40435749,CUST-ca9e334c,SUB-3a785247,49.0,USD,Success,2026-03-01,Wire Transfer
TXN-f9ec8396,CUST-ca9e334c,SUB-3a785247,49.0,USD,Success,2026-04-01,Credit Card
TXN-6bae2861,CUST-ca9e334c,SUB-3a785247,49.0,USD,Success,2026-05-01,PayPal
TXN-00cb715d,CUST-875d9921,SUB-9e1fb0b8,499.0,USD,Success,2024-10-15,Wire Transfer
TXN-d9b7dfec,CUST-875d9921,SUB-9e1fb0b8,499.0,USD,Success,2024-11-15,PayPal
TXN-3d6e598b,CUST-875d9921,SUB-9e1fb0b8,499.0,USD,Success,2024-12-15,PayPal
TXN-5a8c7435,CUST-875d9921,SUB-9e1fb0b8,499.0,USD,Success,2025-01-15,Credit Card
TXN-e3fede72,CUST-875d9921,SUB-9e1fb0b8,499.0,USD,Success,2025-02-15,Credit Card
TXN-467eb9b6,CUST-875d9921,SUB-9e1fb0b8,499.0,USD,Success,2025-03-15,PayPal
TXN-a94e73c2,CUST-875d9921,SUB-9e1fb0b8,499.0,USD,Success,2025-04-15,Credit Card
TXN-21fc823a,CUST-875d9921,SUB-9e1fb0b8,499.0,USD,Success,2025-05-15,Credit Card
TXN-1ede39fc,CUST-875d9921,SUB-9e1fb0b8,499.0,USD,Success,2025-06-15,Wire Transfer
TXN-069acfb1,CUST-875d9921,SUB-9e1fb0b8,499.0,USD,Success,2025-07-15,Wire Transfer
TXN-60a14719,CUST-875d9921,SUB-9e1fb0b8,499.0,USD,Success,2025-08-15,PayPal
TXN-d89664fb,CUST-875d9921,SUB-9e1fb0b8,499.0,USD,Success,2025-09-15,PayPal
TXN-13c59f29,CUST-875d9921,SUB-9e1fb0b8,499.0,USD,Success,2025-10-15,PayPal
TXN-916b6a28,CUST-875d9921,SUB-9e1fb0b8,499.0,USD,Success,2025-11-15,PayPal
TXN-81df8323,CUST-875d9921,SUB-9e1fb0b8,499.0,USD,Failed,2025-12-15,Wire Transfer
TXN-322bea9a,CUST-875d9921,SUB-9e1fb0b8,499.0,USD,Success,2026-01-15,Credit Card
TXN-c8e959af,CUST-875d9921,SUB-9e1fb0b8,499.0,USD,Success,2026-02-15,Wire Transfer
TXN-44eaf25f,CUST-875d9921,SUB-9e1fb0b8,499.0,USD,Failed,2026-03-15,PayPal
TXN-ee952685,CUST-875d9921,SUB-9e1fb0b8,499.0,USD,Success,2026-04-15,PayPal
TXN-3c3e640b,CUST-917bad81,SUB-48122c0b,49.0,USD,Success,2026-03-01,Wire Transfer
TXN-599bbaf9,CUST-917bad81,SUB-48122c0b,49.0,USD,Success,2026-04-01,Wire Transfer
TXN-1c268822,CUST-917bad81,SUB-48122c0b,49.0,USD,Success,2026-05-01,PayPal
TXN-048ee884,CUST-ed8915fa,SUB-0cd3ee2d,199.0,USD,Success,2025-04-06,Credit Card
TXN-1f826334,CUST-ed8915fa,SUB-0cd3ee2d,199.0,USD,Success,2025-05-06,PayPal
TXN-014a515f,CUST-ed8915fa,SUB-0cd3ee2d,199.0,USD,Success,2025-06-06,Wire Transfer
TXN-17dd87db,CUST-ed8915fa,SUB-0cd3ee2d,199.0,USD,Success,2025-07-06,PayPal
TXN-1327222b,CUST-ed8915fa,SUB-0cd3ee2d,199.0,USD,Success,2025-08-06,PayPal
TXN-b2d18d2a,CUST-ed8915fa,SUB-0cd3ee2d,199.0,USD,Success,2025-09-06,Credit Card
TXN-ef92acd4,CUST-ed8915fa,SUB-0cd3ee2d,199.0,USD,Success,2025-10-06,PayPal
TXN-7e2871b4,CUST-ed8915fa,SUB-0cd3ee2d,199.0,USD,Success,2025-11-06,PayPal
TXN-4288355f,CUST-ed8915fa,SUB-0cd3ee2d,199.0,USD,Success,2025-12-06,PayPal
TXN-ab1f2c95,CUST-ed8915fa,SUB-0cd3ee2d,199.0,USD,Success,2026-01-06,Wire Transfer
TXN-ae08d0ef,CUST-ed8915fa,SUB-0cd3ee2d,199.0,USD,Success,2026-02-06,Wire Transfer
TXN-f092eb59,CUST-ed8915fa,SUB-0cd3ee2d,199.0,USD,Success,2026-03-06,Credit Card
TXN-32b032f2,CUST-ed8915fa,SUB-0cd3ee2d,199.0,USD,Success,2026-04-06,PayPal
TXN-199e6ae0,CUST-ed8915fa,SUB-0cd3ee2d,199.0,USD,Success,2026-05-06,Wire Transfer
TXN-50087e83,CUST-64f3e6dd,SUB-db966694,199.0,USD,Success,2026-04-27,Credit Card
TXN-824df85a,CUST-c08d761e,SUB-0407d64d,49.0,USD,Success,2024-08-28,PayPal
TXN-c66ad5aa,CUST-c08d761e,SUB-0407d64d,49.0,USD,Success,2024-09-28,Credit Card
TXN-d5b8de62,CUST-c08d761e,SUB-0407d64d,49.0,USD,Success,2024-10-28,Credit Card
TXN-525bd938,CUST-c08d761e,SUB-0407d64d,49.0,USD,Success,2024-11-28,Credit Card
TXN-c0cb0cc8,CUST-c08d761e,SUB-0407d64d,49.0,USD,Success,2024-12-28,Credit Card
TXN-c91ed838,CUST-c08d761e,SUB-0407d64d,49.0,USD,Success,2025-01-28,Credit Card
TXN-1d7f9e70,CUST-c08d761e,SUB-0407d64d,49.0,USD,Success,2025-02-28,Credit Card
TXN-b63ee2fc,CUST-c08d761e,SUB-0407d64d,49.0,USD,Success,2025-03-28,Credit Card
TXN-edee6d3e,CUST-c08d761e,SUB-0407d64d,49.0,USD,Success,2025-04-28,PayPal
TXN-4ba31635,CUST-c08d761e,SUB-0407d64d,49.0,USD,Success,2025-05-28,PayPal
TXN-083ea2c7,CUST-c08d761e,SUB-0407d64d,49.0,USD,Success,2025-06-28,Credit Card
TXN-e58b624f,CUST-c08d761e,SUB-0407d64d,49.0,USD,Success,2025-07-28,PayPal
TXN-0a4a2b4b,CUST-c08d761e,SUB-0407d64d,49.0,USD,Failed,2025-08-28,Credit Card
TXN-92cc2574,CUST-c08d761e,SUB-0407d64d,49.0,USD,Success,2025-09-28,PayPal
TXN-56afea3d,CUST-c08d761e,SUB-0407d64d,49.0,USD,Success,2025-10-28,Wire Transfer
TXN-a215273b,CUST-c08d761e,SUB-0407d64d,49.0,USD,Failed,2025-11-28,Credit Card
TXN-eb928699,CUST-c08d761e,SUB-0407d64d,49.0,USD,Success,2025-12-28,Wire Transfer
TXN-45b7ed26,CUST-c08d761e,SUB-0407d64d,49.0,USD,Success,2026-01-28,Credit Card
TXN-376a0150,CUST-c08d761e,SUB-0407d64d,49.0,USD,Success,2026-02-28,Credit Card
TXN-b0f6729b,CUST-c08d761e,SUB-0407d64d,49.0,USD,Success,2026-03-28,Wire Transfer
TXN-4bf70ce9,CUST-c08d761e,SUB-0407d64d,49.0,USD,Success,2026-04-28,Wire Transfer
TXN-8eef7972,CUST-d90d0c05,SUB-3e6f341f,199.0,USD,Success,2024-10-13,Wire Transfer
TXN-a0725a49,CUST-d90d0c05,SUB-3e6f341f,199.0,USD,Success,2024-11-13,Credit Card
TXN-aa690ea2,CUST-d90d0c05,SUB-3e6f341f,199.0,USD,Success,2024-12-13,Wire Transfer
TXN-0da9a0b5,CUST-d90d0c05,SUB-3e6f341f,199.0,USD,Failed,2025-01-13,Wire Transfer
TXN-a6eaa15b,CUST-d90d0c05,SUB-3e6f341f,199.0,USD,Success,2025-02-13,PayPal
TXN-72538d6b,CUST-62d3a63e,SUB-e4be9557,499.0,USD,Success,2024-11-11,PayPal
TXN-6847429c,CUST-62d3a63e,SUB-e4be9557,499.0,USD,Success,2024-12-11,Wire Transfer
TXN-cb9e1384,CUST-62d3a63e,SUB-e4be9557,499.0,USD,Success,2025-01-11,Wire Transfer
TXN-bf605aee,CUST-62d3a63e,SUB-e4be9557,499.0,USD,Refunded,2025-02-11,Wire Transfer
TXN-0ae12dd1,CUST-62d3a63e,SUB-e4be9557,499.0,USD,Success,2025-03-11,Wire Transfer
TXN-b2fd27fe,CUST-62d3a63e,SUB-e4be9557,499.0,USD,Success,2025-04-11,PayPal
TXN-dcbb0ceb,CUST-62d3a63e,SUB-e4be9557,499.0,USD,Success,2025-05-11,Credit Card
TXN-4ed0a3e3,CUST-62d3a63e,SUB-e4be9557,499.0,USD,Success,2025-06-11,Wire Transfer
TXN-fe3c55ce,CUST-62d3a63e,SUB-e4be9557,499.0,USD,Success,2025-07-11,Wire Transfer
TXN-264d974a,CUST-62d3a63e,SUB-e4be9557,499.0,USD,Success,2025-08-11,PayPal
TXN-5cdc0c1a,CUST-62d3a63e,SUB-e4be9557,499.0,USD,Success,2025-09-11,Wire Transfer
TXN-836f8337,CUST-62d3a63e,SUB-e4be9557,499.0,USD,Refunded,2025-10-11,Wire Transfer
TXN-90b7ccfc,CUST-62d3a63e,SUB-e4be9557,499.0,USD,Success,2025-11-11,PayPal
TXN-451114a6,CUST-62d3a63e,SUB-e4be9557,499.0,USD,Success,2025-12-11,Wire Transfer
TXN-9996e7db,CUST-62d3a63e,SUB-e4be9557,499.0,USD,Failed,2026-01-11,Wire Transfer
TXN-24635dce,CUST-62d3a63e,SUB-e4be9557,499.0,USD,Success,2026-02-11,PayPal
TXN-eb0e900e,CUST-62d3a63e,SUB-e4be9557,499.0,USD,Success,2026-03-11,Credit Card
TXN-036f50dd,CUST-62d3a63e,SUB-e4be9557,499.0,USD,Success,2026-04-11,Wire Transfer
TXN-da01e040,CUST-a092d0f4,SUB-b861db81,49.0,USD,Success,2025-11-19,Wire Transfer
TXN-5bedcabc,CUST-a092d0f4,SUB-b861db81,49.0,USD,Success,2025-12-19,Credit Card
TXN-869fc209,CUST-a092d0f4,SUB-b861db81,49.0,USD,Success,2026-01-19,PayPal
TXN-0fbf36c8,CUST-a092d0f4,SUB-b861db81,49.0,USD,Success,2026-02-19,Credit Card
TXN-9cdada48,CUST-a092d0f4,SUB-b861db81,49.0,USD,Success,2026-03-19,Wire Transfer
TXN-723da62c,CUST-a092d0f4,SUB-b861db81,49.0,USD,Success,2026-04-19,Credit Card
TXN-f764fb27,CUST-4afd5e85,SUB-943bdbd7,1999.0,USD,Success,2025-01-29,PayPal
TXN-2fe407e4,CUST-4afd5e85,SUB-943bdbd7,1999.0,USD,Failed,2025-02-28,Wire Transfer
TXN-cca8f262,CUST-4afd5e85,SUB-943bdbd7,1999.0,USD,Success,2025-03-28,PayPal
TXN-a434ac60,CUST-4afd5e85,SUB-943bdbd7,1999.0,USD,Success,2025-04-28,PayPal
TXN-f5f31cc7,CUST-4afd5e85,SUB-943bdbd7,1999.0,USD,Success,2025-05-28,Credit Card
TXN-572d5690,CUST-4afd5e85,SUB-943bdbd7,1999.0,USD,Success,2025-06-28,Credit Card
TXN-2c62e87c,CUST-4afd5e85,SUB-943bdbd7,1999.0,USD,Success,2025-07-28,PayPal
TXN-6b3e5b9b,CUST-4afd5e85,SUB-943bdbd7,1999.0,USD,Success,2025-08-28,PayPal
TXN-d6e73629,CUST-4afd5e85,SUB-943bdbd7,1999.0,USD,Success,2025-09-28,Wire Transfer
TXN-ab7fa38a,CUST-4afd5e85,SUB-943bdbd7,1999.0,USD,Success,2025-10-28,PayPal
TXN-dd16517a,CUST-4afd5e85,SUB-943bdbd7,1999.0,USD,Success,2025-11-28,PayPal
TXN-3df9bf08,CUST-4afd5e85,SUB-943bdbd7,1999.0,USD,Failed,2025-12-28,Credit Card
TXN-7c78ce02,CUST-4afd5e85,SUB-943bdbd7,1999.0,USD,Success,2026-01-28,PayPal
TXN-7f0b68f6,CUST-4afd5e85,SUB-943bdbd7,1999.0,USD,Success,2026-02-28,PayPal
TXN-802f40bc,CUST-cb9a5385,SUB-b7b53f02,199.0,USD,Success,2024-05-22,Credit Card
TXN-35e27dcb,CUST-cb9a5385,SUB-b7b53f02,199.0,USD,Success,2024-06-22,Wire Transfer
TXN-03950eb3,CUST-cb9a5385,SUB-b7b53f02,199.0,USD,Success,2024-07-22,Credit Card
TXN-4da7e89b,CUST-cb9a5385,SUB-b7b53f02,199.0,USD,Success,2024-08-22,Credit Card
TXN-6d1f9c3d,CUST-cb9a5385,SUB-b7b53f02,199.0,USD,Refunded,2024-09-22,PayPal
TXN-ada14d1e,CUST-cb9a5385,SUB-b7b53f02,199.0,USD,Success,2024-10-22,PayPal
TXN-8c6ef6ac,CUST-cb9a5385,SUB-b7b53f02,199.0,USD,Success,2024-11-22,Wire Transfer
TXN-642d9d6a,CUST-cb9a5385,SUB-b7b53f02,199.0,USD,Success,2024-12-22,PayPal
TXN-c4a761bd,CUST-cb9a5385,SUB-b7b53f02,199.0,USD,Success,2025-01-22,Wire Transfer
TXN-7f4bc51f,CUST-cb9a5385,SUB-b7b53f02,199.0,USD,Success,2025-02-22,Wire Transfer
TXN-5ceeb70c,CUST-cb9a5385,SUB-b7b53f02,199.0,USD,Success,2025-03-22,Wire Transfer
TXN-c08b089a,CUST-df8d022f,SUB-c6ddebd0,49.0,USD,Success,2024-08-30,Wire Transfer
TXN-b6712c00,CUST-df8d022f,SUB-c6ddebd0,49.0,USD,Success,2024-09-30,PayPal
TXN-64200779,CUST-df8d022f,SUB-c6ddebd0,49.0,USD,Success,2024-10-30,Credit Card
TXN-1db75a7c,CUST-df8d022f,SUB-c6ddebd0,49.0,USD,Success,2024-11-30,Credit Card
TXN-cfb93ec2,CUST-df8d022f,SUB-c6ddebd0,49.0,USD,Success,2024-12-30,PayPal
TXN-51e78c50,CUST-df8d022f,SUB-c6ddebd0,49.0,USD,Success,2025-01-30,PayPal
TXN-4b0a115e,CUST-df8d022f,SUB-c6ddebd0,49.0,USD,Success,2025-02-28,Wire Transfer
TXN-f6a73042,CUST-df8d022f,SUB-c6ddebd0,49.0,USD,Success,2025-03-28,PayPal
TXN-3a766e9f,CUST-df8d022f,SUB-c6ddebd0,49.0,USD,Success,2025-04-28,Credit Card
TXN-a4283061,CUST-df8d022f,SUB-c6ddebd0,49.0,USD,Success,2025-05-28,PayPal
TXN-865c408f,CUST-df8d022f,SUB-c6ddebd0,49.0,USD,Success,2025-06-28,PayPal
TXN-123d5b54,CUST-df8d022f,SUB-c6ddebd0,49.0,USD,Success,2025-07-28,Wire Transfer
TXN-c65f2c4f,CUST-df8d022f,SUB-c6ddebd0,49.0,USD,Success,2025-08-28,Wire Transfer
TXN-49422b75,CUST-df8d022f,SUB-c6ddebd0,49.0,USD,Success,2025-09-28,Wire Transfer
TXN-43dbc10b,CUST-df8d022f,SUB-c6ddebd0,49.0,USD,Success,2025-10-28,Wire Transfer
TXN-a4d61e39,CUST-df8d022f,SUB-c6ddebd0,49.0,USD,Success,2025-11-28,Credit Card
TXN-e5549523,CUST-df8d022f,SUB-c6ddebd0,49.0,USD,Success,2025-12-28,PayPal
TXN-e74798ac,CUST-df8d022f,SUB-c6ddebd0,49.0,USD,Failed,2026-01-28,PayPal
TXN-9afacbad,CUST-df8d022f,SUB-c6ddebd0,49.0,USD,Success,2026-02-28,Wire Transfer
TXN-41422538,CUST-df8d022f,SUB-c6ddebd0,49.0,USD,Success,2026-03-28,Credit Card
TXN-2b16ba70,CUST-df8d022f,SUB-c6ddebd0,49.0,USD,Success,2026-04-28,Credit Card
TXN-031e20af,CUST-39055f9b,SUB-5d4772c4,199.0,USD,Success,2025-09-04,PayPal
TXN-22ebc416,CUST-39055f9b,SUB-5d4772c4,199.0,USD,Success,2025-10-04,Wire Transfer
TXN-d6dc0e74,CUST-39055f9b,SUB-5d4772c4,199.0,USD,Success,2025-11-04,PayPal
TXN-ee9dc756,CUST-39055f9b,SUB-5d4772c4,199.0,USD,Success,2025-12-04,PayPal
TXN-4f08d411,CUST-39055f9b,SUB-5d4772c4,199.0,USD,Success,2026-01-04,Credit Card
TXN-4d6b6b6a,CUST-39055f9b,SUB-5d4772c4,199.0,USD,Success,2026-02-04,Credit Card
TXN-c31823be,CUST-39055f9b,SUB-5d4772c4,199.0,USD,Success,2026-03-04,PayPal
TXN-97258898,CUST-39055f9b,SUB-5d4772c4,199.0,USD,Success,2026-04-04,Wire Transfer
TXN-ae608902,CUST-39055f9b,SUB-5d4772c4,199.0,USD,Success,2026-05-04,Wire Transfer
TXN-2f2522eb,CUST-5c99569c,SUB-05af7cec,49.0,USD,Success,2024-07-18,PayPal
TXN-58acd922,CUST-5c99569c,SUB-05af7cec,49.0,USD,Success,2024-08-18,PayPal
TXN-8aaa03ad,CUST-5c99569c,SUB-05af7cec,49.0,USD,Success,2024-09-18,Wire Transfer
TXN-095f9414,CUST-5c99569c,SUB-05af7cec,49.0,USD,Success,2024-10-18,Wire Transfer
TXN-34b9d671,CUST-5c99569c,SUB-05af7cec,49.0,USD,Success,2024-11-18,Wire Transfer
TXN-2b981d5c,CUST-5c99569c,SUB-05af7cec,49.0,USD,Success,2024-12-18,PayPal
TXN-6ee1452e,CUST-5c99569c,SUB-05af7cec,49.0,USD,Success,2025-01-18,Credit Card
TXN-85ac151e,CUST-5c99569c,SUB-05af7cec,49.0,USD,Failed,2025-02-18,Wire Transfer
TXN-bc57dad8,CUST-5c99569c,SUB-05af7cec,49.0,USD,Success,2025-03-18,Wire Transfer
TXN-3e152c4a,CUST-5c99569c,SUB-05af7cec,49.0,USD,Success,2025-04-18,Wire Transfer
TXN-4320572f,CUST-5c99569c,SUB-05af7cec,49.0,USD,Success,2025-05-18,PayPal
TXN-4027612d,CUST-5c99569c,SUB-05af7cec,49.0,USD,Success,2025-06-18,Credit Card
TXN-d86f3b0a,CUST-5c99569c,SUB-05af7cec,49.0,USD,Failed,2025-07-18,Credit Card
TXN-dbd63272,CUST-5c99569c,SUB-05af7cec,49.0,USD,Success,2025-08-18,Wire Transfer
TXN-43fac1a3,CUST-5c99569c,SUB-05af7cec,49.0,USD,Success,2025-09-18,PayPal
TXN-07327970,CUST-5c99569c,SUB-05af7cec,49.0,USD,Success,2025-10-18,Credit Card
TXN-6b690e92,CUST-5c99569c,SUB-05af7cec,49.0,USD,Success,2025-11-18,PayPal
TXN-cefbb5fa,CUST-5c99569c,SUB-05af7cec,49.0,USD,Success,2025-12-18,Credit Card
TXN-00172c2a,CUST-5c99569c,SUB-05af7cec,49.0,USD,Success,2026-01-18,Wire Transfer
TXN-4660ee92,CUST-5c99569c,SUB-05af7cec,49.0,USD,Success,2026-02-18,PayPal
TXN-50bca6ae,CUST-5c99569c,SUB-05af7cec,49.0,USD,Success,2026-03-18,Wire Transfer
TXN-aac4f7b9,CUST-5c99569c,SUB-05af7cec,49.0,USD,Success,2026-04-18,Credit Card
TXN-95285964,CUST-b559f535,SUB-91731487,499.0,USD,Success,2024-07-27,Credit Card
TXN-0a98ace9,CUST-b559f535,SUB-91731487,499.0,USD,Success,2024-08-27,Wire Transfer
TXN-3742f721,CUST-b559f535,SUB-91731487,499.0,USD,Success,2024-09-27,Credit Card
TXN-3a932a9e,CUST-b559f535,SUB-91731487,499.0,USD,Success,2024-10-27,Wire Transfer
TXN-694f4b1c,CUST-b559f535,SUB-91731487,499.0,USD,Success,2024-11-27,Wire Transfer
TXN-a3eea390,CUST-b559f535,SUB-91731487,499.0,USD,Success,2024-12-27,Wire Transfer
TXN-b41b2fcf,CUST-b559f535,SUB-91731487,499.0,USD,Success,2025-01-27,Credit Card
TXN-1a66c6b9,CUST-b559f535,SUB-91731487,499.0,USD,Success,2025-02-27,PayPal
TXN-be4ea93a,CUST-b559f535,SUB-91731487,499.0,USD,Success,2025-03-27,Wire Transfer
TXN-e63860e3,CUST-b559f535,SUB-91731487,499.0,USD,Success,2025-04-27,PayPal
TXN-6211007f,CUST-b559f535,SUB-91731487,499.0,USD,Success,2025-05-27,Credit Card
TXN-0050cb0f,CUST-b559f535,SUB-91731487,499.0,USD,Success,2025-06-27,Credit Card
TXN-36a818ea,CUST-b559f535,SUB-91731487,499.0,USD,Success,2025-07-27,PayPal
TXN-b46adb33,CUST-b559f535,SUB-91731487,499.0,USD,Success,2025-08-27,Wire Transfer
TXN-368f29ca,CUST-b559f535,SUB-91731487,499.0,USD,Success,2025-09-27,Credit Card
TXN-de33a5c6,CUST-b559f535,SUB-91731487,499.0,USD,Success,2025-10-27,Wire Transfer
TXN-5e2e03a6,CUST-b559f535,SUB-91731487,499.0,USD,Success,2025-11-27,Wire Transfer
TXN-9d9a7f15,CUST-8f5b08f2,SUB-95f31b9d,499.0,USD,Success,2026-03-23,PayPal
TXN-35697dff,CUST-8f5b08f2,SUB-95f31b9d,499.0,USD,Success,2026-04-23,Credit Card
TXN-39113b3e,CUST-5dda2abd,SUB-59150c98,499.0,USD,Success,2024-10-22,PayPal
TXN-adf04a59,CUST-5dda2abd,SUB-59150c98,499.0,USD,Success,2024-11-22,Credit Card
TXN-3d6cf8f1,CUST-5dda2abd,SUB-59150c98,499.0,USD,Success,2024-12-22,PayPal
TXN-e6c54172,CUST-5dda2abd,SUB-59150c98,499.0,USD,Success,2025-01-22,Credit Card
TXN-16250582,CUST-5dda2abd,SUB-59150c98,499.0,USD,Success,2025-02-22,Credit Card
TXN-1fdae1bd,CUST-5dda2abd,SUB-59150c98,499.0,USD,Success,2025-03-22,Credit Card
TXN-fa1fd317,CUST-5dda2abd,SUB-59150c98,499.0,USD,Success,2025-04-22,Wire Transfer
TXN-c5097287,CUST-5dda2abd,SUB-59150c98,499.0,USD,Success,2025-05-22,Wire Transfer
TXN-98a82c38,CUST-5dda2abd,SUB-59150c98,499.0,USD,Success,2025-06-22,PayPal
TXN-94aca762,CUST-5dda2abd,SUB-59150c98,499.0,USD,Success,2025-07-22,PayPal
TXN-96d9dca4,CUST-5dda2abd,SUB-59150c98,499.0,USD,Success,2025-08-22,Credit Card
TXN-d675ec45,CUST-5dda2abd,SUB-59150c98,499.0,USD,Success,2025-09-22,Credit Card
TXN-6da81bf6,CUST-5dda2abd,SUB-59150c98,499.0,USD,Success,2025-10-22,Wire Transfer
TXN-26e6f378,CUST-5dda2abd,SUB-59150c98,499.0,USD,Success,2025-11-22,Wire Transfer
TXN-f14ac109,CUST-5dda2abd,SUB-59150c98,499.0,USD,Success,2025-12-22,Wire Transfer
TXN-4f1ef975,CUST-5dda2abd,SUB-59150c98,499.0,USD,Success,2026-01-22,PayPal
TXN-7aae5b11,CUST-5dda2abd,SUB-59150c98,499.0,USD,Success,2026-02-22,Wire Transfer
TXN-1145861c,CUST-5dda2abd,SUB-59150c98,499.0,USD,Success,2026-03-22,PayPal
TXN-09296f78,CUST-5dda2abd,SUB-59150c98,499.0,USD,Success,2026-04-22,Wire Transfer
TXN-1bead302,CUST-e5a74c78,SUB-60afd7d8,1999.0,USD,Success,2025-03-25,Wire Transfer
TXN-c376e8d0,CUST-e5a74c78,SUB-60afd7d8,1999.0,USD,Refunded,2025-04-25,Credit Card
TXN-d282acd9,CUST-e5a74c78,SUB-60afd7d8,1999.0,USD,Success,2025-05-25,PayPal
TXN-e05126ea,CUST-e5a74c78,SUB-60afd7d8,1999.0,USD,Success,2025-06-25,Wire Transfer
TXN-2ec0022c,CUST-e5a74c78,SUB-60afd7d8,1999.0,USD,Success,2025-07-25,Credit Card
TXN-7342e4be,CUST-e5a74c78,SUB-60afd7d8,1999.0,USD,Success,2025-08-25,PayPal
TXN-6df7e038,CUST-e5a74c78,SUB-60afd7d8,1999.0,USD,Success,2025-09-25,PayPal
TXN-dc17dc68,CUST-e5a74c78,SUB-60afd7d8,1999.0,USD,Success,2025-10-25,Wire Transfer
TXN-19022870,CUST-e5a74c78,SUB-60afd7d8,1999.0,USD,Success,2025-11-25,PayPal
TXN-65a6e505,CUST-e5a74c78,SUB-60afd7d8,1999.0,USD,Success,2025-12-25,Credit Card
TXN-1ac1eab0,CUST-e5a74c78,SUB-60afd7d8,1999.0,USD,Success,2026-01-25,Credit Card
TXN-a33958df,CUST-e5a74c78,SUB-60afd7d8,1999.0,USD,Success,2026-02-25,PayPal
TXN-3d0c7f49,CUST-e5a74c78,SUB-60afd7d8,1999.0,USD,Success,2026-03-25,Credit Card
TXN-6e236e3c,CUST-e5a74c78,SUB-60afd7d8,1999.0,USD,Success,2026-04-25,PayPal
TXN-48fbe7bf,CUST-03927a22,SUB-dc39ae51,499.0,USD,Success,2024-07-09,Credit Card
TXN-5080aa5f,CUST-03927a22,SUB-dc39ae51,499.0,USD,Success,2024-08-09,PayPal
TXN-07a399b1,CUST-03927a22,SUB-dc39ae51,499.0,USD,Success,2024-09-09,PayPal
TXN-c8a28f11,CUST-03927a22,SUB-dc39ae51,499.0,USD,Success,2024-10-09,PayPal
TXN-756dd8fd,CUST-03927a22,SUB-dc39ae51,499.0,USD,Success,2024-11-09,Credit Card
TXN-96ed82db,CUST-03927a22,SUB-dc39ae51,499.0,USD,Success,2024-12-09,PayPal
TXN-c448f80f,CUST-03927a22,SUB-dc39ae51,499.0,USD,Success,2025-01-09,PayPal
TXN-181063a1,CUST-03927a22,SUB-dc39ae51,499.0,USD,Success,2025-02-09,Wire Transfer
TXN-91cdb335,CUST-1dc90449,SUB-359e39cc,199.0,USD,Success,2025-01-14,Wire Transfer
TXN-0bd8d66c,CUST-1dc90449,SUB-359e39cc,199.0,USD,Success,2025-02-14,PayPal
TXN-547c6dc5,CUST-1dc90449,SUB-359e39cc,199.0,USD,Success,2025-03-14,Wire Transfer
TXN-54a85d5c,CUST-1dc90449,SUB-359e39cc,199.0,USD,Success,2025-04-14,PayPal
TXN-e158db53,CUST-1dc90449,SUB-359e39cc,199.0,USD,Success,2025-05-14,Wire Transfer
TXN-def8c6ba,CUST-1dc90449,SUB-359e39cc,199.0,USD,Success,2025-06-14,Credit Card
TXN-77e7d027,CUST-1dc90449,SUB-359e39cc,199.0,USD,Success,2025-07-14,Credit Card
TXN-605e3faf,CUST-1dc90449,SUB-359e39cc,199.0,USD,Success,2025-08-14,PayPal
TXN-2b0a06aa,CUST-1dc90449,SUB-359e39cc,199.0,USD,Success,2025-09-14,PayPal
TXN-595b5ef7,CUST-1dc90449,SUB-359e39cc,199.0,USD,Success,2025-10-14,Credit Card
TXN-47f046e5,CUST-1dc90449,SUB-359e39cc,199.0,USD,Failed,2025-11-14,Credit Card
TXN-a73c7a90,CUST-1dc90449,SUB-359e39cc,199.0,USD,Success,2025-12-14,Wire Transfer
TXN-e6b834af,CUST-1dc90449,SUB-359e39cc,199.0,USD,Success,2026-01-14,PayPal
TXN-b38bd9b3,CUST-1dc90449,SUB-359e39cc,199.0,USD,Failed,2026-02-14,Credit Card
TXN-becdf918,CUST-1dc90449,SUB-359e39cc,199.0,USD,Success,2026-03-14,Credit Card
TXN-3641bbe3,CUST-1dc90449,SUB-359e39cc,199.0,USD,Success,2026-04-14,PayPal
TXN-f5853d69,CUST-835f2e63,SUB-f903dffc,49.0,USD,Success,2025-01-30,Wire Transfer
TXN-8a354c86,CUST-835f2e63,SUB-f903dffc,49.0,USD,Success,2025-02-28,Wire Transfer
TXN-8f293d13,CUST-835f2e63,SUB-f903dffc,49.0,USD,Success,2025-03-28,Wire Transfer
TXN-b75ac5eb,CUST-835f2e63,SUB-f903dffc,49.0,USD,Success,2025-04-28,Wire Transfer
TXN-dd4ec32a,CUST-835f2e63,SUB-f903dffc,49.0,USD,Success,2025-05-28,Credit Card
TXN-01335aea,CUST-835f2e63,SUB-f903dffc,49.0,USD,Success,2025-06-28,PayPal
TXN-eaee7931,CUST-835f2e63,SUB-f903dffc,49.0,USD,Failed,2025-07-28,PayPal
TXN-e0ebdc24,CUST-835f2e63,SUB-f903dffc,49.0,USD,Success,2025-08-28,Credit Card
TXN-b41efe02,CUST-835f2e63,SUB-f903dffc,49.0,USD,Success,2025-09-28,Credit Card
TXN-bef5aa22,CUST-835f2e63,SUB-f903dffc,49.0,USD,Success,2025-10-28,Credit Card
TXN-85a3e3d1,CUST-835f2e63,SUB-f903dffc,49.0,USD,Success,2025-11-28,PayPal
TXN-a56ca299,CUST-835f2e63,SUB-f903dffc,49.0,USD,Success,2025-12-28,PayPal
TXN-5e2502d5,CUST-835f2e63,SUB-f903dffc,49.0,USD,Success,2026-01-28,PayPal
TXN-e16dd351,CUST-835f2e63,SUB-f903dffc,49.0,USD,Success,2026-02-28,Wire Transfer
TXN-317cd00c,CUST-835f2e63,SUB-f903dffc,49.0,USD,Success,2026-03-28,Credit Card
TXN-374d2877,CUST-835f2e63,SUB-f903dffc,49.0,USD,Success,2026-04-28,Credit Card
TXN-704f6014,CUST-a5f5efbf,SUB-3c374351,199.0,USD,Success,2026-02-09,Credit Card
TXN-613732c2,CUST-a5f5efbf,SUB-3c374351,199.0,USD,Success,2026-03-09,PayPal
TXN-12c9e500,CUST-a5f5efbf,SUB-3c374351,199.0,USD,Success,2026-04-09,Credit Card
TXN-f74b7f61,CUST-57301725,SUB-34c378a9,49.0,USD,Success,2025-12-01,Credit Card
TXN-9e2e754a,CUST-57301725,SUB-34c378a9,49.0,USD,Success,2026-01-01,Wire Transfer
TXN-b4e80b09,CUST-57301725,SUB-34c378a9,49.0,USD,Success,2026-02-01,PayPal
TXN-c0d809a1,CUST-57301725,SUB-34c378a9,49.0,USD,Success,2026-03-01,Credit Card
TXN-10e4597f,CUST-57301725,SUB-34c378a9,49.0,USD,Success,2026-04-01,PayPal
TXN-434bed1f,CUST-57301725,SUB-34c378a9,49.0,USD,Success,2026-05-01,PayPal
TXN-171cdc59,CUST-1b15aa7f,SUB-c0c4f8a3,499.0,USD,Success,2024-10-03,PayPal
TXN-f68a3419,CUST-1b15aa7f,SUB-c0c4f8a3,499.0,USD,Success,2024-11-03,Wire Transfer
TXN-414dc84e,CUST-1b15aa7f,SUB-c0c4f8a3,499.0,USD,Success,2024-12-03,PayPal
TXN-392cd80c,CUST-1b15aa7f,SUB-c0c4f8a3,499.0,USD,Success,2025-01-03,PayPal
TXN-316da053,CUST-1b15aa7f,SUB-c0c4f8a3,499.0,USD,Failed,2025-02-03,PayPal
TXN-920df276,CUST-1b15aa7f,SUB-c0c4f8a3,499.0,USD,Success,2025-03-03,Credit Card
TXN-93584174,CUST-1b15aa7f,SUB-c0c4f8a3,499.0,USD,Success,2025-04-03,Wire Transfer
TXN-3708d82f,CUST-1b15aa7f,SUB-c0c4f8a3,499.0,USD,Success,2025-05-03,Credit Card
TXN-4a3d6f64,CUST-1b15aa7f,SUB-c0c4f8a3,499.0,USD,Success,2025-06-03,Wire Transfer
TXN-3fb9b441,CUST-1b15aa7f,SUB-c0c4f8a3,499.0,USD,Success,2025-07-03,Wire Transfer
TXN-a45ec576,CUST-1b15aa7f,SUB-c0c4f8a3,499.0,USD,Failed,2025-08-03,PayPal
TXN-0581f944,CUST-1b15aa7f,SUB-c0c4f8a3,499.0,USD,Success,2025-09-03,PayPal
TXN-e255ef08,CUST-1b15aa7f,SUB-c0c4f8a3,499.0,USD,Success,2025-10-03,Credit Card
TXN-b7a02ceb,CUST-1b15aa7f,SUB-c0c4f8a3,499.0,USD,Success,2025-11-03,Wire Transfer
TXN-ce02dded,CUST-1b15aa7f,SUB-c0c4f8a3,499.0,USD,Success,2025-12-03,PayPal
TXN-998b193f,CUST-1b15aa7f,SUB-c0c4f8a3,499.0,USD,Failed,2026-01-03,PayPal
TXN-5555f078,CUST-1b15aa7f,SUB-c0c4f8a3,499.0,USD,Success,2026-02-03,PayPal
TXN-516726b1,CUST-1b15aa7f,SUB-c0c4f8a3,499.0,USD,Success,2026-03-03,PayPal
TXN-ceba7d0a,CUST-1b15aa7f,SUB-c0c4f8a3,499.0,USD,Success,2026-04-03,Credit Card
TXN-a69a1b30,CUST-1b15aa7f,SUB-c0c4f8a3,499.0,USD,Success,2026-05-03,Credit Card
TXN-18555878,CUST-2160d907,SUB-b27a8441,199.0,USD,Success,2025-12-02,PayPal
TXN-3e6e36e8,CUST-2160d907,SUB-b27a8441,199.0,USD,Success,2026-01-02,PayPal
TXN-621ba3fc,CUST-2160d907,SUB-b27a8441,199.0,USD,Success,2026-02-02,PayPal
TXN-a7a5bd1a,CUST-2160d907,SUB-b27a8441,199.0,USD,Success,2026-03-02,PayPal
TXN-756b2060,CUST-2160d907,SUB-b27a8441,199.0,USD,Success,2026-04-02,PayPal
TXN-d2304241,CUST-388c8e2f,SUB-472e456f,49.0,USD,Failed,2024-08-13,Wire Transfer
TXN-f3e538bd,CUST-388c8e2f,SUB-472e456f,49.0,USD,Success,2024-09-13,Wire Transfer
TXN-62e27bcf,CUST-388c8e2f,SUB-472e456f,49.0,USD,Success,2024-10-13,Wire Transfer
TXN-1a5822a0,CUST-388c8e2f,SUB-472e456f,49.0,USD,Success,2024-11-13,Wire Transfer
TXN-cbe032e3,CUST-388c8e2f,SUB-472e456f,49.0,USD,Success,2024-12-13,PayPal
TXN-b58f9634,CUST-388c8e2f,SUB-472e456f,49.0,USD,Success,2025-01-13,Wire Transfer
TXN-c6036572,CUST-388c8e2f,SUB-472e456f,49.0,USD,Success,2025-02-13,Wire Transfer
TXN-57b75584,CUST-388c8e2f,SUB-472e456f,49.0,USD,Success,2025-03-13,Credit Card
TXN-9d25c1be,CUST-388c8e2f,SUB-472e456f,49.0,USD,Success,2025-04-13,Wire Transfer
TXN-9539de7c,CUST-388c8e2f,SUB-472e456f,49.0,USD,Failed,2025-05-13,Wire Transfer
TXN-71116182,CUST-388c8e2f,SUB-472e456f,49.0,USD,Success,2025-06-13,PayPal
TXN-47becf56,CUST-388c8e2f,SUB-472e456f,49.0,USD,Success,2025-07-13,Wire Transfer
TXN-c930f396,CUST-388c8e2f,SUB-472e456f,49.0,USD,Success,2025-08-13,Wire Transfer
TXN-0df351c7,CUST-388c8e2f,SUB-472e456f,49.0,USD,Refunded,2025-09-13,PayPal
TXN-c71a6a79,CUST-388c8e2f,SUB-472e456f,49.0,USD,Success,2025-10-13,Wire Transfer
TXN-7b4b8eb7,CUST-e2bd0c39,SUB-ae95bf89,49.0,USD,Success,2024-09-01,PayPal
TXN-077367b9,CUST-e2bd0c39,SUB-ae95bf89,49.0,USD,Success,2024-10-01,Wire Transfer
TXN-f4011fe7,CUST-e2bd0c39,SUB-ae95bf89,49.0,USD,Success,2024-11-01,Credit Card
TXN-4c1c0f32,CUST-e2bd0c39,SUB-ae95bf89,49.0,USD,Success,2024-12-01,Credit Card
TXN-d25cfddb,CUST-e2bd0c39,SUB-ae95bf89,49.0,USD,Success,2025-01-01,Wire Transfer
TXN-bf5f3305,CUST-e2bd0c39,SUB-ae95bf89,49.0,USD,Success,2025-02-01,Credit Card
TXN-20294373,CUST-e2bd0c39,SUB-ae95bf89,49.0,USD,Success,2025-03-01,PayPal
TXN-654c30e0,CUST-e2bd0c39,SUB-ae95bf89,49.0,USD,Success,2025-04-01,Wire Transfer
TXN-11e3a57e,CUST-e2bd0c39,SUB-ae95bf89,49.0,USD,Success,2025-05-01,PayPal
TXN-12b83ff3,CUST-e2bd0c39,SUB-ae95bf89,49.0,USD,Success,2025-06-01,Credit Card
TXN-1b20637e,CUST-e2bd0c39,SUB-ae95bf89,49.0,USD,Success,2025-07-01,PayPal
TXN-c55e951a,CUST-e2bd0c39,SUB-ae95bf89,49.0,USD,Success,2025-08-01,Credit Card
TXN-67c4b33c,CUST-e2bd0c39,SUB-ae95bf89,49.0,USD,Success,2025-09-01,Credit Card
TXN-1d8edd77,CUST-e2bd0c39,SUB-ae95bf89,49.0,USD,Success,2025-10-01,Credit Card
TXN-f38211bb,CUST-e2bd0c39,SUB-ae95bf89,49.0,USD,Failed,2025-11-01,PayPal
TXN-95bd149f,CUST-e2bd0c39,SUB-ae95bf89,49.0,USD,Success,2025-12-01,Credit Card
TXN-bf061f64,CUST-e2bd0c39,SUB-ae95bf89,49.0,USD,Success,2026-01-01,Wire Transfer
TXN-e117ba10,CUST-e2bd0c39,SUB-ae95bf89,49.0,USD,Success,2026-02-01,Credit Card
TXN-6899ae15,CUST-e2bd0c39,SUB-ae95bf89,49.0,USD,Success,2026-03-01,Wire Transfer
TXN-75bf1b2b,CUST-e2bd0c39,SUB-ae95bf89,49.0,USD,Success,2026-04-01,Wire Transfer
TXN-f5200c6d,CUST-e2bd0c39,SUB-ae95bf89,49.0,USD,Success,2026-05-01,Wire Transfer
TXN-d51dfab9,CUST-44be5218,SUB-bde0d8e4,49.0,USD,Success,2026-04-21,Wire Transfer
TXN-b99de174,CUST-6c6a6b03,SUB-30cdf681,199.0,USD,Success,2024-05-13,PayPal
TXN-d460c5f8,CUST-6c6a6b03,SUB-30cdf681,199.0,USD,Success,2024-06-13,Wire Transfer
TXN-c73c4bc4,CUST-6c6a6b03,SUB-30cdf681,199.0,USD,Success,2024-07-13,Credit Card
TXN-e0ce1364,CUST-6c6a6b03,SUB-30cdf681,199.0,USD,Success,2024-08-13,Wire Transfer
TXN-80ce8da6,CUST-6c6a6b03,SUB-30cdf681,199.0,USD,Success,2024-09-13,Credit Card
TXN-9d7aa6bc,CUST-6c6a6b03,SUB-30cdf681,199.0,USD,Success,2024-10-13,PayPal
TXN-968f9be4,CUST-6c6a6b03,SUB-30cdf681,199.0,USD,Success,2024-11-13,Wire Transfer
TXN-7152e06a,CUST-6c6a6b03,SUB-30cdf681,199.0,USD,Success,2024-12-13,Credit Card
TXN-e753f950,CUST-6c6a6b03,SUB-30cdf681,199.0,USD,Success,2025-01-13,PayPal
TXN-6d4ea3d3,CUST-6c6a6b03,SUB-30cdf681,199.0,USD,Success,2025-02-13,PayPal
TXN-1a8e46c0,CUST-6c6a6b03,SUB-30cdf681,199.0,USD,Success,2025-03-13,Credit Card
TXN-8b2bfcb3,CUST-6c6a6b03,SUB-30cdf681,199.0,USD,Success,2025-04-13,Wire Transfer
TXN-07c2c168,CUST-6c6a6b03,SUB-30cdf681,199.0,USD,Success,2025-05-13,PayPal
TXN-4dc5ff1b,CUST-6c6a6b03,SUB-30cdf681,199.0,USD,Refunded,2025-06-13,Credit Card
TXN-6e20919a,CUST-6c6a6b03,SUB-30cdf681,199.0,USD,Success,2025-07-13,Wire Transfer
TXN-41f0f484,CUST-6c6a6b03,SUB-30cdf681,199.0,USD,Success,2025-08-13,PayPal
TXN-fee26e34,CUST-6c6a6b03,SUB-30cdf681,199.0,USD,Success,2025-09-13,Credit Card
TXN-77ea36b3,CUST-6c6a6b03,SUB-30cdf681,199.0,USD,Success,2025-10-13,PayPal
TXN-415b735e,CUST-6c6a6b03,SUB-30cdf681,199.0,USD,Success,2025-11-13,PayPal
TXN-09febc62,CUST-6c6a6b03,SUB-30cdf681,199.0,USD,Success,2025-12-13,Credit Card
TXN-0d853dcc,CUST-6c6a6b03,SUB-30cdf681,199.0,USD,Success,2026-01-13,PayPal
TXN-be577424,CUST-6c6a6b03,SUB-30cdf681,199.0,USD,Success,2026-02-13,Credit Card
TXN-6a5db7a1,CUST-6c6a6b03,SUB-30cdf681,199.0,USD,Success,2026-03-13,Wire Transfer
TXN-23afef64,CUST-6c6a6b03,SUB-30cdf681,199.0,USD,Success,2026-04-13,Credit Card
TXN-54a7b047,CUST-0e040031,SUB-ba9cb936,199.0,USD,Success,2024-08-21,Wire Transfer
TXN-c63d0786,CUST-0e040031,SUB-ba9cb936,199.0,USD,Success,2024-09-21,PayPal
TXN-ba3b329d,CUST-0e040031,SUB-ba9cb936,199.0,USD,Success,2024-10-21,Credit Card
TXN-679134c0,CUST-0e040031,SUB-ba9cb936,199.0,USD,Success,2024-11-21,Credit Card
TXN-b10bf566,CUST-0e040031,SUB-ba9cb936,199.0,USD,Success,2024-12-21,Credit Card
TXN-46014889,CUST-0e040031,SUB-ba9cb936,199.0,USD,Success,2025-01-21,Credit Card
TXN-8b4b7872,CUST-0e040031,SUB-ba9cb936,199.0,USD,Success,2025-02-21,Wire Transfer
TXN-6d1abada,CUST-0e040031,SUB-ba9cb936,199.0,USD,Success,2025-03-21,Wire Transfer
TXN-1aca3547,CUST-0e040031,SUB-ba9cb936,199.0,USD,Success,2025-04-21,PayPal
TXN-416542c7,CUST-0e040031,SUB-ba9cb936,199.0,USD,Success,2025-05-21,PayPal
TXN-e93fca17,CUST-0e040031,SUB-ba9cb936,199.0,USD,Success,2025-06-21,PayPal
TXN-6aff69a7,CUST-0e040031,SUB-ba9cb936,199.0,USD,Success,2025-07-21,PayPal
TXN-7ade48b1,CUST-0e040031,SUB-ba9cb936,199.0,USD,Success,2025-08-21,Credit Card
TXN-b74bffc2,CUST-0e040031,SUB-ba9cb936,199.0,USD,Success,2025-09-21,Wire Transfer
TXN-4fd8de2c,CUST-0e040031,SUB-ba9cb936,199.0,USD,Success,2025-10-21,Wire Transfer
TXN-e98193d7,CUST-0e040031,SUB-ba9cb936,199.0,USD,Success,2025-11-21,Wire Transfer
TXN-2e111734,CUST-0e040031,SUB-ba9cb936,199.0,USD,Success,2025-12-21,Wire Transfer
TXN-4bca666b,CUST-0e040031,SUB-ba9cb936,199.0,USD,Success,2026-01-21,PayPal
TXN-a45d1c50,CUST-0e040031,SUB-ba9cb936,199.0,USD,Failed,2026-02-21,Credit Card
TXN-0cc543cb,CUST-0e040031,SUB-ba9cb936,199.0,USD,Success,2026-03-21,Wire Transfer
TXN-3ec175fb,CUST-0e040031,SUB-ba9cb936,199.0,USD,Success,2026-04-21,Credit Card
TXN-677936ef,CUST-7c9239d0,SUB-21a05d31,199.0,USD,Success,2024-08-06,Credit Card
TXN-c19e0516,CUST-7c9239d0,SUB-21a05d31,199.0,USD,Success,2024-09-06,Credit Card
TXN-8a485971,CUST-7c9239d0,SUB-21a05d31,199.0,USD,Success,2024-10-06,Credit Card
TXN-845c28a7,CUST-7c9239d0,SUB-21a05d31,199.0,USD,Failed,2024-11-06,Wire Transfer
TXN-c54e66fb,CUST-7c9239d0,SUB-21a05d31,199.0,USD,Success,2024-12-06,Wire Transfer
TXN-1e7a4ff2,CUST-7c9239d0,SUB-21a05d31,199.0,USD,Failed,2025-01-06,Wire Transfer
TXN-b0c3c8be,CUST-7c9239d0,SUB-21a05d31,199.0,USD,Success,2025-02-06,PayPal
TXN-f25d92c5,CUST-7c9239d0,SUB-21a05d31,199.0,USD,Success,2025-03-06,Wire Transfer
TXN-8a126f36,CUST-7c9239d0,SUB-21a05d31,199.0,USD,Success,2025-04-06,PayPal
TXN-91e5774d,CUST-7c9239d0,SUB-21a05d31,199.0,USD,Success,2025-05-06,PayPal
TXN-4776981b,CUST-7c9239d0,SUB-21a05d31,199.0,USD,Success,2025-06-06,PayPal
TXN-227fa0b3,CUST-7c9239d0,SUB-21a05d31,199.0,USD,Failed,2025-07-06,Wire Transfer
TXN-3e412453,CUST-7c9239d0,SUB-21a05d31,199.0,USD,Success,2025-08-06,Wire Transfer
TXN-05ec72be,CUST-7c9239d0,SUB-21a05d31,199.0,USD,Success,2025-09-06,Wire Transfer
TXN-d94854f8,CUST-7c9239d0,SUB-21a05d31,199.0,USD,Success,2025-10-06,PayPal
TXN-63ecab7e,CUST-7c9239d0,SUB-21a05d31,199.0,USD,Success,2025-11-06,PayPal
TXN-8d45c6b6,CUST-7c9239d0,SUB-21a05d31,199.0,USD,Success,2025-12-06,Credit Card
TXN-8f4d2ded,CUST-7c9239d0,SUB-21a05d31,199.0,USD,Success,2026-01-06,PayPal
TXN-771f8d17,CUST-7c9239d0,SUB-21a05d31,199.0,USD,Success,2026-02-06,PayPal
TXN-17addde6,CUST-7c9239d0,SUB-21a05d31,199.0,USD,Success,2026-03-06,Wire Transfer
TXN-fab93636,CUST-7c9239d0,SUB-21a05d31,199.0,USD,Success,2026-04-06,Credit Card
TXN-58557b43,CUST-7c9239d0,SUB-21a05d31,199.0,USD,Success,2026-05-06,Credit Card
TXN-8169749e,CUST-bb8c4432,SUB-2cdf7261,199.0,USD,Success,2026-01-23,Credit Card
TXN-1d87ca76,CUST-bb8c4432,SUB-2cdf7261,199.0,USD,Success,2026-02-23,Wire Transfer
TXN-1a510684,CUST-bb8c4432,SUB-2cdf7261,199.0,USD,Failed,2026-03-23,Credit Card
TXN-d5541815,CUST-bb8c4432,SUB-2cdf7261,199.0,USD,Success,2026-04-23,Credit Card
TXN-a41dc6bd,CUST-5e76105a,SUB-70ee5bc4,199.0,USD,Success,2025-06-22,Wire Transfer
TXN-6a6ab1ea,CUST-5e76105a,SUB-70ee5bc4,199.0,USD,Success,2025-07-22,Credit Card
TXN-ad380395,CUST-5e76105a,SUB-70ee5bc4,199.0,USD,Success,2025-08-22,PayPal
TXN-a6abbb77,CUST-5e76105a,SUB-70ee5bc4,199.0,USD,Success,2025-09-22,PayPal
TXN-a0a0a5ba,CUST-5e76105a,SUB-70ee5bc4,199.0,USD,Success,2025-10-22,PayPal
TXN-0f1b1d2d,CUST-5e76105a,SUB-70ee5bc4,199.0,USD,Failed,2025-11-22,PayPal
TXN-ffbab6b1,CUST-5e76105a,SUB-70ee5bc4,199.0,USD,Success,2025-12-22,PayPal
TXN-03fb6e3f,CUST-5e76105a,SUB-70ee5bc4,199.0,USD,Success,2026-01-22,PayPal
TXN-4ea1ce4a,CUST-5e76105a,SUB-70ee5bc4,199.0,USD,Success,2026-02-22,PayPal
TXN-3aabbbba,CUST-5e76105a,SUB-70ee5bc4,199.0,USD,Success,2026-03-22,PayPal
TXN-94d1bf03,CUST-5e76105a,SUB-70ee5bc4,199.0,USD,Success,2026-04-22,PayPal
TXN-7145acf6,CUST-6ad5a203,SUB-f901b585,49.0,USD,Success,2024-11-07,Wire Transfer
TXN-0aabe537,CUST-6ad5a203,SUB-f901b585,49.0,USD,Success,2024-12-07,Wire Transfer
TXN-56cd34d1,CUST-6ad5a203,SUB-f901b585,49.0,USD,Success,2025-01-07,PayPal
TXN-623ebbf5,CUST-6ad5a203,SUB-f901b585,49.0,USD,Success,2025-02-07,Wire Transfer
TXN-1d127536,CUST-6ad5a203,SUB-f901b585,49.0,USD,Success,2025-03-07,Wire Transfer
TXN-0570f80f,CUST-6ad5a203,SUB-f901b585,49.0,USD,Success,2025-04-07,PayPal
TXN-bb356e51,CUST-6ad5a203,SUB-f901b585,49.0,USD,Success,2025-05-07,PayPal
TXN-8b922400,CUST-6ad5a203,SUB-f901b585,49.0,USD,Success,2025-06-07,Wire Transfer
TXN-f89f2dc5,CUST-6ad5a203,SUB-f901b585,49.0,USD,Failed,2025-07-07,PayPal
TXN-e71f8d3b,CUST-6ad5a203,SUB-f901b585,49.0,USD,Success,2025-08-07,PayPal
TXN-e74e773b,CUST-6ad5a203,SUB-f901b585,49.0,USD,Success,2025-09-07,PayPal
TXN-32b2f69c,CUST-6ad5a203,SUB-f901b585,49.0,USD,Success,2025-10-07,PayPal
TXN-b3d9832b,CUST-6ad5a203,SUB-f901b585,49.0,USD,Success,2025-11-07,Wire Transfer
TXN-81d9e80d,CUST-6ad5a203,SUB-f901b585,49.0,USD,Success,2025-12-07,Credit Card
TXN-ce58c47d,CUST-6ad5a203,SUB-f901b585,49.0,USD,Success,2026-01-07,Wire Transfer
TXN-4942a37e,CUST-6ad5a203,SUB-f901b585,49.0,USD,Success,2026-02-07,Credit Card
TXN-7a7d33dd,CUST-6ad5a203,SUB-f901b585,49.0,USD,Success,2026-03-07,Credit Card
TXN-b947f1cd,CUST-6ad5a203,SUB-f901b585,49.0,USD,Success,2026-04-07,Credit Card
TXN-ffdf8b21,CUST-6ad5a203,SUB-f901b585,49.0,USD,Success,2026-05-07,Wire Transfer
TXN-53663ead,CUST-82487ee7,SUB-2ed34427,49.0,USD,Success,2025-11-23,Wire Transfer
TXN-ad78b907,CUST-82487ee7,SUB-2ed34427,49.0,USD,Success,2025-12-23,Wire Transfer
TXN-47715a41,CUST-82487ee7,SUB-2ed34427,49.0,USD,Success,2026-01-23,Wire Transfer
TXN-d6d6bcb9,CUST-82487ee7,SUB-2ed34427,49.0,USD,Success,2026-02-23,Wire Transfer
TXN-1d1960d7,CUST-82487ee7,SUB-2ed34427,49.0,USD,Success,2026-03-23,Credit Card
TXN-51ebe29c,CUST-82487ee7,SUB-2ed34427,49.0,USD,Success,2026-04-23,Wire Transfer
TXN-081b0840,CUST-dfc7d365,SUB-dabfaeb8,199.0,USD,Success,2026-05-02,Credit Card
TXN-b28161ad,CUST-e19487eb,SUB-6e0f08f3,199.0,USD,Success,2025-07-28,Wire Transfer
TXN-0d4e83b3,CUST-e19487eb,SUB-6e0f08f3,199.0,USD,Success,2025-08-28,Wire Transfer
TXN-14b29e93,CUST-e19487eb,SUB-6e0f08f3,199.0,USD,Success,2025-09-28,PayPal
TXN-a8d31a8e,CUST-e19487eb,SUB-6e0f08f3,199.0,USD,Success,2025-10-28,Credit Card
TXN-1ab29548,CUST-39b72066,SUB-6f0641c8,49.0,USD,Failed,2025-08-19,Wire Transfer
TXN-bf67eb99,CUST-39b72066,SUB-6f0641c8,49.0,USD,Success,2025-09-19,Wire Transfer
TXN-55d538b8,CUST-39b72066,SUB-6f0641c8,49.0,USD,Success,2025-10-19,Wire Transfer
TXN-d0b159dd,CUST-39b72066,SUB-6f0641c8,49.0,USD,Failed,2025-11-19,PayPal
TXN-171197bb,CUST-2fa11cb8,SUB-bb622b74,49.0,USD,Success,2025-04-01,Credit Card
TXN-facee2f9,CUST-2fa11cb8,SUB-bb622b74,49.0,USD,Success,2025-05-01,Wire Transfer
TXN-742f2906,CUST-2fa11cb8,SUB-bb622b74,49.0,USD,Success,2025-06-01,Wire Transfer
TXN-01701682,CUST-2fa11cb8,SUB-bb622b74,49.0,USD,Success,2025-07-01,Wire Transfer
TXN-cc11933a,CUST-2fa11cb8,SUB-bb622b74,49.0,USD,Success,2025-08-01,PayPal
TXN-8acd80bc,CUST-2fa11cb8,SUB-bb622b74,49.0,USD,Success,2025-09-01,Wire Transfer
TXN-b9a5f2d5,CUST-2fa11cb8,SUB-bb622b74,49.0,USD,Success,2025-10-01,Credit Card
TXN-6a7a8eeb,CUST-2fa11cb8,SUB-bb622b74,49.0,USD,Success,2025-11-01,Credit Card
TXN-9ea2bc5e,CUST-2fa11cb8,SUB-bb622b74,49.0,USD,Success,2025-12-01,Credit Card
TXN-5802f26a,CUST-2fa11cb8,SUB-bb622b74,49.0,USD,Success,2026-01-01,Credit Card
TXN-ef6b148a,CUST-2fa11cb8,SUB-bb622b74,49.0,USD,Success,2026-02-01,Wire Transfer
TXN-190c01b7,CUST-d67ba111,SUB-9ada4a74,49.0,USD,Success,2025-08-20,PayPal
TXN-9aa7e7f5,CUST-d67ba111,SUB-9ada4a74,49.0,USD,Refunded,2025-09-20,PayPal
TXN-59896c8d,CUST-d67ba111,SUB-9ada4a74,49.0,USD,Success,2025-10-20,PayPal
TXN-7a0b1812,CUST-d67ba111,SUB-9ada4a74,49.0,USD,Success,2025-11-20,Wire Transfer
TXN-fbd5d03b,CUST-d67ba111,SUB-9ada4a74,49.0,USD,Success,2025-12-20,PayPal
TXN-7548cf6d,CUST-d67ba111,SUB-9ada4a74,49.0,USD,Failed,2026-01-20,Credit Card
TXN-58093ced,CUST-d67ba111,SUB-9ada4a74,49.0,USD,Refunded,2026-02-20,Wire Transfer
TXN-7e8d7466,CUST-d67ba111,SUB-9ada4a74,49.0,USD,Success,2026-03-20,PayPal
TXN-20e14ab0,CUST-d67ba111,SUB-9ada4a74,49.0,USD,Refunded,2026-04-20,Credit Card
TXN-1c3d804b,CUST-3cd0608a,SUB-f694d09e,199.0,USD,Success,2024-07-25,Credit Card
TXN-0fbf230f,CUST-3cd0608a,SUB-f694d09e,199.0,USD,Success,2024-08-25,Wire Transfer
TXN-4c84f7e6,CUST-3cd0608a,SUB-f694d09e,199.0,USD,Success,2024-09-25,Wire Transfer
TXN-fb817062,CUST-3cd0608a,SUB-f694d09e,199.0,USD,Refunded,2024-10-25,PayPal
TXN-5cc5f075,CUST-3cd0608a,SUB-f694d09e,199.0,USD,Success,2024-11-25,PayPal
TXN-ad9c319d,CUST-3cd0608a,SUB-f694d09e,199.0,USD,Success,2024-12-25,PayPal
TXN-a2900bfd,CUST-3cd0608a,SUB-f694d09e,199.0,USD,Success,2025-01-25,Wire Transfer
TXN-d6206882,CUST-3cd0608a,SUB-f694d09e,199.0,USD,Success,2025-02-25,PayPal
TXN-bee570f9,CUST-3cd0608a,SUB-f694d09e,199.0,USD,Success,2025-03-25,PayPal
TXN-b9dd7d6e,CUST-3cd0608a,SUB-f694d09e,199.0,USD,Success,2025-04-25,Credit Card
TXN-a6bd8dc2,CUST-3cd0608a,SUB-f694d09e,199.0,USD,Success,2025-05-25,Credit Card
TXN-07ba7ddf,CUST-3cd0608a,SUB-f694d09e,199.0,USD,Success,2025-06-25,Credit Card
TXN-8940033d,CUST-3cd0608a,SUB-f694d09e,199.0,USD,Success,2025-07-25,PayPal
TXN-259da6b4,CUST-3cd0608a,SUB-f694d09e,199.0,USD,Success,2025-08-25,Wire Transfer
TXN-3e57cbb0,CUST-3cd0608a,SUB-f694d09e,199.0,USD,Success,2025-09-25,Credit Card
TXN-5e36fb27,CUST-3cd0608a,SUB-f694d09e,199.0,USD,Success,2025-10-25,Wire Transfer
TXN-eca303b1,CUST-3cd0608a,SUB-f694d09e,199.0,USD,Success,2025-11-25,PayPal
TXN-6cb4dafa,CUST-3cd0608a,SUB-f694d09e,199.0,USD,Success,2025-12-25,PayPal
TXN-82fac6a3,CUST-3cd0608a,SUB-f694d09e,199.0,USD,Success,2026-01-25,Credit Card
TXN-3783d600,CUST-3cd0608a,SUB-f694d09e,199.0,USD,Success,2026-02-25,Wire Transfer
TXN-86ad0570,CUST-3cd0608a,SUB-f694d09e,199.0,USD,Success,2026-03-25,Credit Card
TXN-c55ba60e,CUST-3cd0608a,SUB-f694d09e,199.0,USD,Success,2026-04-25,PayPal
TXN-5c3c80b8,CUST-06c8bd53,SUB-cafc5613,49.0,USD,Success,2025-06-17,Wire Transfer
TXN-09d276d1,CUST-06c8bd53,SUB-cafc5613,49.0,USD,Success,2025-07-17,Credit Card
TXN-99384325,CUST-06c8bd53,SUB-cafc5613,49.0,USD,Success,2025-08-17,PayPal
TXN-47648273,CUST-06c8bd53,SUB-cafc5613,49.0,USD,Success,2025-09-17,Credit Card
TXN-6f9b8563,CUST-06c8bd53,SUB-cafc5613,49.0,USD,Success,2025-10-17,Wire Transfer
TXN-8b0eddde,CUST-06c8bd53,SUB-cafc5613,49.0,USD,Success,2025-11-17,Wire Transfer
TXN-3d10591e,CUST-06c8bd53,SUB-cafc5613,49.0,USD,Success,2025-12-17,Wire Transfer
TXN-4fb9130d,CUST-06c8bd53,SUB-cafc5613,49.0,USD,Success,2026-01-17,Wire Transfer
TXN-b1a01b06,CUST-06c8bd53,SUB-cafc5613,49.0,USD,Success,2026-02-17,Wire Transfer
TXN-384fc409,CUST-06c8bd53,SUB-cafc5613,49.0,USD,Success,2026-03-17,Credit Card
TXN-9621f616,CUST-06c8bd53,SUB-cafc5613,49.0,USD,Success,2026-04-17,Credit Card
TXN-b703ef92,CUST-8da05055,SUB-f1d9fc1f,199.0,USD,Success,2025-10-01,Credit Card
TXN-d09438f0,CUST-8da05055,SUB-f1d9fc1f,199.0,USD,Success,2025-11-01,Credit Card
TXN-58908e03,CUST-8da05055,SUB-f1d9fc1f,199.0,USD,Refunded,2025-12-01,PayPal
TXN-261ba4bb,CUST-8da05055,SUB-f1d9fc1f,199.0,USD,Success,2026-01-01,PayPal
TXN-58dc208f,CUST-8da05055,SUB-f1d9fc1f,199.0,USD,Success,2026-02-01,Credit Card
TXN-37916969,CUST-8da05055,SUB-f1d9fc1f,199.0,USD,Failed,2026-03-01,PayPal
TXN-2494791a,CUST-8da05055,SUB-f1d9fc1f,199.0,USD,Success,2026-04-01,PayPal
TXN-18db4b80,CUST-8da05055,SUB-f1d9fc1f,199.0,USD,Success,2026-05-01,Wire Transfer
TXN-9deb6b0c,CUST-1bdac305,SUB-cae38026,499.0,USD,Success,2025-07-08,Credit Card
TXN-43b4fc9b,CUST-1bdac305,SUB-cae38026,499.0,USD,Success,2025-08-08,PayPal
TXN-7b0edfb5,CUST-1bdac305,SUB-cae38026,499.0,USD,Success,2025-09-08,PayPal
TXN-7ac0171f,CUST-1bdac305,SUB-cae38026,499.0,USD,Success,2025-10-08,Credit Card
TXN-2e7c9df4,CUST-1bdac305,SUB-cae38026,499.0,USD,Success,2025-11-08,Wire Transfer
TXN-bf60f08b,CUST-1bdac305,SUB-cae38026,499.0,USD,Success,2025-12-08,Credit Card
TXN-9c20ad24,CUST-1bdac305,SUB-cae38026,499.0,USD,Success,2026-01-08,Wire Transfer
TXN-a878e33d,CUST-1bdac305,SUB-cae38026,499.0,USD,Success,2026-02-08,PayPal
TXN-4f81ee0e,CUST-1bdac305,SUB-cae38026,499.0,USD,Success,2026-03-08,Wire Transfer
TXN-0b5cbb56,CUST-1bdac305,SUB-cae38026,499.0,USD,Success,2026-04-08,Wire Transfer
TXN-6636083c,CUST-1bdac305,SUB-cae38026,499.0,USD,Success,2026-05-08,Credit Card
TXN-71d0b8c0,CUST-a094163e,SUB-2034ea40,49.0,USD,Success,2025-09-08,PayPal
TXN-dc894657,CUST-a094163e,SUB-2034ea40,49.0,USD,Success,2025-10-08,Credit Card
TXN-3a633a3a,CUST-a094163e,SUB-2034ea40,49.0,USD,Success,2025-11-08,Credit Card
TXN-37690097,CUST-a094163e,SUB-2034ea40,49.0,USD,Success,2025-12-08,PayPal
TXN-d1c07dec,CUST-a094163e,SUB-2034ea40,49.0,USD,Success,2026-01-08,Credit Card
TXN-de51305f,CUST-a094163e,SUB-2034ea40,49.0,USD,Success,2026-02-08,Credit Card
TXN-a916cbd0,CUST-a094163e,SUB-2034ea40,49.0,USD,Success,2026-03-08,Wire Transfer
TXN-ec6b3f42,CUST-a094163e,SUB-2034ea40,49.0,USD,Success,2026-04-08,Credit Card
TXN-711b076e,CUST-a094163e,SUB-2034ea40,49.0,USD,Failed,2026-05-08,PayPal
TXN-a4dbfdd2,CUST-9076dc87,SUB-131c47bb,1999.0,USD,Success,2025-12-09,Credit Card
TXN-8a6f780f,CUST-9076dc87,SUB-131c47bb,1999.0,USD,Success,2026-01-09,Wire Transfer
TXN-180a5255,CUST-9076dc87,SUB-131c47bb,1999.0,USD,Success,2026-02-09,Credit Card
TXN-dbbe5792,CUST-9076dc87,SUB-131c47bb,1999.0,USD,Success,2026-03-09,Credit Card
TXN-1bddbd67,CUST-9076dc87,SUB-131c47bb,1999.0,USD,Success,2026-04-09,Credit Card
TXN-115f70ab,CUST-b12836c4,SUB-94dd1b04,199.0,USD,Success,2025-08-06,Wire Transfer
TXN-b0cba724,CUST-b12836c4,SUB-94dd1b04,199.0,USD,Success,2025-09-06,PayPal
TXN-874d8cc9,CUST-b12836c4,SUB-94dd1b04,199.0,USD,Failed,2025-10-06,PayPal
TXN-b95b68b1,CUST-b12836c4,SUB-94dd1b04,199.0,USD,Success,2025-11-06,Wire Transfer
TXN-dc250fc0,CUST-b12836c4,SUB-94dd1b04,199.0,USD,Success,2025-12-06,Wire Transfer
TXN-20cb734b,CUST-b12836c4,SUB-94dd1b04,199.0,USD,Success,2026-01-06,Credit Card
TXN-b8749280,CUST-b12836c4,SUB-94dd1b04,199.0,USD,Success,2026-02-06,PayPal
TXN-e809987c,CUST-b12836c4,SUB-94dd1b04,199.0,USD,Failed,2026-03-06,Wire Transfer
TXN-3f8f1f1b,CUST-b12836c4,SUB-94dd1b04,199.0,USD,Success,2026-04-06,PayPal
TXN-c49d6232,CUST-b12836c4,SUB-94dd1b04,199.0,USD,Success,2026-05-06,Credit Card
TXN-a76d0046,CUST-66e769ab,SUB-bce0e79f,199.0,USD,Failed,2025-01-23,Wire Transfer
TXN-7d452ac9,CUST-66e769ab,SUB-bce0e79f,199.0,USD,Success,2025-02-23,PayPal
TXN-13c1d59c,CUST-66e769ab,SUB-bce0e79f,199.0,USD,Success,2025-03-23,PayPal
TXN-ab11d615,CUST-66e769ab,SUB-bce0e79f,199.0,USD,Success,2025-04-23,Credit Card
TXN-b256de90,CUST-66e769ab,SUB-bce0e79f,199.0,USD,Success,2025-05-23,Wire Transfer
TXN-f482a4b2,CUST-66e769ab,SUB-bce0e79f,199.0,USD,Success,2025-06-23,PayPal
TXN-96c6f6bc,CUST-66e769ab,SUB-bce0e79f,199.0,USD,Success,2025-07-23,Credit Card
TXN-b4bfea27,CUST-66e769ab,SUB-bce0e79f,199.0,USD,Success,2025-08-23,PayPal
TXN-e4049eed,CUST-66e769ab,SUB-bce0e79f,199.0,USD,Success,2025-09-23,Credit Card
TXN-b32237e0,CUST-66e769ab,SUB-bce0e79f,199.0,USD,Success,2025-10-23,PayPal
TXN-f1dc39d0,CUST-66e769ab,SUB-bce0e79f,199.0,USD,Success,2025-11-23,PayPal
TXN-cb5f84ce,CUST-66e769ab,SUB-bce0e79f,199.0,USD,Success,2025-12-23,Credit Card
TXN-16e65d51,CUST-66e769ab,SUB-bce0e79f,199.0,USD,Success,2026-01-23,Wire Transfer
TXN-cc82100c,CUST-66e769ab,SUB-bce0e79f,199.0,USD,Success,2026-02-23,Credit Card
TXN-3ad673b5,CUST-66e769ab,SUB-bce0e79f,199.0,USD,Success,2026-03-23,Wire Transfer
TXN-f52277fb,CUST-66e769ab,SUB-bce0e79f,199.0,USD,Success,2026-04-23,PayPal
TXN-6ca98d71,CUST-5971184e,SUB-3d2ac018,199.0,USD,Success,2024-10-10,PayPal
TXN-231d3f76,CUST-5971184e,SUB-3d2ac018,199.0,USD,Success,2024-11-10,Credit Card
TXN-fca84bec,CUST-5971184e,SUB-3d2ac018,199.0,USD,Success,2024-12-10,Credit Card
TXN-0f34b68d,CUST-5971184e,SUB-3d2ac018,199.0,USD,Failed,2025-01-10,Wire Transfer
TXN-20d035de,CUST-5971184e,SUB-3d2ac018,199.0,USD,Success,2025-02-10,Wire Transfer
TXN-7d311316,CUST-5971184e,SUB-3d2ac018,199.0,USD,Success,2025-03-10,Wire Transfer
TXN-fd4f96c9,CUST-5971184e,SUB-3d2ac018,199.0,USD,Success,2025-04-10,Credit Card
TXN-8ef74f43,CUST-5971184e,SUB-3d2ac018,199.0,USD,Success,2025-05-10,PayPal
TXN-6a823a83,CUST-5971184e,SUB-3d2ac018,199.0,USD,Success,2025-06-10,Credit Card
TXN-d33e1b31,CUST-5971184e,SUB-3d2ac018,199.0,USD,Success,2025-07-10,PayPal
TXN-1ec0dbd3,CUST-5971184e,SUB-3d2ac018,199.0,USD,Success,2025-08-10,Credit Card
TXN-31c8834d,CUST-5971184e,SUB-3d2ac018,199.0,USD,Success,2025-09-10,Credit Card
TXN-c9264e99,CUST-80b81a36,SUB-399c5fe4,199.0,USD,Success,2025-07-31,Wire Transfer
TXN-e9b327fc,CUST-80b81a36,SUB-399c5fe4,199.0,USD,Success,2025-08-31,PayPal
TXN-f05a354f,CUST-80b81a36,SUB-399c5fe4,199.0,USD,Success,2025-09-30,Credit Card
TXN-cc6ebb11,CUST-80b81a36,SUB-399c5fe4,199.0,USD,Success,2025-10-30,Credit Card
TXN-003f5986,CUST-80b81a36,SUB-399c5fe4,199.0,USD,Success,2025-11-30,PayPal
TXN-76164a45,CUST-80b81a36,SUB-399c5fe4,199.0,USD,Success,2025-12-30,Credit Card
TXN-b74201e7,CUST-80b81a36,SUB-399c5fe4,199.0,USD,Success,2026-01-30,PayPal
TXN-a8c6cca0,CUST-80b81a36,SUB-399c5fe4,199.0,USD,Success,2026-02-28,Wire Transfer
TXN-5249720c,CUST-80b81a36,SUB-399c5fe4,199.0,USD,Success,2026-03-28,Wire Transfer
TXN-1d2ca386,CUST-80b81a36,SUB-399c5fe4,199.0,USD,Success,2026-04-28,PayPal
TXN-99e2a0cf,CUST-88b8e9c2,SUB-645c3b27,199.0,USD,Success,2025-08-28,Wire Transfer
TXN-546bc380,CUST-88b8e9c2,SUB-645c3b27,199.0,USD,Success,2025-09-28,PayPal
TXN-cf062010,CUST-88b8e9c2,SUB-645c3b27,199.0,USD,Success,2025-10-28,Credit Card
TXN-d5df5426,CUST-88b8e9c2,SUB-645c3b27,199.0,USD,Success,2025-11-28,Credit Card
TXN-1510dc29,CUST-88b8e9c2,SUB-645c3b27,199.0,USD,Success,2025-12-28,PayPal
TXN-6178fa2d,CUST-88b8e9c2,SUB-645c3b27,199.0,USD,Failed,2026-01-28,Credit Card
TXN-257eae67,CUST-88b8e9c2,SUB-645c3b27,199.0,USD,Success,2026-02-28,Wire Transfer
TXN-e9a0be01,CUST-88b8e9c2,SUB-645c3b27,199.0,USD,Success,2026-03-28,Credit Card
TXN-c8c94696,CUST-88b8e9c2,SUB-645c3b27,199.0,USD,Success,2026-04-28,Credit Card
TXN-b40734fe,CUST-bbb27d40,SUB-7c675d53,199.0,USD,Success,2025-07-27,PayPal
TXN-4f56ae7c,CUST-bbb27d40,SUB-7c675d53,199.0,USD,Success,2025-08-27,Wire Transfer
TXN-789228b0,CUST-bbb27d40,SUB-7c675d53,199.0,USD,Success,2025-09-27,Credit Card
TXN-242a5451,CUST-bbb27d40,SUB-7c675d53,199.0,USD,Success,2025-10-27,Credit Card
TXN-904ba32a,CUST-bbb27d40,SUB-7c675d53,199.0,USD,Success,2025-11-27,PayPal
TXN-ed807489,CUST-bbb27d40,SUB-7c675d53,199.0,USD,Success,2025-12-27,PayPal
TXN-071679d8,CUST-bbb27d40,SUB-7c675d53,199.0,USD,Success,2026-01-27,Wire Transfer
TXN-d1b05a73,CUST-bbb27d40,SUB-7c675d53,199.0,USD,Success,2026-02-27,Credit Card
TXN-9895dffe,CUST-bbb27d40,SUB-7c675d53,199.0,USD,Success,2026-03-27,PayPal
TXN-72801b45,CUST-bbb27d40,SUB-7c675d53,199.0,USD,Success,2026-04-27,PayPal
TXN-131e55e9,CUST-fcfd957d,SUB-7723058c,49.0,USD,Success,2024-12-15,PayPal
TXN-c8bb52f3,CUST-fcfd957d,SUB-7723058c,49.0,USD,Success,2025-01-15,Wire Transfer
TXN-4d9bb50e,CUST-fcfd957d,SUB-7723058c,49.0,USD,Success,2025-02-15,PayPal
TXN-5da97d65,CUST-fcfd957d,SUB-7723058c,49.0,USD,Success,2025-03-15,Wire Transfer
TXN-9663b2bf,CUST-fcfd957d,SUB-7723058c,49.0,USD,Success,2025-04-15,Wire Transfer
TXN-c05d8f43,CUST-fcfd957d,SUB-7723058c,49.0,USD,Success,2025-05-15,Credit Card
TXN-742d64d3,CUST-fcfd957d,SUB-7723058c,49.0,USD,Refunded,2025-06-15,Credit Card
TXN-8c7330b8,CUST-fcfd957d,SUB-7723058c,49.0,USD,Success,2025-07-15,Wire Transfer
TXN-7119b2ad,CUST-fcfd957d,SUB-7723058c,49.0,USD,Success,2025-08-15,Credit Card
TXN-3f7909db,CUST-fcfd957d,SUB-7723058c,49.0,USD,Success,2025-09-15,Credit Card
TXN-e917263c,CUST-fcfd957d,SUB-7723058c,49.0,USD,Success,2025-10-15,PayPal
TXN-ff7c2e3c,CUST-fcfd957d,SUB-7723058c,49.0,USD,Success,2025-11-15,Credit Card
TXN-9fd82e16,CUST-fcfd957d,SUB-7723058c,49.0,USD,Success,2025-12-15,Wire Transfer
TXN-87585022,CUST-fcfd957d,SUB-7723058c,49.0,USD,Success,2026-01-15,Credit Card
TXN-9b4eafbc,CUST-fcfd957d,SUB-7723058c,49.0,USD,Success,2026-02-15,PayPal
TXN-33c02614,CUST-fcfd957d,SUB-7723058c,49.0,USD,Failed,2026-03-15,Wire Transfer
TXN-be774f22,CUST-fcfd957d,SUB-7723058c,49.0,USD,Success,2026-04-15,Credit Card
TXN-87c8ad96,CUST-5a76d941,SUB-e5c65b78,49.0,USD,Success,2024-12-30,Wire Transfer
TXN-e3506157,CUST-5a76d941,SUB-e5c65b78,49.0,USD,Success,2025-01-30,Credit Card
TXN-e2b4b5f9,CUST-5a76d941,SUB-e5c65b78,49.0,USD,Success,2025-02-28,PayPal
TXN-66f9563b,CUST-5a76d941,SUB-e5c65b78,49.0,USD,Success,2025-03-28,Credit Card
TXN-1114fa42,CUST-5a76d941,SUB-e5c65b78,49.0,USD,Success,2025-04-28,Wire Transfer
TXN-9d9cfc70,CUST-5a76d941,SUB-e5c65b78,49.0,USD,Success,2025-05-28,Wire Transfer
TXN-5726b21c,CUST-5a76d941,SUB-e5c65b78,49.0,USD,Success,2025-06-28,Wire Transfer
TXN-3aa1fcdc,CUST-5a76d941,SUB-e5c65b78,49.0,USD,Refunded,2025-07-28,Credit Card
TXN-3c6cc7b6,CUST-5a76d941,SUB-e5c65b78,49.0,USD,Success,2025-08-28,Credit Card
TXN-95537568,CUST-5a76d941,SUB-e5c65b78,49.0,USD,Success,2025-09-28,Credit Card
TXN-f6e9241c,CUST-5a76d941,SUB-e5c65b78,49.0,USD,Success,2025-10-28,PayPal
TXN-9acb5354,CUST-5a76d941,SUB-e5c65b78,49.0,USD,Success,2025-11-28,PayPal
TXN-e56072e1,CUST-5a76d941,SUB-e5c65b78,49.0,USD,Success,2025-12-28,PayPal
TXN-c109d0e0,CUST-5a76d941,SUB-e5c65b78,49.0,USD,Success,2026-01-28,Wire Transfer
TXN-c6912a4a,CUST-5a76d941,SUB-e5c65b78,49.0,USD,Success,2026-02-28,Wire Transfer
TXN-5962295c,CUST-5a76d941,SUB-e5c65b78,49.0,USD,Success,2026-03-28,Wire Transfer
TXN-389a732e,CUST-5a76d941,SUB-e5c65b78,49.0,USD,Success,2026-04-28,Wire Transfer
TXN-c8d0d571,CUST-11e6ba6d,SUB-cf39ed17,49.0,USD,Success,2025-08-09,Wire Transfer
TXN-8fbade39,CUST-11e6ba6d,SUB-cf39ed17,49.0,USD,Success,2025-09-09,Credit Card
TXN-1e8a6fec,CUST-11e6ba6d,SUB-cf39ed17,49.0,USD,Success,2025-10-09,Wire Transfer
TXN-ef287b36,CUST-11e6ba6d,SUB-cf39ed17,49.0,USD,Success,2025-11-09,Credit Card
TXN-06bed831,CUST-11e6ba6d,SUB-cf39ed17,49.0,USD,Success,2025-12-09,PayPal
TXN-20849de2,CUST-11e6ba6d,SUB-cf39ed17,49.0,USD,Success,2026-01-09,PayPal
TXN-75a2b31b,CUST-11e6ba6d,SUB-cf39ed17,49.0,USD,Success,2026-02-09,PayPal
TXN-85f840ed,CUST-11e6ba6d,SUB-cf39ed17,49.0,USD,Success,2026-03-09,PayPal
TXN-ce3f4018,CUST-11e6ba6d,SUB-cf39ed17,49.0,USD,Success,2026-04-09,PayPal
TXN-6c1a9441,CUST-196d1c74,SUB-1bec9465,49.0,USD,Success,2026-01-31,Wire Transfer
TXN-e538f182,CUST-196d1c74,SUB-1bec9465,49.0,USD,Success,2026-02-28,Wire Transfer
TXN-23034683,CUST-196d1c74,SUB-1bec9465,49.0,USD,Success,2026-03-28,Wire Transfer
TXN-2194f90e,CUST-196d1c74,SUB-1bec9465,49.0,USD,Success,2026-04-28,PayPal
TXN-0051d7a5,CUST-000e38fd,SUB-959f6740,49.0,USD,Success,2025-01-03,PayPal
TXN-d90ffe57,CUST-000e38fd,SUB-959f6740,49.0,USD,Success,2025-02-03,Credit Card
TXN-11fa3f3f,CUST-000e38fd,SUB-959f6740,49.0,USD,Refunded,2025-03-03,Wire Transfer
TXN-6fdb3717,CUST-000e38fd,SUB-959f6740,49.0,USD,Success,2025-04-03,PayPal
TXN-5a176e10,CUST-000e38fd,SUB-959f6740,49.0,USD,Success,2025-05-03,PayPal
TXN-8e1e1c42,CUST-000e38fd,SUB-959f6740,49.0,USD,Success,2025-06-03,PayPal
TXN-0dcb3bc4,CUST-000e38fd,SUB-959f6740,49.0,USD,Failed,2025-07-03,Credit Card
TXN-621cf031,CUST-000e38fd,SUB-959f6740,49.0,USD,Success,2025-08-03,PayPal
TXN-75db3e1e,CUST-000e38fd,SUB-959f6740,49.0,USD,Success,2025-09-03,Credit Card
TXN-cd8f34b7,CUST-000e38fd,SUB-959f6740,49.0,USD,Refunded,2025-10-03,Credit Card
TXN-6e707bdd,CUST-000e38fd,SUB-959f6740,49.0,USD,Success,2025-11-03,Wire Transfer
TXN-98cbf694,CUST-000e38fd,SUB-959f6740,49.0,USD,Success,2025-12-03,PayPal
TXN-a94a5b4d,CUST-000e38fd,SUB-959f6740,49.0,USD,Success,2026-01-03,Credit Card
TXN-3871761e,CUST-000e38fd,SUB-959f6740,49.0,USD,Success,2026-02-03,PayPal
TXN-163c4eee,CUST-000e38fd,SUB-959f6740,49.0,USD,Success,2026-03-03,Wire Transfer
TXN-0b6e0af4,CUST-000e38fd,SUB-959f6740,49.0,USD,Success,2026-04-03,Wire Transfer
TXN-c6c4bede,CUST-000e38fd,SUB-959f6740,49.0,USD,Success,2026-05-03,Credit Card
TXN-891a4c10,CUST-f5f4673e,SUB-8211e372,49.0,USD,Success,2026-04-26,Wire Transfer
TXN-2cf59f8e,CUST-430aad97,SUB-ce4154ea,499.0,USD,Success,2025-09-21,Wire Transfer
TXN-e35e7e26,CUST-430aad97,SUB-ce4154ea,499.0,USD,Success,2025-10-21,Wire Transfer
TXN-e48dbf35,CUST-430aad97,SUB-ce4154ea,499.0,USD,Success,2025-11-21,PayPal
TXN-a428c1b5,CUST-430aad97,SUB-ce4154ea,499.0,USD,Success,2025-12-21,PayPal
TXN-493f1ba4,CUST-430aad97,SUB-ce4154ea,499.0,USD,Success,2026-01-21,Credit Card
TXN-8c143535,CUST-430aad97,SUB-ce4154ea,499.0,USD,Success,2026-02-21,Credit Card
TXN-94e1c678,CUST-430aad97,SUB-ce4154ea,499.0,USD,Failed,2026-03-21,Wire Transfer
TXN-877aa04f,CUST-430aad97,SUB-ce4154ea,499.0,USD,Success,2026-04-21,Wire Transfer
TXN-a7d766cf,CUST-2433fa8d,SUB-7aeb3123,499.0,USD,Success,2025-01-23,Credit Card
TXN-e35d44ea,CUST-2433fa8d,SUB-7aeb3123,499.0,USD,Success,2025-02-23,Wire Transfer
TXN-0695cebd,CUST-2433fa8d,SUB-7aeb3123,499.0,USD,Success,2025-03-23,Credit Card
TXN-f4da0e05,CUST-2433fa8d,SUB-7aeb3123,499.0,USD,Failed,2025-04-23,PayPal
TXN-020ec35a,CUST-2433fa8d,SUB-7aeb3123,499.0,USD,Success,2025-05-23,Wire Transfer
TXN-9082bc42,CUST-2433fa8d,SUB-7aeb3123,499.0,USD,Success,2025-06-23,Wire Transfer
TXN-aa3e95fb,CUST-2433fa8d,SUB-7aeb3123,499.0,USD,Success,2025-07-23,Wire Transfer
TXN-e7098730,CUST-2433fa8d,SUB-7aeb3123,499.0,USD,Success,2025-08-23,PayPal
TXN-1de360d4,CUST-2433fa8d,SUB-7aeb3123,499.0,USD,Success,2025-09-23,PayPal
TXN-d4fb87ed,CUST-2433fa8d,SUB-7aeb3123,499.0,USD,Failed,2025-10-23,Wire Transfer
TXN-9ba66405,CUST-2433fa8d,SUB-7aeb3123,499.0,USD,Success,2025-11-23,Credit Card
TXN-a7cfdcf0,CUST-2433fa8d,SUB-7aeb3123,499.0,USD,Success,2025-12-23,PayPal
TXN-d77fe9ea,CUST-2433fa8d,SUB-7aeb3123,499.0,USD,Success,2026-01-23,Wire Transfer
TXN-e7ad91d0,CUST-2433fa8d,SUB-7aeb3123,499.0,USD,Refunded,2026-02-23,Wire Transfer
TXN-71cdc69e,CUST-2433fa8d,SUB-7aeb3123,499.0,USD,Success,2026-03-23,PayPal
TXN-7e06dc68,CUST-2433fa8d,SUB-7aeb3123,499.0,USD,Success,2026-04-23,Credit Card
TXN-c726b10d,CUST-f60a92f2,SUB-e8d885c6,1999.0,USD,Success,2026-01-02,Wire Transfer
TXN-f75e5fc6,CUST-f60a92f2,SUB-e8d885c6,1999.0,USD,Success,2026-02-02,Credit Card
TXN-b4624a7f,CUST-f60a92f2,SUB-e8d885c6,1999.0,USD,Success,2026-03-02,Credit Card
TXN-88d9c068,CUST-f60a92f2,SUB-e8d885c6,1999.0,USD,Success,2026-04-02,PayPal
TXN-6dbbf5d3,CUST-f60a92f2,SUB-e8d885c6,1999.0,USD,Success,2026-05-02,Wire Transfer
TXN-7409ed37,CUST-5f525322,SUB-6f522300,199.0,USD,Success,2025-08-05,Wire Transfer
TXN-ddfad325,CUST-5f525322,SUB-6f522300,199.0,USD,Success,2025-09-05,Credit Card
TXN-ead60df8,CUST-5f525322,SUB-6f522300,199.0,USD,Failed,2025-10-05,PayPal
TXN-a85b336a,CUST-5f525322,SUB-6f522300,199.0,USD,Success,2025-11-05,PayPal
TXN-9d61355e,CUST-5f525322,SUB-6f522300,199.0,USD,Success,2025-12-05,PayPal
TXN-90422703,CUST-5f525322,SUB-6f522300,199.0,USD,Success,2026-01-05,Credit Card
TXN-6b20606f,CUST-5f525322,SUB-6f522300,199.0,USD,Success,2026-02-05,Credit Card
TXN-49ca0a00,CUST-5f525322,SUB-6f522300,199.0,USD,Success,2026-03-05,Wire Transfer
TXN-5ca20924,CUST-5f525322,SUB-6f522300,199.0,USD,Success,2026-04-05,PayPal
TXN-45efd093,CUST-5f525322,SUB-6f522300,199.0,USD,Success,2026-05-05,Credit Card
TXN-61447b9c,CUST-5accbbdf,SUB-229bfe52,499.0,USD,Success,2024-07-03,PayPal
TXN-09394bfa,CUST-5accbbdf,SUB-229bfe52,499.0,USD,Success,2024-08-03,Credit Card
TXN-f08b61cd,CUST-5accbbdf,SUB-229bfe52,499.0,USD,Refunded,2024-09-03,Wire Transfer
TXN-1af4db1e,CUST-5accbbdf,SUB-229bfe52,499.0,USD,Success,2024-10-03,PayPal
TXN-cf02adca,CUST-5accbbdf,SUB-229bfe52,499.0,USD,Success,2024-11-03,Credit Card
TXN-d065c1f9,CUST-5accbbdf,SUB-229bfe52,499.0,USD,Success,2024-12-03,PayPal
TXN-b53a4c64,CUST-5accbbdf,SUB-229bfe52,499.0,USD,Success,2025-01-03,Credit Card
TXN-54953577,CUST-5accbbdf,SUB-229bfe52,499.0,USD,Success,2025-02-03,Credit Card
TXN-6e0bdfec,CUST-5accbbdf,SUB-229bfe52,499.0,USD,Success,2025-03-03,Credit Card
TXN-d40c2438,CUST-5accbbdf,SUB-229bfe52,499.0,USD,Success,2025-04-03,PayPal
TXN-d42cc091,CUST-5accbbdf,SUB-229bfe52,499.0,USD,Success,2025-05-03,Credit Card
TXN-4a28ddb8,CUST-5accbbdf,SUB-229bfe52,499.0,USD,Success,2025-06-03,Wire Transfer
TXN-b50ea0c8,CUST-5accbbdf,SUB-229bfe52,499.0,USD,Success,2025-07-03,PayPal
TXN-41ad7bfc,CUST-5accbbdf,SUB-229bfe52,499.0,USD,Success,2025-08-03,Wire Transfer
TXN-bbdc8305,CUST-5accbbdf,SUB-229bfe52,499.0,USD,Success,2025-09-03,Wire Transfer
TXN-8c76300a,CUST-5accbbdf,SUB-229bfe52,499.0,USD,Success,2025-10-03,PayPal
TXN-99701699,CUST-5accbbdf,SUB-229bfe52,499.0,USD,Success,2025-11-03,Credit Card
TXN-c7e9b7dc,CUST-5accbbdf,SUB-229bfe52,499.0,USD,Success,2025-12-03,Wire Transfer
TXN-a00ec339,CUST-5accbbdf,SUB-229bfe52,499.0,USD,Success,2026-01-03,PayPal
TXN-2308db26,CUST-5accbbdf,SUB-229bfe52,499.0,USD,Success,2026-02-03,Credit Card
TXN-4926a54e,CUST-5accbbdf,SUB-229bfe52,499.0,USD,Success,2026-03-03,PayPal
TXN-bfeeb0f5,CUST-5accbbdf,SUB-229bfe52,499.0,USD,Success,2026-04-03,PayPal
TXN-00f7db22,CUST-5accbbdf,SUB-229bfe52,499.0,USD,Success,2026-05-03,PayPal
TXN-46ea546b,CUST-e2b74d8e,SUB-1af93282,499.0,USD,Success,2025-08-04,Credit Card
TXN-ac22a883,CUST-e2b74d8e,SUB-1af93282,499.0,USD,Success,2025-09-04,Wire Transfer
TXN-0b61dcab,CUST-e2b74d8e,SUB-1af93282,499.0,USD,Success,2025-10-04,Wire Transfer
TXN-31b7ed60,CUST-e2b74d8e,SUB-1af93282,499.0,USD,Success,2025-11-04,PayPal
TXN-f247c829,CUST-e2b74d8e,SUB-1af93282,499.0,USD,Success,2025-12-04,PayPal
TXN-51ba9546,CUST-e2b74d8e,SUB-1af93282,499.0,USD,Success,2026-01-04,Credit Card
TXN-30a213cd,CUST-e2b74d8e,SUB-1af93282,499.0,USD,Success,2026-02-04,PayPal
TXN-05d2751f,CUST-e2b74d8e,SUB-1af93282,499.0,USD,Success,2026-03-04,PayPal
TXN-3a6f0020,CUST-e2b74d8e,SUB-1af93282,499.0,USD,Success,2026-04-04,PayPal
TXN-0bbd30f2,CUST-e2b74d8e,SUB-1af93282,499.0,USD,Success,2026-05-04,Wire Transfer
TXN-4d318737,CUST-ea1575b2,SUB-3e03da6f,199.0,USD,Success,2025-12-21,PayPal
TXN-f22c7610,CUST-ea1575b2,SUB-3e03da6f,199.0,USD,Success,2026-01-21,Wire Transfer
TXN-e5094988,CUST-ea1575b2,SUB-3e03da6f,199.0,USD,Success,2026-02-21,Credit Card
TXN-2b1cff57,CUST-ea1575b2,SUB-3e03da6f,199.0,USD,Success,2026-03-21,Credit Card
TXN-98232699,CUST-ea1575b2,SUB-3e03da6f,199.0,USD,Success,2026-04-21,Wire Transfer
TXN-4e8fcd42,CUST-224bfe2e,SUB-d263cccd,49.0,USD,Success,2025-09-26,Wire Transfer
TXN-a2cfa84a,CUST-224bfe2e,SUB-d263cccd,49.0,USD,Failed,2025-10-26,Wire Transfer
TXN-98673bcf,CUST-224bfe2e,SUB-d263cccd,49.0,USD,Success,2025-11-26,Wire Transfer
TXN-6d1f4b66,CUST-224bfe2e,SUB-d263cccd,49.0,USD,Success,2025-12-26,PayPal
TXN-70afec02,CUST-224bfe2e,SUB-d263cccd,49.0,USD,Success,2026-01-26,Wire Transfer
TXN-c6b2ffab,CUST-224bfe2e,SUB-d263cccd,49.0,USD,Success,2026-02-26,Wire Transfer
TXN-efefdcae,CUST-224bfe2e,SUB-d263cccd,49.0,USD,Success,2026-03-26,Wire Transfer
TXN-fa0e10d6,CUST-224bfe2e,SUB-d263cccd,49.0,USD,Success,2026-04-26,PayPal
TXN-b23347e4,CUST-cd829f38,SUB-c8597c2a,1999.0,USD,Success,2024-06-02,PayPal
TXN-d3c7acf7,CUST-cd829f38,SUB-c8597c2a,1999.0,USD,Refunded,2024-07-02,PayPal
TXN-1eeb6088,CUST-cd829f38,SUB-c8597c2a,1999.0,USD,Success,2024-08-02,Credit Card
TXN-bcd82833,CUST-cd829f38,SUB-c8597c2a,1999.0,USD,Success,2024-09-02,PayPal
TXN-38a32ef3,CUST-cd829f38,SUB-c8597c2a,1999.0,USD,Success,2024-10-02,Wire Transfer
TXN-aac09576,CUST-cd829f38,SUB-c8597c2a,1999.0,USD,Success,2024-11-02,PayPal
TXN-cca61a27,CUST-cd829f38,SUB-c8597c2a,1999.0,USD,Failed,2024-12-02,PayPal
TXN-6534e9fb,CUST-cd829f38,SUB-c8597c2a,1999.0,USD,Success,2025-01-02,Wire Transfer
TXN-110a8796,CUST-cd829f38,SUB-c8597c2a,1999.0,USD,Success,2025-02-02,PayPal
TXN-30791573,CUST-cd829f38,SUB-c8597c2a,1999.0,USD,Success,2025-03-02,Credit Card
TXN-f4703de7,CUST-cd829f38,SUB-c8597c2a,1999.0,USD,Success,2025-04-02,PayPal
TXN-a4d9c93a,CUST-cd829f38,SUB-c8597c2a,1999.0,USD,Success,2025-05-02,Credit Card
TXN-0b7ae1fe,CUST-cd829f38,SUB-c8597c2a,1999.0,USD,Failed,2025-06-02,Credit Card
TXN-f95290b6,CUST-cd829f38,SUB-c8597c2a,1999.0,USD,Success,2025-07-02,Credit Card
TXN-50e2155d,CUST-cd829f38,SUB-c8597c2a,1999.0,USD,Failed,2025-08-02,Wire Transfer
TXN-275fc3ff,CUST-cd829f38,SUB-c8597c2a,1999.0,USD,Success,2025-09-02,PayPal
TXN-30652398,CUST-cd829f38,SUB-c8597c2a,1999.0,USD,Success,2025-10-02,Credit Card
TXN-c83e0635,CUST-cd829f38,SUB-c8597c2a,1999.0,USD,Success,2025-11-02,Credit Card
TXN-45693304,CUST-cd829f38,SUB-c8597c2a,1999.0,USD,Success,2025-12-02,PayPal
TXN-04097fef,CUST-cd829f38,SUB-c8597c2a,1999.0,USD,Success,2026-01-02,Wire Transfer
TXN-ee006a4d,CUST-cd829f38,SUB-c8597c2a,1999.0,USD,Success,2026-02-02,Wire Transfer
TXN-9023bc90,CUST-cd829f38,SUB-c8597c2a,1999.0,USD,Success,2026-03-02,Credit Card
TXN-e6d4b077,CUST-cd829f38,SUB-c8597c2a,1999.0,USD,Success,2026-04-02,Wire Transfer
TXN-3896f2db,CUST-cd829f38,SUB-c8597c2a,1999.0,USD,Success,2026-05-02,PayPal
TXN-085b0be8,CUST-2b56157d,SUB-bdde23d0,199.0,USD,Success,2026-01-02,Wire Transfer
TXN-e0ddbeb8,CUST-2b56157d,SUB-bdde23d0,199.0,USD,Success,2026-02-02,PayPal
TXN-3dcc7333,CUST-2b56157d,SUB-bdde23d0,199.0,USD,Success,2026-03-02,Credit Card
TXN-d817f593,CUST-2b56157d,SUB-bdde23d0,199.0,USD,Success,2026-04-02,PayPal
TXN-58eb16d3,CUST-5f37caaa,SUB-85b55660,199.0,USD,Success,2025-12-29,Credit Card
TXN-e4d3e9a3,CUST-5f37caaa,SUB-85b55660,199.0,USD,Success,2026-01-29,PayPal
TXN-40f7ab03,CUST-f0e5c245,SUB-5c7096ed,49.0,USD,Success,2024-09-22,PayPal
TXN-a1b95794,CUST-f0e5c245,SUB-5c7096ed,49.0,USD,Success,2024-10-22,Wire Transfer
TXN-2075f8da,CUST-f0e5c245,SUB-5c7096ed,49.0,USD,Success,2024-11-22,PayPal
TXN-a28c7c2f,CUST-f0e5c245,SUB-5c7096ed,49.0,USD,Success,2024-12-22,Credit Card
TXN-1e8f9706,CUST-49e5af5f,SUB-a45c68df,49.0,USD,Success,2025-07-09,PayPal
TXN-323ea9e2,CUST-49e5af5f,SUB-a45c68df,49.0,USD,Success,2025-08-09,Credit Card
TXN-22db80b8,CUST-49e5af5f,SUB-a45c68df,49.0,USD,Success,2025-09-09,Credit Card
TXN-e88afa9d,CUST-49e5af5f,SUB-a45c68df,49.0,USD,Refunded,2025-10-09,PayPal
TXN-ce3e4876,CUST-49e5af5f,SUB-a45c68df,49.0,USD,Success,2025-11-09,Wire Transfer
TXN-877215a5,CUST-49e5af5f,SUB-a45c68df,49.0,USD,Success,2025-12-09,PayPal
TXN-00d08df1,CUST-49e5af5f,SUB-a45c68df,49.0,USD,Success,2026-01-09,PayPal
TXN-7450b1d9,CUST-49e5af5f,SUB-a45c68df,49.0,USD,Success,2026-02-09,Wire Transfer
TXN-c9db015c,CUST-49e5af5f,SUB-a45c68df,49.0,USD,Success,2026-03-09,Credit Card
TXN-b50e50e4,CUST-49e5af5f,SUB-a45c68df,49.0,USD,Success,2026-04-09,PayPal
TXN-e0330645,CUST-33cd4b2a,SUB-05f962b1,499.0,USD,Success,2026-02-06,Wire Transfer
TXN-88503f3d,CUST-33cd4b2a,SUB-05f962b1,499.0,USD,Success,2026-03-06,Wire Transfer
TXN-dab3afff,CUST-33cd4b2a,SUB-05f962b1,499.0,USD,Success,2026-04-06,Credit Card
TXN-c5057203,CUST-33cd4b2a,SUB-05f962b1,499.0,USD,Success,2026-05-06,Wire Transfer
TXN-df13a2b8,CUST-197c81ff,SUB-1f72a543,199.0,USD,Success,2025-11-20,Credit Card
TXN-328f50b4,CUST-197c81ff,SUB-1f72a543,199.0,USD,Success,2025-12-20,PayPal
TXN-3b053a0f,CUST-197c81ff,SUB-1f72a543,199.0,USD,Success,2026-01-20,Wire Transfer
TXN-ac774132,CUST-197c81ff,SUB-1f72a543,199.0,USD,Success,2026-02-20,PayPal
TXN-382db761,CUST-197c81ff,SUB-1f72a543,199.0,USD,Success,2026-03-20,Wire Transfer
TXN-61f4715a,CUST-197c81ff,SUB-1f72a543,199.0,USD,Success,2026-04-20,Wire Transfer
TXN-7fa9aa8f,CUST-82d07282,SUB-9f9ae5e8,49.0,USD,Success,2024-10-03,PayPal
TXN-e4c28005,CUST-82d07282,SUB-9f9ae5e8,49.0,USD,Success,2024-11-03,Wire Transfer
TXN-7b4178b6,CUST-82d07282,SUB-9f9ae5e8,49.0,USD,Success,2024-12-03,PayPal
TXN-c44520b9,CUST-82d07282,SUB-9f9ae5e8,49.0,USD,Success,2025-01-03,PayPal
TXN-d8b360a7,CUST-82d07282,SUB-9f9ae5e8,49.0,USD,Success,2025-02-03,Credit Card
TXN-a6149e01,CUST-82d07282,SUB-9f9ae5e8,49.0,USD,Success,2025-03-03,PayPal
TXN-cf52b0b0,CUST-82d07282,SUB-9f9ae5e8,49.0,USD,Success,2025-04-03,Credit Card
TXN-20bc7909,CUST-82d07282,SUB-9f9ae5e8,49.0,USD,Success,2025-05-03,PayPal
TXN-665eff3b,CUST-82d07282,SUB-9f9ae5e8,49.0,USD,Success,2025-06-03,Wire Transfer
TXN-23694e8f,CUST-82d07282,SUB-9f9ae5e8,49.0,USD,Success,2025-07-03,PayPal
TXN-8c5d92e5,CUST-82d07282,SUB-9f9ae5e8,49.0,USD,Success,2025-08-03,Wire Transfer
TXN-5b95b523,CUST-82d07282,SUB-9f9ae5e8,49.0,USD,Success,2025-09-03,Credit Card
TXN-1f31af4e,CUST-82d07282,SUB-9f9ae5e8,49.0,USD,Success,2025-10-03,Wire Transfer
TXN-83662326,CUST-82d07282,SUB-9f9ae5e8,49.0,USD,Success,2025-11-03,PayPal
TXN-47df6795,CUST-82d07282,SUB-9f9ae5e8,49.0,USD,Success,2025-12-03,Wire Transfer
TXN-7f5cf018,CUST-82d07282,SUB-9f9ae5e8,49.0,USD,Success,2026-01-03,Credit Card
TXN-646d4f18,CUST-82d07282,SUB-9f9ae5e8,49.0,USD,Success,2026-02-03,Wire Transfer
TXN-dc373e81,CUST-82d07282,SUB-9f9ae5e8,49.0,USD,Success,2026-03-03,Wire Transfer
TXN-c1e56705,CUST-82d07282,SUB-9f9ae5e8,49.0,USD,Success,2026-04-03,PayPal
TXN-0e89fe32,CUST-82d07282,SUB-9f9ae5e8,49.0,USD,Success,2026-05-03,PayPal
TXN-8acecadd,CUST-daac2002,SUB-8e72135d,49.0,USD,Success,2025-04-19,Wire Transfer
TXN-e4f88a3d,CUST-daac2002,SUB-8e72135d,49.0,USD,Success,2025-05-19,Credit Card
TXN-4e59f9a2,CUST-daac2002,SUB-8e72135d,49.0,USD,Success,2025-06-19,Wire Transfer
TXN-7680bfb0,CUST-daac2002,SUB-8e72135d,49.0,USD,Success,2025-07-19,Credit Card
TXN-1e652608,CUST-daac2002,SUB-8e72135d,49.0,USD,Success,2025-08-19,Credit Card
TXN-3e800097,CUST-daac2002,SUB-8e72135d,49.0,USD,Success,2025-09-19,Credit Card
TXN-4478788e,CUST-daac2002,SUB-8e72135d,49.0,USD,Success,2025-10-19,Wire Transfer
TXN-7ef3f0c2,CUST-daac2002,SUB-8e72135d,49.0,USD,Success,2025-11-19,Credit Card
TXN-6cafa198,CUST-daac2002,SUB-8e72135d,49.0,USD,Success,2025-12-19,Wire Transfer
TXN-f6011a62,CUST-daac2002,SUB-8e72135d,49.0,USD,Success,2026-01-19,Credit Card
TXN-c3fab420,CUST-daac2002,SUB-8e72135d,49.0,USD,Success,2026-02-19,Credit Card
TXN-a4b0466d,CUST-daac2002,SUB-8e72135d,49.0,USD,Refunded,2026-03-19,Wire Transfer
TXN-2616a88c,CUST-daac2002,SUB-8e72135d,49.0,USD,Success,2026-04-19,PayPal
TXN-38f5e7bf,CUST-5c18d11f,SUB-9cc67cfb,199.0,USD,Success,2025-06-05,PayPal
TXN-ae7a992a,CUST-5c18d11f,SUB-9cc67cfb,199.0,USD,Success,2025-07-05,Wire Transfer
TXN-092afcf4,CUST-5c18d11f,SUB-9cc67cfb,199.0,USD,Success,2025-08-05,Wire Transfer
TXN-b77c6564,CUST-5c18d11f,SUB-9cc67cfb,199.0,USD,Success,2025-09-05,PayPal
TXN-e884ac03,CUST-5c18d11f,SUB-9cc67cfb,199.0,USD,Success,2025-10-05,PayPal
TXN-b18687f3,CUST-5c18d11f,SUB-9cc67cfb,199.0,USD,Success,2025-11-05,PayPal
TXN-e4e7c061,CUST-5c18d11f,SUB-9cc67cfb,199.0,USD,Success,2025-12-05,Wire Transfer
TXN-aa6d2706,CUST-5c18d11f,SUB-9cc67cfb,199.0,USD,Success,2026-01-05,Credit Card
TXN-d4084dd1,CUST-5c18d11f,SUB-9cc67cfb,199.0,USD,Success,2026-02-05,Wire Transfer
TXN-317c4ae7,CUST-5c18d11f,SUB-9cc67cfb,199.0,USD,Success,2026-03-05,PayPal
TXN-b328a673,CUST-5c18d11f,SUB-9cc67cfb,199.0,USD,Success,2026-04-05,Credit Card
TXN-8d10b20a,CUST-5c18d11f,SUB-9cc67cfb,199.0,USD,Failed,2026-05-05,Wire Transfer
TXN-4b4fcb65,CUST-b158917c,SUB-43c39828,199.0,USD,Success,2024-06-04,PayPal
TXN-4cd09f3a,CUST-b158917c,SUB-43c39828,199.0,USD,Success,2024-07-04,Wire Transfer
TXN-d5042ae8,CUST-b158917c,SUB-43c39828,199.0,USD,Success,2024-08-04,Credit Card
TXN-1b6f9ba0,CUST-b158917c,SUB-43c39828,199.0,USD,Success,2024-09-04,PayPal
TXN-02bc16cf,CUST-b158917c,SUB-43c39828,199.0,USD,Success,2024-10-04,Wire Transfer
TXN-adabc2e1,CUST-b158917c,SUB-43c39828,199.0,USD,Success,2024-11-04,Credit Card
TXN-d365ea64,CUST-b158917c,SUB-43c39828,199.0,USD,Success,2024-12-04,Credit Card
TXN-a476a658,CUST-b158917c,SUB-43c39828,199.0,USD,Success,2025-01-04,Wire Transfer
TXN-7f8d6563,CUST-b158917c,SUB-43c39828,199.0,USD,Success,2025-02-04,Credit Card
TXN-da56cde8,CUST-b158917c,SUB-43c39828,199.0,USD,Success,2025-03-04,PayPal
TXN-c68aa8cc,CUST-b158917c,SUB-43c39828,199.0,USD,Success,2025-04-04,Credit Card
TXN-6d8da121,CUST-b158917c,SUB-43c39828,199.0,USD,Failed,2025-05-04,Wire Transfer
TXN-71ad78dd,CUST-b158917c,SUB-43c39828,199.0,USD,Success,2025-06-04,PayPal
TXN-36c7c3f9,CUST-b158917c,SUB-43c39828,199.0,USD,Success,2025-07-04,Credit Card
TXN-503f7fc0,CUST-b158917c,SUB-43c39828,199.0,USD,Failed,2025-08-04,Credit Card
TXN-5baa9657,CUST-b158917c,SUB-43c39828,199.0,USD,Failed,2025-09-04,PayPal
TXN-bdc91f1f,CUST-b158917c,SUB-43c39828,199.0,USD,Failed,2025-10-04,PayPal
TXN-88600504,CUST-b158917c,SUB-43c39828,199.0,USD,Success,2025-11-04,Credit Card
TXN-add7f38c,CUST-b158917c,SUB-43c39828,199.0,USD,Success,2025-12-04,PayPal
TXN-c43e41ea,CUST-ddfda6c9,SUB-cfcc1213,49.0,USD,Success,2026-02-09,Wire Transfer
TXN-2a35f767,CUST-ddfda6c9,SUB-cfcc1213,49.0,USD,Success,2026-03-09,Credit Card
TXN-cb0bfaa4,CUST-ddfda6c9,SUB-cfcc1213,49.0,USD,Success,2026-04-09,Wire Transfer
TXN-dec6333d,CUST-7edce303,SUB-cfd19c26,499.0,USD,Success,2025-05-14,Credit Card
TXN-5ba230fe,CUST-7edce303,SUB-cfd19c26,499.0,USD,Failed,2025-06-14,Wire Transfer
TXN-e680ce0e,CUST-7edce303,SUB-cfd19c26,499.0,USD,Success,2025-07-14,Wire Transfer
TXN-66684ae8,CUST-7edce303,SUB-cfd19c26,499.0,USD,Failed,2025-08-14,PayPal
TXN-e3c1269b,CUST-7edce303,SUB-cfd19c26,499.0,USD,Success,2025-09-14,Credit Card
TXN-6c52806b,CUST-7edce303,SUB-cfd19c26,499.0,USD,Success,2025-10-14,PayPal
TXN-83adc0d2,CUST-7edce303,SUB-cfd19c26,499.0,USD,Refunded,2025-11-14,PayPal
TXN-16fea850,CUST-d0999e5b,SUB-2ebac7f2,49.0,USD,Success,2025-09-15,Credit Card
TXN-01a38f7d,CUST-d0999e5b,SUB-2ebac7f2,49.0,USD,Failed,2025-10-15,Wire Transfer
TXN-f3bad3a6,CUST-d0999e5b,SUB-2ebac7f2,49.0,USD,Success,2025-11-15,Credit Card
TXN-0afa8b10,CUST-d0999e5b,SUB-2ebac7f2,49.0,USD,Success,2025-12-15,Credit Card
TXN-e36e9072,CUST-d0999e5b,SUB-2ebac7f2,49.0,USD,Success,2026-01-15,Credit Card
TXN-fa3b4339,CUST-d0999e5b,SUB-2ebac7f2,49.0,USD,Success,2026-02-15,PayPal
TXN-23cfa8e6,CUST-d0999e5b,SUB-2ebac7f2,49.0,USD,Success,2026-03-15,Credit Card
TXN-b66ea7a7,CUST-d0999e5b,SUB-2ebac7f2,49.0,USD,Success,2026-04-15,Credit Card
TXN-a303163e,CUST-30976a24,SUB-a18de288,49.0,USD,Success,2024-12-12,Credit Card
TXN-7c8406c7,CUST-30976a24,SUB-a18de288,49.0,USD,Success,2025-01-12,Wire Transfer
TXN-66029018,CUST-30976a24,SUB-a18de288,49.0,USD,Success,2025-02-12,Wire Transfer
TXN-3ba646b6,CUST-30976a24,SUB-a18de288,49.0,USD,Success,2025-03-12,Wire Transfer
TXN-38219e57,CUST-30976a24,SUB-a18de288,49.0,USD,Success,2025-04-12,Wire Transfer
TXN-5744ddc2,CUST-30976a24,SUB-a18de288,49.0,USD,Success,2025-05-12,PayPal
TXN-cdfe78b7,CUST-30976a24,SUB-a18de288,49.0,USD,Success,2025-06-12,PayPal
TXN-8cc016d8,CUST-30976a24,SUB-a18de288,49.0,USD,Refunded,2025-07-12,Credit Card
TXN-ae466472,CUST-30976a24,SUB-a18de288,49.0,USD,Success,2025-08-12,PayPal
TXN-2f4d05d9,CUST-30976a24,SUB-a18de288,49.0,USD,Success,2025-09-12,Wire Transfer
TXN-902a01b5,CUST-30976a24,SUB-a18de288,49.0,USD,Success,2025-10-12,Credit Card
TXN-1016bc53,CUST-30976a24,SUB-a18de288,49.0,USD,Success,2025-11-12,Credit Card
TXN-2d4fa9a8,CUST-30976a24,SUB-a18de288,49.0,USD,Success,2025-12-12,Wire Transfer
TXN-894d111f,CUST-30976a24,SUB-a18de288,49.0,USD,Success,2026-01-12,Wire Transfer
TXN-a8f7b244,CUST-30976a24,SUB-a18de288,49.0,USD,Success,2026-02-12,Wire Transfer
TXN-886df840,CUST-30976a24,SUB-a18de288,49.0,USD,Success,2026-03-12,PayPal
TXN-c6120ce6,CUST-30976a24,SUB-a18de288,49.0,USD,Success,2026-04-12,Credit Card
TXN-15460043,CUST-650de67d,SUB-fc3bec1c,199.0,USD,Success,2026-03-19,Wire Transfer
TXN-95e7cd40,CUST-650de67d,SUB-fc3bec1c,199.0,USD,Success,2026-04-19,Credit Card
TXN-9f23aa85,CUST-ffda7696,SUB-e1e90434,49.0,USD,Success,2025-06-22,Credit Card
TXN-5855d9a9,CUST-ffda7696,SUB-e1e90434,49.0,USD,Success,2025-07-22,PayPal
TXN-cf541d42,CUST-ffda7696,SUB-e1e90434,49.0,USD,Success,2025-08-22,Credit Card
TXN-71ec7e37,CUST-ffda7696,SUB-e1e90434,49.0,USD,Success,2025-09-22,Wire Transfer
TXN-bfe485d5,CUST-ffda7696,SUB-e1e90434,49.0,USD,Success,2025-10-22,Wire Transfer
TXN-7c363f90,CUST-ffda7696,SUB-e1e90434,49.0,USD,Success,2025-11-22,Credit Card
TXN-5585bb73,CUST-ffda7696,SUB-e1e90434,49.0,USD,Success,2025-12-22,Credit Card
TXN-36f4f99e,CUST-ffda7696,SUB-e1e90434,49.0,USD,Success,2026-01-22,PayPal
TXN-486a3e1f,CUST-ffda7696,SUB-e1e90434,49.0,USD,Success,2026-02-22,Wire Transfer
TXN-04e61993,CUST-ffda7696,SUB-e1e90434,49.0,USD,Success,2026-03-22,Wire Transfer
TXN-a48265ff,CUST-ffda7696,SUB-e1e90434,49.0,USD,Success,2026-04-22,Credit Card
TXN-ce4e62ac,CUST-88b83989,SUB-77150c55,499.0,USD,Success,2026-02-25,Credit Card
TXN-7225d7a9,CUST-88b83989,SUB-77150c55,499.0,USD,Success,2026-03-25,Credit Card
TXN-1ed56cc9,CUST-88b83989,SUB-77150c55,499.0,USD,Success,2026-04-25,Wire Transfer
TXN-633e22b7,CUST-a60e2c53,SUB-daad2280,499.0,USD,Success,2024-07-17,Credit Card
TXN-bf45c3f6,CUST-a60e2c53,SUB-daad2280,499.0,USD,Success,2024-08-17,PayPal
TXN-bcec5c38,CUST-a60e2c53,SUB-daad2280,499.0,USD,Success,2024-09-17,PayPal
TXN-f3b008d5,CUST-a60e2c53,SUB-daad2280,499.0,USD,Success,2024-10-17,Credit Card
TXN-e7fb2aaa,CUST-a60e2c53,SUB-daad2280,499.0,USD,Success,2024-11-17,PayPal
TXN-817270f9,CUST-a60e2c53,SUB-daad2280,499.0,USD,Success,2024-12-17,PayPal
TXN-7a0b9dbf,CUST-a60e2c53,SUB-daad2280,499.0,USD,Success,2025-01-17,PayPal
TXN-3479ec91,CUST-a60e2c53,SUB-daad2280,499.0,USD,Success,2025-02-17,PayPal
TXN-6b022d2a,CUST-a60e2c53,SUB-daad2280,499.0,USD,Success,2025-03-17,PayPal
TXN-3a451a6a,CUST-a60e2c53,SUB-daad2280,499.0,USD,Success,2025-04-17,Wire Transfer
TXN-d33af2f3,CUST-a60e2c53,SUB-daad2280,499.0,USD,Success,2025-05-17,Credit Card
TXN-8e57493e,CUST-a60e2c53,SUB-daad2280,499.0,USD,Success,2025-06-17,PayPal
TXN-4e18539e,CUST-a60e2c53,SUB-daad2280,499.0,USD,Success,2025-07-17,Credit Card
TXN-c7045fcf,CUST-a60e2c53,SUB-daad2280,499.0,USD,Success,2025-08-17,PayPal
TXN-1a823e0b,CUST-a60e2c53,SUB-daad2280,499.0,USD,Success,2025-09-17,Wire Transfer
TXN-283750aa,CUST-a60e2c53,SUB-daad2280,499.0,USD,Success,2025-10-17,Wire Transfer
TXN-0d12ad46,CUST-a60e2c53,SUB-daad2280,499.0,USD,Success,2025-11-17,PayPal
TXN-51c321cf,CUST-a60e2c53,SUB-daad2280,499.0,USD,Success,2025-12-17,PayPal
TXN-3675c1d8,CUST-a60e2c53,SUB-daad2280,499.0,USD,Success,2026-01-17,PayPal
TXN-e4b62a0e,CUST-a60e2c53,SUB-daad2280,499.0,USD,Success,2026-02-17,Wire Transfer
TXN-1827bebc,CUST-a60e2c53,SUB-daad2280,499.0,USD,Success,2026-03-17,Wire Transfer
TXN-417b7e34,CUST-a60e2c53,SUB-daad2280,499.0,USD,Success,2026-04-17,Credit Card
TXN-7953a8c8,CUST-aa4303c6,SUB-525e794b,499.0,USD,Success,2025-11-28,Wire Transfer
TXN-06046cc5,CUST-aa4303c6,SUB-525e794b,499.0,USD,Success,2025-12-28,PayPal
TXN-3c7f4d78,CUST-aa4303c6,SUB-525e794b,499.0,USD,Success,2026-01-28,Credit Card
TXN-d0349c87,CUST-aa4303c6,SUB-525e794b,499.0,USD,Success,2026-02-28,Wire Transfer
TXN-4d6f6101,CUST-aa4303c6,SUB-525e794b,499.0,USD,Success,2026-03-28,Wire Transfer
TXN-a3de60b1,CUST-aa4303c6,SUB-525e794b,499.0,USD,Success,2026-04-28,PayPal
TXN-8affd67f,CUST-79257150,SUB-9b0654f0,49.0,USD,Success,2024-09-12,Credit Card
TXN-54d79a75,CUST-79257150,SUB-9b0654f0,49.0,USD,Success,2024-10-12,Wire Transfer
TXN-861d102d,CUST-79257150,SUB-9b0654f0,49.0,USD,Success,2024-11-12,Wire Transfer
TXN-65e0e30a,CUST-79257150,SUB-9b0654f0,49.0,USD,Success,2024-12-12,PayPal
TXN-5e3fa66c,CUST-79257150,SUB-9b0654f0,49.0,USD,Success,2025-01-12,Credit Card
TXN-d500a507,CUST-79257150,SUB-9b0654f0,49.0,USD,Success,2025-02-12,Credit Card
TXN-3a622dd5,CUST-79257150,SUB-9b0654f0,49.0,USD,Success,2025-03-12,Credit Card
TXN-7f072944,CUST-79257150,SUB-9b0654f0,49.0,USD,Success,2025-04-12,Credit Card
TXN-68c881ff,CUST-79257150,SUB-9b0654f0,49.0,USD,Success,2025-05-12,PayPal
TXN-ab4c5302,CUST-79257150,SUB-9b0654f0,49.0,USD,Success,2025-06-12,Wire Transfer
TXN-19699695,CUST-79257150,SUB-9b0654f0,49.0,USD,Success,2025-07-12,Wire Transfer
TXN-f4ff6317,CUST-a0012acb,SUB-58564b03,49.0,USD,Success,2025-08-19,Credit Card
TXN-af4b2b19,CUST-a0012acb,SUB-58564b03,49.0,USD,Success,2025-09-19,Credit Card
TXN-e9ceb493,CUST-a0012acb,SUB-58564b03,49.0,USD,Success,2025-10-19,Credit Card
TXN-283a5046,CUST-a0012acb,SUB-58564b03,49.0,USD,Success,2025-11-19,Wire Transfer
TXN-df9b3cbb,CUST-a0012acb,SUB-58564b03,49.0,USD,Success,2025-12-19,Wire Transfer
TXN-c6ef4048,CUST-a0012acb,SUB-58564b03,49.0,USD,Failed,2026-01-19,Credit Card
TXN-aeab8449,CUST-a0012acb,SUB-58564b03,49.0,USD,Success,2026-02-19,PayPal
TXN-a9f3d914,CUST-a0012acb,SUB-58564b03,49.0,USD,Success,2026-03-19,Wire Transfer
TXN-f20f6610,CUST-a0012acb,SUB-58564b03,49.0,USD,Success,2026-04-19,Wire Transfer
TXN-20687869,CUST-19a64be6,SUB-2d35e244,49.0,USD,Success,2025-03-11,Credit Card
TXN-a06704bb,CUST-19a64be6,SUB-2d35e244,49.0,USD,Success,2025-04-11,PayPal
TXN-608660e2,CUST-19a64be6,SUB-2d35e244,49.0,USD,Success,2025-05-11,Credit Card
TXN-06278225,CUST-19a64be6,SUB-2d35e244,49.0,USD,Success,2025-06-11,Credit Card
TXN-7c58175c,CUST-19a64be6,SUB-2d35e244,49.0,USD,Success,2025-07-11,PayPal
TXN-031d8f4f,CUST-19a64be6,SUB-2d35e244,49.0,USD,Success,2025-08-11,PayPal
TXN-fffa2458,CUST-19a64be6,SUB-2d35e244,49.0,USD,Success,2025-09-11,PayPal
TXN-16e22563,CUST-19a64be6,SUB-2d35e244,49.0,USD,Success,2025-10-11,Wire Transfer
TXN-cdf4c1d7,CUST-19a64be6,SUB-2d35e244,49.0,USD,Success,2025-11-11,Credit Card
TXN-c3b401a5,CUST-19a64be6,SUB-2d35e244,49.0,USD,Success,2025-12-11,Wire Transfer
TXN-80e50c66,CUST-19a64be6,SUB-2d35e244,49.0,USD,Success,2026-01-11,PayPal
TXN-3b80d3d2,CUST-19a64be6,SUB-2d35e244,49.0,USD,Success,2026-02-11,Wire Transfer
TXN-a4340ab5,CUST-19a64be6,SUB-2d35e244,49.0,USD,Success,2026-03-11,PayPal
TXN-1c9b3a9d,CUST-19a64be6,SUB-2d35e244,49.0,USD,Success,2026-04-11,PayPal
TXN-c3b17f4e,CUST-073695df,SUB-3593730d,199.0,USD,Success,2025-08-08,Credit Card
TXN-effdb4cc,CUST-073695df,SUB-3593730d,199.0,USD,Success,2025-09-08,Credit Card
TXN-d3b05ae1,CUST-073695df,SUB-3593730d,199.0,USD,Success,2025-10-08,Credit Card
TXN-0cefb37f,CUST-073695df,SUB-3593730d,199.0,USD,Success,2025-11-08,Wire Transfer
TXN-e87dde4e,CUST-073695df,SUB-3593730d,199.0,USD,Success,2025-12-08,Credit Card
TXN-94c8d08f,CUST-073695df,SUB-3593730d,199.0,USD,Success,2026-01-08,PayPal
TXN-7fbe2ad8,CUST-073695df,SUB-3593730d,199.0,USD,Success,2026-02-08,Credit Card
TXN-0b34812a,CUST-073695df,SUB-3593730d,199.0,USD,Success,2026-03-08,Wire Transfer
TXN-73142426,CUST-073695df,SUB-3593730d,199.0,USD,Success,2026-04-08,Credit Card
TXN-18b27f31,CUST-073695df,SUB-3593730d,199.0,USD,Success,2026-05-08,Credit Card
TXN-ee4ccad3,CUST-3ea7f603,SUB-7da04ad4,499.0,USD,Success,2025-10-13,Credit Card
TXN-3182636a,CUST-3ea7f603,SUB-7da04ad4,499.0,USD,Failed,2025-11-13,Wire Transfer
TXN-499da298,CUST-3ea7f603,SUB-7da04ad4,499.0,USD,Success,2025-12-13,PayPal
TXN-64c6dec0,CUST-3ea7f603,SUB-7da04ad4,499.0,USD,Success,2026-01-13,PayPal
TXN-db875c2c,CUST-3ea7f603,SUB-7da04ad4,499.0,USD,Success,2026-02-13,PayPal
TXN-4dc17a21,CUST-3ea7f603,SUB-7da04ad4,499.0,USD,Success,2026-03-13,Credit Card
TXN-2d27cfdc,CUST-3ea7f603,SUB-7da04ad4,499.0,USD,Success,2026-04-13,Credit Card
TXN-77670786,CUST-6e8f035e,SUB-aeb151ca,499.0,USD,Success,2024-09-20,Wire Transfer
TXN-a20a7dab,CUST-6e8f035e,SUB-aeb151ca,499.0,USD,Success,2024-10-20,PayPal
TXN-1a2e8634,CUST-6e8f035e,SUB-aeb151ca,499.0,USD,Failed,2024-11-20,Credit Card
TXN-040bfb9e,CUST-6e8f035e,SUB-aeb151ca,499.0,USD,Failed,2024-12-20,Credit Card
TXN-8ca71aa2,CUST-6e8f035e,SUB-aeb151ca,499.0,USD,Success,2025-01-20,Credit Card
TXN-82656bdd,CUST-6e8f035e,SUB-aeb151ca,499.0,USD,Success,2025-02-20,Wire Transfer
TXN-9770592d,CUST-6e8f035e,SUB-aeb151ca,499.0,USD,Failed,2025-03-20,PayPal
TXN-d52492bd,CUST-6e8f035e,SUB-aeb151ca,499.0,USD,Success,2025-04-20,Wire Transfer
TXN-c5279f0e,CUST-6e8f035e,SUB-aeb151ca,499.0,USD,Success,2025-05-20,PayPal
TXN-5fdd3c8a,CUST-6e8f035e,SUB-aeb151ca,499.0,USD,Success,2025-06-20,PayPal
TXN-403b0698,CUST-6e8f035e,SUB-aeb151ca,499.0,USD,Success,2025-07-20,Credit Card
TXN-361da25c,CUST-6e8f035e,SUB-aeb151ca,499.0,USD,Success,2025-08-20,Credit Card
TXN-da0e160e,CUST-6e8f035e,SUB-aeb151ca,499.0,USD,Success,2025-09-20,Credit Card
TXN-4bbe11cc,CUST-6e8f035e,SUB-aeb151ca,499.0,USD,Failed,2025-10-20,Credit Card
TXN-7d5edc43,CUST-6e8f035e,SUB-aeb151ca,499.0,USD,Success,2025-11-20,Credit Card
TXN-8ce90306,CUST-6e8f035e,SUB-aeb151ca,499.0,USD,Success,2025-12-20,PayPal
TXN-7b0350cf,CUST-6e8f035e,SUB-aeb151ca,499.0,USD,Success,2026-01-20,Credit Card
TXN-fbbe928c,CUST-6e8f035e,SUB-aeb151ca,499.0,USD,Success,2026-02-20,Credit Card
TXN-0863a913,CUST-6e8f035e,SUB-aeb151ca,499.0,USD,Success,2026-03-20,Wire Transfer
TXN-2e4b69ed,CUST-6e8f035e,SUB-aeb151ca,499.0,USD,Success,2026-04-20,Wire Transfer
TXN-5ca67e6f,CUST-747de639,SUB-cc6a5891,499.0,USD,Refunded,2026-04-13,PayPal
TXN-a1951380,CUST-b7eeb27f,SUB-04d42a14,1999.0,USD,Success,2025-07-29,PayPal
TXN-a8dcbe64,CUST-b7eeb27f,SUB-04d42a14,1999.0,USD,Success,2025-08-29,Wire Transfer
TXN-68b73f14,CUST-b7eeb27f,SUB-04d42a14,1999.0,USD,Success,2025-09-29,Wire Transfer
TXN-80bdeb10,CUST-b7eeb27f,SUB-04d42a14,1999.0,USD,Success,2025-10-29,Credit Card
TXN-f88893c2,CUST-b7eeb27f,SUB-04d42a14,1999.0,USD,Success,2025-11-29,Credit Card
TXN-afc9fbb3,CUST-b7eeb27f,SUB-04d42a14,1999.0,USD,Success,2025-12-29,PayPal
TXN-5df1d482,CUST-b7eeb27f,SUB-04d42a14,1999.0,USD,Success,2026-01-29,Wire Transfer
TXN-21fe174b,CUST-b7eeb27f,SUB-04d42a14,1999.0,USD,Success,2026-02-28,PayPal
TXN-6a642ae9,CUST-b7eeb27f,SUB-04d42a14,1999.0,USD,Success,2026-03-28,Credit Card
TXN-3410b337,CUST-b7eeb27f,SUB-04d42a14,1999.0,USD,Success,2026-04-28,PayPal
TXN-6750f62a,CUST-4de42404,SUB-4e44b0f2,499.0,USD,Failed,2025-02-09,PayPal
TXN-2dd4f782,CUST-4de42404,SUB-4e44b0f2,499.0,USD,Success,2025-03-09,PayPal
TXN-a7f786d4,CUST-4de42404,SUB-4e44b0f2,499.0,USD,Success,2025-04-09,Credit Card
TXN-d4d8e077,CUST-4de42404,SUB-4e44b0f2,499.0,USD,Success,2025-05-09,PayPal
TXN-7a5f67b0,CUST-4de42404,SUB-4e44b0f2,499.0,USD,Success,2025-06-09,Credit Card
TXN-47f33683,CUST-4de42404,SUB-4e44b0f2,499.0,USD,Success,2025-07-09,Wire Transfer
TXN-fbad0cff,CUST-4de42404,SUB-4e44b0f2,499.0,USD,Success,2025-08-09,PayPal
TXN-54509ef9,CUST-4de42404,SUB-4e44b0f2,499.0,USD,Success,2025-09-09,PayPal
TXN-ce9b5c68,CUST-4de42404,SUB-4e44b0f2,499.0,USD,Success,2025-10-09,Credit Card
TXN-2cbde3e3,CUST-4de42404,SUB-4e44b0f2,499.0,USD,Success,2025-11-09,PayPal
TXN-d9fb7f17,CUST-4de42404,SUB-4e44b0f2,499.0,USD,Success,2025-12-09,Credit Card
TXN-53db7330,CUST-4de42404,SUB-4e44b0f2,499.0,USD,Success,2026-01-09,PayPal
TXN-861ca194,CUST-4de42404,SUB-4e44b0f2,499.0,USD,Success,2026-02-09,Wire Transfer
TXN-924d15d2,CUST-4de42404,SUB-4e44b0f2,499.0,USD,Success,2026-03-09,Wire Transfer
TXN-8e247f48,CUST-4de42404,SUB-4e44b0f2,499.0,USD,Success,2026-04-09,Wire Transfer
TXN-f5c0d4d6,CUST-ac6a69e8,SUB-2b62892f,49.0,USD,Success,2026-02-08,PayPal
TXN-dc2f4d86,CUST-ac6a69e8,SUB-2b62892f,49.0,USD,Success,2026-03-08,PayPal
TXN-8477675e,CUST-e0ed9fd7,SUB-f6a4d0f5,49.0,USD,Success,2025-11-05,Wire Transfer
TXN-148f6800,CUST-e0ed9fd7,SUB-f6a4d0f5,49.0,USD,Success,2025-12-05,Wire Transfer
TXN-1ca2fdef,CUST-c6205156,SUB-a6a5423d,199.0,USD,Success,2024-11-17,Credit Card
TXN-1b20ecb8,CUST-c6205156,SUB-a6a5423d,199.0,USD,Success,2024-12-17,Credit Card
TXN-a85d3aae,CUST-c6205156,SUB-a6a5423d,199.0,USD,Success,2025-01-17,Wire Transfer
TXN-e0fb4262,CUST-c6205156,SUB-a6a5423d,199.0,USD,Success,2025-02-17,Wire Transfer
TXN-170803ee,CUST-c6205156,SUB-a6a5423d,199.0,USD,Failed,2025-03-17,PayPal
TXN-8085b1dd,CUST-c6205156,SUB-a6a5423d,199.0,USD,Success,2025-04-17,Wire Transfer
TXN-658ab8bb,CUST-c6205156,SUB-a6a5423d,199.0,USD,Success,2025-05-17,Credit Card
TXN-f0bad689,CUST-c6205156,SUB-a6a5423d,199.0,USD,Success,2025-06-17,Credit Card
TXN-a8799f27,CUST-c6205156,SUB-a6a5423d,199.0,USD,Refunded,2025-07-17,Credit Card
TXN-7c57d398,CUST-c6205156,SUB-a6a5423d,199.0,USD,Success,2025-08-17,Credit Card
TXN-89389c5b,CUST-c6205156,SUB-a6a5423d,199.0,USD,Success,2025-09-17,Credit Card
TXN-a2b50395,CUST-c6205156,SUB-a6a5423d,199.0,USD,Success,2025-10-17,Credit Card
TXN-fafe5cce,CUST-c6205156,SUB-a6a5423d,199.0,USD,Success,2025-11-17,Wire Transfer
TXN-442f566f,CUST-c6205156,SUB-a6a5423d,199.0,USD,Success,2025-12-17,Credit Card
TXN-a1fd5ed7,CUST-c6205156,SUB-a6a5423d,199.0,USD,Refunded,2026-01-17,Credit Card
TXN-e290a1bd,CUST-c6205156,SUB-a6a5423d,199.0,USD,Success,2026-02-17,Credit Card
TXN-15a845b0,CUST-c6205156,SUB-a6a5423d,199.0,USD,Success,2026-03-17,Credit Card
TXN-7c295de0,CUST-c6205156,SUB-a6a5423d,199.0,USD,Success,2026-04-17,Wire Transfer
TXN-1a7b90f8,CUST-7de2b971,SUB-88e044cb,49.0,USD,Success,2024-09-10,PayPal
TXN-16a8273e,CUST-7de2b971,SUB-88e044cb,49.0,USD,Success,2024-10-10,PayPal
TXN-1e27a986,CUST-7de2b971,SUB-88e044cb,49.0,USD,Success,2024-11-10,PayPal
TXN-fa8dfbc1,CUST-7de2b971,SUB-88e044cb,49.0,USD,Success,2024-12-10,PayPal
TXN-46f4b4bb,CUST-7de2b971,SUB-88e044cb,49.0,USD,Success,2025-01-10,Credit Card
TXN-e0bc22ab,CUST-7de2b971,SUB-88e044cb,49.0,USD,Success,2025-02-10,PayPal
TXN-5ca1df7a,CUST-7de2b971,SUB-88e044cb,49.0,USD,Success,2025-03-10,PayPal
TXN-ca7ee574,CUST-7de2b971,SUB-88e044cb,49.0,USD,Success,2025-04-10,Wire Transfer
TXN-d06c8bdc,CUST-7de2b971,SUB-88e044cb,49.0,USD,Success,2025-05-10,Wire Transfer
TXN-f3dab853,CUST-7de2b971,SUB-88e044cb,49.0,USD,Success,2025-06-10,Wire Transfer
TXN-42c2f351,CUST-7de2b971,SUB-88e044cb,49.0,USD,Success,2025-07-10,Credit Card
TXN-9057f895,CUST-7de2b971,SUB-88e044cb,49.0,USD,Success,2025-08-10,Credit Card
TXN-a36ae8e2,CUST-7de2b971,SUB-88e044cb,49.0,USD,Success,2025-09-10,Credit Card
TXN-2599cb22,CUST-7de2b971,SUB-88e044cb,49.0,USD,Success,2025-10-10,Wire Transfer
TXN-baee60a4,CUST-7de2b971,SUB-88e044cb,49.0,USD,Success,2025-11-10,PayPal
TXN-50990554,CUST-7de2b971,SUB-88e044cb,49.0,USD,Success,2025-12-10,Wire Transfer
TXN-a1e008b5,CUST-7de2b971,SUB-88e044cb,49.0,USD,Success,2026-01-10,Credit Card
TXN-9ec8771a,CUST-7de2b971,SUB-88e044cb,49.0,USD,Success,2026-02-10,Wire Transfer
TXN-3b59e04c,CUST-7de2b971,SUB-88e044cb,49.0,USD,Success,2026-03-10,PayPal
TXN-f8d09fa2,CUST-7de2b971,SUB-88e044cb,49.0,USD,Refunded,2026-04-10,Credit Card
TXN-eda9545b,CUST-2db1d490,SUB-6f6aecdf,49.0,USD,Success,2026-02-13,PayPal
TXN-a2a92133,CUST-2db1d490,SUB-6f6aecdf,49.0,USD,Success,2026-03-13,PayPal
TXN-e927c2d6,CUST-2db1d490,SUB-6f6aecdf,49.0,USD,Success,2026-04-13,Credit Card
TXN-cac439d3,CUST-2174562f,SUB-7c07203c,199.0,USD,Success,2025-10-24,PayPal
TXN-18b270e0,CUST-2174562f,SUB-7c07203c,199.0,USD,Success,2025-11-24,Wire Transfer
TXN-44bbc153,CUST-2174562f,SUB-7c07203c,199.0,USD,Failed,2025-12-24,PayPal
TXN-c4a9dbe6,CUST-2174562f,SUB-7c07203c,199.0,USD,Success,2026-01-24,PayPal
TXN-665dc891,CUST-2174562f,SUB-7c07203c,199.0,USD,Success,2026-02-24,PayPal
TXN-0dd96b43,CUST-2174562f,SUB-7c07203c,199.0,USD,Success,2026-03-24,Wire Transfer
TXN-dca5a4ac,CUST-2174562f,SUB-7c07203c,199.0,USD,Success,2026-04-24,PayPal
TXN-8129034d,CUST-16421084,SUB-59b27dde,499.0,USD,Success,2025-05-17,PayPal
TXN-c4077afa,CUST-16421084,SUB-59b27dde,499.0,USD,Failed,2025-06-17,Wire Transfer
TXN-07ace066,CUST-16421084,SUB-59b27dde,499.0,USD,Success,2025-07-17,Credit Card
TXN-68a81217,CUST-16421084,SUB-59b27dde,499.0,USD,Success,2025-08-17,Credit Card
TXN-ad2d8400,CUST-16421084,SUB-59b27dde,499.0,USD,Success,2025-09-17,Credit Card
TXN-a1723020,CUST-16421084,SUB-59b27dde,499.0,USD,Success,2025-10-17,PayPal
TXN-2052bdf8,CUST-16421084,SUB-59b27dde,499.0,USD,Success,2025-11-17,Credit Card
TXN-8430d55c,CUST-16421084,SUB-59b27dde,499.0,USD,Success,2025-12-17,Wire Transfer
TXN-b764a720,CUST-16421084,SUB-59b27dde,499.0,USD,Success,2026-01-17,PayPal
TXN-d1caef3b,CUST-16421084,SUB-59b27dde,499.0,USD,Success,2026-02-17,PayPal
TXN-009789d7,CUST-16421084,SUB-59b27dde,499.0,USD,Success,2026-03-17,PayPal
TXN-c9f9b0a4,CUST-16421084,SUB-59b27dde,499.0,USD,Success,2026-04-17,Credit Card
TXN-4f60f227,CUST-92c15f42,SUB-670a7337,49.0,USD,Success,2025-12-13,Credit Card
TXN-41002ec3,CUST-92c15f42,SUB-670a7337,49.0,USD,Success,2026-01-13,Credit Card
TXN-9377f162,CUST-92c15f42,SUB-670a7337,49.0,USD,Success,2026-02-13,PayPal
TXN-10a289b4,CUST-92c15f42,SUB-670a7337,49.0,USD,Success,2026-03-13,Wire Transfer
TXN-690d85e0,CUST-92c15f42,SUB-670a7337,49.0,USD,Success,2026-04-13,PayPal
TXN-03d46f17,CUST-9dd110e1,SUB-8147a9c4,499.0,USD,Success,2026-03-06,Wire Transfer
TXN-f2127abc,CUST-9dd110e1,SUB-8147a9c4,499.0,USD,Success,2026-04-06,PayPal
TXN-65c3f2bb,CUST-9dd110e1,SUB-8147a9c4,499.0,USD,Success,2026-05-06,Wire Transfer
TXN-68154983,CUST-505e4d39,SUB-ad06d907,499.0,USD,Success,2024-06-07,PayPal
TXN-8fcd24c7,CUST-505e4d39,SUB-ad06d907,499.0,USD,Success,2024-07-07,PayPal
TXN-9d1fad91,CUST-505e4d39,SUB-ad06d907,499.0,USD,Success,2024-08-07,Wire Transfer
TXN-76ab73e9,CUST-505e4d39,SUB-ad06d907,499.0,USD,Success,2024-09-07,Wire Transfer
TXN-27af4d91,CUST-505e4d39,SUB-ad06d907,499.0,USD,Success,2024-10-07,Wire Transfer
TXN-043e875f,CUST-505e4d39,SUB-ad06d907,499.0,USD,Success,2024-11-07,Wire Transfer
TXN-e329699c,CUST-505e4d39,SUB-ad06d907,499.0,USD,Success,2024-12-07,Wire Transfer
TXN-b52c0612,CUST-505e4d39,SUB-ad06d907,499.0,USD,Success,2025-01-07,Wire Transfer
TXN-21efceb8,CUST-505e4d39,SUB-ad06d907,499.0,USD,Success,2025-02-07,Wire Transfer
TXN-b7e1d035,CUST-505e4d39,SUB-ad06d907,499.0,USD,Success,2025-03-07,Wire Transfer
TXN-ad5568d7,CUST-505e4d39,SUB-ad06d907,499.0,USD,Success,2025-04-07,PayPal
TXN-e8033729,CUST-505e4d39,SUB-ad06d907,499.0,USD,Success,2025-05-07,Wire Transfer
TXN-c74742ad,CUST-505e4d39,SUB-ad06d907,499.0,USD,Failed,2025-06-07,Wire Transfer
TXN-eac0060b,CUST-505e4d39,SUB-ad06d907,499.0,USD,Success,2025-07-07,PayPal
TXN-7b4d5c5c,CUST-505e4d39,SUB-ad06d907,499.0,USD,Success,2025-08-07,PayPal
TXN-241e6c8d,CUST-505e4d39,SUB-ad06d907,499.0,USD,Success,2025-09-07,Credit Card
TXN-e08eb2e3,CUST-505e4d39,SUB-ad06d907,499.0,USD,Success,2025-10-07,Credit Card
TXN-0629aba1,CUST-505e4d39,SUB-ad06d907,499.0,USD,Success,2025-11-07,Wire Transfer
TXN-8d848778,CUST-505e4d39,SUB-ad06d907,499.0,USD,Success,2025-12-07,Wire Transfer
TXN-f9a30e7d,CUST-505e4d39,SUB-ad06d907,499.0,USD,Success,2026-01-07,Credit Card
TXN-2939fe5a,CUST-505e4d39,SUB-ad06d907,499.0,USD,Success,2026-02-07,Credit Card
TXN-d213c022,CUST-505e4d39,SUB-ad06d907,499.0,USD,Success,2026-03-07,Wire Transfer
TXN-f068bcba,CUST-505e4d39,SUB-ad06d907,499.0,USD,Success,2026-04-07,Credit Card
TXN-cafb6ed6,CUST-505e4d39,SUB-ad06d907,499.0,USD,Success,2026-05-07,Wire Transfer
TXN-d02a13d2,CUST-d19e4b59,SUB-7c08f69d,199.0,USD,Success,2025-03-13,PayPal
TXN-60096644,CUST-d19e4b59,SUB-7c08f69d,199.0,USD,Success,2025-04-13,PayPal
TXN-185e3922,CUST-d19e4b59,SUB-7c08f69d,199.0,USD,Failed,2025-05-13,Credit Card
TXN-1606b46a,CUST-d19e4b59,SUB-7c08f69d,199.0,USD,Success,2025-06-13,PayPal
TXN-ecf9d041,CUST-33ba5976,SUB-1bffdfa7,49.0,USD,Success,2025-10-15,PayPal
TXN-b51083c9,CUST-33ba5976,SUB-1bffdfa7,49.0,USD,Success,2025-11-15,PayPal
TXN-444132b6,CUST-33ba5976,SUB-1bffdfa7,49.0,USD,Success,2025-12-15,PayPal
TXN-258ad1d0,CUST-33ba5976,SUB-1bffdfa7,49.0,USD,Success,2026-01-15,Wire Transfer
TXN-4b7059dc,CUST-33ba5976,SUB-1bffdfa7,49.0,USD,Refunded,2026-02-15,Wire Transfer
TXN-f2bae0fa,CUST-33ba5976,SUB-1bffdfa7,49.0,USD,Success,2026-03-15,Credit Card
TXN-fc8bed43,CUST-33ba5976,SUB-1bffdfa7,49.0,USD,Success,2026-04-15,PayPal
TXN-cdf6aefb,CUST-1176e602,SUB-879d9e99,49.0,USD,Failed,2026-02-26,PayPal
TXN-9efb52d8,CUST-1176e602,SUB-879d9e99,49.0,USD,Success,2026-03-26,PayPal
TXN-694ec00b,CUST-1176e602,SUB-879d9e99,49.0,USD,Success,2026-04-26,Credit Card
TXN-704a41ce,CUST-fb546381,SUB-5accc475,499.0,USD,Refunded,2025-08-28,Wire Transfer
TXN-999235dc,CUST-fb546381,SUB-5accc475,499.0,USD,Success,2025-09-28,PayPal
TXN-8be70e28,CUST-fb546381,SUB-5accc475,499.0,USD,Success,2025-10-28,Wire Transfer
TXN-47e45828,CUST-fb546381,SUB-5accc475,499.0,USD,Success,2025-11-28,Credit Card
TXN-0733a1e0,CUST-fb546381,SUB-5accc475,499.0,USD,Success,2025-12-28,Wire Transfer
TXN-83be2c5a,CUST-fb546381,SUB-5accc475,499.0,USD,Success,2026-01-28,PayPal
TXN-4f35836d,CUST-fb546381,SUB-5accc475,499.0,USD,Success,2026-02-28,Wire Transfer
TXN-7055a94d,CUST-fb546381,SUB-5accc475,499.0,USD,Success,2026-03-28,Wire Transfer
TXN-8f992d4c,CUST-fb546381,SUB-5accc475,499.0,USD,Success,2026-04-28,Credit Card
TXN-7dcd4cc8,CUST-47c326bf,SUB-54fc49c2,499.0,USD,Success,2025-10-19,Credit Card
TXN-7bde3998,CUST-47c326bf,SUB-54fc49c2,499.0,USD,Refunded,2025-11-19,Credit Card
TXN-3451616e,CUST-47c326bf,SUB-54fc49c2,499.0,USD,Success,2025-12-19,Credit Card
TXN-5f1e8de2,CUST-47c326bf,SUB-54fc49c2,499.0,USD,Success,2026-01-19,Wire Transfer
TXN-81179d6a,CUST-47c326bf,SUB-54fc49c2,499.0,USD,Success,2026-02-19,Wire Transfer
TXN-f0b7e7ae,CUST-47c326bf,SUB-54fc49c2,499.0,USD,Success,2026-03-19,Credit Card
TXN-be9726e3,CUST-47c326bf,SUB-54fc49c2,499.0,USD,Success,2026-04-19,Credit Card
TXN-21b2106d,CUST-733090c0,SUB-8efa830e,499.0,USD,Success,2025-02-06,PayPal
TXN-8de74c4b,CUST-733090c0,SUB-8efa830e,499.0,USD,Success,2025-03-06,PayPal
TXN-4cc14ee7,CUST-733090c0,SUB-8efa830e,499.0,USD,Success,2025-04-06,Credit Card
TXN-48119a1f,CUST-733090c0,SUB-8efa830e,499.0,USD,Success,2025-05-06,Wire Transfer
TXN-e1e208d5,CUST-733090c0,SUB-8efa830e,499.0,USD,Refunded,2025-06-06,Credit Card
TXN-0eb13243,CUST-733090c0,SUB-8efa830e,499.0,USD,Success,2025-07-06,Wire Transfer
TXN-5a02f6f1,CUST-733090c0,SUB-8efa830e,499.0,USD,Success,2025-08-06,Wire Transfer
TXN-08a7f55d,CUST-733090c0,SUB-8efa830e,499.0,USD,Success,2025-09-06,PayPal
TXN-4c981765,CUST-733090c0,SUB-8efa830e,499.0,USD,Success,2025-10-06,Credit Card
TXN-df9301c8,CUST-733090c0,SUB-8efa830e,499.0,USD,Success,2025-11-06,Credit Card
TXN-3d9d8a77,CUST-733090c0,SUB-8efa830e,499.0,USD,Success,2025-12-06,Wire Transfer
TXN-bbd856ac,CUST-733090c0,SUB-8efa830e,499.0,USD,Success,2026-01-06,Credit Card
TXN-9c502b15,CUST-733090c0,SUB-8efa830e,499.0,USD,Success,2026-02-06,PayPal
TXN-51fef2c3,CUST-733090c0,SUB-8efa830e,499.0,USD,Success,2026-03-06,PayPal
TXN-3fd3f4c2,CUST-733090c0,SUB-8efa830e,499.0,USD,Success,2026-04-06,Credit Card
TXN-95be799d,CUST-733090c0,SUB-8efa830e,499.0,USD,Success,2026-05-06,Credit Card
TXN-633bae5b,CUST-2bf34f8f,SUB-d80dd78f,199.0,USD,Success,2024-05-23,PayPal
TXN-809b6522,CUST-2bf34f8f,SUB-d80dd78f,199.0,USD,Success,2024-06-23,Credit Card
TXN-31b8fe48,CUST-2bf34f8f,SUB-d80dd78f,199.0,USD,Success,2024-07-23,Wire Transfer
TXN-ee6a132e,CUST-2bf34f8f,SUB-d80dd78f,199.0,USD,Failed,2024-08-23,Credit Card
TXN-3ba9bbfb,CUST-2bf34f8f,SUB-d80dd78f,199.0,USD,Success,2024-09-23,Wire Transfer
TXN-c460b493,CUST-2bf34f8f,SUB-d80dd78f,199.0,USD,Success,2024-10-23,Credit Card
TXN-122ddb75,CUST-2bf34f8f,SUB-d80dd78f,199.0,USD,Success,2024-11-23,Credit Card
TXN-73b1fbfa,CUST-2bf34f8f,SUB-d80dd78f,199.0,USD,Success,2024-12-23,PayPal
TXN-ed7d07b7,CUST-2bf34f8f,SUB-d80dd78f,199.0,USD,Success,2025-01-23,Wire Transfer
TXN-f56e9b5e,CUST-2bf34f8f,SUB-d80dd78f,199.0,USD,Success,2025-02-23,PayPal
TXN-35685801,CUST-2bf34f8f,SUB-d80dd78f,199.0,USD,Success,2025-03-23,Credit Card
TXN-b0e51ed0,CUST-2bf34f8f,SUB-d80dd78f,199.0,USD,Success,2025-04-23,PayPal
TXN-2212e42e,CUST-2bf34f8f,SUB-d80dd78f,199.0,USD,Success,2025-05-23,Credit Card
TXN-4de19a69,CUST-2bf34f8f,SUB-d80dd78f,199.0,USD,Refunded,2025-06-23,Credit Card
TXN-ed134cf8,CUST-2bf34f8f,SUB-d80dd78f,199.0,USD,Failed,2025-07-23,Credit Card
TXN-c7589752,CUST-2bf34f8f,SUB-d80dd78f,199.0,USD,Refunded,2025-08-23,Wire Transfer
TXN-eef82ae4,CUST-2bf34f8f,SUB-d80dd78f,199.0,USD,Success,2025-09-23,Wire Transfer
TXN-19ef34fc,CUST-2bf34f8f,SUB-d80dd78f,199.0,USD,Success,2025-10-23,Wire Transfer
TXN-a6c47e21,CUST-2bf34f8f,SUB-d80dd78f,199.0,USD,Success,2025-11-23,PayPal
TXN-f6200d3e,CUST-2bf34f8f,SUB-d80dd78f,199.0,USD,Success,2025-12-23,Credit Card
TXN-7f17db94,CUST-2bf34f8f,SUB-d80dd78f,199.0,USD,Success,2026-01-23,PayPal
TXN-400c858e,CUST-2bf34f8f,SUB-d80dd78f,199.0,USD,Success,2026-02-23,PayPal
TXN-63445ef3,CUST-2bf34f8f,SUB-d80dd78f,199.0,USD,Success,2026-03-23,Credit Card
TXN-e431dbaa,CUST-2bf34f8f,SUB-d80dd78f,199.0,USD,Success,2026-04-23,PayPal
TXN-c86d318c,CUST-dcd7f4d3,SUB-3702ff2a,49.0,USD,Success,2024-06-25,Credit Card
TXN-be244b4a,CUST-dcd7f4d3,SUB-3702ff2a,49.0,USD,Failed,2024-07-25,Credit Card
TXN-89f53ef1,CUST-dcd7f4d3,SUB-3702ff2a,49.0,USD,Success,2024-08-25,Credit Card
TXN-799aa1f9,CUST-dcd7f4d3,SUB-3702ff2a,49.0,USD,Success,2024-09-25,Credit Card
TXN-cb19a5ee,CUST-dcd7f4d3,SUB-3702ff2a,49.0,USD,Success,2024-10-25,PayPal
TXN-27af1f5f,CUST-dcd7f4d3,SUB-3702ff2a,49.0,USD,Success,2024-11-25,PayPal
TXN-1bdc1c9a,CUST-dcd7f4d3,SUB-3702ff2a,49.0,USD,Refunded,2024-12-25,PayPal
TXN-f5e9e99b,CUST-dcd7f4d3,SUB-3702ff2a,49.0,USD,Success,2025-01-25,Wire Transfer
TXN-73168589,CUST-dcd7f4d3,SUB-3702ff2a,49.0,USD,Success,2025-02-25,PayPal
TXN-b1993d1e,CUST-d836d253,SUB-72ca5f5b,49.0,USD,Success,2025-02-12,PayPal
TXN-25cc1dd4,CUST-d836d253,SUB-72ca5f5b,49.0,USD,Success,2025-03-12,Wire Transfer
TXN-cd94ef70,CUST-d836d253,SUB-72ca5f5b,49.0,USD,Success,2025-04-12,Credit Card
TXN-5b871a2f,CUST-d836d253,SUB-72ca5f5b,49.0,USD,Success,2025-05-12,Credit Card
TXN-391f25e1,CUST-d836d253,SUB-72ca5f5b,49.0,USD,Success,2025-06-12,Credit Card
TXN-d3668502,CUST-d836d253,SUB-72ca5f5b,49.0,USD,Failed,2025-07-12,Wire Transfer
TXN-577ae295,CUST-d836d253,SUB-72ca5f5b,49.0,USD,Success,2025-08-12,PayPal
TXN-0a4085c9,CUST-d836d253,SUB-72ca5f5b,49.0,USD,Success,2025-09-12,PayPal
TXN-c6496a26,CUST-d836d253,SUB-72ca5f5b,49.0,USD,Success,2025-10-12,PayPal
TXN-90bd44d1,CUST-d836d253,SUB-72ca5f5b,49.0,USD,Failed,2025-11-12,PayPal
TXN-2e267798,CUST-d836d253,SUB-72ca5f5b,49.0,USD,Success,2025-12-12,Wire Transfer
TXN-0f37d7d0,CUST-d836d253,SUB-72ca5f5b,49.0,USD,Success,2026-01-12,PayPal
TXN-0c209891,CUST-d836d253,SUB-72ca5f5b,49.0,USD,Success,2026-02-12,Credit Card
TXN-c1fe5010,CUST-d836d253,SUB-72ca5f5b,49.0,USD,Success,2026-03-12,Wire Transfer
TXN-d0c8d5dd,CUST-d836d253,SUB-72ca5f5b,49.0,USD,Success,2026-04-12,Wire Transfer
TXN-f40b7955,CUST-d2b72e7d,SUB-d11b5a25,499.0,USD,Success,2025-09-14,Credit Card
TXN-8a46e2eb,CUST-d2b72e7d,SUB-d11b5a25,499.0,USD,Success,2025-10-14,Credit Card
TXN-eb99fb07,CUST-d2b72e7d,SUB-d11b5a25,499.0,USD,Success,2025-11-14,PayPal
TXN-c0013bfa,CUST-d2b72e7d,SUB-d11b5a25,499.0,USD,Success,2025-12-14,Credit Card
TXN-1e6b0cd4,CUST-d2b72e7d,SUB-d11b5a25,499.0,USD,Success,2026-01-14,Wire Transfer
TXN-69cf00c5,CUST-d2b72e7d,SUB-d11b5a25,499.0,USD,Success,2026-02-14,Wire Transfer
TXN-7a77234c,CUST-d2b72e7d,SUB-d11b5a25,499.0,USD,Success,2026-03-14,Wire Transfer
TXN-19f9acf0,CUST-d2b72e7d,SUB-d11b5a25,499.0,USD,Success,2026-04-14,PayPal
TXN-f062ed45,CUST-8b2c25df,SUB-c10f4935,49.0,USD,Success,2024-08-07,PayPal
TXN-3e033df8,CUST-8b2c25df,SUB-c10f4935,49.0,USD,Failed,2024-09-07,Credit Card
TXN-ff4cbfbb,CUST-8b2c25df,SUB-c10f4935,49.0,USD,Success,2024-10-07,PayPal
TXN-ca5e06c8,CUST-8b2c25df,SUB-c10f4935,49.0,USD,Success,2024-11-07,PayPal
TXN-fa971447,CUST-8b2c25df,SUB-c10f4935,49.0,USD,Success,2024-12-07,Wire Transfer
TXN-33d4e427,CUST-8b2c25df,SUB-c10f4935,49.0,USD,Success,2025-01-07,Wire Transfer
TXN-20b97243,CUST-8b2c25df,SUB-c10f4935,49.0,USD,Success,2025-02-07,Credit Card
TXN-3b3875a6,CUST-8b2c25df,SUB-c10f4935,49.0,USD,Success,2025-03-07,Wire Transfer
TXN-0b999a5d,CUST-8b2c25df,SUB-c10f4935,49.0,USD,Success,2025-04-07,PayPal
TXN-ef707a64,CUST-8b2c25df,SUB-c10f4935,49.0,USD,Success,2025-05-07,Credit Card
TXN-0c9172b9,CUST-ae3cb553,SUB-0db3722d,49.0,USD,Success,2024-05-13,Credit Card
TXN-9d0db486,CUST-ae3cb553,SUB-0db3722d,49.0,USD,Success,2024-06-13,Wire Transfer
TXN-b8cd55e7,CUST-ae3cb553,SUB-0db3722d,49.0,USD,Refunded,2024-07-13,Wire Transfer
TXN-596bafd1,CUST-ae3cb553,SUB-0db3722d,49.0,USD,Success,2024-08-13,Wire Transfer
TXN-42437b39,CUST-ae3cb553,SUB-0db3722d,49.0,USD,Success,2024-09-13,Credit Card
TXN-975ddea2,CUST-ae3cb553,SUB-0db3722d,49.0,USD,Success,2024-10-13,Wire Transfer
TXN-12aecfdb,CUST-ae3cb553,SUB-0db3722d,49.0,USD,Success,2024-11-13,PayPal
TXN-64e99352,CUST-ae3cb553,SUB-0db3722d,49.0,USD,Success,2024-12-13,Credit Card
TXN-cfdb2faf,CUST-ae3cb553,SUB-0db3722d,49.0,USD,Success,2025-01-13,Wire Transfer
TXN-e5300a17,CUST-ae3cb553,SUB-0db3722d,49.0,USD,Success,2025-02-13,PayPal
TXN-b7c2e678,CUST-ae3cb553,SUB-0db3722d,49.0,USD,Success,2025-03-13,PayPal
TXN-6b04aca2,CUST-ae3cb553,SUB-0db3722d,49.0,USD,Success,2025-04-13,Wire Transfer
TXN-1abd6b7f,CUST-ae3cb553,SUB-0db3722d,49.0,USD,Success,2025-05-13,PayPal
TXN-82c404f8,CUST-ae3cb553,SUB-0db3722d,49.0,USD,Success,2025-06-13,Credit Card
TXN-1b5db2c2,CUST-ae3cb553,SUB-0db3722d,49.0,USD,Success,2025-07-13,Credit Card
TXN-4dfa995b,CUST-ae3cb553,SUB-0db3722d,49.0,USD,Success,2025-08-13,PayPal
TXN-f6cc90a6,CUST-ae3cb553,SUB-0db3722d,49.0,USD,Success,2025-09-13,Credit Card
TXN-c21d758d,CUST-ae3cb553,SUB-0db3722d,49.0,USD,Success,2025-10-13,Wire Transfer
TXN-d20269ed,CUST-ae3cb553,SUB-0db3722d,49.0,USD,Success,2025-11-13,PayPal
TXN-d15c336f,CUST-ae3cb553,SUB-0db3722d,49.0,USD,Success,2025-12-13,Credit Card
TXN-a37bdb67,CUST-ae3cb553,SUB-0db3722d,49.0,USD,Success,2026-01-13,Wire Transfer
TXN-4eb3c558,CUST-ae3cb553,SUB-0db3722d,49.0,USD,Success,2026-02-13,Wire Transfer
TXN-95aea23e,CUST-ae3cb553,SUB-0db3722d,49.0,USD,Success,2026-03-13,Credit Card
TXN-291715bf,CUST-ae3cb553,SUB-0db3722d,49.0,USD,Success,2026-04-13,PayPal
TXN-efad2ba8,CUST-f3bdc01c,SUB-59cd9441,199.0,USD,Success,2025-10-20,Wire Transfer
TXN-74e34fdb,CUST-f3bdc01c,SUB-59cd9441,199.0,USD,Failed,2025-11-20,Wire Transfer
TXN-e776d172,CUST-f3bdc01c,SUB-59cd9441,199.0,USD,Success,2025-12-20,Wire Transfer
TXN-e201af65,CUST-f3bdc01c,SUB-59cd9441,199.0,USD,Failed,2026-01-20,Wire Transfer
TXN-712f1464,CUST-f3bdc01c,SUB-59cd9441,199.0,USD,Success,2026-02-20,PayPal
TXN-faaa29cf,CUST-f3bdc01c,SUB-59cd9441,199.0,USD,Success,2026-03-20,Credit Card
TXN-47b8d447,CUST-f3bdc01c,SUB-59cd9441,199.0,USD,Success,2026-04-20,Credit Card
TXN-33ee0e20,CUST-b7fd5739,SUB-54d83403,49.0,USD,Success,2024-06-30,Credit Card
TXN-bc9e3831,CUST-b7fd5739,SUB-54d83403,49.0,USD,Success,2024-07-30,Wire Transfer
TXN-752746d5,CUST-b7fd5739,SUB-54d83403,49.0,USD,Success,2024-08-30,PayPal
TXN-e80af3d7,CUST-b7fd5739,SUB-54d83403,49.0,USD,Success,2024-09-30,Credit Card
TXN-3ac1a51d,CUST-b7fd5739,SUB-54d83403,49.0,USD,Success,2024-10-30,PayPal
TXN-26939314,CUST-b7fd5739,SUB-54d83403,49.0,USD,Success,2024-11-30,Credit Card
TXN-7f2263c6,CUST-b7fd5739,SUB-54d83403,49.0,USD,Success,2024-12-30,Wire Transfer
TXN-ba76da12,CUST-b7fd5739,SUB-54d83403,49.0,USD,Success,2025-01-30,Credit Card
TXN-980cf200,CUST-b7fd5739,SUB-54d83403,49.0,USD,Success,2025-02-28,Wire Transfer
TXN-0d93df51,CUST-b7fd5739,SUB-54d83403,49.0,USD,Success,2025-03-28,Wire Transfer
TXN-9f68c4a0,CUST-b7fd5739,SUB-54d83403,49.0,USD,Success,2025-04-28,Credit Card
TXN-64dc889b,CUST-b7fd5739,SUB-54d83403,49.0,USD,Success,2025-05-28,PayPal
TXN-92fb9d95,CUST-b7fd5739,SUB-54d83403,49.0,USD,Success,2025-06-28,Wire Transfer
TXN-2ffa97c7,CUST-b7fd5739,SUB-54d83403,49.0,USD,Success,2025-07-28,PayPal
TXN-d495a683,CUST-b7fd5739,SUB-54d83403,49.0,USD,Success,2025-08-28,Credit Card
TXN-26f24e2d,CUST-b7fd5739,SUB-54d83403,49.0,USD,Success,2025-09-28,Wire Transfer
TXN-2981d6c0,CUST-b7fd5739,SUB-54d83403,49.0,USD,Success,2025-10-28,PayPal
TXN-b4a3a326,CUST-b7fd5739,SUB-54d83403,49.0,USD,Success,2025-11-28,Wire Transfer
TXN-33e156f7,CUST-b7fd5739,SUB-54d83403,49.0,USD,Success,2025-12-28,Credit Card
TXN-cd5fd4f9,CUST-b7fd5739,SUB-54d83403,49.0,USD,Success,2026-01-28,Wire Transfer
TXN-f039117c,CUST-b7fd5739,SUB-54d83403,49.0,USD,Success,2026-02-28,Credit Card
TXN-a0c95f5f,CUST-b7fd5739,SUB-54d83403,49.0,USD,Success,2026-03-28,PayPal
TXN-987b0987,CUST-b7fd5739,SUB-54d83403,49.0,USD,Success,2026-04-28,Wire Transfer
TXN-d05f0b3e,CUST-7944b720,SUB-22d2fda8,49.0,USD,Success,2025-01-03,PayPal
TXN-69aa0d66,CUST-7944b720,SUB-22d2fda8,49.0,USD,Success,2025-02-03,Credit Card
TXN-fbd67b54,CUST-7944b720,SUB-22d2fda8,49.0,USD,Success,2025-03-03,Credit Card
TXN-100c5cc0,CUST-7944b720,SUB-22d2fda8,49.0,USD,Success,2025-04-03,PayPal
TXN-280ee5e7,CUST-7944b720,SUB-22d2fda8,49.0,USD,Success,2025-05-03,PayPal
TXN-a844a1fe,CUST-7944b720,SUB-22d2fda8,49.0,USD,Success,2025-06-03,Credit Card
TXN-fa7c4453,CUST-7944b720,SUB-22d2fda8,49.0,USD,Success,2025-07-03,PayPal
TXN-29b5816c,CUST-7944b720,SUB-22d2fda8,49.0,USD,Success,2025-08-03,Credit Card
TXN-a472e626,CUST-7944b720,SUB-22d2fda8,49.0,USD,Success,2025-09-03,PayPal
TXN-5c232ab2,CUST-7944b720,SUB-22d2fda8,49.0,USD,Success,2025-10-03,Credit Card
TXN-1c08f2bb,CUST-7944b720,SUB-22d2fda8,49.0,USD,Success,2025-11-03,Credit Card
TXN-ba926bb2,CUST-7944b720,SUB-22d2fda8,49.0,USD,Success,2025-12-03,Wire Transfer
TXN-52ad8aec,CUST-7944b720,SUB-22d2fda8,49.0,USD,Failed,2026-01-03,Credit Card
TXN-ab9eb174,CUST-7944b720,SUB-22d2fda8,49.0,USD,Success,2026-02-03,Credit Card
TXN-96732a28,CUST-7944b720,SUB-22d2fda8,49.0,USD,Success,2026-03-03,Wire Transfer
TXN-61ae4190,CUST-7944b720,SUB-22d2fda8,49.0,USD,Success,2026-04-03,Wire Transfer
TXN-392f8273,CUST-7944b720,SUB-22d2fda8,49.0,USD,Success,2026-05-03,PayPal
TXN-a1827ac9,CUST-36955e62,SUB-398d6754,199.0,USD,Success,2026-04-10,PayPal
TXN-8a2c861c,CUST-553a6062,SUB-ce7d708b,49.0,USD,Refunded,2026-01-26,Credit Card
TXN-deb8ccfb,CUST-553a6062,SUB-ce7d708b,49.0,USD,Success,2026-02-26,PayPal
TXN-b53ce637,CUST-553a6062,SUB-ce7d708b,49.0,USD,Success,2026-03-26,PayPal
TXN-d6fdbbdc,CUST-553a6062,SUB-ce7d708b,49.0,USD,Success,2026-04-26,Credit Card
TXN-9fea41c7,CUST-ef274601,SUB-0e5e3797,49.0,USD,Success,2025-01-09,Wire Transfer
TXN-f4712795,CUST-ef274601,SUB-0e5e3797,49.0,USD,Success,2025-02-09,Wire Transfer
TXN-52ee7181,CUST-ef274601,SUB-0e5e3797,49.0,USD,Success,2025-03-09,Credit Card
TXN-a2d281f5,CUST-ef274601,SUB-0e5e3797,49.0,USD,Success,2025-04-09,Credit Card
TXN-57a47e20,CUST-ef274601,SUB-0e5e3797,49.0,USD,Success,2025-05-09,Credit Card
TXN-235a9009,CUST-ef274601,SUB-0e5e3797,49.0,USD,Success,2025-06-09,Credit Card
TXN-0ddbf7f3,CUST-ef274601,SUB-0e5e3797,49.0,USD,Success,2025-07-09,Credit Card
TXN-ab78cb1b,CUST-ef274601,SUB-0e5e3797,49.0,USD,Failed,2025-08-09,Credit Card
TXN-205bec0d,CUST-ef274601,SUB-0e5e3797,49.0,USD,Success,2025-09-09,PayPal
TXN-a9d57eb8,CUST-ef274601,SUB-0e5e3797,49.0,USD,Success,2025-10-09,PayPal
TXN-a0b57464,CUST-ef274601,SUB-0e5e3797,49.0,USD,Success,2025-11-09,PayPal
TXN-cbea06ee,CUST-ef274601,SUB-0e5e3797,49.0,USD,Refunded,2025-12-09,Wire Transfer
TXN-71a47299,CUST-ef274601,SUB-0e5e3797,49.0,USD,Success,2026-01-09,Credit Card
TXN-fd702b44,CUST-ef274601,SUB-0e5e3797,49.0,USD,Success,2026-02-09,Credit Card
TXN-5be8a7b0,CUST-ef274601,SUB-0e5e3797,49.0,USD,Success,2026-03-09,PayPal
TXN-3cabd70f,CUST-ef274601,SUB-0e5e3797,49.0,USD,Success,2026-04-09,Wire Transfer
TXN-6d9d2292,CUST-cd38880d,SUB-4c054924,499.0,USD,Success,2024-07-11,PayPal
TXN-0b8cff77,CUST-cd38880d,SUB-4c054924,499.0,USD,Success,2024-08-11,Credit Card
TXN-3944057a,CUST-cd38880d,SUB-4c054924,499.0,USD,Success,2024-09-11,Credit Card
TXN-7601699f,CUST-cd38880d,SUB-4c054924,499.0,USD,Success,2024-10-11,PayPal
TXN-57ff375e,CUST-cd38880d,SUB-4c054924,499.0,USD,Success,2024-11-11,PayPal
TXN-f1467b92,CUST-cd38880d,SUB-4c054924,499.0,USD,Success,2024-12-11,Credit Card
TXN-2a7189cf,CUST-cd38880d,SUB-4c054924,499.0,USD,Success,2025-01-11,PayPal
TXN-9b32fe87,CUST-cd38880d,SUB-4c054924,499.0,USD,Success,2025-02-11,Credit Card
TXN-402cc735,CUST-cd38880d,SUB-4c054924,499.0,USD,Success,2025-03-11,PayPal
TXN-fda58ef3,CUST-cd38880d,SUB-4c054924,499.0,USD,Success,2025-04-11,Wire Transfer
TXN-48a7bc26,CUST-cd38880d,SUB-4c054924,499.0,USD,Success,2025-05-11,Credit Card
TXN-6f74174f,CUST-cd38880d,SUB-4c054924,499.0,USD,Failed,2025-06-11,Wire Transfer
TXN-689a92c7,CUST-cd38880d,SUB-4c054924,499.0,USD,Success,2025-07-11,PayPal
TXN-3d22cb45,CUST-cd38880d,SUB-4c054924,499.0,USD,Refunded,2025-08-11,Wire Transfer
TXN-f4ae2924,CUST-cd38880d,SUB-4c054924,499.0,USD,Success,2025-09-11,PayPal
TXN-75790f40,CUST-cd38880d,SUB-4c054924,499.0,USD,Success,2025-10-11,Wire Transfer
TXN-32588d49,CUST-cd38880d,SUB-4c054924,499.0,USD,Success,2025-11-11,Wire Transfer
TXN-596fa693,CUST-cd38880d,SUB-4c054924,499.0,USD,Success,2025-12-11,Wire Transfer
TXN-424b7638,CUST-cd38880d,SUB-4c054924,499.0,USD,Success,2026-01-11,Credit Card
TXN-92ffb67d,CUST-cd38880d,SUB-4c054924,499.0,USD,Success,2026-02-11,Wire Transfer
TXN-92bda1b4,CUST-cd38880d,SUB-4c054924,499.0,USD,Success,2026-03-11,PayPal
TXN-a2b497fb,CUST-cd38880d,SUB-4c054924,499.0,USD,Success,2026-04-11,PayPal
TXN-8878e366,CUST-3f31b20c,SUB-19561933,499.0,USD,Refunded,2025-07-30,Credit Card
TXN-246d791d,CUST-3f31b20c,SUB-19561933,499.0,USD,Success,2025-08-30,Credit Card
TXN-50a11c99,CUST-3f31b20c,SUB-19561933,499.0,USD,Failed,2025-09-30,PayPal
TXN-ff8e80de,CUST-3f31b20c,SUB-19561933,499.0,USD,Success,2025-10-30,Wire Transfer
TXN-682f64b4,CUST-3f31b20c,SUB-19561933,499.0,USD,Success,2025-11-30,PayPal
TXN-325f46f1,CUST-3f31b20c,SUB-19561933,499.0,USD,Failed,2025-12-30,Credit Card
TXN-14b50c8b,CUST-3f31b20c,SUB-19561933,499.0,USD,Success,2026-01-30,Credit Card
TXN-dee66cd5,CUST-3f31b20c,SUB-19561933,499.0,USD,Success,2026-02-28,PayPal
TXN-d4eda1d3,CUST-3f31b20c,SUB-19561933,499.0,USD,Success,2026-03-28,Wire Transfer
TXN-8601b2f0,CUST-3f31b20c,SUB-19561933,499.0,USD,Failed,2026-04-28,Wire Transfer
TXN-b4d63a15,CUST-fa83e2a8,SUB-5e3824c7,49.0,USD,Success,2026-02-06,Credit Card
TXN-c91b8b3a,CUST-fa83e2a8,SUB-5e3824c7,49.0,USD,Success,2026-03-06,PayPal
TXN-0a79465a,CUST-fa83e2a8,SUB-5e3824c7,49.0,USD,Success,2026-04-06,PayPal
TXN-1777ce34,CUST-fa83e2a8,SUB-5e3824c7,49.0,USD,Success,2026-05-06,Credit Card
TXN-1b7de53a,CUST-82e4861d,SUB-39bae73e,499.0,USD,Success,2025-01-28,PayPal
TXN-a38f3490,CUST-82e4861d,SUB-39bae73e,499.0,USD,Success,2025-02-28,Credit Card
TXN-3ad87f6b,CUST-82e4861d,SUB-39bae73e,499.0,USD,Success,2025-03-28,Wire Transfer
TXN-75204e91,CUST-82e4861d,SUB-39bae73e,499.0,USD,Success,2025-04-28,Wire Transfer
TXN-8fde766e,CUST-82e4861d,SUB-39bae73e,499.0,USD,Success,2025-05-28,PayPal
TXN-a3005648,CUST-82e4861d,SUB-39bae73e,499.0,USD,Success,2025-06-28,Wire Transfer
TXN-ff739b99,CUST-82e4861d,SUB-39bae73e,499.0,USD,Success,2025-07-28,Wire Transfer
TXN-59709459,CUST-82e4861d,SUB-39bae73e,499.0,USD,Success,2025-08-28,Credit Card
TXN-16f5377a,CUST-82e4861d,SUB-39bae73e,499.0,USD,Success,2025-09-28,Credit Card
TXN-49dc37fa,CUST-82e4861d,SUB-39bae73e,499.0,USD,Success,2025-10-28,PayPal
TXN-020ae178,CUST-82e4861d,SUB-39bae73e,499.0,USD,Success,2025-11-28,Credit Card
TXN-fcb843dd,CUST-82e4861d,SUB-39bae73e,499.0,USD,Success,2025-12-28,PayPal
TXN-f84a574a,CUST-82e4861d,SUB-39bae73e,499.0,USD,Success,2026-01-28,PayPal
TXN-70e8e5a9,CUST-82e4861d,SUB-39bae73e,499.0,USD,Success,2026-02-28,Credit Card
TXN-5ed03e4c,CUST-82e4861d,SUB-39bae73e,499.0,USD,Success,2026-03-28,Wire Transfer
TXN-348ba29e,CUST-82e4861d,SUB-39bae73e,499.0,USD,Success,2026-04-28,Wire Transfer
TXN-706c6985,CUST-d4c40afb,SUB-4264a29d,49.0,USD,Success,2025-03-20,Wire Transfer
TXN-23f305b8,CUST-d4c40afb,SUB-4264a29d,49.0,USD,Success,2025-04-20,Wire Transfer
TXN-fd295d5a,CUST-d4c40afb,SUB-4264a29d,49.0,USD,Success,2025-05-20,PayPal
TXN-e31facc3,CUST-d4c40afb,SUB-4264a29d,49.0,USD,Success,2025-06-20,Wire Transfer
TXN-e1997317,CUST-d4c40afb,SUB-4264a29d,49.0,USD,Success,2025-07-20,PayPal
TXN-e079cf18,CUST-d4c40afb,SUB-4264a29d,49.0,USD,Success,2025-08-20,Credit Card
TXN-84c41ab6,CUST-d4c40afb,SUB-4264a29d,49.0,USD,Success,2025-09-20,Credit Card
TXN-f7bd0963,CUST-d4c40afb,SUB-4264a29d,49.0,USD,Success,2025-10-20,PayPal
TXN-ba418d32,CUST-d4c40afb,SUB-4264a29d,49.0,USD,Success,2025-11-20,Wire Transfer
TXN-076451a0,CUST-d4c40afb,SUB-4264a29d,49.0,USD,Success,2025-12-20,PayPal
TXN-2648a5f0,CUST-d4c40afb,SUB-4264a29d,49.0,USD,Success,2026-01-20,Wire Transfer
TXN-6192675d,CUST-d4c40afb,SUB-4264a29d,49.0,USD,Success,2026-02-20,Wire Transfer
TXN-5db81c65,CUST-d4c40afb,SUB-4264a29d,49.0,USD,Failed,2026-03-20,PayPal
TXN-e6080dec,CUST-d4c40afb,SUB-4264a29d,49.0,USD,Success,2026-04-20,PayPal
TXN-96ee145a,CUST-4faa55ce,SUB-2b3a287c,199.0,USD,Success,2025-06-18,Wire Transfer
TXN-364673de,CUST-4faa55ce,SUB-2b3a287c,199.0,USD,Success,2025-07-18,PayPal
TXN-d8b6b73b,CUST-4faa55ce,SUB-2b3a287c,199.0,USD,Success,2025-08-18,Wire Transfer
TXN-c874693c,CUST-4faa55ce,SUB-2b3a287c,199.0,USD,Success,2025-09-18,PayPal
TXN-41ad9b76,CUST-4faa55ce,SUB-2b3a287c,199.0,USD,Success,2025-10-18,Credit Card
TXN-104438a8,CUST-4faa55ce,SUB-2b3a287c,199.0,USD,Success,2025-11-18,Wire Transfer
TXN-f2f6f75b,CUST-4faa55ce,SUB-2b3a287c,199.0,USD,Failed,2025-12-18,Credit Card
TXN-9aed9820,CUST-4faa55ce,SUB-2b3a287c,199.0,USD,Success,2026-01-18,PayPal
TXN-67d29ed4,CUST-4faa55ce,SUB-2b3a287c,199.0,USD,Success,2026-02-18,Credit Card
TXN-8a0fb442,CUST-4faa55ce,SUB-2b3a287c,199.0,USD,Success,2026-03-18,PayPal
TXN-87f53e43,CUST-4faa55ce,SUB-2b3a287c,199.0,USD,Success,2026-04-18,Wire Transfer
TXN-58bb0bd2,CUST-d370b84e,SUB-6cf09881,499.0,USD,Success,2024-12-26,PayPal
TXN-2de9b401,CUST-d370b84e,SUB-6cf09881,499.0,USD,Success,2025-01-26,PayPal
TXN-62864856,CUST-d370b84e,SUB-6cf09881,499.0,USD,Success,2025-02-26,Wire Transfer
TXN-190c41ec,CUST-d370b84e,SUB-6cf09881,499.0,USD,Success,2025-03-26,PayPal
TXN-a4c55d0a,CUST-d370b84e,SUB-6cf09881,499.0,USD,Success,2025-04-26,Wire Transfer
TXN-ca2c4e56,CUST-d370b84e,SUB-6cf09881,499.0,USD,Success,2025-05-26,PayPal
TXN-0aef75fa,CUST-d370b84e,SUB-6cf09881,499.0,USD,Success,2025-06-26,Wire Transfer
TXN-e96077c1,CUST-d370b84e,SUB-6cf09881,499.0,USD,Success,2025-07-26,Credit Card
TXN-e71b3ed2,CUST-d370b84e,SUB-6cf09881,499.0,USD,Success,2025-08-26,PayPal
TXN-d1c497d6,CUST-d370b84e,SUB-6cf09881,499.0,USD,Success,2025-09-26,PayPal
TXN-c50e6f3c,CUST-d370b84e,SUB-6cf09881,499.0,USD,Success,2025-10-26,PayPal
TXN-31d4a68c,CUST-d370b84e,SUB-6cf09881,499.0,USD,Success,2025-11-26,Wire Transfer
TXN-f8455f26,CUST-d370b84e,SUB-6cf09881,499.0,USD,Success,2025-12-26,PayPal
TXN-6c4d1ad1,CUST-d370b84e,SUB-6cf09881,499.0,USD,Success,2026-01-26,Wire Transfer
TXN-fe6bbc1f,CUST-d370b84e,SUB-6cf09881,499.0,USD,Success,2026-02-26,PayPal
TXN-1dac70bc,CUST-d370b84e,SUB-6cf09881,499.0,USD,Success,2026-03-26,Credit Card
TXN-85200ac9,CUST-d370b84e,SUB-6cf09881,499.0,USD,Success,2026-04-26,PayPal
TXN-2825bbec,CUST-b5951742,SUB-63c5b7ff,499.0,USD,Success,2026-03-20,Credit Card
TXN-4e98f707,CUST-b5951742,SUB-63c5b7ff,499.0,USD,Success,2026-04-20,Wire Transfer
TXN-ebab607d,CUST-06216f1d,SUB-f848709f,499.0,USD,Failed,2025-09-18,Credit Card
TXN-c013d9b5,CUST-06216f1d,SUB-f848709f,499.0,USD,Success,2025-10-18,PayPal
TXN-25a74942,CUST-06216f1d,SUB-f848709f,499.0,USD,Failed,2025-11-18,PayPal
TXN-f81667c9,CUST-06216f1d,SUB-f848709f,499.0,USD,Failed,2025-12-18,Wire Transfer
TXN-70cf3e27,CUST-06216f1d,SUB-f848709f,499.0,USD,Success,2026-01-18,PayPal
TXN-8431134e,CUST-06216f1d,SUB-f848709f,499.0,USD,Success,2026-02-18,PayPal
TXN-42acbc41,CUST-06216f1d,SUB-f848709f,499.0,USD,Refunded,2026-03-18,Wire Transfer
TXN-a2824618,CUST-06216f1d,SUB-f848709f,499.0,USD,Success,2026-04-18,Wire Transfer
TXN-c4e9b74c,CUST-ac11f9e4,SUB-a515a0d4,49.0,USD,Success,2024-10-05,Credit Card
TXN-bef04df7,CUST-ac11f9e4,SUB-a515a0d4,49.0,USD,Success,2024-11-05,Wire Transfer
TXN-4ccb1096,CUST-ac11f9e4,SUB-a515a0d4,49.0,USD,Success,2024-12-05,PayPal
TXN-a4358d1e,CUST-ac11f9e4,SUB-a515a0d4,49.0,USD,Success,2025-01-05,Wire Transfer
TXN-cdc64d50,CUST-ac11f9e4,SUB-a515a0d4,49.0,USD,Success,2025-02-05,PayPal
TXN-0a7d34f8,CUST-ac11f9e4,SUB-a515a0d4,49.0,USD,Success,2025-03-05,Credit Card
TXN-0b37aff4,CUST-ac11f9e4,SUB-a515a0d4,49.0,USD,Success,2025-04-05,Wire Transfer
TXN-4b0935e4,CUST-ac11f9e4,SUB-a515a0d4,49.0,USD,Success,2025-05-05,PayPal
TXN-5f02b73a,CUST-ac11f9e4,SUB-a515a0d4,49.0,USD,Success,2025-06-05,Wire Transfer
TXN-d8d77faf,CUST-ac11f9e4,SUB-a515a0d4,49.0,USD,Success,2025-07-05,Wire Transfer
TXN-cd354790,CUST-ac11f9e4,SUB-a515a0d4,49.0,USD,Success,2025-08-05,Wire Transfer
TXN-c681e47f,CUST-ac11f9e4,SUB-a515a0d4,49.0,USD,Failed,2025-09-05,Wire Transfer
TXN-9860fb4b,CUST-ac11f9e4,SUB-a515a0d4,49.0,USD,Success,2025-10-05,Credit Card
TXN-c96c6f50,CUST-ac11f9e4,SUB-a515a0d4,49.0,USD,Success,2025-11-05,PayPal
TXN-c4f8f213,CUST-ac11f9e4,SUB-a515a0d4,49.0,USD,Success,2025-12-05,Wire Transfer
TXN-4050b47a,CUST-ac11f9e4,SUB-a515a0d4,49.0,USD,Success,2026-01-05,PayPal
TXN-a5175ad1,CUST-ac11f9e4,SUB-a515a0d4,49.0,USD,Success,2026-02-05,Credit Card
TXN-726f175c,CUST-ac11f9e4,SUB-a515a0d4,49.0,USD,Success,2026-03-05,PayPal
TXN-de1b1374,CUST-ac11f9e4,SUB-a515a0d4,49.0,USD,Success,2026-04-05,PayPal
TXN-ee896993,CUST-ac11f9e4,SUB-a515a0d4,49.0,USD,Success,2026-05-05,Credit Card
TXN-07fbbc05,CUST-385e7d81,SUB-091b5205,49.0,USD,Success,2026-01-09,Wire Transfer
TXN-3c150dcc,CUST-385e7d81,SUB-091b5205,49.0,USD,Success,2026-02-09,PayPal
TXN-005421c5,CUST-385e7d81,SUB-091b5205,49.0,USD,Refunded,2026-03-09,PayPal
TXN-d2e37e42,CUST-385e7d81,SUB-091b5205,49.0,USD,Success,2026-04-09,Wire Transfer
TXN-44e652b8,CUST-582f6bdf,SUB-fe9acc50,499.0,USD,Success,2025-10-06,Wire Transfer
TXN-62896735,CUST-582f6bdf,SUB-fe9acc50,499.0,USD,Success,2025-11-06,PayPal
TXN-d02611a4,CUST-582f6bdf,SUB-fe9acc50,499.0,USD,Success,2025-12-06,Credit Card
TXN-d1727d11,CUST-582f6bdf,SUB-fe9acc50,499.0,USD,Success,2026-01-06,Wire Transfer
TXN-b70bd353,CUST-582f6bdf,SUB-fe9acc50,499.0,USD,Success,2026-02-06,Wire Transfer
TXN-967aa410,CUST-582f6bdf,SUB-fe9acc50,499.0,USD,Success,2026-03-06,Credit Card
TXN-e81e4075,CUST-582f6bdf,SUB-fe9acc50,499.0,USD,Success,2026-04-06,PayPal
TXN-9d93ce91,CUST-582f6bdf,SUB-fe9acc50,499.0,USD,Success,2026-05-06,Wire Transfer
TXN-25029354,CUST-7eb4050a,SUB-4255feed,49.0,USD,Refunded,2025-04-19,PayPal
TXN-cc693f6f,CUST-7eb4050a,SUB-4255feed,49.0,USD,Success,2025-05-19,PayPal
TXN-71ea0767,CUST-7eb4050a,SUB-4255feed,49.0,USD,Success,2025-06-19,PayPal
TXN-eddfc231,CUST-7eb4050a,SUB-4255feed,49.0,USD,Success,2025-07-19,Credit Card
TXN-ad777c3b,CUST-7eb4050a,SUB-4255feed,49.0,USD,Success,2025-08-19,PayPal
TXN-f967aeea,CUST-7eb4050a,SUB-4255feed,49.0,USD,Success,2025-09-19,PayPal
TXN-cdcbe640,CUST-240a6442,SUB-3a7d439e,49.0,USD,Success,2024-10-06,Wire Transfer
TXN-f36a2ffb,CUST-240a6442,SUB-3a7d439e,49.0,USD,Failed,2024-11-06,Wire Transfer
TXN-75e65f6e,CUST-87cb156c,SUB-7343734c,499.0,USD,Success,2024-11-24,Credit Card
TXN-81526c17,CUST-87cb156c,SUB-7343734c,499.0,USD,Success,2024-12-24,Credit Card
TXN-97b43f87,CUST-87cb156c,SUB-7343734c,499.0,USD,Failed,2025-01-24,Wire Transfer
TXN-97aafa3e,CUST-87cb156c,SUB-7343734c,499.0,USD,Success,2025-02-24,Wire Transfer
TXN-936fa5ea,CUST-87cb156c,SUB-7343734c,499.0,USD,Failed,2025-03-24,Credit Card
TXN-8f1490c4,CUST-87cb156c,SUB-7343734c,499.0,USD,Success,2025-04-24,PayPal
TXN-622a4843,CUST-87cb156c,SUB-7343734c,499.0,USD,Success,2025-05-24,Credit Card
TXN-e0d8758d,CUST-87cb156c,SUB-7343734c,499.0,USD,Success,2025-06-24,PayPal
TXN-cf664b86,CUST-87cb156c,SUB-7343734c,499.0,USD,Success,2025-07-24,Wire Transfer
TXN-09bb72a7,CUST-87cb156c,SUB-7343734c,499.0,USD,Success,2025-08-24,Wire Transfer
TXN-e282685d,CUST-87cb156c,SUB-7343734c,499.0,USD,Success,2025-09-24,Wire Transfer
TXN-f0637f6c,CUST-87cb156c,SUB-7343734c,499.0,USD,Success,2025-10-24,PayPal
TXN-551bc473,CUST-87cb156c,SUB-7343734c,499.0,USD,Success,2025-11-24,Credit Card
TXN-16a9ed6a,CUST-87cb156c,SUB-7343734c,499.0,USD,Success,2025-12-24,PayPal
TXN-ed9a018b,CUST-87cb156c,SUB-7343734c,499.0,USD,Success,2026-01-24,Credit Card
TXN-3e87aabd,CUST-87cb156c,SUB-7343734c,499.0,USD,Success,2026-02-24,Credit Card
TXN-93f7a838,CUST-87cb156c,SUB-7343734c,499.0,USD,Success,2026-03-24,Credit Card
TXN-d251f441,CUST-87cb156c,SUB-7343734c,499.0,USD,Success,2026-04-24,Wire Transfer
TXN-ddf06701,CUST-cff21ebe,SUB-68f1ff9d,499.0,USD,Success,2026-02-09,Credit Card
TXN-379eb1fd,CUST-cff21ebe,SUB-68f1ff9d,499.0,USD,Success,2026-03-09,Wire Transfer
TXN-34a41250,CUST-cff21ebe,SUB-68f1ff9d,499.0,USD,Success,2026-04-09,Credit Card
TXN-af428092,CUST-182d9c22,SUB-71074379,499.0,USD,Success,2025-12-25,Credit Card
TXN-14a2196e,CUST-182d9c22,SUB-71074379,499.0,USD,Success,2026-01-25,Wire Transfer
TXN-17583ef3,CUST-182d9c22,SUB-71074379,499.0,USD,Success,2026-02-25,Wire Transfer
TXN-b41b57f2,CUST-182d9c22,SUB-71074379,499.0,USD,Success,2026-03-25,PayPal
TXN-5bf76c37,CUST-182d9c22,SUB-71074379,499.0,USD,Success,2026-04-25,Credit Card
TXN-d1c81b2c,CUST-8abeac00,SUB-c2aad2b9,49.0,USD,Success,2024-12-23,Wire Transfer
TXN-05d49b4d,CUST-8abeac00,SUB-c2aad2b9,49.0,USD,Success,2025-01-23,PayPal
TXN-be21ffc9,CUST-8abeac00,SUB-c2aad2b9,49.0,USD,Success,2025-02-23,PayPal
TXN-9bd203d0,CUST-8abeac00,SUB-c2aad2b9,49.0,USD,Success,2025-03-23,Wire Transfer
TXN-9001ac36,CUST-8abeac00,SUB-c2aad2b9,49.0,USD,Failed,2025-04-23,Credit Card
TXN-66fbb200,CUST-8abeac00,SUB-c2aad2b9,49.0,USD,Success,2025-05-23,PayPal
TXN-b39cb031,CUST-8abeac00,SUB-c2aad2b9,49.0,USD,Success,2025-06-23,Credit Card
TXN-5784d196,CUST-8abeac00,SUB-c2aad2b9,49.0,USD,Success,2025-07-23,Credit Card
TXN-0b3a4fd6,CUST-8abeac00,SUB-c2aad2b9,49.0,USD,Success,2025-08-23,PayPal
TXN-4383556f,CUST-8abeac00,SUB-c2aad2b9,49.0,USD,Success,2025-09-23,Wire Transfer
TXN-ef965dbc,CUST-8abeac00,SUB-c2aad2b9,49.0,USD,Failed,2025-10-23,Credit Card
TXN-1df4ea12,CUST-8abeac00,SUB-c2aad2b9,49.0,USD,Success,2025-11-23,Wire Transfer
TXN-ef38dd9a,CUST-8abeac00,SUB-c2aad2b9,49.0,USD,Success,2025-12-23,PayPal
TXN-18d2ab90,CUST-8abeac00,SUB-c2aad2b9,49.0,USD,Success,2026-01-23,Credit Card
TXN-494e635c,CUST-8abeac00,SUB-c2aad2b9,49.0,USD,Success,2026-02-23,Wire Transfer
TXN-ee352030,CUST-8abeac00,SUB-c2aad2b9,49.0,USD,Success,2026-03-23,Wire Transfer
TXN-f544fae1,CUST-8abeac00,SUB-c2aad2b9,49.0,USD,Success,2026-04-23,Credit Card
TXN-d65752e2,CUST-bcc19cc2,SUB-7a48381f,499.0,USD,Success,2025-10-29,Wire Transfer
TXN-f302fe9c,CUST-bcc19cc2,SUB-7a48381f,499.0,USD,Success,2025-11-29,Wire Transfer
TXN-d459a9e7,CUST-bcc19cc2,SUB-7a48381f,499.0,USD,Failed,2025-12-29,PayPal
TXN-410519db,CUST-bcc19cc2,SUB-7a48381f,499.0,USD,Success,2026-01-29,PayPal
TXN-137fa07d,CUST-bcc19cc2,SUB-7a48381f,499.0,USD,Success,2026-02-28,Wire Transfer
TXN-90bfe2a7,CUST-bcc19cc2,SUB-7a48381f,499.0,USD,Success,2026-03-28,Wire Transfer
TXN-6e6645a8,CUST-bcc19cc2,SUB-7a48381f,499.0,USD,Success,2026-04-28,Credit Card
TXN-cbabeade,CUST-68d993cc,SUB-4a6cdf52,49.0,USD,Success,2024-07-29,PayPal
TXN-a44d86b9,CUST-68d993cc,SUB-4a6cdf52,49.0,USD,Success,2024-08-29,Credit Card
TXN-eceb5fe5,CUST-68d993cc,SUB-4a6cdf52,49.0,USD,Success,2024-09-29,Wire Transfer
TXN-09b5947a,CUST-c281774e,SUB-e1c25eb8,49.0,USD,Success,2025-04-05,Credit Card
TXN-82393f4b,CUST-c281774e,SUB-e1c25eb8,49.0,USD,Success,2025-05-05,Wire Transfer
TXN-743e54d6,CUST-c281774e,SUB-e1c25eb8,49.0,USD,Success,2025-06-05,PayPal
TXN-480483c4,CUST-c281774e,SUB-e1c25eb8,49.0,USD,Success,2025-07-05,PayPal
TXN-9866fdeb,CUST-c281774e,SUB-e1c25eb8,49.0,USD,Success,2025-08-05,Wire Transfer
TXN-cf354b6a,CUST-c281774e,SUB-e1c25eb8,49.0,USD,Success,2025-09-05,PayPal
TXN-1fc36306,CUST-c281774e,SUB-e1c25eb8,49.0,USD,Success,2025-10-05,Wire Transfer
TXN-45e8e856,CUST-c281774e,SUB-e1c25eb8,49.0,USD,Success,2025-11-05,Credit Card
TXN-bfb17aab,CUST-c281774e,SUB-e1c25eb8,49.0,USD,Success,2025-12-05,Wire Transfer
TXN-b8c5c8e4,CUST-c281774e,SUB-e1c25eb8,49.0,USD,Success,2026-01-05,Credit Card
TXN-08237b07,CUST-c281774e,SUB-e1c25eb8,49.0,USD,Success,2026-02-05,Wire Transfer
TXN-7dd516f9,CUST-c281774e,SUB-e1c25eb8,49.0,USD,Refunded,2026-03-05,PayPal
TXN-faf98aaa,CUST-c281774e,SUB-e1c25eb8,49.0,USD,Success,2026-04-05,Wire Transfer
TXN-042205a5,CUST-c281774e,SUB-e1c25eb8,49.0,USD,Success,2026-05-05,Wire Transfer
TXN-ccad7cb3,CUST-500b0bac,SUB-0c0e246f,199.0,USD,Success,2024-12-28,Wire Transfer
TXN-43b9a492,CUST-500b0bac,SUB-0c0e246f,199.0,USD,Success,2025-01-28,PayPal
TXN-5baa9b99,CUST-500b0bac,SUB-0c0e246f,199.0,USD,Success,2025-02-28,Wire Transfer
TXN-556e98be,CUST-500b0bac,SUB-0c0e246f,199.0,USD,Success,2025-03-28,PayPal
TXN-0af0f99a,CUST-500b0bac,SUB-0c0e246f,199.0,USD,Success,2025-04-28,Wire Transfer
TXN-0b51b3ea,CUST-500b0bac,SUB-0c0e246f,199.0,USD,Success,2025-05-28,Credit Card
TXN-2914f203,CUST-500b0bac,SUB-0c0e246f,199.0,USD,Failed,2025-06-28,Wire Transfer
TXN-30f39c64,CUST-500b0bac,SUB-0c0e246f,199.0,USD,Success,2025-07-28,Credit Card
TXN-1a75e306,CUST-500b0bac,SUB-0c0e246f,199.0,USD,Success,2025-08-28,PayPal
TXN-7fd060e2,CUST-500b0bac,SUB-0c0e246f,199.0,USD,Success,2025-09-28,PayPal
TXN-498d33cc,CUST-500b0bac,SUB-0c0e246f,199.0,USD,Success,2025-10-28,Wire Transfer
TXN-26ff6b4b,CUST-500b0bac,SUB-0c0e246f,199.0,USD,Success,2025-11-28,PayPal
TXN-2068527a,CUST-500b0bac,SUB-0c0e246f,199.0,USD,Success,2025-12-28,Wire Transfer
TXN-fbf83fa3,CUST-500b0bac,SUB-0c0e246f,199.0,USD,Success,2026-01-28,PayPal
TXN-f10e79c1,CUST-500b0bac,SUB-0c0e246f,199.0,USD,Success,2026-02-28,Credit Card
TXN-f8e52185,CUST-500b0bac,SUB-0c0e246f,199.0,USD,Success,2026-03-28,PayPal
TXN-f00b8632,CUST-500b0bac,SUB-0c0e246f,199.0,USD,Success,2026-04-28,Credit Card
TXN-711dc05c,CUST-9323dba5,SUB-39d1a274,49.0,USD,Success,2026-04-02,Wire Transfer
TXN-9a24f249,CUST-9323dba5,SUB-39d1a274,49.0,USD,Refunded,2026-05-02,Wire Transfer
TXN-3d7574a3,CUST-6f07f367,SUB-ee959242,49.0,USD,Success,2025-07-08,Wire Transfer
TXN-53a2c531,CUST-6f07f367,SUB-ee959242,49.0,USD,Success,2025-08-08,Credit Card
TXN-0d91fd92,CUST-6f07f367,SUB-ee959242,49.0,USD,Success,2025-09-08,Wire Transfer
TXN-43bb75c4,CUST-6f07f367,SUB-ee959242,49.0,USD,Success,2025-10-08,Wire Transfer
TXN-c3b5ea10,CUST-6f07f367,SUB-ee959242,49.0,USD,Success,2025-11-08,Credit Card
TXN-cd09e900,CUST-bbaa7784,SUB-674622ab,199.0,USD,Success,2025-10-23,PayPal
TXN-333dbe07,CUST-bbaa7784,SUB-674622ab,199.0,USD,Success,2025-11-23,Wire Transfer
TXN-ac302476,CUST-bbaa7784,SUB-674622ab,199.0,USD,Success,2025-12-23,PayPal
TXN-c2dc7477,CUST-bbaa7784,SUB-674622ab,199.0,USD,Success,2026-01-23,PayPal
TXN-5f53f915,CUST-bbaa7784,SUB-674622ab,199.0,USD,Success,2026-02-23,Wire Transfer
TXN-2273d3e7,CUST-bbaa7784,SUB-674622ab,199.0,USD,Success,2026-03-23,Wire Transfer
TXN-bae76099,CUST-bbaa7784,SUB-674622ab,199.0,USD,Success,2026-04-23,Credit Card
TXN-0711d8de,CUST-8a5445f6,SUB-d7da5f61,49.0,USD,Success,2025-01-11,Credit Card
TXN-c2658889,CUST-8a5445f6,SUB-d7da5f61,49.0,USD,Success,2025-02-11,Wire Transfer
TXN-79587cfb,CUST-8a5445f6,SUB-d7da5f61,49.0,USD,Success,2025-03-11,PayPal
TXN-595af1ea,CUST-8a5445f6,SUB-d7da5f61,49.0,USD,Success,2025-04-11,Credit Card
TXN-d0da03eb,CUST-8a5445f6,SUB-d7da5f61,49.0,USD,Success,2025-05-11,Credit Card
TXN-98ec777b,CUST-8a5445f6,SUB-d7da5f61,49.0,USD,Success,2025-06-11,Wire Transfer
TXN-65be9022,CUST-8a5445f6,SUB-d7da5f61,49.0,USD,Success,2025-07-11,Wire Transfer
TXN-696a20b5,CUST-8a5445f6,SUB-d7da5f61,49.0,USD,Success,2025-08-11,Wire Transfer
TXN-a6e4cbaa,CUST-8a5445f6,SUB-d7da5f61,49.0,USD,Success,2025-09-11,Wire Transfer
TXN-de7ae5bb,CUST-8a5445f6,SUB-d7da5f61,49.0,USD,Success,2025-10-11,Credit Card
TXN-a7e90873,CUST-8a5445f6,SUB-d7da5f61,49.0,USD,Success,2025-11-11,Credit Card
TXN-83dc5273,CUST-8a5445f6,SUB-d7da5f61,49.0,USD,Success,2025-12-11,Credit Card
TXN-16b6c541,CUST-8a5445f6,SUB-d7da5f61,49.0,USD,Success,2026-01-11,PayPal
TXN-300c8170,CUST-8a5445f6,SUB-d7da5f61,49.0,USD,Success,2026-02-11,Credit Card
TXN-064411a8,CUST-8a5445f6,SUB-d7da5f61,49.0,USD,Success,2026-03-11,Credit Card
TXN-9169a46c,CUST-8a5445f6,SUB-d7da5f61,49.0,USD,Success,2026-04-11,Wire Transfer
TXN-ab895baa,CUST-b350e82d,SUB-67b807a2,49.0,USD,Success,2024-07-19,Credit Card
TXN-825a5b45,CUST-b350e82d,SUB-67b807a2,49.0,USD,Success,2024-08-19,Credit Card
TXN-8f30f027,CUST-b350e82d,SUB-67b807a2,49.0,USD,Success,2024-09-19,Credit Card
TXN-70a83273,CUST-b350e82d,SUB-67b807a2,49.0,USD,Success,2024-10-19,Wire Transfer
TXN-8092d53c,CUST-b350e82d,SUB-67b807a2,49.0,USD,Success,2024-11-19,Credit Card
TXN-de0fe764,CUST-b350e82d,SUB-67b807a2,49.0,USD,Success,2024-12-19,Credit Card
TXN-ad7ce3e0,CUST-b350e82d,SUB-67b807a2,49.0,USD,Success,2025-01-19,PayPal
TXN-d8d4194d,CUST-b350e82d,SUB-67b807a2,49.0,USD,Success,2025-02-19,PayPal
TXN-ae54069b,CUST-b350e82d,SUB-67b807a2,49.0,USD,Success,2025-03-19,PayPal
TXN-1b9339af,CUST-b350e82d,SUB-67b807a2,49.0,USD,Success,2025-04-19,PayPal
TXN-71f4bd9f,CUST-b350e82d,SUB-67b807a2,49.0,USD,Success,2025-05-19,Wire Transfer
TXN-a97008b7,CUST-b350e82d,SUB-67b807a2,49.0,USD,Success,2025-06-19,PayPal
TXN-7ba1e03f,CUST-b350e82d,SUB-67b807a2,49.0,USD,Success,2025-07-19,Credit Card
TXN-749d1a99,CUST-b350e82d,SUB-67b807a2,49.0,USD,Success,2025-08-19,PayPal
TXN-231af427,CUST-b350e82d,SUB-67b807a2,49.0,USD,Success,2025-09-19,Wire Transfer
TXN-f56b3249,CUST-b350e82d,SUB-67b807a2,49.0,USD,Success,2025-10-19,PayPal
TXN-005de466,CUST-b350e82d,SUB-67b807a2,49.0,USD,Success,2025-11-19,PayPal
TXN-4677cc6b,CUST-b350e82d,SUB-67b807a2,49.0,USD,Failed,2025-12-19,Wire Transfer
TXN-60e6e19b,CUST-b350e82d,SUB-67b807a2,49.0,USD,Success,2026-01-19,Wire Transfer
TXN-e53401af,CUST-b350e82d,SUB-67b807a2,49.0,USD,Success,2026-02-19,Wire Transfer
TXN-738e77ab,CUST-b350e82d,SUB-67b807a2,49.0,USD,Success,2026-03-19,Wire Transfer
TXN-fcff8fc5,CUST-b350e82d,SUB-67b807a2,49.0,USD,Success,2026-04-19,Wire Transfer
TXN-cacea593,CUST-5573043b,SUB-da9a2c71,49.0,USD,Success,2025-12-24,Wire Transfer
TXN-3329a415,CUST-5573043b,SUB-da9a2c71,49.0,USD,Success,2026-01-24,Credit Card
TXN-df9541a5,CUST-5573043b,SUB-da9a2c71,49.0,USD,Success,2026-02-24,PayPal
TXN-7d2f7238,CUST-5573043b,SUB-da9a2c71,49.0,USD,Success,2026-03-24,PayPal
TXN-2c07b145,CUST-5573043b,SUB-da9a2c71,49.0,USD,Success,2026-04-24,Wire Transfer
TXN-d18fe4f5,CUST-5ccbea2d,SUB-69c94e6f,199.0,USD,Success,2026-03-18,Wire Transfer
TXN-2cff11aa,CUST-5ccbea2d,SUB-69c94e6f,199.0,USD,Success,2026-04-18,Credit Card
TXN-a3c6a29c,CUST-877dbd7e,SUB-8e41e595,199.0,USD,Success,2025-12-06,Credit Card
TXN-361da8ab,CUST-877dbd7e,SUB-8e41e595,199.0,USD,Success,2026-01-06,Wire Transfer
TXN-36ec9f9c,CUST-877dbd7e,SUB-8e41e595,199.0,USD,Success,2026-02-06,Credit Card
TXN-b7c36937,CUST-877dbd7e,SUB-8e41e595,199.0,USD,Success,2026-03-06,Credit Card
TXN-44bf052c,CUST-877dbd7e,SUB-8e41e595,199.0,USD,Success,2026-04-06,Wire Transfer
TXN-89a0e608,CUST-877dbd7e,SUB-8e41e595,199.0,USD,Success,2026-05-06,Wire Transfer
TXN-af2f1a5d,CUST-5e7b0284,SUB-0f96ec47,499.0,USD,Success,2024-09-29,Wire Transfer
TXN-e5eef7b3,CUST-5e7b0284,SUB-0f96ec47,499.0,USD,Success,2024-10-29,Wire Transfer
TXN-79b1fcef,CUST-5e7b0284,SUB-0f96ec47,499.0,USD,Success,2024-11-29,PayPal
TXN-7996f785,CUST-5e7b0284,SUB-0f96ec47,499.0,USD,Success,2024-12-29,PayPal
TXN-01bcb5a2,CUST-5e7b0284,SUB-0f96ec47,499.0,USD,Success,2025-01-29,Wire Transfer
TXN-fdcb1426,CUST-5e7b0284,SUB-0f96ec47,499.0,USD,Success,2025-02-28,Credit Card
TXN-4d1ad36f,CUST-5e7b0284,SUB-0f96ec47,499.0,USD,Failed,2025-03-28,Wire Transfer
TXN-c4f17139,CUST-5e7b0284,SUB-0f96ec47,499.0,USD,Success,2025-04-28,PayPal
TXN-8a7f8b01,CUST-5e7b0284,SUB-0f96ec47,499.0,USD,Success,2025-05-28,Credit Card
TXN-cd2cef4f,CUST-5e7b0284,SUB-0f96ec47,499.0,USD,Success,2025-06-28,PayPal
TXN-92319c48,CUST-5e7b0284,SUB-0f96ec47,499.0,USD,Success,2025-07-28,Wire Transfer
TXN-a9c77bba,CUST-5e7b0284,SUB-0f96ec47,499.0,USD,Refunded,2025-08-28,PayPal
TXN-e864e685,CUST-5e7b0284,SUB-0f96ec47,499.0,USD,Success,2025-09-28,PayPal
TXN-54b4194a,CUST-5e7b0284,SUB-0f96ec47,499.0,USD,Success,2025-10-28,PayPal
TXN-f6789b9e,CUST-5e7b0284,SUB-0f96ec47,499.0,USD,Success,2025-11-28,Credit Card
TXN-c23c3384,CUST-5e7b0284,SUB-0f96ec47,499.0,USD,Success,2025-12-28,PayPal
TXN-b4ecbc41,CUST-5e7b0284,SUB-0f96ec47,499.0,USD,Success,2026-01-28,Credit Card
TXN-7ad5f224,CUST-5e7b0284,SUB-0f96ec47,499.0,USD,Success,2026-02-28,Wire Transfer
TXN-5c67a0aa,CUST-5e7b0284,SUB-0f96ec47,499.0,USD,Success,2026-03-28,Wire Transfer
TXN-52a08248,CUST-5e7b0284,SUB-0f96ec47,499.0,USD,Success,2026-04-28,PayPal
TXN-bc5d75bd,CUST-310ea604,SUB-08e7cc1e,499.0,USD,Success,2024-06-22,Credit Card
TXN-7e453c09,CUST-310ea604,SUB-08e7cc1e,499.0,USD,Success,2024-07-22,Wire Transfer
TXN-8f8a2ce6,CUST-310ea604,SUB-08e7cc1e,499.0,USD,Success,2024-08-22,Credit Card
TXN-f7af4743,CUST-310ea604,SUB-08e7cc1e,499.0,USD,Success,2024-09-22,Credit Card
TXN-b39b105c,CUST-310ea604,SUB-08e7cc1e,499.0,USD,Success,2024-10-22,PayPal
TXN-1f53ba1f,CUST-310ea604,SUB-08e7cc1e,499.0,USD,Success,2024-11-22,PayPal
TXN-744e1b0d,CUST-9a3ccdd5,SUB-4810579b,199.0,USD,Refunded,2025-09-06,Credit Card
TXN-ad8944d2,CUST-9a3ccdd5,SUB-4810579b,199.0,USD,Success,2025-10-06,Credit Card
TXN-7344ea8c,CUST-9a3ccdd5,SUB-4810579b,199.0,USD,Success,2025-11-06,PayPal
TXN-4b0492fe,CUST-9a3ccdd5,SUB-4810579b,199.0,USD,Success,2025-12-06,Credit Card
TXN-330233e5,CUST-9a3ccdd5,SUB-4810579b,199.0,USD,Success,2026-01-06,PayPal
TXN-5ff83507,CUST-9a3ccdd5,SUB-4810579b,199.0,USD,Success,2026-02-06,Credit Card
TXN-50f37555,CUST-9a3ccdd5,SUB-4810579b,199.0,USD,Success,2026-03-06,PayPal
TXN-d551a2cb,CUST-9a3ccdd5,SUB-4810579b,199.0,USD,Success,2026-04-06,Credit Card
TXN-0cab297c,CUST-9a3ccdd5,SUB-4810579b,199.0,USD,Success,2026-05-06,PayPal
TXN-4f4c6074,CUST-69d8dd48,SUB-a2450bd9,499.0,USD,Success,2024-08-02,Credit Card
TXN-3b65aa03,CUST-69d8dd48,SUB-a2450bd9,499.0,USD,Success,2024-09-02,Wire Transfer
TXN-50accd5b,CUST-69d8dd48,SUB-a2450bd9,499.0,USD,Success,2024-10-02,Wire Transfer
TXN-7e507816,CUST-69d8dd48,SUB-a2450bd9,499.0,USD,Success,2024-11-02,Credit Card
TXN-aa928d4d,CUST-69d8dd48,SUB-a2450bd9,499.0,USD,Success,2024-12-02,Wire Transfer
TXN-73a1df9e,CUST-69d8dd48,SUB-a2450bd9,499.0,USD,Failed,2025-01-02,Credit Card
TXN-f05f7f44,CUST-69d8dd48,SUB-a2450bd9,499.0,USD,Success,2025-02-02,Credit Card
TXN-0f34a1e4,CUST-69d8dd48,SUB-a2450bd9,499.0,USD,Success,2025-03-02,Wire Transfer
TXN-4711a9cb,CUST-69d8dd48,SUB-a2450bd9,499.0,USD,Success,2025-04-02,Credit Card
TXN-555ac9b2,CUST-69d8dd48,SUB-a2450bd9,499.0,USD,Success,2025-05-02,PayPal
TXN-a15666cd,CUST-69d8dd48,SUB-a2450bd9,499.0,USD,Failed,2025-06-02,Credit Card
TXN-10c7515c,CUST-69d8dd48,SUB-a2450bd9,499.0,USD,Success,2025-07-02,Credit Card
TXN-ec293df5,CUST-69d8dd48,SUB-a2450bd9,499.0,USD,Success,2025-08-02,Wire Transfer
TXN-4cd77204,CUST-69d8dd48,SUB-a2450bd9,499.0,USD,Success,2025-09-02,PayPal
TXN-83ec2681,CUST-69d8dd48,SUB-a2450bd9,499.0,USD,Success,2025-10-02,Credit Card
TXN-a0d902fb,CUST-69d8dd48,SUB-a2450bd9,499.0,USD,Success,2025-11-02,Credit Card
TXN-cd865ed4,CUST-69d8dd48,SUB-a2450bd9,499.0,USD,Success,2025-12-02,Credit Card
TXN-dec3ef26,CUST-69d8dd48,SUB-a2450bd9,499.0,USD,Failed,2026-01-02,Credit Card
TXN-bfef391b,CUST-69d8dd48,SUB-a2450bd9,499.0,USD,Success,2026-02-02,Credit Card
TXN-6e4ee380,CUST-69d8dd48,SUB-a2450bd9,499.0,USD,Success,2026-03-02,Credit Card
TXN-02fe9c15,CUST-69d8dd48,SUB-a2450bd9,499.0,USD,Refunded,2026-04-02,PayPal
TXN-16b795a2,CUST-69d8dd48,SUB-a2450bd9,499.0,USD,Success,2026-05-02,PayPal
TXN-e5d329fd,CUST-a1a294f4,SUB-ce4dafd5,49.0,USD,Success,2024-05-26,Credit Card
TXN-287790a4,CUST-a1a294f4,SUB-ce4dafd5,49.0,USD,Success,2024-06-26,Credit Card
TXN-f9cf8d0c,CUST-a1a294f4,SUB-ce4dafd5,49.0,USD,Success,2024-07-26,Wire Transfer
TXN-b7241305,CUST-a1a294f4,SUB-ce4dafd5,49.0,USD,Success,2024-08-26,PayPal
TXN-b9b31b83,CUST-a1a294f4,SUB-ce4dafd5,49.0,USD,Success,2024-09-26,PayPal
TXN-a01634c1,CUST-a1a294f4,SUB-ce4dafd5,49.0,USD,Success,2024-10-26,Credit Card
TXN-3e9102ba,CUST-a1a294f4,SUB-ce4dafd5,49.0,USD,Success,2024-11-26,PayPal
TXN-237ae955,CUST-a1a294f4,SUB-ce4dafd5,49.0,USD,Failed,2024-12-26,PayPal
TXN-38c69d3f,CUST-a1a294f4,SUB-ce4dafd5,49.0,USD,Success,2025-01-26,Wire Transfer
TXN-79d31da6,CUST-a1a294f4,SUB-ce4dafd5,49.0,USD,Success,2025-02-26,Wire Transfer
TXN-b2b9aa27,CUST-a1a294f4,SUB-ce4dafd5,49.0,USD,Success,2025-03-26,PayPal
TXN-9f166264,CUST-a1a294f4,SUB-ce4dafd5,49.0,USD,Success,2025-04-26,PayPal
TXN-435eec16,CUST-a1a294f4,SUB-ce4dafd5,49.0,USD,Success,2025-05-26,PayPal
TXN-c010d3c9,CUST-a1a294f4,SUB-ce4dafd5,49.0,USD,Success,2025-06-26,Credit Card
TXN-a0966abd,CUST-a1a294f4,SUB-ce4dafd5,49.0,USD,Success,2025-07-26,Wire Transfer
TXN-57d22f51,CUST-a1a294f4,SUB-ce4dafd5,49.0,USD,Failed,2025-08-26,Credit Card
TXN-40326cbe,CUST-a1a294f4,SUB-ce4dafd5,49.0,USD,Success,2025-09-26,Wire Transfer
TXN-db28840b,CUST-a1a294f4,SUB-ce4dafd5,49.0,USD,Success,2025-10-26,Wire Transfer
TXN-27eb341c,CUST-a1a294f4,SUB-ce4dafd5,49.0,USD,Success,2025-11-26,Wire Transfer
TXN-e809f0ea,CUST-a1a294f4,SUB-ce4dafd5,49.0,USD,Success,2025-12-26,PayPal
TXN-8c5f1d2f,CUST-a1a294f4,SUB-ce4dafd5,49.0,USD,Success,2026-01-26,Wire Transfer
TXN-9fb5ad18,CUST-a1a294f4,SUB-ce4dafd5,49.0,USD,Success,2026-02-26,Credit Card
TXN-4f377993,CUST-a1a294f4,SUB-ce4dafd5,49.0,USD,Success,2026-03-26,Wire Transfer
TXN-d90f37b5,CUST-a1a294f4,SUB-ce4dafd5,49.0,USD,Success,2026-04-26,Credit Card
TXN-2a652311,CUST-7bd86f61,SUB-e661bf4b,49.0,USD,Success,2025-02-24,Wire Transfer
TXN-1ed4d158,CUST-7bd86f61,SUB-e661bf4b,49.0,USD,Success,2025-03-24,Wire Transfer
TXN-0acdba20,CUST-7bd86f61,SUB-e661bf4b,49.0,USD,Failed,2025-04-24,PayPal
TXN-6e901031,CUST-7bd86f61,SUB-e661bf4b,49.0,USD,Success,2025-05-24,Credit Card
TXN-7be9a256,CUST-7bd86f61,SUB-e661bf4b,49.0,USD,Failed,2025-06-24,Wire Transfer
TXN-2831bcac,CUST-7bd86f61,SUB-e661bf4b,49.0,USD,Success,2025-07-24,Wire Transfer
TXN-f9f59e78,CUST-7bd86f61,SUB-e661bf4b,49.0,USD,Success,2025-08-24,Credit Card
TXN-20a38d84,CUST-7bd86f61,SUB-e661bf4b,49.0,USD,Success,2025-09-24,Wire Transfer
TXN-60e9beec,CUST-7bd86f61,SUB-e661bf4b,49.0,USD,Success,2025-10-24,PayPal
TXN-4b087053,CUST-7bd86f61,SUB-e661bf4b,49.0,USD,Success,2025-11-24,Credit Card
TXN-b9240c8c,CUST-7bd86f61,SUB-e661bf4b,49.0,USD,Success,2025-12-24,PayPal
TXN-02f06460,CUST-7bd86f61,SUB-e661bf4b,49.0,USD,Success,2026-01-24,Credit Card
TXN-d504ef66,CUST-7bd86f61,SUB-e661bf4b,49.0,USD,Success,2026-02-24,Credit Card
TXN-9b65f02e,CUST-7bd86f61,SUB-e661bf4b,49.0,USD,Failed,2026-03-24,Credit Card
TXN-96dea53c,CUST-7bd86f61,SUB-e661bf4b,49.0,USD,Success,2026-04-24,Wire Transfer
TXN-0c4e58dc,CUST-0f5b6e7e,SUB-bc06258b,499.0,USD,Success,2024-09-02,Credit Card
TXN-61c4bc13,CUST-0f5b6e7e,SUB-bc06258b,499.0,USD,Success,2024-10-02,Credit Card
TXN-4ac8ca28,CUST-0f5b6e7e,SUB-bc06258b,499.0,USD,Success,2024-11-02,Credit Card
TXN-b3d6bfcf,CUST-0f5b6e7e,SUB-bc06258b,499.0,USD,Success,2024-12-02,PayPal
TXN-f2dca916,CUST-0f5b6e7e,SUB-bc06258b,499.0,USD,Success,2025-01-02,Credit Card
TXN-2a92695d,CUST-0f5b6e7e,SUB-bc06258b,499.0,USD,Success,2025-02-02,Wire Transfer
TXN-1ffeeb7c,CUST-0f5b6e7e,SUB-bc06258b,499.0,USD,Success,2025-03-02,Credit Card
TXN-7eb8c86a,CUST-0f5b6e7e,SUB-bc06258b,499.0,USD,Success,2025-04-02,Credit Card
TXN-e019d381,CUST-0f5b6e7e,SUB-bc06258b,499.0,USD,Success,2025-05-02,PayPal
TXN-a5df5dd0,CUST-0f5b6e7e,SUB-bc06258b,499.0,USD,Success,2025-06-02,Wire Transfer
TXN-00cf32d7,CUST-0f5b6e7e,SUB-bc06258b,499.0,USD,Success,2025-07-02,Wire Transfer
TXN-836fd433,CUST-0f5b6e7e,SUB-bc06258b,499.0,USD,Success,2025-08-02,Wire Transfer
TXN-f81b83b6,CUST-0f5b6e7e,SUB-bc06258b,499.0,USD,Success,2025-09-02,Credit Card
TXN-5cc2ee7b,CUST-0f5b6e7e,SUB-bc06258b,499.0,USD,Success,2025-10-02,Credit Card
TXN-ae39c4da,CUST-0f5b6e7e,SUB-bc06258b,499.0,USD,Success,2025-11-02,Wire Transfer
TXN-b30011b5,CUST-0f5b6e7e,SUB-bc06258b,499.0,USD,Success,2025-12-02,Wire Transfer
TXN-824f6a98,CUST-0f5b6e7e,SUB-bc06258b,499.0,USD,Success,2026-01-02,PayPal
TXN-68f12142,CUST-0f5b6e7e,SUB-bc06258b,499.0,USD,Success,2026-02-02,Wire Transfer
TXN-8a3bf340,CUST-0f5b6e7e,SUB-bc06258b,499.0,USD,Success,2026-03-02,Credit Card
TXN-c61c89f8,CUST-0f5b6e7e,SUB-bc06258b,499.0,USD,Success,2026-04-02,Credit Card
TXN-bf36e360,CUST-0f5b6e7e,SUB-bc06258b,499.0,USD,Success,2026-05-02,Credit Card
TXN-4c34de6d,CUST-9dc2ef69,SUB-87aa7068,49.0,USD,Success,2024-07-04,PayPal
TXN-4a1fd525,CUST-9dc2ef69,SUB-87aa7068,49.0,USD,Success,2024-08-04,Wire Transfer
TXN-06b1513e,CUST-9dc2ef69,SUB-87aa7068,49.0,USD,Success,2024-09-04,Credit Card
TXN-dc7cdf93,CUST-9dc2ef69,SUB-87aa7068,49.0,USD,Success,2024-10-04,PayPal
TXN-c69a13b9,CUST-9dc2ef69,SUB-87aa7068,49.0,USD,Success,2024-11-04,PayPal
TXN-11b0229a,CUST-9dc2ef69,SUB-87aa7068,49.0,USD,Success,2024-12-04,Credit Card
TXN-e875540e,CUST-9dc2ef69,SUB-87aa7068,49.0,USD,Success,2025-01-04,PayPal
TXN-d650c6a6,CUST-9dc2ef69,SUB-87aa7068,49.0,USD,Success,2025-02-04,PayPal
TXN-67a86049,CUST-9dc2ef69,SUB-87aa7068,49.0,USD,Success,2025-03-04,Credit Card
TXN-72d26a5a,CUST-9dc2ef69,SUB-87aa7068,49.0,USD,Success,2025-04-04,PayPal
TXN-44682495,CUST-9dc2ef69,SUB-87aa7068,49.0,USD,Failed,2025-05-04,Credit Card
TXN-556e442d,CUST-9dc2ef69,SUB-87aa7068,49.0,USD,Success,2025-06-04,Credit Card
TXN-4413bab0,CUST-9dc2ef69,SUB-87aa7068,49.0,USD,Success,2025-07-04,PayPal
TXN-628b33bf,CUST-9dc2ef69,SUB-87aa7068,49.0,USD,Success,2025-08-04,Credit Card
TXN-d98483b7,CUST-9dc2ef69,SUB-87aa7068,49.0,USD,Success,2025-09-04,Credit Card
TXN-c2c1343f,CUST-9dc2ef69,SUB-87aa7068,49.0,USD,Success,2025-10-04,Wire Transfer
TXN-b6d1283f,CUST-9dc2ef69,SUB-87aa7068,49.0,USD,Success,2025-11-04,Credit Card
TXN-557b69df,CUST-9dc2ef69,SUB-87aa7068,49.0,USD,Success,2025-12-04,Wire Transfer
TXN-e79d3d67,CUST-9dc2ef69,SUB-87aa7068,49.0,USD,Success,2026-01-04,Wire Transfer
TXN-e8e0e726,CUST-9dc2ef69,SUB-87aa7068,49.0,USD,Success,2026-02-04,Wire Transfer
TXN-ebd7bc0d,CUST-9dc2ef69,SUB-87aa7068,49.0,USD,Success,2026-03-04,Wire Transfer
TXN-8c21d003,CUST-9dc2ef69,SUB-87aa7068,49.0,USD,Success,2026-04-04,PayPal
TXN-d97ec7fc,CUST-9dc2ef69,SUB-87aa7068,49.0,USD,Success,2026-05-04,PayPal
TXN-7978c74b,CUST-c8614e6b,SUB-a95f5f58,1999.0,USD,Failed,2024-06-28,Credit Card
TXN-3837bab0,CUST-c8614e6b,SUB-a95f5f58,1999.0,USD,Success,2024-07-28,Credit Card
TXN-3f8e9657,CUST-c8614e6b,SUB-a95f5f58,1999.0,USD,Success,2024-08-28,Credit Card
TXN-bb7bdd7b,CUST-c8614e6b,SUB-a95f5f58,1999.0,USD,Success,2024-09-28,PayPal
TXN-f0ec096e,CUST-c8614e6b,SUB-a95f5f58,1999.0,USD,Success,2024-10-28,Wire Transfer
TXN-8b1f9341,CUST-c8614e6b,SUB-a95f5f58,1999.0,USD,Success,2024-11-28,PayPal
TXN-206e3d2e,CUST-c8614e6b,SUB-a95f5f58,1999.0,USD,Success,2024-12-28,PayPal
TXN-9e973f7b,CUST-c8614e6b,SUB-a95f5f58,1999.0,USD,Success,2025-01-28,Credit Card
TXN-fd849ef8,CUST-c8614e6b,SUB-a95f5f58,1999.0,USD,Success,2025-02-28,Credit Card
TXN-371446f9,CUST-c8614e6b,SUB-a95f5f58,1999.0,USD,Success,2025-03-28,Credit Card
TXN-b34e1029,CUST-c8614e6b,SUB-a95f5f58,1999.0,USD,Success,2025-04-28,Wire Transfer
TXN-41428472,CUST-c8614e6b,SUB-a95f5f58,1999.0,USD,Success,2025-05-28,Wire Transfer
TXN-25d46e96,CUST-c8614e6b,SUB-a95f5f58,1999.0,USD,Success,2025-06-28,PayPal
TXN-5d8ae364,CUST-c8614e6b,SUB-a95f5f58,1999.0,USD,Success,2025-07-28,Wire Transfer
TXN-d631b8d8,CUST-c8614e6b,SUB-a95f5f58,1999.0,USD,Success,2025-08-28,Credit Card
TXN-962015c9,CUST-c8614e6b,SUB-a95f5f58,1999.0,USD,Success,2025-09-28,Wire Transfer
TXN-70620222,CUST-c8614e6b,SUB-a95f5f58,1999.0,USD,Success,2025-10-28,Wire Transfer
TXN-57716ad9,CUST-c8614e6b,SUB-a95f5f58,1999.0,USD,Success,2025-11-28,Wire Transfer
TXN-dd135bbf,CUST-c8614e6b,SUB-a95f5f58,1999.0,USD,Success,2025-12-28,Wire Transfer
TXN-2bf9090a,CUST-c8614e6b,SUB-a95f5f58,1999.0,USD,Success,2026-01-28,Credit Card
TXN-05e9ca4d,CUST-c8614e6b,SUB-a95f5f58,1999.0,USD,Success,2026-02-28,Credit Card
TXN-9be274db,CUST-c8614e6b,SUB-a95f5f58,1999.0,USD,Success,2026-03-28,PayPal
TXN-75751532,CUST-c8614e6b,SUB-a95f5f58,1999.0,USD,Success,2026-04-28,PayPal
TXN-fd362cfb,CUST-b749b67a,SUB-e5ca6d59,199.0,USD,Success,2026-04-03,PayPal
TXN-5c9fc19a,CUST-44524bcb,SUB-0212423e,499.0,USD,Success,2025-03-31,Wire Transfer
TXN-24cb5aff,CUST-44524bcb,SUB-0212423e,499.0,USD,Success,2025-04-30,Wire Transfer
TXN-f9891840,CUST-44524bcb,SUB-0212423e,499.0,USD,Success,2025-05-30,Credit Card
TXN-433bb8ad,CUST-44524bcb,SUB-0212423e,499.0,USD,Success,2025-06-30,PayPal
TXN-e959b026,CUST-44524bcb,SUB-0212423e,499.0,USD,Success,2025-07-30,Credit Card
TXN-c59459df,CUST-44524bcb,SUB-0212423e,499.0,USD,Success,2025-08-30,PayPal
TXN-3a9af085,CUST-44524bcb,SUB-0212423e,499.0,USD,Success,2025-09-30,PayPal
TXN-44234a25,CUST-44524bcb,SUB-0212423e,499.0,USD,Success,2025-10-30,PayPal
TXN-4a100363,CUST-44524bcb,SUB-0212423e,499.0,USD,Success,2025-11-30,Wire Transfer
TXN-e85f6b79,CUST-44524bcb,SUB-0212423e,499.0,USD,Success,2025-12-30,PayPal
TXN-889e632f,CUST-44524bcb,SUB-0212423e,499.0,USD,Success,2026-01-30,PayPal
TXN-baead52a,CUST-44524bcb,SUB-0212423e,499.0,USD,Failed,2026-02-28,Wire Transfer
TXN-fca95e61,CUST-44524bcb,SUB-0212423e,499.0,USD,Success,2026-03-28,PayPal
TXN-3e6665a2,CUST-44524bcb,SUB-0212423e,499.0,USD,Success,2026-04-28,Wire Transfer
TXN-ab77c8d6,CUST-4d502026,SUB-0c324c38,199.0,USD,Success,2025-09-27,Wire Transfer
TXN-b20bb86f,CUST-4d502026,SUB-0c324c38,199.0,USD,Success,2025-10-27,Credit Card
TXN-f5de915d,CUST-4d502026,SUB-0c324c38,199.0,USD,Success,2025-11-27,Wire Transfer
TXN-ab0ada62,CUST-4d502026,SUB-0c324c38,199.0,USD,Success,2025-12-27,Wire Transfer
TXN-9c7f01ea,CUST-9055781f,SUB-b548d30c,199.0,USD,Success,2024-06-27,Wire Transfer
TXN-ac7a9a04,CUST-9055781f,SUB-b548d30c,199.0,USD,Success,2024-07-27,PayPal
TXN-fcf459f8,CUST-9055781f,SUB-b548d30c,199.0,USD,Success,2024-08-27,Credit Card
TXN-a994dadd,CUST-9055781f,SUB-b548d30c,199.0,USD,Success,2024-09-27,PayPal
TXN-2a1eec62,CUST-9055781f,SUB-b548d30c,199.0,USD,Success,2024-10-27,Wire Transfer
TXN-db963140,CUST-9055781f,SUB-b548d30c,199.0,USD,Success,2024-11-27,Wire Transfer
TXN-45ac19b9,CUST-9055781f,SUB-b548d30c,199.0,USD,Success,2024-12-27,Credit Card
TXN-17e3fcaf,CUST-9055781f,SUB-b548d30c,199.0,USD,Success,2025-01-27,Credit Card
TXN-66b5f4f4,CUST-9055781f,SUB-b548d30c,199.0,USD,Success,2025-02-27,Wire Transfer
TXN-59352e98,CUST-9055781f,SUB-b548d30c,199.0,USD,Success,2025-03-27,Wire Transfer
TXN-08f28d0b,CUST-9055781f,SUB-b548d30c,199.0,USD,Success,2025-04-27,PayPal
TXN-dfa8a488,CUST-9055781f,SUB-b548d30c,199.0,USD,Success,2025-05-27,Wire Transfer
TXN-951112b5,CUST-9055781f,SUB-b548d30c,199.0,USD,Success,2025-06-27,PayPal
TXN-1b73c8d8,CUST-9055781f,SUB-b548d30c,199.0,USD,Success,2025-07-27,Credit Card
TXN-6a98dedc,CUST-9055781f,SUB-b548d30c,199.0,USD,Success,2025-08-27,PayPal
TXN-01070e01,CUST-9055781f,SUB-b548d30c,199.0,USD,Success,2025-09-27,Wire Transfer
TXN-249aba47,CUST-9055781f,SUB-b548d30c,199.0,USD,Success,2025-10-27,PayPal
TXN-ab1a4ea9,CUST-9055781f,SUB-b548d30c,199.0,USD,Success,2025-11-27,PayPal
TXN-deb2c906,CUST-9055781f,SUB-b548d30c,199.0,USD,Success,2025-12-27,Credit Card
TXN-386ce68d,CUST-9055781f,SUB-b548d30c,199.0,USD,Failed,2026-01-27,PayPal
TXN-800195e1,CUST-9055781f,SUB-b548d30c,199.0,USD,Success,2026-02-27,Wire Transfer
TXN-ab6fefea,CUST-9055781f,SUB-b548d30c,199.0,USD,Success,2026-03-27,PayPal
TXN-7572b81f,CUST-9055781f,SUB-b548d30c,199.0,USD,Success,2026-04-27,PayPal
TXN-1cdea553,CUST-be84b8cc,SUB-35611803,49.0,USD,Success,2025-02-08,PayPal
TXN-16f0b3b5,CUST-be84b8cc,SUB-35611803,49.0,USD,Failed,2025-03-08,Wire Transfer
TXN-2d31d3d9,CUST-be84b8cc,SUB-35611803,49.0,USD,Success,2025-04-08,PayPal
TXN-53db70a9,CUST-be84b8cc,SUB-35611803,49.0,USD,Success,2025-05-08,Wire Transfer
TXN-e60fdde1,CUST-be84b8cc,SUB-35611803,49.0,USD,Success,2025-06-08,PayPal
TXN-53872900,CUST-be84b8cc,SUB-35611803,49.0,USD,Success,2025-07-08,Credit Card
TXN-08f9fc15,CUST-be84b8cc,SUB-35611803,49.0,USD,Success,2025-08-08,Credit Card
TXN-3311bdfb,CUST-be84b8cc,SUB-35611803,49.0,USD,Success,2025-09-08,Credit Card
TXN-9227b8bd,CUST-be84b8cc,SUB-35611803,49.0,USD,Success,2025-10-08,Wire Transfer
TXN-85ffaeba,CUST-be84b8cc,SUB-35611803,49.0,USD,Success,2025-11-08,Wire Transfer
TXN-12b50e63,CUST-be84b8cc,SUB-35611803,49.0,USD,Success,2025-12-08,Wire Transfer
TXN-89d4b7e3,CUST-be84b8cc,SUB-35611803,49.0,USD,Success,2026-01-08,PayPal
TXN-c3902f2f,CUST-be84b8cc,SUB-35611803,49.0,USD,Success,2026-02-08,Wire Transfer
TXN-0d202de6,CUST-be84b8cc,SUB-35611803,49.0,USD,Success,2026-03-08,Wire Transfer
TXN-ff3f48b8,CUST-be84b8cc,SUB-35611803,49.0,USD,Success,2026-04-08,Wire Transfer
TXN-60baeebe,CUST-be84b8cc,SUB-35611803,49.0,USD,Success,2026-05-08,Wire Transfer
TXN-99b1726a,CUST-9ed4659e,SUB-c86bf110,499.0,USD,Success,2025-07-08,Credit Card
TXN-e4aebde9,CUST-9ed4659e,SUB-c86bf110,499.0,USD,Success,2025-08-08,PayPal
TXN-e5e98d8b,CUST-9ed4659e,SUB-c86bf110,499.0,USD,Success,2025-09-08,Credit Card
TXN-a5a41af0,CUST-9ed4659e,SUB-c86bf110,499.0,USD,Success,2025-10-08,PayPal
TXN-7b000ae6,CUST-9ed4659e,SUB-c86bf110,499.0,USD,Success,2025-11-08,PayPal
TXN-5b436f9b,CUST-9ed4659e,SUB-c86bf110,499.0,USD,Success,2025-12-08,Credit Card
TXN-cd66f914,CUST-9ed4659e,SUB-c86bf110,499.0,USD,Success,2026-01-08,Wire Transfer
TXN-1f72fc1a,CUST-9ed4659e,SUB-c86bf110,499.0,USD,Success,2026-02-08,Credit Card
TXN-49c61411,CUST-9ed4659e,SUB-c86bf110,499.0,USD,Failed,2026-03-08,PayPal
TXN-a32a0798,CUST-9ed4659e,SUB-c86bf110,499.0,USD,Success,2026-04-08,PayPal
TXN-5f6f94f8,CUST-9ed4659e,SUB-c86bf110,499.0,USD,Success,2026-05-08,Wire Transfer
