trace_id,created_at,entity_type,entity_id,signal,triggered_rule,evidence,business_impact,generated_action,confidence_level
TRC-8DEAB98EA5,2026-05-07T23:36:41.651790+00:00,ChurnRisk,CUST-4a794178,Failed Payments,Risk band: High,Risk drivers: Failed Payments.,$199.00 revenue at risk,Escalate to churn prevention workflow,Medium
TRC-2008496F75,2026-05-07T23:36:41.651809+00:00,ChurnRisk,CUST-67b36926,"Failed Payments, High Support Burden",Risk band: High,"Risk drivers: Failed Payments, High Support Burden.",$199.00 revenue at risk,Escalate to churn prevention workflow,Medium
TRC-694D7F736E,2026-05-07T23:36:41.651817+00:00,ChurnRisk,CUST-cff0fb9f,Failed Payments,Risk band: High,Risk drivers: Failed Payments.,No direct revenue at risk identified,Escalate to churn prevention workflow,Medium
TRC-0DA719B75E,2026-05-07T23:36:41.651824+00:00,ChurnRisk,CUST-1293971b,Failed Payments,Risk band: High,Risk drivers: Failed Payments.,$49.00 revenue at risk,Escalate to churn prevention workflow,Medium
TRC-D8D57D4844,2026-05-07T23:36:41.651830+00:00,ChurnRisk,CUST-2312a5f5,"Failed Payments, High Support Burden",Risk band: High,"Risk drivers: Failed Payments, High Support Burden.",$49.00 revenue at risk,Escalate to churn prevention workflow,Medium
TRC-51B5042CEB,2026-05-07T23:36:41.651836+00:00,ChurnRisk,CUST-1986c02d,"Failed Payments, High Support Burden",Risk band: High,"Risk drivers: Failed Payments, High Support Burden.",$499.00 revenue at risk,Escalate to churn prevention workflow,Medium
TRC-51B57AD8D1,2026-05-07T23:36:41.651841+00:00,ChurnRisk,CUST-0d35638f,Failed Payments,Risk band: High,Risk drivers: Failed Payments.,$49.00 revenue at risk,Escalate to churn prevention workflow,Medium
TRC-6EE3876100,2026-05-07T23:36:41.651847+00:00,ChurnRisk,CUST-d1e8f192,Failed Payments,Risk band: High,Risk drivers: Failed Payments.,$499.00 revenue at risk,Escalate to churn prevention workflow,Medium
TRC-605B0B6DC7,2026-05-07T23:36:41.651853+00:00,ChurnRisk,CUST-b08ba3df,Failed Payments,Risk band: High,Risk drivers: Failed Payments.,$199.00 revenue at risk,Escalate to churn prevention workflow,Medium
TRC-54F6332E56,2026-05-07T23:36:41.651858+00:00,ChurnRisk,CUST-838d92f2,Failed Payments,Risk band: High,Risk drivers: Failed Payments.,$499.00 revenue at risk,Escalate to churn prevention workflow,Medium
TRC-EB4C9EA766,2026-05-07T23:36:41.651866+00:00,ChurnRisk,CUST-da6178a8,Failed Payments,Risk band: High,Risk drivers: Failed Payments.,$49.00 revenue at risk,Escalate to churn prevention workflow,Medium
TRC-BA6127A7AE,2026-05-07T23:36:41.651871+00:00,ChurnRisk,CUST-f7565743,Failed Payments,Risk band: High,Risk drivers: Failed Payments.,$49.00 revenue at risk,Escalate to churn prevention workflow,Medium
TRC-AB9593E500,2026-05-07T23:36:41.651877+00:00,ChurnRisk,CUST-c36e825d,Failed Payments,Risk band: High,Risk drivers: Failed Payments.,$49.00 revenue at risk,Escalate to churn prevention workflow,Medium
TRC-68E6BC4932,2026-05-07T23:36:41.651883+00:00,ChurnRisk,CUST-21a01016,Failed Payments,Risk band: High,Risk drivers: Failed Payments.,$199.00 revenue at risk,Escalate to churn prevention workflow,Medium
TRC-CDDB89314D,2026-05-07T23:36:41.651888+00:00,ChurnRisk,CUST-1fae17f0,Failed Payments,Risk band: High,Risk drivers: Failed Payments.,$499.00 revenue at risk,Escalate to churn prevention workflow,Medium
TRC-6BECED6517,2026-05-07T23:36:41.651894+00:00,ChurnRisk,CUST-0e46328d,"Failed Payments, High Support Burden",Risk band: High,"Risk drivers: Failed Payments, High Support Burden.",$49.00 revenue at risk,Escalate to churn prevention workflow,Medium
TRC-16C3D5842B,2026-05-07T23:36:41.651899+00:00,ChurnRisk,CUST-257d1f12,"Failed Payments, High Support Burden",Risk band: High,"Risk drivers: Failed Payments, High Support Burden.",$49.00 revenue at risk,Escalate to churn prevention workflow,Medium
TRC-69444EC964,2026-05-07T23:36:41.651905+00:00,ChurnRisk,CUST-e494e648,"Failed Payments, High Support Burden",Risk band: High,"Risk drivers: Failed Payments, High Support Burden.",$49.00 revenue at risk,Escalate to churn prevention workflow,Medium
TRC-4B102FFE25,2026-05-07T23:36:41.651910+00:00,ChurnRisk,CUST-7347a208,Failed Payments,Risk band: High,Risk drivers: Failed Payments.,$49.00 revenue at risk,Escalate to churn prevention workflow,Medium
TRC-1DCEE66D67,2026-05-07T23:36:41.651916+00:00,ChurnRisk,CUST-c442d9cb,"Failed Payments, High Support Burden",Risk band: High,"Risk drivers: Failed Payments, High Support Burden.",$49.00 revenue at risk,Escalate to churn prevention workflow,Medium
TRC-C2A07137A9,2026-05-07T23:36:41.651921+00:00,ChurnRisk,CUST-470da9cf,"Failed Payments, High Support Burden",Risk band: High,"Risk drivers: Failed Payments, High Support Burden.",$199.00 revenue at risk,Escalate to churn prevention workflow,Medium
TRC-D33788026E,2026-05-07T23:36:41.651927+00:00,ChurnRisk,CUST-0ff1a569,Failed Payments,Risk band: High,Risk drivers: Failed Payments.,$499.00 revenue at risk,Escalate to churn prevention workflow,Medium
TRC-33A088F898,2026-05-07T23:36:41.651932+00:00,ChurnRisk,CUST-210315c9,Failed Payments,Risk band: High,Risk drivers: Failed Payments.,$499.00 revenue at risk,Escalate to churn prevention workflow,Medium
TRC-1AB4829EF6,2026-05-07T23:36:41.651938+00:00,ChurnRisk,CUST-b2782c86,Failed Payments,Risk band: High,Risk drivers: Failed Payments.,$49.00 revenue at risk,Escalate to churn prevention workflow,Medium
TRC-A291961891,2026-05-07T23:36:41.651943+00:00,ChurnRisk,CUST-28186478,Failed Payments,Risk band: High,Risk drivers: Failed Payments.,$499.00 revenue at risk,Escalate to churn prevention workflow,Medium
TRC-0790396F36,2026-05-07T23:36:41.651949+00:00,ChurnRisk,CUST-11fe014c,Failed Payments,Risk band: High,Risk drivers: Failed Payments.,$499.00 revenue at risk,Escalate to churn prevention workflow,Medium
TRC-2242E870E4,2026-05-07T23:36:41.651954+00:00,ChurnRisk,CUST-d4954121,Failed Payments,Risk band: High,Risk drivers: Failed Payments.,$499.00 revenue at risk,Escalate to churn prevention workflow,Medium
TRC-AF9F1F329E,2026-05-07T23:36:41.651960+00:00,ChurnRisk,CUST-e3d81fb5,Failed Payments,Risk band: High,Risk drivers: Failed Payments.,$49.00 revenue at risk,Escalate to churn prevention workflow,Medium
TRC-2C47531423,2026-05-07T23:36:41.651965+00:00,ChurnRisk,CUST-77d9bbc4,Failed Payments,Risk band: High,Risk drivers: Failed Payments.,$49.00 revenue at risk,Escalate to churn prevention workflow,Medium
TRC-BD2322225B,2026-05-07T23:36:41.651971+00:00,ChurnRisk,CUST-12ad2a90,"Failed Payments, High Support Burden",Risk band: High,"Risk drivers: Failed Payments, High Support Burden.",$49.00 revenue at risk,Escalate to churn prevention workflow,Medium
TRC-8B72838B82,2026-05-07T23:36:41.651976+00:00,ChurnRisk,CUST-cfb9eb6b,"Failed Payments, High Support Burden",Risk band: High,"Risk drivers: Failed Payments, High Support Burden.","$1,999.00 revenue at risk",Escalate to churn prevention workflow,Medium
TRC-DF27D74CBA,2026-05-07T23:36:41.651982+00:00,ChurnRisk,CUST-70bf715e,Failed Payments,Risk band: High,Risk drivers: Failed Payments.,"$1,999.00 revenue at risk",Escalate to churn prevention workflow,Medium
TRC-BF5CF68377,2026-05-07T23:36:41.651987+00:00,ChurnRisk,CUST-2ff35a77,Failed Payments,Risk band: High,Risk drivers: Failed Payments.,"$1,999.00 revenue at risk",Escalate to churn prevention workflow,Medium
TRC-3DB03EACEF,2026-05-07T23:36:41.651992+00:00,ChurnRisk,CUST-7b59527e,"Failed Payments, High Support Burden",Risk band: High,"Risk drivers: Failed Payments, High Support Burden.",No direct revenue at risk identified,Escalate to churn prevention workflow,Medium
TRC-A00792946B,2026-05-07T23:36:41.651998+00:00,ChurnRisk,CUST-83b6174e,"Failed Payments, High Support Burden",Risk band: High,"Risk drivers: Failed Payments, High Support Burden.",$499.00 revenue at risk,Escalate to churn prevention workflow,Medium
TRC-0503290B74,2026-05-07T23:36:41.652003+00:00,ChurnRisk,CUST-4c370882,"Failed Payments, High Support Burden",Risk band: High,"Risk drivers: Failed Payments, High Support Burden.","$1,999.00 revenue at risk",Escalate to churn prevention workflow,Medium
TRC-CC02F00722,2026-05-07T23:36:41.652009+00:00,ChurnRisk,CUST-269c8bb3,"Failed Payments, High Support Burden",Risk band: High,"Risk drivers: Failed Payments, High Support Burden.",$199.00 revenue at risk,Escalate to churn prevention workflow,Medium
TRC-877A9424E1,2026-05-07T23:36:41.652014+00:00,ChurnRisk,CUST-18f6746b,"Failed Payments, High Support Burden",Risk band: High,"Risk drivers: Failed Payments, High Support Burden.",$49.00 revenue at risk,Escalate to churn prevention workflow,Medium
TRC-E718A0ECEE,2026-05-07T23:36:41.652019+00:00,ChurnRisk,CUST-95921fac,Failed Payments,Risk band: High,Risk drivers: Failed Payments.,$199.00 revenue at risk,Escalate to churn prevention workflow,Medium
TRC-12F779A04A,2026-05-07T23:36:41.652024+00:00,ChurnRisk,CUST-4f381d83,Failed Payments,Risk band: High,Risk drivers: Failed Payments.,$499.00 revenue at risk,Escalate to churn prevention workflow,Medium
TRC-50B5E45ABD,2026-05-07T23:36:41.652029+00:00,ChurnRisk,CUST-05913c5b,Failed Payments,Risk band: High,Risk drivers: Failed Payments.,$49.00 revenue at risk,Escalate to churn prevention workflow,Medium
TRC-054F53E254,2026-05-07T23:36:41.652034+00:00,ChurnRisk,CUST-1eaf0934,Failed Payments,Risk band: High,Risk drivers: Failed Payments.,$199.00 revenue at risk,Escalate to churn prevention workflow,Medium
TRC-F3D79583A1,2026-05-07T23:36:41.652040+00:00,ChurnRisk,CUST-2f40beef,"Low NPS, Failed Payments, High Support Burden",Risk band: Critical,"Risk drivers: Low NPS, Failed Payments, High Support Burden.",$199.00 revenue at risk,Escalate to churn prevention workflow,High
TRC-FF3E223A55,2026-05-07T23:36:41.652045+00:00,ChurnRisk,CUST-3426af85,Failed Payments,Risk band: High,Risk drivers: Failed Payments.,No direct revenue at risk identified,Escalate to churn prevention workflow,Medium
TRC-0107F3278E,2026-05-07T23:36:41.652050+00:00,ChurnRisk,CUST-9a3b48e9,Failed Payments,Risk band: High,Risk drivers: Failed Payments.,$49.00 revenue at risk,Escalate to churn prevention workflow,Medium
TRC-293AF70709,2026-05-07T23:36:41.652055+00:00,ChurnRisk,CUST-50106902,"Failed Payments, High Support Burden",Risk band: High,"Risk drivers: Failed Payments, High Support Burden.",No direct revenue at risk identified,Escalate to churn prevention workflow,Medium
TRC-DDC38D0B2F,2026-05-07T23:36:41.652060+00:00,ChurnRisk,CUST-a5d80f22,Failed Payments,Risk band: High,Risk drivers: Failed Payments.,$199.00 revenue at risk,Escalate to churn prevention workflow,Medium
TRC-C7E97C5F7A,2026-05-07T23:36:41.652066+00:00,ChurnRisk,CUST-e3d76283,"Failed Payments, High Support Burden",Risk band: High,"Risk drivers: Failed Payments, High Support Burden.",$199.00 revenue at risk,Escalate to churn prevention workflow,Medium
TRC-C84A7FF51A,2026-05-07T23:36:41.652071+00:00,ChurnRisk,CUST-4508c30d,Failed Payments,Risk band: High,Risk drivers: Failed Payments.,$49.00 revenue at risk,Escalate to churn prevention workflow,Medium
TRC-67E88BCD52,2026-05-07T23:36:41.652076+00:00,ChurnRisk,CUST-76129672,Failed Payments,Risk band: High,Risk drivers: Failed Payments.,$49.00 revenue at risk,Escalate to churn prevention workflow,Medium
TRC-824A48B2C4,2026-05-07T23:36:41.652081+00:00,ChurnRisk,CUST-8fc2cf72,"Failed Payments, High Support Burden",Risk band: High,"Risk drivers: Failed Payments, High Support Burden.",$49.00 revenue at risk,Escalate to churn prevention workflow,Medium
TRC-5D2375C2EE,2026-05-07T23:36:41.652087+00:00,ChurnRisk,CUST-32156fa6,Failed Payments,Risk band: High,Risk drivers: Failed Payments.,$199.00 revenue at risk,Escalate to churn prevention workflow,Medium
TRC-9DAFB2BB3E,2026-05-07T23:36:41.652092+00:00,ChurnRisk,CUST-84a7174e,"Failed Payments, High Support Burden",Risk band: High,"Risk drivers: Failed Payments, High Support Burden.",No direct revenue at risk identified,Escalate to churn prevention workflow,Medium
TRC-36DEDD262C,2026-05-07T23:36:41.652097+00:00,ChurnRisk,CUST-ec953494,"Failed Payments, High Support Burden",Risk band: High,"Risk drivers: Failed Payments, High Support Burden.",$499.00 revenue at risk,Escalate to churn prevention workflow,Medium
TRC-13B4240057,2026-05-07T23:36:41.652103+00:00,ChurnRisk,CUST-ca4038c8,Failed Payments,Risk band: High,Risk drivers: Failed Payments.,$199.00 revenue at risk,Escalate to churn prevention workflow,Medium
TRC-DCDA6AF1EF,2026-05-07T23:36:41.652109+00:00,ChurnRisk,CUST-1fed86cc,"Failed Payments, High Support Burden",Risk band: High,"Risk drivers: Failed Payments, High Support Burden.",$49.00 revenue at risk,Escalate to churn prevention workflow,Medium
TRC-2101DC514F,2026-05-07T23:36:41.652114+00:00,ChurnRisk,CUST-8f01812d,Failed Payments,Risk band: High,Risk drivers: Failed Payments.,$49.00 revenue at risk,Escalate to churn prevention workflow,Medium
TRC-60938DC499,2026-05-07T23:36:41.652120+00:00,ChurnRisk,CUST-1db39510,"Failed Payments, High Support Burden",Risk band: High,"Risk drivers: Failed Payments, High Support Burden.",$199.00 revenue at risk,Escalate to churn prevention workflow,Medium
TRC-2DCB1376BD,2026-05-07T23:36:41.652125+00:00,ChurnRisk,CUST-45f05476,Failed Payments,Risk band: High,Risk drivers: Failed Payments.,$49.00 revenue at risk,Escalate to churn prevention workflow,Medium
TRC-93D4851DA7,2026-05-07T23:36:41.652130+00:00,ChurnRisk,CUST-0a06a41b,"Failed Payments, High Support Burden",Risk band: High,"Risk drivers: Failed Payments, High Support Burden.",$499.00 revenue at risk,Escalate to churn prevention workflow,Medium
TRC-B747482973,2026-05-07T23:36:41.652136+00:00,ChurnRisk,CUST-b52b7229,Failed Payments,Risk band: High,Risk drivers: Failed Payments.,$199.00 revenue at risk,Escalate to churn prevention workflow,Medium
TRC-1B364FA7EC,2026-05-07T23:36:41.652141+00:00,ChurnRisk,CUST-5cf28984,Failed Payments,Risk band: High,Risk drivers: Failed Payments.,$49.00 revenue at risk,Escalate to churn prevention workflow,Medium
TRC-88A6EBBA08,2026-05-07T23:36:41.652146+00:00,ChurnRisk,CUST-75fb96a4,"Failed Payments, High Support Burden",Risk band: High,"Risk drivers: Failed Payments, High Support Burden.",$49.00 revenue at risk,Escalate to churn prevention workflow,Medium
TRC-EB3CC3E06D,2026-05-07T23:36:41.652151+00:00,ChurnRisk,CUST-b25b991a,"Failed Payments, High Support Burden",Risk band: High,"Risk drivers: Failed Payments, High Support Burden.",$49.00 revenue at risk,Escalate to churn prevention workflow,Medium
TRC-951D1BCC67,2026-05-07T23:36:41.652156+00:00,ChurnRisk,CUST-1847564d,Failed Payments,Risk band: High,Risk drivers: Failed Payments.,$199.00 revenue at risk,Escalate to churn prevention workflow,Medium
TRC-511B370856,2026-05-07T23:36:41.652161+00:00,ChurnRisk,CUST-10f295c4,"Failed Payments, High Support Burden",Risk band: High,"Risk drivers: Failed Payments, High Support Burden.",$49.00 revenue at risk,Escalate to churn prevention workflow,Medium
TRC-6487A190F5,2026-05-07T23:36:41.652167+00:00,ChurnRisk,CUST-39bae39b,"Failed Payments, High Support Burden",Risk band: High,"Risk drivers: Failed Payments, High Support Burden.",$49.00 revenue at risk,Escalate to churn prevention workflow,Medium
TRC-58727620D0,2026-05-07T23:36:41.652171+00:00,ChurnRisk,CUST-10df7b4d,"Failed Payments, High Support Burden",Risk band: High,"Risk drivers: Failed Payments, High Support Burden.",No direct revenue at risk identified,Escalate to churn prevention workflow,Medium
TRC-A5FDF645E5,2026-05-07T23:36:41.652176+00:00,ChurnRisk,CUST-bb268ae6,Failed Payments,Risk band: High,Risk drivers: Failed Payments.,$49.00 revenue at risk,Escalate to churn prevention workflow,Medium
TRC-652C141FAE,2026-05-07T23:36:41.652182+00:00,ChurnRisk,CUST-1e68979c,Failed Payments,Risk band: High,Risk drivers: Failed Payments.,"$1,999.00 revenue at risk",Escalate to churn prevention workflow,Medium
TRC-9B6CDDE53E,2026-05-07T23:36:41.652189+00:00,ChurnRisk,CUST-3574d946,Failed Payments,Risk band: High,Risk drivers: Failed Payments.,$49.00 revenue at risk,Escalate to churn prevention workflow,Medium
TRC-EDBF0F9604,2026-05-07T23:36:41.652195+00:00,ChurnRisk,CUST-d9ee5046,Failed Payments,Risk band: High,Risk drivers: Failed Payments.,$499.00 revenue at risk,Escalate to churn prevention workflow,Medium
TRC-8127E85381,2026-05-07T23:36:41.652200+00:00,ChurnRisk,CUST-975b7b01,"Failed Payments, High Support Burden",Risk band: High,"Risk drivers: Failed Payments, High Support Burden.",$49.00 revenue at risk,Escalate to churn prevention workflow,Medium
TRC-43BF7C8CFD,2026-05-07T23:36:41.652205+00:00,ChurnRisk,CUST-9dedf808,"Failed Payments, High Support Burden",Risk band: High,"Risk drivers: Failed Payments, High Support Burden.",$499.00 revenue at risk,Escalate to churn prevention workflow,Medium
TRC-F8D2F28BB0,2026-05-07T23:36:41.652210+00:00,ChurnRisk,CUST-5d983e75,"Failed Payments, High Support Burden",Risk band: High,"Risk drivers: Failed Payments, High Support Burden.",No direct revenue at risk identified,Escalate to churn prevention workflow,Medium
TRC-DA64EBDACD,2026-05-07T23:36:41.652216+00:00,ChurnRisk,CUST-ad20f27e,Failed Payments,Risk band: High,Risk drivers: Failed Payments.,$499.00 revenue at risk,Escalate to churn prevention workflow,Medium
TRC-3BCC547950,2026-05-07T23:36:41.652221+00:00,ChurnRisk,CUST-bcd07dbd,Failed Payments,Risk band: High,Risk drivers: Failed Payments.,$49.00 revenue at risk,Escalate to churn prevention workflow,Medium
TRC-E16E507D08,2026-05-07T23:36:41.652226+00:00,ChurnRisk,CUST-07c6a0ab,"Failed Payments, High Support Burden",Risk band: High,"Risk drivers: Failed Payments, High Support Burden.",$199.00 revenue at risk,Escalate to churn prevention workflow,Medium
TRC-A194C104A8,2026-05-07T23:36:41.652231+00:00,ChurnRisk,CUST-281af038,"Failed Payments, High Support Burden",Risk band: High,"Risk drivers: Failed Payments, High Support Burden.","$1,999.00 revenue at risk",Escalate to churn prevention workflow,Medium
TRC-C558C13744,2026-05-07T23:36:41.652236+00:00,ChurnRisk,CUST-c248e070,"Failed Payments, High Support Burden",Risk band: High,"Risk drivers: Failed Payments, High Support Burden.","$1,999.00 revenue at risk",Escalate to churn prevention workflow,Medium
TRC-1643F6629D,2026-05-07T23:36:41.652242+00:00,ChurnRisk,CUST-8f614fa8,"Failed Payments, High Support Burden",Risk band: High,"Risk drivers: Failed Payments, High Support Burden.",$199.00 revenue at risk,Escalate to churn prevention workflow,Medium
TRC-2DC1C1DA7E,2026-05-07T23:36:41.652247+00:00,ChurnRisk,CUST-4c76a787,Failed Payments,Risk band: High,Risk drivers: Failed Payments.,$499.00 revenue at risk,Escalate to churn prevention workflow,Medium
TRC-65C44E8BC7,2026-05-07T23:36:41.652252+00:00,ChurnRisk,CUST-cf28f116,"Low NPS, Failed Payments",Risk band: High,"Risk drivers: Low NPS, Failed Payments.",No direct revenue at risk identified,Escalate to churn prevention workflow,Medium
TRC-081E714BF5,2026-05-07T23:36:41.652257+00:00,ChurnRisk,CUST-0dd5708f,"Usage Decline, Low Product Engagement",Risk band: High,"Risk drivers: Usage Decline, Low Product Engagement.",$49.00 revenue at risk,Escalate to churn prevention workflow,Medium
TRC-7FF25D746F,2026-05-07T23:36:41.652262+00:00,ChurnRisk,CUST-53f0fd40,Failed Payments,Risk band: High,Risk drivers: Failed Payments.,$199.00 revenue at risk,Escalate to churn prevention workflow,Medium
TRC-3BB81824D3,2026-05-07T23:36:41.652267+00:00,ChurnRisk,CUST-c4348b86,Failed Payments,Risk band: High,Risk drivers: Failed Payments.,$199.00 revenue at risk,Escalate to churn prevention workflow,Medium
TRC-831CBAFA89,2026-05-07T23:36:41.652272+00:00,ChurnRisk,CUST-fb11a701,"Failed Payments, High Support Burden",Risk band: High,"Risk drivers: Failed Payments, High Support Burden.",$199.00 revenue at risk,Escalate to churn prevention workflow,Medium
TRC-820576ED9A,2026-05-07T23:36:41.652277+00:00,ChurnRisk,CUST-469f5824,Failed Payments,Risk band: High,Risk drivers: Failed Payments.,$49.00 revenue at risk,Escalate to churn prevention workflow,Medium
TRC-9702463549,2026-05-07T23:36:41.652282+00:00,ChurnRisk,CUST-f7c27cb5,"Failed Payments, High Support Burden",Risk band: High,"Risk drivers: Failed Payments, High Support Burden.",$49.00 revenue at risk,Escalate to churn prevention workflow,Medium
TRC-5F89D89240,2026-05-07T23:36:41.652287+00:00,ChurnRisk,CUST-f7a162ca,Failed Payments,Risk band: High,Risk drivers: Failed Payments.,$199.00 revenue at risk,Escalate to churn prevention workflow,Medium
TRC-C58415B872,2026-05-07T23:36:41.652292+00:00,ChurnRisk,CUST-3c8ebac5,Failed Payments,Risk band: High,Risk drivers: Failed Payments.,$199.00 revenue at risk,Escalate to churn prevention workflow,Medium
TRC-385163538E,2026-05-07T23:36:41.652297+00:00,ChurnRisk,CUST-5c355706,"Low NPS, Failed Payments",Risk band: High,"Risk drivers: Low NPS, Failed Payments.",$49.00 revenue at risk,Escalate to churn prevention workflow,Medium
TRC-E558084359,2026-05-07T23:36:41.652302+00:00,ChurnRisk,CUST-d26a7eff,"Failed Payments, High Support Burden",Risk band: High,"Risk drivers: Failed Payments, High Support Burden.",$499.00 revenue at risk,Escalate to churn prevention workflow,Medium
TRC-8A81C41B56,2026-05-07T23:36:41.652307+00:00,ChurnRisk,CUST-8fae7682,Failed Payments,Risk band: High,Risk drivers: Failed Payments.,$199.00 revenue at risk,Escalate to churn prevention workflow,Medium
TRC-5243BEFED9,2026-05-07T23:36:41.652312+00:00,ChurnRisk,CUST-653cfeaf,"Low NPS, High Support Burden",Risk band: High,"Risk drivers: Low NPS, High Support Burden.",$199.00 revenue at risk,Escalate to churn prevention workflow,Medium
TRC-C761ED8EFA,2026-05-07T23:36:41.652317+00:00,ChurnRisk,CUST-820f1ab0,Failed Payments,Risk band: High,Risk drivers: Failed Payments.,$49.00 revenue at risk,Escalate to churn prevention workflow,Medium
TRC-542306DCCA,2026-05-07T23:36:41.652322+00:00,ChurnRisk,CUST-8b95d79f,"Failed Payments, High Support Burden",Risk band: High,"Risk drivers: Failed Payments, High Support Burden.",$199.00 revenue at risk,Escalate to churn prevention workflow,Medium
TRC-5AF7CAC393,2026-05-07T23:36:41.652327+00:00,ChurnRisk,CUST-921032b2,Failed Payments,Risk band: High,Risk drivers: Failed Payments.,"$1,999.00 revenue at risk",Escalate to churn prevention workflow,Medium
TRC-D13A57D446,2026-05-07T23:36:41.652332+00:00,ChurnRisk,CUST-7cc11a95,Failed Payments,Risk band: High,Risk drivers: Failed Payments.,$499.00 revenue at risk,Escalate to churn prevention workflow,Medium
TRC-01ADC56732,2026-05-07T23:36:41.652337+00:00,ChurnRisk,CUST-87e2b64f,Failed Payments,Risk band: High,Risk drivers: Failed Payments.,$49.00 revenue at risk,Escalate to churn prevention workflow,Medium
TRC-995739D0DA,2026-05-07T23:36:41.652342+00:00,ChurnRisk,CUST-2b5ee006,Failed Payments,Risk band: High,Risk drivers: Failed Payments.,"$1,999.00 revenue at risk",Escalate to churn prevention workflow,Medium
TRC-60C17902CB,2026-05-07T23:36:41.652347+00:00,ChurnRisk,CUST-e1a510a8,"Low NPS, Failed Payments",Risk band: High,"Risk drivers: Low NPS, Failed Payments.",$199.00 revenue at risk,Escalate to churn prevention workflow,Medium
TRC-AF76EECD04,2026-05-07T23:36:41.652353+00:00,ChurnRisk,CUST-02dee19e,Failed Payments,Risk band: High,Risk drivers: Failed Payments.,"$1,999.00 revenue at risk",Escalate to churn prevention workflow,Medium
TRC-4871CC172D,2026-05-07T23:36:41.652358+00:00,ChurnRisk,CUST-9036a783,Failed Payments,Risk band: High,Risk drivers: Failed Payments.,$49.00 revenue at risk,Escalate to churn prevention workflow,Medium
TRC-158BFAFA2A,2026-05-07T23:36:41.652363+00:00,ChurnRisk,CUST-85140b1c,Failed Payments,Risk band: High,Risk drivers: Failed Payments.,$49.00 revenue at risk,Escalate to churn prevention workflow,Medium
TRC-AC0E8448C2,2026-05-07T23:36:41.652368+00:00,ChurnRisk,CUST-eb632adf,Failed Payments,Risk band: High,Risk drivers: Failed Payments.,$49.00 revenue at risk,Escalate to churn prevention workflow,Medium
TRC-FC806106A2,2026-05-07T23:36:41.652373+00:00,ChurnRisk,CUST-58bc0e3f,"Failed Payments, High Support Burden",Risk band: High,"Risk drivers: Failed Payments, High Support Burden.",$499.00 revenue at risk,Escalate to churn prevention workflow,Medium
TRC-61BC97C6C7,2026-05-07T23:36:41.652378+00:00,ChurnRisk,CUST-5b818179,"Failed Payments, High Support Burden",Risk band: High,"Risk drivers: Failed Payments, High Support Burden.",$49.00 revenue at risk,Escalate to churn prevention workflow,Medium
TRC-AAC50315C6,2026-05-07T23:36:41.652383+00:00,ChurnRisk,CUST-28575fc5,"Failed Payments, High Support Burden",Risk band: High,"Risk drivers: Failed Payments, High Support Burden.",$49.00 revenue at risk,Escalate to churn prevention workflow,Medium
TRC-4592022F10,2026-05-07T23:36:41.652388+00:00,ChurnRisk,CUST-61e2d5bb,Failed Payments,Risk band: High,Risk drivers: Failed Payments.,$499.00 revenue at risk,Escalate to churn prevention workflow,Medium
TRC-3ED86ED537,2026-05-07T23:36:41.652393+00:00,ChurnRisk,CUST-86bce810,"Failed Payments, High Support Burden",Risk band: High,"Risk drivers: Failed Payments, High Support Burden.",$49.00 revenue at risk,Escalate to churn prevention workflow,Medium
TRC-D528EB008A,2026-05-07T23:36:41.652398+00:00,ChurnRisk,CUST-68803630,"Low NPS, Failed Payments, High Support Burden",Risk band: Critical,"Risk drivers: Low NPS, Failed Payments, High Support Burden.",$49.00 revenue at risk,Escalate to churn prevention workflow,High
TRC-DBE91E6187,2026-05-07T23:36:41.652403+00:00,ChurnRisk,CUST-e2e7fb0b,"Low NPS, Failed Payments",Risk band: High,"Risk drivers: Low NPS, Failed Payments.",$199.00 revenue at risk,Escalate to churn prevention workflow,Medium
TRC-0B1436C469,2026-05-07T23:36:41.652408+00:00,ChurnRisk,CUST-5cf11397,"Failed Payments, High Support Burden",Risk band: High,"Risk drivers: Failed Payments, High Support Burden.",$199.00 revenue at risk,Escalate to churn prevention workflow,Medium
TRC-CC76D0CA4C,2026-05-07T23:36:41.652414+00:00,ChurnRisk,CUST-34790521,"Low NPS, High Support Burden",Risk band: High,"Risk drivers: Low NPS, High Support Burden.",$49.00 revenue at risk,Escalate to churn prevention workflow,Medium
TRC-43087AD81F,2026-05-07T23:36:41.652419+00:00,ChurnRisk,CUST-576a6834,"Failed Payments, High Support Burden",Risk band: High,"Risk drivers: Failed Payments, High Support Burden.",$199.00 revenue at risk,Escalate to churn prevention workflow,Medium
TRC-3711896F11,2026-05-07T23:36:41.652424+00:00,ChurnRisk,CUST-a89aa326,Failed Payments,Risk band: High,Risk drivers: Failed Payments.,$49.00 revenue at risk,Escalate to churn prevention workflow,Medium
TRC-211CC3B165,2026-05-07T23:36:41.652429+00:00,ChurnRisk,CUST-7d29f900,"Failed Payments, High Support Burden",Risk band: High,"Risk drivers: Failed Payments, High Support Burden.",$199.00 revenue at risk,Escalate to churn prevention workflow,Medium
TRC-772158FFDB,2026-05-07T23:36:41.652434+00:00,ChurnRisk,CUST-e667d33f,"Low NPS, Failed Payments, High Support Burden",Risk band: Critical,"Risk drivers: Low NPS, Failed Payments, High Support Burden.",$49.00 revenue at risk,Escalate to churn prevention workflow,High
TRC-BE3C9A4F55,2026-05-07T23:36:41.652439+00:00,ChurnRisk,CUST-abe1dd1e,Failed Payments,Risk band: High,Risk drivers: Failed Payments.,$499.00 revenue at risk,Escalate to churn prevention workflow,Medium
TRC-A66E8BD58A,2026-05-07T23:36:41.652444+00:00,ChurnRisk,CUST-80cd4335,Failed Payments,Risk band: High,Risk drivers: Failed Payments.,$49.00 revenue at risk,Escalate to churn prevention workflow,Medium
TRC-F788B5DC1E,2026-05-07T23:36:41.652449+00:00,ChurnRisk,CUST-c9dd9b90,"Failed Payments, High Support Burden",Risk band: High,"Risk drivers: Failed Payments, High Support Burden.",$49.00 revenue at risk,Escalate to churn prevention workflow,Medium
TRC-D4C7C25F65,2026-05-07T23:36:41.652454+00:00,ChurnRisk,CUST-cc4bd76f,Failed Payments,Risk band: High,Risk drivers: Failed Payments.,$49.00 revenue at risk,Escalate to churn prevention workflow,Medium
TRC-39244C79B8,2026-05-07T23:36:41.652459+00:00,ChurnRisk,CUST-6410fec5,"Low NPS, High Support Burden",Risk band: High,"Risk drivers: Low NPS, High Support Burden.",$49.00 revenue at risk,Escalate to churn prevention workflow,Medium
TRC-125AB89E46,2026-05-07T23:36:41.652464+00:00,ChurnRisk,CUST-3d61e833,Failed Payments,Risk band: High,Risk drivers: Failed Payments.,$49.00 revenue at risk,Escalate to churn prevention workflow,Medium
TRC-12D789F4D1,2026-05-07T23:36:41.652469+00:00,ChurnRisk,CUST-5d8454e6,Failed Payments,Risk band: High,Risk drivers: Failed Payments.,$499.00 revenue at risk,Escalate to churn prevention workflow,Medium
TRC-AF4660869C,2026-05-07T23:36:41.652474+00:00,ChurnRisk,CUST-45fe449c,"Failed Payments, High Support Burden",Risk band: High,"Risk drivers: Failed Payments, High Support Burden.",$49.00 revenue at risk,Escalate to churn prevention workflow,Medium
TRC-1200607AC2,2026-05-07T23:36:41.652479+00:00,ChurnRisk,CUST-1e10058b,"Failed Payments, High Support Burden",Risk band: High,"Risk drivers: Failed Payments, High Support Burden.",$49.00 revenue at risk,Escalate to churn prevention workflow,Medium
TRC-A0E3A8642B,2026-05-07T23:36:41.652484+00:00,ChurnRisk,CUST-baae0571,Failed Payments,Risk band: High,Risk drivers: Failed Payments.,$49.00 revenue at risk,Escalate to churn prevention workflow,Medium
TRC-176025BCD5,2026-05-07T23:36:41.652490+00:00,ChurnRisk,CUST-7932a1e3,Failed Payments,Risk band: High,Risk drivers: Failed Payments.,$499.00 revenue at risk,Escalate to churn prevention workflow,Medium
TRC-99BF8C1EFE,2026-05-07T23:36:41.652494+00:00,ChurnRisk,CUST-820adf0a,"Failed Payments, High Support Burden",Risk band: High,"Risk drivers: Failed Payments, High Support Burden.",$49.00 revenue at risk,Escalate to churn prevention workflow,Medium
TRC-6C0EE30700,2026-05-07T23:36:41.652499+00:00,ChurnRisk,CUST-d2b7c299,Failed Payments,Risk band: High,Risk drivers: Failed Payments.,$49.00 revenue at risk,Escalate to churn prevention workflow,Medium
TRC-26FF1AD133,2026-05-07T23:36:41.652505+00:00,ChurnRisk,CUST-79fb01bf,Failed Payments,Risk band: High,Risk drivers: Failed Payments.,$49.00 revenue at risk,Escalate to churn prevention workflow,Medium
TRC-8EF3C7D097,2026-05-07T23:36:41.652510+00:00,ChurnRisk,CUST-4fe61954,"Low NPS, Failed Payments",Risk band: High,"Risk drivers: Low NPS, Failed Payments.","$1,999.00 revenue at risk",Escalate to churn prevention workflow,Medium
TRC-A1C4B61398,2026-05-07T23:36:41.652515+00:00,ChurnRisk,CUST-b262c7e6,"Low NPS, Failed Payments",Risk band: High,"Risk drivers: Low NPS, Failed Payments.",$199.00 revenue at risk,Escalate to churn prevention workflow,Medium
TRC-2AC2D2234F,2026-05-07T23:36:41.652520+00:00,ChurnRisk,CUST-f630b7cb,Failed Payments,Risk band: High,Risk drivers: Failed Payments.,$49.00 revenue at risk,Escalate to churn prevention workflow,Medium
TRC-76B229BC9E,2026-05-07T23:36:41.652525+00:00,ChurnRisk,CUST-de60050e,"Failed Payments, High Support Burden",Risk band: High,"Risk drivers: Failed Payments, High Support Burden.",$49.00 revenue at risk,Escalate to churn prevention workflow,Medium
TRC-5834D74A8F,2026-05-07T23:36:41.652530+00:00,ChurnRisk,CUST-8814ab84,Failed Payments,Risk band: High,Risk drivers: Failed Payments.,No direct revenue at risk identified,Escalate to churn prevention workflow,Medium
TRC-60C0528165,2026-05-07T23:36:41.652535+00:00,ChurnRisk,CUST-db5c39e2,Failed Payments,Risk band: High,Risk drivers: Failed Payments.,$49.00 revenue at risk,Escalate to churn prevention workflow,Medium
TRC-A5F743F4D6,2026-05-07T23:36:41.652540+00:00,ChurnRisk,CUST-affe792d,Failed Payments,Risk band: High,Risk drivers: Failed Payments.,$49.00 revenue at risk,Escalate to churn prevention workflow,Medium
TRC-622986DACD,2026-05-07T23:36:41.652544+00:00,ChurnRisk,CUST-8eabee1b,Failed Payments,Risk band: High,Risk drivers: Failed Payments.,$49.00 revenue at risk,Escalate to churn prevention workflow,Medium
TRC-D3E3724CE8,2026-05-07T23:36:41.652550+00:00,ChurnRisk,CUST-01bbc282,Failed Payments,Risk band: High,Risk drivers: Failed Payments.,$49.00 revenue at risk,Escalate to churn prevention workflow,Medium
TRC-BFE9329F8A,2026-05-07T23:36:41.652555+00:00,ChurnRisk,CUST-7a1637ad,Failed Payments,Risk band: High,Risk drivers: Failed Payments.,$49.00 revenue at risk,Escalate to churn prevention workflow,Medium
TRC-BF17F92058,2026-05-07T23:36:41.652560+00:00,ChurnRisk,CUST-e418053f,Failed Payments,Risk band: High,Risk drivers: Failed Payments.,$49.00 revenue at risk,Escalate to churn prevention workflow,Medium
TRC-433EFC770E,2026-05-07T23:36:41.652565+00:00,ChurnRisk,CUST-01d5ceaa,Failed Payments,Risk band: High,Risk drivers: Failed Payments.,"$1,999.00 revenue at risk",Escalate to churn prevention workflow,Medium
TRC-ECFDEFF65C,2026-05-07T23:36:41.652570+00:00,ChurnRisk,CUST-2e09394c,Failed Payments,Risk band: High,Risk drivers: Failed Payments.,No direct revenue at risk identified,Escalate to churn prevention workflow,Medium
TRC-46F7832414,2026-05-07T23:36:41.652575+00:00,ChurnRisk,CUST-4b727c7b,"Low NPS, Failed Payments, High Support Burden",Risk band: Critical,"Risk drivers: Low NPS, Failed Payments, High Support Burden.",$499.00 revenue at risk,Escalate to churn prevention workflow,High
TRC-F75E15E4D7,2026-05-07T23:36:41.652580+00:00,ChurnRisk,CUST-c39f3524,Failed Payments,Risk band: High,Risk drivers: Failed Payments.,$49.00 revenue at risk,Escalate to churn prevention workflow,Medium
TRC-6598EBBDFD,2026-05-07T23:36:41.652585+00:00,ChurnRisk,CUST-6c618d00,"Failed Payments, High Support Burden",Risk band: High,"Risk drivers: Failed Payments, High Support Burden.",$49.00 revenue at risk,Escalate to churn prevention workflow,Medium
TRC-365B340668,2026-05-07T23:36:41.652590+00:00,ChurnRisk,CUST-1417fc7c,Failed Payments,Risk band: High,Risk drivers: Failed Payments.,$49.00 revenue at risk,Escalate to churn prevention workflow,Medium
TRC-D72133A8A7,2026-05-07T23:36:41.652595+00:00,ChurnRisk,CUST-2ea04158,"Failed Payments, High Support Burden",Risk band: High,"Risk drivers: Failed Payments, High Support Burden.",$49.00 revenue at risk,Escalate to churn prevention workflow,Medium
TRC-5B08E5B4DA,2026-05-07T23:36:41.652600+00:00,ChurnRisk,CUST-e61849a6,Failed Payments,Risk band: High,Risk drivers: Failed Payments.,$499.00 revenue at risk,Escalate to churn prevention workflow,Medium
TRC-D20A8D6157,2026-05-07T23:36:41.652605+00:00,ChurnRisk,CUST-e4444551,"Low NPS, High Support Burden",Risk band: High,"Risk drivers: Low NPS, High Support Burden.",$49.00 revenue at risk,Escalate to churn prevention workflow,Medium
TRC-BEB7059925,2026-05-07T23:36:41.652610+00:00,ChurnRisk,CUST-e70100eb,Failed Payments,Risk band: High,Risk drivers: Failed Payments.,$49.00 revenue at risk,Escalate to churn prevention workflow,Medium
TRC-B08A83B7AC,2026-05-07T23:36:41.652615+00:00,ChurnRisk,CUST-bb2bf573,"Failed Payments, High Support Burden",Risk band: High,"Risk drivers: Failed Payments, High Support Burden.",$499.00 revenue at risk,Escalate to churn prevention workflow,Medium
TRC-E2B88A5E33,2026-05-07T23:36:41.652620+00:00,ChurnRisk,CUST-d6f2ff33,Failed Payments,Risk band: High,Risk drivers: Failed Payments.,$199.00 revenue at risk,Escalate to churn prevention workflow,Medium
TRC-3132083EE2,2026-05-07T23:36:41.652625+00:00,ChurnRisk,CUST-f0d03016,Failed Payments,Risk band: High,Risk drivers: Failed Payments.,$199.00 revenue at risk,Escalate to churn prevention workflow,Medium
TRC-9C19CAA0D0,2026-05-07T23:36:41.652630+00:00,ChurnRisk,CUST-3a2fe662,Failed Payments,Risk band: High,Risk drivers: Failed Payments.,"$1,999.00 revenue at risk",Escalate to churn prevention workflow,Medium
TRC-262FA09008,2026-05-07T23:36:41.652635+00:00,ChurnRisk,CUST-2a7aaa3c,"Failed Payments, High Support Burden",Risk band: High,"Risk drivers: Failed Payments, High Support Burden.","$1,999.00 revenue at risk",Escalate to churn prevention workflow,Medium
TRC-242B88C209,2026-05-07T23:36:41.652640+00:00,ChurnRisk,CUST-ca80ff3c,"Failed Payments, High Support Burden",Risk band: High,"Risk drivers: Failed Payments, High Support Burden.",$49.00 revenue at risk,Escalate to churn prevention workflow,Medium
TRC-5B346D523A,2026-05-07T23:36:41.652645+00:00,ChurnRisk,CUST-a826fb49,Failed Payments,Risk band: High,Risk drivers: Failed Payments.,$49.00 revenue at risk,Escalate to churn prevention workflow,Medium
TRC-D8DB750464,2026-05-07T23:36:41.652650+00:00,ChurnRisk,CUST-fcd6b1ef,"Failed Payments, High Support Burden",Risk band: High,"Risk drivers: Failed Payments, High Support Burden.",No direct revenue at risk identified,Escalate to churn prevention workflow,Medium
TRC-522D2FB8C0,2026-05-07T23:36:41.652654+00:00,ChurnRisk,CUST-e2fbc4f3,Failed Payments,Risk band: High,Risk drivers: Failed Payments.,$49.00 revenue at risk,Escalate to churn prevention workflow,Medium
TRC-A38528B8EE,2026-05-07T23:36:41.652659+00:00,ChurnRisk,CUST-89733cd2,Failed Payments,Risk band: High,Risk drivers: Failed Payments.,$199.00 revenue at risk,Escalate to churn prevention workflow,Medium
TRC-2E3982229C,2026-05-07T23:36:41.652664+00:00,ChurnRisk,CUST-cd170a73,Failed Payments,Risk band: High,Risk drivers: Failed Payments.,$199.00 revenue at risk,Escalate to churn prevention workflow,Medium
TRC-B4184452CB,2026-05-07T23:36:41.652669+00:00,ChurnRisk,CUST-f2e5ddd1,"Low NPS, Failed Payments",Risk band: High,"Risk drivers: Low NPS, Failed Payments.","$1,999.00 revenue at risk",Escalate to churn prevention workflow,Medium
TRC-431FF16C42,2026-05-07T23:36:41.652674+00:00,ChurnRisk,CUST-839a52a7,Failed Payments,Risk band: High,Risk drivers: Failed Payments.,$49.00 revenue at risk,Escalate to churn prevention workflow,Medium
TRC-56D2F68FD3,2026-05-07T23:36:41.652678+00:00,ChurnRisk,CUST-b9765b63,Failed Payments,Risk band: High,Risk drivers: Failed Payments.,$49.00 revenue at risk,Escalate to churn prevention workflow,Medium
TRC-CD59351BAA,2026-05-07T23:36:41.652683+00:00,ChurnRisk,CUST-8d21bf3c,"Low NPS, Failed Payments",Risk band: High,"Risk drivers: Low NPS, Failed Payments.",No direct revenue at risk identified,Escalate to churn prevention workflow,Medium
TRC-C162FEF682,2026-05-07T23:36:41.652689+00:00,ChurnRisk,CUST-4472d4ec,Failed Payments,Risk band: High,Risk drivers: Failed Payments.,$199.00 revenue at risk,Escalate to churn prevention workflow,Medium
TRC-7E4A2631F0,2026-05-07T23:36:41.652694+00:00,ChurnRisk,CUST-1aa37a90,"Failed Payments, High Support Burden",Risk band: High,"Risk drivers: Failed Payments, High Support Burden.",$499.00 revenue at risk,Escalate to churn prevention workflow,Medium
TRC-AA1D7A247E,2026-05-07T23:36:41.652699+00:00,ChurnRisk,CUST-348cdf22,"Failed Payments, High Support Burden",Risk band: High,"Risk drivers: Failed Payments, High Support Burden.",$199.00 revenue at risk,Escalate to churn prevention workflow,Medium
TRC-2F29BA5C0A,2026-05-07T23:36:41.652704+00:00,ChurnRisk,CUST-18fa4144,"Failed Payments, High Support Burden",Risk band: High,"Risk drivers: Failed Payments, High Support Burden.",$49.00 revenue at risk,Escalate to churn prevention workflow,Medium
TRC-A5FAFCEC9E,2026-05-07T23:36:41.652709+00:00,ChurnRisk,CUST-3914335e,Failed Payments,Risk band: High,Risk drivers: Failed Payments.,$49.00 revenue at risk,Escalate to churn prevention workflow,Medium
TRC-37E98DDF42,2026-05-07T23:36:41.652714+00:00,ChurnRisk,CUST-ac63e218,Failed Payments,Risk band: High,Risk drivers: Failed Payments.,$499.00 revenue at risk,Escalate to churn prevention workflow,Medium
TRC-0B058F40F4,2026-05-07T23:36:41.652719+00:00,ChurnRisk,CUST-60e8efb0,Failed Payments,Risk band: High,Risk drivers: Failed Payments.,$49.00 revenue at risk,Escalate to churn prevention workflow,Medium
TRC-83D1914BA0,2026-05-07T23:36:41.652724+00:00,ChurnRisk,CUST-bd82bffe,Failed Payments,Risk band: High,Risk drivers: Failed Payments.,$199.00 revenue at risk,Escalate to churn prevention workflow,Medium
TRC-2241559AE8,2026-05-07T23:36:41.652729+00:00,ChurnRisk,CUST-5c38042a,Failed Payments,Risk band: High,Risk drivers: Failed Payments.,$499.00 revenue at risk,Escalate to churn prevention workflow,Medium
TRC-B77058E7D6,2026-05-07T23:36:41.652734+00:00,ChurnRisk,CUST-cacda794,Failed Payments,Risk band: High,Risk drivers: Failed Payments.,$49.00 revenue at risk,Escalate to churn prevention workflow,Medium
TRC-539D73DB40,2026-05-07T23:36:41.652739+00:00,ChurnRisk,CUST-9be3ce11,"Failed Payments, High Support Burden",Risk band: High,"Risk drivers: Failed Payments, High Support Burden.",$499.00 revenue at risk,Escalate to churn prevention workflow,Medium
TRC-9646051005,2026-05-07T23:36:41.652744+00:00,ChurnRisk,CUST-b7f95bb4,"Failed Payments, High Support Burden",Risk band: High,"Risk drivers: Failed Payments, High Support Burden.",$49.00 revenue at risk,Escalate to churn prevention workflow,Medium
TRC-B2557B3DE8,2026-05-07T23:36:41.652748+00:00,ChurnRisk,CUST-c53c7f77,Failed Payments,Risk band: High,Risk drivers: Failed Payments.,$499.00 revenue at risk,Escalate to churn prevention workflow,Medium
TRC-7F90B05F85,2026-05-07T23:36:41.652753+00:00,ChurnRisk,CUST-3ab47599,"Failed Payments, High Support Burden",Risk band: High,"Risk drivers: Failed Payments, High Support Burden.",$49.00 revenue at risk,Escalate to churn prevention workflow,Medium
TRC-2BA7D4EF50,2026-05-07T23:36:41.652758+00:00,ChurnRisk,CUST-b69f751d,Failed Payments,Risk band: High,Risk drivers: Failed Payments.,$199.00 revenue at risk,Escalate to churn prevention workflow,Medium
TRC-B3B8F78B15,2026-05-07T23:36:41.652763+00:00,ChurnRisk,CUST-04c697df,Failed Payments,Risk band: High,Risk drivers: Failed Payments.,$199.00 revenue at risk,Escalate to churn prevention workflow,Medium
TRC-621630D20F,2026-05-07T23:36:41.652768+00:00,ChurnRisk,CUST-364c9b76,Failed Payments,Risk band: High,Risk drivers: Failed Payments.,$499.00 revenue at risk,Escalate to churn prevention workflow,Medium
TRC-B7F7BCF2BB,2026-05-07T23:36:41.652773+00:00,ChurnRisk,CUST-26bfed01,Failed Payments,Risk band: High,Risk drivers: Failed Payments.,$199.00 revenue at risk,Escalate to churn prevention workflow,Medium
TRC-2353E26975,2026-05-07T23:36:41.652778+00:00,ChurnRisk,CUST-6bb28005,Failed Payments,Risk band: High,Risk drivers: Failed Payments.,$49.00 revenue at risk,Escalate to churn prevention workflow,Medium
TRC-636665A654,2026-05-07T23:36:41.652783+00:00,ChurnRisk,CUST-3d8bc058,Failed Payments,Risk band: High,Risk drivers: Failed Payments.,$49.00 revenue at risk,Escalate to churn prevention workflow,Medium
TRC-1C05218EEA,2026-05-07T23:36:41.652788+00:00,ChurnRisk,CUST-b8b3c3da,"Failed Payments, High Support Burden",Risk band: High,"Risk drivers: Failed Payments, High Support Burden.",$199.00 revenue at risk,Escalate to churn prevention workflow,Medium
TRC-1DB12F955D,2026-05-07T23:36:41.652793+00:00,ChurnRisk,CUST-9c06615b,"Low NPS, Failed Payments",Risk band: High,"Risk drivers: Low NPS, Failed Payments.",$49.00 revenue at risk,Escalate to churn prevention workflow,Medium
TRC-0195BF7DD5,2026-05-07T23:36:41.652797+00:00,ChurnRisk,CUST-271deeed,"Failed Payments, High Support Burden",Risk band: High,"Risk drivers: Failed Payments, High Support Burden.",$49.00 revenue at risk,Escalate to churn prevention workflow,Medium
TRC-EB99BD7BF0,2026-05-07T23:36:41.652802+00:00,ChurnRisk,CUST-87787fad,Failed Payments,Risk band: High,Risk drivers: Failed Payments.,$49.00 revenue at risk,Escalate to churn prevention workflow,Medium
TRC-B414134462,2026-05-07T23:36:41.652807+00:00,ChurnRisk,CUST-892c453c,"Failed Payments, High Support Burden",Risk band: High,"Risk drivers: Failed Payments, High Support Burden.","$1,999.00 revenue at risk",Escalate to churn prevention workflow,Medium
TRC-D9B5CCA6D1,2026-05-07T23:36:41.652812+00:00,ChurnRisk,CUST-54dc1511,"Low NPS, Failed Payments",Risk band: High,"Risk drivers: Low NPS, Failed Payments.","$1,999.00 revenue at risk",Escalate to churn prevention workflow,Medium
TRC-365C60A6B2,2026-05-07T23:36:41.652817+00:00,ChurnRisk,CUST-c58071a6,Failed Payments,Risk band: High,Risk drivers: Failed Payments.,$49.00 revenue at risk,Escalate to churn prevention workflow,Medium
TRC-998ACD2B5C,2026-05-07T23:36:41.652822+00:00,ChurnRisk,CUST-3386dd93,"Failed Payments, High Support Burden",Risk band: High,"Risk drivers: Failed Payments, High Support Burden.",$49.00 revenue at risk,Escalate to churn prevention workflow,Medium
TRC-02B50F6652,2026-05-07T23:36:41.652828+00:00,ChurnRisk,CUST-27baa4d2,Failed Payments,Risk band: High,Risk drivers: Failed Payments.,$499.00 revenue at risk,Escalate to churn prevention workflow,Medium
TRC-8878ADD65D,2026-05-07T23:36:41.652833+00:00,ChurnRisk,CUST-a603701d,"Failed Payments, High Support Burden",Risk band: High,"Risk drivers: Failed Payments, High Support Burden.",$199.00 revenue at risk,Escalate to churn prevention workflow,Medium
TRC-E74D8305DF,2026-05-07T23:36:41.652837+00:00,ChurnRisk,CUST-74216ecd,Failed Payments,Risk band: High,Risk drivers: Failed Payments.,$499.00 revenue at risk,Escalate to churn prevention workflow,Medium
TRC-EA9F076845,2026-05-07T23:36:41.652843+00:00,ChurnRisk,CUST-1cad3a11,"Failed Payments, High Support Burden",Risk band: High,"Risk drivers: Failed Payments, High Support Burden.",No direct revenue at risk identified,Escalate to churn prevention workflow,Medium
TRC-687D4C63B0,2026-05-07T23:36:41.652848+00:00,ChurnRisk,CUST-2b5d13ff,"Failed Payments, High Support Burden",Risk band: High,"Risk drivers: Failed Payments, High Support Burden.",$499.00 revenue at risk,Escalate to churn prevention workflow,Medium
TRC-854AE567E0,2026-05-07T23:36:41.652852+00:00,ChurnRisk,CUST-2cfca522,"Failed Payments, High Support Burden",Risk band: High,"Risk drivers: Failed Payments, High Support Burden.",No direct revenue at risk identified,Escalate to churn prevention workflow,Medium
TRC-061913AA97,2026-05-07T23:36:41.652858+00:00,ChurnRisk,CUST-a5133d37,Failed Payments,Risk band: High,Risk drivers: Failed Payments.,$49.00 revenue at risk,Escalate to churn prevention workflow,Medium
TRC-8489E8E1E5,2026-05-07T23:36:41.652863+00:00,ChurnRisk,CUST-7b5782ab,"Failed Payments, High Support Burden",Risk band: High,"Risk drivers: Failed Payments, High Support Burden.",$199.00 revenue at risk,Escalate to churn prevention workflow,Medium
TRC-91A43E6A60,2026-05-07T23:36:41.652868+00:00,ChurnRisk,CUST-07c52bee,"Failed Payments, High Support Burden",Risk band: High,"Risk drivers: Failed Payments, High Support Burden.",$49.00 revenue at risk,Escalate to churn prevention workflow,Medium
TRC-E5F3EC39C4,2026-05-07T23:36:41.652873+00:00,ChurnRisk,CUST-5d59663c,"Failed Payments, High Support Burden",Risk band: High,"Risk drivers: Failed Payments, High Support Burden.",$199.00 revenue at risk,Escalate to churn prevention workflow,Medium
TRC-4401DCE31B,2026-05-07T23:36:41.652878+00:00,ChurnRisk,CUST-53ded5c3,Failed Payments,Risk band: High,Risk drivers: Failed Payments.,"$1,999.00 revenue at risk",Escalate to churn prevention workflow,Medium
TRC-EF7C1546B6,2026-05-07T23:36:41.652883+00:00,ChurnRisk,CUST-e725748e,Failed Payments,Risk band: High,Risk drivers: Failed Payments.,$199.00 revenue at risk,Escalate to churn prevention workflow,Medium
TRC-924308BA5D,2026-05-07T23:36:41.652888+00:00,ChurnRisk,CUST-52d6f3c7,Failed Payments,Risk band: High,Risk drivers: Failed Payments.,$199.00 revenue at risk,Escalate to churn prevention workflow,Medium
TRC-BD4F2AC2EE,2026-05-07T23:36:41.652893+00:00,ChurnRisk,CUST-406f53c7,Failed Payments,Risk band: High,Risk drivers: Failed Payments.,$499.00 revenue at risk,Escalate to churn prevention workflow,Medium
TRC-7FD6C39DB4,2026-05-07T23:36:41.652898+00:00,ChurnRisk,CUST-92011be6,"Failed Payments, High Support Burden",Risk band: High,"Risk drivers: Failed Payments, High Support Burden.",$199.00 revenue at risk,Escalate to churn prevention workflow,Medium
TRC-608B46BB99,2026-05-07T23:36:41.652903+00:00,ChurnRisk,CUST-3f70a795,Failed Payments,Risk band: High,Risk drivers: Failed Payments.,$499.00 revenue at risk,Escalate to churn prevention workflow,Medium
TRC-1B31F3DE94,2026-05-07T23:36:41.652908+00:00,ChurnRisk,CUST-2948ba10,"Failed Payments, High Support Burden",Risk band: High,"Risk drivers: Failed Payments, High Support Burden.",$49.00 revenue at risk,Escalate to churn prevention workflow,Medium
TRC-2176A539E3,2026-05-07T23:36:41.652913+00:00,ChurnRisk,CUST-92d3b556,"Failed Payments, High Support Burden",Risk band: High,"Risk drivers: Failed Payments, High Support Burden.","$1,999.00 revenue at risk",Escalate to churn prevention workflow,Medium
TRC-90F34C6B35,2026-05-07T23:36:41.652918+00:00,ChurnRisk,CUST-24d7d2ff,Failed Payments,Risk band: High,Risk drivers: Failed Payments.,$49.00 revenue at risk,Escalate to churn prevention workflow,Medium
TRC-3B818EDE90,2026-05-07T23:36:41.652923+00:00,ChurnRisk,CUST-f073137a,"Failed Payments, High Support Burden",Risk band: High,"Risk drivers: Failed Payments, High Support Burden.",$499.00 revenue at risk,Escalate to churn prevention workflow,Medium
TRC-09FA6C5A2B,2026-05-07T23:36:41.652928+00:00,ChurnRisk,CUST-5962c7a7,"Usage Decline, Low Product Engagement",Risk band: High,"Risk drivers: Usage Decline, Low Product Engagement.",$199.00 revenue at risk,Escalate to churn prevention workflow,Medium
TRC-369223382E,2026-05-07T23:36:41.652933+00:00,ChurnRisk,CUST-33a9ad5e,"Failed Payments, High Support Burden",Risk band: High,"Risk drivers: Failed Payments, High Support Burden.",$499.00 revenue at risk,Escalate to churn prevention workflow,Medium
TRC-CC8679FA0C,2026-05-07T23:36:41.652938+00:00,ChurnRisk,CUST-621c3ee9,Failed Payments,Risk band: High,Risk drivers: Failed Payments.,$499.00 revenue at risk,Escalate to churn prevention workflow,Medium
TRC-FFC8889C27,2026-05-07T23:36:41.652942+00:00,ChurnRisk,CUST-42e59afc,"Low NPS, High Support Burden",Risk band: High,"Risk drivers: Low NPS, High Support Burden.",$199.00 revenue at risk,Escalate to churn prevention workflow,Medium
TRC-500A9AFE7F,2026-05-07T23:36:41.652947+00:00,ChurnRisk,CUST-aac04c27,Failed Payments,Risk band: High,Risk drivers: Failed Payments.,$199.00 revenue at risk,Escalate to churn prevention workflow,Medium
TRC-EC7D4AA1D5,2026-05-07T23:36:41.652952+00:00,ChurnRisk,CUST-220e7a26,"Failed Payments, High Support Burden",Risk band: High,"Risk drivers: Failed Payments, High Support Burden.",$199.00 revenue at risk,Escalate to churn prevention workflow,Medium
TRC-5C32F77CC1,2026-05-07T23:36:41.652957+00:00,ChurnRisk,CUST-1784946c,Failed Payments,Risk band: High,Risk drivers: Failed Payments.,$199.00 revenue at risk,Escalate to churn prevention workflow,Medium
TRC-E84A7F8D18,2026-05-07T23:36:41.652961+00:00,ChurnRisk,CUST-0f7f7063,"Failed Payments, High Support Burden",Risk band: High,"Risk drivers: Failed Payments, High Support Burden.",$199.00 revenue at risk,Escalate to churn prevention workflow,Medium
TRC-40A703324C,2026-05-07T23:36:41.652966+00:00,ChurnRisk,CUST-6c89943a,"Low NPS, Failed Payments",Risk band: High,"Risk drivers: Low NPS, Failed Payments.",$199.00 revenue at risk,Escalate to churn prevention workflow,Medium
TRC-A15EC0F37A,2026-05-07T23:36:41.652971+00:00,ChurnRisk,CUST-24728d1d,"Failed Payments, High Support Burden",Risk band: High,"Risk drivers: Failed Payments, High Support Burden.",$199.00 revenue at risk,Escalate to churn prevention workflow,Medium
TRC-5DC4566EDB,2026-05-07T23:36:41.652976+00:00,ChurnRisk,CUST-01797a38,"Failed Payments, High Support Burden",Risk band: High,"Risk drivers: Failed Payments, High Support Burden.","$1,999.00 revenue at risk",Escalate to churn prevention workflow,Medium
TRC-7619A87C31,2026-05-07T23:36:41.652980+00:00,ChurnRisk,CUST-a073f0d8,Failed Payments,Risk band: High,Risk drivers: Failed Payments.,$499.00 revenue at risk,Escalate to churn prevention workflow,Medium
TRC-E340D5D63C,2026-05-07T23:36:41.652985+00:00,ChurnRisk,CUST-194604c9,Failed Payments,Risk band: High,Risk drivers: Failed Payments.,$199.00 revenue at risk,Escalate to churn prevention workflow,Medium
TRC-D0B2389AC3,2026-05-07T23:36:41.652992+00:00,ChurnRisk,CUST-fbd59239,"Failed Payments, High Support Burden",Risk band: High,"Risk drivers: Failed Payments, High Support Burden.",$199.00 revenue at risk,Escalate to churn prevention workflow,Medium
TRC-BED3754F00,2026-05-07T23:36:41.652997+00:00,ChurnRisk,CUST-c0aee559,Failed Payments,Risk band: High,Risk drivers: Failed Payments.,$49.00 revenue at risk,Escalate to churn prevention workflow,Medium
TRC-C44C0724E5,2026-05-07T23:36:41.653002+00:00,ChurnRisk,CUST-395a9489,"Failed Payments, High Support Burden",Risk band: High,"Risk drivers: Failed Payments, High Support Burden.",$499.00 revenue at risk,Escalate to churn prevention workflow,Medium
TRC-0897A26ADF,2026-05-07T23:36:41.653007+00:00,ChurnRisk,CUST-415672dc,"Low NPS, Failed Payments, High Support Burden",Risk band: Critical,"Risk drivers: Low NPS, Failed Payments, High Support Burden.",$499.00 revenue at risk,Escalate to churn prevention workflow,High
TRC-ABA124D1BA,2026-05-07T23:36:41.653012+00:00,ChurnRisk,CUST-bb5b4c74,Failed Payments,Risk band: High,Risk drivers: Failed Payments.,$49.00 revenue at risk,Escalate to churn prevention workflow,Medium
TRC-1825330851,2026-05-07T23:36:41.653017+00:00,ChurnRisk,CUST-57ea5bcd,Failed Payments,Risk band: High,Risk drivers: Failed Payments.,$49.00 revenue at risk,Escalate to churn prevention workflow,Medium
TRC-33552DF001,2026-05-07T23:36:41.653021+00:00,ChurnRisk,CUST-ed719c24,Failed Payments,Risk band: High,Risk drivers: Failed Payments.,No direct revenue at risk identified,Escalate to churn prevention workflow,Medium
TRC-7558D49183,2026-05-07T23:36:41.653026+00:00,ChurnRisk,CUST-c04282ff,"Usage Decline, Low Product Engagement",Risk band: High,"Risk drivers: Usage Decline, Low Product Engagement.",$199.00 revenue at risk,Escalate to churn prevention workflow,Medium
TRC-0825A90026,2026-05-07T23:36:41.653032+00:00,ChurnRisk,CUST-62c0fc0b,"Low NPS, Failed Payments, High Support Burden",Risk band: Critical,"Risk drivers: Low NPS, Failed Payments, High Support Burden.",$49.00 revenue at risk,Escalate to churn prevention workflow,High
TRC-4EBB489817,2026-05-07T23:36:41.653037+00:00,ChurnRisk,CUST-83303441,"Failed Payments, High Support Burden",Risk band: High,"Risk drivers: Failed Payments, High Support Burden.",$499.00 revenue at risk,Escalate to churn prevention workflow,Medium
TRC-CA04913440,2026-05-07T23:36:41.653042+00:00,ChurnRisk,CUST-7bb8add6,Failed Payments,Risk band: High,Risk drivers: Failed Payments.,$199.00 revenue at risk,Escalate to churn prevention workflow,Medium
TRC-F6E5E86461,2026-05-07T23:36:41.653047+00:00,ChurnRisk,CUST-af980b61,Failed Payments,Risk band: High,Risk drivers: Failed Payments.,$49.00 revenue at risk,Escalate to churn prevention workflow,Medium
TRC-86000D4C3B,2026-05-07T23:36:41.653052+00:00,ChurnRisk,CUST-8996a7b1,"Failed Payments, High Support Burden",Risk band: High,"Risk drivers: Failed Payments, High Support Burden.",$499.00 revenue at risk,Escalate to churn prevention workflow,Medium
TRC-805D0C7240,2026-05-07T23:36:41.653057+00:00,ChurnRisk,CUST-086367e3,"Failed Payments, High Support Burden",Risk band: High,"Risk drivers: Failed Payments, High Support Burden.",$49.00 revenue at risk,Escalate to churn prevention workflow,Medium
TRC-7350682120,2026-05-07T23:36:41.653062+00:00,ChurnRisk,CUST-0a941d35,Failed Payments,Risk band: High,Risk drivers: Failed Payments.,$499.00 revenue at risk,Escalate to churn prevention workflow,Medium
TRC-4BD9875387,2026-05-07T23:36:41.653067+00:00,ChurnRisk,CUST-e8d2fb76,"Failed Payments, High Support Burden",Risk band: High,"Risk drivers: Failed Payments, High Support Burden.",$49.00 revenue at risk,Escalate to churn prevention workflow,Medium
TRC-DF78FC307D,2026-05-07T23:36:41.653071+00:00,ChurnRisk,CUST-304ddb28,"Failed Payments, High Support Burden",Risk band: High,"Risk drivers: Failed Payments, High Support Burden.",$49.00 revenue at risk,Escalate to churn prevention workflow,Medium
TRC-9411B585F9,2026-05-07T23:36:41.653076+00:00,ChurnRisk,CUST-e8e9ca82,"Low NPS, High Support Burden",Risk band: High,"Risk drivers: Low NPS, High Support Burden.",$499.00 revenue at risk,Escalate to churn prevention workflow,Medium
TRC-153DAF4BC0,2026-05-07T23:36:41.653081+00:00,ChurnRisk,CUST-1670f047,Failed Payments,Risk band: High,Risk drivers: Failed Payments.,$199.00 revenue at risk,Escalate to churn prevention workflow,Medium
TRC-8ABE8B5B27,2026-05-07T23:36:41.653086+00:00,ChurnRisk,CUST-d27ed070,Failed Payments,Risk band: High,Risk drivers: Failed Payments.,$49.00 revenue at risk,Escalate to churn prevention workflow,Medium
TRC-D40634EAFD,2026-05-07T23:36:41.653091+00:00,ChurnRisk,CUST-f8c8366f,Failed Payments,Risk band: High,Risk drivers: Failed Payments.,$499.00 revenue at risk,Escalate to churn prevention workflow,Medium
TRC-8119A9F8BB,2026-05-07T23:36:41.653096+00:00,ChurnRisk,CUST-907d135d,"Failed Payments, High Support Burden",Risk band: High,"Risk drivers: Failed Payments, High Support Burden.",$49.00 revenue at risk,Escalate to churn prevention workflow,Medium
TRC-62F81B5E30,2026-05-07T23:36:41.653100+00:00,ChurnRisk,CUST-fdecbfeb,"Low NPS, Failed Payments",Risk band: High,"Risk drivers: Low NPS, Failed Payments.",No direct revenue at risk identified,Escalate to churn prevention workflow,Medium
TRC-13803938A8,2026-05-07T23:36:41.653105+00:00,ChurnRisk,CUST-cf77f9ee,Failed Payments,Risk band: High,Risk drivers: Failed Payments.,$199.00 revenue at risk,Escalate to churn prevention workflow,Medium
TRC-52E95A422E,2026-05-07T23:36:41.653110+00:00,ChurnRisk,CUST-826334be,Failed Payments,Risk band: High,Risk drivers: Failed Payments.,$199.00 revenue at risk,Escalate to churn prevention workflow,Medium
TRC-FFF92DD1BC,2026-05-07T23:36:41.653115+00:00,ChurnRisk,CUST-b21e56d9,Failed Payments,Risk band: High,Risk drivers: Failed Payments.,$49.00 revenue at risk,Escalate to churn prevention workflow,Medium
TRC-B65A6C2FCD,2026-05-07T23:36:41.653119+00:00,ChurnRisk,CUST-e868444e,"Failed Payments, High Support Burden",Risk band: High,"Risk drivers: Failed Payments, High Support Burden.",$49.00 revenue at risk,Escalate to churn prevention workflow,Medium
TRC-1740C68833,2026-05-07T23:36:41.653125+00:00,ChurnRisk,CUST-94124961,Failed Payments,Risk band: High,Risk drivers: Failed Payments.,$199.00 revenue at risk,Escalate to churn prevention workflow,Medium
TRC-2BAA8EF62C,2026-05-07T23:36:41.653130+00:00,ChurnRisk,CUST-beb88148,Failed Payments,Risk band: High,Risk drivers: Failed Payments.,"$1,999.00 revenue at risk",Escalate to churn prevention workflow,Medium
TRC-1A9C204E25,2026-05-07T23:36:41.653134+00:00,ChurnRisk,CUST-e9f0797f,Failed Payments,Risk band: High,Risk drivers: Failed Payments.,$199.00 revenue at risk,Escalate to churn prevention workflow,Medium
TRC-5AA0933DCF,2026-05-07T23:36:41.653139+00:00,ChurnRisk,CUST-ca6824c8,Failed Payments,Risk band: High,Risk drivers: Failed Payments.,$199.00 revenue at risk,Escalate to churn prevention workflow,Medium
TRC-F8DF2A4D7A,2026-05-07T23:36:41.653144+00:00,ChurnRisk,CUST-25484b8a,"Failed Payments, High Support Burden",Risk band: High,"Risk drivers: Failed Payments, High Support Burden.",$199.00 revenue at risk,Escalate to churn prevention workflow,Medium
TRC-AD22F38F1F,2026-05-07T23:36:41.653149+00:00,ChurnRisk,CUST-552a5331,Failed Payments,Risk band: High,Risk drivers: Failed Payments.,$49.00 revenue at risk,Escalate to churn prevention workflow,Medium
TRC-B4DA3AB19C,2026-05-07T23:36:41.653154+00:00,ChurnRisk,CUST-86f95a44,"Failed Payments, High Support Burden",Risk band: High,"Risk drivers: Failed Payments, High Support Burden.",$49.00 revenue at risk,Escalate to churn prevention workflow,Medium
TRC-D79207B086,2026-05-07T23:36:41.653159+00:00,ChurnRisk,CUST-a3aaca07,Failed Payments,Risk band: High,Risk drivers: Failed Payments.,$499.00 revenue at risk,Escalate to churn prevention workflow,Medium
TRC-A49B6A5CC5,2026-05-07T23:36:41.653164+00:00,ChurnRisk,CUST-1872b077,"Low NPS, Failed Payments",Risk band: High,"Risk drivers: Low NPS, Failed Payments.",$199.00 revenue at risk,Escalate to churn prevention workflow,Medium
TRC-1411EA3655,2026-05-07T23:36:41.653169+00:00,ChurnRisk,CUST-a6db66d7,Failed Payments,Risk band: High,Risk drivers: Failed Payments.,$49.00 revenue at risk,Escalate to churn prevention workflow,Medium
TRC-1E7F1421CC,2026-05-07T23:36:41.653174+00:00,ChurnRisk,CUST-19902bad,Failed Payments,Risk band: High,Risk drivers: Failed Payments.,"$1,999.00 revenue at risk",Escalate to churn prevention workflow,Medium
TRC-53D04D741A,2026-05-07T23:36:41.653180+00:00,ChurnRisk,CUST-a79fd18c,Failed Payments,Risk band: High,Risk drivers: Failed Payments.,$49.00 revenue at risk,Escalate to churn prevention workflow,Medium
TRC-43268F4D15,2026-05-07T23:36:41.653185+00:00,ChurnRisk,CUST-1aaae25a,Failed Payments,Risk band: High,Risk drivers: Failed Payments.,$49.00 revenue at risk,Escalate to churn prevention workflow,Medium
TRC-6D7BE65441,2026-05-07T23:36:41.653190+00:00,ChurnRisk,CUST-72e13ca0,Failed Payments,Risk band: High,Risk drivers: Failed Payments.,$499.00 revenue at risk,Escalate to churn prevention workflow,Medium
TRC-4858CA8289,2026-05-07T23:36:41.653195+00:00,ChurnRisk,CUST-dccac442,"Low NPS, Failed Payments",Risk band: High,"Risk drivers: Low NPS, Failed Payments.",$499.00 revenue at risk,Escalate to churn prevention workflow,Medium
TRC-E0EFF98C14,2026-05-07T23:36:41.653200+00:00,ChurnRisk,CUST-c9d81e17,Failed Payments,Risk band: High,Risk drivers: Failed Payments.,$499.00 revenue at risk,Escalate to churn prevention workflow,Medium
TRC-1F6951818A,2026-05-07T23:36:41.653204+00:00,ChurnRisk,CUST-c2ae48b4,Failed Payments,Risk band: High,Risk drivers: Failed Payments.,No direct revenue at risk identified,Escalate to churn prevention workflow,Medium
TRC-627F946F33,2026-05-07T23:36:41.653209+00:00,ChurnRisk,CUST-073975b8,"Failed Payments, High Support Burden",Risk band: High,"Risk drivers: Failed Payments, High Support Burden.",$199.00 revenue at risk,Escalate to churn prevention workflow,Medium
TRC-6418F276CA,2026-05-07T23:36:41.653214+00:00,ChurnRisk,CUST-44e61b12,Failed Payments,Risk band: High,Risk drivers: Failed Payments.,$499.00 revenue at risk,Escalate to churn prevention workflow,Medium
TRC-A1084008B7,2026-05-07T23:36:41.653219+00:00,ChurnRisk,CUST-90a27133,Failed Payments,Risk band: High,Risk drivers: Failed Payments.,$499.00 revenue at risk,Escalate to churn prevention workflow,Medium
TRC-07C6EB35E8,2026-05-07T23:36:41.653224+00:00,ChurnRisk,CUST-601d86d4,Failed Payments,Risk band: High,Risk drivers: Failed Payments.,$49.00 revenue at risk,Escalate to churn prevention workflow,Medium
TRC-DE851FEE5A,2026-05-07T23:36:41.653229+00:00,ChurnRisk,CUST-c37a7a5d,Failed Payments,Risk band: High,Risk drivers: Failed Payments.,$49.00 revenue at risk,Escalate to churn prevention workflow,Medium
TRC-AE651F3946,2026-05-07T23:36:41.653234+00:00,ChurnRisk,CUST-2f73616f,"Failed Payments, High Support Burden",Risk band: High,"Risk drivers: Failed Payments, High Support Burden.",$199.00 revenue at risk,Escalate to churn prevention workflow,Medium
TRC-9710D1A63F,2026-05-07T23:36:41.653239+00:00,ChurnRisk,CUST-c573ccdc,"Failed Payments, High Support Burden",Risk band: High,"Risk drivers: Failed Payments, High Support Burden.",$49.00 revenue at risk,Escalate to churn prevention workflow,Medium
TRC-1865F7C254,2026-05-07T23:36:41.653243+00:00,ChurnRisk,CUST-9cb7af6e,Failed Payments,Risk band: High,Risk drivers: Failed Payments.,No direct revenue at risk identified,Escalate to churn prevention workflow,Medium
TRC-5E4E333A6F,2026-05-07T23:36:41.653248+00:00,ChurnRisk,CUST-3aa84233,Failed Payments,Risk band: High,Risk drivers: Failed Payments.,$49.00 revenue at risk,Escalate to churn prevention workflow,Medium
TRC-FDA668473D,2026-05-07T23:36:41.653253+00:00,ChurnRisk,CUST-15ef6802,"Low NPS, Failed Payments, High Support Burden",Risk band: Critical,"Risk drivers: Low NPS, Failed Payments, High Support Burden.",$49.00 revenue at risk,Escalate to churn prevention workflow,High
TRC-8426043D7F,2026-05-07T23:36:41.653258+00:00,ChurnRisk,CUST-1aa9bb8a,"Failed Payments, High Support Burden",Risk band: High,"Risk drivers: Failed Payments, High Support Burden.",$499.00 revenue at risk,Escalate to churn prevention workflow,Medium
TRC-88B03C6912,2026-05-07T23:36:41.653263+00:00,ChurnRisk,CUST-fefa1684,"Failed Payments, High Support Burden",Risk band: High,"Risk drivers: Failed Payments, High Support Burden.",$499.00 revenue at risk,Escalate to churn prevention workflow,Medium
TRC-3252B49E72,2026-05-07T23:36:41.653267+00:00,ChurnRisk,CUST-4bf17841,Failed Payments,Risk band: High,Risk drivers: Failed Payments.,$49.00 revenue at risk,Escalate to churn prevention workflow,Medium
TRC-410A387AB7,2026-05-07T23:36:41.653272+00:00,ChurnRisk,CUST-ae665b75,Failed Payments,Risk band: High,Risk drivers: Failed Payments.,$199.00 revenue at risk,Escalate to churn prevention workflow,Medium
TRC-B861E03B73,2026-05-07T23:36:41.653277+00:00,ChurnRisk,CUST-e3b9afa6,Failed Payments,Risk band: High,Risk drivers: Failed Payments.,$499.00 revenue at risk,Escalate to churn prevention workflow,Medium
TRC-8942C7A294,2026-05-07T23:36:41.653282+00:00,ChurnRisk,CUST-95fda2ae,"Failed Payments, High Support Burden",Risk band: High,"Risk drivers: Failed Payments, High Support Burden.",$49.00 revenue at risk,Escalate to churn prevention workflow,Medium
TRC-61C8E718B1,2026-05-07T23:36:41.653287+00:00,ChurnRisk,CUST-296b1437,"Failed Payments, High Support Burden",Risk band: High,"Risk drivers: Failed Payments, High Support Burden.",$499.00 revenue at risk,Escalate to churn prevention workflow,Medium
TRC-A3F99BA1D5,2026-05-07T23:36:41.653292+00:00,ChurnRisk,CUST-98a19a71,"Failed Payments, High Support Burden",Risk band: High,"Risk drivers: Failed Payments, High Support Burden.",$49.00 revenue at risk,Escalate to churn prevention workflow,Medium
TRC-37FCB7A3E0,2026-05-07T23:36:41.653298+00:00,ChurnRisk,CUST-f3870c47,"Failed Payments, High Support Burden",Risk band: High,"Risk drivers: Failed Payments, High Support Burden.",$499.00 revenue at risk,Escalate to churn prevention workflow,Medium
TRC-7BE23C62D9,2026-05-07T23:36:41.653303+00:00,ChurnRisk,CUST-83f5d0f2,"Failed Payments, High Support Burden",Risk band: High,"Risk drivers: Failed Payments, High Support Burden.",$199.00 revenue at risk,Escalate to churn prevention workflow,Medium
TRC-5B58D00E0E,2026-05-07T23:36:41.653308+00:00,ChurnRisk,CUST-5de962ce,Failed Payments,Risk band: High,Risk drivers: Failed Payments.,$49.00 revenue at risk,Escalate to churn prevention workflow,Medium
TRC-1696D737D1,2026-05-07T23:36:41.653313+00:00,ChurnRisk,CUST-aebcd965,Failed Payments,Risk band: High,Risk drivers: Failed Payments.,$499.00 revenue at risk,Escalate to churn prevention workflow,Medium
TRC-1D5FAF670E,2026-05-07T23:36:41.653318+00:00,ChurnRisk,CUST-11765a63,Failed Payments,Risk band: High,Risk drivers: Failed Payments.,$499.00 revenue at risk,Escalate to churn prevention workflow,Medium
TRC-FDA27C581F,2026-05-07T23:36:41.653323+00:00,ChurnRisk,CUST-b3df5ca0,"Failed Payments, High Support Burden",Risk band: High,"Risk drivers: Failed Payments, High Support Burden.",$49.00 revenue at risk,Escalate to churn prevention workflow,Medium
TRC-BD21334C8F,2026-05-07T23:36:41.653327+00:00,ChurnRisk,CUST-3891d61b,"Failed Payments, High Support Burden",Risk band: High,"Risk drivers: Failed Payments, High Support Burden.",$49.00 revenue at risk,Escalate to churn prevention workflow,Medium
TRC-B4773E0828,2026-05-07T23:36:41.653332+00:00,ChurnRisk,CUST-84f8c579,"Failed Payments, High Support Burden",Risk band: High,"Risk drivers: Failed Payments, High Support Burden.",$499.00 revenue at risk,Escalate to churn prevention workflow,Medium
TRC-5977A508A5,2026-05-07T23:36:41.653337+00:00,ChurnRisk,CUST-3bfdf691,Failed Payments,Risk band: High,Risk drivers: Failed Payments.,$49.00 revenue at risk,Escalate to churn prevention workflow,Medium
TRC-2676DF7365,2026-05-07T23:36:41.653342+00:00,ChurnRisk,CUST-f10abf18,"Failed Payments, High Support Burden",Risk band: High,"Risk drivers: Failed Payments, High Support Burden.","$1,999.00 revenue at risk",Escalate to churn prevention workflow,Medium
TRC-80630467E4,2026-05-07T23:36:41.653347+00:00,ChurnRisk,CUST-1b7f7730,"Failed Payments, High Support Burden",Risk band: High,"Risk drivers: Failed Payments, High Support Burden.",$499.00 revenue at risk,Escalate to churn prevention workflow,Medium
TRC-61A742F2D6,2026-05-07T23:36:41.653351+00:00,ChurnRisk,CUST-52b5a324,Failed Payments,Risk band: High,Risk drivers: Failed Payments.,$199.00 revenue at risk,Escalate to churn prevention workflow,Medium
TRC-A8291F39C2,2026-05-07T23:36:41.653357+00:00,ChurnRisk,CUST-a855ab31,Failed Payments,Risk band: High,Risk drivers: Failed Payments.,$49.00 revenue at risk,Escalate to churn prevention workflow,Medium
TRC-4123B45CD1,2026-05-07T23:36:41.653364+00:00,RevenueLeakage,CUST-002c8f91,Failed Payment,Leakage type: Failed Payment,1 failed transaction(s) totalling $49.00.,$49.00 estimated revenue loss,"Trigger automated dunning sequence: retry payment, then request updated payment method.",High
TRC-17B005D66E,2026-05-07T23:36:41.653370+00:00,RevenueLeakage,CUST-01797a38,Failed Payment,Leakage type: Failed Payment,"2 failed transaction(s) totalling $3,998.00.","$3,998.00 estimated revenue loss","Trigger automated dunning sequence: retry payment, then request updated payment method.",High
TRC-243E69E993,2026-05-07T23:36:41.653375+00:00,RevenueLeakage,CUST-01bbc282,Failed Payment,Leakage type: Failed Payment,1 failed transaction(s) totalling $49.00.,$49.00 estimated revenue loss,"Trigger automated dunning sequence: retry payment, then request updated payment method.",High
TRC-69E394FBE2,2026-05-07T23:36:41.653379+00:00,RevenueLeakage,CUST-01d5ceaa,Failed Payment,Leakage type: Failed Payment,"2 failed transaction(s) totalling $3,998.00.","$3,998.00 estimated revenue loss","Trigger automated dunning sequence: retry payment, then request updated payment method.",High
TRC-FB249852CB,2026-05-07T23:36:41.653385+00:00,RevenueLeakage,CUST-02dee19e,Failed Payment,Leakage type: Failed Payment,"1 failed transaction(s) totalling $1,999.00.","$1,999.00 estimated revenue loss","Trigger automated dunning sequence: retry payment, then request updated payment method.",High
TRC-DC044E1F50,2026-05-07T23:36:41.653389+00:00,RevenueLeakage,CUST-042545cd,Failed Payment,Leakage type: Failed Payment,1 failed transaction(s) totalling $49.00.,$49.00 estimated revenue loss,"Trigger automated dunning sequence: retry payment, then request updated payment method.",High
TRC-AECCCC0E66,2026-05-07T23:36:41.653393+00:00,RevenueLeakage,CUST-04bc0165,Failed Payment,Leakage type: Failed Payment,1 failed transaction(s) totalling $49.00.,$49.00 estimated revenue loss,"Trigger automated dunning sequence: retry payment, then request updated payment method.",High
TRC-C27EA98BEE,2026-05-07T23:36:41.653398+00:00,RevenueLeakage,CUST-04c697df,Failed Payment,Leakage type: Failed Payment,1 failed transaction(s) totalling $199.00.,$199.00 estimated revenue loss,"Trigger automated dunning sequence: retry payment, then request updated payment method.",High
TRC-CF3BD19554,2026-05-07T23:36:41.653402+00:00,RevenueLeakage,CUST-05913c5b,Failed Payment,Leakage type: Failed Payment,1 failed transaction(s) totalling $49.00.,$49.00 estimated revenue loss,"Trigger automated dunning sequence: retry payment, then request updated payment method.",High
TRC-58FACCFB47,2026-05-07T23:36:41.653407+00:00,RevenueLeakage,CUST-066830da,Failed Payment,Leakage type: Failed Payment,2 failed transaction(s) totalling $398.00.,$398.00 estimated revenue loss,"Trigger automated dunning sequence: retry payment, then request updated payment method.",High
TRC-0416E09BA7,2026-05-07T23:36:41.653411+00:00,RevenueLeakage,CUST-06954d24,Failed Payment,Leakage type: Failed Payment,1 failed transaction(s) totalling $49.00.,$49.00 estimated revenue loss,"Trigger automated dunning sequence: retry payment, then request updated payment method.",High
TRC-72C4C908A6,2026-05-07T23:36:41.653416+00:00,RevenueLeakage,CUST-073975b8,Failed Payment,Leakage type: Failed Payment,1 failed transaction(s) totalling $199.00.,$199.00 estimated revenue loss,"Trigger automated dunning sequence: retry payment, then request updated payment method.",High
TRC-8FF64E5B32,2026-05-07T23:36:41.653420+00:00,RevenueLeakage,CUST-07c52bee,Failed Payment,Leakage type: Failed Payment,1 failed transaction(s) totalling $49.00.,$49.00 estimated revenue loss,"Trigger automated dunning sequence: retry payment, then request updated payment method.",High
TRC-5CC83B8B5D,2026-05-07T23:36:41.653425+00:00,RevenueLeakage,CUST-07c6a0ab,Failed Payment,Leakage type: Failed Payment,1 failed transaction(s) totalling $199.00.,$199.00 estimated revenue loss,"Trigger automated dunning sequence: retry payment, then request updated payment method.",High
TRC-1138260F36,2026-05-07T23:36:41.653429+00:00,RevenueLeakage,CUST-086367e3,Failed Payment,Leakage type: Failed Payment,2 failed transaction(s) totalling $98.00.,$98.00 estimated revenue loss,"Trigger automated dunning sequence: retry payment, then request updated payment method.",High
TRC-5875E74C39,2026-05-07T23:36:41.653434+00:00,RevenueLeakage,CUST-0a06a41b,Failed Payment,Leakage type: Failed Payment,1 failed transaction(s) totalling $499.00.,$499.00 estimated revenue loss,"Trigger automated dunning sequence: retry payment, then request updated payment method.",High
TRC-A7045417D8,2026-05-07T23:36:41.653438+00:00,RevenueLeakage,CUST-0a941d35,Failed Payment,Leakage type: Failed Payment,1 failed transaction(s) totalling $499.00.,$499.00 estimated revenue loss,"Trigger automated dunning sequence: retry payment, then request updated payment method.",High
TRC-42328866D2,2026-05-07T23:36:41.653443+00:00,RevenueLeakage,CUST-0d35638f,Failed Payment,Leakage type: Failed Payment,2 failed transaction(s) totalling $98.00.,$98.00 estimated revenue loss,"Trigger automated dunning sequence: retry payment, then request updated payment method.",High
TRC-B53C95D652,2026-05-07T23:36:41.653447+00:00,RevenueLeakage,CUST-0e46328d,Failed Payment,Leakage type: Failed Payment,1 failed transaction(s) totalling $49.00.,$49.00 estimated revenue loss,"Trigger automated dunning sequence: retry payment, then request updated payment method.",High
TRC-2C6AB6459C,2026-05-07T23:36:41.653451+00:00,RevenueLeakage,CUST-0e4dcb34,Failed Payment,Leakage type: Failed Payment,1 failed transaction(s) totalling $499.00.,$499.00 estimated revenue loss,"Trigger automated dunning sequence: retry payment, then request updated payment method.",High
TRC-D29017AC4E,2026-05-07T23:36:41.653456+00:00,RevenueLeakage,CUST-0ecf9dd2,Failed Payment,Leakage type: Failed Payment,1 failed transaction(s) totalling $199.00.,$199.00 estimated revenue loss,"Trigger automated dunning sequence: retry payment, then request updated payment method.",High
TRC-71B2675896,2026-05-07T23:36:41.653460+00:00,RevenueLeakage,CUST-0f7f7063,Failed Payment,Leakage type: Failed Payment,2 failed transaction(s) totalling $398.00.,$398.00 estimated revenue loss,"Trigger automated dunning sequence: retry payment, then request updated payment method.",High
TRC-2FFEF426C9,2026-05-07T23:36:41.653465+00:00,RevenueLeakage,CUST-0fbbd2e8,Failed Payment,Leakage type: Failed Payment,1 failed transaction(s) totalling $499.00.,$499.00 estimated revenue loss,"Trigger automated dunning sequence: retry payment, then request updated payment method.",High
TRC-72BAD7222B,2026-05-07T23:36:41.653469+00:00,RevenueLeakage,CUST-0ff1a569,Failed Payment,Leakage type: Failed Payment,1 failed transaction(s) totalling $499.00.,$499.00 estimated revenue loss,"Trigger automated dunning sequence: retry payment, then request updated payment method.",High
TRC-732C59310E,2026-05-07T23:36:41.653474+00:00,RevenueLeakage,CUST-10df7b4d,Failed Payment,Leakage type: Failed Payment,1 failed transaction(s) totalling $199.00.,$199.00 estimated revenue loss,"Trigger automated dunning sequence: retry payment, then request updated payment method.",High
TRC-F93D5C2080,2026-05-07T23:36:41.653478+00:00,RevenueLeakage,CUST-10f295c4,Failed Payment,Leakage type: Failed Payment,1 failed transaction(s) totalling $49.00.,$49.00 estimated revenue loss,"Trigger automated dunning sequence: retry payment, then request updated payment method.",High
TRC-9E699C7922,2026-05-07T23:36:41.653483+00:00,RevenueLeakage,CUST-11765a63,Failed Payment,Leakage type: Failed Payment,"3 failed transaction(s) totalling $1,497.00.","$1,497.00 estimated revenue loss","Trigger automated dunning sequence: retry payment, then request updated payment method.",High
TRC-2EC3026BCA,2026-05-07T23:36:41.653487+00:00,RevenueLeakage,CUST-11fe014c,Failed Payment,Leakage type: Failed Payment,2 failed transaction(s) totalling $998.00.,$998.00 estimated revenue loss,"Trigger automated dunning sequence: retry payment, then request updated payment method.",High
TRC-D1754F0B5C,2026-05-07T23:36:41.653492+00:00,RevenueLeakage,CUST-1293971b,Failed Payment,Leakage type: Failed Payment,1 failed transaction(s) totalling $49.00.,$49.00 estimated revenue loss,"Trigger automated dunning sequence: retry payment, then request updated payment method.",High
TRC-FADC428F35,2026-05-07T23:36:41.653496+00:00,RevenueLeakage,CUST-12ad2a90,Failed Payment,Leakage type: Failed Payment,2 failed transaction(s) totalling $98.00.,$98.00 estimated revenue loss,"Trigger automated dunning sequence: retry payment, then request updated payment method.",High
TRC-BD99C59E1C,2026-05-07T23:36:41.653501+00:00,RevenueLeakage,CUST-1417fc7c,Failed Payment,Leakage type: Failed Payment,1 failed transaction(s) totalling $49.00.,$49.00 estimated revenue loss,"Trigger automated dunning sequence: retry payment, then request updated payment method.",High
TRC-8BF14C073E,2026-05-07T23:36:41.653505+00:00,RevenueLeakage,CUST-14a1d059,Failed Payment,Leakage type: Failed Payment,1 failed transaction(s) totalling $49.00.,$49.00 estimated revenue loss,"Trigger automated dunning sequence: retry payment, then request updated payment method.",High
TRC-DB3F3B5BC8,2026-05-07T23:36:41.653510+00:00,RevenueLeakage,CUST-1568ca8a,Failed Payment,Leakage type: Failed Payment,1 failed transaction(s) totalling $499.00.,$499.00 estimated revenue loss,"Trigger automated dunning sequence: retry payment, then request updated payment method.",High
TRC-999FF5BB93,2026-05-07T23:36:41.653514+00:00,RevenueLeakage,CUST-15ef6802,Failed Payment,Leakage type: Failed Payment,1 failed transaction(s) totalling $49.00.,$49.00 estimated revenue loss,"Trigger automated dunning sequence: retry payment, then request updated payment method.",High
TRC-A2B8FD4115,2026-05-07T23:36:41.653518+00:00,RevenueLeakage,CUST-1670f047,Failed Payment,Leakage type: Failed Payment,2 failed transaction(s) totalling $398.00.,$398.00 estimated revenue loss,"Trigger automated dunning sequence: retry payment, then request updated payment method.",High
TRC-D3AD20305F,2026-05-07T23:36:41.653523+00:00,RevenueLeakage,CUST-1784946c,Failed Payment,Leakage type: Failed Payment,1 failed transaction(s) totalling $199.00.,$199.00 estimated revenue loss,"Trigger automated dunning sequence: retry payment, then request updated payment method.",High
TRC-D043D91152,2026-05-07T23:36:41.653527+00:00,RevenueLeakage,CUST-1847564d,Failed Payment,Leakage type: Failed Payment,2 failed transaction(s) totalling $398.00.,$398.00 estimated revenue loss,"Trigger automated dunning sequence: retry payment, then request updated payment method.",High
TRC-0FA8DED835,2026-05-07T23:36:41.653532+00:00,RevenueLeakage,CUST-1872b077,Failed Payment,Leakage type: Failed Payment,1 failed transaction(s) totalling $199.00.,$199.00 estimated revenue loss,"Trigger automated dunning sequence: retry payment, then request updated payment method.",High
TRC-97769885FE,2026-05-07T23:36:41.653536+00:00,RevenueLeakage,CUST-187d534a,Failed Payment,Leakage type: Failed Payment,1 failed transaction(s) totalling $49.00.,$49.00 estimated revenue loss,"Trigger automated dunning sequence: retry payment, then request updated payment method.",High
TRC-8647FE6344,2026-05-07T23:36:41.653541+00:00,RevenueLeakage,CUST-18f6746b,Failed Payment,Leakage type: Failed Payment,1 failed transaction(s) totalling $49.00.,$49.00 estimated revenue loss,"Trigger automated dunning sequence: retry payment, then request updated payment method.",High
TRC-E784CD5415,2026-05-07T23:36:41.653545+00:00,RevenueLeakage,CUST-18fa4144,Failed Payment,Leakage type: Failed Payment,1 failed transaction(s) totalling $49.00.,$49.00 estimated revenue loss,"Trigger automated dunning sequence: retry payment, then request updated payment method.",High
TRC-39EB8BF4DF,2026-05-07T23:36:41.653549+00:00,RevenueLeakage,CUST-194604c9,Failed Payment,Leakage type: Failed Payment,1 failed transaction(s) totalling $199.00.,$199.00 estimated revenue loss,"Trigger automated dunning sequence: retry payment, then request updated payment method.",High
TRC-25F05947A8,2026-05-07T23:36:41.653554+00:00,RevenueLeakage,CUST-1986c02d,Failed Payment,Leakage type: Failed Payment,1 failed transaction(s) totalling $499.00.,$499.00 estimated revenue loss,"Trigger automated dunning sequence: retry payment, then request updated payment method.",High
TRC-639477CDB6,2026-05-07T23:36:41.653558+00:00,RevenueLeakage,CUST-19902bad,Failed Payment,Leakage type: Failed Payment,"3 failed transaction(s) totalling $5,997.00.","$5,997.00 estimated revenue loss","Trigger automated dunning sequence: retry payment, then request updated payment method.",High
TRC-375B127736,2026-05-07T23:36:41.653563+00:00,RevenueLeakage,CUST-1aa37a90,Failed Payment,Leakage type: Failed Payment,1 failed transaction(s) totalling $499.00.,$499.00 estimated revenue loss,"Trigger automated dunning sequence: retry payment, then request updated payment method.",High
TRC-5812C473A4,2026-05-07T23:36:41.653567+00:00,RevenueLeakage,CUST-1aa9bb8a,Failed Payment,Leakage type: Failed Payment,1 failed transaction(s) totalling $499.00.,$499.00 estimated revenue loss,"Trigger automated dunning sequence: retry payment, then request updated payment method.",High
TRC-774168FE42,2026-05-07T23:36:41.653571+00:00,RevenueLeakage,CUST-1aaae25a,Failed Payment,Leakage type: Failed Payment,1 failed transaction(s) totalling $49.00.,$49.00 estimated revenue loss,"Trigger automated dunning sequence: retry payment, then request updated payment method.",High
TRC-AF0489D5EC,2026-05-07T23:36:41.653576+00:00,RevenueLeakage,CUST-1b7f7730,Failed Payment,Leakage type: Failed Payment,1 failed transaction(s) totalling $499.00.,$499.00 estimated revenue loss,"Trigger automated dunning sequence: retry payment, then request updated payment method.",High
TRC-F0DD6F6A91,2026-05-07T23:36:41.653581+00:00,RevenueLeakage,CUST-1bdb3171,Failed Payment,Leakage type: Failed Payment,1 failed transaction(s) totalling $199.00.,$199.00 estimated revenue loss,"Trigger automated dunning sequence: retry payment, then request updated payment method.",High
TRC-D38FC3209B,2026-05-07T23:36:41.653585+00:00,RevenueLeakage,CUST-1cad3a11,Failed Payment,Leakage type: Failed Payment,1 failed transaction(s) totalling $499.00.,$499.00 estimated revenue loss,"Trigger automated dunning sequence: retry payment, then request updated payment method.",High
TRC-7DCC22ED39,2026-05-07T23:36:41.653590+00:00,RevenueLeakage,CUST-1db39510,Failed Payment,Leakage type: Failed Payment,1 failed transaction(s) totalling $199.00.,$199.00 estimated revenue loss,"Trigger automated dunning sequence: retry payment, then request updated payment method.",High
TRC-6181A092BC,2026-05-07T23:36:41.653594+00:00,RevenueLeakage,CUST-1e10058b,Failed Payment,Leakage type: Failed Payment,2 failed transaction(s) totalling $98.00.,$98.00 estimated revenue loss,"Trigger automated dunning sequence: retry payment, then request updated payment method.",High
TRC-69D2B8FD6E,2026-05-07T23:36:41.653599+00:00,RevenueLeakage,CUST-1e68979c,Failed Payment,Leakage type: Failed Payment,"2 failed transaction(s) totalling $3,998.00.","$3,998.00 estimated revenue loss","Trigger automated dunning sequence: retry payment, then request updated payment method.",High
TRC-EEBD9E0648,2026-05-07T23:36:41.653603+00:00,RevenueLeakage,CUST-1eaf0934,Failed Payment,Leakage type: Failed Payment,2 failed transaction(s) totalling $398.00.,$398.00 estimated revenue loss,"Trigger automated dunning sequence: retry payment, then request updated payment method.",High
TRC-120FE1F7F1,2026-05-07T23:36:41.653607+00:00,RevenueLeakage,CUST-1fae17f0,Failed Payment,Leakage type: Failed Payment,"4 failed transaction(s) totalling $1,996.00.","$1,996.00 estimated revenue loss","Trigger automated dunning sequence: retry payment, then request updated payment method.",High
TRC-734816787B,2026-05-07T23:36:41.653612+00:00,RevenueLeakage,CUST-1fed86cc,Failed Payment,Leakage type: Failed Payment,1 failed transaction(s) totalling $49.00.,$49.00 estimated revenue loss,"Trigger automated dunning sequence: retry payment, then request updated payment method.",High
TRC-FB26935A92,2026-05-07T23:36:41.653616+00:00,RevenueLeakage,CUST-210315c9,Failed Payment,Leakage type: Failed Payment,1 failed transaction(s) totalling $499.00.,$499.00 estimated revenue loss,"Trigger automated dunning sequence: retry payment, then request updated payment method.",High
TRC-F3B94DBF46,2026-05-07T23:36:41.653620+00:00,RevenueLeakage,CUST-21a01016,Failed Payment,Leakage type: Failed Payment,1 failed transaction(s) totalling $199.00.,$199.00 estimated revenue loss,"Trigger automated dunning sequence: retry payment, then request updated payment method.",High
TRC-2063953A7E,2026-05-07T23:36:41.653625+00:00,RevenueLeakage,CUST-220e7a26,Failed Payment,Leakage type: Failed Payment,1 failed transaction(s) totalling $199.00.,$199.00 estimated revenue loss,"Trigger automated dunning sequence: retry payment, then request updated payment method.",High
TRC-84802CD086,2026-05-07T23:36:41.653629+00:00,RevenueLeakage,CUST-2312a5f5,Failed Payment,Leakage type: Failed Payment,1 failed transaction(s) totalling $49.00.,$49.00 estimated revenue loss,"Trigger automated dunning sequence: retry payment, then request updated payment method.",High
TRC-63CC033C26,2026-05-07T23:36:41.653633+00:00,RevenueLeakage,CUST-24728d1d,Failed Payment,Leakage type: Failed Payment,2 failed transaction(s) totalling $398.00.,$398.00 estimated revenue loss,"Trigger automated dunning sequence: retry payment, then request updated payment method.",High
TRC-37773C446F,2026-05-07T23:36:41.653638+00:00,RevenueLeakage,CUST-24d7d2ff,Failed Payment,Leakage type: Failed Payment,3 failed transaction(s) totalling $147.00.,$147.00 estimated revenue loss,"Trigger automated dunning sequence: retry payment, then request updated payment method.",High
TRC-80672DE233,2026-05-07T23:36:41.653643+00:00,RevenueLeakage,CUST-25484b8a,Failed Payment,Leakage type: Failed Payment,1 failed transaction(s) totalling $199.00.,$199.00 estimated revenue loss,"Trigger automated dunning sequence: retry payment, then request updated payment method.",High
TRC-AD309C3975,2026-05-07T23:36:41.653647+00:00,RevenueLeakage,CUST-257d1f12,Failed Payment,Leakage type: Failed Payment,1 failed transaction(s) totalling $49.00.,$49.00 estimated revenue loss,"Trigger automated dunning sequence: retry payment, then request updated payment method.",High
TRC-4EFAF40A02,2026-05-07T23:36:41.653652+00:00,RevenueLeakage,CUST-269c8bb3,Failed Payment,Leakage type: Failed Payment,1 failed transaction(s) totalling $199.00.,$199.00 estimated revenue loss,"Trigger automated dunning sequence: retry payment, then request updated payment method.",High
TRC-C68558666E,2026-05-07T23:36:41.653656+00:00,RevenueLeakage,CUST-26bfed01,Failed Payment,Leakage type: Failed Payment,1 failed transaction(s) totalling $199.00.,$199.00 estimated revenue loss,"Trigger automated dunning sequence: retry payment, then request updated payment method.",High
TRC-AF626EAB3F,2026-05-07T23:36:41.653660+00:00,RevenueLeakage,CUST-271deeed,Failed Payment,Leakage type: Failed Payment,2 failed transaction(s) totalling $98.00.,$98.00 estimated revenue loss,"Trigger automated dunning sequence: retry payment, then request updated payment method.",High
TRC-752E925501,2026-05-07T23:36:41.653665+00:00,RevenueLeakage,CUST-27baa4d2,Failed Payment,Leakage type: Failed Payment,1 failed transaction(s) totalling $499.00.,$499.00 estimated revenue loss,"Trigger automated dunning sequence: retry payment, then request updated payment method.",High
TRC-56E2EC9266,2026-05-07T23:36:41.653669+00:00,RevenueLeakage,CUST-28186478,Failed Payment,Leakage type: Failed Payment,1 failed transaction(s) totalling $499.00.,$499.00 estimated revenue loss,"Trigger automated dunning sequence: retry payment, then request updated payment method.",High
TRC-547A60B90C,2026-05-07T23:36:41.653674+00:00,RevenueLeakage,CUST-281af038,Failed Payment,Leakage type: Failed Payment,"1 failed transaction(s) totalling $1,999.00.","$1,999.00 estimated revenue loss","Trigger automated dunning sequence: retry payment, then request updated payment method.",High
TRC-35BECA0DE1,2026-05-07T23:36:41.653678+00:00,RevenueLeakage,CUST-28575fc5,Failed Payment,Leakage type: Failed Payment,1 failed transaction(s) totalling $49.00.,$49.00 estimated revenue loss,"Trigger automated dunning sequence: retry payment, then request updated payment method.",High
TRC-4AB5C13B6C,2026-05-07T23:36:41.653682+00:00,RevenueLeakage,CUST-2948ba10,Failed Payment,Leakage type: Failed Payment,3 failed transaction(s) totalling $147.00.,$147.00 estimated revenue loss,"Trigger automated dunning sequence: retry payment, then request updated payment method.",High
TRC-ABC49DAD81,2026-05-07T23:36:41.653687+00:00,RevenueLeakage,CUST-295b22d6,Failed Payment,Leakage type: Failed Payment,1 failed transaction(s) totalling $499.00.,$499.00 estimated revenue loss,"Trigger automated dunning sequence: retry payment, then request updated payment method.",High
TRC-A1D5435854,2026-05-07T23:36:41.653691+00:00,RevenueLeakage,CUST-296b1437,Failed Payment,Leakage type: Failed Payment,"3 failed transaction(s) totalling $1,497.00.","$1,497.00 estimated revenue loss","Trigger automated dunning sequence: retry payment, then request updated payment method.",High
TRC-FD4BEF5C8F,2026-05-07T23:36:41.653695+00:00,RevenueLeakage,CUST-29cb4bc4,Failed Payment,Leakage type: Failed Payment,1 failed transaction(s) totalling $199.00.,$199.00 estimated revenue loss,"Trigger automated dunning sequence: retry payment, then request updated payment method.",High
TRC-5CCD23F285,2026-05-07T23:36:41.653700+00:00,RevenueLeakage,CUST-2a7aaa3c,Failed Payment,Leakage type: Failed Payment,"1 failed transaction(s) totalling $1,999.00.","$1,999.00 estimated revenue loss","Trigger automated dunning sequence: retry payment, then request updated payment method.",High
TRC-A3CB35CE9A,2026-05-07T23:36:41.653704+00:00,RevenueLeakage,CUST-2b5d13ff,Failed Payment,Leakage type: Failed Payment,1 failed transaction(s) totalling $499.00.,$499.00 estimated revenue loss,"Trigger automated dunning sequence: retry payment, then request updated payment method.",High
TRC-BDCAA8FE08,2026-05-07T23:36:41.653708+00:00,RevenueLeakage,CUST-2b5ee006,Failed Payment,Leakage type: Failed Payment,"1 failed transaction(s) totalling $1,999.00.","$1,999.00 estimated revenue loss","Trigger automated dunning sequence: retry payment, then request updated payment method.",High
TRC-D0BB1157D2,2026-05-07T23:36:41.653713+00:00,RevenueLeakage,CUST-2cad726b,Failed Payment,Leakage type: Failed Payment,1 failed transaction(s) totalling $49.00.,$49.00 estimated revenue loss,"Trigger automated dunning sequence: retry payment, then request updated payment method.",High
TRC-D13FE1E61C,2026-05-07T23:36:41.653717+00:00,RevenueLeakage,CUST-2cfca522,Failed Payment,Leakage type: Failed Payment,1 failed transaction(s) totalling $49.00.,$49.00 estimated revenue loss,"Trigger automated dunning sequence: retry payment, then request updated payment method.",High
TRC-74B542D5A0,2026-05-07T23:36:41.653722+00:00,RevenueLeakage,CUST-2e09394c,Failed Payment,Leakage type: Failed Payment,"1 failed transaction(s) totalling $1,999.00.","$1,999.00 estimated revenue loss","Trigger automated dunning sequence: retry payment, then request updated payment method.",High
TRC-AE6F5EBC65,2026-05-07T23:36:41.653727+00:00,RevenueLeakage,CUST-2ea04158,Failed Payment,Leakage type: Failed Payment,1 failed transaction(s) totalling $49.00.,$49.00 estimated revenue loss,"Trigger automated dunning sequence: retry payment, then request updated payment method.",High
TRC-5F8931BFA8,2026-05-07T23:36:41.653731+00:00,RevenueLeakage,CUST-2f40beef,Failed Payment,Leakage type: Failed Payment,1 failed transaction(s) totalling $199.00.,$199.00 estimated revenue loss,"Trigger automated dunning sequence: retry payment, then request updated payment method.",High
TRC-ECDC79F910,2026-05-07T23:36:41.653736+00:00,RevenueLeakage,CUST-2f56f6fd,Failed Payment,Leakage type: Failed Payment,1 failed transaction(s) totalling $499.00.,$499.00 estimated revenue loss,"Trigger automated dunning sequence: retry payment, then request updated payment method.",High
TRC-D62A8B460C,2026-05-07T23:36:41.653740+00:00,RevenueLeakage,CUST-2f73616f,Failed Payment,Leakage type: Failed Payment,2 failed transaction(s) totalling $398.00.,$398.00 estimated revenue loss,"Trigger automated dunning sequence: retry payment, then request updated payment method.",High
TRC-CF4EFEA5F0,2026-05-07T23:36:41.653745+00:00,RevenueLeakage,CUST-2ff35a77,Failed Payment,Leakage type: Failed Payment,"1 failed transaction(s) totalling $1,999.00.","$1,999.00 estimated revenue loss","Trigger automated dunning sequence: retry payment, then request updated payment method.",High
TRC-48EB642DB0,2026-05-07T23:36:41.653749+00:00,RevenueLeakage,CUST-304ddb28,Failed Payment,Leakage type: Failed Payment,2 failed transaction(s) totalling $98.00.,$98.00 estimated revenue loss,"Trigger automated dunning sequence: retry payment, then request updated payment method.",High
TRC-3C855ECB49,2026-05-07T23:36:41.653753+00:00,RevenueLeakage,CUST-32156fa6,Failed Payment,Leakage type: Failed Payment,1 failed transaction(s) totalling $199.00.,$199.00 estimated revenue loss,"Trigger automated dunning sequence: retry payment, then request updated payment method.",High
TRC-B4E1F8CAC6,2026-05-07T23:36:41.653758+00:00,RevenueLeakage,CUST-32a51f59,Failed Payment,Leakage type: Failed Payment,1 failed transaction(s) totalling $499.00.,$499.00 estimated revenue loss,"Trigger automated dunning sequence: retry payment, then request updated payment method.",High
TRC-E4B96B064A,2026-05-07T23:36:41.653762+00:00,RevenueLeakage,CUST-3386dd93,Failed Payment,Leakage type: Failed Payment,3 failed transaction(s) totalling $147.00.,$147.00 estimated revenue loss,"Trigger automated dunning sequence: retry payment, then request updated payment method.",High
TRC-DC59AA7C90,2026-05-07T23:36:41.653766+00:00,RevenueLeakage,CUST-33a7d928,Failed Payment,Leakage type: Failed Payment,"1 failed transaction(s) totalling $1,999.00.","$1,999.00 estimated revenue loss","Trigger automated dunning sequence: retry payment, then request updated payment method.",High
TRC-661E8AA2FB,2026-05-07T23:36:41.653771+00:00,RevenueLeakage,CUST-33a9ad5e,Failed Payment,Leakage type: Failed Payment,2 failed transaction(s) totalling $998.00.,$998.00 estimated revenue loss,"Trigger automated dunning sequence: retry payment, then request updated payment method.",High
TRC-683383007A,2026-05-07T23:36:41.653775+00:00,RevenueLeakage,CUST-3426af85,Failed Payment,Leakage type: Failed Payment,1 failed transaction(s) totalling $199.00.,$199.00 estimated revenue loss,"Trigger automated dunning sequence: retry payment, then request updated payment method.",High
TRC-FF717CE27E,2026-05-07T23:36:41.653780+00:00,RevenueLeakage,CUST-348cdf22,Failed Payment,Leakage type: Failed Payment,2 failed transaction(s) totalling $398.00.,$398.00 estimated revenue loss,"Trigger automated dunning sequence: retry payment, then request updated payment method.",High
TRC-F499C3256E,2026-05-07T23:36:41.653784+00:00,RevenueLeakage,CUST-3574d946,Failed Payment,Leakage type: Failed Payment,2 failed transaction(s) totalling $98.00.,$98.00 estimated revenue loss,"Trigger automated dunning sequence: retry payment, then request updated payment method.",High
TRC-029AE10DF4,2026-05-07T23:36:41.653788+00:00,RevenueLeakage,CUST-361931c8,Failed Payment,Leakage type: Failed Payment,1 failed transaction(s) totalling $499.00.,$499.00 estimated revenue loss,"Trigger automated dunning sequence: retry payment, then request updated payment method.",High
TRC-195DEDFBA5,2026-05-07T23:36:41.653793+00:00,RevenueLeakage,CUST-364c9b76,Failed Payment,Leakage type: Failed Payment,1 failed transaction(s) totalling $499.00.,$499.00 estimated revenue loss,"Trigger automated dunning sequence: retry payment, then request updated payment method.",High
TRC-F5ABDDDDC9,2026-05-07T23:36:41.653797+00:00,RevenueLeakage,CUST-36b79217,Failed Payment,Leakage type: Failed Payment,1 failed transaction(s) totalling $199.00.,$199.00 estimated revenue loss,"Trigger automated dunning sequence: retry payment, then request updated payment method.",High
TRC-5AC3452C0A,2026-05-07T23:36:41.653802+00:00,RevenueLeakage,CUST-374c23c6,Failed Payment,Leakage type: Failed Payment,1 failed transaction(s) totalling $199.00.,$199.00 estimated revenue loss,"Trigger automated dunning sequence: retry payment, then request updated payment method.",High
TRC-FCFA3C3548,2026-05-07T23:36:41.653806+00:00,RevenueLeakage,CUST-385ee64c,Failed Payment,Leakage type: Failed Payment,1 failed transaction(s) totalling $199.00.,$199.00 estimated revenue loss,"Trigger automated dunning sequence: retry payment, then request updated payment method.",High
TRC-4E1C4FCCEB,2026-05-07T23:36:41.653811+00:00,RevenueLeakage,CUST-3891d61b,Failed Payment,Leakage type: Failed Payment,2 failed transaction(s) totalling $98.00.,$98.00 estimated revenue loss,"Trigger automated dunning sequence: retry payment, then request updated payment method.",High
TRC-7237F75265,2026-05-07T23:36:41.653815+00:00,RevenueLeakage,CUST-38da02df,Failed Payment,Leakage type: Failed Payment,1 failed transaction(s) totalling $499.00.,$499.00 estimated revenue loss,"Trigger automated dunning sequence: retry payment, then request updated payment method.",High
TRC-5A81F18967,2026-05-07T23:36:41.653820+00:00,RevenueLeakage,CUST-3914335e,Failed Payment,Leakage type: Failed Payment,1 failed transaction(s) totalling $49.00.,$49.00 estimated revenue loss,"Trigger automated dunning sequence: retry payment, then request updated payment method.",High
TRC-86E2F23BDA,2026-05-07T23:36:41.653824+00:00,RevenueLeakage,CUST-395a9489,Failed Payment,Leakage type: Failed Payment,1 failed transaction(s) totalling $499.00.,$499.00 estimated revenue loss,"Trigger automated dunning sequence: retry payment, then request updated payment method.",High
TRC-8A4FDF622C,2026-05-07T23:36:41.653828+00:00,RevenueLeakage,CUST-395defca,Failed Payment,Leakage type: Failed Payment,1 failed transaction(s) totalling $49.00.,$49.00 estimated revenue loss,"Trigger automated dunning sequence: retry payment, then request updated payment method.",High
TRC-9CC4D170FA,2026-05-07T23:36:41.653833+00:00,RevenueLeakage,CUST-39bae39b,Failed Payment,Leakage type: Failed Payment,2 failed transaction(s) totalling $98.00.,$98.00 estimated revenue loss,"Trigger automated dunning sequence: retry payment, then request updated payment method.",High
TRC-4EFBD2EF02,2026-05-07T23:36:41.653837+00:00,RevenueLeakage,CUST-3a2fe662,Failed Payment,Leakage type: Failed Payment,"1 failed transaction(s) totalling $1,999.00.","$1,999.00 estimated revenue loss","Trigger automated dunning sequence: retry payment, then request updated payment method.",High
TRC-C7D1DCFF0D,2026-05-07T23:36:41.653842+00:00,RevenueLeakage,CUST-3aa84233,Failed Payment,Leakage type: Failed Payment,1 failed transaction(s) totalling $49.00.,$49.00 estimated revenue loss,"Trigger automated dunning sequence: retry payment, then request updated payment method.",High
TRC-36DE893F2A,2026-05-07T23:36:41.653846+00:00,RevenueLeakage,CUST-3ab47599,Failed Payment,Leakage type: Failed Payment,1 failed transaction(s) totalling $49.00.,$49.00 estimated revenue loss,"Trigger automated dunning sequence: retry payment, then request updated payment method.",High
TRC-977CD2D9EC,2026-05-07T23:36:41.653850+00:00,RevenueLeakage,CUST-3bfdf691,Failed Payment,Leakage type: Failed Payment,1 failed transaction(s) totalling $49.00.,$49.00 estimated revenue loss,"Trigger automated dunning sequence: retry payment, then request updated payment method.",High
TRC-52D98F7EAE,2026-05-07T23:36:41.653855+00:00,RevenueLeakage,CUST-3c8ebac5,Failed Payment,Leakage type: Failed Payment,1 failed transaction(s) totalling $199.00.,$199.00 estimated revenue loss,"Trigger automated dunning sequence: retry payment, then request updated payment method.",High
TRC-0C0F64D387,2026-05-07T23:36:41.653860+00:00,RevenueLeakage,CUST-3d61e833,Failed Payment,Leakage type: Failed Payment,5 failed transaction(s) totalling $245.00.,$245.00 estimated revenue loss,"Trigger automated dunning sequence: retry payment, then request updated payment method.",High
TRC-7DA74A938E,2026-05-07T23:36:41.653864+00:00,RevenueLeakage,CUST-3d8bc058,Failed Payment,Leakage type: Failed Payment,1 failed transaction(s) totalling $49.00.,$49.00 estimated revenue loss,"Trigger automated dunning sequence: retry payment, then request updated payment method.",High
TRC-07A6E39372,2026-05-07T23:36:41.653869+00:00,RevenueLeakage,CUST-3d9964f1,Failed Payment,Leakage type: Failed Payment,1 failed transaction(s) totalling $199.00.,$199.00 estimated revenue loss,"Trigger automated dunning sequence: retry payment, then request updated payment method.",High
TRC-D9133F03CD,2026-05-07T23:36:41.653873+00:00,RevenueLeakage,CUST-3e941003,Failed Payment,Leakage type: Failed Payment,1 failed transaction(s) totalling $49.00.,$49.00 estimated revenue loss,"Trigger automated dunning sequence: retry payment, then request updated payment method.",High
TRC-ADBEBB638B,2026-05-07T23:36:41.653878+00:00,RevenueLeakage,CUST-3f70a795,Failed Payment,Leakage type: Failed Payment,1 failed transaction(s) totalling $499.00.,$499.00 estimated revenue loss,"Trigger automated dunning sequence: retry payment, then request updated payment method.",High
TRC-7D71316783,2026-05-07T23:36:41.653883+00:00,RevenueLeakage,CUST-3f822f08,Failed Payment,Leakage type: Failed Payment,"1 failed transaction(s) totalling $1,999.00.","$1,999.00 estimated revenue loss","Trigger automated dunning sequence: retry payment, then request updated payment method.",High
TRC-BBD670EB28,2026-05-07T23:36:41.653887+00:00,RevenueLeakage,CUST-3fb7af03,Failed Payment,Leakage type: Failed Payment,1 failed transaction(s) totalling $49.00.,$49.00 estimated revenue loss,"Trigger automated dunning sequence: retry payment, then request updated payment method.",High
TRC-7DFE435F8D,2026-05-07T23:36:41.653891+00:00,RevenueLeakage,CUST-406f53c7,Failed Payment,Leakage type: Failed Payment,1 failed transaction(s) totalling $499.00.,$499.00 estimated revenue loss,"Trigger automated dunning sequence: retry payment, then request updated payment method.",High
TRC-B7CAC75DA6,2026-05-07T23:36:41.653896+00:00,RevenueLeakage,CUST-415672dc,Failed Payment,Leakage type: Failed Payment,2 failed transaction(s) totalling $998.00.,$998.00 estimated revenue loss,"Trigger automated dunning sequence: retry payment, then request updated payment method.",High
TRC-00168B872B,2026-05-07T23:36:41.653901+00:00,RevenueLeakage,CUST-42b59214,Failed Payment,Leakage type: Failed Payment,1 failed transaction(s) totalling $199.00.,$199.00 estimated revenue loss,"Trigger automated dunning sequence: retry payment, then request updated payment method.",High
TRC-F9C53D4B06,2026-05-07T23:36:41.653905+00:00,RevenueLeakage,CUST-4472d4ec,Failed Payment,Leakage type: Failed Payment,1 failed transaction(s) totalling $199.00.,$199.00 estimated revenue loss,"Trigger automated dunning sequence: retry payment, then request updated payment method.",High
TRC-46450805F5,2026-05-07T23:36:41.653909+00:00,RevenueLeakage,CUST-449bd511,Failed Payment,Leakage type: Failed Payment,2 failed transaction(s) totalling $998.00.,$998.00 estimated revenue loss,"Trigger automated dunning sequence: retry payment, then request updated payment method.",High
TRC-9EB8F4C093,2026-05-07T23:36:41.653914+00:00,RevenueLeakage,CUST-44e61b12,Failed Payment,Leakage type: Failed Payment,1 failed transaction(s) totalling $499.00.,$499.00 estimated revenue loss,"Trigger automated dunning sequence: retry payment, then request updated payment method.",High
TRC-2E86460619,2026-05-07T23:36:41.653918+00:00,RevenueLeakage,CUST-4508c30d,Failed Payment,Leakage type: Failed Payment,1 failed transaction(s) totalling $49.00.,$49.00 estimated revenue loss,"Trigger automated dunning sequence: retry payment, then request updated payment method.",High
TRC-1A2BCF9FFC,2026-05-07T23:36:41.653923+00:00,RevenueLeakage,CUST-45f05476,Failed Payment,Leakage type: Failed Payment,1 failed transaction(s) totalling $49.00.,$49.00 estimated revenue loss,"Trigger automated dunning sequence: retry payment, then request updated payment method.",High
TRC-097CD7DB8B,2026-05-07T23:36:41.653927+00:00,RevenueLeakage,CUST-45fe449c,Failed Payment,Leakage type: Failed Payment,1 failed transaction(s) totalling $49.00.,$49.00 estimated revenue loss,"Trigger automated dunning sequence: retry payment, then request updated payment method.",High
TRC-FCE19B3B88,2026-05-07T23:36:41.653931+00:00,RevenueLeakage,CUST-469f5824,Failed Payment,Leakage type: Failed Payment,1 failed transaction(s) totalling $49.00.,$49.00 estimated revenue loss,"Trigger automated dunning sequence: retry payment, then request updated payment method.",High
TRC-52DB0B0634,2026-05-07T23:36:41.653936+00:00,RevenueLeakage,CUST-470da9cf,Failed Payment,Leakage type: Failed Payment,1 failed transaction(s) totalling $199.00.,$199.00 estimated revenue loss,"Trigger automated dunning sequence: retry payment, then request updated payment method.",High
TRC-B57573DF63,2026-05-07T23:36:41.653941+00:00,RevenueLeakage,CUST-4a794178,Failed Payment,Leakage type: Failed Payment,1 failed transaction(s) totalling $199.00.,$199.00 estimated revenue loss,"Trigger automated dunning sequence: retry payment, then request updated payment method.",High
TRC-8C6D6C7A13,2026-05-07T23:36:41.653945+00:00,RevenueLeakage,CUST-4b727c7b,Failed Payment,Leakage type: Failed Payment,1 failed transaction(s) totalling $499.00.,$499.00 estimated revenue loss,"Trigger automated dunning sequence: retry payment, then request updated payment method.",High
TRC-918110E5AE,2026-05-07T23:36:41.653950+00:00,RevenueLeakage,CUST-4bf17841,Failed Payment,Leakage type: Failed Payment,1 failed transaction(s) totalling $49.00.,$49.00 estimated revenue loss,"Trigger automated dunning sequence: retry payment, then request updated payment method.",High
TRC-33ECDF518C,2026-05-07T23:36:41.653954+00:00,RevenueLeakage,CUST-4c370882,Failed Payment,Leakage type: Failed Payment,"1 failed transaction(s) totalling $1,999.00.","$1,999.00 estimated revenue loss","Trigger automated dunning sequence: retry payment, then request updated payment method.",High
TRC-B4E4ECD1A7,2026-05-07T23:36:41.653959+00:00,RevenueLeakage,CUST-4c76a787,Failed Payment,Leakage type: Failed Payment,2 failed transaction(s) totalling $998.00.,$998.00 estimated revenue loss,"Trigger automated dunning sequence: retry payment, then request updated payment method.",High
TRC-90DC0150F3,2026-05-07T23:36:41.653963+00:00,RevenueLeakage,CUST-4eb50c63,Failed Payment,Leakage type: Failed Payment,1 failed transaction(s) totalling $49.00.,$49.00 estimated revenue loss,"Trigger automated dunning sequence: retry payment, then request updated payment method.",High
TRC-27A0F7B292,2026-05-07T23:36:41.653968+00:00,RevenueLeakage,CUST-4f381d83,Failed Payment,Leakage type: Failed Payment,1 failed transaction(s) totalling $499.00.,$499.00 estimated revenue loss,"Trigger automated dunning sequence: retry payment, then request updated payment method.",High
TRC-B7ACA4D136,2026-05-07T23:36:41.653972+00:00,RevenueLeakage,CUST-4f3a9441,Failed Payment,Leakage type: Failed Payment,"1 failed transaction(s) totalling $1,999.00.","$1,999.00 estimated revenue loss","Trigger automated dunning sequence: retry payment, then request updated payment method.",High
TRC-50F3A7EE0C,2026-05-07T23:36:41.653976+00:00,RevenueLeakage,CUST-4fe61954,Failed Payment,Leakage type: Failed Payment,"2 failed transaction(s) totalling $3,998.00.","$3,998.00 estimated revenue loss","Trigger automated dunning sequence: retry payment, then request updated payment method.",High
TRC-3AC642D47F,2026-05-07T23:36:41.653981+00:00,RevenueLeakage,CUST-50106902,Failed Payment,Leakage type: Failed Payment,2 failed transaction(s) totalling $98.00.,$98.00 estimated revenue loss,"Trigger automated dunning sequence: retry payment, then request updated payment method.",High
TRC-5192E14C9C,2026-05-07T23:36:41.653985+00:00,RevenueLeakage,CUST-52b5a324,Failed Payment,Leakage type: Failed Payment,1 failed transaction(s) totalling $199.00.,$199.00 estimated revenue loss,"Trigger automated dunning sequence: retry payment, then request updated payment method.",High
TRC-213322707A,2026-05-07T23:36:41.653990+00:00,RevenueLeakage,CUST-52d6f3c7,Failed Payment,Leakage type: Failed Payment,2 failed transaction(s) totalling $398.00.,$398.00 estimated revenue loss,"Trigger automated dunning sequence: retry payment, then request updated payment method.",High
TRC-1A184CF25E,2026-05-07T23:36:41.653994+00:00,RevenueLeakage,CUST-53ded5c3,Failed Payment,Leakage type: Failed Payment,"1 failed transaction(s) totalling $1,999.00.","$1,999.00 estimated revenue loss","Trigger automated dunning sequence: retry payment, then request updated payment method.",High
TRC-A7B7617475,2026-05-07T23:36:41.653998+00:00,RevenueLeakage,CUST-53f0fd40,Failed Payment,Leakage type: Failed Payment,1 failed transaction(s) totalling $199.00.,$199.00 estimated revenue loss,"Trigger automated dunning sequence: retry payment, then request updated payment method.",High
TRC-A7B1A3DE71,2026-05-07T23:36:41.654003+00:00,RevenueLeakage,CUST-54dc1511,Failed Payment,Leakage type: Failed Payment,"1 failed transaction(s) totalling $1,999.00.","$1,999.00 estimated revenue loss","Trigger automated dunning sequence: retry payment, then request updated payment method.",High
TRC-D9BDA1CD60,2026-05-07T23:36:41.654007+00:00,RevenueLeakage,CUST-552a5331,Failed Payment,Leakage type: Failed Payment,1 failed transaction(s) totalling $49.00.,$49.00 estimated revenue loss,"Trigger automated dunning sequence: retry payment, then request updated payment method.",High
TRC-A5609881DE,2026-05-07T23:36:41.654012+00:00,RevenueLeakage,CUST-576a6834,Failed Payment,Leakage type: Failed Payment,1 failed transaction(s) totalling $199.00.,$199.00 estimated revenue loss,"Trigger automated dunning sequence: retry payment, then request updated payment method.",High
TRC-C6A45E14E0,2026-05-07T23:36:41.654016+00:00,RevenueLeakage,CUST-57ea5bcd,Failed Payment,Leakage type: Failed Payment,2 failed transaction(s) totalling $98.00.,$98.00 estimated revenue loss,"Trigger automated dunning sequence: retry payment, then request updated payment method.",High
TRC-B856172DAC,2026-05-07T23:36:41.654021+00:00,RevenueLeakage,CUST-58bc0e3f,Failed Payment,Leakage type: Failed Payment,1 failed transaction(s) totalling $499.00.,$499.00 estimated revenue loss,"Trigger automated dunning sequence: retry payment, then request updated payment method.",High
TRC-50C697C74D,2026-05-07T23:36:41.654025+00:00,RevenueLeakage,CUST-595ad990,Failed Payment,Leakage type: Failed Payment,1 failed transaction(s) totalling $49.00.,$49.00 estimated revenue loss,"Trigger automated dunning sequence: retry payment, then request updated payment method.",High
TRC-5DCE538197,2026-05-07T23:36:41.654029+00:00,RevenueLeakage,CUST-59680fe2,Failed Payment,Leakage type: Failed Payment,"2 failed transaction(s) totalling $3,998.00.","$3,998.00 estimated revenue loss","Trigger automated dunning sequence: retry payment, then request updated payment method.",High
TRC-2C8C63B53A,2026-05-07T23:36:41.654034+00:00,RevenueLeakage,CUST-5b818179,Failed Payment,Leakage type: Failed Payment,1 failed transaction(s) totalling $49.00.,$49.00 estimated revenue loss,"Trigger automated dunning sequence: retry payment, then request updated payment method.",High
TRC-42627FA196,2026-05-07T23:36:41.654038+00:00,RevenueLeakage,CUST-5c355706,Failed Payment,Leakage type: Failed Payment,1 failed transaction(s) totalling $49.00.,$49.00 estimated revenue loss,"Trigger automated dunning sequence: retry payment, then request updated payment method.",High
TRC-2D26580018,2026-05-07T23:36:41.654043+00:00,RevenueLeakage,CUST-5c38042a,Failed Payment,Leakage type: Failed Payment,1 failed transaction(s) totalling $499.00.,$499.00 estimated revenue loss,"Trigger automated dunning sequence: retry payment, then request updated payment method.",High
TRC-92789C449F,2026-05-07T23:36:41.654048+00:00,RevenueLeakage,CUST-5cf11397,Failed Payment,Leakage type: Failed Payment,2 failed transaction(s) totalling $398.00.,$398.00 estimated revenue loss,"Trigger automated dunning sequence: retry payment, then request updated payment method.",High
TRC-0F4E8E97DA,2026-05-07T23:36:41.654052+00:00,RevenueLeakage,CUST-5cf28984,Failed Payment,Leakage type: Failed Payment,2 failed transaction(s) totalling $98.00.,$98.00 estimated revenue loss,"Trigger automated dunning sequence: retry payment, then request updated payment method.",High
TRC-1F2097BEEE,2026-05-07T23:36:41.654057+00:00,RevenueLeakage,CUST-5d59663c,Failed Payment,Leakage type: Failed Payment,1 failed transaction(s) totalling $199.00.,$199.00 estimated revenue loss,"Trigger automated dunning sequence: retry payment, then request updated payment method.",High
TRC-B22D78C249,2026-05-07T23:36:41.654061+00:00,RevenueLeakage,CUST-5d8454e6,Failed Payment,Leakage type: Failed Payment,1 failed transaction(s) totalling $499.00.,$499.00 estimated revenue loss,"Trigger automated dunning sequence: retry payment, then request updated payment method.",High
TRC-64F6043824,2026-05-07T23:36:41.654066+00:00,RevenueLeakage,CUST-5d983e75,Failed Payment,Leakage type: Failed Payment,1 failed transaction(s) totalling $49.00.,$49.00 estimated revenue loss,"Trigger automated dunning sequence: retry payment, then request updated payment method.",High
TRC-80212F0516,2026-05-07T23:36:41.654070+00:00,RevenueLeakage,CUST-5de962ce,Failed Payment,Leakage type: Failed Payment,1 failed transaction(s) totalling $49.00.,$49.00 estimated revenue loss,"Trigger automated dunning sequence: retry payment, then request updated payment method.",High
TRC-406DAABC32,2026-05-07T23:36:41.654075+00:00,RevenueLeakage,CUST-5e26171b,Failed Payment,Leakage type: Failed Payment,1 failed transaction(s) totalling $199.00.,$199.00 estimated revenue loss,"Trigger automated dunning sequence: retry payment, then request updated payment method.",High
TRC-3CFBF664CB,2026-05-07T23:36:41.654079+00:00,RevenueLeakage,CUST-5f600025,Failed Payment,Leakage type: Failed Payment,1 failed transaction(s) totalling $49.00.,$49.00 estimated revenue loss,"Trigger automated dunning sequence: retry payment, then request updated payment method.",High
TRC-0A2BF5C621,2026-05-07T23:36:41.654083+00:00,RevenueLeakage,CUST-601d86d4,Failed Payment,Leakage type: Failed Payment,1 failed transaction(s) totalling $49.00.,$49.00 estimated revenue loss,"Trigger automated dunning sequence: retry payment, then request updated payment method.",High
TRC-9F1BBC0EFF,2026-05-07T23:36:41.654088+00:00,RevenueLeakage,CUST-60e8efb0,Failed Payment,Leakage type: Failed Payment,2 failed transaction(s) totalling $98.00.,$98.00 estimated revenue loss,"Trigger automated dunning sequence: retry payment, then request updated payment method.",High
TRC-2BB9BA6CE7,2026-05-07T23:36:41.654092+00:00,RevenueLeakage,CUST-61e2d5bb,Failed Payment,Leakage type: Failed Payment,1 failed transaction(s) totalling $499.00.,$499.00 estimated revenue loss,"Trigger automated dunning sequence: retry payment, then request updated payment method.",High
TRC-4B5AB6E156,2026-05-07T23:36:41.654096+00:00,RevenueLeakage,CUST-621c3ee9,Failed Payment,Leakage type: Failed Payment,1 failed transaction(s) totalling $499.00.,$499.00 estimated revenue loss,"Trigger automated dunning sequence: retry payment, then request updated payment method.",High
TRC-EA3374A30C,2026-05-07T23:36:41.654101+00:00,RevenueLeakage,CUST-62c0fc0b,Failed Payment,Leakage type: Failed Payment,2 failed transaction(s) totalling $98.00.,$98.00 estimated revenue loss,"Trigger automated dunning sequence: retry payment, then request updated payment method.",High
TRC-319E807FD5,2026-05-07T23:36:41.654106+00:00,RevenueLeakage,CUST-6319091f,Failed Payment,Leakage type: Failed Payment,1 failed transaction(s) totalling $49.00.,$49.00 estimated revenue loss,"Trigger automated dunning sequence: retry payment, then request updated payment method.",High
TRC-7D1AC6B260,2026-05-07T23:36:41.654110+00:00,RevenueLeakage,CUST-64f26197,Failed Payment,Leakage type: Failed Payment,1 failed transaction(s) totalling $49.00.,$49.00 estimated revenue loss,"Trigger automated dunning sequence: retry payment, then request updated payment method.",High
TRC-C343F4FB45,2026-05-07T23:36:41.654114+00:00,RevenueLeakage,CUST-67b36926,Failed Payment,Leakage type: Failed Payment,1 failed transaction(s) totalling $199.00.,$199.00 estimated revenue loss,"Trigger automated dunning sequence: retry payment, then request updated payment method.",High
TRC-DFA954B3C4,2026-05-07T23:36:41.654119+00:00,RevenueLeakage,CUST-67f15de7,Failed Payment,Leakage type: Failed Payment,"1 failed transaction(s) totalling $1,999.00.","$1,999.00 estimated revenue loss","Trigger automated dunning sequence: retry payment, then request updated payment method.",High
TRC-F08BC99503,2026-05-07T23:36:41.654123+00:00,RevenueLeakage,CUST-68803630,Failed Payment,Leakage type: Failed Payment,1 failed transaction(s) totalling $49.00.,$49.00 estimated revenue loss,"Trigger automated dunning sequence: retry payment, then request updated payment method.",High
TRC-E1E833183C,2026-05-07T23:36:41.654128+00:00,RevenueLeakage,CUST-6ad3dab4,Failed Payment,Leakage type: Failed Payment,1 failed transaction(s) totalling $49.00.,$49.00 estimated revenue loss,"Trigger automated dunning sequence: retry payment, then request updated payment method.",High
TRC-DC52C33964,2026-05-07T23:36:41.654132+00:00,RevenueLeakage,CUST-6af6de79,Failed Payment,Leakage type: Failed Payment,2 failed transaction(s) totalling $398.00.,$398.00 estimated revenue loss,"Trigger automated dunning sequence: retry payment, then request updated payment method.",High
TRC-CD246B8BE3,2026-05-07T23:36:41.654136+00:00,RevenueLeakage,CUST-6bb28005,Failed Payment,Leakage type: Failed Payment,1 failed transaction(s) totalling $49.00.,$49.00 estimated revenue loss,"Trigger automated dunning sequence: retry payment, then request updated payment method.",High
TRC-7541AD71EC,2026-05-07T23:36:41.654141+00:00,RevenueLeakage,CUST-6c618d00,Failed Payment,Leakage type: Failed Payment,1 failed transaction(s) totalling $49.00.,$49.00 estimated revenue loss,"Trigger automated dunning sequence: retry payment, then request updated payment method.",High
TRC-9120EAC4E9,2026-05-07T23:36:41.654145+00:00,RevenueLeakage,CUST-6c89943a,Failed Payment,Leakage type: Failed Payment,1 failed transaction(s) totalling $199.00.,$199.00 estimated revenue loss,"Trigger automated dunning sequence: retry payment, then request updated payment method.",High
TRC-A21A6AC162,2026-05-07T23:36:41.654150+00:00,RevenueLeakage,CUST-6fe49841,Failed Payment,Leakage type: Failed Payment,1 failed transaction(s) totalling $499.00.,$499.00 estimated revenue loss,"Trigger automated dunning sequence: retry payment, then request updated payment method.",High
TRC-6BFC7AB03D,2026-05-07T23:36:41.654155+00:00,RevenueLeakage,CUST-70bf715e,Failed Payment,Leakage type: Failed Payment,"1 failed transaction(s) totalling $1,999.00.","$1,999.00 estimated revenue loss","Trigger automated dunning sequence: retry payment, then request updated payment method.",High
TRC-BC03EF6780,2026-05-07T23:36:41.654159+00:00,RevenueLeakage,CUST-70d4659a,Failed Payment,Leakage type: Failed Payment,1 failed transaction(s) totalling $49.00.,$49.00 estimated revenue loss,"Trigger automated dunning sequence: retry payment, then request updated payment method.",High
TRC-0A322141E3,2026-05-07T23:36:41.654163+00:00,RevenueLeakage,CUST-72e13ca0,Failed Payment,Leakage type: Failed Payment,1 failed transaction(s) totalling $499.00.,$499.00 estimated revenue loss,"Trigger automated dunning sequence: retry payment, then request updated payment method.",High
TRC-F2F33E7FB1,2026-05-07T23:36:41.654168+00:00,RevenueLeakage,CUST-7347a208,Failed Payment,Leakage type: Failed Payment,2 failed transaction(s) totalling $98.00.,$98.00 estimated revenue loss,"Trigger automated dunning sequence: retry payment, then request updated payment method.",High
TRC-C86FEEB378,2026-05-07T23:36:41.654173+00:00,RevenueLeakage,CUST-74216ecd,Failed Payment,Leakage type: Failed Payment,1 failed transaction(s) totalling $499.00.,$499.00 estimated revenue loss,"Trigger automated dunning sequence: retry payment, then request updated payment method.",High
TRC-F6E0FF6D35,2026-05-07T23:36:41.654177+00:00,RevenueLeakage,CUST-75e56eed,Failed Payment,Leakage type: Failed Payment,1 failed transaction(s) totalling $49.00.,$49.00 estimated revenue loss,"Trigger automated dunning sequence: retry payment, then request updated payment method.",High
TRC-60F3539F8C,2026-05-07T23:36:41.654182+00:00,RevenueLeakage,CUST-75fb96a4,Failed Payment,Leakage type: Failed Payment,2 failed transaction(s) totalling $98.00.,$98.00 estimated revenue loss,"Trigger automated dunning sequence: retry payment, then request updated payment method.",High
TRC-B7F9FCC050,2026-05-07T23:36:41.654186+00:00,RevenueLeakage,CUST-76129672,Failed Payment,Leakage type: Failed Payment,2 failed transaction(s) totalling $98.00.,$98.00 estimated revenue loss,"Trigger automated dunning sequence: retry payment, then request updated payment method.",High
TRC-A120698176,2026-05-07T23:36:41.654190+00:00,RevenueLeakage,CUST-77d9bbc4,Failed Payment,Leakage type: Failed Payment,3 failed transaction(s) totalling $147.00.,$147.00 estimated revenue loss,"Trigger automated dunning sequence: retry payment, then request updated payment method.",High
TRC-FB5189B55A,2026-05-07T23:36:41.654195+00:00,RevenueLeakage,CUST-7932a1e3,Failed Payment,Leakage type: Failed Payment,1 failed transaction(s) totalling $499.00.,$499.00 estimated revenue loss,"Trigger automated dunning sequence: retry payment, then request updated payment method.",High
TRC-B35BF58904,2026-05-07T23:36:41.654199+00:00,RevenueLeakage,CUST-79fb01bf,Failed Payment,Leakage type: Failed Payment,4 failed transaction(s) totalling $196.00.,$196.00 estimated revenue loss,"Trigger automated dunning sequence: retry payment, then request updated payment method.",High
TRC-AD4BA9B0A4,2026-05-07T23:36:41.654204+00:00,RevenueLeakage,CUST-7a1637ad,Failed Payment,Leakage type: Failed Payment,1 failed transaction(s) totalling $49.00.,$49.00 estimated revenue loss,"Trigger automated dunning sequence: retry payment, then request updated payment method.",High
TRC-FAA4AAECC9,2026-05-07T23:36:41.654208+00:00,RevenueLeakage,CUST-7b41816c,Failed Payment,Leakage type: Failed Payment,2 failed transaction(s) totalling $98.00.,$98.00 estimated revenue loss,"Trigger automated dunning sequence: retry payment, then request updated payment method.",High
TRC-1C5F97D8EB,2026-05-07T23:36:41.654213+00:00,RevenueLeakage,CUST-7b5782ab,Failed Payment,Leakage type: Failed Payment,3 failed transaction(s) totalling $597.00.,$597.00 estimated revenue loss,"Trigger automated dunning sequence: retry payment, then request updated payment method.",High
TRC-7F08904121,2026-05-07T23:36:41.654217+00:00,RevenueLeakage,CUST-7b59527e,Failed Payment,Leakage type: Failed Payment,2 failed transaction(s) totalling $98.00.,$98.00 estimated revenue loss,"Trigger automated dunning sequence: retry payment, then request updated payment method.",High
TRC-2683270CAC,2026-05-07T23:36:41.654221+00:00,RevenueLeakage,CUST-7bb8add6,Failed Payment,Leakage type: Failed Payment,3 failed transaction(s) totalling $597.00.,$597.00 estimated revenue loss,"Trigger automated dunning sequence: retry payment, then request updated payment method.",High
TRC-F7F9E25509,2026-05-07T23:36:41.654226+00:00,RevenueLeakage,CUST-7be06199,Failed Payment,Leakage type: Failed Payment,1 failed transaction(s) totalling $499.00.,$499.00 estimated revenue loss,"Trigger automated dunning sequence: retry payment, then request updated payment method.",High
TRC-B7345513CA,2026-05-07T23:36:41.654230+00:00,RevenueLeakage,CUST-7cc11a95,Failed Payment,Leakage type: Failed Payment,1 failed transaction(s) totalling $499.00.,$499.00 estimated revenue loss,"Trigger automated dunning sequence: retry payment, then request updated payment method.",High
TRC-0AAA284C9E,2026-05-07T23:36:41.654234+00:00,RevenueLeakage,CUST-7d29f900,Failed Payment,Leakage type: Failed Payment,2 failed transaction(s) totalling $398.00.,$398.00 estimated revenue loss,"Trigger automated dunning sequence: retry payment, then request updated payment method.",High
TRC-F1B45E9978,2026-05-07T23:36:41.654239+00:00,RevenueLeakage,CUST-7d902217,Failed Payment,Leakage type: Failed Payment,2 failed transaction(s) totalling $398.00.,$398.00 estimated revenue loss,"Trigger automated dunning sequence: retry payment, then request updated payment method.",High
TRC-86BA6A2050,2026-05-07T23:36:41.654243+00:00,RevenueLeakage,CUST-7e569d59,Failed Payment,Leakage type: Failed Payment,"1 failed transaction(s) totalling $1,999.00.","$1,999.00 estimated revenue loss","Trigger automated dunning sequence: retry payment, then request updated payment method.",High
TRC-7CFA557281,2026-05-07T23:36:41.654248+00:00,RevenueLeakage,CUST-7e94a4d4,Failed Payment,Leakage type: Failed Payment,1 failed transaction(s) totalling $199.00.,$199.00 estimated revenue loss,"Trigger automated dunning sequence: retry payment, then request updated payment method.",High
TRC-0D3F1122AF,2026-05-07T23:36:41.654253+00:00,RevenueLeakage,CUST-7ee90e19,Failed Payment,Leakage type: Failed Payment,5 failed transaction(s) totalling $995.00.,$995.00 estimated revenue loss,"Trigger automated dunning sequence: retry payment, then request updated payment method.",High
TRC-2524B07839,2026-05-07T23:36:41.654257+00:00,RevenueLeakage,CUST-80cd4335,Failed Payment,Leakage type: Failed Payment,1 failed transaction(s) totalling $49.00.,$49.00 estimated revenue loss,"Trigger automated dunning sequence: retry payment, then request updated payment method.",High
TRC-DF32D50716,2026-05-07T23:36:41.654262+00:00,RevenueLeakage,CUST-81649c0f,Failed Payment,Leakage type: Failed Payment,1 failed transaction(s) totalling $199.00.,$199.00 estimated revenue loss,"Trigger automated dunning sequence: retry payment, then request updated payment method.",High
TRC-122CCB09DD,2026-05-07T23:36:41.654266+00:00,RevenueLeakage,CUST-820adf0a,Failed Payment,Leakage type: Failed Payment,1 failed transaction(s) totalling $49.00.,$49.00 estimated revenue loss,"Trigger automated dunning sequence: retry payment, then request updated payment method.",High
TRC-96AB1E1B1D,2026-05-07T23:36:41.654271+00:00,RevenueLeakage,CUST-820f1ab0,Failed Payment,Leakage type: Failed Payment,1 failed transaction(s) totalling $49.00.,$49.00 estimated revenue loss,"Trigger automated dunning sequence: retry payment, then request updated payment method.",High
TRC-3ECD746458,2026-05-07T23:36:41.654275+00:00,RevenueLeakage,CUST-826334be,Failed Payment,Leakage type: Failed Payment,1 failed transaction(s) totalling $199.00.,$199.00 estimated revenue loss,"Trigger automated dunning sequence: retry payment, then request updated payment method.",High
TRC-AC15323580,2026-05-07T23:36:41.654280+00:00,RevenueLeakage,CUST-83303441,Failed Payment,Leakage type: Failed Payment,"3 failed transaction(s) totalling $1,497.00.","$1,497.00 estimated revenue loss","Trigger automated dunning sequence: retry payment, then request updated payment method.",High
TRC-649E8B1898,2026-05-07T23:36:41.654284+00:00,RevenueLeakage,CUST-838d92f2,Failed Payment,Leakage type: Failed Payment,1 failed transaction(s) totalling $499.00.,$499.00 estimated revenue loss,"Trigger automated dunning sequence: retry payment, then request updated payment method.",High
TRC-6789269595,2026-05-07T23:36:41.654288+00:00,RevenueLeakage,CUST-839a52a7,Failed Payment,Leakage type: Failed Payment,2 failed transaction(s) totalling $98.00.,$98.00 estimated revenue loss,"Trigger automated dunning sequence: retry payment, then request updated payment method.",High
TRC-22E917C307,2026-05-07T23:36:41.654293+00:00,RevenueLeakage,CUST-83b6174e,Failed Payment,Leakage type: Failed Payment,1 failed transaction(s) totalling $499.00.,$499.00 estimated revenue loss,"Trigger automated dunning sequence: retry payment, then request updated payment method.",High
TRC-409B778266,2026-05-07T23:36:41.654297+00:00,RevenueLeakage,CUST-83f5d0f2,Failed Payment,Leakage type: Failed Payment,1 failed transaction(s) totalling $199.00.,$199.00 estimated revenue loss,"Trigger automated dunning sequence: retry payment, then request updated payment method.",High
TRC-959A45E985,2026-05-07T23:36:41.654302+00:00,RevenueLeakage,CUST-84a7174e,Failed Payment,Leakage type: Failed Payment,1 failed transaction(s) totalling $499.00.,$499.00 estimated revenue loss,"Trigger automated dunning sequence: retry payment, then request updated payment method.",High
TRC-4EA0DC0A79,2026-05-07T23:36:41.654306+00:00,RevenueLeakage,CUST-84f8c579,Failed Payment,Leakage type: Failed Payment,1 failed transaction(s) totalling $499.00.,$499.00 estimated revenue loss,"Trigger automated dunning sequence: retry payment, then request updated payment method.",High
TRC-ECA375DE27,2026-05-07T23:36:41.654310+00:00,RevenueLeakage,CUST-85140b1c,Failed Payment,Leakage type: Failed Payment,2 failed transaction(s) totalling $98.00.,$98.00 estimated revenue loss,"Trigger automated dunning sequence: retry payment, then request updated payment method.",High
TRC-82ECA2EEE1,2026-05-07T23:36:41.654315+00:00,RevenueLeakage,CUST-866da882,Failed Payment,Leakage type: Failed Payment,1 failed transaction(s) totalling $199.00.,$199.00 estimated revenue loss,"Trigger automated dunning sequence: retry payment, then request updated payment method.",High
TRC-52D675DCFD,2026-05-07T23:36:41.654319+00:00,RevenueLeakage,CUST-86bce810,Failed Payment,Leakage type: Failed Payment,1 failed transaction(s) totalling $49.00.,$49.00 estimated revenue loss,"Trigger automated dunning sequence: retry payment, then request updated payment method.",High
TRC-6B2B61C24F,2026-05-07T23:36:41.654324+00:00,RevenueLeakage,CUST-86f95a44,Failed Payment,Leakage type: Failed Payment,1 failed transaction(s) totalling $49.00.,$49.00 estimated revenue loss,"Trigger automated dunning sequence: retry payment, then request updated payment method.",High
TRC-2C9E0F962B,2026-05-07T23:36:41.654328+00:00,RevenueLeakage,CUST-87787fad,Failed Payment,Leakage type: Failed Payment,1 failed transaction(s) totalling $49.00.,$49.00 estimated revenue loss,"Trigger automated dunning sequence: retry payment, then request updated payment method.",High
TRC-78A8B4BA5C,2026-05-07T23:36:41.654333+00:00,RevenueLeakage,CUST-879437c9,Failed Payment,Leakage type: Failed Payment,"1 failed transaction(s) totalling $1,999.00.","$1,999.00 estimated revenue loss","Trigger automated dunning sequence: retry payment, then request updated payment method.",High
TRC-8EE59BE8A9,2026-05-07T23:36:41.654337+00:00,RevenueLeakage,CUST-87e2b64f,Failed Payment,Leakage type: Failed Payment,1 failed transaction(s) totalling $49.00.,$49.00 estimated revenue loss,"Trigger automated dunning sequence: retry payment, then request updated payment method.",High
TRC-4CAB8D7391,2026-05-07T23:36:41.654341+00:00,RevenueLeakage,CUST-8814ab84,Failed Payment,Leakage type: Failed Payment,1 failed transaction(s) totalling $49.00.,$49.00 estimated revenue loss,"Trigger automated dunning sequence: retry payment, then request updated payment method.",High
TRC-9765836053,2026-05-07T23:36:41.654346+00:00,RevenueLeakage,CUST-892c453c,Failed Payment,Leakage type: Failed Payment,"1 failed transaction(s) totalling $1,999.00.","$1,999.00 estimated revenue loss","Trigger automated dunning sequence: retry payment, then request updated payment method.",High
TRC-309D81CEE5,2026-05-07T23:36:41.654352+00:00,RevenueLeakage,CUST-89733cd2,Failed Payment,Leakage type: Failed Payment,2 failed transaction(s) totalling $398.00.,$398.00 estimated revenue loss,"Trigger automated dunning sequence: retry payment, then request updated payment method.",High
TRC-9A27B5D09A,2026-05-07T23:36:41.654356+00:00,RevenueLeakage,CUST-8996a7b1,Failed Payment,Leakage type: Failed Payment,2 failed transaction(s) totalling $998.00.,$998.00 estimated revenue loss,"Trigger automated dunning sequence: retry payment, then request updated payment method.",High
TRC-663DD611D8,2026-05-07T23:36:41.654360+00:00,RevenueLeakage,CUST-8b95d79f,Failed Payment,Leakage type: Failed Payment,1 failed transaction(s) totalling $199.00.,$199.00 estimated revenue loss,"Trigger automated dunning sequence: retry payment, then request updated payment method.",High
TRC-69BCF51349,2026-05-07T23:36:41.654365+00:00,RevenueLeakage,CUST-8ba0aac4,Failed Payment,Leakage type: Failed Payment,1 failed transaction(s) totalling $199.00.,$199.00 estimated revenue loss,"Trigger automated dunning sequence: retry payment, then request updated payment method.",High
TRC-61AC5ADDEB,2026-05-07T23:36:41.654369+00:00,RevenueLeakage,CUST-8be43d48,Failed Payment,Leakage type: Failed Payment,1 failed transaction(s) totalling $199.00.,$199.00 estimated revenue loss,"Trigger automated dunning sequence: retry payment, then request updated payment method.",High
TRC-A40BAF14CC,2026-05-07T23:36:41.654374+00:00,RevenueLeakage,CUST-8c295b27,Failed Payment,Leakage type: Failed Payment,1 failed transaction(s) totalling $199.00.,$199.00 estimated revenue loss,"Trigger automated dunning sequence: retry payment, then request updated payment method.",High
TRC-5156F24E7A,2026-05-07T23:36:41.654378+00:00,RevenueLeakage,CUST-8d21bf3c,Failed Payment,Leakage type: Failed Payment,1 failed transaction(s) totalling $49.00.,$49.00 estimated revenue loss,"Trigger automated dunning sequence: retry payment, then request updated payment method.",High
TRC-428964EEE1,2026-05-07T23:36:41.654383+00:00,RevenueLeakage,CUST-8eabee1b,Failed Payment,Leakage type: Failed Payment,2 failed transaction(s) totalling $98.00.,$98.00 estimated revenue loss,"Trigger automated dunning sequence: retry payment, then request updated payment method.",High
TRC-B20014B6D8,2026-05-07T23:36:41.654387+00:00,RevenueLeakage,CUST-8f01812d,Failed Payment,Leakage type: Failed Payment,2 failed transaction(s) totalling $98.00.,$98.00 estimated revenue loss,"Trigger automated dunning sequence: retry payment, then request updated payment method.",High
TRC-5C88027FC1,2026-05-07T23:36:41.654391+00:00,RevenueLeakage,CUST-8f614fa8,Failed Payment,Leakage type: Failed Payment,1 failed transaction(s) totalling $199.00.,$199.00 estimated revenue loss,"Trigger automated dunning sequence: retry payment, then request updated payment method.",High
TRC-9D23CDAF85,2026-05-07T23:36:41.654396+00:00,RevenueLeakage,CUST-8fae7682,Failed Payment,Leakage type: Failed Payment,1 failed transaction(s) totalling $199.00.,$199.00 estimated revenue loss,"Trigger automated dunning sequence: retry payment, then request updated payment method.",High
TRC-B04C976651,2026-05-07T23:36:41.654400+00:00,RevenueLeakage,CUST-8fc2cf72,Failed Payment,Leakage type: Failed Payment,2 failed transaction(s) totalling $98.00.,$98.00 estimated revenue loss,"Trigger automated dunning sequence: retry payment, then request updated payment method.",High
TRC-E7BEBE2C51,2026-05-07T23:36:41.654404+00:00,RevenueLeakage,CUST-900106cc,Failed Payment,Leakage type: Failed Payment,2 failed transaction(s) totalling $98.00.,$98.00 estimated revenue loss,"Trigger automated dunning sequence: retry payment, then request updated payment method.",High
TRC-6611788734,2026-05-07T23:36:41.654409+00:00,RevenueLeakage,CUST-9036a783,Failed Payment,Leakage type: Failed Payment,1 failed transaction(s) totalling $49.00.,$49.00 estimated revenue loss,"Trigger automated dunning sequence: retry payment, then request updated payment method.",High
TRC-4FF856FFA9,2026-05-07T23:36:41.654413+00:00,RevenueLeakage,CUST-907d135d,Failed Payment,Leakage type: Failed Payment,1 failed transaction(s) totalling $49.00.,$49.00 estimated revenue loss,"Trigger automated dunning sequence: retry payment, then request updated payment method.",High
TRC-CD68619A8D,2026-05-07T23:36:41.654418+00:00,RevenueLeakage,CUST-90a27133,Failed Payment,Leakage type: Failed Payment,1 failed transaction(s) totalling $499.00.,$499.00 estimated revenue loss,"Trigger automated dunning sequence: retry payment, then request updated payment method.",High
TRC-D03FE27447,2026-05-07T23:36:41.654422+00:00,RevenueLeakage,CUST-91afd737,Failed Payment,Leakage type: Failed Payment,"1 failed transaction(s) totalling $1,999.00.","$1,999.00 estimated revenue loss","Trigger automated dunning sequence: retry payment, then request updated payment method.",High
TRC-02689DF2F2,2026-05-07T23:36:41.654427+00:00,RevenueLeakage,CUST-92011be6,Failed Payment,Leakage type: Failed Payment,1 failed transaction(s) totalling $199.00.,$199.00 estimated revenue loss,"Trigger automated dunning sequence: retry payment, then request updated payment method.",High
TRC-C3D77C040F,2026-05-07T23:36:41.654431+00:00,RevenueLeakage,CUST-921032b2,Failed Payment,Leakage type: Failed Payment,"2 failed transaction(s) totalling $3,998.00.","$3,998.00 estimated revenue loss","Trigger automated dunning sequence: retry payment, then request updated payment method.",High
TRC-57DAF842BC,2026-05-07T23:36:41.654436+00:00,RevenueLeakage,CUST-92d3b556,Failed Payment,Leakage type: Failed Payment,"1 failed transaction(s) totalling $1,999.00.","$1,999.00 estimated revenue loss","Trigger automated dunning sequence: retry payment, then request updated payment method.",High
TRC-8FC3B2F825,2026-05-07T23:36:41.654440+00:00,RevenueLeakage,CUST-93a589a8,Failed Payment,Leakage type: Failed Payment,"1 failed transaction(s) totalling $1,999.00.","$1,999.00 estimated revenue loss","Trigger automated dunning sequence: retry payment, then request updated payment method.",High
TRC-03791DB942,2026-05-07T23:36:41.654445+00:00,RevenueLeakage,CUST-94124961,Failed Payment,Leakage type: Failed Payment,1 failed transaction(s) totalling $199.00.,$199.00 estimated revenue loss,"Trigger automated dunning sequence: retry payment, then request updated payment method.",High
TRC-F88857690D,2026-05-07T23:36:41.654449+00:00,RevenueLeakage,CUST-95341009,Failed Payment,Leakage type: Failed Payment,1 failed transaction(s) totalling $499.00.,$499.00 estimated revenue loss,"Trigger automated dunning sequence: retry payment, then request updated payment method.",High
TRC-9A94AAC833,2026-05-07T23:36:41.654454+00:00,RevenueLeakage,CUST-95921fac,Failed Payment,Leakage type: Failed Payment,1 failed transaction(s) totalling $199.00.,$199.00 estimated revenue loss,"Trigger automated dunning sequence: retry payment, then request updated payment method.",High
TRC-F689899D5C,2026-05-07T23:36:41.654458+00:00,RevenueLeakage,CUST-95fda2ae,Failed Payment,Leakage type: Failed Payment,1 failed transaction(s) totalling $49.00.,$49.00 estimated revenue loss,"Trigger automated dunning sequence: retry payment, then request updated payment method.",High
TRC-53CD4A479B,2026-05-07T23:36:41.654462+00:00,RevenueLeakage,CUST-975b7b01,Failed Payment,Leakage type: Failed Payment,1 failed transaction(s) totalling $49.00.,$49.00 estimated revenue loss,"Trigger automated dunning sequence: retry payment, then request updated payment method.",High
TRC-A797850F23,2026-05-07T23:36:41.654467+00:00,RevenueLeakage,CUST-98a19a71,Failed Payment,Leakage type: Failed Payment,2 failed transaction(s) totalling $98.00.,$98.00 estimated revenue loss,"Trigger automated dunning sequence: retry payment, then request updated payment method.",High
TRC-29C385DEFA,2026-05-07T23:36:41.654471+00:00,RevenueLeakage,CUST-9a3b48e9,Failed Payment,Leakage type: Failed Payment,1 failed transaction(s) totalling $49.00.,$49.00 estimated revenue loss,"Trigger automated dunning sequence: retry payment, then request updated payment method.",High
TRC-338ED88981,2026-05-07T23:36:41.654476+00:00,RevenueLeakage,CUST-9b8bf8aa,Failed Payment,Leakage type: Failed Payment,"1 failed transaction(s) totalling $1,999.00.","$1,999.00 estimated revenue loss","Trigger automated dunning sequence: retry payment, then request updated payment method.",High
TRC-8D5A7B189A,2026-05-07T23:36:41.654480+00:00,RevenueLeakage,CUST-9be3ce11,Failed Payment,Leakage type: Failed Payment,1 failed transaction(s) totalling $499.00.,$499.00 estimated revenue loss,"Trigger automated dunning sequence: retry payment, then request updated payment method.",High
TRC-8EA9618752,2026-05-07T23:36:41.654484+00:00,RevenueLeakage,CUST-9c06615b,Failed Payment,Leakage type: Failed Payment,2 failed transaction(s) totalling $98.00.,$98.00 estimated revenue loss,"Trigger automated dunning sequence: retry payment, then request updated payment method.",High
TRC-A053478874,2026-05-07T23:36:41.654489+00:00,RevenueLeakage,CUST-9cb7af6e,Failed Payment,Leakage type: Failed Payment,2 failed transaction(s) totalling $398.00.,$398.00 estimated revenue loss,"Trigger automated dunning sequence: retry payment, then request updated payment method.",High
TRC-ED4101025D,2026-05-07T23:36:41.654493+00:00,RevenueLeakage,CUST-9dedf808,Failed Payment,Leakage type: Failed Payment,1 failed transaction(s) totalling $499.00.,$499.00 estimated revenue loss,"Trigger automated dunning sequence: retry payment, then request updated payment method.",High
TRC-9CA4C86D84,2026-05-07T23:36:41.654498+00:00,RevenueLeakage,CUST-9ff16df5,Failed Payment,Leakage type: Failed Payment,1 failed transaction(s) totalling $49.00.,$49.00 estimated revenue loss,"Trigger automated dunning sequence: retry payment, then request updated payment method.",High
TRC-57029DB156,2026-05-07T23:36:41.654502+00:00,RevenueLeakage,CUST-a06933a8,Failed Payment,Leakage type: Failed Payment,2 failed transaction(s) totalling $98.00.,$98.00 estimated revenue loss,"Trigger automated dunning sequence: retry payment, then request updated payment method.",High
TRC-1A802D94BD,2026-05-07T23:36:41.654506+00:00,RevenueLeakage,CUST-a073f0d8,Failed Payment,Leakage type: Failed Payment,2 failed transaction(s) totalling $998.00.,$998.00 estimated revenue loss,"Trigger automated dunning sequence: retry payment, then request updated payment method.",High
TRC-729CD31A74,2026-05-07T23:36:41.654511+00:00,RevenueLeakage,CUST-a2e57157,Failed Payment,Leakage type: Failed Payment,2 failed transaction(s) totalling $98.00.,$98.00 estimated revenue loss,"Trigger automated dunning sequence: retry payment, then request updated payment method.",High
TRC-B8074A24F4,2026-05-07T23:36:41.654515+00:00,RevenueLeakage,CUST-a3aaca07,Failed Payment,Leakage type: Failed Payment,"3 failed transaction(s) totalling $1,497.00.","$1,497.00 estimated revenue loss","Trigger automated dunning sequence: retry payment, then request updated payment method.",High
TRC-E821DE662C,2026-05-07T23:36:41.654519+00:00,RevenueLeakage,CUST-a5133d37,Failed Payment,Leakage type: Failed Payment,3 failed transaction(s) totalling $147.00.,$147.00 estimated revenue loss,"Trigger automated dunning sequence: retry payment, then request updated payment method.",High
TRC-08B30F2FFD,2026-05-07T23:36:41.654524+00:00,RevenueLeakage,CUST-a5d80f22,Failed Payment,Leakage type: Failed Payment,1 failed transaction(s) totalling $199.00.,$199.00 estimated revenue loss,"Trigger automated dunning sequence: retry payment, then request updated payment method.",High
TRC-2D70128C20,2026-05-07T23:36:41.654528+00:00,RevenueLeakage,CUST-a603701d,Failed Payment,Leakage type: Failed Payment,2 failed transaction(s) totalling $398.00.,$398.00 estimated revenue loss,"Trigger automated dunning sequence: retry payment, then request updated payment method.",High
TRC-4A8BD4F2AD,2026-05-07T23:36:41.654533+00:00,RevenueLeakage,CUST-a6db66d7,Failed Payment,Leakage type: Failed Payment,1 failed transaction(s) totalling $49.00.,$49.00 estimated revenue loss,"Trigger automated dunning sequence: retry payment, then request updated payment method.",High
TRC-57F45AF0CB,2026-05-07T23:36:41.654537+00:00,RevenueLeakage,CUST-a79fd18c,Failed Payment,Leakage type: Failed Payment,1 failed transaction(s) totalling $49.00.,$49.00 estimated revenue loss,"Trigger automated dunning sequence: retry payment, then request updated payment method.",High
TRC-036468E37B,2026-05-07T23:36:41.654542+00:00,RevenueLeakage,CUST-a826fb49,Failed Payment,Leakage type: Failed Payment,2 failed transaction(s) totalling $98.00.,$98.00 estimated revenue loss,"Trigger automated dunning sequence: retry payment, then request updated payment method.",High
TRC-3266471627,2026-05-07T23:36:41.654546+00:00,RevenueLeakage,CUST-a855ab31,Failed Payment,Leakage type: Failed Payment,1 failed transaction(s) totalling $49.00.,$49.00 estimated revenue loss,"Trigger automated dunning sequence: retry payment, then request updated payment method.",High
TRC-3069B71C21,2026-05-07T23:36:41.654551+00:00,RevenueLeakage,CUST-a89aa326,Failed Payment,Leakage type: Failed Payment,1 failed transaction(s) totalling $49.00.,$49.00 estimated revenue loss,"Trigger automated dunning sequence: retry payment, then request updated payment method.",High
TRC-147E9009C1,2026-05-07T23:36:41.654555+00:00,RevenueLeakage,CUST-aac04c27,Failed Payment,Leakage type: Failed Payment,2 failed transaction(s) totalling $398.00.,$398.00 estimated revenue loss,"Trigger automated dunning sequence: retry payment, then request updated payment method.",High
TRC-6FCEC4144A,2026-05-07T23:36:41.654560+00:00,RevenueLeakage,CUST-ab3fce0e,Failed Payment,Leakage type: Failed Payment,1 failed transaction(s) totalling $49.00.,$49.00 estimated revenue loss,"Trigger automated dunning sequence: retry payment, then request updated payment method.",High
TRC-40CACFE6D9,2026-05-07T23:36:41.654564+00:00,RevenueLeakage,CUST-abe1dd1e,Failed Payment,Leakage type: Failed Payment,2 failed transaction(s) totalling $998.00.,$998.00 estimated revenue loss,"Trigger automated dunning sequence: retry payment, then request updated payment method.",High
TRC-8732B953F1,2026-05-07T23:36:41.654568+00:00,RevenueLeakage,CUST-ac63e218,Failed Payment,Leakage type: Failed Payment,2 failed transaction(s) totalling $998.00.,$998.00 estimated revenue loss,"Trigger automated dunning sequence: retry payment, then request updated payment method.",High
TRC-E8A4FF9F6D,2026-05-07T23:36:41.654573+00:00,RevenueLeakage,CUST-ad20f27e,Failed Payment,Leakage type: Failed Payment,1 failed transaction(s) totalling $499.00.,$499.00 estimated revenue loss,"Trigger automated dunning sequence: retry payment, then request updated payment method.",High
TRC-89FC944B3E,2026-05-07T23:36:41.654577+00:00,RevenueLeakage,CUST-ad23c7c9,Failed Payment,Leakage type: Failed Payment,"2 failed transaction(s) totalling $3,998.00.","$3,998.00 estimated revenue loss","Trigger automated dunning sequence: retry payment, then request updated payment method.",High
TRC-8E2EBBE55C,2026-05-07T23:36:41.654582+00:00,RevenueLeakage,CUST-ae665b75,Failed Payment,Leakage type: Failed Payment,2 failed transaction(s) totalling $398.00.,$398.00 estimated revenue loss,"Trigger automated dunning sequence: retry payment, then request updated payment method.",High
TRC-C6A6E2B235,2026-05-07T23:36:41.654586+00:00,RevenueLeakage,CUST-aebcd965,Failed Payment,Leakage type: Failed Payment,1 failed transaction(s) totalling $499.00.,$499.00 estimated revenue loss,"Trigger automated dunning sequence: retry payment, then request updated payment method.",High
TRC-AFF5BDE0AA,2026-05-07T23:36:41.654590+00:00,RevenueLeakage,CUST-af980b61,Failed Payment,Leakage type: Failed Payment,2 failed transaction(s) totalling $98.00.,$98.00 estimated revenue loss,"Trigger automated dunning sequence: retry payment, then request updated payment method.",High
TRC-A2E191C23B,2026-05-07T23:36:41.654595+00:00,RevenueLeakage,CUST-affe792d,Failed Payment,Leakage type: Failed Payment,1 failed transaction(s) totalling $49.00.,$49.00 estimated revenue loss,"Trigger automated dunning sequence: retry payment, then request updated payment method.",High
TRC-F83067DD25,2026-05-07T23:36:41.654599+00:00,RevenueLeakage,CUST-b08ba3df,Failed Payment,Leakage type: Failed Payment,1 failed transaction(s) totalling $199.00.,$199.00 estimated revenue loss,"Trigger automated dunning sequence: retry payment, then request updated payment method.",High
TRC-8C7818CDED,2026-05-07T23:36:41.654603+00:00,RevenueLeakage,CUST-b21e56d9,Failed Payment,Leakage type: Failed Payment,1 failed transaction(s) totalling $49.00.,$49.00 estimated revenue loss,"Trigger automated dunning sequence: retry payment, then request updated payment method.",High
TRC-792BAB1B6A,2026-05-07T23:36:41.654608+00:00,RevenueLeakage,CUST-b2374eba,Failed Payment,Leakage type: Failed Payment,1 failed transaction(s) totalling $49.00.,$49.00 estimated revenue loss,"Trigger automated dunning sequence: retry payment, then request updated payment method.",High
TRC-D54542A737,2026-05-07T23:36:41.654612+00:00,RevenueLeakage,CUST-b25b991a,Failed Payment,Leakage type: Failed Payment,2 failed transaction(s) totalling $98.00.,$98.00 estimated revenue loss,"Trigger automated dunning sequence: retry payment, then request updated payment method.",High
TRC-40FFE2EF91,2026-05-07T23:36:41.654616+00:00,RevenueLeakage,CUST-b262c7e6,Failed Payment,Leakage type: Failed Payment,1 failed transaction(s) totalling $199.00.,$199.00 estimated revenue loss,"Trigger automated dunning sequence: retry payment, then request updated payment method.",High
TRC-0F743D4319,2026-05-07T23:36:41.654621+00:00,RevenueLeakage,CUST-b2782c86,Failed Payment,Leakage type: Failed Payment,1 failed transaction(s) totalling $49.00.,$49.00 estimated revenue loss,"Trigger automated dunning sequence: retry payment, then request updated payment method.",High
TRC-64649C8CA9,2026-05-07T23:36:41.654625+00:00,RevenueLeakage,CUST-b3df5ca0,Failed Payment,Leakage type: Failed Payment,2 failed transaction(s) totalling $98.00.,$98.00 estimated revenue loss,"Trigger automated dunning sequence: retry payment, then request updated payment method.",High
TRC-182DBDE4ED,2026-05-07T23:36:41.654630+00:00,RevenueLeakage,CUST-b40964f3,Failed Payment,Leakage type: Failed Payment,1 failed transaction(s) totalling $499.00.,$499.00 estimated revenue loss,"Trigger automated dunning sequence: retry payment, then request updated payment method.",High
TRC-99763FD203,2026-05-07T23:36:41.654634+00:00,RevenueLeakage,CUST-b449ab24,Failed Payment,Leakage type: Failed Payment,"1 failed transaction(s) totalling $1,999.00.","$1,999.00 estimated revenue loss","Trigger automated dunning sequence: retry payment, then request updated payment method.",High
TRC-FD872E7C62,2026-05-07T23:36:41.654638+00:00,RevenueLeakage,CUST-b52b7229,Failed Payment,Leakage type: Failed Payment,2 failed transaction(s) totalling $398.00.,$398.00 estimated revenue loss,"Trigger automated dunning sequence: retry payment, then request updated payment method.",High
TRC-DF4A542FFF,2026-05-07T23:36:41.654643+00:00,RevenueLeakage,CUST-b69f751d,Failed Payment,Leakage type: Failed Payment,1 failed transaction(s) totalling $199.00.,$199.00 estimated revenue loss,"Trigger automated dunning sequence: retry payment, then request updated payment method.",High
TRC-D734458768,2026-05-07T23:36:41.654648+00:00,RevenueLeakage,CUST-b732bac9,Failed Payment,Leakage type: Failed Payment,2 failed transaction(s) totalling $98.00.,$98.00 estimated revenue loss,"Trigger automated dunning sequence: retry payment, then request updated payment method.",High
TRC-0E6110EC39,2026-05-07T23:36:41.654652+00:00,RevenueLeakage,CUST-b7f95bb4,Failed Payment,Leakage type: Failed Payment,1 failed transaction(s) totalling $49.00.,$49.00 estimated revenue loss,"Trigger automated dunning sequence: retry payment, then request updated payment method.",High
TRC-DCC4FC979B,2026-05-07T23:36:41.654657+00:00,RevenueLeakage,CUST-b8b3c3da,Failed Payment,Leakage type: Failed Payment,1 failed transaction(s) totalling $199.00.,$199.00 estimated revenue loss,"Trigger automated dunning sequence: retry payment, then request updated payment method.",High
TRC-8B6AE1D961,2026-05-07T23:36:41.654661+00:00,RevenueLeakage,CUST-b9765b63,Failed Payment,Leakage type: Failed Payment,2 failed transaction(s) totalling $98.00.,$98.00 estimated revenue loss,"Trigger automated dunning sequence: retry payment, then request updated payment method.",High
TRC-320F936853,2026-05-07T23:36:41.654666+00:00,RevenueLeakage,CUST-ba6ac455,Failed Payment,Leakage type: Failed Payment,1 failed transaction(s) totalling $199.00.,$199.00 estimated revenue loss,"Trigger automated dunning sequence: retry payment, then request updated payment method.",High
TRC-38739833F3,2026-05-07T23:36:41.654670+00:00,RevenueLeakage,CUST-baa4b6b3,Failed Payment,Leakage type: Failed Payment,1 failed transaction(s) totalling $499.00.,$499.00 estimated revenue loss,"Trigger automated dunning sequence: retry payment, then request updated payment method.",High
TRC-C9F339D52C,2026-05-07T23:36:41.654674+00:00,RevenueLeakage,CUST-baae0571,Failed Payment,Leakage type: Failed Payment,2 failed transaction(s) totalling $98.00.,$98.00 estimated revenue loss,"Trigger automated dunning sequence: retry payment, then request updated payment method.",High
TRC-A4DC73C7A7,2026-05-07T23:36:41.654678+00:00,RevenueLeakage,CUST-bac60e69,Failed Payment,Leakage type: Failed Payment,1 failed transaction(s) totalling $499.00.,$499.00 estimated revenue loss,"Trigger automated dunning sequence: retry payment, then request updated payment method.",High
TRC-FD4416B352,2026-05-07T23:36:41.654683+00:00,RevenueLeakage,CUST-bb268ae6,Failed Payment,Leakage type: Failed Payment,1 failed transaction(s) totalling $49.00.,$49.00 estimated revenue loss,"Trigger automated dunning sequence: retry payment, then request updated payment method.",High
TRC-5F8295BFD8,2026-05-07T23:36:41.654690+00:00,RevenueLeakage,CUST-bb2bf573,Failed Payment,Leakage type: Failed Payment,1 failed transaction(s) totalling $499.00.,$499.00 estimated revenue loss,"Trigger automated dunning sequence: retry payment, then request updated payment method.",High
TRC-6A1F1161B7,2026-05-07T23:36:41.654694+00:00,RevenueLeakage,CUST-bb5b4c74,Failed Payment,Leakage type: Failed Payment,1 failed transaction(s) totalling $49.00.,$49.00 estimated revenue loss,"Trigger automated dunning sequence: retry payment, then request updated payment method.",High
TRC-5E802AA980,2026-05-07T23:36:41.654699+00:00,RevenueLeakage,CUST-bcd07dbd,Failed Payment,Leakage type: Failed Payment,1 failed transaction(s) totalling $49.00.,$49.00 estimated revenue loss,"Trigger automated dunning sequence: retry payment, then request updated payment method.",High
TRC-B412637FD0,2026-05-07T23:36:41.654703+00:00,RevenueLeakage,CUST-bd82bffe,Failed Payment,Leakage type: Failed Payment,2 failed transaction(s) totalling $398.00.,$398.00 estimated revenue loss,"Trigger automated dunning sequence: retry payment, then request updated payment method.",High
TRC-63863F06BB,2026-05-07T23:36:41.654708+00:00,RevenueLeakage,CUST-bdf0fbbd,Failed Payment,Leakage type: Failed Payment,1 failed transaction(s) totalling $199.00.,$199.00 estimated revenue loss,"Trigger automated dunning sequence: retry payment, then request updated payment method.",High
TRC-34489D3FE8,2026-05-07T23:36:41.654712+00:00,RevenueLeakage,CUST-bead693e,Failed Payment,Leakage type: Failed Payment,1 failed transaction(s) totalling $499.00.,$499.00 estimated revenue loss,"Trigger automated dunning sequence: retry payment, then request updated payment method.",High
TRC-1F63F20AA8,2026-05-07T23:36:41.654717+00:00,RevenueLeakage,CUST-beb88148,Failed Payment,Leakage type: Failed Payment,"1 failed transaction(s) totalling $1,999.00.","$1,999.00 estimated revenue loss","Trigger automated dunning sequence: retry payment, then request updated payment method.",High
TRC-7F4584D604,2026-05-07T23:36:41.654721+00:00,RevenueLeakage,CUST-bf46b839,Failed Payment,Leakage type: Failed Payment,1 failed transaction(s) totalling $199.00.,$199.00 estimated revenue loss,"Trigger automated dunning sequence: retry payment, then request updated payment method.",High
TRC-34DBDF43BF,2026-05-07T23:36:41.654725+00:00,RevenueLeakage,CUST-c0aee559,Failed Payment,Leakage type: Failed Payment,1 failed transaction(s) totalling $49.00.,$49.00 estimated revenue loss,"Trigger automated dunning sequence: retry payment, then request updated payment method.",High
TRC-F16C32C0CA,2026-05-07T23:36:41.654730+00:00,RevenueLeakage,CUST-c248e070,Failed Payment,Leakage type: Failed Payment,"1 failed transaction(s) totalling $1,999.00.","$1,999.00 estimated revenue loss","Trigger automated dunning sequence: retry payment, then request updated payment method.",High
TRC-69F9669576,2026-05-07T23:36:41.654734+00:00,RevenueLeakage,CUST-c2ae48b4,Failed Payment,Leakage type: Failed Payment,1 failed transaction(s) totalling $199.00.,$199.00 estimated revenue loss,"Trigger automated dunning sequence: retry payment, then request updated payment method.",High
TRC-36E8019293,2026-05-07T23:36:41.654739+00:00,RevenueLeakage,CUST-c36e825d,Failed Payment,Leakage type: Failed Payment,1 failed transaction(s) totalling $49.00.,$49.00 estimated revenue loss,"Trigger automated dunning sequence: retry payment, then request updated payment method.",High
TRC-8F0C218C21,2026-05-07T23:36:41.654743+00:00,RevenueLeakage,CUST-c37a7a5d,Failed Payment,Leakage type: Failed Payment,1 failed transaction(s) totalling $49.00.,$49.00 estimated revenue loss,"Trigger automated dunning sequence: retry payment, then request updated payment method.",High
TRC-3CB7750DDD,2026-05-07T23:36:41.654747+00:00,RevenueLeakage,CUST-c39f3524,Failed Payment,Leakage type: Failed Payment,1 failed transaction(s) totalling $49.00.,$49.00 estimated revenue loss,"Trigger automated dunning sequence: retry payment, then request updated payment method.",High
TRC-BCB3990DA1,2026-05-07T23:36:41.654752+00:00,RevenueLeakage,CUST-c4348b86,Failed Payment,Leakage type: Failed Payment,1 failed transaction(s) totalling $199.00.,$199.00 estimated revenue loss,"Trigger automated dunning sequence: retry payment, then request updated payment method.",High
TRC-5AE286F202,2026-05-07T23:36:41.654756+00:00,RevenueLeakage,CUST-c442d9cb,Failed Payment,Leakage type: Failed Payment,1 failed transaction(s) totalling $49.00.,$49.00 estimated revenue loss,"Trigger automated dunning sequence: retry payment, then request updated payment method.",High
TRC-6CC0696BC4,2026-05-07T23:36:41.654760+00:00,RevenueLeakage,CUST-c53a589d,Failed Payment,Leakage type: Failed Payment,1 failed transaction(s) totalling $199.00.,$199.00 estimated revenue loss,"Trigger automated dunning sequence: retry payment, then request updated payment method.",High
TRC-7F9C1255D7,2026-05-07T23:36:41.654765+00:00,RevenueLeakage,CUST-c53c7f77,Failed Payment,Leakage type: Failed Payment,"3 failed transaction(s) totalling $1,497.00.","$1,497.00 estimated revenue loss","Trigger automated dunning sequence: retry payment, then request updated payment method.",High
TRC-600078B39F,2026-05-07T23:36:41.654769+00:00,RevenueLeakage,CUST-c573ccdc,Failed Payment,Leakage type: Failed Payment,2 failed transaction(s) totalling $98.00.,$98.00 estimated revenue loss,"Trigger automated dunning sequence: retry payment, then request updated payment method.",High
TRC-C2D6F053F9,2026-05-07T23:36:41.654774+00:00,RevenueLeakage,CUST-c58071a6,Failed Payment,Leakage type: Failed Payment,1 failed transaction(s) totalling $49.00.,$49.00 estimated revenue loss,"Trigger automated dunning sequence: retry payment, then request updated payment method.",High
TRC-FF5E10D570,2026-05-07T23:36:41.654778+00:00,RevenueLeakage,CUST-c5dce991,Failed Payment,Leakage type: Failed Payment,2 failed transaction(s) totalling $398.00.,$398.00 estimated revenue loss,"Trigger automated dunning sequence: retry payment, then request updated payment method.",High
TRC-E1D55460E3,2026-05-07T23:36:41.654782+00:00,RevenueLeakage,CUST-c9d81e17,Failed Payment,Leakage type: Failed Payment,1 failed transaction(s) totalling $499.00.,$499.00 estimated revenue loss,"Trigger automated dunning sequence: retry payment, then request updated payment method.",High
TRC-BB63699601,2026-05-07T23:36:41.654787+00:00,RevenueLeakage,CUST-c9dd9b90,Failed Payment,Leakage type: Failed Payment,2 failed transaction(s) totalling $98.00.,$98.00 estimated revenue loss,"Trigger automated dunning sequence: retry payment, then request updated payment method.",High
TRC-263FC127CE,2026-05-07T23:36:41.654791+00:00,RevenueLeakage,CUST-ca4038c8,Failed Payment,Leakage type: Failed Payment,2 failed transaction(s) totalling $398.00.,$398.00 estimated revenue loss,"Trigger automated dunning sequence: retry payment, then request updated payment method.",High
TRC-A966F23564,2026-05-07T23:36:41.654795+00:00,RevenueLeakage,CUST-ca6824c8,Failed Payment,Leakage type: Failed Payment,1 failed transaction(s) totalling $199.00.,$199.00 estimated revenue loss,"Trigger automated dunning sequence: retry payment, then request updated payment method.",High
TRC-488DB3EAF8,2026-05-07T23:36:41.654800+00:00,RevenueLeakage,CUST-ca80ff3c,Failed Payment,Leakage type: Failed Payment,1 failed transaction(s) totalling $49.00.,$49.00 estimated revenue loss,"Trigger automated dunning sequence: retry payment, then request updated payment method.",High
TRC-A430BC24CA,2026-05-07T23:36:41.654804+00:00,RevenueLeakage,CUST-cacda794,Failed Payment,Leakage type: Failed Payment,1 failed transaction(s) totalling $49.00.,$49.00 estimated revenue loss,"Trigger automated dunning sequence: retry payment, then request updated payment method.",High
TRC-00A2FCDCE7,2026-05-07T23:36:41.654808+00:00,RevenueLeakage,CUST-cc4bd76f,Failed Payment,Leakage type: Failed Payment,1 failed transaction(s) totalling $49.00.,$49.00 estimated revenue loss,"Trigger automated dunning sequence: retry payment, then request updated payment method.",High
TRC-3C2194A577,2026-05-07T23:36:41.654816+00:00,RevenueLeakage,CUST-cd170a73,Failed Payment,Leakage type: Failed Payment,1 failed transaction(s) totalling $199.00.,$199.00 estimated revenue loss,"Trigger automated dunning sequence: retry payment, then request updated payment method.",High
TRC-6DC8F0BBE6,2026-05-07T23:36:41.654821+00:00,RevenueLeakage,CUST-cf28f116,Failed Payment,Leakage type: Failed Payment,1 failed transaction(s) totalling $49.00.,$49.00 estimated revenue loss,"Trigger automated dunning sequence: retry payment, then request updated payment method.",High
TRC-294665C9C9,2026-05-07T23:36:41.654848+00:00,RevenueLeakage,CUST-cf77f9ee,Failed Payment,Leakage type: Failed Payment,3 failed transaction(s) totalling $597.00.,$597.00 estimated revenue loss,"Trigger automated dunning sequence: retry payment, then request updated payment method.",High
TRC-A03F921BB9,2026-05-07T23:36:41.654853+00:00,RevenueLeakage,CUST-cfb9eb6b,Failed Payment,Leakage type: Failed Payment,"2 failed transaction(s) totalling $3,998.00.","$3,998.00 estimated revenue loss","Trigger automated dunning sequence: retry payment, then request updated payment method.",High
TRC-4AAB046CCC,2026-05-07T23:36:41.654858+00:00,RevenueLeakage,CUST-cff0fb9f,Failed Payment,Leakage type: Failed Payment,3 failed transaction(s) totalling $597.00.,$597.00 estimated revenue loss,"Trigger automated dunning sequence: retry payment, then request updated payment method.",High
TRC-DF4A143DFD,2026-05-07T23:36:41.654862+00:00,RevenueLeakage,CUST-d01d66e8,Failed Payment,Leakage type: Failed Payment,1 failed transaction(s) totalling $199.00.,$199.00 estimated revenue loss,"Trigger automated dunning sequence: retry payment, then request updated payment method.",High
TRC-555BC256E5,2026-05-07T23:36:41.654867+00:00,RevenueLeakage,CUST-d08fb654,Failed Payment,Leakage type: Failed Payment,1 failed transaction(s) totalling $49.00.,$49.00 estimated revenue loss,"Trigger automated dunning sequence: retry payment, then request updated payment method.",High
TRC-1EAEEEFC44,2026-05-07T23:36:41.654871+00:00,RevenueLeakage,CUST-d1e8f192,Failed Payment,Leakage type: Failed Payment,1 failed transaction(s) totalling $499.00.,$499.00 estimated revenue loss,"Trigger automated dunning sequence: retry payment, then request updated payment method.",High
TRC-BADB142A03,2026-05-07T23:36:41.654875+00:00,RevenueLeakage,CUST-d26a7eff,Failed Payment,Leakage type: Failed Payment,1 failed transaction(s) totalling $499.00.,$499.00 estimated revenue loss,"Trigger automated dunning sequence: retry payment, then request updated payment method.",High
TRC-2DC3BC7C64,2026-05-07T23:36:41.654880+00:00,RevenueLeakage,CUST-d27ed070,Failed Payment,Leakage type: Failed Payment,1 failed transaction(s) totalling $49.00.,$49.00 estimated revenue loss,"Trigger automated dunning sequence: retry payment, then request updated payment method.",High
TRC-C633D41E80,2026-05-07T23:36:41.654884+00:00,RevenueLeakage,CUST-d2b7c299,Failed Payment,Leakage type: Failed Payment,1 failed transaction(s) totalling $49.00.,$49.00 estimated revenue loss,"Trigger automated dunning sequence: retry payment, then request updated payment method.",High
TRC-77F0F8B41C,2026-05-07T23:36:41.654889+00:00,RevenueLeakage,CUST-d2c3ccf3,Failed Payment,Leakage type: Failed Payment,"1 failed transaction(s) totalling $1,999.00.","$1,999.00 estimated revenue loss","Trigger automated dunning sequence: retry payment, then request updated payment method.",High
TRC-7CF9B39EF4,2026-05-07T23:36:41.654893+00:00,RevenueLeakage,CUST-d46d5b57,Failed Payment,Leakage type: Failed Payment,2 failed transaction(s) totalling $98.00.,$98.00 estimated revenue loss,"Trigger automated dunning sequence: retry payment, then request updated payment method.",High
TRC-C160FBCA0A,2026-05-07T23:36:41.654898+00:00,RevenueLeakage,CUST-d4954121,Failed Payment,Leakage type: Failed Payment,"4 failed transaction(s) totalling $1,996.00.","$1,996.00 estimated revenue loss","Trigger automated dunning sequence: retry payment, then request updated payment method.",High
TRC-991CACA5F6,2026-05-07T23:36:41.654902+00:00,RevenueLeakage,CUST-d5140721,Failed Payment,Leakage type: Failed Payment,1 failed transaction(s) totalling $199.00.,$199.00 estimated revenue loss,"Trigger automated dunning sequence: retry payment, then request updated payment method.",High
TRC-81BE26ED44,2026-05-07T23:36:41.654907+00:00,RevenueLeakage,CUST-d6f2ff33,Failed Payment,Leakage type: Failed Payment,1 failed transaction(s) totalling $199.00.,$199.00 estimated revenue loss,"Trigger automated dunning sequence: retry payment, then request updated payment method.",High
TRC-0764D431FA,2026-05-07T23:36:41.654911+00:00,RevenueLeakage,CUST-d72aa413,Failed Payment,Leakage type: Failed Payment,1 failed transaction(s) totalling $49.00.,$49.00 estimated revenue loss,"Trigger automated dunning sequence: retry payment, then request updated payment method.",High
TRC-748935B50D,2026-05-07T23:36:41.654915+00:00,RevenueLeakage,CUST-d7e81929,Failed Payment,Leakage type: Failed Payment,2 failed transaction(s) totalling $998.00.,$998.00 estimated revenue loss,"Trigger automated dunning sequence: retry payment, then request updated payment method.",High
TRC-7512D238DC,2026-05-07T23:36:41.654920+00:00,RevenueLeakage,CUST-d997f391,Failed Payment,Leakage type: Failed Payment,1 failed transaction(s) totalling $49.00.,$49.00 estimated revenue loss,"Trigger automated dunning sequence: retry payment, then request updated payment method.",High
TRC-F4D0CEE0D0,2026-05-07T23:36:41.654924+00:00,RevenueLeakage,CUST-d9ae0bcd,Failed Payment,Leakage type: Failed Payment,1 failed transaction(s) totalling $199.00.,$199.00 estimated revenue loss,"Trigger automated dunning sequence: retry payment, then request updated payment method.",High
TRC-0253C16273,2026-05-07T23:36:41.654929+00:00,RevenueLeakage,CUST-d9ee5046,Failed Payment,Leakage type: Failed Payment,1 failed transaction(s) totalling $499.00.,$499.00 estimated revenue loss,"Trigger automated dunning sequence: retry payment, then request updated payment method.",High
TRC-78D586384B,2026-05-07T23:36:41.654933+00:00,RevenueLeakage,CUST-da6178a8,Failed Payment,Leakage type: Failed Payment,1 failed transaction(s) totalling $49.00.,$49.00 estimated revenue loss,"Trigger automated dunning sequence: retry payment, then request updated payment method.",High
TRC-B7C08FF9BA,2026-05-07T23:36:41.654937+00:00,RevenueLeakage,CUST-db5c39e2,Failed Payment,Leakage type: Failed Payment,1 failed transaction(s) totalling $49.00.,$49.00 estimated revenue loss,"Trigger automated dunning sequence: retry payment, then request updated payment method.",High
TRC-45C7EC2AFA,2026-05-07T23:36:41.654942+00:00,RevenueLeakage,CUST-dccac442,Failed Payment,Leakage type: Failed Payment,"4 failed transaction(s) totalling $1,996.00.","$1,996.00 estimated revenue loss","Trigger automated dunning sequence: retry payment, then request updated payment method.",High
TRC-3E8C4C91EE,2026-05-07T23:36:41.654946+00:00,RevenueLeakage,CUST-dd64961f,Failed Payment,Leakage type: Failed Payment,2 failed transaction(s) totalling $998.00.,$998.00 estimated revenue loss,"Trigger automated dunning sequence: retry payment, then request updated payment method.",High
TRC-9819AEC288,2026-05-07T23:36:41.654950+00:00,RevenueLeakage,CUST-de60050e,Failed Payment,Leakage type: Failed Payment,1 failed transaction(s) totalling $49.00.,$49.00 estimated revenue loss,"Trigger automated dunning sequence: retry payment, then request updated payment method.",High
TRC-3D41DF5E04,2026-05-07T23:36:41.654955+00:00,RevenueLeakage,CUST-e1a510a8,Failed Payment,Leakage type: Failed Payment,1 failed transaction(s) totalling $199.00.,$199.00 estimated revenue loss,"Trigger automated dunning sequence: retry payment, then request updated payment method.",High
TRC-8EF30C8D31,2026-05-07T23:36:41.654959+00:00,RevenueLeakage,CUST-e2e7fb0b,Failed Payment,Leakage type: Failed Payment,2 failed transaction(s) totalling $398.00.,$398.00 estimated revenue loss,"Trigger automated dunning sequence: retry payment, then request updated payment method.",High
TRC-B2DD593D77,2026-05-07T23:36:41.654964+00:00,RevenueLeakage,CUST-e2fbc4f3,Failed Payment,Leakage type: Failed Payment,1 failed transaction(s) totalling $49.00.,$49.00 estimated revenue loss,"Trigger automated dunning sequence: retry payment, then request updated payment method.",High
TRC-7681ED6ABB,2026-05-07T23:36:41.654968+00:00,RevenueLeakage,CUST-e3ac997b,Failed Payment,Leakage type: Failed Payment,1 failed transaction(s) totalling $49.00.,$49.00 estimated revenue loss,"Trigger automated dunning sequence: retry payment, then request updated payment method.",High
TRC-2363180F30,2026-05-07T23:36:41.654972+00:00,RevenueLeakage,CUST-e3b9afa6,Failed Payment,Leakage type: Failed Payment,"3 failed transaction(s) totalling $1,497.00.","$1,497.00 estimated revenue loss","Trigger automated dunning sequence: retry payment, then request updated payment method.",High
TRC-93DACFD3E1,2026-05-07T23:36:41.654977+00:00,RevenueLeakage,CUST-e3d76283,Failed Payment,Leakage type: Failed Payment,1 failed transaction(s) totalling $199.00.,$199.00 estimated revenue loss,"Trigger automated dunning sequence: retry payment, then request updated payment method.",High
TRC-CB7BD7C38D,2026-05-07T23:36:41.654981+00:00,RevenueLeakage,CUST-e3d81fb5,Failed Payment,Leakage type: Failed Payment,1 failed transaction(s) totalling $49.00.,$49.00 estimated revenue loss,"Trigger automated dunning sequence: retry payment, then request updated payment method.",High
TRC-FB6F37CEE9,2026-05-07T23:36:41.654985+00:00,RevenueLeakage,CUST-e418053f,Failed Payment,Leakage type: Failed Payment,1 failed transaction(s) totalling $49.00.,$49.00 estimated revenue loss,"Trigger automated dunning sequence: retry payment, then request updated payment method.",High
TRC-E71E87D1C4,2026-05-07T23:36:41.654990+00:00,RevenueLeakage,CUST-e494e648,Failed Payment,Leakage type: Failed Payment,2 failed transaction(s) totalling $98.00.,$98.00 estimated revenue loss,"Trigger automated dunning sequence: retry payment, then request updated payment method.",High
TRC-FD76AAAE7B,2026-05-07T23:36:41.654994+00:00,RevenueLeakage,CUST-e52439c2,Failed Payment,Leakage type: Failed Payment,1 failed transaction(s) totalling $49.00.,$49.00 estimated revenue loss,"Trigger automated dunning sequence: retry payment, then request updated payment method.",High
TRC-8E6E8D72B5,2026-05-07T23:36:41.654999+00:00,RevenueLeakage,CUST-e53bb614,Failed Payment,Leakage type: Failed Payment,1 failed transaction(s) totalling $499.00.,$499.00 estimated revenue loss,"Trigger automated dunning sequence: retry payment, then request updated payment method.",High
TRC-371FEF3974,2026-05-07T23:36:41.655003+00:00,RevenueLeakage,CUST-e61849a6,Failed Payment,Leakage type: Failed Payment,1 failed transaction(s) totalling $499.00.,$499.00 estimated revenue loss,"Trigger automated dunning sequence: retry payment, then request updated payment method.",High
TRC-91ED7B781F,2026-05-07T23:36:41.655007+00:00,RevenueLeakage,CUST-e667d33f,Failed Payment,Leakage type: Failed Payment,1 failed transaction(s) totalling $49.00.,$49.00 estimated revenue loss,"Trigger automated dunning sequence: retry payment, then request updated payment method.",High
TRC-1A930276CE,2026-05-07T23:36:41.655012+00:00,RevenueLeakage,CUST-e70100eb,Failed Payment,Leakage type: Failed Payment,1 failed transaction(s) totalling $49.00.,$49.00 estimated revenue loss,"Trigger automated dunning sequence: retry payment, then request updated payment method.",High
TRC-4B059F0C55,2026-05-07T23:36:41.655016+00:00,RevenueLeakage,CUST-e725748e,Failed Payment,Leakage type: Failed Payment,1 failed transaction(s) totalling $199.00.,$199.00 estimated revenue loss,"Trigger automated dunning sequence: retry payment, then request updated payment method.",High
TRC-6B914B1CD1,2026-05-07T23:36:41.655021+00:00,RevenueLeakage,CUST-e868444e,Failed Payment,Leakage type: Failed Payment,1 failed transaction(s) totalling $49.00.,$49.00 estimated revenue loss,"Trigger automated dunning sequence: retry payment, then request updated payment method.",High
TRC-B8BB8C1E83,2026-05-07T23:36:41.655025+00:00,RevenueLeakage,CUST-e8d2fb76,Failed Payment,Leakage type: Failed Payment,1 failed transaction(s) totalling $49.00.,$49.00 estimated revenue loss,"Trigger automated dunning sequence: retry payment, then request updated payment method.",High
TRC-8A8A23E73A,2026-05-07T23:36:41.655029+00:00,RevenueLeakage,CUST-e9f0797f,Failed Payment,Leakage type: Failed Payment,2 failed transaction(s) totalling $398.00.,$398.00 estimated revenue loss,"Trigger automated dunning sequence: retry payment, then request updated payment method.",High
TRC-5B940C314F,2026-05-07T23:36:41.655034+00:00,RevenueLeakage,CUST-eb632adf,Failed Payment,Leakage type: Failed Payment,1 failed transaction(s) totalling $49.00.,$49.00 estimated revenue loss,"Trigger automated dunning sequence: retry payment, then request updated payment method.",High
TRC-74B3816D19,2026-05-07T23:36:41.655038+00:00,RevenueLeakage,CUST-ebce25dd,Failed Payment,Leakage type: Failed Payment,1 failed transaction(s) totalling $199.00.,$199.00 estimated revenue loss,"Trigger automated dunning sequence: retry payment, then request updated payment method.",High
TRC-3094FD8170,2026-05-07T23:36:41.655043+00:00,RevenueLeakage,CUST-ec953494,Failed Payment,Leakage type: Failed Payment,1 failed transaction(s) totalling $499.00.,$499.00 estimated revenue loss,"Trigger automated dunning sequence: retry payment, then request updated payment method.",High
TRC-D8C0FCC575,2026-05-07T23:36:41.655047+00:00,RevenueLeakage,CUST-ed719c24,Failed Payment,Leakage type: Failed Payment,3 failed transaction(s) totalling $147.00.,$147.00 estimated revenue loss,"Trigger automated dunning sequence: retry payment, then request updated payment method.",High
TRC-3FA4140C5B,2026-05-07T23:36:41.655051+00:00,RevenueLeakage,CUST-f073137a,Failed Payment,Leakage type: Failed Payment,1 failed transaction(s) totalling $499.00.,$499.00 estimated revenue loss,"Trigger automated dunning sequence: retry payment, then request updated payment method.",High
TRC-86117E71B6,2026-05-07T23:36:41.655056+00:00,RevenueLeakage,CUST-f0d03016,Failed Payment,Leakage type: Failed Payment,1 failed transaction(s) totalling $199.00.,$199.00 estimated revenue loss,"Trigger automated dunning sequence: retry payment, then request updated payment method.",High
TRC-9AF64C55F0,2026-05-07T23:36:41.655060+00:00,RevenueLeakage,CUST-f10abf18,Failed Payment,Leakage type: Failed Payment,"1 failed transaction(s) totalling $1,999.00.","$1,999.00 estimated revenue loss","Trigger automated dunning sequence: retry payment, then request updated payment method.",High
TRC-C9C34B9376,2026-05-07T23:36:41.655065+00:00,RevenueLeakage,CUST-f2e5ddd1,Failed Payment,Leakage type: Failed Payment,"2 failed transaction(s) totalling $3,998.00.","$3,998.00 estimated revenue loss","Trigger automated dunning sequence: retry payment, then request updated payment method.",High
TRC-87689877EC,2026-05-07T23:36:41.655069+00:00,RevenueLeakage,CUST-f3870c47,Failed Payment,Leakage type: Failed Payment,1 failed transaction(s) totalling $499.00.,$499.00 estimated revenue loss,"Trigger automated dunning sequence: retry payment, then request updated payment method.",High
TRC-30EFBF49E4,2026-05-07T23:36:41.655074+00:00,RevenueLeakage,CUST-f4563f48,Failed Payment,Leakage type: Failed Payment,1 failed transaction(s) totalling $49.00.,$49.00 estimated revenue loss,"Trigger automated dunning sequence: retry payment, then request updated payment method.",High
TRC-7DC0E9C8A6,2026-05-07T23:36:41.655078+00:00,RevenueLeakage,CUST-f630b7cb,Failed Payment,Leakage type: Failed Payment,2 failed transaction(s) totalling $98.00.,$98.00 estimated revenue loss,"Trigger automated dunning sequence: retry payment, then request updated payment method.",High
TRC-32C34F445A,2026-05-07T23:36:41.655083+00:00,RevenueLeakage,CUST-f7565743,Failed Payment,Leakage type: Failed Payment,1 failed transaction(s) totalling $49.00.,$49.00 estimated revenue loss,"Trigger automated dunning sequence: retry payment, then request updated payment method.",High
TRC-1647D45ECF,2026-05-07T23:36:41.655087+00:00,RevenueLeakage,CUST-f7a162ca,Failed Payment,Leakage type: Failed Payment,1 failed transaction(s) totalling $199.00.,$199.00 estimated revenue loss,"Trigger automated dunning sequence: retry payment, then request updated payment method.",High
TRC-1C090C0A2B,2026-05-07T23:36:41.655091+00:00,RevenueLeakage,CUST-f7c27cb5,Failed Payment,Leakage type: Failed Payment,1 failed transaction(s) totalling $49.00.,$49.00 estimated revenue loss,"Trigger automated dunning sequence: retry payment, then request updated payment method.",High
TRC-CB315C3DE2,2026-05-07T23:36:41.655096+00:00,RevenueLeakage,CUST-f8c8366f,Failed Payment,Leakage type: Failed Payment,"3 failed transaction(s) totalling $1,497.00.","$1,497.00 estimated revenue loss","Trigger automated dunning sequence: retry payment, then request updated payment method.",High
TRC-B5B1540003,2026-05-07T23:36:41.655100+00:00,RevenueLeakage,CUST-fb11a701,Failed Payment,Leakage type: Failed Payment,2 failed transaction(s) totalling $398.00.,$398.00 estimated revenue loss,"Trigger automated dunning sequence: retry payment, then request updated payment method.",High
TRC-BC3803E6ED,2026-05-07T23:36:41.655105+00:00,RevenueLeakage,CUST-fbd59239,Failed Payment,Leakage type: Failed Payment,2 failed transaction(s) totalling $398.00.,$398.00 estimated revenue loss,"Trigger automated dunning sequence: retry payment, then request updated payment method.",High
TRC-2F54E82267,2026-05-07T23:36:41.655109+00:00,RevenueLeakage,CUST-fcd6b1ef,Failed Payment,Leakage type: Failed Payment,1 failed transaction(s) totalling $499.00.,$499.00 estimated revenue loss,"Trigger automated dunning sequence: retry payment, then request updated payment method.",High
TRC-65B1B33BD0,2026-05-07T23:36:41.655113+00:00,RevenueLeakage,CUST-fdecbfeb,Failed Payment,Leakage type: Failed Payment,1 failed transaction(s) totalling $199.00.,$199.00 estimated revenue loss,"Trigger automated dunning sequence: retry payment, then request updated payment method.",High
TRC-CEA4432BDE,2026-05-07T23:36:41.655118+00:00,RevenueLeakage,CUST-fefa1684,Failed Payment,Leakage type: Failed Payment,2 failed transaction(s) totalling $998.00.,$998.00 estimated revenue loss,"Trigger automated dunning sequence: retry payment, then request updated payment method.",High
TRC-AD7B6CAE52,2026-05-07T23:36:41.655122+00:00,RevenueLeakage,CUST-021fee20,Refund,Leakage type: Refund,1 refunded transaction(s) totalling $49.00.,$49.00 estimated revenue loss,"Review refund reason. If product issue, escalate to engineering. If billing error, correct and re-invoice.",High
TRC-23C2E7ED48,2026-05-07T23:36:41.655127+00:00,RevenueLeakage,CUST-02dee19e,Refund,Leakage type: Refund,"1 refunded transaction(s) totalling $1,999.00.","$1,999.00 estimated revenue loss","Review refund reason. If product issue, escalate to engineering. If billing error, correct and re-invoice.",High
TRC-B33AE6F957,2026-05-07T23:36:41.655132+00:00,RevenueLeakage,CUST-04d2b634,Refund,Leakage type: Refund,1 refunded transaction(s) totalling $499.00.,$499.00 estimated revenue loss,"Review refund reason. If product issue, escalate to engineering. If billing error, correct and re-invoice.",High
TRC-C2E299170E,2026-05-07T23:36:41.655175+00:00,RevenueLeakage,CUST-05ed3232,Refund,Leakage type: Refund,1 refunded transaction(s) totalling $499.00.,$499.00 estimated revenue loss,"Review refund reason. If product issue, escalate to engineering. If billing error, correct and re-invoice.",High
TRC-47FEC53FB3,2026-05-07T23:36:41.655180+00:00,RevenueLeakage,CUST-06f13f28,Refund,Leakage type: Refund,1 refunded transaction(s) totalling $199.00.,$199.00 estimated revenue loss,"Review refund reason. If product issue, escalate to engineering. If billing error, correct and re-invoice.",High
TRC-6658F21ECA,2026-05-07T23:36:41.655184+00:00,RevenueLeakage,CUST-07db41f2,Refund,Leakage type: Refund,2 refunded transaction(s) totalling $98.00.,$98.00 estimated revenue loss,"Review refund reason. If product issue, escalate to engineering. If billing error, correct and re-invoice.",High
TRC-B199B9A67A,2026-05-07T23:36:41.655189+00:00,RevenueLeakage,CUST-0a941d35,Refund,Leakage type: Refund,2 refunded transaction(s) totalling $998.00.,$998.00 estimated revenue loss,"Review refund reason. If product issue, escalate to engineering. If billing error, correct and re-invoice.",High
TRC-682E601AE3,2026-05-07T23:36:41.655193+00:00,RevenueLeakage,CUST-0f7f7063,Refund,Leakage type: Refund,2 refunded transaction(s) totalling $398.00.,$398.00 estimated revenue loss,"Review refund reason. If product issue, escalate to engineering. If billing error, correct and re-invoice.",High
TRC-8A29CBCBD8,2026-05-07T23:36:41.655198+00:00,RevenueLeakage,CUST-0ff1a569,Refund,Leakage type: Refund,1 refunded transaction(s) totalling $499.00.,$499.00 estimated revenue loss,"Review refund reason. If product issue, escalate to engineering. If billing error, correct and re-invoice.",High
TRC-01075A359C,2026-05-07T23:36:41.655202+00:00,RevenueLeakage,CUST-1293971b,Refund,Leakage type: Refund,1 refunded transaction(s) totalling $49.00.,$49.00 estimated revenue loss,"Review refund reason. If product issue, escalate to engineering. If billing error, correct and re-invoice.",High
TRC-8E7D92AA67,2026-05-07T23:36:41.655207+00:00,RevenueLeakage,CUST-12fc3781,Refund,Leakage type: Refund,2 refunded transaction(s) totalling $398.00.,$398.00 estimated revenue loss,"Review refund reason. If product issue, escalate to engineering. If billing error, correct and re-invoice.",High
TRC-7CD9F284BD,2026-05-07T23:36:41.655211+00:00,RevenueLeakage,CUST-13b8c521,Refund,Leakage type: Refund,1 refunded transaction(s) totalling $199.00.,$199.00 estimated revenue loss,"Review refund reason. If product issue, escalate to engineering. If billing error, correct and re-invoice.",High
TRC-0C834FC286,2026-05-07T23:36:41.655215+00:00,RevenueLeakage,CUST-15ef6802,Refund,Leakage type: Refund,1 refunded transaction(s) totalling $49.00.,$49.00 estimated revenue loss,"Review refund reason. If product issue, escalate to engineering. If billing error, correct and re-invoice.",High
TRC-3E91F8DAA3,2026-05-07T23:36:41.655220+00:00,RevenueLeakage,CUST-176a2adf,Refund,Leakage type: Refund,1 refunded transaction(s) totalling $499.00.,$499.00 estimated revenue loss,"Review refund reason. If product issue, escalate to engineering. If billing error, correct and re-invoice.",High
TRC-48354FE788,2026-05-07T23:36:41.655224+00:00,RevenueLeakage,CUST-1784946c,Refund,Leakage type: Refund,1 refunded transaction(s) totalling $199.00.,$199.00 estimated revenue loss,"Review refund reason. If product issue, escalate to engineering. If billing error, correct and re-invoice.",High
TRC-56F8DBAB79,2026-05-07T23:36:41.655229+00:00,RevenueLeakage,CUST-1785b660,Refund,Leakage type: Refund,1 refunded transaction(s) totalling $199.00.,$199.00 estimated revenue loss,"Review refund reason. If product issue, escalate to engineering. If billing error, correct and re-invoice.",High
TRC-E759888630,2026-05-07T23:36:41.655233+00:00,RevenueLeakage,CUST-19902bad,Refund,Leakage type: Refund,"1 refunded transaction(s) totalling $1,999.00.","$1,999.00 estimated revenue loss","Review refund reason. If product issue, escalate to engineering. If billing error, correct and re-invoice.",High
TRC-1621C7B12F,2026-05-07T23:36:41.655238+00:00,RevenueLeakage,CUST-1aa9bb8a,Refund,Leakage type: Refund,1 refunded transaction(s) totalling $499.00.,$499.00 estimated revenue loss,"Review refund reason. If product issue, escalate to engineering. If billing error, correct and re-invoice.",High
TRC-E836BAF5AE,2026-05-07T23:36:41.655242+00:00,RevenueLeakage,CUST-1db39510,Refund,Leakage type: Refund,1 refunded transaction(s) totalling $199.00.,$199.00 estimated revenue loss,"Review refund reason. If product issue, escalate to engineering. If billing error, correct and re-invoice.",High
TRC-246339A586,2026-05-07T23:36:41.655247+00:00,RevenueLeakage,CUST-1eaf0934,Refund,Leakage type: Refund,1 refunded transaction(s) totalling $199.00.,$199.00 estimated revenue loss,"Review refund reason. If product issue, escalate to engineering. If billing error, correct and re-invoice.",High
TRC-A3A7925634,2026-05-07T23:36:41.655251+00:00,RevenueLeakage,CUST-1eca5402,Refund,Leakage type: Refund,1 refunded transaction(s) totalling $49.00.,$49.00 estimated revenue loss,"Review refund reason. If product issue, escalate to engineering. If billing error, correct and re-invoice.",High
TRC-D8CFEA4773,2026-05-07T23:36:41.655256+00:00,RevenueLeakage,CUST-1fed86cc,Refund,Leakage type: Refund,2 refunded transaction(s) totalling $98.00.,$98.00 estimated revenue loss,"Review refund reason. If product issue, escalate to engineering. If billing error, correct and re-invoice.",High
TRC-38F0AF29BF,2026-05-07T23:36:41.655260+00:00,RevenueLeakage,CUST-21a01016,Refund,Leakage type: Refund,3 refunded transaction(s) totalling $597.00.,$597.00 estimated revenue loss,"Review refund reason. If product issue, escalate to engineering. If billing error, correct and re-invoice.",High
TRC-397DCE2429,2026-05-07T23:36:41.655264+00:00,RevenueLeakage,CUST-21fdb4a7,Refund,Leakage type: Refund,1 refunded transaction(s) totalling $49.00.,$49.00 estimated revenue loss,"Review refund reason. If product issue, escalate to engineering. If billing error, correct and re-invoice.",High
TRC-6148AA97B0,2026-05-07T23:36:41.655269+00:00,RevenueLeakage,CUST-241c7a18,Refund,Leakage type: Refund,1 refunded transaction(s) totalling $499.00.,$499.00 estimated revenue loss,"Review refund reason. If product issue, escalate to engineering. If billing error, correct and re-invoice.",High
TRC-EFCA1D9F75,2026-05-07T23:36:41.655273+00:00,RevenueLeakage,CUST-24cd437c,Refund,Leakage type: Refund,2 refunded transaction(s) totalling $998.00.,$998.00 estimated revenue loss,"Review refund reason. If product issue, escalate to engineering. If billing error, correct and re-invoice.",High
TRC-DA6890BCB1,2026-05-07T23:36:41.655278+00:00,RevenueLeakage,CUST-25249848,Refund,Leakage type: Refund,"1 refunded transaction(s) totalling $1,999.00.","$1,999.00 estimated revenue loss","Review refund reason. If product issue, escalate to engineering. If billing error, correct and re-invoice.",High
TRC-5EC0BF794F,2026-05-07T23:36:41.655282+00:00,RevenueLeakage,CUST-27baa4d2,Refund,Leakage type: Refund,1 refunded transaction(s) totalling $499.00.,$499.00 estimated revenue loss,"Review refund reason. If product issue, escalate to engineering. If billing error, correct and re-invoice.",High
TRC-A3E7499BF9,2026-05-07T23:36:41.655287+00:00,RevenueLeakage,CUST-281af038,Refund,Leakage type: Refund,"2 refunded transaction(s) totalling $3,998.00.","$3,998.00 estimated revenue loss","Review refund reason. If product issue, escalate to engineering. If billing error, correct and re-invoice.",High
TRC-818DD205D5,2026-05-07T23:36:41.655291+00:00,RevenueLeakage,CUST-2948ba10,Refund,Leakage type: Refund,1 refunded transaction(s) totalling $49.00.,$49.00 estimated revenue loss,"Review refund reason. If product issue, escalate to engineering. If billing error, correct and re-invoice.",High
TRC-EEC048F200,2026-05-07T23:36:41.655295+00:00,RevenueLeakage,CUST-29bb5e1a,Refund,Leakage type: Refund,1 refunded transaction(s) totalling $49.00.,$49.00 estimated revenue loss,"Review refund reason. If product issue, escalate to engineering. If billing error, correct and re-invoice.",High
TRC-CFC065C8C4,2026-05-07T23:36:41.655300+00:00,RevenueLeakage,CUST-2a7aaa3c,Refund,Leakage type: Refund,"1 refunded transaction(s) totalling $1,999.00.","$1,999.00 estimated revenue loss","Review refund reason. If product issue, escalate to engineering. If billing error, correct and re-invoice.",High
TRC-0DAD16DBD9,2026-05-07T23:36:41.655304+00:00,RevenueLeakage,CUST-2cad726b,Refund,Leakage type: Refund,1 refunded transaction(s) totalling $49.00.,$49.00 estimated revenue loss,"Review refund reason. If product issue, escalate to engineering. If billing error, correct and re-invoice.",High
TRC-B816C01B1A,2026-05-07T23:36:41.655309+00:00,RevenueLeakage,CUST-2cfacd80,Refund,Leakage type: Refund,1 refunded transaction(s) totalling $199.00.,$199.00 estimated revenue loss,"Review refund reason. If product issue, escalate to engineering. If billing error, correct and re-invoice.",High
TRC-A22EF3E744,2026-05-07T23:36:41.655313+00:00,RevenueLeakage,CUST-2f73616f,Refund,Leakage type: Refund,2 refunded transaction(s) totalling $398.00.,$398.00 estimated revenue loss,"Review refund reason. If product issue, escalate to engineering. If billing error, correct and re-invoice.",High
TRC-EA3A722E8A,2026-05-07T23:36:41.655318+00:00,RevenueLeakage,CUST-30abdbd5,Refund,Leakage type: Refund,2 refunded transaction(s) totalling $998.00.,$998.00 estimated revenue loss,"Review refund reason. If product issue, escalate to engineering. If billing error, correct and re-invoice.",High
TRC-47E5CE7C5E,2026-05-07T23:36:41.655322+00:00,RevenueLeakage,CUST-326272c2,Refund,Leakage type: Refund,1 refunded transaction(s) totalling $49.00.,$49.00 estimated revenue loss,"Review refund reason. If product issue, escalate to engineering. If billing error, correct and re-invoice.",High
TRC-8966748257,2026-05-07T23:36:41.655326+00:00,RevenueLeakage,CUST-32a51f59,Refund,Leakage type: Refund,1 refunded transaction(s) totalling $499.00.,$499.00 estimated revenue loss,"Review refund reason. If product issue, escalate to engineering. If billing error, correct and re-invoice.",High
TRC-9F108B92D0,2026-05-07T23:36:41.655331+00:00,RevenueLeakage,CUST-341cdae5,Refund,Leakage type: Refund,1 refunded transaction(s) totalling $199.00.,$199.00 estimated revenue loss,"Review refund reason. If product issue, escalate to engineering. If billing error, correct and re-invoice.",High
TRC-AD94CA93CE,2026-05-07T23:36:41.655335+00:00,RevenueLeakage,CUST-34790521,Refund,Leakage type: Refund,1 refunded transaction(s) totalling $49.00.,$49.00 estimated revenue loss,"Review refund reason. If product issue, escalate to engineering. If billing error, correct and re-invoice.",High
TRC-BDE943BA8C,2026-05-07T23:36:41.655339+00:00,RevenueLeakage,CUST-348cdf22,Refund,Leakage type: Refund,1 refunded transaction(s) totalling $199.00.,$199.00 estimated revenue loss,"Review refund reason. If product issue, escalate to engineering. If billing error, correct and re-invoice.",High
TRC-995C96F1D6,2026-05-07T23:36:41.655344+00:00,RevenueLeakage,CUST-34a0e933,Refund,Leakage type: Refund,1 refunded transaction(s) totalling $199.00.,$199.00 estimated revenue loss,"Review refund reason. If product issue, escalate to engineering. If billing error, correct and re-invoice.",High
TRC-825A8829B3,2026-05-07T23:36:41.655348+00:00,RevenueLeakage,CUST-36b79217,Refund,Leakage type: Refund,1 refunded transaction(s) totalling $199.00.,$199.00 estimated revenue loss,"Review refund reason. If product issue, escalate to engineering. If billing error, correct and re-invoice.",High
TRC-2ABFED00AF,2026-05-07T23:36:41.655353+00:00,RevenueLeakage,CUST-37b0c21c,Refund,Leakage type: Refund,"1 refunded transaction(s) totalling $1,999.00.","$1,999.00 estimated revenue loss","Review refund reason. If product issue, escalate to engineering. If billing error, correct and re-invoice.",High
TRC-1CB093D4CE,2026-05-07T23:36:41.655357+00:00,RevenueLeakage,CUST-381412c1,Refund,Leakage type: Refund,1 refunded transaction(s) totalling $49.00.,$49.00 estimated revenue loss,"Review refund reason. If product issue, escalate to engineering. If billing error, correct and re-invoice.",High
TRC-C7AC4C9F79,2026-05-07T23:36:41.655362+00:00,RevenueLeakage,CUST-393f2efd,Refund,Leakage type: Refund,1 refunded transaction(s) totalling $499.00.,$499.00 estimated revenue loss,"Review refund reason. If product issue, escalate to engineering. If billing error, correct and re-invoice.",High
TRC-0651F06B29,2026-05-07T23:36:41.655366+00:00,RevenueLeakage,CUST-3994cebe,Refund,Leakage type: Refund,1 refunded transaction(s) totalling $49.00.,$49.00 estimated revenue loss,"Review refund reason. If product issue, escalate to engineering. If billing error, correct and re-invoice.",High
TRC-A96C218060,2026-05-07T23:36:41.655370+00:00,RevenueLeakage,CUST-39b1bd5d,Refund,Leakage type: Refund,1 refunded transaction(s) totalling $49.00.,$49.00 estimated revenue loss,"Review refund reason. If product issue, escalate to engineering. If billing error, correct and re-invoice.",High
TRC-E92560F23B,2026-05-07T23:36:41.655375+00:00,RevenueLeakage,CUST-39bae39b,Refund,Leakage type: Refund,1 refunded transaction(s) totalling $49.00.,$49.00 estimated revenue loss,"Review refund reason. If product issue, escalate to engineering. If billing error, correct and re-invoice.",High
TRC-57D852082A,2026-05-07T23:36:41.655379+00:00,RevenueLeakage,CUST-39c02ed4,Refund,Leakage type: Refund,1 refunded transaction(s) totalling $199.00.,$199.00 estimated revenue loss,"Review refund reason. If product issue, escalate to engineering. If billing error, correct and re-invoice.",High
TRC-C5EAD24E9B,2026-05-07T23:36:41.655384+00:00,RevenueLeakage,CUST-3ab47599,Refund,Leakage type: Refund,1 refunded transaction(s) totalling $49.00.,$49.00 estimated revenue loss,"Review refund reason. If product issue, escalate to engineering. If billing error, correct and re-invoice.",High
TRC-EAE6136D68,2026-05-07T23:36:41.655388+00:00,RevenueLeakage,CUST-3c8ebac5,Refund,Leakage type: Refund,1 refunded transaction(s) totalling $199.00.,$199.00 estimated revenue loss,"Review refund reason. If product issue, escalate to engineering. If billing error, correct and re-invoice.",High
TRC-2F4335E0AA,2026-05-07T23:36:41.655393+00:00,RevenueLeakage,CUST-3d1aae80,Refund,Leakage type: Refund,1 refunded transaction(s) totalling $199.00.,$199.00 estimated revenue loss,"Review refund reason. If product issue, escalate to engineering. If billing error, correct and re-invoice.",High
TRC-14389C66B3,2026-05-07T23:36:41.655397+00:00,RevenueLeakage,CUST-3e1317e7,Refund,Leakage type: Refund,1 refunded transaction(s) totalling $49.00.,$49.00 estimated revenue loss,"Review refund reason. If product issue, escalate to engineering. If billing error, correct and re-invoice.",High
TRC-743591764B,2026-05-07T23:36:41.655401+00:00,RevenueLeakage,CUST-3f4fa17d,Refund,Leakage type: Refund,1 refunded transaction(s) totalling $199.00.,$199.00 estimated revenue loss,"Review refund reason. If product issue, escalate to engineering. If billing error, correct and re-invoice.",High
TRC-49130192FF,2026-05-07T23:36:41.655406+00:00,RevenueLeakage,CUST-41270615,Refund,Leakage type: Refund,1 refunded transaction(s) totalling $49.00.,$49.00 estimated revenue loss,"Review refund reason. If product issue, escalate to engineering. If billing error, correct and re-invoice.",High
TRC-5728D85163,2026-05-07T23:36:41.655411+00:00,RevenueLeakage,CUST-415672dc,Refund,Leakage type: Refund,1 refunded transaction(s) totalling $499.00.,$499.00 estimated revenue loss,"Review refund reason. If product issue, escalate to engineering. If billing error, correct and re-invoice.",High
TRC-4BD52A7934,2026-05-07T23:36:41.655415+00:00,RevenueLeakage,CUST-42e59afc,Refund,Leakage type: Refund,1 refunded transaction(s) totalling $199.00.,$199.00 estimated revenue loss,"Review refund reason. If product issue, escalate to engineering. If billing error, correct and re-invoice.",High
TRC-369583D1A9,2026-05-07T23:36:41.655420+00:00,RevenueLeakage,CUST-4390bd47,Refund,Leakage type: Refund,1 refunded transaction(s) totalling $499.00.,$499.00 estimated revenue loss,"Review refund reason. If product issue, escalate to engineering. If billing error, correct and re-invoice.",High
TRC-3FCEF3C3AC,2026-05-07T23:36:41.655424+00:00,RevenueLeakage,CUST-449bd511,Refund,Leakage type: Refund,1 refunded transaction(s) totalling $499.00.,$499.00 estimated revenue loss,"Review refund reason. If product issue, escalate to engineering. If billing error, correct and re-invoice.",High
TRC-1C6E628148,2026-05-07T23:36:41.655428+00:00,RevenueLeakage,CUST-4839e5ea,Refund,Leakage type: Refund,1 refunded transaction(s) totalling $199.00.,$199.00 estimated revenue loss,"Review refund reason. If product issue, escalate to engineering. If billing error, correct and re-invoice.",High
TRC-92D9E3C909,2026-05-07T23:36:41.655433+00:00,RevenueLeakage,CUST-4c370882,Refund,Leakage type: Refund,"1 refunded transaction(s) totalling $1,999.00.","$1,999.00 estimated revenue loss","Review refund reason. If product issue, escalate to engineering. If billing error, correct and re-invoice.",High
TRC-81E532594C,2026-05-07T23:36:41.655437+00:00,RevenueLeakage,CUST-4d4bcad4,Refund,Leakage type: Refund,"1 refunded transaction(s) totalling $1,999.00.","$1,999.00 estimated revenue loss","Review refund reason. If product issue, escalate to engineering. If billing error, correct and re-invoice.",High
TRC-FAE8B16B09,2026-05-07T23:36:41.655442+00:00,RevenueLeakage,CUST-4fe61954,Refund,Leakage type: Refund,"1 refunded transaction(s) totalling $1,999.00.","$1,999.00 estimated revenue loss","Review refund reason. If product issue, escalate to engineering. If billing error, correct and re-invoice.",High
TRC-48ED57BB25,2026-05-07T23:36:41.655446+00:00,RevenueLeakage,CUST-50106902,Refund,Leakage type: Refund,1 refunded transaction(s) totalling $49.00.,$49.00 estimated revenue loss,"Review refund reason. If product issue, escalate to engineering. If billing error, correct and re-invoice.",High
TRC-0C246D68F9,2026-05-07T23:36:41.655451+00:00,RevenueLeakage,CUST-52b3bf45,Refund,Leakage type: Refund,2 refunded transaction(s) totalling $398.00.,$398.00 estimated revenue loss,"Review refund reason. If product issue, escalate to engineering. If billing error, correct and re-invoice.",High
TRC-7E79A551C8,2026-05-07T23:36:41.655455+00:00,RevenueLeakage,CUST-52dceb3a,Refund,Leakage type: Refund,1 refunded transaction(s) totalling $199.00.,$199.00 estimated revenue loss,"Review refund reason. If product issue, escalate to engineering. If billing error, correct and re-invoice.",High
TRC-FB9EC73BF1,2026-05-07T23:36:41.655460+00:00,RevenueLeakage,CUST-53ded5c3,Refund,Leakage type: Refund,"1 refunded transaction(s) totalling $1,999.00.","$1,999.00 estimated revenue loss","Review refund reason. If product issue, escalate to engineering. If billing error, correct and re-invoice.",High
TRC-7AA7290F09,2026-05-07T23:36:41.655465+00:00,RevenueLeakage,CUST-552a5331,Refund,Leakage type: Refund,1 refunded transaction(s) totalling $49.00.,$49.00 estimated revenue loss,"Review refund reason. If product issue, escalate to engineering. If billing error, correct and re-invoice.",High
TRC-7FC252D6BD,2026-05-07T23:36:41.655469+00:00,RevenueLeakage,CUST-557422e6,Refund,Leakage type: Refund,1 refunded transaction(s) totalling $199.00.,$199.00 estimated revenue loss,"Review refund reason. If product issue, escalate to engineering. If billing error, correct and re-invoice.",High
TRC-6242F8C57D,2026-05-07T23:36:41.655473+00:00,RevenueLeakage,CUST-55c1c32d,Refund,Leakage type: Refund,1 refunded transaction(s) totalling $199.00.,$199.00 estimated revenue loss,"Review refund reason. If product issue, escalate to engineering. If billing error, correct and re-invoice.",High
TRC-6E3E74775B,2026-05-07T23:36:41.655478+00:00,RevenueLeakage,CUST-595ad990,Refund,Leakage type: Refund,1 refunded transaction(s) totalling $49.00.,$49.00 estimated revenue loss,"Review refund reason. If product issue, escalate to engineering. If billing error, correct and re-invoice.",High
TRC-3A5DFA6DEA,2026-05-07T23:36:41.655482+00:00,RevenueLeakage,CUST-5bc68721,Refund,Leakage type: Refund,1 refunded transaction(s) totalling $49.00.,$49.00 estimated revenue loss,"Review refund reason. If product issue, escalate to engineering. If billing error, correct and re-invoice.",High
TRC-22E4C6C858,2026-05-07T23:36:41.655487+00:00,RevenueLeakage,CUST-5c38042a,Refund,Leakage type: Refund,1 refunded transaction(s) totalling $499.00.,$499.00 estimated revenue loss,"Review refund reason. If product issue, escalate to engineering. If billing error, correct and re-invoice.",High
TRC-E5126C8B6A,2026-05-07T23:36:41.655491+00:00,RevenueLeakage,CUST-5c8129e1,Refund,Leakage type: Refund,1 refunded transaction(s) totalling $199.00.,$199.00 estimated revenue loss,"Review refund reason. If product issue, escalate to engineering. If billing error, correct and re-invoice.",High
TRC-52560AE312,2026-05-07T23:36:41.655495+00:00,RevenueLeakage,CUST-601d86d4,Refund,Leakage type: Refund,1 refunded transaction(s) totalling $49.00.,$49.00 estimated revenue loss,"Review refund reason. If product issue, escalate to engineering. If billing error, correct and re-invoice.",High
TRC-7AB9EED57E,2026-05-07T23:36:41.655500+00:00,RevenueLeakage,CUST-60c9f39d,Refund,Leakage type: Refund,1 refunded transaction(s) totalling $199.00.,$199.00 estimated revenue loss,"Review refund reason. If product issue, escalate to engineering. If billing error, correct and re-invoice.",High
TRC-9AEAD32B1B,2026-05-07T23:36:41.655504+00:00,RevenueLeakage,CUST-610e42d3,Refund,Leakage type: Refund,1 refunded transaction(s) totalling $49.00.,$49.00 estimated revenue loss,"Review refund reason. If product issue, escalate to engineering. If billing error, correct and re-invoice.",High
TRC-8EA214D268,2026-05-07T23:36:41.655509+00:00,RevenueLeakage,CUST-61e2d5bb,Refund,Leakage type: Refund,1 refunded transaction(s) totalling $499.00.,$499.00 estimated revenue loss,"Review refund reason. If product issue, escalate to engineering. If billing error, correct and re-invoice.",High
TRC-B04B8CC129,2026-05-07T23:36:41.655513+00:00,RevenueLeakage,CUST-653cfeaf,Refund,Leakage type: Refund,1 refunded transaction(s) totalling $199.00.,$199.00 estimated revenue loss,"Review refund reason. If product issue, escalate to engineering. If billing error, correct and re-invoice.",High
TRC-C3CAB3E911,2026-05-07T23:36:41.655517+00:00,RevenueLeakage,CUST-66696d77,Refund,Leakage type: Refund,1 refunded transaction(s) totalling $49.00.,$49.00 estimated revenue loss,"Review refund reason. If product issue, escalate to engineering. If billing error, correct and re-invoice.",High
TRC-68C46037E2,2026-05-07T23:36:41.655522+00:00,RevenueLeakage,CUST-6b6ec232,Refund,Leakage type: Refund,1 refunded transaction(s) totalling $499.00.,$499.00 estimated revenue loss,"Review refund reason. If product issue, escalate to engineering. If billing error, correct and re-invoice.",High
TRC-23F9B7398F,2026-05-07T23:36:41.655526+00:00,RevenueLeakage,CUST-6ff49b70,Refund,Leakage type: Refund,1 refunded transaction(s) totalling $49.00.,$49.00 estimated revenue loss,"Review refund reason. If product issue, escalate to engineering. If billing error, correct and re-invoice.",High
TRC-3212EB95E8,2026-05-07T23:36:41.655530+00:00,RevenueLeakage,CUST-70d4659a,Refund,Leakage type: Refund,2 refunded transaction(s) totalling $98.00.,$98.00 estimated revenue loss,"Review refund reason. If product issue, escalate to engineering. If billing error, correct and re-invoice.",High
TRC-C118B8AED0,2026-05-07T23:36:41.655535+00:00,RevenueLeakage,CUST-739b99b6,Refund,Leakage type: Refund,1 refunded transaction(s) totalling $199.00.,$199.00 estimated revenue loss,"Review refund reason. If product issue, escalate to engineering. If billing error, correct and re-invoice.",High
TRC-963DD886F3,2026-05-07T23:36:41.655539+00:00,RevenueLeakage,CUST-74a4f3b6,Refund,Leakage type: Refund,1 refunded transaction(s) totalling $49.00.,$49.00 estimated revenue loss,"Review refund reason. If product issue, escalate to engineering. If billing error, correct and re-invoice.",High
TRC-40EA0ADEC4,2026-05-07T23:36:41.655544+00:00,RevenueLeakage,CUST-75884b94,Refund,Leakage type: Refund,1 refunded transaction(s) totalling $199.00.,$199.00 estimated revenue loss,"Review refund reason. If product issue, escalate to engineering. If billing error, correct and re-invoice.",High
TRC-499FB47C6F,2026-05-07T23:36:41.655548+00:00,RevenueLeakage,CUST-7589ece5,Refund,Leakage type: Refund,1 refunded transaction(s) totalling $49.00.,$49.00 estimated revenue loss,"Review refund reason. If product issue, escalate to engineering. If billing error, correct and re-invoice.",High
TRC-2484B3568C,2026-05-07T23:36:41.655552+00:00,RevenueLeakage,CUST-79fb01bf,Refund,Leakage type: Refund,1 refunded transaction(s) totalling $49.00.,$49.00 estimated revenue loss,"Review refund reason. If product issue, escalate to engineering. If billing error, correct and re-invoice.",High
TRC-B61D18F546,2026-05-07T23:36:41.655557+00:00,RevenueLeakage,CUST-7ba5eb94,Refund,Leakage type: Refund,"1 refunded transaction(s) totalling $1,999.00.","$1,999.00 estimated revenue loss","Review refund reason. If product issue, escalate to engineering. If billing error, correct and re-invoice.",High
TRC-C7985471CE,2026-05-07T23:36:41.655561+00:00,RevenueLeakage,CUST-7bb27c13,Refund,Leakage type: Refund,1 refunded transaction(s) totalling $49.00.,$49.00 estimated revenue loss,"Review refund reason. If product issue, escalate to engineering. If billing error, correct and re-invoice.",High
TRC-10EE478959,2026-05-07T23:36:41.655566+00:00,RevenueLeakage,CUST-7eaa8dfc,Refund,Leakage type: Refund,1 refunded transaction(s) totalling $49.00.,$49.00 estimated revenue loss,"Review refund reason. If product issue, escalate to engineering. If billing error, correct and re-invoice.",High
TRC-2290A2CEFD,2026-05-07T23:36:41.655570+00:00,RevenueLeakage,CUST-7ecb117c,Refund,Leakage type: Refund,1 refunded transaction(s) totalling $199.00.,$199.00 estimated revenue loss,"Review refund reason. If product issue, escalate to engineering. If billing error, correct and re-invoice.",High
TRC-D03A36E3B9,2026-05-07T23:36:41.655575+00:00,RevenueLeakage,CUST-81d035d1,Refund,Leakage type: Refund,2 refunded transaction(s) totalling $998.00.,$998.00 estimated revenue loss,"Review refund reason. If product issue, escalate to engineering. If billing error, correct and re-invoice.",High
TRC-0F35925D28,2026-05-07T23:36:41.655579+00:00,RevenueLeakage,CUST-820adf0a,Refund,Leakage type: Refund,1 refunded transaction(s) totalling $49.00.,$49.00 estimated revenue loss,"Review refund reason. If product issue, escalate to engineering. If billing error, correct and re-invoice.",High
TRC-FF66FC7A04,2026-05-07T23:36:41.655583+00:00,RevenueLeakage,CUST-83b1c9e9,Refund,Leakage type: Refund,1 refunded transaction(s) totalling $199.00.,$199.00 estimated revenue loss,"Review refund reason. If product issue, escalate to engineering. If billing error, correct and re-invoice.",High
TRC-E6E35CF0FC,2026-05-07T23:36:41.655588+00:00,RevenueLeakage,CUST-84129a39,Refund,Leakage type: Refund,1 refunded transaction(s) totalling $49.00.,$49.00 estimated revenue loss,"Review refund reason. If product issue, escalate to engineering. If billing error, correct and re-invoice.",High
TRC-1F4541F6AC,2026-05-07T23:36:41.655592+00:00,RevenueLeakage,CUST-84a7174e,Refund,Leakage type: Refund,1 refunded transaction(s) totalling $499.00.,$499.00 estimated revenue loss,"Review refund reason. If product issue, escalate to engineering. If billing error, correct and re-invoice.",High
TRC-9F4173EEDE,2026-05-07T23:36:41.655597+00:00,RevenueLeakage,CUST-8584285b,Refund,Leakage type: Refund,1 refunded transaction(s) totalling $199.00.,$199.00 estimated revenue loss,"Review refund reason. If product issue, escalate to engineering. If billing error, correct and re-invoice.",High
TRC-11A837371F,2026-05-07T23:36:41.655601+00:00,RevenueLeakage,CUST-86834069,Refund,Leakage type: Refund,1 refunded transaction(s) totalling $49.00.,$49.00 estimated revenue loss,"Review refund reason. If product issue, escalate to engineering. If billing error, correct and re-invoice.",High
TRC-1D7E1B7F03,2026-05-07T23:36:41.655606+00:00,RevenueLeakage,CUST-86f95a44,Refund,Leakage type: Refund,2 refunded transaction(s) totalling $98.00.,$98.00 estimated revenue loss,"Review refund reason. If product issue, escalate to engineering. If billing error, correct and re-invoice.",High
TRC-CF31083C52,2026-05-07T23:36:41.655610+00:00,RevenueLeakage,CUST-8814ab84,Refund,Leakage type: Refund,1 refunded transaction(s) totalling $49.00.,$49.00 estimated revenue loss,"Review refund reason. If product issue, escalate to engineering. If billing error, correct and re-invoice.",High
TRC-DEB903458E,2026-05-07T23:36:41.655615+00:00,RevenueLeakage,CUST-892c453c,Refund,Leakage type: Refund,"1 refunded transaction(s) totalling $1,999.00.","$1,999.00 estimated revenue loss","Review refund reason. If product issue, escalate to engineering. If billing error, correct and re-invoice.",High
TRC-D5089B0590,2026-05-07T23:36:41.655619+00:00,RevenueLeakage,CUST-89733cd2,Refund,Leakage type: Refund,1 refunded transaction(s) totalling $199.00.,$199.00 estimated revenue loss,"Review refund reason. If product issue, escalate to engineering. If billing error, correct and re-invoice.",High
TRC-1044D81D68,2026-05-07T23:36:41.655624+00:00,RevenueLeakage,CUST-8a1f0c26,Refund,Leakage type: Refund,1 refunded transaction(s) totalling $199.00.,$199.00 estimated revenue loss,"Review refund reason. If product issue, escalate to engineering. If billing error, correct and re-invoice.",High
TRC-DE11DFD2F9,2026-05-07T23:36:41.655628+00:00,RevenueLeakage,CUST-8b538339,Refund,Leakage type: Refund,1 refunded transaction(s) totalling $499.00.,$499.00 estimated revenue loss,"Review refund reason. If product issue, escalate to engineering. If billing error, correct and re-invoice.",High
TRC-FC8A68DFCB,2026-05-07T23:36:41.655633+00:00,RevenueLeakage,CUST-8b5d58d5,Refund,Leakage type: Refund,1 refunded transaction(s) totalling $49.00.,$49.00 estimated revenue loss,"Review refund reason. If product issue, escalate to engineering. If billing error, correct and re-invoice.",High
TRC-2223AF2128,2026-05-07T23:36:41.655637+00:00,RevenueLeakage,CUST-8d0bbd00,Refund,Leakage type: Refund,1 refunded transaction(s) totalling $49.00.,$49.00 estimated revenue loss,"Review refund reason. If product issue, escalate to engineering. If billing error, correct and re-invoice.",High
TRC-370042EE7F,2026-05-07T23:36:41.655641+00:00,RevenueLeakage,CUST-8eabee1b,Refund,Leakage type: Refund,1 refunded transaction(s) totalling $49.00.,$49.00 estimated revenue loss,"Review refund reason. If product issue, escalate to engineering. If billing error, correct and re-invoice.",High
TRC-21E16DB8EE,2026-05-07T23:36:41.655646+00:00,RevenueLeakage,CUST-8fc2cf72,Refund,Leakage type: Refund,1 refunded transaction(s) totalling $49.00.,$49.00 estimated revenue loss,"Review refund reason. If product issue, escalate to engineering. If billing error, correct and re-invoice.",High
TRC-58B3E32F81,2026-05-07T23:36:41.655650+00:00,RevenueLeakage,CUST-900106cc,Refund,Leakage type: Refund,1 refunded transaction(s) totalling $49.00.,$49.00 estimated revenue loss,"Review refund reason. If product issue, escalate to engineering. If billing error, correct and re-invoice.",High
TRC-3E1B3883EA,2026-05-07T23:36:41.655655+00:00,RevenueLeakage,CUST-921962e1,Refund,Leakage type: Refund,1 refunded transaction(s) totalling $499.00.,$499.00 estimated revenue loss,"Review refund reason. If product issue, escalate to engineering. If billing error, correct and re-invoice.",High
TRC-E10C408C6D,2026-05-07T23:36:41.655659+00:00,RevenueLeakage,CUST-92791f78,Refund,Leakage type: Refund,1 refunded transaction(s) totalling $199.00.,$199.00 estimated revenue loss,"Review refund reason. If product issue, escalate to engineering. If billing error, correct and re-invoice.",High
TRC-21B98C7A8A,2026-05-07T23:36:41.655663+00:00,RevenueLeakage,CUST-93a589a8,Refund,Leakage type: Refund,"1 refunded transaction(s) totalling $1,999.00.","$1,999.00 estimated revenue loss","Review refund reason. If product issue, escalate to engineering. If billing error, correct and re-invoice.",High
TRC-4AB0E60CA0,2026-05-07T23:36:41.655668+00:00,RevenueLeakage,CUST-94124961,Refund,Leakage type: Refund,1 refunded transaction(s) totalling $199.00.,$199.00 estimated revenue loss,"Review refund reason. If product issue, escalate to engineering. If billing error, correct and re-invoice.",High
TRC-D678975251,2026-05-07T23:36:41.655672+00:00,RevenueLeakage,CUST-9433d555,Refund,Leakage type: Refund,1 refunded transaction(s) totalling $499.00.,$499.00 estimated revenue loss,"Review refund reason. If product issue, escalate to engineering. If billing error, correct and re-invoice.",High
TRC-4154E57223,2026-05-07T23:36:41.655677+00:00,RevenueLeakage,CUST-94f9c8ec,Refund,Leakage type: Refund,1 refunded transaction(s) totalling $49.00.,$49.00 estimated revenue loss,"Review refund reason. If product issue, escalate to engineering. If billing error, correct and re-invoice.",High
TRC-7DD4F5A818,2026-05-07T23:36:41.655682+00:00,RevenueLeakage,CUST-95fda2ae,Refund,Leakage type: Refund,1 refunded transaction(s) totalling $49.00.,$49.00 estimated revenue loss,"Review refund reason. If product issue, escalate to engineering. If billing error, correct and re-invoice.",High
TRC-BC02A35431,2026-05-07T23:36:41.655687+00:00,RevenueLeakage,CUST-9747c6eb,Refund,Leakage type: Refund,1 refunded transaction(s) totalling $49.00.,$49.00 estimated revenue loss,"Review refund reason. If product issue, escalate to engineering. If billing error, correct and re-invoice.",High
TRC-6E88D5B5D6,2026-05-07T23:36:41.655691+00:00,RevenueLeakage,CUST-98b8d898,Refund,Leakage type: Refund,1 refunded transaction(s) totalling $199.00.,$199.00 estimated revenue loss,"Review refund reason. If product issue, escalate to engineering. If billing error, correct and re-invoice.",High
TRC-B819A92B6F,2026-05-07T23:36:41.655696+00:00,RevenueLeakage,CUST-9916440a,Refund,Leakage type: Refund,1 refunded transaction(s) totalling $199.00.,$199.00 estimated revenue loss,"Review refund reason. If product issue, escalate to engineering. If billing error, correct and re-invoice.",High
TRC-ACAC50B4C0,2026-05-07T23:36:41.655700+00:00,RevenueLeakage,CUST-a073f0d8,Refund,Leakage type: Refund,1 refunded transaction(s) totalling $499.00.,$499.00 estimated revenue loss,"Review refund reason. If product issue, escalate to engineering. If billing error, correct and re-invoice.",High
TRC-07E859D161,2026-05-07T23:36:41.655705+00:00,RevenueLeakage,CUST-a3aaca07,Refund,Leakage type: Refund,1 refunded transaction(s) totalling $499.00.,$499.00 estimated revenue loss,"Review refund reason. If product issue, escalate to engineering. If billing error, correct and re-invoice.",High
TRC-D85C8872C7,2026-05-07T23:36:41.655710+00:00,RevenueLeakage,CUST-a3f05d61,Refund,Leakage type: Refund,1 refunded transaction(s) totalling $49.00.,$49.00 estimated revenue loss,"Review refund reason. If product issue, escalate to engineering. If billing error, correct and re-invoice.",High
TRC-630D6871B4,2026-05-07T23:36:41.655714+00:00,RevenueLeakage,CUST-a4c00b65,Refund,Leakage type: Refund,1 refunded transaction(s) totalling $199.00.,$199.00 estimated revenue loss,"Review refund reason. If product issue, escalate to engineering. If billing error, correct and re-invoice.",High
TRC-6F9CB452AF,2026-05-07T23:36:41.655719+00:00,RevenueLeakage,CUST-a5133d37,Refund,Leakage type: Refund,1 refunded transaction(s) totalling $49.00.,$49.00 estimated revenue loss,"Review refund reason. If product issue, escalate to engineering. If billing error, correct and re-invoice.",High
TRC-E25F7C8FE1,2026-05-07T23:36:41.655723+00:00,RevenueLeakage,CUST-a5d80f22,Refund,Leakage type: Refund,1 refunded transaction(s) totalling $199.00.,$199.00 estimated revenue loss,"Review refund reason. If product issue, escalate to engineering. If billing error, correct and re-invoice.",High
TRC-3188A66F0E,2026-05-07T23:36:41.655727+00:00,RevenueLeakage,CUST-a603701d,Refund,Leakage type: Refund,1 refunded transaction(s) totalling $199.00.,$199.00 estimated revenue loss,"Review refund reason. If product issue, escalate to engineering. If billing error, correct and re-invoice.",High
TRC-0005BBBB71,2026-05-07T23:36:41.655732+00:00,RevenueLeakage,CUST-a6dde558,Refund,Leakage type: Refund,2 refunded transaction(s) totalling $998.00.,$998.00 estimated revenue loss,"Review refund reason. If product issue, escalate to engineering. If billing error, correct and re-invoice.",High
TRC-0CFA5A4A31,2026-05-07T23:36:41.655737+00:00,RevenueLeakage,CUST-a79fd18c,Refund,Leakage type: Refund,1 refunded transaction(s) totalling $49.00.,$49.00 estimated revenue loss,"Review refund reason. If product issue, escalate to engineering. If billing error, correct and re-invoice.",High
TRC-41BD0F3394,2026-05-07T23:36:41.655741+00:00,RevenueLeakage,CUST-aebcd965,Refund,Leakage type: Refund,1 refunded transaction(s) totalling $499.00.,$499.00 estimated revenue loss,"Review refund reason. If product issue, escalate to engineering. If billing error, correct and re-invoice.",High
TRC-341504EE9C,2026-05-07T23:36:41.655745+00:00,RevenueLeakage,CUST-affe792d,Refund,Leakage type: Refund,2 refunded transaction(s) totalling $98.00.,$98.00 estimated revenue loss,"Review refund reason. If product issue, escalate to engineering. If billing error, correct and re-invoice.",High
TRC-82EAE3CB0C,2026-05-07T23:36:41.655750+00:00,RevenueLeakage,CUST-b25b991a,Refund,Leakage type: Refund,1 refunded transaction(s) totalling $49.00.,$49.00 estimated revenue loss,"Review refund reason. If product issue, escalate to engineering. If billing error, correct and re-invoice.",High
TRC-25B2FBF3ED,2026-05-07T23:36:41.655754+00:00,RevenueLeakage,CUST-b3cfb5c8,Refund,Leakage type: Refund,"1 refunded transaction(s) totalling $1,999.00.","$1,999.00 estimated revenue loss","Review refund reason. If product issue, escalate to engineering. If billing error, correct and re-invoice.",High
TRC-FD9B2237B5,2026-05-07T23:36:41.655759+00:00,RevenueLeakage,CUST-b3df5ca0,Refund,Leakage type: Refund,1 refunded transaction(s) totalling $49.00.,$49.00 estimated revenue loss,"Review refund reason. If product issue, escalate to engineering. If billing error, correct and re-invoice.",High
TRC-E973521EB8,2026-05-07T23:36:41.655763+00:00,RevenueLeakage,CUST-b4cb1440,Refund,Leakage type: Refund,"1 refunded transaction(s) totalling $1,999.00.","$1,999.00 estimated revenue loss","Review refund reason. If product issue, escalate to engineering. If billing error, correct and re-invoice.",High
TRC-2951EC0D15,2026-05-07T23:36:41.655767+00:00,RevenueLeakage,CUST-b732bac9,Refund,Leakage type: Refund,1 refunded transaction(s) totalling $49.00.,$49.00 estimated revenue loss,"Review refund reason. If product issue, escalate to engineering. If billing error, correct and re-invoice.",High
TRC-B36D96167A,2026-05-07T23:36:41.655772+00:00,RevenueLeakage,CUST-b8d5d65d,Refund,Leakage type: Refund,1 refunded transaction(s) totalling $199.00.,$199.00 estimated revenue loss,"Review refund reason. If product issue, escalate to engineering. If billing error, correct and re-invoice.",High
TRC-71E02A246C,2026-05-07T23:36:41.655776+00:00,RevenueLeakage,CUST-bdc82266,Refund,Leakage type: Refund,1 refunded transaction(s) totalling $49.00.,$49.00 estimated revenue loss,"Review refund reason. If product issue, escalate to engineering. If billing error, correct and re-invoice.",High
TRC-B18FED9493,2026-05-07T23:36:41.655781+00:00,RevenueLeakage,CUST-c01f14b8,Refund,Leakage type: Refund,1 refunded transaction(s) totalling $499.00.,$499.00 estimated revenue loss,"Review refund reason. If product issue, escalate to engineering. If billing error, correct and re-invoice.",High
TRC-5C924FE050,2026-05-07T23:36:41.655785+00:00,RevenueLeakage,CUST-c17cd44f,Refund,Leakage type: Refund,1 refunded transaction(s) totalling $499.00.,$499.00 estimated revenue loss,"Review refund reason. If product issue, escalate to engineering. If billing error, correct and re-invoice.",High
TRC-3FC06E416C,2026-05-07T23:36:41.655790+00:00,RevenueLeakage,CUST-c1e15434,Refund,Leakage type: Refund,1 refunded transaction(s) totalling $49.00.,$49.00 estimated revenue loss,"Review refund reason. If product issue, escalate to engineering. If billing error, correct and re-invoice.",High
TRC-3C3E985C58,2026-05-07T23:36:41.655794+00:00,RevenueLeakage,CUST-c2ae48b4,Refund,Leakage type: Refund,2 refunded transaction(s) totalling $398.00.,$398.00 estimated revenue loss,"Review refund reason. If product issue, escalate to engineering. If billing error, correct and re-invoice.",High
TRC-3CFA3C01C4,2026-05-07T23:36:41.655799+00:00,RevenueLeakage,CUST-c4348b86,Refund,Leakage type: Refund,2 refunded transaction(s) totalling $398.00.,$398.00 estimated revenue loss,"Review refund reason. If product issue, escalate to engineering. If billing error, correct and re-invoice.",High
TRC-077A539F7A,2026-05-07T23:36:41.655803+00:00,RevenueLeakage,CUST-c442d9cb,Refund,Leakage type: Refund,1 refunded transaction(s) totalling $49.00.,$49.00 estimated revenue loss,"Review refund reason. If product issue, escalate to engineering. If billing error, correct and re-invoice.",High
TRC-110ED820E8,2026-05-07T23:36:41.655807+00:00,RevenueLeakage,CUST-c51b3360,Refund,Leakage type: Refund,2 refunded transaction(s) totalling $98.00.,$98.00 estimated revenue loss,"Review refund reason. If product issue, escalate to engineering. If billing error, correct and re-invoice.",High
TRC-32F2E776FC,2026-05-07T23:36:41.655812+00:00,RevenueLeakage,CUST-c53a589d,Refund,Leakage type: Refund,1 refunded transaction(s) totalling $199.00.,$199.00 estimated revenue loss,"Review refund reason. If product issue, escalate to engineering. If billing error, correct and re-invoice.",High
TRC-F82FBC1324,2026-05-07T23:36:41.655816+00:00,RevenueLeakage,CUST-c80ec20a,Refund,Leakage type: Refund,1 refunded transaction(s) totalling $499.00.,$499.00 estimated revenue loss,"Review refund reason. If product issue, escalate to engineering. If billing error, correct and re-invoice.",High
TRC-0C3EC9553D,2026-05-07T23:36:41.655821+00:00,RevenueLeakage,CUST-c926a6d7,Refund,Leakage type: Refund,1 refunded transaction(s) totalling $49.00.,$49.00 estimated revenue loss,"Review refund reason. If product issue, escalate to engineering. If billing error, correct and re-invoice.",High
TRC-76B071B290,2026-05-07T23:36:41.655825+00:00,RevenueLeakage,CUST-c9dd9b90,Refund,Leakage type: Refund,1 refunded transaction(s) totalling $49.00.,$49.00 estimated revenue loss,"Review refund reason. If product issue, escalate to engineering. If billing error, correct and re-invoice.",High
TRC-C52B6BA39D,2026-05-07T23:36:41.655829+00:00,RevenueLeakage,CUST-ca80ff3c,Refund,Leakage type: Refund,1 refunded transaction(s) totalling $49.00.,$49.00 estimated revenue loss,"Review refund reason. If product issue, escalate to engineering. If billing error, correct and re-invoice.",High
TRC-09077B791E,2026-05-07T23:36:41.655834+00:00,RevenueLeakage,CUST-d0540de0,Refund,Leakage type: Refund,"1 refunded transaction(s) totalling $1,999.00.","$1,999.00 estimated revenue loss","Review refund reason. If product issue, escalate to engineering. If billing error, correct and re-invoice.",High
TRC-6635A3BACE,2026-05-07T23:36:41.655838+00:00,RevenueLeakage,CUST-d5305f3f,Refund,Leakage type: Refund,1 refunded transaction(s) totalling $499.00.,$499.00 estimated revenue loss,"Review refund reason. If product issue, escalate to engineering. If billing error, correct and re-invoice.",High
TRC-7006BF7094,2026-05-07T23:36:41.655843+00:00,RevenueLeakage,CUST-d6f2ff33,Refund,Leakage type: Refund,1 refunded transaction(s) totalling $199.00.,$199.00 estimated revenue loss,"Review refund reason. If product issue, escalate to engineering. If billing error, correct and re-invoice.",High
TRC-2FE8E946E1,2026-05-07T23:36:41.655847+00:00,RevenueLeakage,CUST-d7165763,Refund,Leakage type: Refund,1 refunded transaction(s) totalling $49.00.,$49.00 estimated revenue loss,"Review refund reason. If product issue, escalate to engineering. If billing error, correct and re-invoice.",High
TRC-8C7DD197FF,2026-05-07T23:36:41.655852+00:00,RevenueLeakage,CUST-db09dd5c,Refund,Leakage type: Refund,1 refunded transaction(s) totalling $49.00.,$49.00 estimated revenue loss,"Review refund reason. If product issue, escalate to engineering. If billing error, correct and re-invoice.",High
TRC-46F561B054,2026-05-07T23:36:41.655856+00:00,RevenueLeakage,CUST-dddee22a,Refund,Leakage type: Refund,1 refunded transaction(s) totalling $499.00.,$499.00 estimated revenue loss,"Review refund reason. If product issue, escalate to engineering. If billing error, correct and re-invoice.",High
TRC-AF99F4D639,2026-05-07T23:36:41.655860+00:00,RevenueLeakage,CUST-e07275c7,Refund,Leakage type: Refund,1 refunded transaction(s) totalling $49.00.,$49.00 estimated revenue loss,"Review refund reason. If product issue, escalate to engineering. If billing error, correct and re-invoice.",High
TRC-DC29EC5040,2026-05-07T23:36:41.655865+00:00,RevenueLeakage,CUST-e2fbc4f3,Refund,Leakage type: Refund,3 refunded transaction(s) totalling $147.00.,$147.00 estimated revenue loss,"Review refund reason. If product issue, escalate to engineering. If billing error, correct and re-invoice.",High
TRC-AE1C04FACD,2026-05-07T23:36:41.655869+00:00,RevenueLeakage,CUST-e3ac997b,Refund,Leakage type: Refund,1 refunded transaction(s) totalling $49.00.,$49.00 estimated revenue loss,"Review refund reason. If product issue, escalate to engineering. If billing error, correct and re-invoice.",High
TRC-CD5B36B7AC,2026-05-07T23:36:41.655873+00:00,RevenueLeakage,CUST-e3d76283,Refund,Leakage type: Refund,1 refunded transaction(s) totalling $199.00.,$199.00 estimated revenue loss,"Review refund reason. If product issue, escalate to engineering. If billing error, correct and re-invoice.",High
TRC-B1D99A147B,2026-05-07T23:36:41.655878+00:00,RevenueLeakage,CUST-e418053f,Refund,Leakage type: Refund,2 refunded transaction(s) totalling $98.00.,$98.00 estimated revenue loss,"Review refund reason. If product issue, escalate to engineering. If billing error, correct and re-invoice.",High
TRC-D84CC1EC73,2026-05-07T23:36:41.655882+00:00,RevenueLeakage,CUST-e4f386c7,Refund,Leakage type: Refund,1 refunded transaction(s) totalling $199.00.,$199.00 estimated revenue loss,"Review refund reason. If product issue, escalate to engineering. If billing error, correct and re-invoice.",High
TRC-015E100915,2026-05-07T23:36:41.655887+00:00,RevenueLeakage,CUST-e5dd0c61,Refund,Leakage type: Refund,1 refunded transaction(s) totalling $49.00.,$49.00 estimated revenue loss,"Review refund reason. If product issue, escalate to engineering. If billing error, correct and re-invoice.",High
TRC-5E40BDF1BD,2026-05-07T23:36:41.655891+00:00,RevenueLeakage,CUST-e725748e,Refund,Leakage type: Refund,1 refunded transaction(s) totalling $199.00.,$199.00 estimated revenue loss,"Review refund reason. If product issue, escalate to engineering. If billing error, correct and re-invoice.",High
TRC-EAE98E151D,2026-05-07T23:36:41.655896+00:00,RevenueLeakage,CUST-e868444e,Refund,Leakage type: Refund,2 refunded transaction(s) totalling $98.00.,$98.00 estimated revenue loss,"Review refund reason. If product issue, escalate to engineering. If billing error, correct and re-invoice.",High
TRC-3BC9C799B0,2026-05-07T23:36:41.655900+00:00,RevenueLeakage,CUST-ea428796,Refund,Leakage type: Refund,1 refunded transaction(s) totalling $199.00.,$199.00 estimated revenue loss,"Review refund reason. If product issue, escalate to engineering. If billing error, correct and re-invoice.",High
TRC-D521E62319,2026-05-07T23:36:41.655905+00:00,RevenueLeakage,CUST-ea46107c,Refund,Leakage type: Refund,1 refunded transaction(s) totalling $49.00.,$49.00 estimated revenue loss,"Review refund reason. If product issue, escalate to engineering. If billing error, correct and re-invoice.",High
TRC-C5BEF2DBE1,2026-05-07T23:36:41.655909+00:00,RevenueLeakage,CUST-eb632adf,Refund,Leakage type: Refund,1 refunded transaction(s) totalling $49.00.,$49.00 estimated revenue loss,"Review refund reason. If product issue, escalate to engineering. If billing error, correct and re-invoice.",High
TRC-089296A093,2026-05-07T23:36:41.655914+00:00,RevenueLeakage,CUST-ebb6a7dc,Refund,Leakage type: Refund,1 refunded transaction(s) totalling $49.00.,$49.00 estimated revenue loss,"Review refund reason. If product issue, escalate to engineering. If billing error, correct and re-invoice.",High
TRC-506CCCA493,2026-05-07T23:36:41.655918+00:00,RevenueLeakage,CUST-ebce25dd,Refund,Leakage type: Refund,1 refunded transaction(s) totalling $199.00.,$199.00 estimated revenue loss,"Review refund reason. If product issue, escalate to engineering. If billing error, correct and re-invoice.",High
TRC-E50D420FF3,2026-05-07T23:36:41.655923+00:00,RevenueLeakage,CUST-ec9cd920,Refund,Leakage type: Refund,1 refunded transaction(s) totalling $199.00.,$199.00 estimated revenue loss,"Review refund reason. If product issue, escalate to engineering. If billing error, correct and re-invoice.",High
TRC-947834602F,2026-05-07T23:36:41.655927+00:00,RevenueLeakage,CUST-edc469d6,Refund,Leakage type: Refund,1 refunded transaction(s) totalling $199.00.,$199.00 estimated revenue loss,"Review refund reason. If product issue, escalate to engineering. If billing error, correct and re-invoice.",High
TRC-8732CC2A84,2026-05-07T23:36:41.655931+00:00,RevenueLeakage,CUST-f05429de,Refund,Leakage type: Refund,1 refunded transaction(s) totalling $499.00.,$499.00 estimated revenue loss,"Review refund reason. If product issue, escalate to engineering. If billing error, correct and re-invoice.",High
TRC-BD08643E90,2026-05-07T23:36:41.655936+00:00,RevenueLeakage,CUST-f0d03016,Refund,Leakage type: Refund,1 refunded transaction(s) totalling $199.00.,$199.00 estimated revenue loss,"Review refund reason. If product issue, escalate to engineering. If billing error, correct and re-invoice.",High
TRC-B77D147E1B,2026-05-07T23:36:41.655940+00:00,RevenueLeakage,CUST-f2d7de45,Refund,Leakage type: Refund,1 refunded transaction(s) totalling $199.00.,$199.00 estimated revenue loss,"Review refund reason. If product issue, escalate to engineering. If billing error, correct and re-invoice.",High
TRC-D9CFD72976,2026-05-07T23:36:41.655945+00:00,RevenueLeakage,CUST-f56ac543,Refund,Leakage type: Refund,1 refunded transaction(s) totalling $199.00.,$199.00 estimated revenue loss,"Review refund reason. If product issue, escalate to engineering. If billing error, correct and re-invoice.",High
TRC-CFD0930BEA,2026-05-07T23:36:41.655949+00:00,RevenueLeakage,CUST-fa064337,Refund,Leakage type: Refund,1 refunded transaction(s) totalling $49.00.,$49.00 estimated revenue loss,"Review refund reason. If product issue, escalate to engineering. If billing error, correct and re-invoice.",High
TRC-D181213419,2026-05-07T23:36:41.655953+00:00,RevenueLeakage,CUST-fa0d3e3e,Refund,Leakage type: Refund,1 refunded transaction(s) totalling $49.00.,$49.00 estimated revenue loss,"Review refund reason. If product issue, escalate to engineering. If billing error, correct and re-invoice.",High
TRC-0FC923F761,2026-05-07T23:36:41.655958+00:00,RevenueLeakage,CUST-fd0f23d2,Refund,Leakage type: Refund,2 refunded transaction(s) totalling $398.00.,$398.00 estimated revenue loss,"Review refund reason. If product issue, escalate to engineering. If billing error, correct and re-invoice.",High
TRC-02EB253465,2026-05-07T23:36:41.655962+00:00,RevenueLeakage,CUST-fd42933e,Refund,Leakage type: Refund,1 refunded transaction(s) totalling $49.00.,$49.00 estimated revenue loss,"Review refund reason. If product issue, escalate to engineering. If billing error, correct and re-invoice.",High
TRC-CC5467A3D1,2026-05-07T23:36:41.655967+00:00,RevenueLeakage,CUST-fe6f6cae,Refund,Leakage type: Refund,1 refunded transaction(s) totalling $199.00.,$199.00 estimated revenue loss,"Review refund reason. If product issue, escalate to engineering. If billing error, correct and re-invoice.",High
TRC-598315773B,2026-05-07T23:36:41.655971+00:00,RevenueLeakage,CUST-fefa1684,Refund,Leakage type: Refund,1 refunded transaction(s) totalling $499.00.,$499.00 estimated revenue loss,"Review refund reason. If product issue, escalate to engineering. If billing error, correct and re-invoice.",High
TRC-B028682CB4,2026-05-07T23:36:41.655976+00:00,RevenueLeakage,CUST-cff0fb9f,Unpaid Active Subscription,Leakage type: Unpaid Active Subscription,Subscription SUB-dab81d70 is Past Due — $199.00/month outstanding.,$199.00 estimated revenue loss,Escalate to finance for account hold review. Send formal payment demand notice.,High
TRC-52C1C1CD6A,2026-05-07T23:36:41.655980+00:00,RevenueLeakage,CUST-9e152d50,Unpaid Active Subscription,Leakage type: Unpaid Active Subscription,Subscription SUB-e986be29 is Past Due — $499.00/month outstanding.,$499.00 estimated revenue loss,Escalate to finance for account hold review. Send formal payment demand notice.,High
TRC-C7AC0CEC8B,2026-05-07T23:36:41.655985+00:00,RevenueLeakage,CUST-bf7862a2,Unpaid Active Subscription,Leakage type: Unpaid Active Subscription,Subscription SUB-56ef41c2 is Past Due — $199.00/month outstanding.,$199.00 estimated revenue loss,Escalate to finance for account hold review. Send formal payment demand notice.,High
TRC-EACC8028E3,2026-05-07T23:36:41.655989+00:00,RevenueLeakage,CUST-4b5db9a2,Unpaid Active Subscription,Leakage type: Unpaid Active Subscription,Subscription SUB-ed10d73e is Past Due — $499.00/month outstanding.,$499.00 estimated revenue loss,Escalate to finance for account hold review. Send formal payment demand notice.,High
TRC-0678696376,2026-05-07T23:36:41.655993+00:00,RevenueLeakage,CUST-729d52cd,Unpaid Active Subscription,Leakage type: Unpaid Active Subscription,Subscription SUB-8dc0fef8 is Past Due — $49.00/month outstanding.,$49.00 estimated revenue loss,Escalate to finance for account hold review. Send formal payment demand notice.,High
TRC-439D4F670A,2026-05-07T23:36:41.655998+00:00,RevenueLeakage,CUST-79cc65e2,Unpaid Active Subscription,Leakage type: Unpaid Active Subscription,Subscription SUB-729baa1c is Past Due — $49.00/month outstanding.,$49.00 estimated revenue loss,Escalate to finance for account hold review. Send formal payment demand notice.,High
TRC-C2B1B4B7FD,2026-05-07T23:36:41.656002+00:00,RevenueLeakage,CUST-d0597e51,Unpaid Active Subscription,Leakage type: Unpaid Active Subscription,Subscription SUB-23c51e14 is Past Due — $49.00/month outstanding.,$49.00 estimated revenue loss,Escalate to finance for account hold review. Send formal payment demand notice.,High
TRC-295C7801AD,2026-05-07T23:36:41.656007+00:00,RevenueLeakage,CUST-f4e40638,Unpaid Active Subscription,Leakage type: Unpaid Active Subscription,"Subscription SUB-54488bea is Past Due — $1,999.00/month outstanding.","$1,999.00 estimated revenue loss",Escalate to finance for account hold review. Send formal payment demand notice.,High
TRC-10366ACEF3,2026-05-07T23:36:41.656011+00:00,RevenueLeakage,CUST-7b59527e,Unpaid Active Subscription,Leakage type: Unpaid Active Subscription,Subscription SUB-488457a0 is Past Due — $49.00/month outstanding.,$49.00 estimated revenue loss,Escalate to finance for account hold review. Send formal payment demand notice.,High
TRC-818FFC2B8B,2026-05-07T23:36:41.656016+00:00,RevenueLeakage,CUST-b280ea0c,Unpaid Active Subscription,Leakage type: Unpaid Active Subscription,Subscription SUB-ba13ba68 is Past Due — $199.00/month outstanding.,$199.00 estimated revenue loss,Escalate to finance for account hold review. Send formal payment demand notice.,High
TRC-9259DF698F,2026-05-07T23:36:41.656020+00:00,RevenueLeakage,CUST-3426af85,Unpaid Active Subscription,Leakage type: Unpaid Active Subscription,Subscription SUB-6d00b8a9 is Past Due — $199.00/month outstanding.,$199.00 estimated revenue loss,Escalate to finance for account hold review. Send formal payment demand notice.,High
TRC-5E34BB31A9,2026-05-07T23:36:41.656024+00:00,RevenueLeakage,CUST-23827ded,Unpaid Active Subscription,Leakage type: Unpaid Active Subscription,Subscription SUB-e5fe7f66 is Past Due — $49.00/month outstanding.,$49.00 estimated revenue loss,Escalate to finance for account hold review. Send formal payment demand notice.,High
TRC-A84336ED7B,2026-05-07T23:36:41.656029+00:00,RevenueLeakage,CUST-7ecb117c,Unpaid Active Subscription,Leakage type: Unpaid Active Subscription,Subscription SUB-e155d3c0 is Past Due — $199.00/month outstanding.,$199.00 estimated revenue loss,Escalate to finance for account hold review. Send formal payment demand notice.,High
TRC-DF87AF20BE,2026-05-07T23:36:41.656033+00:00,RevenueLeakage,CUST-50106902,Unpaid Active Subscription,Leakage type: Unpaid Active Subscription,Subscription SUB-3b6114e0 is Past Due — $49.00/month outstanding.,$49.00 estimated revenue loss,Escalate to finance for account hold review. Send formal payment demand notice.,High
TRC-B029566643,2026-05-07T23:36:41.656038+00:00,RevenueLeakage,CUST-07db41f2,Unpaid Active Subscription,Leakage type: Unpaid Active Subscription,Subscription SUB-0960376f is Past Due — $49.00/month outstanding.,$49.00 estimated revenue loss,Escalate to finance for account hold review. Send formal payment demand notice.,High
TRC-59A6F35647,2026-05-07T23:36:41.656042+00:00,RevenueLeakage,CUST-84a7174e,Unpaid Active Subscription,Leakage type: Unpaid Active Subscription,Subscription SUB-b4a2a531 is Past Due — $499.00/month outstanding.,$499.00 estimated revenue loss,Escalate to finance for account hold review. Send formal payment demand notice.,High
TRC-19D4AE75DD,2026-05-07T23:36:41.656046+00:00,RevenueLeakage,CUST-55c1c32d,Unpaid Active Subscription,Leakage type: Unpaid Active Subscription,Subscription SUB-9f03d57b is Past Due — $199.00/month outstanding.,$199.00 estimated revenue loss,Escalate to finance for account hold review. Send formal payment demand notice.,High
TRC-976BDCBC39,2026-05-07T23:36:41.656051+00:00,RevenueLeakage,CUST-2cb96aa1,Unpaid Active Subscription,Leakage type: Unpaid Active Subscription,"Subscription SUB-68310382 is Past Due — $1,999.00/month outstanding.","$1,999.00 estimated revenue loss",Escalate to finance for account hold review. Send formal payment demand notice.,High
TRC-D823CB1F85,2026-05-07T23:36:41.656055+00:00,RevenueLeakage,CUST-10df7b4d,Unpaid Active Subscription,Leakage type: Unpaid Active Subscription,Subscription SUB-2bd19ae2 is Past Due — $199.00/month outstanding.,$199.00 estimated revenue loss,Escalate to finance for account hold review. Send formal payment demand notice.,High
TRC-CFE569F070,2026-05-07T23:36:41.656060+00:00,RevenueLeakage,CUST-a5a397c9,Unpaid Active Subscription,Leakage type: Unpaid Active Subscription,Subscription SUB-d84aae61 is Past Due — $49.00/month outstanding.,$49.00 estimated revenue loss,Escalate to finance for account hold review. Send formal payment demand notice.,High
TRC-B761F7D973,2026-05-07T23:36:41.656064+00:00,RevenueLeakage,CUST-4ce1d78c,Unpaid Active Subscription,Leakage type: Unpaid Active Subscription,Subscription SUB-11ab9ca9 is Past Due — $49.00/month outstanding.,$49.00 estimated revenue loss,Escalate to finance for account hold review. Send formal payment demand notice.,High
TRC-1BED10F6AB,2026-05-07T23:36:41.656069+00:00,RevenueLeakage,CUST-0621a120,Unpaid Active Subscription,Leakage type: Unpaid Active Subscription,Subscription SUB-9d2b0d9d is Past Due — $49.00/month outstanding.,$49.00 estimated revenue loss,Escalate to finance for account hold review. Send formal payment demand notice.,High
TRC-425675E686,2026-05-07T23:36:41.656073+00:00,RevenueLeakage,CUST-5d983e75,Unpaid Active Subscription,Leakage type: Unpaid Active Subscription,Subscription SUB-adf999a8 is Past Due — $49.00/month outstanding.,$49.00 estimated revenue loss,Escalate to finance for account hold review. Send formal payment demand notice.,High
TRC-53BA337CE4,2026-05-07T23:36:41.656077+00:00,RevenueLeakage,CUST-1eca5402,Unpaid Active Subscription,Leakage type: Unpaid Active Subscription,Subscription SUB-0d888f19 is Past Due — $49.00/month outstanding.,$49.00 estimated revenue loss,Escalate to finance for account hold review. Send formal payment demand notice.,High
TRC-1F16632D8A,2026-05-07T23:36:41.656082+00:00,RevenueLeakage,CUST-cf28f116,Unpaid Active Subscription,Leakage type: Unpaid Active Subscription,Subscription SUB-545f40f7 is Past Due — $49.00/month outstanding.,$49.00 estimated revenue loss,Escalate to finance for account hold review. Send formal payment demand notice.,High
TRC-AC9E81A069,2026-05-07T23:36:41.656086+00:00,RevenueLeakage,CUST-d5fc1c8d,Unpaid Active Subscription,Leakage type: Unpaid Active Subscription,"Subscription SUB-75390f06 is Past Due — $1,999.00/month outstanding.","$1,999.00 estimated revenue loss",Escalate to finance for account hold review. Send formal payment demand notice.,High
TRC-500E436496,2026-05-07T23:36:41.656091+00:00,RevenueLeakage,CUST-a7107470,Unpaid Active Subscription,Leakage type: Unpaid Active Subscription,Subscription SUB-29bd0912 is Past Due — $49.00/month outstanding.,$49.00 estimated revenue loss,Escalate to finance for account hold review. Send formal payment demand notice.,High
TRC-0CBB29057C,2026-05-07T23:36:41.656095+00:00,RevenueLeakage,CUST-a0f2fb65,Unpaid Active Subscription,Leakage type: Unpaid Active Subscription,Subscription SUB-340aa568 is Past Due — $49.00/month outstanding.,$49.00 estimated revenue loss,Escalate to finance for account hold review. Send formal payment demand notice.,High
TRC-F27C7E59E2,2026-05-07T23:36:41.656099+00:00,RevenueLeakage,CUST-4f5ca6e5,Unpaid Active Subscription,Leakage type: Unpaid Active Subscription,Subscription SUB-918b5314 is Past Due — $49.00/month outstanding.,$49.00 estimated revenue loss,Escalate to finance for account hold review. Send formal payment demand notice.,High
TRC-D7DC9DD6CA,2026-05-07T23:36:41.656104+00:00,RevenueLeakage,CUST-b01a91eb,Unpaid Active Subscription,Leakage type: Unpaid Active Subscription,Subscription SUB-4a232958 is Past Due — $499.00/month outstanding.,$499.00 estimated revenue loss,Escalate to finance for account hold review. Send formal payment demand notice.,High
TRC-FA35A1666C,2026-05-07T23:36:41.656108+00:00,RevenueLeakage,CUST-6f52debb,Unpaid Active Subscription,Leakage type: Unpaid Active Subscription,Subscription SUB-adc335d5 is Past Due — $499.00/month outstanding.,$499.00 estimated revenue loss,Escalate to finance for account hold review. Send formal payment demand notice.,High
TRC-E37CF77495,2026-05-07T23:36:41.656112+00:00,RevenueLeakage,CUST-c6e6948e,Unpaid Active Subscription,Leakage type: Unpaid Active Subscription,Subscription SUB-19f88fca is Past Due — $499.00/month outstanding.,$499.00 estimated revenue loss,Escalate to finance for account hold review. Send formal payment demand notice.,High
TRC-E90F16FB5F,2026-05-07T23:36:41.656117+00:00,RevenueLeakage,CUST-86eb9733,Unpaid Active Subscription,Leakage type: Unpaid Active Subscription,Subscription SUB-7dc37b75 is Past Due — $199.00/month outstanding.,$199.00 estimated revenue loss,Escalate to finance for account hold review. Send formal payment demand notice.,High
TRC-43713A2B2D,2026-05-07T23:36:41.656121+00:00,RevenueLeakage,CUST-d0c81333,Unpaid Active Subscription,Leakage type: Unpaid Active Subscription,Subscription SUB-2a1ffeb7 is Past Due — $199.00/month outstanding.,$199.00 estimated revenue loss,Escalate to finance for account hold review. Send formal payment demand notice.,High
TRC-FCCBFC1224,2026-05-07T23:36:41.656126+00:00,RevenueLeakage,CUST-4bf53012,Unpaid Active Subscription,Leakage type: Unpaid Active Subscription,"Subscription SUB-76e355cb is Past Due — $1,999.00/month outstanding.","$1,999.00 estimated revenue loss",Escalate to finance for account hold review. Send formal payment demand notice.,High
TRC-165D040109,2026-05-07T23:36:41.656130+00:00,RevenueLeakage,CUST-6272decb,Unpaid Active Subscription,Leakage type: Unpaid Active Subscription,Subscription SUB-36a70763 is Past Due — $199.00/month outstanding.,$199.00 estimated revenue loss,Escalate to finance for account hold review. Send formal payment demand notice.,High
TRC-24B169020A,2026-05-07T23:36:41.656134+00:00,RevenueLeakage,CUST-c01f14b8,Unpaid Active Subscription,Leakage type: Unpaid Active Subscription,Subscription SUB-439e4346 is Past Due — $499.00/month outstanding.,$499.00 estimated revenue loss,Escalate to finance for account hold review. Send formal payment demand notice.,High
TRC-858C46079F,2026-05-07T23:36:41.656139+00:00,RevenueLeakage,CUST-8814ab84,Unpaid Active Subscription,Leakage type: Unpaid Active Subscription,Subscription SUB-7edcd91c is Past Due — $49.00/month outstanding.,$49.00 estimated revenue loss,Escalate to finance for account hold review. Send formal payment demand notice.,High
TRC-5C2AE7D9D5,2026-05-07T23:36:41.656143+00:00,RevenueLeakage,CUST-18ba9afa,Unpaid Active Subscription,Leakage type: Unpaid Active Subscription,Subscription SUB-054d88dd is Past Due — $499.00/month outstanding.,$499.00 estimated revenue loss,Escalate to finance for account hold review. Send formal payment demand notice.,High
TRC-1D5E3F15BB,2026-05-07T23:36:41.656148+00:00,RevenueLeakage,CUST-2e09394c,Unpaid Active Subscription,Leakage type: Unpaid Active Subscription,"Subscription SUB-ae98e9e2 is Past Due — $1,999.00/month outstanding.","$1,999.00 estimated revenue loss",Escalate to finance for account hold review. Send formal payment demand notice.,High
TRC-A9976F3D1E,2026-05-07T23:36:41.656152+00:00,RevenueLeakage,CUST-e7208065,Unpaid Active Subscription,Leakage type: Unpaid Active Subscription,Subscription SUB-f4ea64a2 is Past Due — $199.00/month outstanding.,$199.00 estimated revenue loss,Escalate to finance for account hold review. Send formal payment demand notice.,High
TRC-28AA68A42D,2026-05-07T23:36:41.656157+00:00,RevenueLeakage,CUST-25249848,Unpaid Active Subscription,Leakage type: Unpaid Active Subscription,"Subscription SUB-ee145448 is Past Due — $1,999.00/month outstanding.","$1,999.00 estimated revenue loss",Escalate to finance for account hold review. Send formal payment demand notice.,High
TRC-0309E08D1F,2026-05-07T23:36:41.656161+00:00,RevenueLeakage,CUST-c03bf933,Unpaid Active Subscription,Leakage type: Unpaid Active Subscription,Subscription SUB-be7c13cb is Past Due — $499.00/month outstanding.,$499.00 estimated revenue loss,Escalate to finance for account hold review. Send formal payment demand notice.,High
TRC-BE41FBC5C7,2026-05-07T23:36:41.656165+00:00,RevenueLeakage,CUST-8daeac0d,Unpaid Active Subscription,Leakage type: Unpaid Active Subscription,Subscription SUB-127c0375 is Past Due — $49.00/month outstanding.,$49.00 estimated revenue loss,Escalate to finance for account hold review. Send formal payment demand notice.,High
TRC-A8DD60D5E5,2026-05-07T23:36:41.656170+00:00,RevenueLeakage,CUST-fcd6b1ef,Unpaid Active Subscription,Leakage type: Unpaid Active Subscription,Subscription SUB-45893565 is Past Due — $499.00/month outstanding.,$499.00 estimated revenue loss,Escalate to finance for account hold review. Send formal payment demand notice.,High
TRC-BB937A37E6,2026-05-07T23:36:41.656174+00:00,RevenueLeakage,CUST-b14f6a04,Unpaid Active Subscription,Leakage type: Unpaid Active Subscription,Subscription SUB-eae77b03 is Past Due — $49.00/month outstanding.,$49.00 estimated revenue loss,Escalate to finance for account hold review. Send formal payment demand notice.,High
TRC-68C223E390,2026-05-07T23:36:41.656178+00:00,RevenueLeakage,CUST-8d21bf3c,Unpaid Active Subscription,Leakage type: Unpaid Active Subscription,Subscription SUB-7ead4a24 is Past Due — $49.00/month outstanding.,$49.00 estimated revenue loss,Escalate to finance for account hold review. Send formal payment demand notice.,High
TRC-1C39F966F1,2026-05-07T23:36:41.656183+00:00,RevenueLeakage,CUST-ad334a19,Unpaid Active Subscription,Leakage type: Unpaid Active Subscription,Subscription SUB-4645cf33 is Past Due — $49.00/month outstanding.,$49.00 estimated revenue loss,Escalate to finance for account hold review. Send formal payment demand notice.,High
TRC-1826D5439C,2026-05-07T23:36:41.656187+00:00,RevenueLeakage,CUST-84129a39,Unpaid Active Subscription,Leakage type: Unpaid Active Subscription,Subscription SUB-4a945d16 is Past Due — $49.00/month outstanding.,$49.00 estimated revenue loss,Escalate to finance for account hold review. Send formal payment demand notice.,High
TRC-BE7F72DFD3,2026-05-07T23:36:41.656191+00:00,RevenueLeakage,CUST-e9c667b7,Unpaid Active Subscription,Leakage type: Unpaid Active Subscription,Subscription SUB-0ef7625b is Past Due — $499.00/month outstanding.,$499.00 estimated revenue loss,Escalate to finance for account hold review. Send formal payment demand notice.,High
TRC-CEBBF30DCB,2026-05-07T23:36:41.656196+00:00,RevenueLeakage,CUST-20e1a009,Unpaid Active Subscription,Leakage type: Unpaid Active Subscription,Subscription SUB-5312b4d7 is Past Due — $49.00/month outstanding.,$49.00 estimated revenue loss,Escalate to finance for account hold review. Send formal payment demand notice.,High
TRC-0182E326C1,2026-05-07T23:36:41.656200+00:00,RevenueLeakage,CUST-1cad3a11,Unpaid Active Subscription,Leakage type: Unpaid Active Subscription,Subscription SUB-cc6fc317 is Past Due — $499.00/month outstanding.,$499.00 estimated revenue loss,Escalate to finance for account hold review. Send formal payment demand notice.,High
TRC-EFB734743D,2026-05-07T23:36:41.656205+00:00,RevenueLeakage,CUST-2cfca522,Unpaid Active Subscription,Leakage type: Unpaid Active Subscription,Subscription SUB-f91ac10d is Past Due — $49.00/month outstanding.,$49.00 estimated revenue loss,Escalate to finance for account hold review. Send formal payment demand notice.,High
TRC-77C7076DAA,2026-05-07T23:36:41.656209+00:00,RevenueLeakage,CUST-e8645d29,Unpaid Active Subscription,Leakage type: Unpaid Active Subscription,Subscription SUB-fa0b446e is Past Due — $199.00/month outstanding.,$199.00 estimated revenue loss,Escalate to finance for account hold review. Send formal payment demand notice.,High
TRC-D8A18FDBBE,2026-05-07T23:36:41.656213+00:00,RevenueLeakage,CUST-b2df9d0b,Unpaid Active Subscription,Leakage type: Unpaid Active Subscription,Subscription SUB-99225591 is Past Due — $499.00/month outstanding.,$499.00 estimated revenue loss,Escalate to finance for account hold review. Send formal payment demand notice.,High
TRC-AB75509D87,2026-05-07T23:36:41.656218+00:00,RevenueLeakage,CUST-52dceb3a,Unpaid Active Subscription,Leakage type: Unpaid Active Subscription,Subscription SUB-08cdc0f3 is Past Due — $199.00/month outstanding.,$199.00 estimated revenue loss,Escalate to finance for account hold review. Send formal payment demand notice.,High
TRC-443E12DF8B,2026-05-07T23:36:41.656222+00:00,RevenueLeakage,CUST-91e5e278,Unpaid Active Subscription,Leakage type: Unpaid Active Subscription,Subscription SUB-f5ae661c is Past Due — $49.00/month outstanding.,$49.00 estimated revenue loss,Escalate to finance for account hold review. Send formal payment demand notice.,High
TRC-78153D55E1,2026-05-07T23:36:41.656226+00:00,RevenueLeakage,CUST-bb374cc4,Unpaid Active Subscription,Leakage type: Unpaid Active Subscription,Subscription SUB-e02c1069 is Past Due — $499.00/month outstanding.,$499.00 estimated revenue loss,Escalate to finance for account hold review. Send formal payment demand notice.,High
TRC-9398574DE8,2026-05-07T23:36:41.656231+00:00,RevenueLeakage,CUST-ed719c24,Unpaid Active Subscription,Leakage type: Unpaid Active Subscription,Subscription SUB-e58c2612 is Past Due — $49.00/month outstanding.,$49.00 estimated revenue loss,Escalate to finance for account hold review. Send formal payment demand notice.,High
TRC-F4DDB17762,2026-05-07T23:36:41.656235+00:00,RevenueLeakage,CUST-e5ae22a8,Unpaid Active Subscription,Leakage type: Unpaid Active Subscription,Subscription SUB-9f82efba is Past Due — $199.00/month outstanding.,$199.00 estimated revenue loss,Escalate to finance for account hold review. Send formal payment demand notice.,High
TRC-39437E1DC1,2026-05-07T23:36:41.656239+00:00,RevenueLeakage,CUST-214f09af,Unpaid Active Subscription,Leakage type: Unpaid Active Subscription,Subscription SUB-b671baa8 is Past Due — $49.00/month outstanding.,$49.00 estimated revenue loss,Escalate to finance for account hold review. Send formal payment demand notice.,High
TRC-32EA407809,2026-05-07T23:36:41.656244+00:00,RevenueLeakage,CUST-fdecbfeb,Unpaid Active Subscription,Leakage type: Unpaid Active Subscription,Subscription SUB-a22a9efe is Past Due — $199.00/month outstanding.,$199.00 estimated revenue loss,Escalate to finance for account hold review. Send formal payment demand notice.,High
TRC-5CE5614832,2026-05-07T23:36:41.656248+00:00,RevenueLeakage,CUST-94c16fb1,Unpaid Active Subscription,Leakage type: Unpaid Active Subscription,Subscription SUB-caee7b97 is Past Due — $49.00/month outstanding.,$49.00 estimated revenue loss,Escalate to finance for account hold review. Send formal payment demand notice.,High
TRC-C45D10ECF7,2026-05-07T23:36:41.656253+00:00,RevenueLeakage,CUST-8050cd77,Unpaid Active Subscription,Leakage type: Unpaid Active Subscription,Subscription SUB-5fcc086f is Past Due — $499.00/month outstanding.,$499.00 estimated revenue loss,Escalate to finance for account hold review. Send formal payment demand notice.,High
TRC-13062F093F,2026-05-07T23:36:41.656258+00:00,RevenueLeakage,CUST-a5c0ab76,Unpaid Active Subscription,Leakage type: Unpaid Active Subscription,Subscription SUB-b3588a2f is Past Due — $199.00/month outstanding.,$199.00 estimated revenue loss,Escalate to finance for account hold review. Send formal payment demand notice.,High
TRC-AC5E036B58,2026-05-07T23:36:41.656262+00:00,RevenueLeakage,CUST-c2ae48b4,Unpaid Active Subscription,Leakage type: Unpaid Active Subscription,Subscription SUB-09e3ca04 is Past Due — $199.00/month outstanding.,$199.00 estimated revenue loss,Escalate to finance for account hold review. Send formal payment demand notice.,High
TRC-3184893932,2026-05-07T23:36:41.656267+00:00,RevenueLeakage,CUST-9cb7af6e,Unpaid Active Subscription,Leakage type: Unpaid Active Subscription,Subscription SUB-7ea0035d is Past Due — $199.00/month outstanding.,$199.00 estimated revenue loss,Escalate to finance for account hold review. Send formal payment demand notice.,High
TRC-50DA30B8CD,2026-05-07T23:36:41.656289+00:00,Recommendation,REC_002,"3 failed transaction(s) totalling $5,997.00.",REC_002,"3 failed transaction(s) totalling $5,997.00.","$5,997.00 potential impact (score: 11394.3)","Trigger dunning sequence: retry payment after 3 days, send payment update email after 5 days, escalate to CSM after 10 days.",High
TRC-F1BEFC4FF6,2026-05-07T23:36:41.656295+00:00,Recommendation,REC_002,"2 failed transaction(s) totalling $3,998.00.",REC_002,"2 failed transaction(s) totalling $3,998.00.","$3,998.00 potential impact (score: 7596.2)","Trigger dunning sequence: retry payment after 3 days, send payment update email after 5 days, escalate to CSM after 10 days.",High
TRC-1BF9F59E56,2026-05-07T23:36:41.656300+00:00,Recommendation,REC_002,"2 failed transaction(s) totalling $3,998.00.",REC_002,"2 failed transaction(s) totalling $3,998.00.","$3,998.00 potential impact (score: 7596.2)","Trigger dunning sequence: retry payment after 3 days, send payment update email after 5 days, escalate to CSM after 10 days.",High
TRC-291FAA769C,2026-05-07T23:36:41.656305+00:00,Recommendation,REC_002,"2 failed transaction(s) totalling $3,998.00.",REC_002,"2 failed transaction(s) totalling $3,998.00.","$3,998.00 potential impact (score: 7596.2)","Trigger dunning sequence: retry payment after 3 days, send payment update email after 5 days, escalate to CSM after 10 days.",High
TRC-839A6D34EC,2026-05-07T23:36:41.656310+00:00,Recommendation,REC_002,"2 failed transaction(s) totalling $3,998.00.",REC_002,"2 failed transaction(s) totalling $3,998.00.","$3,998.00 potential impact (score: 7596.2)","Trigger dunning sequence: retry payment after 3 days, send payment update email after 5 days, escalate to CSM after 10 days.",High
TRC-291F5A6C1B,2026-05-07T23:36:41.656315+00:00,Recommendation,REC_002,"2 failed transaction(s) totalling $3,998.00.",REC_002,"2 failed transaction(s) totalling $3,998.00.","$3,998.00 potential impact (score: 7596.2)","Trigger dunning sequence: retry payment after 3 days, send payment update email after 5 days, escalate to CSM after 10 days.",High
TRC-D15069F1B0,2026-05-07T23:36:41.656320+00:00,Recommendation,REC_002,"2 failed transaction(s) totalling $3,998.00.",REC_002,"2 failed transaction(s) totalling $3,998.00.","$3,998.00 potential impact (score: 7596.2)","Trigger dunning sequence: retry payment after 3 days, send payment update email after 5 days, escalate to CSM after 10 days.",High
TRC-C7FF03FE84,2026-05-07T23:36:41.656325+00:00,Recommendation,REC_002,"2 failed transaction(s) totalling $3,998.00.",REC_002,"2 failed transaction(s) totalling $3,998.00.","$3,998.00 potential impact (score: 7596.2)","Trigger dunning sequence: retry payment after 3 days, send payment update email after 5 days, escalate to CSM after 10 days.",High
TRC-0CEAEFC042,2026-05-07T23:36:41.656330+00:00,Recommendation,REC_002,"2 failed transaction(s) totalling $3,998.00.",REC_002,"2 failed transaction(s) totalling $3,998.00.","$3,998.00 potential impact (score: 7596.2)","Trigger dunning sequence: retry payment after 3 days, send payment update email after 5 days, escalate to CSM after 10 days.",High
TRC-69B3B55FF0,2026-05-07T23:36:41.656335+00:00,Recommendation,REC_002,"2 failed transaction(s) totalling $3,998.00.",REC_002,"2 failed transaction(s) totalling $3,998.00.","$3,998.00 potential impact (score: 7596.2)","Trigger dunning sequence: retry payment after 3 days, send payment update email after 5 days, escalate to CSM after 10 days.",High
TRC-60E4F1EE0C,2026-05-07T23:36:41.656340+00:00,Recommendation,REC_002,"1 failed transaction(s) totalling $1,999.00.",REC_002,"1 failed transaction(s) totalling $1,999.00.","$1,999.00 potential impact (score: 3798.1)","Trigger dunning sequence: retry payment after 3 days, send payment update email after 5 days, escalate to CSM after 10 days.",High
TRC-30AB32F5EF,2026-05-07T23:36:41.656345+00:00,Recommendation,REC_002,"1 failed transaction(s) totalling $1,999.00.",REC_002,"1 failed transaction(s) totalling $1,999.00.","$1,999.00 potential impact (score: 3798.1)","Trigger dunning sequence: retry payment after 3 days, send payment update email after 5 days, escalate to CSM after 10 days.",High
TRC-65156629D6,2026-05-07T23:36:41.656349+00:00,Recommendation,REC_002,"1 failed transaction(s) totalling $1,999.00.",REC_002,"1 failed transaction(s) totalling $1,999.00.","$1,999.00 potential impact (score: 3798.1)","Trigger dunning sequence: retry payment after 3 days, send payment update email after 5 days, escalate to CSM after 10 days.",High
TRC-6791F22CF2,2026-05-07T23:36:41.656355+00:00,Recommendation,REC_002,"1 failed transaction(s) totalling $1,999.00.",REC_002,"1 failed transaction(s) totalling $1,999.00.","$1,999.00 potential impact (score: 3798.1)","Trigger dunning sequence: retry payment after 3 days, send payment update email after 5 days, escalate to CSM after 10 days.",High
TRC-880D15CB52,2026-05-07T23:36:41.656359+00:00,Recommendation,REC_002,"1 failed transaction(s) totalling $1,999.00.",REC_002,"1 failed transaction(s) totalling $1,999.00.","$1,999.00 potential impact (score: 3798.1)","Trigger dunning sequence: retry payment after 3 days, send payment update email after 5 days, escalate to CSM after 10 days.",High
TRC-D1550945F0,2026-05-07T23:36:41.656364+00:00,Recommendation,REC_002,"1 failed transaction(s) totalling $1,999.00.",REC_002,"1 failed transaction(s) totalling $1,999.00.","$1,999.00 potential impact (score: 3798.1)","Trigger dunning sequence: retry payment after 3 days, send payment update email after 5 days, escalate to CSM after 10 days.",High
TRC-A2470D2FB6,2026-05-07T23:36:41.656368+00:00,Recommendation,REC_002,"1 failed transaction(s) totalling $1,999.00.",REC_002,"1 failed transaction(s) totalling $1,999.00.","$1,999.00 potential impact (score: 3798.1)","Trigger dunning sequence: retry payment after 3 days, send payment update email after 5 days, escalate to CSM after 10 days.",High
TRC-47FCBC0126,2026-05-07T23:36:41.656373+00:00,Recommendation,REC_002,"1 failed transaction(s) totalling $1,999.00.",REC_002,"1 failed transaction(s) totalling $1,999.00.","$1,999.00 potential impact (score: 3798.1)","Trigger dunning sequence: retry payment after 3 days, send payment update email after 5 days, escalate to CSM after 10 days.",High
TRC-09FDCA52B6,2026-05-07T23:36:41.656378+00:00,Recommendation,REC_002,"1 failed transaction(s) totalling $1,999.00.",REC_002,"1 failed transaction(s) totalling $1,999.00.","$1,999.00 potential impact (score: 3798.1)","Trigger dunning sequence: retry payment after 3 days, send payment update email after 5 days, escalate to CSM after 10 days.",High
TRC-22CF3CEDBA,2026-05-07T23:36:41.656383+00:00,Recommendation,REC_002,"1 failed transaction(s) totalling $1,999.00.",REC_002,"1 failed transaction(s) totalling $1,999.00.","$1,999.00 potential impact (score: 3798.1)","Trigger dunning sequence: retry payment after 3 days, send payment update email after 5 days, escalate to CSM after 10 days.",High
TRC-C7AEE6B03A,2026-05-07T23:36:41.656388+00:00,Recommendation,REC_002,"1 failed transaction(s) totalling $1,999.00.",REC_002,"1 failed transaction(s) totalling $1,999.00.","$1,999.00 potential impact (score: 3798.1)","Trigger dunning sequence: retry payment after 3 days, send payment update email after 5 days, escalate to CSM after 10 days.",High
TRC-A4367E5B34,2026-05-07T23:36:41.656393+00:00,Recommendation,REC_002,"1 failed transaction(s) totalling $1,999.00.",REC_002,"1 failed transaction(s) totalling $1,999.00.","$1,999.00 potential impact (score: 3798.1)","Trigger dunning sequence: retry payment after 3 days, send payment update email after 5 days, escalate to CSM after 10 days.",High
TRC-44A04AD5EC,2026-05-07T23:36:41.656397+00:00,Recommendation,REC_002,"1 failed transaction(s) totalling $1,999.00.",REC_002,"1 failed transaction(s) totalling $1,999.00.","$1,999.00 potential impact (score: 3798.1)","Trigger dunning sequence: retry payment after 3 days, send payment update email after 5 days, escalate to CSM after 10 days.",High
TRC-2454AC3FBA,2026-05-07T23:36:41.656402+00:00,Recommendation,REC_002,"1 failed transaction(s) totalling $1,999.00.",REC_002,"1 failed transaction(s) totalling $1,999.00.","$1,999.00 potential impact (score: 3798.1)","Trigger dunning sequence: retry payment after 3 days, send payment update email after 5 days, escalate to CSM after 10 days.",High
TRC-A91A8C9D61,2026-05-07T23:36:41.656407+00:00,Recommendation,REC_002,"1 failed transaction(s) totalling $1,999.00.",REC_002,"1 failed transaction(s) totalling $1,999.00.","$1,999.00 potential impact (score: 3798.1)","Trigger dunning sequence: retry payment after 3 days, send payment update email after 5 days, escalate to CSM after 10 days.",High
TRC-A01980B16F,2026-05-07T23:36:41.656412+00:00,Recommendation,REC_002,"1 failed transaction(s) totalling $1,999.00.",REC_002,"1 failed transaction(s) totalling $1,999.00.","$1,999.00 potential impact (score: 3798.1)","Trigger dunning sequence: retry payment after 3 days, send payment update email after 5 days, escalate to CSM after 10 days.",High
TRC-3F1480645F,2026-05-07T23:36:41.656417+00:00,Recommendation,REC_002,"1 failed transaction(s) totalling $1,999.00.",REC_002,"1 failed transaction(s) totalling $1,999.00.","$1,999.00 potential impact (score: 3798.1)","Trigger dunning sequence: retry payment after 3 days, send payment update email after 5 days, escalate to CSM after 10 days.",High
TRC-6E45113B31,2026-05-07T23:36:41.656422+00:00,Recommendation,REC_002,"1 failed transaction(s) totalling $1,999.00.",REC_002,"1 failed transaction(s) totalling $1,999.00.","$1,999.00 potential impact (score: 3798.1)","Trigger dunning sequence: retry payment after 3 days, send payment update email after 5 days, escalate to CSM after 10 days.",High
TRC-AB6C6F3A21,2026-05-07T23:36:41.656426+00:00,Recommendation,REC_002,"1 failed transaction(s) totalling $1,999.00.",REC_002,"1 failed transaction(s) totalling $1,999.00.","$1,999.00 potential impact (score: 3798.1)","Trigger dunning sequence: retry payment after 3 days, send payment update email after 5 days, escalate to CSM after 10 days.",High
TRC-9E440B3B0C,2026-05-07T23:36:41.656433+00:00,Recommendation,REC_002,"1 failed transaction(s) totalling $1,999.00.",REC_002,"1 failed transaction(s) totalling $1,999.00.","$1,999.00 potential impact (score: 3798.1)","Trigger dunning sequence: retry payment after 3 days, send payment update email after 5 days, escalate to CSM after 10 days.",High
TRC-D59D388035,2026-05-07T23:36:41.656438+00:00,Recommendation,REC_002,"1 failed transaction(s) totalling $1,999.00.",REC_002,"1 failed transaction(s) totalling $1,999.00.","$1,999.00 potential impact (score: 3798.1)","Trigger dunning sequence: retry payment after 3 days, send payment update email after 5 days, escalate to CSM after 10 days.",High
TRC-7630462112,2026-05-07T23:36:41.656443+00:00,Recommendation,REC_002,"1 failed transaction(s) totalling $1,999.00.",REC_002,"1 failed transaction(s) totalling $1,999.00.","$1,999.00 potential impact (score: 3798.1)","Trigger dunning sequence: retry payment after 3 days, send payment update email after 5 days, escalate to CSM after 10 days.",High
TRC-36CBFF16B4,2026-05-07T23:36:41.656448+00:00,Recommendation,REC_002,"1 failed transaction(s) totalling $1,999.00.",REC_002,"1 failed transaction(s) totalling $1,999.00.","$1,999.00 potential impact (score: 3798.1)","Trigger dunning sequence: retry payment after 3 days, send payment update email after 5 days, escalate to CSM after 10 days.",High
TRC-F6891FA75D,2026-05-07T23:36:41.656453+00:00,Recommendation,REC_002,"1 failed transaction(s) totalling $1,999.00.",REC_002,"1 failed transaction(s) totalling $1,999.00.","$1,999.00 potential impact (score: 3798.1)","Trigger dunning sequence: retry payment after 3 days, send payment update email after 5 days, escalate to CSM after 10 days.",High
TRC-993539C091,2026-05-07T23:36:41.656458+00:00,Recommendation,REC_002,"1 failed transaction(s) totalling $1,999.00.",REC_002,"1 failed transaction(s) totalling $1,999.00.","$1,999.00 potential impact (score: 3798.1)","Trigger dunning sequence: retry payment after 3 days, send payment update email after 5 days, escalate to CSM after 10 days.",High
TRC-6FF6F19746,2026-05-07T23:36:41.656463+00:00,Recommendation,REC_002,"1 failed transaction(s) totalling $1,999.00.",REC_002,"1 failed transaction(s) totalling $1,999.00.","$1,999.00 potential impact (score: 3798.1)","Trigger dunning sequence: retry payment after 3 days, send payment update email after 5 days, escalate to CSM after 10 days.",High
TRC-26FF13D581,2026-05-07T23:36:41.656468+00:00,Recommendation,REC_002,"1 failed transaction(s) totalling $1,999.00.",REC_002,"1 failed transaction(s) totalling $1,999.00.","$1,999.00 potential impact (score: 3798.1)","Trigger dunning sequence: retry payment after 3 days, send payment update email after 5 days, escalate to CSM after 10 days.",High
TRC-6A5D7CAA3E,2026-05-07T23:36:41.656473+00:00,Recommendation,REC_002,"4 failed transaction(s) totalling $1,996.00.",REC_002,"4 failed transaction(s) totalling $1,996.00.","$1,996.00 potential impact (score: 3792.4)","Trigger dunning sequence: retry payment after 3 days, send payment update email after 5 days, escalate to CSM after 10 days.",High
TRC-BDB32CD76B,2026-05-07T23:36:41.656478+00:00,Recommendation,REC_002,"4 failed transaction(s) totalling $1,996.00.",REC_002,"4 failed transaction(s) totalling $1,996.00.","$1,996.00 potential impact (score: 3792.4)","Trigger dunning sequence: retry payment after 3 days, send payment update email after 5 days, escalate to CSM after 10 days.",High
TRC-D99C234031,2026-05-07T23:36:41.656483+00:00,Recommendation,REC_002,"4 failed transaction(s) totalling $1,996.00.",REC_002,"4 failed transaction(s) totalling $1,996.00.","$1,996.00 potential impact (score: 3792.4)","Trigger dunning sequence: retry payment after 3 days, send payment update email after 5 days, escalate to CSM after 10 days.",High
TRC-DB4A6B324D,2026-05-07T23:36:41.656488+00:00,Recommendation,REC_005,"Subscription SUB-54488bea is Past Due — $1,999.00/month outstanding.",REC_005,"Subscription SUB-54488bea is Past Due — $1,999.00/month outstanding.","$1,999.00 potential impact (score: 3598.2)",Escalate to finance for account hold review. Send formal payment demand notice and suspend non-critical features until resolved.,High
TRC-B523E8F033,2026-05-07T23:36:41.656493+00:00,Recommendation,REC_005,"Subscription SUB-68310382 is Past Due — $1,999.00/month outstanding.",REC_005,"Subscription SUB-68310382 is Past Due — $1,999.00/month outstanding.","$1,999.00 potential impact (score: 3598.2)",Escalate to finance for account hold review. Send formal payment demand notice and suspend non-critical features until resolved.,High
TRC-ADD4611624,2026-05-07T23:36:41.656498+00:00,Recommendation,REC_005,"Subscription SUB-75390f06 is Past Due — $1,999.00/month outstanding.",REC_005,"Subscription SUB-75390f06 is Past Due — $1,999.00/month outstanding.","$1,999.00 potential impact (score: 3598.2)",Escalate to finance for account hold review. Send formal payment demand notice and suspend non-critical features until resolved.,High
TRC-7B22D00DF8,2026-05-07T23:36:41.656503+00:00,Recommendation,REC_005,"Subscription SUB-76e355cb is Past Due — $1,999.00/month outstanding.",REC_005,"Subscription SUB-76e355cb is Past Due — $1,999.00/month outstanding.","$1,999.00 potential impact (score: 3598.2)",Escalate to finance for account hold review. Send formal payment demand notice and suspend non-critical features until resolved.,High
TRC-964F6789A0,2026-05-07T23:36:41.656508+00:00,Recommendation,REC_005,"Subscription SUB-ae98e9e2 is Past Due — $1,999.00/month outstanding.",REC_005,"Subscription SUB-ae98e9e2 is Past Due — $1,999.00/month outstanding.","$1,999.00 potential impact (score: 3598.2)",Escalate to finance for account hold review. Send formal payment demand notice and suspend non-critical features until resolved.,High
TRC-CCE2A83811,2026-05-07T23:36:41.656513+00:00,Recommendation,REC_005,"Subscription SUB-ee145448 is Past Due — $1,999.00/month outstanding.",REC_005,"Subscription SUB-ee145448 is Past Due — $1,999.00/month outstanding.","$1,999.00 potential impact (score: 3598.2)",Escalate to finance for account hold review. Send formal payment demand notice and suspend non-critical features until resolved.,High
TRC-52FEC618AB,2026-05-07T23:36:41.656518+00:00,Recommendation,REC_004,"Churn risk band: High. Drivers: Failed Payments, High Support Burden.",REC_004,"Churn risk band: High. Drivers: Failed Payments, High Support Burden.","$1,999.00 potential impact (score: 3998.0)",Contact customer directly to confirm payment details and offer alternative payment methods before the subscription lapses.,Medium
TRC-46AD2A1C6C,2026-05-07T23:36:41.656523+00:00,Recommendation,REC_004,Churn risk band: High. Drivers: Failed Payments.,REC_004,Churn risk band: High. Drivers: Failed Payments.,"$1,999.00 potential impact (score: 3998.0)",Contact customer directly to confirm payment details and offer alternative payment methods before the subscription lapses.,Medium
TRC-04E1CBAF79,2026-05-07T23:36:41.656528+00:00,Recommendation,REC_004,Churn risk band: High. Drivers: Failed Payments.,REC_004,Churn risk band: High. Drivers: Failed Payments.,"$1,999.00 potential impact (score: 3998.0)",Contact customer directly to confirm payment details and offer alternative payment methods before the subscription lapses.,Medium
TRC-D7E34105CC,2026-05-07T23:36:41.656533+00:00,Recommendation,REC_004,"Churn risk band: High. Drivers: Failed Payments, High Support Burden.",REC_004,"Churn risk band: High. Drivers: Failed Payments, High Support Burden.","$1,999.00 potential impact (score: 3998.0)",Contact customer directly to confirm payment details and offer alternative payment methods before the subscription lapses.,Medium
TRC-1C5A9C603F,2026-05-07T23:36:41.656538+00:00,Recommendation,REC_004,Churn risk band: High. Drivers: Failed Payments.,REC_004,Churn risk band: High. Drivers: Failed Payments.,"$1,999.00 potential impact (score: 3998.0)",Contact customer directly to confirm payment details and offer alternative payment methods before the subscription lapses.,Medium
TRC-B0D8086C5D,2026-05-07T23:36:41.656543+00:00,Recommendation,REC_004,"Churn risk band: High. Drivers: Failed Payments, High Support Burden.",REC_004,"Churn risk band: High. Drivers: Failed Payments, High Support Burden.","$1,999.00 potential impact (score: 3998.0)",Contact customer directly to confirm payment details and offer alternative payment methods before the subscription lapses.,Medium
TRC-0DEB1B56B1,2026-05-07T23:36:41.656548+00:00,Recommendation,REC_004,"Churn risk band: High. Drivers: Failed Payments, High Support Burden.",REC_004,"Churn risk band: High. Drivers: Failed Payments, High Support Burden.","$1,999.00 potential impact (score: 3998.0)",Contact customer directly to confirm payment details and offer alternative payment methods before the subscription lapses.,Medium
TRC-46C4A38C4D,2026-05-07T23:36:41.656553+00:00,Recommendation,REC_004,Churn risk band: High. Drivers: Failed Payments.,REC_004,Churn risk band: High. Drivers: Failed Payments.,"$1,999.00 potential impact (score: 3998.0)",Contact customer directly to confirm payment details and offer alternative payment methods before the subscription lapses.,Medium
TRC-0CA5FEF973,2026-05-07T23:36:41.656559+00:00,Recommendation,REC_004,Churn risk band: High. Drivers: Failed Payments.,REC_004,Churn risk band: High. Drivers: Failed Payments.,"$1,999.00 potential impact (score: 3998.0)",Contact customer directly to confirm payment details and offer alternative payment methods before the subscription lapses.,Medium
TRC-5D61028F32,2026-05-07T23:36:41.656564+00:00,Recommendation,REC_004,Churn risk band: High. Drivers: Failed Payments.,REC_004,Churn risk band: High. Drivers: Failed Payments.,"$1,999.00 potential impact (score: 3998.0)",Contact customer directly to confirm payment details and offer alternative payment methods before the subscription lapses.,Medium
TRC-C4F5D486C6,2026-05-07T23:36:41.656569+00:00,Recommendation,REC_004,"Churn risk band: High. Drivers: Low NPS, Failed Payments.",REC_004,"Churn risk band: High. Drivers: Low NPS, Failed Payments.","$1,999.00 potential impact (score: 3998.0)",Contact customer directly to confirm payment details and offer alternative payment methods before the subscription lapses.,Medium
TRC-B34ABC1A1C,2026-05-07T23:36:41.656574+00:00,Recommendation,REC_004,Churn risk band: High. Drivers: Failed Payments.,REC_004,Churn risk band: High. Drivers: Failed Payments.,"$1,999.00 potential impact (score: 3998.0)",Contact customer directly to confirm payment details and offer alternative payment methods before the subscription lapses.,Medium
TRC-9A55B46B51,2026-05-07T23:36:41.656578+00:00,Recommendation,REC_004,Churn risk band: High. Drivers: Failed Payments.,REC_004,Churn risk band: High. Drivers: Failed Payments.,"$1,999.00 potential impact (score: 3998.0)",Contact customer directly to confirm payment details and offer alternative payment methods before the subscription lapses.,Medium
TRC-B1E8236C81,2026-05-07T23:36:41.656583+00:00,Recommendation,REC_004,"Churn risk band: High. Drivers: Failed Payments, High Support Burden.",REC_004,"Churn risk band: High. Drivers: Failed Payments, High Support Burden.","$1,999.00 potential impact (score: 3998.0)",Contact customer directly to confirm payment details and offer alternative payment methods before the subscription lapses.,Medium
TRC-32ADCDD727,2026-05-07T23:36:41.656588+00:00,Recommendation,REC_004,"Churn risk band: High. Drivers: Low NPS, Failed Payments.",REC_004,"Churn risk band: High. Drivers: Low NPS, Failed Payments.","$1,999.00 potential impact (score: 3998.0)",Contact customer directly to confirm payment details and offer alternative payment methods before the subscription lapses.,Medium
TRC-7F2E47213B,2026-05-07T23:36:41.656593+00:00,Recommendation,REC_004,"Churn risk band: High. Drivers: Failed Payments, High Support Burden.",REC_004,"Churn risk band: High. Drivers: Failed Payments, High Support Burden.","$1,999.00 potential impact (score: 3998.0)",Contact customer directly to confirm payment details and offer alternative payment methods before the subscription lapses.,Medium
TRC-27B881F68D,2026-05-07T23:36:41.656598+00:00,Recommendation,REC_004,"Churn risk band: High. Drivers: Low NPS, Failed Payments.",REC_004,"Churn risk band: High. Drivers: Low NPS, Failed Payments.","$1,999.00 potential impact (score: 3998.0)",Contact customer directly to confirm payment details and offer alternative payment methods before the subscription lapses.,Medium
TRC-CAC071715C,2026-05-07T23:36:41.656603+00:00,Recommendation,REC_004,Churn risk band: High. Drivers: Failed Payments.,REC_004,Churn risk band: High. Drivers: Failed Payments.,"$1,999.00 potential impact (score: 3998.0)",Contact customer directly to confirm payment details and offer alternative payment methods before the subscription lapses.,Medium
TRC-7D96A78E7A,2026-05-07T23:36:41.656608+00:00,Recommendation,REC_004,"Churn risk band: High. Drivers: Failed Payments, High Support Burden.",REC_004,"Churn risk band: High. Drivers: Failed Payments, High Support Burden.","$1,999.00 potential impact (score: 3998.0)",Contact customer directly to confirm payment details and offer alternative payment methods before the subscription lapses.,Medium
TRC-56C358E1C6,2026-05-07T23:36:41.656613+00:00,Recommendation,REC_004,"Churn risk band: High. Drivers: Failed Payments, High Support Burden.",REC_004,"Churn risk band: High. Drivers: Failed Payments, High Support Burden.","$1,999.00 potential impact (score: 3998.0)",Contact customer directly to confirm payment details and offer alternative payment methods before the subscription lapses.,Medium
TRC-B67FFFC99B,2026-05-07T23:36:41.656618+00:00,Recommendation,REC_004,Churn risk band: High. Drivers: Failed Payments.,REC_004,Churn risk band: High. Drivers: Failed Payments.,"$1,999.00 potential impact (score: 3998.0)",Contact customer directly to confirm payment details and offer alternative payment methods before the subscription lapses.,Medium
TRC-F8E6F9E252,2026-05-07T23:36:41.656622+00:00,Recommendation,REC_004,Churn risk band: High. Drivers: Failed Payments.,REC_004,Churn risk band: High. Drivers: Failed Payments.,"$1,999.00 potential impact (score: 3998.0)",Contact customer directly to confirm payment details and offer alternative payment methods before the subscription lapses.,Medium
TRC-34B419CB96,2026-05-07T23:36:41.656627+00:00,Recommendation,REC_004,"Churn risk band: High. Drivers: Failed Payments, High Support Burden.",REC_004,"Churn risk band: High. Drivers: Failed Payments, High Support Burden.","$1,999.00 potential impact (score: 3998.0)",Contact customer directly to confirm payment details and offer alternative payment methods before the subscription lapses.,Medium
TRC-AD90B31A14,2026-05-07T23:36:41.656632+00:00,Recommendation,REC_002,"3 failed transaction(s) totalling $1,497.00.",REC_002,"3 failed transaction(s) totalling $1,497.00.","$1,497.00 potential impact (score: 2844.3)","Trigger dunning sequence: retry payment after 3 days, send payment update email after 5 days, escalate to CSM after 10 days.",High
TRC-7F9D749CCF,2026-05-07T23:36:41.656637+00:00,Recommendation,REC_002,"3 failed transaction(s) totalling $1,497.00.",REC_002,"3 failed transaction(s) totalling $1,497.00.","$1,497.00 potential impact (score: 2844.3)","Trigger dunning sequence: retry payment after 3 days, send payment update email after 5 days, escalate to CSM after 10 days.",High
TRC-0D50C48091,2026-05-07T23:36:41.656642+00:00,Recommendation,REC_002,"3 failed transaction(s) totalling $1,497.00.",REC_002,"3 failed transaction(s) totalling $1,497.00.","$1,497.00 potential impact (score: 2844.3)","Trigger dunning sequence: retry payment after 3 days, send payment update email after 5 days, escalate to CSM after 10 days.",High
TRC-7649807342,2026-05-07T23:36:41.656647+00:00,Recommendation,REC_002,"3 failed transaction(s) totalling $1,497.00.",REC_002,"3 failed transaction(s) totalling $1,497.00.","$1,497.00 potential impact (score: 2844.3)","Trigger dunning sequence: retry payment after 3 days, send payment update email after 5 days, escalate to CSM after 10 days.",High
TRC-88D97CC6FB,2026-05-07T23:36:41.656652+00:00,Recommendation,REC_002,"3 failed transaction(s) totalling $1,497.00.",REC_002,"3 failed transaction(s) totalling $1,497.00.","$1,497.00 potential impact (score: 2844.3)","Trigger dunning sequence: retry payment after 3 days, send payment update email after 5 days, escalate to CSM after 10 days.",High
TRC-EB98EB44E7,2026-05-07T23:36:41.656657+00:00,Recommendation,REC_002,"3 failed transaction(s) totalling $1,497.00.",REC_002,"3 failed transaction(s) totalling $1,497.00.","$1,497.00 potential impact (score: 2844.3)","Trigger dunning sequence: retry payment after 3 days, send payment update email after 5 days, escalate to CSM after 10 days.",High
TRC-11C3498485,2026-05-07T23:36:41.656662+00:00,Recommendation,REC_002,"3 failed transaction(s) totalling $1,497.00.",REC_002,"3 failed transaction(s) totalling $1,497.00.","$1,497.00 potential impact (score: 2844.3)","Trigger dunning sequence: retry payment after 3 days, send payment update email after 5 days, escalate to CSM after 10 days.",High
TRC-3271BE45FD,2026-05-07T23:36:41.656667+00:00,Recommendation,REC_002,2 failed transaction(s) totalling $998.00.,REC_002,2 failed transaction(s) totalling $998.00.,$998.00 potential impact (score: 1896.2),"Trigger dunning sequence: retry payment after 3 days, send payment update email after 5 days, escalate to CSM after 10 days.",High
TRC-E91F5B580C,2026-05-07T23:36:41.656671+00:00,Recommendation,REC_002,2 failed transaction(s) totalling $998.00.,REC_002,2 failed transaction(s) totalling $998.00.,$998.00 potential impact (score: 1896.2),"Trigger dunning sequence: retry payment after 3 days, send payment update email after 5 days, escalate to CSM after 10 days.",High
TRC-D3EC97893D,2026-05-07T23:36:41.656676+00:00,Recommendation,REC_002,2 failed transaction(s) totalling $998.00.,REC_002,2 failed transaction(s) totalling $998.00.,$998.00 potential impact (score: 1896.2),"Trigger dunning sequence: retry payment after 3 days, send payment update email after 5 days, escalate to CSM after 10 days.",High
TRC-19B8D038D7,2026-05-07T23:36:41.656681+00:00,Recommendation,REC_002,2 failed transaction(s) totalling $998.00.,REC_002,2 failed transaction(s) totalling $998.00.,$998.00 potential impact (score: 1896.2),"Trigger dunning sequence: retry payment after 3 days, send payment update email after 5 days, escalate to CSM after 10 days.",High
TRC-B28D1BD9FB,2026-05-07T23:36:41.656686+00:00,Recommendation,REC_002,2 failed transaction(s) totalling $998.00.,REC_002,2 failed transaction(s) totalling $998.00.,$998.00 potential impact (score: 1896.2),"Trigger dunning sequence: retry payment after 3 days, send payment update email after 5 days, escalate to CSM after 10 days.",High
TRC-5C12816F95,2026-05-07T23:36:41.656690+00:00,Recommendation,REC_002,2 failed transaction(s) totalling $998.00.,REC_002,2 failed transaction(s) totalling $998.00.,$998.00 potential impact (score: 1896.2),"Trigger dunning sequence: retry payment after 3 days, send payment update email after 5 days, escalate to CSM after 10 days.",High
TRC-9D39584B42,2026-05-07T23:36:41.656695+00:00,Recommendation,REC_002,2 failed transaction(s) totalling $998.00.,REC_002,2 failed transaction(s) totalling $998.00.,$998.00 potential impact (score: 1896.2),"Trigger dunning sequence: retry payment after 3 days, send payment update email after 5 days, escalate to CSM after 10 days.",High
TRC-1F8346E793,2026-05-07T23:36:41.656700+00:00,Recommendation,REC_002,2 failed transaction(s) totalling $998.00.,REC_002,2 failed transaction(s) totalling $998.00.,$998.00 potential impact (score: 1896.2),"Trigger dunning sequence: retry payment after 3 days, send payment update email after 5 days, escalate to CSM after 10 days.",High
TRC-7CD95B76A5,2026-05-07T23:36:41.656705+00:00,Recommendation,REC_002,2 failed transaction(s) totalling $998.00.,REC_002,2 failed transaction(s) totalling $998.00.,$998.00 potential impact (score: 1896.2),"Trigger dunning sequence: retry payment after 3 days, send payment update email after 5 days, escalate to CSM after 10 days.",High
TRC-C7D3CA378A,2026-05-07T23:36:41.656709+00:00,Recommendation,REC_002,2 failed transaction(s) totalling $998.00.,REC_002,2 failed transaction(s) totalling $998.00.,$998.00 potential impact (score: 1896.2),"Trigger dunning sequence: retry payment after 3 days, send payment update email after 5 days, escalate to CSM after 10 days.",High
TRC-ED8CF7E18D,2026-05-07T23:36:41.656714+00:00,Recommendation,REC_002,2 failed transaction(s) totalling $998.00.,REC_002,2 failed transaction(s) totalling $998.00.,$998.00 potential impact (score: 1896.2),"Trigger dunning sequence: retry payment after 3 days, send payment update email after 5 days, escalate to CSM after 10 days.",High
TRC-90E1928DD1,2026-05-07T23:36:41.656719+00:00,Recommendation,REC_002,2 failed transaction(s) totalling $998.00.,REC_002,2 failed transaction(s) totalling $998.00.,$998.00 potential impact (score: 1896.2),"Trigger dunning sequence: retry payment after 3 days, send payment update email after 5 days, escalate to CSM after 10 days.",High
TRC-5CF0A9597E,2026-05-07T23:36:41.656723+00:00,Recommendation,REC_002,5 failed transaction(s) totalling $995.00.,REC_002,5 failed transaction(s) totalling $995.00.,$995.00 potential impact (score: 1890.5),"Trigger dunning sequence: retry payment after 3 days, send payment update email after 5 days, escalate to CSM after 10 days.",High
TRC-0BA12750B8,2026-05-07T23:36:41.656728+00:00,Recommendation,REC_003,"Churn risk band: High. Drivers: Failed Payments, High Support Burden.",REC_003,"Churn risk band: High. Drivers: Failed Payments, High Support Burden.","$1,999.00 potential impact (score: 1799.1)",Send personalised in-app re-engagement campaign with 15% discount for 3-month commitment. Follow up with feature tutorial email sequence.,Medium
TRC-A63F23D2C6,2026-05-07T23:36:41.656733+00:00,Recommendation,REC_003,Churn risk band: High. Drivers: Failed Payments.,REC_003,Churn risk band: High. Drivers: Failed Payments.,"$1,999.00 potential impact (score: 1799.1)",Send personalised in-app re-engagement campaign with 15% discount for 3-month commitment. Follow up with feature tutorial email sequence.,Medium
TRC-5F1433D40A,2026-05-07T23:36:41.656738+00:00,Recommendation,REC_003,Churn risk band: High. Drivers: Failed Payments.,REC_003,Churn risk band: High. Drivers: Failed Payments.,"$1,999.00 potential impact (score: 1799.1)",Send personalised in-app re-engagement campaign with 15% discount for 3-month commitment. Follow up with feature tutorial email sequence.,Medium
TRC-60837FD6FE,2026-05-07T23:36:41.656743+00:00,Recommendation,REC_003,Churn risk band: High. Drivers: Failed Payments.,REC_003,Churn risk band: High. Drivers: Failed Payments.,"$1,999.00 potential impact (score: 1799.1)",Send personalised in-app re-engagement campaign with 15% discount for 3-month commitment. Follow up with feature tutorial email sequence.,Medium
TRC-8222BFAB4D,2026-05-07T23:36:41.656748+00:00,Recommendation,REC_003,"Churn risk band: High. Drivers: Failed Payments, High Support Burden.",REC_003,"Churn risk band: High. Drivers: Failed Payments, High Support Burden.","$1,999.00 potential impact (score: 1799.1)",Send personalised in-app re-engagement campaign with 15% discount for 3-month commitment. Follow up with feature tutorial email sequence.,Medium
TRC-630D179AA8,2026-05-07T23:36:41.656753+00:00,Recommendation,REC_003,"Churn risk band: High. Drivers: Failed Payments, High Support Burden.",REC_003,"Churn risk band: High. Drivers: Failed Payments, High Support Burden.","$1,999.00 potential impact (score: 1799.1)",Send personalised in-app re-engagement campaign with 15% discount for 3-month commitment. Follow up with feature tutorial email sequence.,Medium
TRC-2FE0B8CC67,2026-05-07T23:36:41.656757+00:00,Recommendation,REC_003,Churn risk band: High. Drivers: Failed Payments.,REC_003,Churn risk band: High. Drivers: Failed Payments.,"$1,999.00 potential impact (score: 1799.1)",Send personalised in-app re-engagement campaign with 15% discount for 3-month commitment. Follow up with feature tutorial email sequence.,Medium
TRC-8518B711B4,2026-05-07T23:36:41.656762+00:00,Recommendation,REC_003,Churn risk band: High. Drivers: Failed Payments.,REC_003,Churn risk band: High. Drivers: Failed Payments.,"$1,999.00 potential impact (score: 1799.1)",Send personalised in-app re-engagement campaign with 15% discount for 3-month commitment. Follow up with feature tutorial email sequence.,Medium
TRC-C751925A1F,2026-05-07T23:36:41.656767+00:00,Recommendation,REC_003,"Churn risk band: High. Drivers: Failed Payments, High Support Burden.",REC_003,"Churn risk band: High. Drivers: Failed Payments, High Support Burden.","$1,999.00 potential impact (score: 1799.1)",Send personalised in-app re-engagement campaign with 15% discount for 3-month commitment. Follow up with feature tutorial email sequence.,Medium
TRC-0F52923849,2026-05-07T23:36:41.656771+00:00,Recommendation,REC_003,"Churn risk band: High. Drivers: Low NPS, Failed Payments.",REC_003,"Churn risk band: High. Drivers: Low NPS, Failed Payments.","$1,999.00 potential impact (score: 1799.1)",Send personalised in-app re-engagement campaign with 15% discount for 3-month commitment. Follow up with feature tutorial email sequence.,Medium
TRC-850CE6C966,2026-05-07T23:36:41.656776+00:00,Recommendation,REC_003,Churn risk band: High. Drivers: Failed Payments.,REC_003,Churn risk band: High. Drivers: Failed Payments.,"$1,999.00 potential impact (score: 1799.1)",Send personalised in-app re-engagement campaign with 15% discount for 3-month commitment. Follow up with feature tutorial email sequence.,Medium
TRC-948D3A0BF0,2026-05-07T23:36:41.656781+00:00,Recommendation,REC_003,Churn risk band: High. Drivers: Failed Payments.,REC_003,Churn risk band: High. Drivers: Failed Payments.,"$1,999.00 potential impact (score: 1799.1)",Send personalised in-app re-engagement campaign with 15% discount for 3-month commitment. Follow up with feature tutorial email sequence.,Medium
TRC-BC2FC254CC,2026-05-07T23:36:41.656786+00:00,Recommendation,REC_003,Churn risk band: High. Drivers: Failed Payments.,REC_003,Churn risk band: High. Drivers: Failed Payments.,"$1,999.00 potential impact (score: 1799.1)",Send personalised in-app re-engagement campaign with 15% discount for 3-month commitment. Follow up with feature tutorial email sequence.,Medium
TRC-CC8C05007D,2026-05-07T23:36:41.656790+00:00,Recommendation,REC_003,"Churn risk band: High. Drivers: Failed Payments, High Support Burden.",REC_003,"Churn risk band: High. Drivers: Failed Payments, High Support Burden.","$1,999.00 potential impact (score: 1799.1)",Send personalised in-app re-engagement campaign with 15% discount for 3-month commitment. Follow up with feature tutorial email sequence.,Medium
TRC-0A03AE054F,2026-05-07T23:36:41.656795+00:00,Recommendation,REC_002,3 failed transaction(s) totalling $597.00.,REC_002,3 failed transaction(s) totalling $597.00.,$597.00 potential impact (score: 1134.3),"Trigger dunning sequence: retry payment after 3 days, send payment update email after 5 days, escalate to CSM after 10 days.",High
TRC-B3AB3E4B01,2026-05-07T23:36:41.656800+00:00,Recommendation,REC_002,3 failed transaction(s) totalling $597.00.,REC_002,3 failed transaction(s) totalling $597.00.,$597.00 potential impact (score: 1134.3),"Trigger dunning sequence: retry payment after 3 days, send payment update email after 5 days, escalate to CSM after 10 days.",High
TRC-E85514B2BB,2026-05-07T23:36:41.656805+00:00,Recommendation,REC_002,3 failed transaction(s) totalling $597.00.,REC_002,3 failed transaction(s) totalling $597.00.,$597.00 potential impact (score: 1134.3),"Trigger dunning sequence: retry payment after 3 days, send payment update email after 5 days, escalate to CSM after 10 days.",High
TRC-A29D09BFA2,2026-05-07T23:36:41.656810+00:00,Recommendation,REC_002,3 failed transaction(s) totalling $597.00.,REC_002,3 failed transaction(s) totalling $597.00.,$597.00 potential impact (score: 1134.3),"Trigger dunning sequence: retry payment after 3 days, send payment update email after 5 days, escalate to CSM after 10 days.",High
TRC-E3CCE8B79E,2026-05-07T23:36:41.656815+00:00,Recommendation,REC_002,1 failed transaction(s) totalling $499.00.,REC_002,1 failed transaction(s) totalling $499.00.,$499.00 potential impact (score: 948.1),"Trigger dunning sequence: retry payment after 3 days, send payment update email after 5 days, escalate to CSM after 10 days.",High
TRC-D74E4D1D3F,2026-05-07T23:36:41.656820+00:00,Recommendation,REC_002,1 failed transaction(s) totalling $499.00.,REC_002,1 failed transaction(s) totalling $499.00.,$499.00 potential impact (score: 948.1),"Trigger dunning sequence: retry payment after 3 days, send payment update email after 5 days, escalate to CSM after 10 days.",High
TRC-02153F394B,2026-05-07T23:36:41.656825+00:00,Recommendation,REC_002,1 failed transaction(s) totalling $499.00.,REC_002,1 failed transaction(s) totalling $499.00.,$499.00 potential impact (score: 948.1),"Trigger dunning sequence: retry payment after 3 days, send payment update email after 5 days, escalate to CSM after 10 days.",High
TRC-60F7B3AC78,2026-05-07T23:36:41.656829+00:00,Recommendation,REC_002,1 failed transaction(s) totalling $499.00.,REC_002,1 failed transaction(s) totalling $499.00.,$499.00 potential impact (score: 948.1),"Trigger dunning sequence: retry payment after 3 days, send payment update email after 5 days, escalate to CSM after 10 days.",High
TRC-3D93551A30,2026-05-07T23:36:41.656834+00:00,Recommendation,REC_002,1 failed transaction(s) totalling $499.00.,REC_002,1 failed transaction(s) totalling $499.00.,$499.00 potential impact (score: 948.1),"Trigger dunning sequence: retry payment after 3 days, send payment update email after 5 days, escalate to CSM after 10 days.",High
TRC-D644808D75,2026-05-07T23:36:41.656839+00:00,Recommendation,REC_002,1 failed transaction(s) totalling $499.00.,REC_002,1 failed transaction(s) totalling $499.00.,$499.00 potential impact (score: 948.1),"Trigger dunning sequence: retry payment after 3 days, send payment update email after 5 days, escalate to CSM after 10 days.",High
TRC-8552234E21,2026-05-07T23:36:41.656844+00:00,Recommendation,REC_002,1 failed transaction(s) totalling $499.00.,REC_002,1 failed transaction(s) totalling $499.00.,$499.00 potential impact (score: 948.1),"Trigger dunning sequence: retry payment after 3 days, send payment update email after 5 days, escalate to CSM after 10 days.",High
TRC-B2ED7DD05A,2026-05-07T23:36:41.656849+00:00,Recommendation,REC_002,1 failed transaction(s) totalling $499.00.,REC_002,1 failed transaction(s) totalling $499.00.,$499.00 potential impact (score: 948.1),"Trigger dunning sequence: retry payment after 3 days, send payment update email after 5 days, escalate to CSM after 10 days.",High
TRC-A92784954C,2026-05-07T23:36:41.656853+00:00,Recommendation,REC_002,1 failed transaction(s) totalling $499.00.,REC_002,1 failed transaction(s) totalling $499.00.,$499.00 potential impact (score: 948.1),"Trigger dunning sequence: retry payment after 3 days, send payment update email after 5 days, escalate to CSM after 10 days.",High
TRC-152733AE9A,2026-05-07T23:36:41.656858+00:00,Recommendation,REC_002,1 failed transaction(s) totalling $499.00.,REC_002,1 failed transaction(s) totalling $499.00.,$499.00 potential impact (score: 948.1),"Trigger dunning sequence: retry payment after 3 days, send payment update email after 5 days, escalate to CSM after 10 days.",High
TRC-16E67B085B,2026-05-07T23:36:41.656863+00:00,Recommendation,REC_002,1 failed transaction(s) totalling $499.00.,REC_002,1 failed transaction(s) totalling $499.00.,$499.00 potential impact (score: 948.1),"Trigger dunning sequence: retry payment after 3 days, send payment update email after 5 days, escalate to CSM after 10 days.",High
TRC-C7E6154D2C,2026-05-07T23:36:41.656868+00:00,Recommendation,REC_002,1 failed transaction(s) totalling $499.00.,REC_002,1 failed transaction(s) totalling $499.00.,$499.00 potential impact (score: 948.1),"Trigger dunning sequence: retry payment after 3 days, send payment update email after 5 days, escalate to CSM after 10 days.",High
TRC-6B48C87383,2026-05-07T23:36:41.656872+00:00,Recommendation,REC_002,1 failed transaction(s) totalling $499.00.,REC_002,1 failed transaction(s) totalling $499.00.,$499.00 potential impact (score: 948.1),"Trigger dunning sequence: retry payment after 3 days, send payment update email after 5 days, escalate to CSM after 10 days.",High
TRC-B7A0B04F40,2026-05-07T23:36:41.656877+00:00,Recommendation,REC_002,1 failed transaction(s) totalling $499.00.,REC_002,1 failed transaction(s) totalling $499.00.,$499.00 potential impact (score: 948.1),"Trigger dunning sequence: retry payment after 3 days, send payment update email after 5 days, escalate to CSM after 10 days.",High
TRC-19BE865D3F,2026-05-07T23:36:41.656882+00:00,Recommendation,REC_002,1 failed transaction(s) totalling $499.00.,REC_002,1 failed transaction(s) totalling $499.00.,$499.00 potential impact (score: 948.1),"Trigger dunning sequence: retry payment after 3 days, send payment update email after 5 days, escalate to CSM after 10 days.",High
TRC-948D766CED,2026-05-07T23:36:41.656887+00:00,Recommendation,REC_002,1 failed transaction(s) totalling $499.00.,REC_002,1 failed transaction(s) totalling $499.00.,$499.00 potential impact (score: 948.1),"Trigger dunning sequence: retry payment after 3 days, send payment update email after 5 days, escalate to CSM after 10 days.",High
TRC-4AE590FF21,2026-05-07T23:36:41.656892+00:00,Recommendation,REC_002,1 failed transaction(s) totalling $499.00.,REC_002,1 failed transaction(s) totalling $499.00.,$499.00 potential impact (score: 948.1),"Trigger dunning sequence: retry payment after 3 days, send payment update email after 5 days, escalate to CSM after 10 days.",High
TRC-359DEB3828,2026-05-07T23:36:41.656896+00:00,Recommendation,REC_002,1 failed transaction(s) totalling $499.00.,REC_002,1 failed transaction(s) totalling $499.00.,$499.00 potential impact (score: 948.1),"Trigger dunning sequence: retry payment after 3 days, send payment update email after 5 days, escalate to CSM after 10 days.",High
TRC-CF7EC9316D,2026-05-07T23:36:41.656901+00:00,Recommendation,REC_002,1 failed transaction(s) totalling $499.00.,REC_002,1 failed transaction(s) totalling $499.00.,$499.00 potential impact (score: 948.1),"Trigger dunning sequence: retry payment after 3 days, send payment update email after 5 days, escalate to CSM after 10 days.",High
TRC-6754C97E4A,2026-05-07T23:36:41.656906+00:00,Recommendation,REC_002,1 failed transaction(s) totalling $499.00.,REC_002,1 failed transaction(s) totalling $499.00.,$499.00 potential impact (score: 948.1),"Trigger dunning sequence: retry payment after 3 days, send payment update email after 5 days, escalate to CSM after 10 days.",High
TRC-6D57AC824A,2026-05-07T23:36:41.656911+00:00,Recommendation,REC_002,1 failed transaction(s) totalling $499.00.,REC_002,1 failed transaction(s) totalling $499.00.,$499.00 potential impact (score: 948.1),"Trigger dunning sequence: retry payment after 3 days, send payment update email after 5 days, escalate to CSM after 10 days.",High
TRC-2ABA9BB8CC,2026-05-07T23:36:41.656916+00:00,Recommendation,REC_002,1 failed transaction(s) totalling $499.00.,REC_002,1 failed transaction(s) totalling $499.00.,$499.00 potential impact (score: 948.1),"Trigger dunning sequence: retry payment after 3 days, send payment update email after 5 days, escalate to CSM after 10 days.",High
TRC-019D350181,2026-05-07T23:36:41.656921+00:00,Recommendation,REC_002,1 failed transaction(s) totalling $499.00.,REC_002,1 failed transaction(s) totalling $499.00.,$499.00 potential impact (score: 948.1),"Trigger dunning sequence: retry payment after 3 days, send payment update email after 5 days, escalate to CSM after 10 days.",High
TRC-1BAB9A660F,2026-05-07T23:36:41.656925+00:00,Recommendation,REC_002,1 failed transaction(s) totalling $499.00.,REC_002,1 failed transaction(s) totalling $499.00.,$499.00 potential impact (score: 948.1),"Trigger dunning sequence: retry payment after 3 days, send payment update email after 5 days, escalate to CSM after 10 days.",High
TRC-E6084F1C2A,2026-05-07T23:36:41.656930+00:00,Recommendation,REC_002,1 failed transaction(s) totalling $499.00.,REC_002,1 failed transaction(s) totalling $499.00.,$499.00 potential impact (score: 948.1),"Trigger dunning sequence: retry payment after 3 days, send payment update email after 5 days, escalate to CSM after 10 days.",High
TRC-FBB1FCBF7C,2026-05-07T23:36:41.656935+00:00,Recommendation,REC_002,1 failed transaction(s) totalling $499.00.,REC_002,1 failed transaction(s) totalling $499.00.,$499.00 potential impact (score: 948.1),"Trigger dunning sequence: retry payment after 3 days, send payment update email after 5 days, escalate to CSM after 10 days.",High
TRC-216A2089F7,2026-05-07T23:36:41.656940+00:00,Recommendation,REC_002,1 failed transaction(s) totalling $499.00.,REC_002,1 failed transaction(s) totalling $499.00.,$499.00 potential impact (score: 948.1),"Trigger dunning sequence: retry payment after 3 days, send payment update email after 5 days, escalate to CSM after 10 days.",High
TRC-E5A8145655,2026-05-07T23:36:41.656945+00:00,Recommendation,REC_002,1 failed transaction(s) totalling $499.00.,REC_002,1 failed transaction(s) totalling $499.00.,$499.00 potential impact (score: 948.1),"Trigger dunning sequence: retry payment after 3 days, send payment update email after 5 days, escalate to CSM after 10 days.",High
TRC-EE5F816CAA,2026-05-07T23:36:41.656950+00:00,Recommendation,REC_002,1 failed transaction(s) totalling $499.00.,REC_002,1 failed transaction(s) totalling $499.00.,$499.00 potential impact (score: 948.1),"Trigger dunning sequence: retry payment after 3 days, send payment update email after 5 days, escalate to CSM after 10 days.",High
TRC-7857D7FC17,2026-05-07T23:36:41.656954+00:00,Recommendation,REC_002,1 failed transaction(s) totalling $499.00.,REC_002,1 failed transaction(s) totalling $499.00.,$499.00 potential impact (score: 948.1),"Trigger dunning sequence: retry payment after 3 days, send payment update email after 5 days, escalate to CSM after 10 days.",High
TRC-9504417092,2026-05-07T23:36:41.656959+00:00,Recommendation,REC_002,1 failed transaction(s) totalling $499.00.,REC_002,1 failed transaction(s) totalling $499.00.,$499.00 potential impact (score: 948.1),"Trigger dunning sequence: retry payment after 3 days, send payment update email after 5 days, escalate to CSM after 10 days.",High
TRC-253A552411,2026-05-07T23:36:41.656964+00:00,Recommendation,REC_002,1 failed transaction(s) totalling $499.00.,REC_002,1 failed transaction(s) totalling $499.00.,$499.00 potential impact (score: 948.1),"Trigger dunning sequence: retry payment after 3 days, send payment update email after 5 days, escalate to CSM after 10 days.",High
TRC-30D1D19D21,2026-05-07T23:36:41.656968+00:00,Recommendation,REC_002,1 failed transaction(s) totalling $499.00.,REC_002,1 failed transaction(s) totalling $499.00.,$499.00 potential impact (score: 948.1),"Trigger dunning sequence: retry payment after 3 days, send payment update email after 5 days, escalate to CSM after 10 days.",High
TRC-5AEE940D76,2026-05-07T23:36:41.656973+00:00,Recommendation,REC_002,1 failed transaction(s) totalling $499.00.,REC_002,1 failed transaction(s) totalling $499.00.,$499.00 potential impact (score: 948.1),"Trigger dunning sequence: retry payment after 3 days, send payment update email after 5 days, escalate to CSM after 10 days.",High
TRC-017E4C8A89,2026-05-07T23:36:41.656978+00:00,Recommendation,REC_002,1 failed transaction(s) totalling $499.00.,REC_002,1 failed transaction(s) totalling $499.00.,$499.00 potential impact (score: 948.1),"Trigger dunning sequence: retry payment after 3 days, send payment update email after 5 days, escalate to CSM after 10 days.",High
TRC-940DD24259,2026-05-07T23:36:41.656983+00:00,Recommendation,REC_002,1 failed transaction(s) totalling $499.00.,REC_002,1 failed transaction(s) totalling $499.00.,$499.00 potential impact (score: 948.1),"Trigger dunning sequence: retry payment after 3 days, send payment update email after 5 days, escalate to CSM after 10 days.",High
TRC-20E94CF121,2026-05-07T23:36:41.656987+00:00,Recommendation,REC_002,1 failed transaction(s) totalling $499.00.,REC_002,1 failed transaction(s) totalling $499.00.,$499.00 potential impact (score: 948.1),"Trigger dunning sequence: retry payment after 3 days, send payment update email after 5 days, escalate to CSM after 10 days.",High
TRC-D14F67C945,2026-05-07T23:36:41.656992+00:00,Recommendation,REC_002,1 failed transaction(s) totalling $499.00.,REC_002,1 failed transaction(s) totalling $499.00.,$499.00 potential impact (score: 948.1),"Trigger dunning sequence: retry payment after 3 days, send payment update email after 5 days, escalate to CSM after 10 days.",High
TRC-6F1F001965,2026-05-07T23:36:41.656996+00:00,Recommendation,REC_002,1 failed transaction(s) totalling $499.00.,REC_002,1 failed transaction(s) totalling $499.00.,$499.00 potential impact (score: 948.1),"Trigger dunning sequence: retry payment after 3 days, send payment update email after 5 days, escalate to CSM after 10 days.",High
TRC-321CADB79B,2026-05-07T23:36:41.657001+00:00,Recommendation,REC_002,1 failed transaction(s) totalling $499.00.,REC_002,1 failed transaction(s) totalling $499.00.,$499.00 potential impact (score: 948.1),"Trigger dunning sequence: retry payment after 3 days, send payment update email after 5 days, escalate to CSM after 10 days.",High
TRC-43935B6383,2026-05-07T23:36:41.657006+00:00,Recommendation,REC_002,1 failed transaction(s) totalling $499.00.,REC_002,1 failed transaction(s) totalling $499.00.,$499.00 potential impact (score: 948.1),"Trigger dunning sequence: retry payment after 3 days, send payment update email after 5 days, escalate to CSM after 10 days.",High
TRC-75FAB96E50,2026-05-07T23:36:41.657010+00:00,Recommendation,REC_002,1 failed transaction(s) totalling $499.00.,REC_002,1 failed transaction(s) totalling $499.00.,$499.00 potential impact (score: 948.1),"Trigger dunning sequence: retry payment after 3 days, send payment update email after 5 days, escalate to CSM after 10 days.",High
TRC-9503982EE7,2026-05-07T23:36:41.657015+00:00,Recommendation,REC_002,1 failed transaction(s) totalling $499.00.,REC_002,1 failed transaction(s) totalling $499.00.,$499.00 potential impact (score: 948.1),"Trigger dunning sequence: retry payment after 3 days, send payment update email after 5 days, escalate to CSM after 10 days.",High
TRC-19BDE70740,2026-05-07T23:36:41.657020+00:00,Recommendation,REC_002,1 failed transaction(s) totalling $499.00.,REC_002,1 failed transaction(s) totalling $499.00.,$499.00 potential impact (score: 948.1),"Trigger dunning sequence: retry payment after 3 days, send payment update email after 5 days, escalate to CSM after 10 days.",High
TRC-0917BB0117,2026-05-07T23:36:41.657025+00:00,Recommendation,REC_002,1 failed transaction(s) totalling $499.00.,REC_002,1 failed transaction(s) totalling $499.00.,$499.00 potential impact (score: 948.1),"Trigger dunning sequence: retry payment after 3 days, send payment update email after 5 days, escalate to CSM after 10 days.",High
TRC-99FB9E83C6,2026-05-07T23:36:41.657030+00:00,Recommendation,REC_002,1 failed transaction(s) totalling $499.00.,REC_002,1 failed transaction(s) totalling $499.00.,$499.00 potential impact (score: 948.1),"Trigger dunning sequence: retry payment after 3 days, send payment update email after 5 days, escalate to CSM after 10 days.",High
TRC-C17DE8DA89,2026-05-07T23:36:41.657034+00:00,Recommendation,REC_002,1 failed transaction(s) totalling $499.00.,REC_002,1 failed transaction(s) totalling $499.00.,$499.00 potential impact (score: 948.1),"Trigger dunning sequence: retry payment after 3 days, send payment update email after 5 days, escalate to CSM after 10 days.",High
TRC-6902174774,2026-05-07T23:36:41.657039+00:00,Recommendation,REC_002,1 failed transaction(s) totalling $499.00.,REC_002,1 failed transaction(s) totalling $499.00.,$499.00 potential impact (score: 948.1),"Trigger dunning sequence: retry payment after 3 days, send payment update email after 5 days, escalate to CSM after 10 days.",High
TRC-0CBD913F3C,2026-05-07T23:36:41.657044+00:00,Recommendation,REC_002,1 failed transaction(s) totalling $499.00.,REC_002,1 failed transaction(s) totalling $499.00.,$499.00 potential impact (score: 948.1),"Trigger dunning sequence: retry payment after 3 days, send payment update email after 5 days, escalate to CSM after 10 days.",High
TRC-BADEC7234F,2026-05-07T23:36:41.657049+00:00,Recommendation,REC_002,1 failed transaction(s) totalling $499.00.,REC_002,1 failed transaction(s) totalling $499.00.,$499.00 potential impact (score: 948.1),"Trigger dunning sequence: retry payment after 3 days, send payment update email after 5 days, escalate to CSM after 10 days.",High
TRC-199E66B04D,2026-05-07T23:36:41.657054+00:00,Recommendation,REC_002,1 failed transaction(s) totalling $499.00.,REC_002,1 failed transaction(s) totalling $499.00.,$499.00 potential impact (score: 948.1),"Trigger dunning sequence: retry payment after 3 days, send payment update email after 5 days, escalate to CSM after 10 days.",High
TRC-0FE35594F5,2026-05-07T23:36:41.657059+00:00,Recommendation,REC_002,1 failed transaction(s) totalling $499.00.,REC_002,1 failed transaction(s) totalling $499.00.,$499.00 potential impact (score: 948.1),"Trigger dunning sequence: retry payment after 3 days, send payment update email after 5 days, escalate to CSM after 10 days.",High
TRC-5BC6919BB9,2026-05-07T23:36:41.657063+00:00,Recommendation,REC_002,1 failed transaction(s) totalling $499.00.,REC_002,1 failed transaction(s) totalling $499.00.,$499.00 potential impact (score: 948.1),"Trigger dunning sequence: retry payment after 3 days, send payment update email after 5 days, escalate to CSM after 10 days.",High
TRC-5E6811B20C,2026-05-07T23:36:41.657068+00:00,Recommendation,REC_002,1 failed transaction(s) totalling $499.00.,REC_002,1 failed transaction(s) totalling $499.00.,$499.00 potential impact (score: 948.1),"Trigger dunning sequence: retry payment after 3 days, send payment update email after 5 days, escalate to CSM after 10 days.",High
TRC-417E863A5A,2026-05-07T23:36:41.657073+00:00,Recommendation,REC_002,1 failed transaction(s) totalling $499.00.,REC_002,1 failed transaction(s) totalling $499.00.,$499.00 potential impact (score: 948.1),"Trigger dunning sequence: retry payment after 3 days, send payment update email after 5 days, escalate to CSM after 10 days.",High
TRC-77E1E6A262,2026-05-07T23:36:41.657078+00:00,Recommendation,REC_002,1 failed transaction(s) totalling $499.00.,REC_002,1 failed transaction(s) totalling $499.00.,$499.00 potential impact (score: 948.1),"Trigger dunning sequence: retry payment after 3 days, send payment update email after 5 days, escalate to CSM after 10 days.",High
TRC-51FDC65FA5,2026-05-07T23:36:41.657082+00:00,Recommendation,REC_002,1 failed transaction(s) totalling $499.00.,REC_002,1 failed transaction(s) totalling $499.00.,$499.00 potential impact (score: 948.1),"Trigger dunning sequence: retry payment after 3 days, send payment update email after 5 days, escalate to CSM after 10 days.",High
TRC-6398516B3D,2026-05-07T23:36:41.657087+00:00,Recommendation,REC_002,1 failed transaction(s) totalling $499.00.,REC_002,1 failed transaction(s) totalling $499.00.,$499.00 potential impact (score: 948.1),"Trigger dunning sequence: retry payment after 3 days, send payment update email after 5 days, escalate to CSM after 10 days.",High
TRC-3FF6763FEF,2026-05-07T23:36:41.657092+00:00,Recommendation,REC_002,1 failed transaction(s) totalling $499.00.,REC_002,1 failed transaction(s) totalling $499.00.,$499.00 potential impact (score: 948.1),"Trigger dunning sequence: retry payment after 3 days, send payment update email after 5 days, escalate to CSM after 10 days.",High
TRC-17266E58EA,2026-05-07T23:36:41.657097+00:00,Recommendation,REC_002,1 failed transaction(s) totalling $499.00.,REC_002,1 failed transaction(s) totalling $499.00.,$499.00 potential impact (score: 948.1),"Trigger dunning sequence: retry payment after 3 days, send payment update email after 5 days, escalate to CSM after 10 days.",High
TRC-1E519CB498,2026-05-07T23:36:41.657102+00:00,Recommendation,REC_002,1 failed transaction(s) totalling $499.00.,REC_002,1 failed transaction(s) totalling $499.00.,$499.00 potential impact (score: 948.1),"Trigger dunning sequence: retry payment after 3 days, send payment update email after 5 days, escalate to CSM after 10 days.",High
TRC-A74C787365,2026-05-07T23:36:41.657107+00:00,Recommendation,REC_002,1 failed transaction(s) totalling $499.00.,REC_002,1 failed transaction(s) totalling $499.00.,$499.00 potential impact (score: 948.1),"Trigger dunning sequence: retry payment after 3 days, send payment update email after 5 days, escalate to CSM after 10 days.",High
TRC-D43058077F,2026-05-07T23:36:41.657111+00:00,Recommendation,REC_002,1 failed transaction(s) totalling $499.00.,REC_002,1 failed transaction(s) totalling $499.00.,$499.00 potential impact (score: 948.1),"Trigger dunning sequence: retry payment after 3 days, send payment update email after 5 days, escalate to CSM after 10 days.",High
TRC-29F126A3B0,2026-05-07T23:36:41.657116+00:00,Recommendation,REC_005,Subscription SUB-e986be29 is Past Due — $499.00/month outstanding.,REC_005,Subscription SUB-e986be29 is Past Due — $499.00/month outstanding.,$499.00 potential impact (score: 898.2),Escalate to finance for account hold review. Send formal payment demand notice and suspend non-critical features until resolved.,High
TRC-26ED02564E,2026-05-07T23:36:41.657121+00:00,Recommendation,REC_005,Subscription SUB-ed10d73e is Past Due — $499.00/month outstanding.,REC_005,Subscription SUB-ed10d73e is Past Due — $499.00/month outstanding.,$499.00 potential impact (score: 898.2),Escalate to finance for account hold review. Send formal payment demand notice and suspend non-critical features until resolved.,High
TRC-2AF1CCC3DA,2026-05-07T23:36:41.657126+00:00,Recommendation,REC_005,Subscription SUB-b4a2a531 is Past Due — $499.00/month outstanding.,REC_005,Subscription SUB-b4a2a531 is Past Due — $499.00/month outstanding.,$499.00 potential impact (score: 898.2),Escalate to finance for account hold review. Send formal payment demand notice and suspend non-critical features until resolved.,High
TRC-F99E9745FD,2026-05-07T23:36:41.657131+00:00,Recommendation,REC_005,Subscription SUB-4a232958 is Past Due — $499.00/month outstanding.,REC_005,Subscription SUB-4a232958 is Past Due — $499.00/month outstanding.,$499.00 potential impact (score: 898.2),Escalate to finance for account hold review. Send formal payment demand notice and suspend non-critical features until resolved.,High
TRC-2BAA723C0D,2026-05-07T23:36:41.657135+00:00,Recommendation,REC_005,Subscription SUB-adc335d5 is Past Due — $499.00/month outstanding.,REC_005,Subscription SUB-adc335d5 is Past Due — $499.00/month outstanding.,$499.00 potential impact (score: 898.2),Escalate to finance for account hold review. Send formal payment demand notice and suspend non-critical features until resolved.,High
TRC-440672E232,2026-05-07T23:36:41.657140+00:00,Recommendation,REC_005,Subscription SUB-19f88fca is Past Due — $499.00/month outstanding.,REC_005,Subscription SUB-19f88fca is Past Due — $499.00/month outstanding.,$499.00 potential impact (score: 898.2),Escalate to finance for account hold review. Send formal payment demand notice and suspend non-critical features until resolved.,High
TRC-2FC796B7DD,2026-05-07T23:36:41.657145+00:00,Recommendation,REC_005,Subscription SUB-439e4346 is Past Due — $499.00/month outstanding.,REC_005,Subscription SUB-439e4346 is Past Due — $499.00/month outstanding.,$499.00 potential impact (score: 898.2),Escalate to finance for account hold review. Send formal payment demand notice and suspend non-critical features until resolved.,High
TRC-76666EDA4B,2026-05-07T23:36:41.657149+00:00,Recommendation,REC_005,Subscription SUB-054d88dd is Past Due — $499.00/month outstanding.,REC_005,Subscription SUB-054d88dd is Past Due — $499.00/month outstanding.,$499.00 potential impact (score: 898.2),Escalate to finance for account hold review. Send formal payment demand notice and suspend non-critical features until resolved.,High
TRC-D80047DEE4,2026-05-07T23:36:41.657154+00:00,Recommendation,REC_005,Subscription SUB-be7c13cb is Past Due — $499.00/month outstanding.,REC_005,Subscription SUB-be7c13cb is Past Due — $499.00/month outstanding.,$499.00 potential impact (score: 898.2),Escalate to finance for account hold review. Send formal payment demand notice and suspend non-critical features until resolved.,High
TRC-BE5377F9B0,2026-05-07T23:36:41.657159+00:00,Recommendation,REC_005,Subscription SUB-45893565 is Past Due — $499.00/month outstanding.,REC_005,Subscription SUB-45893565 is Past Due — $499.00/month outstanding.,$499.00 potential impact (score: 898.2),Escalate to finance for account hold review. Send formal payment demand notice and suspend non-critical features until resolved.,High
TRC-C709461D9B,2026-05-07T23:36:41.657164+00:00,Recommendation,REC_005,Subscription SUB-0ef7625b is Past Due — $499.00/month outstanding.,REC_005,Subscription SUB-0ef7625b is Past Due — $499.00/month outstanding.,$499.00 potential impact (score: 898.2),Escalate to finance for account hold review. Send formal payment demand notice and suspend non-critical features until resolved.,High
TRC-4048BB852F,2026-05-07T23:36:41.657168+00:00,Recommendation,REC_005,Subscription SUB-cc6fc317 is Past Due — $499.00/month outstanding.,REC_005,Subscription SUB-cc6fc317 is Past Due — $499.00/month outstanding.,$499.00 potential impact (score: 898.2),Escalate to finance for account hold review. Send formal payment demand notice and suspend non-critical features until resolved.,High
TRC-8EEB4CE67E,2026-05-07T23:36:41.657173+00:00,Recommendation,REC_005,Subscription SUB-99225591 is Past Due — $499.00/month outstanding.,REC_005,Subscription SUB-99225591 is Past Due — $499.00/month outstanding.,$499.00 potential impact (score: 898.2),Escalate to finance for account hold review. Send formal payment demand notice and suspend non-critical features until resolved.,High
TRC-F21AF36E82,2026-05-07T23:36:41.657177+00:00,Recommendation,REC_005,Subscription SUB-e02c1069 is Past Due — $499.00/month outstanding.,REC_005,Subscription SUB-e02c1069 is Past Due — $499.00/month outstanding.,$499.00 potential impact (score: 898.2),Escalate to finance for account hold review. Send formal payment demand notice and suspend non-critical features until resolved.,High
TRC-CEC83DDEB6,2026-05-07T23:36:41.657182+00:00,Recommendation,REC_005,Subscription SUB-5fcc086f is Past Due — $499.00/month outstanding.,REC_005,Subscription SUB-5fcc086f is Past Due — $499.00/month outstanding.,$499.00 potential impact (score: 898.2),Escalate to finance for account hold review. Send formal payment demand notice and suspend non-critical features until resolved.,High
TRC-01C5D8048B,2026-05-07T23:36:41.657187+00:00,Recommendation,REC_004,"Churn risk band: High. Drivers: Failed Payments, High Support Burden.",REC_004,"Churn risk band: High. Drivers: Failed Payments, High Support Burden.",$499.00 potential impact (score: 998.0),Contact customer directly to confirm payment details and offer alternative payment methods before the subscription lapses.,Medium
TRC-817119D84B,2026-05-07T23:36:41.657191+00:00,Recommendation,REC_004,Churn risk band: High. Drivers: Failed Payments.,REC_004,Churn risk band: High. Drivers: Failed Payments.,$499.00 potential impact (score: 998.0),Contact customer directly to confirm payment details and offer alternative payment methods before the subscription lapses.,Medium
TRC-FF03DA2C00,2026-05-07T23:36:41.657196+00:00,Recommendation,REC_004,Churn risk band: High. Drivers: Failed Payments.,REC_004,Churn risk band: High. Drivers: Failed Payments.,$499.00 potential impact (score: 998.0),Contact customer directly to confirm payment details and offer alternative payment methods before the subscription lapses.,Medium
TRC-3484E468B4,2026-05-07T23:36:41.657201+00:00,Recommendation,REC_004,Churn risk band: High. Drivers: Failed Payments.,REC_004,Churn risk band: High. Drivers: Failed Payments.,$499.00 potential impact (score: 998.0),Contact customer directly to confirm payment details and offer alternative payment methods before the subscription lapses.,Medium
TRC-DC655A2DBF,2026-05-07T23:36:41.657206+00:00,Recommendation,REC_004,Churn risk band: High. Drivers: Failed Payments.,REC_004,Churn risk band: High. Drivers: Failed Payments.,$499.00 potential impact (score: 998.0),Contact customer directly to confirm payment details and offer alternative payment methods before the subscription lapses.,Medium
TRC-4A6A91B097,2026-05-07T23:36:41.657211+00:00,Recommendation,REC_004,Churn risk band: High. Drivers: Failed Payments.,REC_004,Churn risk band: High. Drivers: Failed Payments.,$499.00 potential impact (score: 998.0),Contact customer directly to confirm payment details and offer alternative payment methods before the subscription lapses.,Medium
TRC-C1831BFD7E,2026-05-07T23:36:41.657216+00:00,Recommendation,REC_004,Churn risk band: High. Drivers: Failed Payments.,REC_004,Churn risk band: High. Drivers: Failed Payments.,$499.00 potential impact (score: 998.0),Contact customer directly to confirm payment details and offer alternative payment methods before the subscription lapses.,Medium
TRC-1910F92AFC,2026-05-07T23:36:41.657220+00:00,Recommendation,REC_004,Churn risk band: High. Drivers: Failed Payments.,REC_004,Churn risk band: High. Drivers: Failed Payments.,$499.00 potential impact (score: 998.0),Contact customer directly to confirm payment details and offer alternative payment methods before the subscription lapses.,Medium
TRC-3C10C5E238,2026-05-07T23:36:41.657225+00:00,Recommendation,REC_004,Churn risk band: High. Drivers: Failed Payments.,REC_004,Churn risk band: High. Drivers: Failed Payments.,$499.00 potential impact (score: 998.0),Contact customer directly to confirm payment details and offer alternative payment methods before the subscription lapses.,Medium
TRC-6EDE988BA8,2026-05-07T23:36:41.657231+00:00,Recommendation,REC_004,"Churn risk band: High. Drivers: Failed Payments, High Support Burden.",REC_004,"Churn risk band: High. Drivers: Failed Payments, High Support Burden.",$499.00 potential impact (score: 998.0),Contact customer directly to confirm payment details and offer alternative payment methods before the subscription lapses.,Medium
TRC-9CBFCEEC39,2026-05-07T23:36:41.657236+00:00,Recommendation,REC_004,Churn risk band: High. Drivers: Failed Payments.,REC_004,Churn risk band: High. Drivers: Failed Payments.,$499.00 potential impact (score: 998.0),Contact customer directly to confirm payment details and offer alternative payment methods before the subscription lapses.,Medium
TRC-C66FBEC47E,2026-05-07T23:36:41.657241+00:00,Recommendation,REC_004,"Churn risk band: High. Drivers: Failed Payments, High Support Burden.",REC_004,"Churn risk band: High. Drivers: Failed Payments, High Support Burden.",$499.00 potential impact (score: 998.0),Contact customer directly to confirm payment details and offer alternative payment methods before the subscription lapses.,Medium
TRC-0D8F57952E,2026-05-07T23:36:41.657246+00:00,Recommendation,REC_004,"Churn risk band: High. Drivers: Failed Payments, High Support Burden.",REC_004,"Churn risk band: High. Drivers: Failed Payments, High Support Burden.",$499.00 potential impact (score: 998.0),Contact customer directly to confirm payment details and offer alternative payment methods before the subscription lapses.,Medium
TRC-FE15ACD0F2,2026-05-07T23:36:41.657251+00:00,Recommendation,REC_004,Churn risk band: High. Drivers: Failed Payments.,REC_004,Churn risk band: High. Drivers: Failed Payments.,$499.00 potential impact (score: 998.0),Contact customer directly to confirm payment details and offer alternative payment methods before the subscription lapses.,Medium
TRC-6CD59929F9,2026-05-07T23:36:41.657256+00:00,Recommendation,REC_004,"Churn risk band: High. Drivers: Failed Payments, High Support Burden.",REC_004,"Churn risk band: High. Drivers: Failed Payments, High Support Burden.",$499.00 potential impact (score: 998.0),Contact customer directly to confirm payment details and offer alternative payment methods before the subscription lapses.,Medium
TRC-458F5C153B,2026-05-07T23:36:41.657261+00:00,Recommendation,REC_004,Churn risk band: High. Drivers: Failed Payments.,REC_004,Churn risk band: High. Drivers: Failed Payments.,$499.00 potential impact (score: 998.0),Contact customer directly to confirm payment details and offer alternative payment methods before the subscription lapses.,Medium
TRC-C66FD8941A,2026-05-07T23:36:41.657266+00:00,Recommendation,REC_004,Churn risk band: High. Drivers: Failed Payments.,REC_004,Churn risk band: High. Drivers: Failed Payments.,$499.00 potential impact (score: 998.0),Contact customer directly to confirm payment details and offer alternative payment methods before the subscription lapses.,Medium
TRC-007B660625,2026-05-07T23:36:41.657271+00:00,Recommendation,REC_004,"Churn risk band: High. Drivers: Failed Payments, High Support Burden.",REC_004,"Churn risk band: High. Drivers: Failed Payments, High Support Burden.",$499.00 potential impact (score: 998.0),Contact customer directly to confirm payment details and offer alternative payment methods before the subscription lapses.,Medium
TRC-E796BA0DAB,2026-05-07T23:36:41.657276+00:00,Recommendation,REC_004,Churn risk band: High. Drivers: Failed Payments.,REC_004,Churn risk band: High. Drivers: Failed Payments.,$499.00 potential impact (score: 998.0),Contact customer directly to confirm payment details and offer alternative payment methods before the subscription lapses.,Medium
TRC-9935B80178,2026-05-07T23:36:41.657280+00:00,Recommendation,REC_004,"Churn risk band: High. Drivers: Failed Payments, High Support Burden.",REC_004,"Churn risk band: High. Drivers: Failed Payments, High Support Burden.",$499.00 potential impact (score: 998.0),Contact customer directly to confirm payment details and offer alternative payment methods before the subscription lapses.,Medium
TRC-F4E5694E5A,2026-05-07T23:36:41.657286+00:00,Recommendation,REC_004,Churn risk band: High. Drivers: Failed Payments.,REC_004,Churn risk band: High. Drivers: Failed Payments.,$499.00 potential impact (score: 998.0),Contact customer directly to confirm payment details and offer alternative payment methods before the subscription lapses.,Medium
TRC-7F8E7D75A6,2026-05-07T23:36:41.657291+00:00,Recommendation,REC_004,Churn risk band: High. Drivers: Failed Payments.,REC_004,Churn risk band: High. Drivers: Failed Payments.,$499.00 potential impact (score: 998.0),Contact customer directly to confirm payment details and offer alternative payment methods before the subscription lapses.,Medium
TRC-94C592C238,2026-05-07T23:36:41.657296+00:00,Recommendation,REC_004,Churn risk band: High. Drivers: Failed Payments.,REC_004,Churn risk band: High. Drivers: Failed Payments.,$499.00 potential impact (score: 998.0),Contact customer directly to confirm payment details and offer alternative payment methods before the subscription lapses.,Medium
TRC-EE8646E341,2026-05-07T23:36:41.657301+00:00,Recommendation,REC_004,Churn risk band: High. Drivers: Failed Payments.,REC_004,Churn risk band: High. Drivers: Failed Payments.,$499.00 potential impact (score: 998.0),Contact customer directly to confirm payment details and offer alternative payment methods before the subscription lapses.,Medium
TRC-EC49626409,2026-05-07T23:36:41.657306+00:00,Recommendation,REC_004,"Churn risk band: Critical. Drivers: Low NPS, Failed Payments, High Support Burden.",REC_004,"Churn risk band: Critical. Drivers: Low NPS, Failed Payments, High Support Burden.",$499.00 potential impact (score: 998.0),Contact customer directly to confirm payment details and offer alternative payment methods before the subscription lapses.,Medium
TRC-410BD8B41E,2026-05-07T23:36:41.657311+00:00,Recommendation,REC_004,Churn risk band: High. Drivers: Failed Payments.,REC_004,Churn risk band: High. Drivers: Failed Payments.,$499.00 potential impact (score: 998.0),Contact customer directly to confirm payment details and offer alternative payment methods before the subscription lapses.,Medium
TRC-AAD255B8B7,2026-05-07T23:36:41.657315+00:00,Recommendation,REC_004,"Churn risk band: High. Drivers: Failed Payments, High Support Burden.",REC_004,"Churn risk band: High. Drivers: Failed Payments, High Support Burden.",$499.00 potential impact (score: 998.0),Contact customer directly to confirm payment details and offer alternative payment methods before the subscription lapses.,Medium
TRC-8F2AB05DE9,2026-05-07T23:36:41.657320+00:00,Recommendation,REC_004,"Churn risk band: High. Drivers: Failed Payments, High Support Burden.",REC_004,"Churn risk band: High. Drivers: Failed Payments, High Support Burden.",$499.00 potential impact (score: 998.0),Contact customer directly to confirm payment details and offer alternative payment methods before the subscription lapses.,Medium
TRC-B9DF57EDE3,2026-05-07T23:36:41.657325+00:00,Recommendation,REC_004,Churn risk band: High. Drivers: Failed Payments.,REC_004,Churn risk band: High. Drivers: Failed Payments.,$499.00 potential impact (score: 998.0),Contact customer directly to confirm payment details and offer alternative payment methods before the subscription lapses.,Medium
TRC-46B6A1B489,2026-05-07T23:36:41.657330+00:00,Recommendation,REC_004,Churn risk band: High. Drivers: Failed Payments.,REC_004,Churn risk band: High. Drivers: Failed Payments.,$499.00 potential impact (score: 998.0),Contact customer directly to confirm payment details and offer alternative payment methods before the subscription lapses.,Medium
TRC-EACAA59429,2026-05-07T23:36:41.657334+00:00,Recommendation,REC_004,"Churn risk band: High. Drivers: Failed Payments, High Support Burden.",REC_004,"Churn risk band: High. Drivers: Failed Payments, High Support Burden.",$499.00 potential impact (score: 998.0),Contact customer directly to confirm payment details and offer alternative payment methods before the subscription lapses.,Medium
TRC-10B5292D28,2026-05-07T23:36:41.657339+00:00,Recommendation,REC_004,Churn risk band: High. Drivers: Failed Payments.,REC_004,Churn risk band: High. Drivers: Failed Payments.,$499.00 potential impact (score: 998.0),Contact customer directly to confirm payment details and offer alternative payment methods before the subscription lapses.,Medium
TRC-0D9C5F5B14,2026-05-07T23:36:41.657344+00:00,Recommendation,REC_004,Churn risk band: High. Drivers: Failed Payments.,REC_004,Churn risk band: High. Drivers: Failed Payments.,$499.00 potential impact (score: 998.0),Contact customer directly to confirm payment details and offer alternative payment methods before the subscription lapses.,Medium
TRC-2B70C9D8B8,2026-05-07T23:36:41.657349+00:00,Recommendation,REC_004,Churn risk band: High. Drivers: Failed Payments.,REC_004,Churn risk band: High. Drivers: Failed Payments.,$499.00 potential impact (score: 998.0),Contact customer directly to confirm payment details and offer alternative payment methods before the subscription lapses.,Medium
TRC-F11249BC5D,2026-05-07T23:36:41.657354+00:00,Recommendation,REC_004,Churn risk band: High. Drivers: Failed Payments.,REC_004,Churn risk band: High. Drivers: Failed Payments.,$499.00 potential impact (score: 998.0),Contact customer directly to confirm payment details and offer alternative payment methods before the subscription lapses.,Medium
TRC-2F8B964EF6,2026-05-07T23:36:41.657358+00:00,Recommendation,REC_004,"Churn risk band: High. Drivers: Failed Payments, High Support Burden.",REC_004,"Churn risk band: High. Drivers: Failed Payments, High Support Burden.",$499.00 potential impact (score: 998.0),Contact customer directly to confirm payment details and offer alternative payment methods before the subscription lapses.,Medium
TRC-8AEAFDDEC4,2026-05-07T23:36:41.657363+00:00,Recommendation,REC_004,Churn risk band: High. Drivers: Failed Payments.,REC_004,Churn risk band: High. Drivers: Failed Payments.,$499.00 potential impact (score: 998.0),Contact customer directly to confirm payment details and offer alternative payment methods before the subscription lapses.,Medium
TRC-FA638BEEE5,2026-05-07T23:36:41.657368+00:00,Recommendation,REC_004,Churn risk band: High. Drivers: Failed Payments.,REC_004,Churn risk band: High. Drivers: Failed Payments.,$499.00 potential impact (score: 998.0),Contact customer directly to confirm payment details and offer alternative payment methods before the subscription lapses.,Medium
TRC-FEBADEF25E,2026-05-07T23:36:41.657372+00:00,Recommendation,REC_004,"Churn risk band: High. Drivers: Failed Payments, High Support Burden.",REC_004,"Churn risk band: High. Drivers: Failed Payments, High Support Burden.",$499.00 potential impact (score: 998.0),Contact customer directly to confirm payment details and offer alternative payment methods before the subscription lapses.,Medium
TRC-24A6398A62,2026-05-07T23:36:41.657377+00:00,Recommendation,REC_004,"Churn risk band: High. Drivers: Failed Payments, High Support Burden.",REC_004,"Churn risk band: High. Drivers: Failed Payments, High Support Burden.",$499.00 potential impact (score: 998.0),Contact customer directly to confirm payment details and offer alternative payment methods before the subscription lapses.,Medium
TRC-2FEC1004BF,2026-05-07T23:36:41.657382+00:00,Recommendation,REC_004,Churn risk band: High. Drivers: Failed Payments.,REC_004,Churn risk band: High. Drivers: Failed Payments.,$499.00 potential impact (score: 998.0),Contact customer directly to confirm payment details and offer alternative payment methods before the subscription lapses.,Medium
TRC-502645BC2B,2026-05-07T23:36:41.657386+00:00,Recommendation,REC_004,Churn risk band: High. Drivers: Failed Payments.,REC_004,Churn risk band: High. Drivers: Failed Payments.,$499.00 potential impact (score: 998.0),Contact customer directly to confirm payment details and offer alternative payment methods before the subscription lapses.,Medium
TRC-AA407F0D51,2026-05-07T23:36:41.657391+00:00,Recommendation,REC_004,"Churn risk band: High. Drivers: Failed Payments, High Support Burden.",REC_004,"Churn risk band: High. Drivers: Failed Payments, High Support Burden.",$499.00 potential impact (score: 998.0),Contact customer directly to confirm payment details and offer alternative payment methods before the subscription lapses.,Medium
TRC-CB18E19A6D,2026-05-07T23:36:41.657395+00:00,Recommendation,REC_004,"Churn risk band: Critical. Drivers: Low NPS, Failed Payments, High Support Burden.",REC_004,"Churn risk band: Critical. Drivers: Low NPS, Failed Payments, High Support Burden.",$499.00 potential impact (score: 998.0),Contact customer directly to confirm payment details and offer alternative payment methods before the subscription lapses.,Medium
TRC-48FA02C78F,2026-05-07T23:36:41.657400+00:00,Recommendation,REC_004,"Churn risk band: High. Drivers: Failed Payments, High Support Burden.",REC_004,"Churn risk band: High. Drivers: Failed Payments, High Support Burden.",$499.00 potential impact (score: 998.0),Contact customer directly to confirm payment details and offer alternative payment methods before the subscription lapses.,Medium
TRC-0B46AC31C5,2026-05-07T23:36:41.657405+00:00,Recommendation,REC_004,"Churn risk band: High. Drivers: Failed Payments, High Support Burden.",REC_004,"Churn risk band: High. Drivers: Failed Payments, High Support Burden.",$499.00 potential impact (score: 998.0),Contact customer directly to confirm payment details and offer alternative payment methods before the subscription lapses.,Medium
TRC-C6E9175789,2026-05-07T23:36:41.657410+00:00,Recommendation,REC_004,Churn risk band: High. Drivers: Failed Payments.,REC_004,Churn risk band: High. Drivers: Failed Payments.,$499.00 potential impact (score: 998.0),Contact customer directly to confirm payment details and offer alternative payment methods before the subscription lapses.,Medium
TRC-E97B76D196,2026-05-07T23:36:41.657415+00:00,Recommendation,REC_004,Churn risk band: High. Drivers: Failed Payments.,REC_004,Churn risk band: High. Drivers: Failed Payments.,$499.00 potential impact (score: 998.0),Contact customer directly to confirm payment details and offer alternative payment methods before the subscription lapses.,Medium
TRC-A00DE257FF,2026-05-07T23:36:41.657419+00:00,Recommendation,REC_004,Churn risk band: High. Drivers: Failed Payments.,REC_004,Churn risk band: High. Drivers: Failed Payments.,$499.00 potential impact (score: 998.0),Contact customer directly to confirm payment details and offer alternative payment methods before the subscription lapses.,Medium
TRC-0E4B70983A,2026-05-07T23:36:41.657424+00:00,Recommendation,REC_004,Churn risk band: High. Drivers: Failed Payments.,REC_004,Churn risk band: High. Drivers: Failed Payments.,$499.00 potential impact (score: 998.0),Contact customer directly to confirm payment details and offer alternative payment methods before the subscription lapses.,Medium
TRC-35227E664E,2026-05-07T23:36:41.657429+00:00,Recommendation,REC_004,"Churn risk band: High. Drivers: Low NPS, Failed Payments.",REC_004,"Churn risk band: High. Drivers: Low NPS, Failed Payments.",$499.00 potential impact (score: 998.0),Contact customer directly to confirm payment details and offer alternative payment methods before the subscription lapses.,Medium
TRC-6EE1B3526A,2026-05-07T23:36:41.657434+00:00,Recommendation,REC_004,Churn risk band: High. Drivers: Failed Payments.,REC_004,Churn risk band: High. Drivers: Failed Payments.,$499.00 potential impact (score: 998.0),Contact customer directly to confirm payment details and offer alternative payment methods before the subscription lapses.,Medium
TRC-37B6A6A361,2026-05-07T23:36:41.657438+00:00,Recommendation,REC_004,Churn risk band: High. Drivers: Failed Payments.,REC_004,Churn risk band: High. Drivers: Failed Payments.,$499.00 potential impact (score: 998.0),Contact customer directly to confirm payment details and offer alternative payment methods before the subscription lapses.,Medium
TRC-BE1F643677,2026-05-07T23:36:41.657443+00:00,Recommendation,REC_004,Churn risk band: High. Drivers: Failed Payments.,REC_004,Churn risk band: High. Drivers: Failed Payments.,$499.00 potential impact (score: 998.0),Contact customer directly to confirm payment details and offer alternative payment methods before the subscription lapses.,Medium
TRC-E23CB09DDF,2026-05-07T23:36:41.657447+00:00,Recommendation,REC_004,"Churn risk band: High. Drivers: Failed Payments, High Support Burden.",REC_004,"Churn risk band: High. Drivers: Failed Payments, High Support Burden.",$499.00 potential impact (score: 998.0),Contact customer directly to confirm payment details and offer alternative payment methods before the subscription lapses.,Medium
TRC-EA10DFC33B,2026-05-07T23:36:41.657452+00:00,Recommendation,REC_004,"Churn risk band: High. Drivers: Failed Payments, High Support Burden.",REC_004,"Churn risk band: High. Drivers: Failed Payments, High Support Burden.",$499.00 potential impact (score: 998.0),Contact customer directly to confirm payment details and offer alternative payment methods before the subscription lapses.,Medium
TRC-B444A84CB6,2026-05-07T23:36:41.657457+00:00,Recommendation,REC_004,Churn risk band: High. Drivers: Failed Payments.,REC_004,Churn risk band: High. Drivers: Failed Payments.,$499.00 potential impact (score: 998.0),Contact customer directly to confirm payment details and offer alternative payment methods before the subscription lapses.,Medium
TRC-8B36EDC2C1,2026-05-07T23:36:41.657461+00:00,Recommendation,REC_004,"Churn risk band: High. Drivers: Failed Payments, High Support Burden.",REC_004,"Churn risk band: High. Drivers: Failed Payments, High Support Burden.",$499.00 potential impact (score: 998.0),Contact customer directly to confirm payment details and offer alternative payment methods before the subscription lapses.,Medium
TRC-8EBD4FE5B2,2026-05-07T23:36:41.657466+00:00,Recommendation,REC_004,"Churn risk band: High. Drivers: Failed Payments, High Support Burden.",REC_004,"Churn risk band: High. Drivers: Failed Payments, High Support Burden.",$499.00 potential impact (score: 998.0),Contact customer directly to confirm payment details and offer alternative payment methods before the subscription lapses.,Medium
TRC-B6E4D21F6D,2026-05-07T23:36:41.657470+00:00,Recommendation,REC_004,Churn risk band: High. Drivers: Failed Payments.,REC_004,Churn risk band: High. Drivers: Failed Payments.,$499.00 potential impact (score: 998.0),Contact customer directly to confirm payment details and offer alternative payment methods before the subscription lapses.,Medium
TRC-DC34089094,2026-05-07T23:36:41.657475+00:00,Recommendation,REC_004,Churn risk band: High. Drivers: Failed Payments.,REC_004,Churn risk band: High. Drivers: Failed Payments.,$499.00 potential impact (score: 998.0),Contact customer directly to confirm payment details and offer alternative payment methods before the subscription lapses.,Medium
TRC-A0F778B712,2026-05-07T23:36:41.657480+00:00,Recommendation,REC_004,"Churn risk band: High. Drivers: Failed Payments, High Support Burden.",REC_004,"Churn risk band: High. Drivers: Failed Payments, High Support Burden.",$499.00 potential impact (score: 998.0),Contact customer directly to confirm payment details and offer alternative payment methods before the subscription lapses.,Medium
TRC-99CFE777C0,2026-05-07T23:36:41.657484+00:00,Recommendation,REC_004,"Churn risk band: High. Drivers: Failed Payments, High Support Burden.",REC_004,"Churn risk band: High. Drivers: Failed Payments, High Support Burden.",$499.00 potential impact (score: 998.0),Contact customer directly to confirm payment details and offer alternative payment methods before the subscription lapses.,Medium
TRC-A3A30A4112,2026-05-07T23:36:41.657489+00:00,Recommendation,REC_002,2 failed transaction(s) totalling $398.00.,REC_002,2 failed transaction(s) totalling $398.00.,$398.00 potential impact (score: 756.2),"Trigger dunning sequence: retry payment after 3 days, send payment update email after 5 days, escalate to CSM after 10 days.",High
TRC-EEA023929F,2026-05-07T23:36:41.657494+00:00,Recommendation,REC_002,2 failed transaction(s) totalling $398.00.,REC_002,2 failed transaction(s) totalling $398.00.,$398.00 potential impact (score: 756.2),"Trigger dunning sequence: retry payment after 3 days, send payment update email after 5 days, escalate to CSM after 10 days.",High
TRC-217770CDE5,2026-05-07T23:36:41.657498+00:00,Recommendation,REC_002,2 failed transaction(s) totalling $398.00.,REC_002,2 failed transaction(s) totalling $398.00.,$398.00 potential impact (score: 756.2),"Trigger dunning sequence: retry payment after 3 days, send payment update email after 5 days, escalate to CSM after 10 days.",High
TRC-25BBD9511C,2026-05-07T23:36:41.657503+00:00,Recommendation,REC_002,2 failed transaction(s) totalling $398.00.,REC_002,2 failed transaction(s) totalling $398.00.,$398.00 potential impact (score: 756.2),"Trigger dunning sequence: retry payment after 3 days, send payment update email after 5 days, escalate to CSM after 10 days.",High
TRC-01DFA6EEB4,2026-05-07T23:36:41.657508+00:00,Recommendation,REC_002,2 failed transaction(s) totalling $398.00.,REC_002,2 failed transaction(s) totalling $398.00.,$398.00 potential impact (score: 756.2),"Trigger dunning sequence: retry payment after 3 days, send payment update email after 5 days, escalate to CSM after 10 days.",High
TRC-C3BA69183C,2026-05-07T23:36:41.657512+00:00,Recommendation,REC_002,2 failed transaction(s) totalling $398.00.,REC_002,2 failed transaction(s) totalling $398.00.,$398.00 potential impact (score: 756.2),"Trigger dunning sequence: retry payment after 3 days, send payment update email after 5 days, escalate to CSM after 10 days.",High
TRC-48EF4CDA62,2026-05-07T23:36:41.657517+00:00,Recommendation,REC_002,2 failed transaction(s) totalling $398.00.,REC_002,2 failed transaction(s) totalling $398.00.,$398.00 potential impact (score: 756.2),"Trigger dunning sequence: retry payment after 3 days, send payment update email after 5 days, escalate to CSM after 10 days.",High
TRC-FB9874FBC3,2026-05-07T23:36:41.657521+00:00,Recommendation,REC_002,2 failed transaction(s) totalling $398.00.,REC_002,2 failed transaction(s) totalling $398.00.,$398.00 potential impact (score: 756.2),"Trigger dunning sequence: retry payment after 3 days, send payment update email after 5 days, escalate to CSM after 10 days.",High
TRC-315E964278,2026-05-07T23:36:41.657526+00:00,Recommendation,REC_002,2 failed transaction(s) totalling $398.00.,REC_002,2 failed transaction(s) totalling $398.00.,$398.00 potential impact (score: 756.2),"Trigger dunning sequence: retry payment after 3 days, send payment update email after 5 days, escalate to CSM after 10 days.",High
TRC-EA65CAF908,2026-05-07T23:36:41.657531+00:00,Recommendation,REC_002,2 failed transaction(s) totalling $398.00.,REC_002,2 failed transaction(s) totalling $398.00.,$398.00 potential impact (score: 756.2),"Trigger dunning sequence: retry payment after 3 days, send payment update email after 5 days, escalate to CSM after 10 days.",High
TRC-639D4C7CDD,2026-05-07T23:36:41.657536+00:00,Recommendation,REC_002,2 failed transaction(s) totalling $398.00.,REC_002,2 failed transaction(s) totalling $398.00.,$398.00 potential impact (score: 756.2),"Trigger dunning sequence: retry payment after 3 days, send payment update email after 5 days, escalate to CSM after 10 days.",High
TRC-5F44562472,2026-05-07T23:36:41.657540+00:00,Recommendation,REC_002,2 failed transaction(s) totalling $398.00.,REC_002,2 failed transaction(s) totalling $398.00.,$398.00 potential impact (score: 756.2),"Trigger dunning sequence: retry payment after 3 days, send payment update email after 5 days, escalate to CSM after 10 days.",High
TRC-814DFD1EF9,2026-05-07T23:36:41.657545+00:00,Recommendation,REC_002,2 failed transaction(s) totalling $398.00.,REC_002,2 failed transaction(s) totalling $398.00.,$398.00 potential impact (score: 756.2),"Trigger dunning sequence: retry payment after 3 days, send payment update email after 5 days, escalate to CSM after 10 days.",High
TRC-DF441A5684,2026-05-07T23:36:41.657549+00:00,Recommendation,REC_002,2 failed transaction(s) totalling $398.00.,REC_002,2 failed transaction(s) totalling $398.00.,$398.00 potential impact (score: 756.2),"Trigger dunning sequence: retry payment after 3 days, send payment update email after 5 days, escalate to CSM after 10 days.",High
TRC-A5F942E58E,2026-05-07T23:36:41.657554+00:00,Recommendation,REC_002,2 failed transaction(s) totalling $398.00.,REC_002,2 failed transaction(s) totalling $398.00.,$398.00 potential impact (score: 756.2),"Trigger dunning sequence: retry payment after 3 days, send payment update email after 5 days, escalate to CSM after 10 days.",High
TRC-9804D36D59,2026-05-07T23:36:41.657559+00:00,Recommendation,REC_002,2 failed transaction(s) totalling $398.00.,REC_002,2 failed transaction(s) totalling $398.00.,$398.00 potential impact (score: 756.2),"Trigger dunning sequence: retry payment after 3 days, send payment update email after 5 days, escalate to CSM after 10 days.",High
TRC-A9CE55E1BC,2026-05-07T23:36:41.657563+00:00,Recommendation,REC_002,2 failed transaction(s) totalling $398.00.,REC_002,2 failed transaction(s) totalling $398.00.,$398.00 potential impact (score: 756.2),"Trigger dunning sequence: retry payment after 3 days, send payment update email after 5 days, escalate to CSM after 10 days.",High
TRC-EF80909BA7,2026-05-07T23:36:41.657568+00:00,Recommendation,REC_002,2 failed transaction(s) totalling $398.00.,REC_002,2 failed transaction(s) totalling $398.00.,$398.00 potential impact (score: 756.2),"Trigger dunning sequence: retry payment after 3 days, send payment update email after 5 days, escalate to CSM after 10 days.",High
TRC-CDF7ED3739,2026-05-07T23:36:41.657573+00:00,Recommendation,REC_002,2 failed transaction(s) totalling $398.00.,REC_002,2 failed transaction(s) totalling $398.00.,$398.00 potential impact (score: 756.2),"Trigger dunning sequence: retry payment after 3 days, send payment update email after 5 days, escalate to CSM after 10 days.",High
TRC-1B420CFAD2,2026-05-07T23:36:41.657577+00:00,Recommendation,REC_002,2 failed transaction(s) totalling $398.00.,REC_002,2 failed transaction(s) totalling $398.00.,$398.00 potential impact (score: 756.2),"Trigger dunning sequence: retry payment after 3 days, send payment update email after 5 days, escalate to CSM after 10 days.",High
TRC-F52550076F,2026-05-07T23:36:41.657582+00:00,Recommendation,REC_002,2 failed transaction(s) totalling $398.00.,REC_002,2 failed transaction(s) totalling $398.00.,$398.00 potential impact (score: 756.2),"Trigger dunning sequence: retry payment after 3 days, send payment update email after 5 days, escalate to CSM after 10 days.",High
TRC-9DEE2C8FBE,2026-05-07T23:36:41.657587+00:00,Recommendation,REC_002,2 failed transaction(s) totalling $398.00.,REC_002,2 failed transaction(s) totalling $398.00.,$398.00 potential impact (score: 756.2),"Trigger dunning sequence: retry payment after 3 days, send payment update email after 5 days, escalate to CSM after 10 days.",High
TRC-73B4FBA2E1,2026-05-07T23:36:41.657592+00:00,Recommendation,REC_002,2 failed transaction(s) totalling $398.00.,REC_002,2 failed transaction(s) totalling $398.00.,$398.00 potential impact (score: 756.2),"Trigger dunning sequence: retry payment after 3 days, send payment update email after 5 days, escalate to CSM after 10 days.",High
TRC-2537EC91B1,2026-05-07T23:36:41.657596+00:00,Recommendation,REC_002,2 failed transaction(s) totalling $398.00.,REC_002,2 failed transaction(s) totalling $398.00.,$398.00 potential impact (score: 756.2),"Trigger dunning sequence: retry payment after 3 days, send payment update email after 5 days, escalate to CSM after 10 days.",High
TRC-3F14EEB3A5,2026-05-07T23:36:41.657601+00:00,Recommendation,REC_002,2 failed transaction(s) totalling $398.00.,REC_002,2 failed transaction(s) totalling $398.00.,$398.00 potential impact (score: 756.2),"Trigger dunning sequence: retry payment after 3 days, send payment update email after 5 days, escalate to CSM after 10 days.",High
TRC-B74F24C055,2026-05-07T23:36:41.657606+00:00,Recommendation,REC_002,2 failed transaction(s) totalling $398.00.,REC_002,2 failed transaction(s) totalling $398.00.,$398.00 potential impact (score: 756.2),"Trigger dunning sequence: retry payment after 3 days, send payment update email after 5 days, escalate to CSM after 10 days.",High
TRC-808113ACBE,2026-05-07T23:36:41.657610+00:00,Recommendation,REC_006,"Churn risk band: Critical. Drivers: Low NPS, Failed Payments, High Support Burden.",REC_006,"Churn risk band: Critical. Drivers: Low NPS, Failed Payments, High Support Burden.",$499.00 potential impact (score: 935.6),Immediate CSM outreach. Conduct health-check call and offer feature enablement session to re-establish value.,Medium
TRC-3A1FB67906,2026-05-07T23:36:41.657615+00:00,Recommendation,REC_002,5 failed transaction(s) totalling $245.00.,REC_002,5 failed transaction(s) totalling $245.00.,$245.00 potential impact (score: 465.5),"Trigger dunning sequence: retry payment after 3 days, send payment update email after 5 days, escalate to CSM after 10 days.",High
TRC-480658D7D3,2026-05-07T23:36:41.657620+00:00,Recommendation,REC_002,1 failed transaction(s) totalling $199.00.,REC_002,1 failed transaction(s) totalling $199.00.,$199.00 potential impact (score: 378.1),"Trigger dunning sequence: retry payment after 3 days, send payment update email after 5 days, escalate to CSM after 10 days.",High
TRC-7973B1272D,2026-05-07T23:36:41.657625+00:00,Recommendation,REC_002,1 failed transaction(s) totalling $199.00.,REC_002,1 failed transaction(s) totalling $199.00.,$199.00 potential impact (score: 378.1),"Trigger dunning sequence: retry payment after 3 days, send payment update email after 5 days, escalate to CSM after 10 days.",High
TRC-2426E565E8,2026-05-07T23:36:41.657629+00:00,Recommendation,REC_002,1 failed transaction(s) totalling $199.00.,REC_002,1 failed transaction(s) totalling $199.00.,$199.00 potential impact (score: 378.1),"Trigger dunning sequence: retry payment after 3 days, send payment update email after 5 days, escalate to CSM after 10 days.",High
TRC-3242A39284,2026-05-07T23:36:41.657634+00:00,Recommendation,REC_002,1 failed transaction(s) totalling $199.00.,REC_002,1 failed transaction(s) totalling $199.00.,$199.00 potential impact (score: 378.1),"Trigger dunning sequence: retry payment after 3 days, send payment update email after 5 days, escalate to CSM after 10 days.",High
TRC-2456A62C9E,2026-05-07T23:36:41.657639+00:00,Recommendation,REC_002,1 failed transaction(s) totalling $199.00.,REC_002,1 failed transaction(s) totalling $199.00.,$199.00 potential impact (score: 378.1),"Trigger dunning sequence: retry payment after 3 days, send payment update email after 5 days, escalate to CSM after 10 days.",High
TRC-997290C1CC,2026-05-07T23:36:41.657644+00:00,Recommendation,REC_002,1 failed transaction(s) totalling $199.00.,REC_002,1 failed transaction(s) totalling $199.00.,$199.00 potential impact (score: 378.1),"Trigger dunning sequence: retry payment after 3 days, send payment update email after 5 days, escalate to CSM after 10 days.",High
TRC-3954E6954C,2026-05-07T23:36:41.657648+00:00,Recommendation,REC_002,1 failed transaction(s) totalling $199.00.,REC_002,1 failed transaction(s) totalling $199.00.,$199.00 potential impact (score: 378.1),"Trigger dunning sequence: retry payment after 3 days, send payment update email after 5 days, escalate to CSM after 10 days.",High
TRC-5980213039,2026-05-07T23:36:41.657653+00:00,Recommendation,REC_002,1 failed transaction(s) totalling $199.00.,REC_002,1 failed transaction(s) totalling $199.00.,$199.00 potential impact (score: 378.1),"Trigger dunning sequence: retry payment after 3 days, send payment update email after 5 days, escalate to CSM after 10 days.",High
TRC-C1598FEF76,2026-05-07T23:36:41.657658+00:00,Recommendation,REC_002,1 failed transaction(s) totalling $199.00.,REC_002,1 failed transaction(s) totalling $199.00.,$199.00 potential impact (score: 378.1),"Trigger dunning sequence: retry payment after 3 days, send payment update email after 5 days, escalate to CSM after 10 days.",High
TRC-16D9389FAF,2026-05-07T23:36:41.657662+00:00,Recommendation,REC_002,1 failed transaction(s) totalling $199.00.,REC_002,1 failed transaction(s) totalling $199.00.,$199.00 potential impact (score: 378.1),"Trigger dunning sequence: retry payment after 3 days, send payment update email after 5 days, escalate to CSM after 10 days.",High
TRC-7849B41768,2026-05-07T23:36:41.657667+00:00,Recommendation,REC_002,1 failed transaction(s) totalling $199.00.,REC_002,1 failed transaction(s) totalling $199.00.,$199.00 potential impact (score: 378.1),"Trigger dunning sequence: retry payment after 3 days, send payment update email after 5 days, escalate to CSM after 10 days.",High
TRC-D7AE915FAF,2026-05-07T23:36:41.657671+00:00,Recommendation,REC_002,1 failed transaction(s) totalling $199.00.,REC_002,1 failed transaction(s) totalling $199.00.,$199.00 potential impact (score: 378.1),"Trigger dunning sequence: retry payment after 3 days, send payment update email after 5 days, escalate to CSM after 10 days.",High
TRC-F1D0F74D09,2026-05-07T23:36:41.657676+00:00,Recommendation,REC_002,1 failed transaction(s) totalling $199.00.,REC_002,1 failed transaction(s) totalling $199.00.,$199.00 potential impact (score: 378.1),"Trigger dunning sequence: retry payment after 3 days, send payment update email after 5 days, escalate to CSM after 10 days.",High
TRC-1E59ABD11C,2026-05-07T23:36:41.657680+00:00,Recommendation,REC_002,1 failed transaction(s) totalling $199.00.,REC_002,1 failed transaction(s) totalling $199.00.,$199.00 potential impact (score: 378.1),"Trigger dunning sequence: retry payment after 3 days, send payment update email after 5 days, escalate to CSM after 10 days.",High
TRC-9F41975325,2026-05-07T23:36:41.657685+00:00,Recommendation,REC_002,1 failed transaction(s) totalling $199.00.,REC_002,1 failed transaction(s) totalling $199.00.,$199.00 potential impact (score: 378.1),"Trigger dunning sequence: retry payment after 3 days, send payment update email after 5 days, escalate to CSM after 10 days.",High
TRC-44B70FEAF1,2026-05-07T23:36:41.657690+00:00,Recommendation,REC_002,1 failed transaction(s) totalling $199.00.,REC_002,1 failed transaction(s) totalling $199.00.,$199.00 potential impact (score: 378.1),"Trigger dunning sequence: retry payment after 3 days, send payment update email after 5 days, escalate to CSM after 10 days.",High
TRC-9ED539834E,2026-05-07T23:36:41.657694+00:00,Recommendation,REC_002,1 failed transaction(s) totalling $199.00.,REC_002,1 failed transaction(s) totalling $199.00.,$199.00 potential impact (score: 378.1),"Trigger dunning sequence: retry payment after 3 days, send payment update email after 5 days, escalate to CSM after 10 days.",High
TRC-E36FC8C9F6,2026-05-07T23:36:41.657699+00:00,Recommendation,REC_002,1 failed transaction(s) totalling $199.00.,REC_002,1 failed transaction(s) totalling $199.00.,$199.00 potential impact (score: 378.1),"Trigger dunning sequence: retry payment after 3 days, send payment update email after 5 days, escalate to CSM after 10 days.",High
TRC-2934E5F6A5,2026-05-07T23:36:41.657703+00:00,Recommendation,REC_002,1 failed transaction(s) totalling $199.00.,REC_002,1 failed transaction(s) totalling $199.00.,$199.00 potential impact (score: 378.1),"Trigger dunning sequence: retry payment after 3 days, send payment update email after 5 days, escalate to CSM after 10 days.",High
TRC-B9AC82DB43,2026-05-07T23:36:41.657708+00:00,Recommendation,REC_002,1 failed transaction(s) totalling $199.00.,REC_002,1 failed transaction(s) totalling $199.00.,$199.00 potential impact (score: 378.1),"Trigger dunning sequence: retry payment after 3 days, send payment update email after 5 days, escalate to CSM after 10 days.",High
TRC-B1F3F424DB,2026-05-07T23:36:41.657712+00:00,Recommendation,REC_002,1 failed transaction(s) totalling $199.00.,REC_002,1 failed transaction(s) totalling $199.00.,$199.00 potential impact (score: 378.1),"Trigger dunning sequence: retry payment after 3 days, send payment update email after 5 days, escalate to CSM after 10 days.",High
TRC-C00DF4ADA7,2026-05-07T23:36:41.657717+00:00,Recommendation,REC_002,1 failed transaction(s) totalling $199.00.,REC_002,1 failed transaction(s) totalling $199.00.,$199.00 potential impact (score: 378.1),"Trigger dunning sequence: retry payment after 3 days, send payment update email after 5 days, escalate to CSM after 10 days.",High
TRC-40B8C7BDD6,2026-05-07T23:36:41.657721+00:00,Recommendation,REC_002,1 failed transaction(s) totalling $199.00.,REC_002,1 failed transaction(s) totalling $199.00.,$199.00 potential impact (score: 378.1),"Trigger dunning sequence: retry payment after 3 days, send payment update email after 5 days, escalate to CSM after 10 days.",High
TRC-2CE4996E62,2026-05-07T23:36:41.657726+00:00,Recommendation,REC_002,1 failed transaction(s) totalling $199.00.,REC_002,1 failed transaction(s) totalling $199.00.,$199.00 potential impact (score: 378.1),"Trigger dunning sequence: retry payment after 3 days, send payment update email after 5 days, escalate to CSM after 10 days.",High
TRC-9235692869,2026-05-07T23:36:41.657730+00:00,Recommendation,REC_002,1 failed transaction(s) totalling $199.00.,REC_002,1 failed transaction(s) totalling $199.00.,$199.00 potential impact (score: 378.1),"Trigger dunning sequence: retry payment after 3 days, send payment update email after 5 days, escalate to CSM after 10 days.",High
TRC-70F0B0948D,2026-05-07T23:36:41.657736+00:00,Recommendation,REC_002,1 failed transaction(s) totalling $199.00.,REC_002,1 failed transaction(s) totalling $199.00.,$199.00 potential impact (score: 378.1),"Trigger dunning sequence: retry payment after 3 days, send payment update email after 5 days, escalate to CSM after 10 days.",High
TRC-18DA410A70,2026-05-07T23:36:41.657741+00:00,Recommendation,REC_002,1 failed transaction(s) totalling $199.00.,REC_002,1 failed transaction(s) totalling $199.00.,$199.00 potential impact (score: 378.1),"Trigger dunning sequence: retry payment after 3 days, send payment update email after 5 days, escalate to CSM after 10 days.",High
TRC-78E33CBEFF,2026-05-07T23:36:41.657746+00:00,Recommendation,REC_002,1 failed transaction(s) totalling $199.00.,REC_002,1 failed transaction(s) totalling $199.00.,$199.00 potential impact (score: 378.1),"Trigger dunning sequence: retry payment after 3 days, send payment update email after 5 days, escalate to CSM after 10 days.",High
TRC-411348B01E,2026-05-07T23:36:41.657750+00:00,Recommendation,REC_002,1 failed transaction(s) totalling $199.00.,REC_002,1 failed transaction(s) totalling $199.00.,$199.00 potential impact (score: 378.1),"Trigger dunning sequence: retry payment after 3 days, send payment update email after 5 days, escalate to CSM after 10 days.",High
TRC-AEAB6B4014,2026-05-07T23:36:41.657755+00:00,Recommendation,REC_002,1 failed transaction(s) totalling $199.00.,REC_002,1 failed transaction(s) totalling $199.00.,$199.00 potential impact (score: 378.1),"Trigger dunning sequence: retry payment after 3 days, send payment update email after 5 days, escalate to CSM after 10 days.",High
TRC-2412040C3F,2026-05-07T23:36:41.657760+00:00,Recommendation,REC_002,1 failed transaction(s) totalling $199.00.,REC_002,1 failed transaction(s) totalling $199.00.,$199.00 potential impact (score: 378.1),"Trigger dunning sequence: retry payment after 3 days, send payment update email after 5 days, escalate to CSM after 10 days.",High
TRC-57C3FB4D25,2026-05-07T23:36:41.657764+00:00,Recommendation,REC_002,1 failed transaction(s) totalling $199.00.,REC_002,1 failed transaction(s) totalling $199.00.,$199.00 potential impact (score: 378.1),"Trigger dunning sequence: retry payment after 3 days, send payment update email after 5 days, escalate to CSM after 10 days.",High
TRC-5AFCCF8141,2026-05-07T23:36:41.657769+00:00,Recommendation,REC_002,1 failed transaction(s) totalling $199.00.,REC_002,1 failed transaction(s) totalling $199.00.,$199.00 potential impact (score: 378.1),"Trigger dunning sequence: retry payment after 3 days, send payment update email after 5 days, escalate to CSM after 10 days.",High
TRC-8B1BA676A2,2026-05-07T23:36:41.657773+00:00,Recommendation,REC_002,1 failed transaction(s) totalling $199.00.,REC_002,1 failed transaction(s) totalling $199.00.,$199.00 potential impact (score: 378.1),"Trigger dunning sequence: retry payment after 3 days, send payment update email after 5 days, escalate to CSM after 10 days.",High
TRC-65DDA9D122,2026-05-07T23:36:41.657778+00:00,Recommendation,REC_002,1 failed transaction(s) totalling $199.00.,REC_002,1 failed transaction(s) totalling $199.00.,$199.00 potential impact (score: 378.1),"Trigger dunning sequence: retry payment after 3 days, send payment update email after 5 days, escalate to CSM after 10 days.",High
TRC-554174AEBE,2026-05-07T23:36:41.657782+00:00,Recommendation,REC_002,1 failed transaction(s) totalling $199.00.,REC_002,1 failed transaction(s) totalling $199.00.,$199.00 potential impact (score: 378.1),"Trigger dunning sequence: retry payment after 3 days, send payment update email after 5 days, escalate to CSM after 10 days.",High
TRC-9DEEE10EBD,2026-05-07T23:36:41.657787+00:00,Recommendation,REC_002,1 failed transaction(s) totalling $199.00.,REC_002,1 failed transaction(s) totalling $199.00.,$199.00 potential impact (score: 378.1),"Trigger dunning sequence: retry payment after 3 days, send payment update email after 5 days, escalate to CSM after 10 days.",High
TRC-879C8FB5D4,2026-05-07T23:36:41.657792+00:00,Recommendation,REC_002,1 failed transaction(s) totalling $199.00.,REC_002,1 failed transaction(s) totalling $199.00.,$199.00 potential impact (score: 378.1),"Trigger dunning sequence: retry payment after 3 days, send payment update email after 5 days, escalate to CSM after 10 days.",High
TRC-E1CB382B2D,2026-05-07T23:36:41.657796+00:00,Recommendation,REC_002,1 failed transaction(s) totalling $199.00.,REC_002,1 failed transaction(s) totalling $199.00.,$199.00 potential impact (score: 378.1),"Trigger dunning sequence: retry payment after 3 days, send payment update email after 5 days, escalate to CSM after 10 days.",High
TRC-5D46E78BD4,2026-05-07T23:36:41.657801+00:00,Recommendation,REC_002,1 failed transaction(s) totalling $199.00.,REC_002,1 failed transaction(s) totalling $199.00.,$199.00 potential impact (score: 378.1),"Trigger dunning sequence: retry payment after 3 days, send payment update email after 5 days, escalate to CSM after 10 days.",High
TRC-FA3EE80C9B,2026-05-07T23:36:41.657805+00:00,Recommendation,REC_002,1 failed transaction(s) totalling $199.00.,REC_002,1 failed transaction(s) totalling $199.00.,$199.00 potential impact (score: 378.1),"Trigger dunning sequence: retry payment after 3 days, send payment update email after 5 days, escalate to CSM after 10 days.",High
TRC-A8239B2787,2026-05-07T23:36:41.657811+00:00,Recommendation,REC_002,1 failed transaction(s) totalling $199.00.,REC_002,1 failed transaction(s) totalling $199.00.,$199.00 potential impact (score: 378.1),"Trigger dunning sequence: retry payment after 3 days, send payment update email after 5 days, escalate to CSM after 10 days.",High
TRC-7FF00CC90A,2026-05-07T23:36:41.657815+00:00,Recommendation,REC_002,1 failed transaction(s) totalling $199.00.,REC_002,1 failed transaction(s) totalling $199.00.,$199.00 potential impact (score: 378.1),"Trigger dunning sequence: retry payment after 3 days, send payment update email after 5 days, escalate to CSM after 10 days.",High
TRC-EF67DADCDE,2026-05-07T23:36:41.657820+00:00,Recommendation,REC_002,1 failed transaction(s) totalling $199.00.,REC_002,1 failed transaction(s) totalling $199.00.,$199.00 potential impact (score: 378.1),"Trigger dunning sequence: retry payment after 3 days, send payment update email after 5 days, escalate to CSM after 10 days.",High
TRC-0CFB5474BA,2026-05-07T23:36:41.657824+00:00,Recommendation,REC_002,1 failed transaction(s) totalling $199.00.,REC_002,1 failed transaction(s) totalling $199.00.,$199.00 potential impact (score: 378.1),"Trigger dunning sequence: retry payment after 3 days, send payment update email after 5 days, escalate to CSM after 10 days.",High
TRC-33B8700371,2026-05-07T23:36:41.657829+00:00,Recommendation,REC_002,1 failed transaction(s) totalling $199.00.,REC_002,1 failed transaction(s) totalling $199.00.,$199.00 potential impact (score: 378.1),"Trigger dunning sequence: retry payment after 3 days, send payment update email after 5 days, escalate to CSM after 10 days.",High
TRC-B7CA769830,2026-05-07T23:36:41.657834+00:00,Recommendation,REC_002,1 failed transaction(s) totalling $199.00.,REC_002,1 failed transaction(s) totalling $199.00.,$199.00 potential impact (score: 378.1),"Trigger dunning sequence: retry payment after 3 days, send payment update email after 5 days, escalate to CSM after 10 days.",High
TRC-9A5CBED0F9,2026-05-07T23:36:41.657838+00:00,Recommendation,REC_002,1 failed transaction(s) totalling $199.00.,REC_002,1 failed transaction(s) totalling $199.00.,$199.00 potential impact (score: 378.1),"Trigger dunning sequence: retry payment after 3 days, send payment update email after 5 days, escalate to CSM after 10 days.",High
TRC-E181EF2ADC,2026-05-07T23:36:41.657843+00:00,Recommendation,REC_002,1 failed transaction(s) totalling $199.00.,REC_002,1 failed transaction(s) totalling $199.00.,$199.00 potential impact (score: 378.1),"Trigger dunning sequence: retry payment after 3 days, send payment update email after 5 days, escalate to CSM after 10 days.",High
TRC-F74023AADE,2026-05-07T23:36:41.657847+00:00,Recommendation,REC_002,1 failed transaction(s) totalling $199.00.,REC_002,1 failed transaction(s) totalling $199.00.,$199.00 potential impact (score: 378.1),"Trigger dunning sequence: retry payment after 3 days, send payment update email after 5 days, escalate to CSM after 10 days.",High
TRC-F47B09697D,2026-05-07T23:36:41.657852+00:00,Recommendation,REC_002,1 failed transaction(s) totalling $199.00.,REC_002,1 failed transaction(s) totalling $199.00.,$199.00 potential impact (score: 378.1),"Trigger dunning sequence: retry payment after 3 days, send payment update email after 5 days, escalate to CSM after 10 days.",High
TRC-AC6E15A15A,2026-05-07T23:36:41.657856+00:00,Recommendation,REC_002,1 failed transaction(s) totalling $199.00.,REC_002,1 failed transaction(s) totalling $199.00.,$199.00 potential impact (score: 378.1),"Trigger dunning sequence: retry payment after 3 days, send payment update email after 5 days, escalate to CSM after 10 days.",High
TRC-D50157A747,2026-05-07T23:36:41.657861+00:00,Recommendation,REC_002,1 failed transaction(s) totalling $199.00.,REC_002,1 failed transaction(s) totalling $199.00.,$199.00 potential impact (score: 378.1),"Trigger dunning sequence: retry payment after 3 days, send payment update email after 5 days, escalate to CSM after 10 days.",High
TRC-CD0BF438F8,2026-05-07T23:36:41.657865+00:00,Recommendation,REC_002,1 failed transaction(s) totalling $199.00.,REC_002,1 failed transaction(s) totalling $199.00.,$199.00 potential impact (score: 378.1),"Trigger dunning sequence: retry payment after 3 days, send payment update email after 5 days, escalate to CSM after 10 days.",High
TRC-BBCB5C735A,2026-05-07T23:36:41.657870+00:00,Recommendation,REC_002,1 failed transaction(s) totalling $199.00.,REC_002,1 failed transaction(s) totalling $199.00.,$199.00 potential impact (score: 378.1),"Trigger dunning sequence: retry payment after 3 days, send payment update email after 5 days, escalate to CSM after 10 days.",High
TRC-AF761C0A38,2026-05-07T23:36:41.657874+00:00,Recommendation,REC_002,1 failed transaction(s) totalling $199.00.,REC_002,1 failed transaction(s) totalling $199.00.,$199.00 potential impact (score: 378.1),"Trigger dunning sequence: retry payment after 3 days, send payment update email after 5 days, escalate to CSM after 10 days.",High
TRC-595345888F,2026-05-07T23:36:41.657879+00:00,Recommendation,REC_002,1 failed transaction(s) totalling $199.00.,REC_002,1 failed transaction(s) totalling $199.00.,$199.00 potential impact (score: 378.1),"Trigger dunning sequence: retry payment after 3 days, send payment update email after 5 days, escalate to CSM after 10 days.",High
TRC-579E214538,2026-05-07T23:36:41.657884+00:00,Recommendation,REC_002,1 failed transaction(s) totalling $199.00.,REC_002,1 failed transaction(s) totalling $199.00.,$199.00 potential impact (score: 378.1),"Trigger dunning sequence: retry payment after 3 days, send payment update email after 5 days, escalate to CSM after 10 days.",High
TRC-7CEFAE06C6,2026-05-07T23:36:41.657888+00:00,Recommendation,REC_002,1 failed transaction(s) totalling $199.00.,REC_002,1 failed transaction(s) totalling $199.00.,$199.00 potential impact (score: 378.1),"Trigger dunning sequence: retry payment after 3 days, send payment update email after 5 days, escalate to CSM after 10 days.",High
TRC-F43522292A,2026-05-07T23:36:41.657893+00:00,Recommendation,REC_002,1 failed transaction(s) totalling $199.00.,REC_002,1 failed transaction(s) totalling $199.00.,$199.00 potential impact (score: 378.1),"Trigger dunning sequence: retry payment after 3 days, send payment update email after 5 days, escalate to CSM after 10 days.",High
TRC-47E8491A32,2026-05-07T23:36:41.657897+00:00,Recommendation,REC_002,1 failed transaction(s) totalling $199.00.,REC_002,1 failed transaction(s) totalling $199.00.,$199.00 potential impact (score: 378.1),"Trigger dunning sequence: retry payment after 3 days, send payment update email after 5 days, escalate to CSM after 10 days.",High
TRC-4099C14764,2026-05-07T23:36:41.657902+00:00,Recommendation,REC_002,1 failed transaction(s) totalling $199.00.,REC_002,1 failed transaction(s) totalling $199.00.,$199.00 potential impact (score: 378.1),"Trigger dunning sequence: retry payment after 3 days, send payment update email after 5 days, escalate to CSM after 10 days.",High
TRC-3311FD84F4,2026-05-07T23:36:41.657907+00:00,Recommendation,REC_002,1 failed transaction(s) totalling $199.00.,REC_002,1 failed transaction(s) totalling $199.00.,$199.00 potential impact (score: 378.1),"Trigger dunning sequence: retry payment after 3 days, send payment update email after 5 days, escalate to CSM after 10 days.",High
TRC-30B6F2903D,2026-05-07T23:36:41.657911+00:00,Recommendation,REC_002,1 failed transaction(s) totalling $199.00.,REC_002,1 failed transaction(s) totalling $199.00.,$199.00 potential impact (score: 378.1),"Trigger dunning sequence: retry payment after 3 days, send payment update email after 5 days, escalate to CSM after 10 days.",High
TRC-6BCF8485EE,2026-05-07T23:36:41.657916+00:00,Recommendation,REC_002,1 failed transaction(s) totalling $199.00.,REC_002,1 failed transaction(s) totalling $199.00.,$199.00 potential impact (score: 378.1),"Trigger dunning sequence: retry payment after 3 days, send payment update email after 5 days, escalate to CSM after 10 days.",High
TRC-4C25F4414F,2026-05-07T23:36:41.657920+00:00,Recommendation,REC_002,1 failed transaction(s) totalling $199.00.,REC_002,1 failed transaction(s) totalling $199.00.,$199.00 potential impact (score: 378.1),"Trigger dunning sequence: retry payment after 3 days, send payment update email after 5 days, escalate to CSM after 10 days.",High
TRC-EBEFEF09F3,2026-05-07T23:36:41.657925+00:00,Recommendation,REC_002,1 failed transaction(s) totalling $199.00.,REC_002,1 failed transaction(s) totalling $199.00.,$199.00 potential impact (score: 378.1),"Trigger dunning sequence: retry payment after 3 days, send payment update email after 5 days, escalate to CSM after 10 days.",High
TRC-0311D6708E,2026-05-07T23:36:41.657929+00:00,Recommendation,REC_002,1 failed transaction(s) totalling $199.00.,REC_002,1 failed transaction(s) totalling $199.00.,$199.00 potential impact (score: 378.1),"Trigger dunning sequence: retry payment after 3 days, send payment update email after 5 days, escalate to CSM after 10 days.",High
TRC-343273E6F8,2026-05-07T23:36:41.657934+00:00,Recommendation,REC_002,1 failed transaction(s) totalling $199.00.,REC_002,1 failed transaction(s) totalling $199.00.,$199.00 potential impact (score: 378.1),"Trigger dunning sequence: retry payment after 3 days, send payment update email after 5 days, escalate to CSM after 10 days.",High
TRC-A5FB27F055,2026-05-07T23:36:41.657938+00:00,Recommendation,REC_002,1 failed transaction(s) totalling $199.00.,REC_002,1 failed transaction(s) totalling $199.00.,$199.00 potential impact (score: 378.1),"Trigger dunning sequence: retry payment after 3 days, send payment update email after 5 days, escalate to CSM after 10 days.",High
TRC-A781548DEC,2026-05-07T23:36:41.657943+00:00,Recommendation,REC_002,1 failed transaction(s) totalling $199.00.,REC_002,1 failed transaction(s) totalling $199.00.,$199.00 potential impact (score: 378.1),"Trigger dunning sequence: retry payment after 3 days, send payment update email after 5 days, escalate to CSM after 10 days.",High
TRC-1F55217459,2026-05-07T23:36:41.657948+00:00,Recommendation,REC_002,1 failed transaction(s) totalling $199.00.,REC_002,1 failed transaction(s) totalling $199.00.,$199.00 potential impact (score: 378.1),"Trigger dunning sequence: retry payment after 3 days, send payment update email after 5 days, escalate to CSM after 10 days.",High
TRC-C45F10EFA3,2026-05-07T23:36:41.657952+00:00,Recommendation,REC_002,1 failed transaction(s) totalling $199.00.,REC_002,1 failed transaction(s) totalling $199.00.,$199.00 potential impact (score: 378.1),"Trigger dunning sequence: retry payment after 3 days, send payment update email after 5 days, escalate to CSM after 10 days.",High
TRC-0B02AAB034,2026-05-07T23:36:41.657957+00:00,Recommendation,REC_002,4 failed transaction(s) totalling $196.00.,REC_002,4 failed transaction(s) totalling $196.00.,$196.00 potential impact (score: 372.4),"Trigger dunning sequence: retry payment after 3 days, send payment update email after 5 days, escalate to CSM after 10 days.",High
TRC-076B08FE38,2026-05-07T23:36:41.657961+00:00,Recommendation,REC_005,Subscription SUB-dab81d70 is Past Due — $199.00/month outstanding.,REC_005,Subscription SUB-dab81d70 is Past Due — $199.00/month outstanding.,$199.00 potential impact (score: 358.2),Escalate to finance for account hold review. Send formal payment demand notice and suspend non-critical features until resolved.,High
TRC-2D16666F78,2026-05-07T23:36:41.657966+00:00,Recommendation,REC_005,Subscription SUB-56ef41c2 is Past Due — $199.00/month outstanding.,REC_005,Subscription SUB-56ef41c2 is Past Due — $199.00/month outstanding.,$199.00 potential impact (score: 358.2),Escalate to finance for account hold review. Send formal payment demand notice and suspend non-critical features until resolved.,High
TRC-30046185CB,2026-05-07T23:36:41.657971+00:00,Recommendation,REC_005,Subscription SUB-ba13ba68 is Past Due — $199.00/month outstanding.,REC_005,Subscription SUB-ba13ba68 is Past Due — $199.00/month outstanding.,$199.00 potential impact (score: 358.2),Escalate to finance for account hold review. Send formal payment demand notice and suspend non-critical features until resolved.,High
TRC-344D560A2D,2026-05-07T23:36:41.657975+00:00,Recommendation,REC_005,Subscription SUB-6d00b8a9 is Past Due — $199.00/month outstanding.,REC_005,Subscription SUB-6d00b8a9 is Past Due — $199.00/month outstanding.,$199.00 potential impact (score: 358.2),Escalate to finance for account hold review. Send formal payment demand notice and suspend non-critical features until resolved.,High
TRC-B9C643975A,2026-05-07T23:36:41.657980+00:00,Recommendation,REC_005,Subscription SUB-e155d3c0 is Past Due — $199.00/month outstanding.,REC_005,Subscription SUB-e155d3c0 is Past Due — $199.00/month outstanding.,$199.00 potential impact (score: 358.2),Escalate to finance for account hold review. Send formal payment demand notice and suspend non-critical features until resolved.,High
TRC-91E490393F,2026-05-07T23:36:41.657984+00:00,Recommendation,REC_005,Subscription SUB-9f03d57b is Past Due — $199.00/month outstanding.,REC_005,Subscription SUB-9f03d57b is Past Due — $199.00/month outstanding.,$199.00 potential impact (score: 358.2),Escalate to finance for account hold review. Send formal payment demand notice and suspend non-critical features until resolved.,High
TRC-8AC8600CD1,2026-05-07T23:36:41.657989+00:00,Recommendation,REC_005,Subscription SUB-2bd19ae2 is Past Due — $199.00/month outstanding.,REC_005,Subscription SUB-2bd19ae2 is Past Due — $199.00/month outstanding.,$199.00 potential impact (score: 358.2),Escalate to finance for account hold review. Send formal payment demand notice and suspend non-critical features until resolved.,High
TRC-5E75688DAD,2026-05-07T23:36:41.657993+00:00,Recommendation,REC_005,Subscription SUB-7dc37b75 is Past Due — $199.00/month outstanding.,REC_005,Subscription SUB-7dc37b75 is Past Due — $199.00/month outstanding.,$199.00 potential impact (score: 358.2),Escalate to finance for account hold review. Send formal payment demand notice and suspend non-critical features until resolved.,High
TRC-D15544A288,2026-05-07T23:36:41.657998+00:00,Recommendation,REC_005,Subscription SUB-2a1ffeb7 is Past Due — $199.00/month outstanding.,REC_005,Subscription SUB-2a1ffeb7 is Past Due — $199.00/month outstanding.,$199.00 potential impact (score: 358.2),Escalate to finance for account hold review. Send formal payment demand notice and suspend non-critical features until resolved.,High
TRC-B5E2682F58,2026-05-07T23:36:41.658002+00:00,Recommendation,REC_005,Subscription SUB-36a70763 is Past Due — $199.00/month outstanding.,REC_005,Subscription SUB-36a70763 is Past Due — $199.00/month outstanding.,$199.00 potential impact (score: 358.2),Escalate to finance for account hold review. Send formal payment demand notice and suspend non-critical features until resolved.,High
TRC-C2A519FE54,2026-05-07T23:36:41.658007+00:00,Recommendation,REC_005,Subscription SUB-f4ea64a2 is Past Due — $199.00/month outstanding.,REC_005,Subscription SUB-f4ea64a2 is Past Due — $199.00/month outstanding.,$199.00 potential impact (score: 358.2),Escalate to finance for account hold review. Send formal payment demand notice and suspend non-critical features until resolved.,High
TRC-4BECC333F7,2026-05-07T23:36:41.658011+00:00,Recommendation,REC_005,Subscription SUB-fa0b446e is Past Due — $199.00/month outstanding.,REC_005,Subscription SUB-fa0b446e is Past Due — $199.00/month outstanding.,$199.00 potential impact (score: 358.2),Escalate to finance for account hold review. Send formal payment demand notice and suspend non-critical features until resolved.,High
TRC-831DAEF163,2026-05-07T23:36:41.658016+00:00,Recommendation,REC_005,Subscription SUB-08cdc0f3 is Past Due — $199.00/month outstanding.,REC_005,Subscription SUB-08cdc0f3 is Past Due — $199.00/month outstanding.,$199.00 potential impact (score: 358.2),Escalate to finance for account hold review. Send formal payment demand notice and suspend non-critical features until resolved.,High
TRC-F059880093,2026-05-07T23:36:41.658020+00:00,Recommendation,REC_005,Subscription SUB-9f82efba is Past Due — $199.00/month outstanding.,REC_005,Subscription SUB-9f82efba is Past Due — $199.00/month outstanding.,$199.00 potential impact (score: 358.2),Escalate to finance for account hold review. Send formal payment demand notice and suspend non-critical features until resolved.,High
TRC-4FBC79EADC,2026-05-07T23:36:41.658025+00:00,Recommendation,REC_005,Subscription SUB-a22a9efe is Past Due — $199.00/month outstanding.,REC_005,Subscription SUB-a22a9efe is Past Due — $199.00/month outstanding.,$199.00 potential impact (score: 358.2),Escalate to finance for account hold review. Send formal payment demand notice and suspend non-critical features until resolved.,High
TRC-A49E788C11,2026-05-07T23:36:41.658029+00:00,Recommendation,REC_005,Subscription SUB-b3588a2f is Past Due — $199.00/month outstanding.,REC_005,Subscription SUB-b3588a2f is Past Due — $199.00/month outstanding.,$199.00 potential impact (score: 358.2),Escalate to finance for account hold review. Send formal payment demand notice and suspend non-critical features until resolved.,High
TRC-30D48558E1,2026-05-07T23:36:41.658034+00:00,Recommendation,REC_005,Subscription SUB-09e3ca04 is Past Due — $199.00/month outstanding.,REC_005,Subscription SUB-09e3ca04 is Past Due — $199.00/month outstanding.,$199.00 potential impact (score: 358.2),Escalate to finance for account hold review. Send formal payment demand notice and suspend non-critical features until resolved.,High
TRC-37884938BE,2026-05-07T23:36:41.658038+00:00,Recommendation,REC_005,Subscription SUB-7ea0035d is Past Due — $199.00/month outstanding.,REC_005,Subscription SUB-7ea0035d is Past Due — $199.00/month outstanding.,$199.00 potential impact (score: 358.2),Escalate to finance for account hold review. Send formal payment demand notice and suspend non-critical features until resolved.,High
TRC-D7326A69F3,2026-05-07T23:36:41.658043+00:00,Recommendation,REC_004,Churn risk band: High. Drivers: Failed Payments.,REC_004,Churn risk band: High. Drivers: Failed Payments.,$199.00 potential impact (score: 398.0),Contact customer directly to confirm payment details and offer alternative payment methods before the subscription lapses.,Medium
TRC-59E9D54793,2026-05-07T23:36:41.658048+00:00,Recommendation,REC_004,"Churn risk band: High. Drivers: Failed Payments, High Support Burden.",REC_004,"Churn risk band: High. Drivers: Failed Payments, High Support Burden.",$199.00 potential impact (score: 398.0),Contact customer directly to confirm payment details and offer alternative payment methods before the subscription lapses.,Medium
TRC-67EE5EA3FF,2026-05-07T23:36:41.658053+00:00,Recommendation,REC_004,Churn risk band: High. Drivers: Failed Payments.,REC_004,Churn risk band: High. Drivers: Failed Payments.,$199.00 potential impact (score: 398.0),Contact customer directly to confirm payment details and offer alternative payment methods before the subscription lapses.,Medium
TRC-A16C802E72,2026-05-07T23:36:41.658057+00:00,Recommendation,REC_004,Churn risk band: High. Drivers: Failed Payments.,REC_004,Churn risk band: High. Drivers: Failed Payments.,$199.00 potential impact (score: 398.0),Contact customer directly to confirm payment details and offer alternative payment methods before the subscription lapses.,Medium
TRC-017D7C003A,2026-05-07T23:36:41.658062+00:00,Recommendation,REC_004,"Churn risk band: High. Drivers: Failed Payments, High Support Burden.",REC_004,"Churn risk band: High. Drivers: Failed Payments, High Support Burden.",$199.00 potential impact (score: 398.0),Contact customer directly to confirm payment details and offer alternative payment methods before the subscription lapses.,Medium
TRC-9A827B6B56,2026-05-07T23:36:41.658066+00:00,Recommendation,REC_004,"Churn risk band: High. Drivers: Failed Payments, High Support Burden.",REC_004,"Churn risk band: High. Drivers: Failed Payments, High Support Burden.",$199.00 potential impact (score: 398.0),Contact customer directly to confirm payment details and offer alternative payment methods before the subscription lapses.,Medium
TRC-ADF6B04DC3,2026-05-07T23:36:41.658071+00:00,Recommendation,REC_004,Churn risk band: High. Drivers: Failed Payments.,REC_004,Churn risk band: High. Drivers: Failed Payments.,$199.00 potential impact (score: 398.0),Contact customer directly to confirm payment details and offer alternative payment methods before the subscription lapses.,Medium
TRC-16C40C6E75,2026-05-07T23:36:41.658075+00:00,Recommendation,REC_004,Churn risk band: High. Drivers: Failed Payments.,REC_004,Churn risk band: High. Drivers: Failed Payments.,$199.00 potential impact (score: 398.0),Contact customer directly to confirm payment details and offer alternative payment methods before the subscription lapses.,Medium
TRC-4AA57D143F,2026-05-07T23:36:41.658080+00:00,Recommendation,REC_004,"Churn risk band: Critical. Drivers: Low NPS, Failed Payments, High Support Burden.",REC_004,"Churn risk band: Critical. Drivers: Low NPS, Failed Payments, High Support Burden.",$199.00 potential impact (score: 398.0),Contact customer directly to confirm payment details and offer alternative payment methods before the subscription lapses.,Medium
TRC-6D29A94D5F,2026-05-07T23:36:41.658085+00:00,Recommendation,REC_004,Churn risk band: High. Drivers: Failed Payments.,REC_004,Churn risk band: High. Drivers: Failed Payments.,$199.00 potential impact (score: 398.0),Contact customer directly to confirm payment details and offer alternative payment methods before the subscription lapses.,Medium
TRC-45627AABD8,2026-05-07T23:36:41.658089+00:00,Recommendation,REC_004,"Churn risk band: High. Drivers: Failed Payments, High Support Burden.",REC_004,"Churn risk band: High. Drivers: Failed Payments, High Support Burden.",$199.00 potential impact (score: 398.0),Contact customer directly to confirm payment details and offer alternative payment methods before the subscription lapses.,Medium
TRC-9C0ECBB27A,2026-05-07T23:36:41.658094+00:00,Recommendation,REC_004,Churn risk band: High. Drivers: Failed Payments.,REC_004,Churn risk band: High. Drivers: Failed Payments.,$199.00 potential impact (score: 398.0),Contact customer directly to confirm payment details and offer alternative payment methods before the subscription lapses.,Medium
TRC-12A257A039,2026-05-07T23:36:41.658099+00:00,Recommendation,REC_004,Churn risk band: High. Drivers: Failed Payments.,REC_004,Churn risk band: High. Drivers: Failed Payments.,$199.00 potential impact (score: 398.0),Contact customer directly to confirm payment details and offer alternative payment methods before the subscription lapses.,Medium
TRC-364EF86A1A,2026-05-07T23:36:41.658103+00:00,Recommendation,REC_004,"Churn risk band: High. Drivers: Failed Payments, High Support Burden.",REC_004,"Churn risk band: High. Drivers: Failed Payments, High Support Burden.",$199.00 potential impact (score: 398.0),Contact customer directly to confirm payment details and offer alternative payment methods before the subscription lapses.,Medium
TRC-861A1A023C,2026-05-07T23:36:41.658108+00:00,Recommendation,REC_004,Churn risk band: High. Drivers: Failed Payments.,REC_004,Churn risk band: High. Drivers: Failed Payments.,$199.00 potential impact (score: 398.0),Contact customer directly to confirm payment details and offer alternative payment methods before the subscription lapses.,Medium
TRC-2E154B886F,2026-05-07T23:36:41.658113+00:00,Recommendation,REC_004,Churn risk band: High. Drivers: Failed Payments.,REC_004,Churn risk band: High. Drivers: Failed Payments.,$199.00 potential impact (score: 398.0),Contact customer directly to confirm payment details and offer alternative payment methods before the subscription lapses.,Medium
TRC-6D072E61B3,2026-05-07T23:36:41.658117+00:00,Recommendation,REC_004,"Churn risk band: High. Drivers: Failed Payments, High Support Burden.",REC_004,"Churn risk band: High. Drivers: Failed Payments, High Support Burden.",$199.00 potential impact (score: 398.0),Contact customer directly to confirm payment details and offer alternative payment methods before the subscription lapses.,Medium
TRC-A426BD4EEE,2026-05-07T23:36:41.658122+00:00,Recommendation,REC_004,"Churn risk band: High. Drivers: Failed Payments, High Support Burden.",REC_004,"Churn risk band: High. Drivers: Failed Payments, High Support Burden.",$199.00 potential impact (score: 398.0),Contact customer directly to confirm payment details and offer alternative payment methods before the subscription lapses.,Medium
TRC-19A39A9820,2026-05-07T23:36:41.658127+00:00,Recommendation,REC_004,Churn risk band: High. Drivers: Failed Payments.,REC_004,Churn risk band: High. Drivers: Failed Payments.,$199.00 potential impact (score: 398.0),Contact customer directly to confirm payment details and offer alternative payment methods before the subscription lapses.,Medium
TRC-5BDB6A637F,2026-05-07T23:36:41.658131+00:00,Recommendation,REC_004,Churn risk band: High. Drivers: Failed Payments.,REC_004,Churn risk band: High. Drivers: Failed Payments.,$199.00 potential impact (score: 398.0),Contact customer directly to confirm payment details and offer alternative payment methods before the subscription lapses.,Medium
TRC-1BF27B1BBB,2026-05-07T23:36:41.658136+00:00,Recommendation,REC_004,"Churn risk band: High. Drivers: Failed Payments, High Support Burden.",REC_004,"Churn risk band: High. Drivers: Failed Payments, High Support Burden.",$199.00 potential impact (score: 398.0),Contact customer directly to confirm payment details and offer alternative payment methods before the subscription lapses.,Medium
TRC-5A9EB39200,2026-05-07T23:36:41.658141+00:00,Recommendation,REC_004,Churn risk band: High. Drivers: Failed Payments.,REC_004,Churn risk band: High. Drivers: Failed Payments.,$199.00 potential impact (score: 398.0),Contact customer directly to confirm payment details and offer alternative payment methods before the subscription lapses.,Medium
TRC-07DCBCBA90,2026-05-07T23:36:41.658145+00:00,Recommendation,REC_004,Churn risk band: High. Drivers: Failed Payments.,REC_004,Churn risk band: High. Drivers: Failed Payments.,$199.00 potential impact (score: 398.0),Contact customer directly to confirm payment details and offer alternative payment methods before the subscription lapses.,Medium
TRC-2C7E9A7DCC,2026-05-07T23:36:41.658150+00:00,Recommendation,REC_004,Churn risk band: High. Drivers: Failed Payments.,REC_004,Churn risk band: High. Drivers: Failed Payments.,$199.00 potential impact (score: 398.0),Contact customer directly to confirm payment details and offer alternative payment methods before the subscription lapses.,Medium
TRC-D3984C1460,2026-05-07T23:36:41.658155+00:00,Recommendation,REC_004,"Churn risk band: High. Drivers: Failed Payments, High Support Burden.",REC_004,"Churn risk band: High. Drivers: Failed Payments, High Support Burden.",$199.00 potential impact (score: 398.0),Contact customer directly to confirm payment details and offer alternative payment methods before the subscription lapses.,Medium
TRC-A6E0A046EA,2026-05-07T23:36:41.658160+00:00,Recommendation,REC_004,"Churn risk band: High. Drivers: Low NPS, Failed Payments.",REC_004,"Churn risk band: High. Drivers: Low NPS, Failed Payments.",$199.00 potential impact (score: 398.0),Contact customer directly to confirm payment details and offer alternative payment methods before the subscription lapses.,Medium
TRC-D03DB10593,2026-05-07T23:36:41.658164+00:00,Recommendation,REC_004,"Churn risk band: High. Drivers: Low NPS, Failed Payments.",REC_004,"Churn risk band: High. Drivers: Low NPS, Failed Payments.",$199.00 potential impact (score: 398.0),Contact customer directly to confirm payment details and offer alternative payment methods before the subscription lapses.,Medium
TRC-3DB2472EDA,2026-05-07T23:36:41.658169+00:00,Recommendation,REC_004,"Churn risk band: High. Drivers: Failed Payments, High Support Burden.",REC_004,"Churn risk band: High. Drivers: Failed Payments, High Support Burden.",$199.00 potential impact (score: 398.0),Contact customer directly to confirm payment details and offer alternative payment methods before the subscription lapses.,Medium
TRC-59A85067E4,2026-05-07T23:36:41.658173+00:00,Recommendation,REC_004,"Churn risk band: High. Drivers: Failed Payments, High Support Burden.",REC_004,"Churn risk band: High. Drivers: Failed Payments, High Support Burden.",$199.00 potential impact (score: 398.0),Contact customer directly to confirm payment details and offer alternative payment methods before the subscription lapses.,Medium
TRC-A88B96A325,2026-05-07T23:36:41.658178+00:00,Recommendation,REC_004,"Churn risk band: High. Drivers: Failed Payments, High Support Burden.",REC_004,"Churn risk band: High. Drivers: Failed Payments, High Support Burden.",$199.00 potential impact (score: 398.0),Contact customer directly to confirm payment details and offer alternative payment methods before the subscription lapses.,Medium
TRC-71F4EB8B36,2026-05-07T23:36:41.658183+00:00,Recommendation,REC_004,"Churn risk band: High. Drivers: Low NPS, Failed Payments.",REC_004,"Churn risk band: High. Drivers: Low NPS, Failed Payments.",$199.00 potential impact (score: 398.0),Contact customer directly to confirm payment details and offer alternative payment methods before the subscription lapses.,Medium
TRC-14F43CC168,2026-05-07T23:36:41.658187+00:00,Recommendation,REC_004,Churn risk band: High. Drivers: Failed Payments.,REC_004,Churn risk band: High. Drivers: Failed Payments.,$199.00 potential impact (score: 398.0),Contact customer directly to confirm payment details and offer alternative payment methods before the subscription lapses.,Medium
TRC-AE2B7C59D8,2026-05-07T23:36:41.658192+00:00,Recommendation,REC_004,Churn risk band: High. Drivers: Failed Payments.,REC_004,Churn risk band: High. Drivers: Failed Payments.,$199.00 potential impact (score: 398.0),Contact customer directly to confirm payment details and offer alternative payment methods before the subscription lapses.,Medium
TRC-6A4338C9EE,2026-05-07T23:36:41.658197+00:00,Recommendation,REC_004,Churn risk band: High. Drivers: Failed Payments.,REC_004,Churn risk band: High. Drivers: Failed Payments.,$199.00 potential impact (score: 398.0),Contact customer directly to confirm payment details and offer alternative payment methods before the subscription lapses.,Medium
TRC-1D0B33D6DC,2026-05-07T23:36:41.658201+00:00,Recommendation,REC_004,Churn risk band: High. Drivers: Failed Payments.,REC_004,Churn risk band: High. Drivers: Failed Payments.,$199.00 potential impact (score: 398.0),Contact customer directly to confirm payment details and offer alternative payment methods before the subscription lapses.,Medium
TRC-72C2164DC2,2026-05-07T23:36:41.658206+00:00,Recommendation,REC_004,Churn risk band: High. Drivers: Failed Payments.,REC_004,Churn risk band: High. Drivers: Failed Payments.,$199.00 potential impact (score: 398.0),Contact customer directly to confirm payment details and offer alternative payment methods before the subscription lapses.,Medium
TRC-827188E5D8,2026-05-07T23:36:41.658210+00:00,Recommendation,REC_004,"Churn risk band: High. Drivers: Failed Payments, High Support Burden.",REC_004,"Churn risk band: High. Drivers: Failed Payments, High Support Burden.",$199.00 potential impact (score: 398.0),Contact customer directly to confirm payment details and offer alternative payment methods before the subscription lapses.,Medium
TRC-DA4ED477CE,2026-05-07T23:36:41.658215+00:00,Recommendation,REC_004,Churn risk band: High. Drivers: Failed Payments.,REC_004,Churn risk band: High. Drivers: Failed Payments.,$199.00 potential impact (score: 398.0),Contact customer directly to confirm payment details and offer alternative payment methods before the subscription lapses.,Medium
TRC-42F900592D,2026-05-07T23:36:41.658219+00:00,Recommendation,REC_004,Churn risk band: High. Drivers: Failed Payments.,REC_004,Churn risk band: High. Drivers: Failed Payments.,$199.00 potential impact (score: 398.0),Contact customer directly to confirm payment details and offer alternative payment methods before the subscription lapses.,Medium
TRC-466FBEBDEC,2026-05-07T23:36:41.658224+00:00,Recommendation,REC_004,Churn risk band: High. Drivers: Failed Payments.,REC_004,Churn risk band: High. Drivers: Failed Payments.,$199.00 potential impact (score: 398.0),Contact customer directly to confirm payment details and offer alternative payment methods before the subscription lapses.,Medium
TRC-563133C5A3,2026-05-07T23:36:41.658228+00:00,Recommendation,REC_004,Churn risk band: High. Drivers: Failed Payments.,REC_004,Churn risk band: High. Drivers: Failed Payments.,$199.00 potential impact (score: 398.0),Contact customer directly to confirm payment details and offer alternative payment methods before the subscription lapses.,Medium
TRC-042B5FEB17,2026-05-07T23:36:41.658233+00:00,Recommendation,REC_004,"Churn risk band: High. Drivers: Failed Payments, High Support Burden.",REC_004,"Churn risk band: High. Drivers: Failed Payments, High Support Burden.",$199.00 potential impact (score: 398.0),Contact customer directly to confirm payment details and offer alternative payment methods before the subscription lapses.,Medium
TRC-6A2A6CDC24,2026-05-07T23:36:41.658237+00:00,Recommendation,REC_004,"Churn risk band: High. Drivers: Failed Payments, High Support Burden.",REC_004,"Churn risk band: High. Drivers: Failed Payments, High Support Burden.",$199.00 potential impact (score: 398.0),Contact customer directly to confirm payment details and offer alternative payment methods before the subscription lapses.,Medium
TRC-411E1347BB,2026-05-07T23:36:41.658242+00:00,Recommendation,REC_004,"Churn risk band: High. Drivers: Failed Payments, High Support Burden.",REC_004,"Churn risk band: High. Drivers: Failed Payments, High Support Burden.",$199.00 potential impact (score: 398.0),Contact customer directly to confirm payment details and offer alternative payment methods before the subscription lapses.,Medium
TRC-F0EFE10EE4,2026-05-07T23:36:41.658247+00:00,Recommendation,REC_004,"Churn risk band: High. Drivers: Failed Payments, High Support Burden.",REC_004,"Churn risk band: High. Drivers: Failed Payments, High Support Burden.",$199.00 potential impact (score: 398.0),Contact customer directly to confirm payment details and offer alternative payment methods before the subscription lapses.,Medium
TRC-1A29837216,2026-05-07T23:36:41.658252+00:00,Recommendation,REC_004,Churn risk band: High. Drivers: Failed Payments.,REC_004,Churn risk band: High. Drivers: Failed Payments.,$199.00 potential impact (score: 398.0),Contact customer directly to confirm payment details and offer alternative payment methods before the subscription lapses.,Medium
TRC-56A0238742,2026-05-07T23:36:41.658256+00:00,Recommendation,REC_004,Churn risk band: High. Drivers: Failed Payments.,REC_004,Churn risk band: High. Drivers: Failed Payments.,$199.00 potential impact (score: 398.0),Contact customer directly to confirm payment details and offer alternative payment methods before the subscription lapses.,Medium
TRC-73446ABF7D,2026-05-07T23:36:41.658261+00:00,Recommendation,REC_004,"Churn risk band: High. Drivers: Failed Payments, High Support Burden.",REC_004,"Churn risk band: High. Drivers: Failed Payments, High Support Burden.",$199.00 potential impact (score: 398.0),Contact customer directly to confirm payment details and offer alternative payment methods before the subscription lapses.,Medium
TRC-27D84C9DDB,2026-05-07T23:36:41.658265+00:00,Recommendation,REC_004,Churn risk band: High. Drivers: Failed Payments.,REC_004,Churn risk band: High. Drivers: Failed Payments.,$199.00 potential impact (score: 398.0),Contact customer directly to confirm payment details and offer alternative payment methods before the subscription lapses.,Medium
TRC-B9EF94CEEC,2026-05-07T23:36:41.658270+00:00,Recommendation,REC_004,"Churn risk band: High. Drivers: Failed Payments, High Support Burden.",REC_004,"Churn risk band: High. Drivers: Failed Payments, High Support Burden.",$199.00 potential impact (score: 398.0),Contact customer directly to confirm payment details and offer alternative payment methods before the subscription lapses.,Medium
TRC-135AC9D463,2026-05-07T23:36:41.658274+00:00,Recommendation,REC_004,Churn risk band: High. Drivers: Failed Payments.,REC_004,Churn risk band: High. Drivers: Failed Payments.,$199.00 potential impact (score: 398.0),Contact customer directly to confirm payment details and offer alternative payment methods before the subscription lapses.,Medium
TRC-E729B2157C,2026-05-07T23:36:41.658279+00:00,Recommendation,REC_004,"Churn risk band: High. Drivers: Failed Payments, High Support Burden.",REC_004,"Churn risk band: High. Drivers: Failed Payments, High Support Burden.",$199.00 potential impact (score: 398.0),Contact customer directly to confirm payment details and offer alternative payment methods before the subscription lapses.,Medium
TRC-0E713317A7,2026-05-07T23:36:41.658283+00:00,Recommendation,REC_004,"Churn risk band: High. Drivers: Low NPS, Failed Payments.",REC_004,"Churn risk band: High. Drivers: Low NPS, Failed Payments.",$199.00 potential impact (score: 398.0),Contact customer directly to confirm payment details and offer alternative payment methods before the subscription lapses.,Medium
TRC-F47ACA087E,2026-05-07T23:36:41.658288+00:00,Recommendation,REC_004,"Churn risk band: High. Drivers: Failed Payments, High Support Burden.",REC_004,"Churn risk band: High. Drivers: Failed Payments, High Support Burden.",$199.00 potential impact (score: 398.0),Contact customer directly to confirm payment details and offer alternative payment methods before the subscription lapses.,Medium
TRC-E3F5D0C36D,2026-05-07T23:36:41.658292+00:00,Recommendation,REC_004,Churn risk band: High. Drivers: Failed Payments.,REC_004,Churn risk band: High. Drivers: Failed Payments.,$199.00 potential impact (score: 398.0),Contact customer directly to confirm payment details and offer alternative payment methods before the subscription lapses.,Medium
TRC-0154CD8F0E,2026-05-07T23:36:41.658297+00:00,Recommendation,REC_004,"Churn risk band: High. Drivers: Failed Payments, High Support Burden.",REC_004,"Churn risk band: High. Drivers: Failed Payments, High Support Burden.",$199.00 potential impact (score: 398.0),Contact customer directly to confirm payment details and offer alternative payment methods before the subscription lapses.,Medium
TRC-2BB425630E,2026-05-07T23:36:41.658301+00:00,Recommendation,REC_004,Churn risk band: High. Drivers: Failed Payments.,REC_004,Churn risk band: High. Drivers: Failed Payments.,$199.00 potential impact (score: 398.0),Contact customer directly to confirm payment details and offer alternative payment methods before the subscription lapses.,Medium
TRC-F670017DC6,2026-05-07T23:36:41.658306+00:00,Recommendation,REC_004,Churn risk band: High. Drivers: Failed Payments.,REC_004,Churn risk band: High. Drivers: Failed Payments.,$199.00 potential impact (score: 398.0),Contact customer directly to confirm payment details and offer alternative payment methods before the subscription lapses.,Medium
TRC-7C9CE9241A,2026-05-07T23:36:41.658311+00:00,Recommendation,REC_004,Churn risk band: High. Drivers: Failed Payments.,REC_004,Churn risk band: High. Drivers: Failed Payments.,$199.00 potential impact (score: 398.0),Contact customer directly to confirm payment details and offer alternative payment methods before the subscription lapses.,Medium
TRC-4755C73511,2026-05-07T23:36:41.658315+00:00,Recommendation,REC_004,Churn risk band: High. Drivers: Failed Payments.,REC_004,Churn risk band: High. Drivers: Failed Payments.,$199.00 potential impact (score: 398.0),Contact customer directly to confirm payment details and offer alternative payment methods before the subscription lapses.,Medium
TRC-CBBC49E7BD,2026-05-07T23:36:41.658320+00:00,Recommendation,REC_004,Churn risk band: High. Drivers: Failed Payments.,REC_004,Churn risk band: High. Drivers: Failed Payments.,$199.00 potential impact (score: 398.0),Contact customer directly to confirm payment details and offer alternative payment methods before the subscription lapses.,Medium
TRC-2F1FF7A0AC,2026-05-07T23:36:41.658324+00:00,Recommendation,REC_004,Churn risk band: High. Drivers: Failed Payments.,REC_004,Churn risk band: High. Drivers: Failed Payments.,$199.00 potential impact (score: 398.0),Contact customer directly to confirm payment details and offer alternative payment methods before the subscription lapses.,Medium
TRC-08C33CBDBB,2026-05-07T23:36:41.658329+00:00,Recommendation,REC_004,Churn risk band: High. Drivers: Failed Payments.,REC_004,Churn risk band: High. Drivers: Failed Payments.,$199.00 potential impact (score: 398.0),Contact customer directly to confirm payment details and offer alternative payment methods before the subscription lapses.,Medium
TRC-45CEE4F564,2026-05-07T23:36:41.658333+00:00,Recommendation,REC_004,"Churn risk band: High. Drivers: Failed Payments, High Support Burden.",REC_004,"Churn risk band: High. Drivers: Failed Payments, High Support Burden.",$199.00 potential impact (score: 398.0),Contact customer directly to confirm payment details and offer alternative payment methods before the subscription lapses.,Medium
TRC-E30A0E2A53,2026-05-07T23:36:41.658338+00:00,Recommendation,REC_004,"Churn risk band: High. Drivers: Low NPS, Failed Payments.",REC_004,"Churn risk band: High. Drivers: Low NPS, Failed Payments.",$199.00 potential impact (score: 398.0),Contact customer directly to confirm payment details and offer alternative payment methods before the subscription lapses.,Medium
TRC-C24F1960B8,2026-05-07T23:36:41.658342+00:00,Recommendation,REC_004,"Churn risk band: High. Drivers: Failed Payments, High Support Burden.",REC_004,"Churn risk band: High. Drivers: Failed Payments, High Support Burden.",$199.00 potential impact (score: 398.0),Contact customer directly to confirm payment details and offer alternative payment methods before the subscription lapses.,Medium
TRC-55319425BC,2026-05-07T23:36:41.658347+00:00,Recommendation,REC_004,"Churn risk band: High. Drivers: Failed Payments, High Support Burden.",REC_004,"Churn risk band: High. Drivers: Failed Payments, High Support Burden.",$199.00 potential impact (score: 398.0),Contact customer directly to confirm payment details and offer alternative payment methods before the subscription lapses.,Medium
TRC-59292B040C,2026-05-07T23:36:41.658352+00:00,Recommendation,REC_004,Churn risk band: High. Drivers: Failed Payments.,REC_004,Churn risk band: High. Drivers: Failed Payments.,$199.00 potential impact (score: 398.0),Contact customer directly to confirm payment details and offer alternative payment methods before the subscription lapses.,Medium
TRC-3168FC76D5,2026-05-07T23:36:41.658356+00:00,Recommendation,REC_004,"Churn risk band: High. Drivers: Failed Payments, High Support Burden.",REC_004,"Churn risk band: High. Drivers: Failed Payments, High Support Burden.",$199.00 potential impact (score: 398.0),Contact customer directly to confirm payment details and offer alternative payment methods before the subscription lapses.,Medium
TRC-E4573E395E,2026-05-07T23:36:41.658361+00:00,Recommendation,REC_004,Churn risk band: High. Drivers: Failed Payments.,REC_004,Churn risk band: High. Drivers: Failed Payments.,$199.00 potential impact (score: 398.0),Contact customer directly to confirm payment details and offer alternative payment methods before the subscription lapses.,Medium
TRC-36092EC9DD,2026-05-07T23:36:41.658365+00:00,Recommendation,REC_003,"Churn risk band: High. Drivers: Failed Payments, High Support Burden.",REC_003,"Churn risk band: High. Drivers: Failed Payments, High Support Burden.",$499.00 potential impact (score: 449.1),Send personalised in-app re-engagement campaign with 15% discount for 3-month commitment. Follow up with feature tutorial email sequence.,Medium
TRC-95CAFE641A,2026-05-07T23:36:41.658370+00:00,Recommendation,REC_003,Churn risk band: High. Drivers: Failed Payments.,REC_003,Churn risk band: High. Drivers: Failed Payments.,$499.00 potential impact (score: 449.1),Send personalised in-app re-engagement campaign with 15% discount for 3-month commitment. Follow up with feature tutorial email sequence.,Medium
TRC-5CBA7311C6,2026-05-07T23:36:41.658375+00:00,Recommendation,REC_003,Churn risk band: High. Drivers: Failed Payments.,REC_003,Churn risk band: High. Drivers: Failed Payments.,$499.00 potential impact (score: 449.1),Send personalised in-app re-engagement campaign with 15% discount for 3-month commitment. Follow up with feature tutorial email sequence.,Medium
TRC-89380A13BB,2026-05-07T23:36:41.658379+00:00,Recommendation,REC_003,Churn risk band: High. Drivers: Failed Payments.,REC_003,Churn risk band: High. Drivers: Failed Payments.,$499.00 potential impact (score: 449.1),Send personalised in-app re-engagement campaign with 15% discount for 3-month commitment. Follow up with feature tutorial email sequence.,Medium
TRC-BDAAB733E8,2026-05-07T23:36:41.658384+00:00,Recommendation,REC_003,"Churn risk band: High. Drivers: Failed Payments, High Support Burden.",REC_003,"Churn risk band: High. Drivers: Failed Payments, High Support Burden.",$499.00 potential impact (score: 449.1),Send personalised in-app re-engagement campaign with 15% discount for 3-month commitment. Follow up with feature tutorial email sequence.,Medium
TRC-387E97158B,2026-05-07T23:36:41.658388+00:00,Recommendation,REC_003,Churn risk band: High. Drivers: Failed Payments.,REC_003,Churn risk band: High. Drivers: Failed Payments.,$499.00 potential impact (score: 449.1),Send personalised in-app re-engagement campaign with 15% discount for 3-month commitment. Follow up with feature tutorial email sequence.,Medium
TRC-DD73695262,2026-05-07T23:36:41.658393+00:00,Recommendation,REC_003,"Churn risk band: High. Drivers: Failed Payments, High Support Burden.",REC_003,"Churn risk band: High. Drivers: Failed Payments, High Support Burden.",$499.00 potential impact (score: 449.1),Send personalised in-app re-engagement campaign with 15% discount for 3-month commitment. Follow up with feature tutorial email sequence.,Medium
TRC-5D4F7CD997,2026-05-07T23:36:41.658397+00:00,Recommendation,REC_003,"Churn risk band: High. Drivers: Failed Payments, High Support Burden.",REC_003,"Churn risk band: High. Drivers: Failed Payments, High Support Burden.",$499.00 potential impact (score: 449.1),Send personalised in-app re-engagement campaign with 15% discount for 3-month commitment. Follow up with feature tutorial email sequence.,Medium
TRC-29C4EC040A,2026-05-07T23:36:41.658402+00:00,Recommendation,REC_003,Churn risk band: High. Drivers: Failed Payments.,REC_003,Churn risk band: High. Drivers: Failed Payments.,$499.00 potential impact (score: 449.1),Send personalised in-app re-engagement campaign with 15% discount for 3-month commitment. Follow up with feature tutorial email sequence.,Medium
TRC-FD7FD41ABD,2026-05-07T23:36:41.658406+00:00,Recommendation,REC_003,"Churn risk band: High. Drivers: Failed Payments, High Support Burden.",REC_003,"Churn risk band: High. Drivers: Failed Payments, High Support Burden.",$499.00 potential impact (score: 449.1),Send personalised in-app re-engagement campaign with 15% discount for 3-month commitment. Follow up with feature tutorial email sequence.,Medium
TRC-BF666256A1,2026-05-07T23:36:41.658411+00:00,Recommendation,REC_003,Churn risk band: High. Drivers: Failed Payments.,REC_003,Churn risk band: High. Drivers: Failed Payments.,$499.00 potential impact (score: 449.1),Send personalised in-app re-engagement campaign with 15% discount for 3-month commitment. Follow up with feature tutorial email sequence.,Medium
TRC-470515F8AA,2026-05-07T23:36:41.658416+00:00,Recommendation,REC_003,"Churn risk band: High. Drivers: Failed Payments, High Support Burden.",REC_003,"Churn risk band: High. Drivers: Failed Payments, High Support Burden.",$499.00 potential impact (score: 449.1),Send personalised in-app re-engagement campaign with 15% discount for 3-month commitment. Follow up with feature tutorial email sequence.,Medium
TRC-B1B41B56C6,2026-05-07T23:36:41.658420+00:00,Recommendation,REC_003,Churn risk band: High. Drivers: Failed Payments.,REC_003,Churn risk band: High. Drivers: Failed Payments.,$499.00 potential impact (score: 449.1),Send personalised in-app re-engagement campaign with 15% discount for 3-month commitment. Follow up with feature tutorial email sequence.,Medium
TRC-469FE4FFB8,2026-05-07T23:36:41.658425+00:00,Recommendation,REC_003,"Churn risk band: High. Drivers: Failed Payments, High Support Burden.",REC_003,"Churn risk band: High. Drivers: Failed Payments, High Support Burden.",$499.00 potential impact (score: 449.1),Send personalised in-app re-engagement campaign with 15% discount for 3-month commitment. Follow up with feature tutorial email sequence.,Medium
TRC-4DEA83359C,2026-05-07T23:36:41.658429+00:00,Recommendation,REC_003,Churn risk band: High. Drivers: Failed Payments.,REC_003,Churn risk band: High. Drivers: Failed Payments.,$499.00 potential impact (score: 449.1),Send personalised in-app re-engagement campaign with 15% discount for 3-month commitment. Follow up with feature tutorial email sequence.,Medium
TRC-ECCFCEAE77,2026-05-07T23:36:41.658475+00:00,Recommendation,REC_003,"Churn risk band: High. Drivers: Failed Payments, High Support Burden.",REC_003,"Churn risk band: High. Drivers: Failed Payments, High Support Burden.",$499.00 potential impact (score: 449.1),Send personalised in-app re-engagement campaign with 15% discount for 3-month commitment. Follow up with feature tutorial email sequence.,Medium
TRC-A6541231CC,2026-05-07T23:36:41.658480+00:00,Recommendation,REC_003,Churn risk band: High. Drivers: Failed Payments.,REC_003,Churn risk band: High. Drivers: Failed Payments.,$499.00 potential impact (score: 449.1),Send personalised in-app re-engagement campaign with 15% discount for 3-month commitment. Follow up with feature tutorial email sequence.,Medium
TRC-8DB4F15C78,2026-05-07T23:36:41.658485+00:00,Recommendation,REC_003,Churn risk band: High. Drivers: Failed Payments.,REC_003,Churn risk band: High. Drivers: Failed Payments.,$499.00 potential impact (score: 449.1),Send personalised in-app re-engagement campaign with 15% discount for 3-month commitment. Follow up with feature tutorial email sequence.,Medium
TRC-5D2217BA94,2026-05-07T23:36:41.658490+00:00,Recommendation,REC_003,Churn risk band: High. Drivers: Failed Payments.,REC_003,Churn risk band: High. Drivers: Failed Payments.,$499.00 potential impact (score: 449.1),Send personalised in-app re-engagement campaign with 15% discount for 3-month commitment. Follow up with feature tutorial email sequence.,Medium
TRC-D28C00F27A,2026-05-07T23:36:41.658495+00:00,Recommendation,REC_003,Churn risk band: High. Drivers: Failed Payments.,REC_003,Churn risk band: High. Drivers: Failed Payments.,$499.00 potential impact (score: 449.1),Send personalised in-app re-engagement campaign with 15% discount for 3-month commitment. Follow up with feature tutorial email sequence.,Medium
TRC-9D5B3A665A,2026-05-07T23:36:41.658499+00:00,Recommendation,REC_003,"Churn risk band: High. Drivers: Failed Payments, High Support Burden.",REC_003,"Churn risk band: High. Drivers: Failed Payments, High Support Burden.",$499.00 potential impact (score: 449.1),Send personalised in-app re-engagement campaign with 15% discount for 3-month commitment. Follow up with feature tutorial email sequence.,Medium
TRC-43F9D063BB,2026-05-07T23:36:41.658504+00:00,Recommendation,REC_003,Churn risk band: High. Drivers: Failed Payments.,REC_003,Churn risk band: High. Drivers: Failed Payments.,$499.00 potential impact (score: 449.1),Send personalised in-app re-engagement campaign with 15% discount for 3-month commitment. Follow up with feature tutorial email sequence.,Medium
TRC-657DD31075,2026-05-07T23:36:41.658509+00:00,Recommendation,REC_003,Churn risk band: High. Drivers: Failed Payments.,REC_003,Churn risk band: High. Drivers: Failed Payments.,$499.00 potential impact (score: 449.1),Send personalised in-app re-engagement campaign with 15% discount for 3-month commitment. Follow up with feature tutorial email sequence.,Medium
TRC-7964398851,2026-05-07T23:36:41.658523+00:00,Recommendation,REC_003,"Churn risk band: High. Drivers: Failed Payments, High Support Burden.",REC_003,"Churn risk band: High. Drivers: Failed Payments, High Support Burden.",$499.00 potential impact (score: 449.1),Send personalised in-app re-engagement campaign with 15% discount for 3-month commitment. Follow up with feature tutorial email sequence.,Medium
TRC-19F369C573,2026-05-07T23:36:41.658528+00:00,Recommendation,REC_002,3 failed transaction(s) totalling $147.00.,REC_002,3 failed transaction(s) totalling $147.00.,$147.00 potential impact (score: 279.3),"Trigger dunning sequence: retry payment after 3 days, send payment update email after 5 days, escalate to CSM after 10 days.",High
TRC-DC64845720,2026-05-07T23:36:41.658533+00:00,Recommendation,REC_002,3 failed transaction(s) totalling $147.00.,REC_002,3 failed transaction(s) totalling $147.00.,$147.00 potential impact (score: 279.3),"Trigger dunning sequence: retry payment after 3 days, send payment update email after 5 days, escalate to CSM after 10 days.",High
TRC-D767980A69,2026-05-07T23:36:41.658538+00:00,Recommendation,REC_002,3 failed transaction(s) totalling $147.00.,REC_002,3 failed transaction(s) totalling $147.00.,$147.00 potential impact (score: 279.3),"Trigger dunning sequence: retry payment after 3 days, send payment update email after 5 days, escalate to CSM after 10 days.",High
TRC-F80B84C609,2026-05-07T23:36:41.658542+00:00,Recommendation,REC_002,3 failed transaction(s) totalling $147.00.,REC_002,3 failed transaction(s) totalling $147.00.,$147.00 potential impact (score: 279.3),"Trigger dunning sequence: retry payment after 3 days, send payment update email after 5 days, escalate to CSM after 10 days.",High
TRC-EB1C9616C0,2026-05-07T23:36:41.658547+00:00,Recommendation,REC_002,3 failed transaction(s) totalling $147.00.,REC_002,3 failed transaction(s) totalling $147.00.,$147.00 potential impact (score: 279.3),"Trigger dunning sequence: retry payment after 3 days, send payment update email after 5 days, escalate to CSM after 10 days.",High
TRC-F996CA55B8,2026-05-07T23:36:41.658551+00:00,Recommendation,REC_002,3 failed transaction(s) totalling $147.00.,REC_002,3 failed transaction(s) totalling $147.00.,$147.00 potential impact (score: 279.3),"Trigger dunning sequence: retry payment after 3 days, send payment update email after 5 days, escalate to CSM after 10 days.",High
TRC-492DA1CBA6,2026-05-07T23:36:41.658556+00:00,Recommendation,REC_002,2 failed transaction(s) totalling $98.00.,REC_002,2 failed transaction(s) totalling $98.00.,$98.00 potential impact (score: 186.2),"Trigger dunning sequence: retry payment after 3 days, send payment update email after 5 days, escalate to CSM after 10 days.",High
TRC-909C6EB483,2026-05-07T23:36:41.658561+00:00,Recommendation,REC_002,2 failed transaction(s) totalling $98.00.,REC_002,2 failed transaction(s) totalling $98.00.,$98.00 potential impact (score: 186.2),"Trigger dunning sequence: retry payment after 3 days, send payment update email after 5 days, escalate to CSM after 10 days.",High
TRC-71BC8CE753,2026-05-07T23:36:41.658566+00:00,Recommendation,REC_002,2 failed transaction(s) totalling $98.00.,REC_002,2 failed transaction(s) totalling $98.00.,$98.00 potential impact (score: 186.2),"Trigger dunning sequence: retry payment after 3 days, send payment update email after 5 days, escalate to CSM after 10 days.",High
TRC-5D50876823,2026-05-07T23:36:41.658570+00:00,Recommendation,REC_002,2 failed transaction(s) totalling $98.00.,REC_002,2 failed transaction(s) totalling $98.00.,$98.00 potential impact (score: 186.2),"Trigger dunning sequence: retry payment after 3 days, send payment update email after 5 days, escalate to CSM after 10 days.",High
TRC-FF14CF22AB,2026-05-07T23:36:41.658575+00:00,Recommendation,REC_002,2 failed transaction(s) totalling $98.00.,REC_002,2 failed transaction(s) totalling $98.00.,$98.00 potential impact (score: 186.2),"Trigger dunning sequence: retry payment after 3 days, send payment update email after 5 days, escalate to CSM after 10 days.",High
TRC-3B911B099F,2026-05-07T23:36:41.658579+00:00,Recommendation,REC_002,2 failed transaction(s) totalling $98.00.,REC_002,2 failed transaction(s) totalling $98.00.,$98.00 potential impact (score: 186.2),"Trigger dunning sequence: retry payment after 3 days, send payment update email after 5 days, escalate to CSM after 10 days.",High
TRC-2F888F9EEC,2026-05-07T23:36:41.658584+00:00,Recommendation,REC_002,2 failed transaction(s) totalling $98.00.,REC_002,2 failed transaction(s) totalling $98.00.,$98.00 potential impact (score: 186.2),"Trigger dunning sequence: retry payment after 3 days, send payment update email after 5 days, escalate to CSM after 10 days.",High
TRC-4B12D7A114,2026-05-07T23:36:41.658588+00:00,Recommendation,REC_002,2 failed transaction(s) totalling $98.00.,REC_002,2 failed transaction(s) totalling $98.00.,$98.00 potential impact (score: 186.2),"Trigger dunning sequence: retry payment after 3 days, send payment update email after 5 days, escalate to CSM after 10 days.",High
TRC-E81369CEDF,2026-05-07T23:36:41.658593+00:00,Recommendation,REC_002,2 failed transaction(s) totalling $98.00.,REC_002,2 failed transaction(s) totalling $98.00.,$98.00 potential impact (score: 186.2),"Trigger dunning sequence: retry payment after 3 days, send payment update email after 5 days, escalate to CSM after 10 days.",High
TRC-09127EE8F0,2026-05-07T23:36:41.658598+00:00,Recommendation,REC_002,2 failed transaction(s) totalling $98.00.,REC_002,2 failed transaction(s) totalling $98.00.,$98.00 potential impact (score: 186.2),"Trigger dunning sequence: retry payment after 3 days, send payment update email after 5 days, escalate to CSM after 10 days.",High
TRC-44BBC98D59,2026-05-07T23:36:41.658602+00:00,Recommendation,REC_002,2 failed transaction(s) totalling $98.00.,REC_002,2 failed transaction(s) totalling $98.00.,$98.00 potential impact (score: 186.2),"Trigger dunning sequence: retry payment after 3 days, send payment update email after 5 days, escalate to CSM after 10 days.",High
TRC-62DA5C2B8C,2026-05-07T23:36:41.658607+00:00,Recommendation,REC_002,2 failed transaction(s) totalling $98.00.,REC_002,2 failed transaction(s) totalling $98.00.,$98.00 potential impact (score: 186.2),"Trigger dunning sequence: retry payment after 3 days, send payment update email after 5 days, escalate to CSM after 10 days.",High
TRC-ECF2E60630,2026-05-07T23:36:41.658612+00:00,Recommendation,REC_002,2 failed transaction(s) totalling $98.00.,REC_002,2 failed transaction(s) totalling $98.00.,$98.00 potential impact (score: 186.2),"Trigger dunning sequence: retry payment after 3 days, send payment update email after 5 days, escalate to CSM after 10 days.",High
TRC-1A4DF66865,2026-05-07T23:36:41.658616+00:00,Recommendation,REC_002,2 failed transaction(s) totalling $98.00.,REC_002,2 failed transaction(s) totalling $98.00.,$98.00 potential impact (score: 186.2),"Trigger dunning sequence: retry payment after 3 days, send payment update email after 5 days, escalate to CSM after 10 days.",High
TRC-5DB276B66F,2026-05-07T23:36:41.658621+00:00,Recommendation,REC_002,2 failed transaction(s) totalling $98.00.,REC_002,2 failed transaction(s) totalling $98.00.,$98.00 potential impact (score: 186.2),"Trigger dunning sequence: retry payment after 3 days, send payment update email after 5 days, escalate to CSM after 10 days.",High
TRC-77DC34EE00,2026-05-07T23:36:41.658625+00:00,Recommendation,REC_002,2 failed transaction(s) totalling $98.00.,REC_002,2 failed transaction(s) totalling $98.00.,$98.00 potential impact (score: 186.2),"Trigger dunning sequence: retry payment after 3 days, send payment update email after 5 days, escalate to CSM after 10 days.",High
TRC-4D9AE241FB,2026-05-07T23:36:41.658630+00:00,Recommendation,REC_002,2 failed transaction(s) totalling $98.00.,REC_002,2 failed transaction(s) totalling $98.00.,$98.00 potential impact (score: 186.2),"Trigger dunning sequence: retry payment after 3 days, send payment update email after 5 days, escalate to CSM after 10 days.",High
TRC-B0988B63F8,2026-05-07T23:36:41.658634+00:00,Recommendation,REC_002,2 failed transaction(s) totalling $98.00.,REC_002,2 failed transaction(s) totalling $98.00.,$98.00 potential impact (score: 186.2),"Trigger dunning sequence: retry payment after 3 days, send payment update email after 5 days, escalate to CSM after 10 days.",High
TRC-D4AED97314,2026-05-07T23:36:41.658639+00:00,Recommendation,REC_002,2 failed transaction(s) totalling $98.00.,REC_002,2 failed transaction(s) totalling $98.00.,$98.00 potential impact (score: 186.2),"Trigger dunning sequence: retry payment after 3 days, send payment update email after 5 days, escalate to CSM after 10 days.",High
TRC-9D579250AB,2026-05-07T23:36:41.658643+00:00,Recommendation,REC_002,2 failed transaction(s) totalling $98.00.,REC_002,2 failed transaction(s) totalling $98.00.,$98.00 potential impact (score: 186.2),"Trigger dunning sequence: retry payment after 3 days, send payment update email after 5 days, escalate to CSM after 10 days.",High
TRC-DEA169A38E,2026-05-07T23:36:41.658648+00:00,Recommendation,REC_002,2 failed transaction(s) totalling $98.00.,REC_002,2 failed transaction(s) totalling $98.00.,$98.00 potential impact (score: 186.2),"Trigger dunning sequence: retry payment after 3 days, send payment update email after 5 days, escalate to CSM after 10 days.",High
TRC-D6AB2069DD,2026-05-07T23:36:41.658652+00:00,Recommendation,REC_002,2 failed transaction(s) totalling $98.00.,REC_002,2 failed transaction(s) totalling $98.00.,$98.00 potential impact (score: 186.2),"Trigger dunning sequence: retry payment after 3 days, send payment update email after 5 days, escalate to CSM after 10 days.",High
TRC-2C4BE2FA20,2026-05-07T23:36:41.658656+00:00,Recommendation,REC_002,2 failed transaction(s) totalling $98.00.,REC_002,2 failed transaction(s) totalling $98.00.,$98.00 potential impact (score: 186.2),"Trigger dunning sequence: retry payment after 3 days, send payment update email after 5 days, escalate to CSM after 10 days.",High
TRC-2942657936,2026-05-07T23:36:41.658661+00:00,Recommendation,REC_002,2 failed transaction(s) totalling $98.00.,REC_002,2 failed transaction(s) totalling $98.00.,$98.00 potential impact (score: 186.2),"Trigger dunning sequence: retry payment after 3 days, send payment update email after 5 days, escalate to CSM after 10 days.",High
TRC-DD8671194C,2026-05-07T23:36:41.658665+00:00,Recommendation,REC_002,2 failed transaction(s) totalling $98.00.,REC_002,2 failed transaction(s) totalling $98.00.,$98.00 potential impact (score: 186.2),"Trigger dunning sequence: retry payment after 3 days, send payment update email after 5 days, escalate to CSM after 10 days.",High
TRC-8C8FF312F9,2026-05-07T23:36:41.658670+00:00,Recommendation,REC_002,2 failed transaction(s) totalling $98.00.,REC_002,2 failed transaction(s) totalling $98.00.,$98.00 potential impact (score: 186.2),"Trigger dunning sequence: retry payment after 3 days, send payment update email after 5 days, escalate to CSM after 10 days.",High
TRC-1B8EAD2027,2026-05-07T23:36:41.658674+00:00,Recommendation,REC_002,2 failed transaction(s) totalling $98.00.,REC_002,2 failed transaction(s) totalling $98.00.,$98.00 potential impact (score: 186.2),"Trigger dunning sequence: retry payment after 3 days, send payment update email after 5 days, escalate to CSM after 10 days.",High
TRC-9670161510,2026-05-07T23:36:41.658679+00:00,Recommendation,REC_002,2 failed transaction(s) totalling $98.00.,REC_002,2 failed transaction(s) totalling $98.00.,$98.00 potential impact (score: 186.2),"Trigger dunning sequence: retry payment after 3 days, send payment update email after 5 days, escalate to CSM after 10 days.",High
TRC-AE8903898C,2026-05-07T23:36:41.658684+00:00,Recommendation,REC_002,2 failed transaction(s) totalling $98.00.,REC_002,2 failed transaction(s) totalling $98.00.,$98.00 potential impact (score: 186.2),"Trigger dunning sequence: retry payment after 3 days, send payment update email after 5 days, escalate to CSM after 10 days.",High
TRC-F4DFE9B305,2026-05-07T23:36:41.658688+00:00,Recommendation,REC_002,2 failed transaction(s) totalling $98.00.,REC_002,2 failed transaction(s) totalling $98.00.,$98.00 potential impact (score: 186.2),"Trigger dunning sequence: retry payment after 3 days, send payment update email after 5 days, escalate to CSM after 10 days.",High
TRC-156FE5E3C2,2026-05-07T23:36:41.658693+00:00,Recommendation,REC_002,2 failed transaction(s) totalling $98.00.,REC_002,2 failed transaction(s) totalling $98.00.,$98.00 potential impact (score: 186.2),"Trigger dunning sequence: retry payment after 3 days, send payment update email after 5 days, escalate to CSM after 10 days.",High
TRC-D6C3B2854E,2026-05-07T23:36:41.658698+00:00,Recommendation,REC_002,2 failed transaction(s) totalling $98.00.,REC_002,2 failed transaction(s) totalling $98.00.,$98.00 potential impact (score: 186.2),"Trigger dunning sequence: retry payment after 3 days, send payment update email after 5 days, escalate to CSM after 10 days.",High
TRC-D9CB9F7A1D,2026-05-07T23:36:41.658702+00:00,Recommendation,REC_002,2 failed transaction(s) totalling $98.00.,REC_002,2 failed transaction(s) totalling $98.00.,$98.00 potential impact (score: 186.2),"Trigger dunning sequence: retry payment after 3 days, send payment update email after 5 days, escalate to CSM after 10 days.",High
TRC-D9DFEF7B4E,2026-05-07T23:36:41.658707+00:00,Recommendation,REC_002,2 failed transaction(s) totalling $98.00.,REC_002,2 failed transaction(s) totalling $98.00.,$98.00 potential impact (score: 186.2),"Trigger dunning sequence: retry payment after 3 days, send payment update email after 5 days, escalate to CSM after 10 days.",High
TRC-10FC203C87,2026-05-07T23:36:41.658711+00:00,Recommendation,REC_002,2 failed transaction(s) totalling $98.00.,REC_002,2 failed transaction(s) totalling $98.00.,$98.00 potential impact (score: 186.2),"Trigger dunning sequence: retry payment after 3 days, send payment update email after 5 days, escalate to CSM after 10 days.",High
TRC-E584C7559A,2026-05-07T23:36:41.658716+00:00,Recommendation,REC_002,2 failed transaction(s) totalling $98.00.,REC_002,2 failed transaction(s) totalling $98.00.,$98.00 potential impact (score: 186.2),"Trigger dunning sequence: retry payment after 3 days, send payment update email after 5 days, escalate to CSM after 10 days.",High
TRC-8B93EC54C7,2026-05-07T23:36:41.658720+00:00,Recommendation,REC_002,2 failed transaction(s) totalling $98.00.,REC_002,2 failed transaction(s) totalling $98.00.,$98.00 potential impact (score: 186.2),"Trigger dunning sequence: retry payment after 3 days, send payment update email after 5 days, escalate to CSM after 10 days.",High
TRC-67F012446A,2026-05-07T23:36:41.658725+00:00,Recommendation,REC_002,2 failed transaction(s) totalling $98.00.,REC_002,2 failed transaction(s) totalling $98.00.,$98.00 potential impact (score: 186.2),"Trigger dunning sequence: retry payment after 3 days, send payment update email after 5 days, escalate to CSM after 10 days.",High
TRC-30F2DFA6CC,2026-05-07T23:36:41.658729+00:00,Recommendation,REC_002,2 failed transaction(s) totalling $98.00.,REC_002,2 failed transaction(s) totalling $98.00.,$98.00 potential impact (score: 186.2),"Trigger dunning sequence: retry payment after 3 days, send payment update email after 5 days, escalate to CSM after 10 days.",High
TRC-EFA8F3775C,2026-05-07T23:36:41.658734+00:00,Recommendation,REC_002,2 failed transaction(s) totalling $98.00.,REC_002,2 failed transaction(s) totalling $98.00.,$98.00 potential impact (score: 186.2),"Trigger dunning sequence: retry payment after 3 days, send payment update email after 5 days, escalate to CSM after 10 days.",High
TRC-457742D9DE,2026-05-07T23:36:41.658738+00:00,Recommendation,REC_002,2 failed transaction(s) totalling $98.00.,REC_002,2 failed transaction(s) totalling $98.00.,$98.00 potential impact (score: 186.2),"Trigger dunning sequence: retry payment after 3 days, send payment update email after 5 days, escalate to CSM after 10 days.",High
TRC-A41271F25C,2026-05-07T23:36:41.658832+00:00,Recommendation,REC_003,Churn risk band: High. Drivers: Failed Payments.,REC_003,Churn risk band: High. Drivers: Failed Payments.,$199.00 potential impact (score: 179.1),Send personalised in-app re-engagement campaign with 15% discount for 3-month commitment. Follow up with feature tutorial email sequence.,Medium
TRC-7CDF44E846,2026-05-07T23:36:41.658845+00:00,Recommendation,REC_003,"Churn risk band: High. Drivers: Failed Payments, High Support Burden.",REC_003,"Churn risk band: High. Drivers: Failed Payments, High Support Burden.",$199.00 potential impact (score: 179.1),Send personalised in-app re-engagement campaign with 15% discount for 3-month commitment. Follow up with feature tutorial email sequence.,Medium
TRC-1632C601B8,2026-05-07T23:36:41.658852+00:00,Recommendation,REC_003,Churn risk band: High. Drivers: Failed Payments.,REC_003,Churn risk band: High. Drivers: Failed Payments.,$199.00 potential impact (score: 179.1),Send personalised in-app re-engagement campaign with 15% discount for 3-month commitment. Follow up with feature tutorial email sequence.,Medium
TRC-B51C07AF45,2026-05-07T23:36:41.658858+00:00,Recommendation,REC_003,Churn risk band: High. Drivers: Failed Payments.,REC_003,Churn risk band: High. Drivers: Failed Payments.,$199.00 potential impact (score: 179.1),Send personalised in-app re-engagement campaign with 15% discount for 3-month commitment. Follow up with feature tutorial email sequence.,Medium
TRC-D0023DC833,2026-05-07T23:36:41.658867+00:00,Recommendation,REC_003,Churn risk band: High. Drivers: Failed Payments.,REC_003,Churn risk band: High. Drivers: Failed Payments.,$199.00 potential impact (score: 179.1),Send personalised in-app re-engagement campaign with 15% discount for 3-month commitment. Follow up with feature tutorial email sequence.,Medium
TRC-6B6BD6CFD1,2026-05-07T23:36:41.658872+00:00,Recommendation,REC_003,"Churn risk band: High. Drivers: Failed Payments, High Support Burden.",REC_003,"Churn risk band: High. Drivers: Failed Payments, High Support Burden.",$199.00 potential impact (score: 179.1),Send personalised in-app re-engagement campaign with 15% discount for 3-month commitment. Follow up with feature tutorial email sequence.,Medium
TRC-088C999B45,2026-05-07T23:36:41.658878+00:00,Recommendation,REC_003,Churn risk band: High. Drivers: Failed Payments.,REC_003,Churn risk band: High. Drivers: Failed Payments.,$199.00 potential impact (score: 179.1),Send personalised in-app re-engagement campaign with 15% discount for 3-month commitment. Follow up with feature tutorial email sequence.,Medium
TRC-9C1A4D42CC,2026-05-07T23:36:41.658883+00:00,Recommendation,REC_003,"Churn risk band: High. Drivers: Failed Payments, High Support Burden.",REC_003,"Churn risk band: High. Drivers: Failed Payments, High Support Burden.",$199.00 potential impact (score: 179.1),Send personalised in-app re-engagement campaign with 15% discount for 3-month commitment. Follow up with feature tutorial email sequence.,Medium
TRC-A32A1E92F4,2026-05-07T23:36:41.658891+00:00,Recommendation,REC_003,"Churn risk band: High. Drivers: Failed Payments, High Support Burden.",REC_003,"Churn risk band: High. Drivers: Failed Payments, High Support Burden.",$199.00 potential impact (score: 179.1),Send personalised in-app re-engagement campaign with 15% discount for 3-month commitment. Follow up with feature tutorial email sequence.,Medium
TRC-4BC3A9CB36,2026-05-07T23:36:41.658896+00:00,Recommendation,REC_003,Churn risk band: High. Drivers: Failed Payments.,REC_003,Churn risk band: High. Drivers: Failed Payments.,$199.00 potential impact (score: 179.1),Send personalised in-app re-engagement campaign with 15% discount for 3-month commitment. Follow up with feature tutorial email sequence.,Medium
TRC-64B7F799D4,2026-05-07T23:36:41.658901+00:00,Recommendation,REC_003,"Churn risk band: High. Drivers: Failed Payments, High Support Burden.",REC_003,"Churn risk band: High. Drivers: Failed Payments, High Support Burden.",$199.00 potential impact (score: 179.1),Send personalised in-app re-engagement campaign with 15% discount for 3-month commitment. Follow up with feature tutorial email sequence.,Medium
TRC-8509387AC7,2026-05-07T23:36:41.658909+00:00,Recommendation,REC_003,"Churn risk band: High. Drivers: Failed Payments, High Support Burden.",REC_003,"Churn risk band: High. Drivers: Failed Payments, High Support Burden.",$199.00 potential impact (score: 179.1),Send personalised in-app re-engagement campaign with 15% discount for 3-month commitment. Follow up with feature tutorial email sequence.,Medium
TRC-14818E5DE7,2026-05-07T23:36:41.658915+00:00,Recommendation,REC_003,Churn risk band: High. Drivers: Failed Payments.,REC_003,Churn risk band: High. Drivers: Failed Payments.,$199.00 potential impact (score: 179.1),Send personalised in-app re-engagement campaign with 15% discount for 3-month commitment. Follow up with feature tutorial email sequence.,Medium
TRC-FD53A85690,2026-05-07T23:36:41.658920+00:00,Recommendation,REC_003,Churn risk band: High. Drivers: Failed Payments.,REC_003,Churn risk band: High. Drivers: Failed Payments.,$199.00 potential impact (score: 179.1),Send personalised in-app re-engagement campaign with 15% discount for 3-month commitment. Follow up with feature tutorial email sequence.,Medium
TRC-FB39552DD7,2026-05-07T23:36:41.658928+00:00,Recommendation,REC_003,Churn risk band: High. Drivers: Failed Payments.,REC_003,Churn risk band: High. Drivers: Failed Payments.,$199.00 potential impact (score: 179.1),Send personalised in-app re-engagement campaign with 15% discount for 3-month commitment. Follow up with feature tutorial email sequence.,Medium
TRC-F121089FCE,2026-05-07T23:36:41.658933+00:00,Recommendation,REC_003,"Churn risk band: High. Drivers: Failed Payments, High Support Burden.",REC_003,"Churn risk band: High. Drivers: Failed Payments, High Support Burden.",$199.00 potential impact (score: 179.1),Send personalised in-app re-engagement campaign with 15% discount for 3-month commitment. Follow up with feature tutorial email sequence.,Medium
TRC-641F0CF660,2026-05-07T23:36:41.658938+00:00,Recommendation,REC_003,"Churn risk band: High. Drivers: Failed Payments, High Support Burden.",REC_003,"Churn risk band: High. Drivers: Failed Payments, High Support Burden.",$199.00 potential impact (score: 179.1),Send personalised in-app re-engagement campaign with 15% discount for 3-month commitment. Follow up with feature tutorial email sequence.,Medium
TRC-62A64559DB,2026-05-07T23:36:41.658946+00:00,Recommendation,REC_003,Churn risk band: High. Drivers: Failed Payments.,REC_003,Churn risk band: High. Drivers: Failed Payments.,$199.00 potential impact (score: 179.1),Send personalised in-app re-engagement campaign with 15% discount for 3-month commitment. Follow up with feature tutorial email sequence.,Medium
TRC-673D231DBC,2026-05-07T23:36:41.658951+00:00,Recommendation,REC_003,Churn risk band: High. Drivers: Failed Payments.,REC_003,Churn risk band: High. Drivers: Failed Payments.,$199.00 potential impact (score: 179.1),Send personalised in-app re-engagement campaign with 15% discount for 3-month commitment. Follow up with feature tutorial email sequence.,Medium
TRC-729D138BE7,2026-05-07T23:36:41.658956+00:00,Recommendation,REC_003,"Churn risk band: High. Drivers: Low NPS, High Support Burden.",REC_003,"Churn risk band: High. Drivers: Low NPS, High Support Burden.",$199.00 potential impact (score: 179.1),Send personalised in-app re-engagement campaign with 15% discount for 3-month commitment. Follow up with feature tutorial email sequence.,Medium
TRC-1B24EAE02D,2026-05-07T23:36:41.658965+00:00,Recommendation,REC_003,"Churn risk band: High. Drivers: Failed Payments, High Support Burden.",REC_003,"Churn risk band: High. Drivers: Failed Payments, High Support Burden.",$199.00 potential impact (score: 179.1),Send personalised in-app re-engagement campaign with 15% discount for 3-month commitment. Follow up with feature tutorial email sequence.,Medium
TRC-5D6D65EF89,2026-05-07T23:36:41.658970+00:00,Recommendation,REC_003,Churn risk band: High. Drivers: Failed Payments.,REC_003,Churn risk band: High. Drivers: Failed Payments.,$199.00 potential impact (score: 179.1),Send personalised in-app re-engagement campaign with 15% discount for 3-month commitment. Follow up with feature tutorial email sequence.,Medium
TRC-5C43599699,2026-05-07T23:36:41.658975+00:00,Recommendation,REC_003,"Churn risk band: High. Drivers: Usage Decline, Low Product Engagement.",REC_003,"Churn risk band: High. Drivers: Usage Decline, Low Product Engagement.",$199.00 potential impact (score: 179.1),Send personalised in-app re-engagement campaign with 15% discount for 3-month commitment. Follow up with feature tutorial email sequence.,Medium
TRC-B82B547E0C,2026-05-07T23:36:41.658983+00:00,Recommendation,REC_003,Churn risk band: High. Drivers: Failed Payments.,REC_003,Churn risk band: High. Drivers: Failed Payments.,$199.00 potential impact (score: 179.1),Send personalised in-app re-engagement campaign with 15% discount for 3-month commitment. Follow up with feature tutorial email sequence.,Medium
TRC-EBAF1FBFB6,2026-05-07T23:36:41.658988+00:00,Recommendation,REC_003,Churn risk band: High. Drivers: Failed Payments.,REC_003,Churn risk band: High. Drivers: Failed Payments.,$199.00 potential impact (score: 179.1),Send personalised in-app re-engagement campaign with 15% discount for 3-month commitment. Follow up with feature tutorial email sequence.,Medium
TRC-441D89D7FB,2026-05-07T23:36:41.658993+00:00,Recommendation,REC_003,Churn risk band: High. Drivers: Failed Payments.,REC_003,Churn risk band: High. Drivers: Failed Payments.,$199.00 potential impact (score: 179.1),Send personalised in-app re-engagement campaign with 15% discount for 3-month commitment. Follow up with feature tutorial email sequence.,Medium
TRC-5496DFDC77,2026-05-07T23:36:41.659002+00:00,Recommendation,REC_003,Churn risk band: High. Drivers: Failed Payments.,REC_003,Churn risk band: High. Drivers: Failed Payments.,$199.00 potential impact (score: 179.1),Send personalised in-app re-engagement campaign with 15% discount for 3-month commitment. Follow up with feature tutorial email sequence.,Medium
TRC-5A72982F3A,2026-05-07T23:36:41.659007+00:00,Recommendation,REC_003,Churn risk band: High. Drivers: Failed Payments.,REC_003,Churn risk band: High. Drivers: Failed Payments.,$199.00 potential impact (score: 179.1),Send personalised in-app re-engagement campaign with 15% discount for 3-month commitment. Follow up with feature tutorial email sequence.,Medium
TRC-79D2D2714B,2026-05-07T23:36:41.659013+00:00,Recommendation,REC_002,1 failed transaction(s) totalling $49.00.,REC_002,1 failed transaction(s) totalling $49.00.,$49.00 potential impact (score: 93.1),"Trigger dunning sequence: retry payment after 3 days, send payment update email after 5 days, escalate to CSM after 10 days.",High
TRC-967142514E,2026-05-07T23:36:41.659020+00:00,Recommendation,REC_002,1 failed transaction(s) totalling $49.00.,REC_002,1 failed transaction(s) totalling $49.00.,$49.00 potential impact (score: 93.1),"Trigger dunning sequence: retry payment after 3 days, send payment update email after 5 days, escalate to CSM after 10 days.",High
TRC-E67D9982D4,2026-05-07T23:36:41.659025+00:00,Recommendation,REC_002,1 failed transaction(s) totalling $49.00.,REC_002,1 failed transaction(s) totalling $49.00.,$49.00 potential impact (score: 93.1),"Trigger dunning sequence: retry payment after 3 days, send payment update email after 5 days, escalate to CSM after 10 days.",High
TRC-189380A7F8,2026-05-07T23:36:41.659029+00:00,Recommendation,REC_002,1 failed transaction(s) totalling $49.00.,REC_002,1 failed transaction(s) totalling $49.00.,$49.00 potential impact (score: 93.1),"Trigger dunning sequence: retry payment after 3 days, send payment update email after 5 days, escalate to CSM after 10 days.",High
TRC-64F3675B8F,2026-05-07T23:36:41.659034+00:00,Recommendation,REC_002,1 failed transaction(s) totalling $49.00.,REC_002,1 failed transaction(s) totalling $49.00.,$49.00 potential impact (score: 93.1),"Trigger dunning sequence: retry payment after 3 days, send payment update email after 5 days, escalate to CSM after 10 days.",High
TRC-69A7D9AD82,2026-05-07T23:36:41.659040+00:00,Recommendation,REC_002,1 failed transaction(s) totalling $49.00.,REC_002,1 failed transaction(s) totalling $49.00.,$49.00 potential impact (score: 93.1),"Trigger dunning sequence: retry payment after 3 days, send payment update email after 5 days, escalate to CSM after 10 days.",High
TRC-17167C6580,2026-05-07T23:36:41.659045+00:00,Recommendation,REC_002,1 failed transaction(s) totalling $49.00.,REC_002,1 failed transaction(s) totalling $49.00.,$49.00 potential impact (score: 93.1),"Trigger dunning sequence: retry payment after 3 days, send payment update email after 5 days, escalate to CSM after 10 days.",High
TRC-CE8B68965D,2026-05-07T23:36:41.659051+00:00,Recommendation,REC_002,1 failed transaction(s) totalling $49.00.,REC_002,1 failed transaction(s) totalling $49.00.,$49.00 potential impact (score: 93.1),"Trigger dunning sequence: retry payment after 3 days, send payment update email after 5 days, escalate to CSM after 10 days.",High
TRC-0DA8218CD6,2026-05-07T23:36:41.659057+00:00,Recommendation,REC_002,1 failed transaction(s) totalling $49.00.,REC_002,1 failed transaction(s) totalling $49.00.,$49.00 potential impact (score: 93.1),"Trigger dunning sequence: retry payment after 3 days, send payment update email after 5 days, escalate to CSM after 10 days.",High
TRC-8EBA534777,2026-05-07T23:36:41.659062+00:00,Recommendation,REC_002,1 failed transaction(s) totalling $49.00.,REC_002,1 failed transaction(s) totalling $49.00.,$49.00 potential impact (score: 93.1),"Trigger dunning sequence: retry payment after 3 days, send payment update email after 5 days, escalate to CSM after 10 days.",High
TRC-14A0ECC2C1,2026-05-07T23:36:41.659067+00:00,Recommendation,REC_002,1 failed transaction(s) totalling $49.00.,REC_002,1 failed transaction(s) totalling $49.00.,$49.00 potential impact (score: 93.1),"Trigger dunning sequence: retry payment after 3 days, send payment update email after 5 days, escalate to CSM after 10 days.",High
TRC-2B504A6C79,2026-05-07T23:36:41.659072+00:00,Recommendation,REC_002,1 failed transaction(s) totalling $49.00.,REC_002,1 failed transaction(s) totalling $49.00.,$49.00 potential impact (score: 93.1),"Trigger dunning sequence: retry payment after 3 days, send payment update email after 5 days, escalate to CSM after 10 days.",High
TRC-76E7B18919,2026-05-07T23:36:41.659077+00:00,Recommendation,REC_002,1 failed transaction(s) totalling $49.00.,REC_002,1 failed transaction(s) totalling $49.00.,$49.00 potential impact (score: 93.1),"Trigger dunning sequence: retry payment after 3 days, send payment update email after 5 days, escalate to CSM after 10 days.",High
TRC-58866A6AA6,2026-05-07T23:36:41.659082+00:00,Recommendation,REC_002,1 failed transaction(s) totalling $49.00.,REC_002,1 failed transaction(s) totalling $49.00.,$49.00 potential impact (score: 93.1),"Trigger dunning sequence: retry payment after 3 days, send payment update email after 5 days, escalate to CSM after 10 days.",High
TRC-5642B61241,2026-05-07T23:36:41.659087+00:00,Recommendation,REC_002,1 failed transaction(s) totalling $49.00.,REC_002,1 failed transaction(s) totalling $49.00.,$49.00 potential impact (score: 93.1),"Trigger dunning sequence: retry payment after 3 days, send payment update email after 5 days, escalate to CSM after 10 days.",High
TRC-A5CD3C2E4D,2026-05-07T23:36:41.659096+00:00,Recommendation,REC_002,1 failed transaction(s) totalling $49.00.,REC_002,1 failed transaction(s) totalling $49.00.,$49.00 potential impact (score: 93.1),"Trigger dunning sequence: retry payment after 3 days, send payment update email after 5 days, escalate to CSM after 10 days.",High
TRC-C5A1EE15E3,2026-05-07T23:36:41.659101+00:00,Recommendation,REC_002,1 failed transaction(s) totalling $49.00.,REC_002,1 failed transaction(s) totalling $49.00.,$49.00 potential impact (score: 93.1),"Trigger dunning sequence: retry payment after 3 days, send payment update email after 5 days, escalate to CSM after 10 days.",High
TRC-98AED7DD18,2026-05-07T23:36:41.659106+00:00,Recommendation,REC_002,1 failed transaction(s) totalling $49.00.,REC_002,1 failed transaction(s) totalling $49.00.,$49.00 potential impact (score: 93.1),"Trigger dunning sequence: retry payment after 3 days, send payment update email after 5 days, escalate to CSM after 10 days.",High
TRC-86855FC5F3,2026-05-07T23:36:41.659114+00:00,Recommendation,REC_002,1 failed transaction(s) totalling $49.00.,REC_002,1 failed transaction(s) totalling $49.00.,$49.00 potential impact (score: 93.1),"Trigger dunning sequence: retry payment after 3 days, send payment update email after 5 days, escalate to CSM after 10 days.",High
TRC-51EDD3CA4E,2026-05-07T23:36:41.659119+00:00,Recommendation,REC_002,1 failed transaction(s) totalling $49.00.,REC_002,1 failed transaction(s) totalling $49.00.,$49.00 potential impact (score: 93.1),"Trigger dunning sequence: retry payment after 3 days, send payment update email after 5 days, escalate to CSM after 10 days.",High
TRC-DA642003D1,2026-05-07T23:36:41.659124+00:00,Recommendation,REC_002,1 failed transaction(s) totalling $49.00.,REC_002,1 failed transaction(s) totalling $49.00.,$49.00 potential impact (score: 93.1),"Trigger dunning sequence: retry payment after 3 days, send payment update email after 5 days, escalate to CSM after 10 days.",High
TRC-EA4DFDD2B1,2026-05-07T23:36:41.659132+00:00,Recommendation,REC_002,1 failed transaction(s) totalling $49.00.,REC_002,1 failed transaction(s) totalling $49.00.,$49.00 potential impact (score: 93.1),"Trigger dunning sequence: retry payment after 3 days, send payment update email after 5 days, escalate to CSM after 10 days.",High
TRC-7A95F15286,2026-05-07T23:36:41.659137+00:00,Recommendation,REC_002,1 failed transaction(s) totalling $49.00.,REC_002,1 failed transaction(s) totalling $49.00.,$49.00 potential impact (score: 93.1),"Trigger dunning sequence: retry payment after 3 days, send payment update email after 5 days, escalate to CSM after 10 days.",High
TRC-9670654B7D,2026-05-07T23:36:41.659142+00:00,Recommendation,REC_002,1 failed transaction(s) totalling $49.00.,REC_002,1 failed transaction(s) totalling $49.00.,$49.00 potential impact (score: 93.1),"Trigger dunning sequence: retry payment after 3 days, send payment update email after 5 days, escalate to CSM after 10 days.",High
TRC-00008D5040,2026-05-07T23:36:41.659151+00:00,Recommendation,REC_002,1 failed transaction(s) totalling $49.00.,REC_002,1 failed transaction(s) totalling $49.00.,$49.00 potential impact (score: 93.1),"Trigger dunning sequence: retry payment after 3 days, send payment update email after 5 days, escalate to CSM after 10 days.",High
TRC-A29048E041,2026-05-07T23:36:41.659156+00:00,Recommendation,REC_002,1 failed transaction(s) totalling $49.00.,REC_002,1 failed transaction(s) totalling $49.00.,$49.00 potential impact (score: 93.1),"Trigger dunning sequence: retry payment after 3 days, send payment update email after 5 days, escalate to CSM after 10 days.",High
TRC-3EBD22E046,2026-05-07T23:36:41.659160+00:00,Recommendation,REC_002,1 failed transaction(s) totalling $49.00.,REC_002,1 failed transaction(s) totalling $49.00.,$49.00 potential impact (score: 93.1),"Trigger dunning sequence: retry payment after 3 days, send payment update email after 5 days, escalate to CSM after 10 days.",High
TRC-E17CBF40FA,2026-05-07T23:36:41.659168+00:00,Recommendation,REC_002,1 failed transaction(s) totalling $49.00.,REC_002,1 failed transaction(s) totalling $49.00.,$49.00 potential impact (score: 93.1),"Trigger dunning sequence: retry payment after 3 days, send payment update email after 5 days, escalate to CSM after 10 days.",High
TRC-F90F1FD57E,2026-05-07T23:36:41.659172+00:00,Recommendation,REC_002,1 failed transaction(s) totalling $49.00.,REC_002,1 failed transaction(s) totalling $49.00.,$49.00 potential impact (score: 93.1),"Trigger dunning sequence: retry payment after 3 days, send payment update email after 5 days, escalate to CSM after 10 days.",High
TRC-064651D10D,2026-05-07T23:36:41.659177+00:00,Recommendation,REC_002,1 failed transaction(s) totalling $49.00.,REC_002,1 failed transaction(s) totalling $49.00.,$49.00 potential impact (score: 93.1),"Trigger dunning sequence: retry payment after 3 days, send payment update email after 5 days, escalate to CSM after 10 days.",High
TRC-493042993F,2026-05-07T23:36:41.659186+00:00,Recommendation,REC_002,1 failed transaction(s) totalling $49.00.,REC_002,1 failed transaction(s) totalling $49.00.,$49.00 potential impact (score: 93.1),"Trigger dunning sequence: retry payment after 3 days, send payment update email after 5 days, escalate to CSM after 10 days.",High
TRC-30F89A7DB3,2026-05-07T23:36:41.659191+00:00,Recommendation,REC_002,1 failed transaction(s) totalling $49.00.,REC_002,1 failed transaction(s) totalling $49.00.,$49.00 potential impact (score: 93.1),"Trigger dunning sequence: retry payment after 3 days, send payment update email after 5 days, escalate to CSM after 10 days.",High
TRC-DD20461C63,2026-05-07T23:36:41.659196+00:00,Recommendation,REC_002,1 failed transaction(s) totalling $49.00.,REC_002,1 failed transaction(s) totalling $49.00.,$49.00 potential impact (score: 93.1),"Trigger dunning sequence: retry payment after 3 days, send payment update email after 5 days, escalate to CSM after 10 days.",High
TRC-B12083DFAF,2026-05-07T23:36:41.659204+00:00,Recommendation,REC_002,1 failed transaction(s) totalling $49.00.,REC_002,1 failed transaction(s) totalling $49.00.,$49.00 potential impact (score: 93.1),"Trigger dunning sequence: retry payment after 3 days, send payment update email after 5 days, escalate to CSM after 10 days.",High
TRC-FACEAF30B7,2026-05-07T23:36:41.659209+00:00,Recommendation,REC_002,1 failed transaction(s) totalling $49.00.,REC_002,1 failed transaction(s) totalling $49.00.,$49.00 potential impact (score: 93.1),"Trigger dunning sequence: retry payment after 3 days, send payment update email after 5 days, escalate to CSM after 10 days.",High
TRC-D7B12C6531,2026-05-07T23:36:41.659214+00:00,Recommendation,REC_002,1 failed transaction(s) totalling $49.00.,REC_002,1 failed transaction(s) totalling $49.00.,$49.00 potential impact (score: 93.1),"Trigger dunning sequence: retry payment after 3 days, send payment update email after 5 days, escalate to CSM after 10 days.",High
TRC-6654BEF2B8,2026-05-07T23:36:41.659222+00:00,Recommendation,REC_002,1 failed transaction(s) totalling $49.00.,REC_002,1 failed transaction(s) totalling $49.00.,$49.00 potential impact (score: 93.1),"Trigger dunning sequence: retry payment after 3 days, send payment update email after 5 days, escalate to CSM after 10 days.",High
TRC-7054119DF2,2026-05-07T23:36:41.659227+00:00,Recommendation,REC_002,1 failed transaction(s) totalling $49.00.,REC_002,1 failed transaction(s) totalling $49.00.,$49.00 potential impact (score: 93.1),"Trigger dunning sequence: retry payment after 3 days, send payment update email after 5 days, escalate to CSM after 10 days.",High
TRC-A0BBC9D38F,2026-05-07T23:36:41.659232+00:00,Recommendation,REC_002,1 failed transaction(s) totalling $49.00.,REC_002,1 failed transaction(s) totalling $49.00.,$49.00 potential impact (score: 93.1),"Trigger dunning sequence: retry payment after 3 days, send payment update email after 5 days, escalate to CSM after 10 days.",High
TRC-D21F543740,2026-05-07T23:36:41.659241+00:00,Recommendation,REC_002,1 failed transaction(s) totalling $49.00.,REC_002,1 failed transaction(s) totalling $49.00.,$49.00 potential impact (score: 93.1),"Trigger dunning sequence: retry payment after 3 days, send payment update email after 5 days, escalate to CSM after 10 days.",High
TRC-026E93498D,2026-05-07T23:36:41.659246+00:00,Recommendation,REC_002,1 failed transaction(s) totalling $49.00.,REC_002,1 failed transaction(s) totalling $49.00.,$49.00 potential impact (score: 93.1),"Trigger dunning sequence: retry payment after 3 days, send payment update email after 5 days, escalate to CSM after 10 days.",High
TRC-FFB5295C1C,2026-05-07T23:36:41.659250+00:00,Recommendation,REC_002,1 failed transaction(s) totalling $49.00.,REC_002,1 failed transaction(s) totalling $49.00.,$49.00 potential impact (score: 93.1),"Trigger dunning sequence: retry payment after 3 days, send payment update email after 5 days, escalate to CSM after 10 days.",High
TRC-270747BD2E,2026-05-07T23:36:41.659259+00:00,Recommendation,REC_002,1 failed transaction(s) totalling $49.00.,REC_002,1 failed transaction(s) totalling $49.00.,$49.00 potential impact (score: 93.1),"Trigger dunning sequence: retry payment after 3 days, send payment update email after 5 days, escalate to CSM after 10 days.",High
TRC-51D25EA746,2026-05-07T23:36:41.659264+00:00,Recommendation,REC_002,1 failed transaction(s) totalling $49.00.,REC_002,1 failed transaction(s) totalling $49.00.,$49.00 potential impact (score: 93.1),"Trigger dunning sequence: retry payment after 3 days, send payment update email after 5 days, escalate to CSM after 10 days.",High
TRC-5E4BAAFE08,2026-05-07T23:36:41.659268+00:00,Recommendation,REC_002,1 failed transaction(s) totalling $49.00.,REC_002,1 failed transaction(s) totalling $49.00.,$49.00 potential impact (score: 93.1),"Trigger dunning sequence: retry payment after 3 days, send payment update email after 5 days, escalate to CSM after 10 days.",High
TRC-896060307B,2026-05-07T23:36:41.659276+00:00,Recommendation,REC_002,1 failed transaction(s) totalling $49.00.,REC_002,1 failed transaction(s) totalling $49.00.,$49.00 potential impact (score: 93.1),"Trigger dunning sequence: retry payment after 3 days, send payment update email after 5 days, escalate to CSM after 10 days.",High
TRC-2560977DA8,2026-05-07T23:36:41.659282+00:00,Recommendation,REC_002,1 failed transaction(s) totalling $49.00.,REC_002,1 failed transaction(s) totalling $49.00.,$49.00 potential impact (score: 93.1),"Trigger dunning sequence: retry payment after 3 days, send payment update email after 5 days, escalate to CSM after 10 days.",High
TRC-8678C76080,2026-05-07T23:36:41.659286+00:00,Recommendation,REC_002,1 failed transaction(s) totalling $49.00.,REC_002,1 failed transaction(s) totalling $49.00.,$49.00 potential impact (score: 93.1),"Trigger dunning sequence: retry payment after 3 days, send payment update email after 5 days, escalate to CSM after 10 days.",High
TRC-43FD7FD708,2026-05-07T23:36:41.659291+00:00,Recommendation,REC_002,1 failed transaction(s) totalling $49.00.,REC_002,1 failed transaction(s) totalling $49.00.,$49.00 potential impact (score: 93.1),"Trigger dunning sequence: retry payment after 3 days, send payment update email after 5 days, escalate to CSM after 10 days.",High
TRC-7BDE7C3C94,2026-05-07T23:36:41.659296+00:00,Recommendation,REC_002,1 failed transaction(s) totalling $49.00.,REC_002,1 failed transaction(s) totalling $49.00.,$49.00 potential impact (score: 93.1),"Trigger dunning sequence: retry payment after 3 days, send payment update email after 5 days, escalate to CSM after 10 days.",High
TRC-F9C5EF1710,2026-05-07T23:36:41.659301+00:00,Recommendation,REC_002,1 failed transaction(s) totalling $49.00.,REC_002,1 failed transaction(s) totalling $49.00.,$49.00 potential impact (score: 93.1),"Trigger dunning sequence: retry payment after 3 days, send payment update email after 5 days, escalate to CSM after 10 days.",High
TRC-E149A52881,2026-05-07T23:36:41.659306+00:00,Recommendation,REC_002,1 failed transaction(s) totalling $49.00.,REC_002,1 failed transaction(s) totalling $49.00.,$49.00 potential impact (score: 93.1),"Trigger dunning sequence: retry payment after 3 days, send payment update email after 5 days, escalate to CSM after 10 days.",High
TRC-31A18F7D00,2026-05-07T23:36:41.659312+00:00,Recommendation,REC_002,1 failed transaction(s) totalling $49.00.,REC_002,1 failed transaction(s) totalling $49.00.,$49.00 potential impact (score: 93.1),"Trigger dunning sequence: retry payment after 3 days, send payment update email after 5 days, escalate to CSM after 10 days.",High
TRC-77657C38AB,2026-05-07T23:36:41.659317+00:00,Recommendation,REC_002,1 failed transaction(s) totalling $49.00.,REC_002,1 failed transaction(s) totalling $49.00.,$49.00 potential impact (score: 93.1),"Trigger dunning sequence: retry payment after 3 days, send payment update email after 5 days, escalate to CSM after 10 days.",High
TRC-9B8082E413,2026-05-07T23:36:41.659322+00:00,Recommendation,REC_002,1 failed transaction(s) totalling $49.00.,REC_002,1 failed transaction(s) totalling $49.00.,$49.00 potential impact (score: 93.1),"Trigger dunning sequence: retry payment after 3 days, send payment update email after 5 days, escalate to CSM after 10 days.",High
TRC-792DF8C50D,2026-05-07T23:36:41.659326+00:00,Recommendation,REC_002,1 failed transaction(s) totalling $49.00.,REC_002,1 failed transaction(s) totalling $49.00.,$49.00 potential impact (score: 93.1),"Trigger dunning sequence: retry payment after 3 days, send payment update email after 5 days, escalate to CSM after 10 days.",High
TRC-6DD95E7DDC,2026-05-07T23:36:41.659334+00:00,Recommendation,REC_002,1 failed transaction(s) totalling $49.00.,REC_002,1 failed transaction(s) totalling $49.00.,$49.00 potential impact (score: 93.1),"Trigger dunning sequence: retry payment after 3 days, send payment update email after 5 days, escalate to CSM after 10 days.",High
TRC-FE117E64A6,2026-05-07T23:36:41.659339+00:00,Recommendation,REC_002,1 failed transaction(s) totalling $49.00.,REC_002,1 failed transaction(s) totalling $49.00.,$49.00 potential impact (score: 93.1),"Trigger dunning sequence: retry payment after 3 days, send payment update email after 5 days, escalate to CSM after 10 days.",High
TRC-C077DC9151,2026-05-07T23:36:41.659344+00:00,Recommendation,REC_002,1 failed transaction(s) totalling $49.00.,REC_002,1 failed transaction(s) totalling $49.00.,$49.00 potential impact (score: 93.1),"Trigger dunning sequence: retry payment after 3 days, send payment update email after 5 days, escalate to CSM after 10 days.",High
TRC-231DA16D97,2026-05-07T23:36:41.659352+00:00,Recommendation,REC_002,1 failed transaction(s) totalling $49.00.,REC_002,1 failed transaction(s) totalling $49.00.,$49.00 potential impact (score: 93.1),"Trigger dunning sequence: retry payment after 3 days, send payment update email after 5 days, escalate to CSM after 10 days.",High
TRC-BB38F013F2,2026-05-07T23:36:41.659357+00:00,Recommendation,REC_002,1 failed transaction(s) totalling $49.00.,REC_002,1 failed transaction(s) totalling $49.00.,$49.00 potential impact (score: 93.1),"Trigger dunning sequence: retry payment after 3 days, send payment update email after 5 days, escalate to CSM after 10 days.",High
TRC-3B679F37C9,2026-05-07T23:36:41.659361+00:00,Recommendation,REC_002,1 failed transaction(s) totalling $49.00.,REC_002,1 failed transaction(s) totalling $49.00.,$49.00 potential impact (score: 93.1),"Trigger dunning sequence: retry payment after 3 days, send payment update email after 5 days, escalate to CSM after 10 days.",High
TRC-E7F7EBAEF8,2026-05-07T23:36:41.659369+00:00,Recommendation,REC_002,1 failed transaction(s) totalling $49.00.,REC_002,1 failed transaction(s) totalling $49.00.,$49.00 potential impact (score: 93.1),"Trigger dunning sequence: retry payment after 3 days, send payment update email after 5 days, escalate to CSM after 10 days.",High
TRC-3B4068876D,2026-05-07T23:36:41.659375+00:00,Recommendation,REC_002,1 failed transaction(s) totalling $49.00.,REC_002,1 failed transaction(s) totalling $49.00.,$49.00 potential impact (score: 93.1),"Trigger dunning sequence: retry payment after 3 days, send payment update email after 5 days, escalate to CSM after 10 days.",High
TRC-229BE1D053,2026-05-07T23:36:41.659379+00:00,Recommendation,REC_002,1 failed transaction(s) totalling $49.00.,REC_002,1 failed transaction(s) totalling $49.00.,$49.00 potential impact (score: 93.1),"Trigger dunning sequence: retry payment after 3 days, send payment update email after 5 days, escalate to CSM after 10 days.",High
TRC-CB7A1D691A,2026-05-07T23:36:41.659387+00:00,Recommendation,REC_002,1 failed transaction(s) totalling $49.00.,REC_002,1 failed transaction(s) totalling $49.00.,$49.00 potential impact (score: 93.1),"Trigger dunning sequence: retry payment after 3 days, send payment update email after 5 days, escalate to CSM after 10 days.",High
TRC-254218D360,2026-05-07T23:36:41.659392+00:00,Recommendation,REC_002,1 failed transaction(s) totalling $49.00.,REC_002,1 failed transaction(s) totalling $49.00.,$49.00 potential impact (score: 93.1),"Trigger dunning sequence: retry payment after 3 days, send payment update email after 5 days, escalate to CSM after 10 days.",High
TRC-89ED2AEDFE,2026-05-07T23:36:41.659397+00:00,Recommendation,REC_002,1 failed transaction(s) totalling $49.00.,REC_002,1 failed transaction(s) totalling $49.00.,$49.00 potential impact (score: 93.1),"Trigger dunning sequence: retry payment after 3 days, send payment update email after 5 days, escalate to CSM after 10 days.",High
TRC-6C4B2F53F9,2026-05-07T23:36:41.659404+00:00,Recommendation,REC_002,1 failed transaction(s) totalling $49.00.,REC_002,1 failed transaction(s) totalling $49.00.,$49.00 potential impact (score: 93.1),"Trigger dunning sequence: retry payment after 3 days, send payment update email after 5 days, escalate to CSM after 10 days.",High
TRC-1E373EEA8A,2026-05-07T23:36:41.659409+00:00,Recommendation,REC_002,1 failed transaction(s) totalling $49.00.,REC_002,1 failed transaction(s) totalling $49.00.,$49.00 potential impact (score: 93.1),"Trigger dunning sequence: retry payment after 3 days, send payment update email after 5 days, escalate to CSM after 10 days.",High
TRC-1555F302D5,2026-05-07T23:36:41.659414+00:00,Recommendation,REC_002,1 failed transaction(s) totalling $49.00.,REC_002,1 failed transaction(s) totalling $49.00.,$49.00 potential impact (score: 93.1),"Trigger dunning sequence: retry payment after 3 days, send payment update email after 5 days, escalate to CSM after 10 days.",High
TRC-A72D0AFC8A,2026-05-07T23:36:41.659422+00:00,Recommendation,REC_002,1 failed transaction(s) totalling $49.00.,REC_002,1 failed transaction(s) totalling $49.00.,$49.00 potential impact (score: 93.1),"Trigger dunning sequence: retry payment after 3 days, send payment update email after 5 days, escalate to CSM after 10 days.",High
TRC-E8F9F1C203,2026-05-07T23:36:41.659427+00:00,Recommendation,REC_002,1 failed transaction(s) totalling $49.00.,REC_002,1 failed transaction(s) totalling $49.00.,$49.00 potential impact (score: 93.1),"Trigger dunning sequence: retry payment after 3 days, send payment update email after 5 days, escalate to CSM after 10 days.",High
TRC-40364AEA38,2026-05-07T23:36:41.659431+00:00,Recommendation,REC_002,1 failed transaction(s) totalling $49.00.,REC_002,1 failed transaction(s) totalling $49.00.,$49.00 potential impact (score: 93.1),"Trigger dunning sequence: retry payment after 3 days, send payment update email after 5 days, escalate to CSM after 10 days.",High
TRC-4025B2AD0A,2026-05-07T23:36:41.659440+00:00,Recommendation,REC_002,1 failed transaction(s) totalling $49.00.,REC_002,1 failed transaction(s) totalling $49.00.,$49.00 potential impact (score: 93.1),"Trigger dunning sequence: retry payment after 3 days, send payment update email after 5 days, escalate to CSM after 10 days.",High
TRC-65A40F9808,2026-05-07T23:36:41.659445+00:00,Recommendation,REC_002,1 failed transaction(s) totalling $49.00.,REC_002,1 failed transaction(s) totalling $49.00.,$49.00 potential impact (score: 93.1),"Trigger dunning sequence: retry payment after 3 days, send payment update email after 5 days, escalate to CSM after 10 days.",High
TRC-F2362E3A10,2026-05-07T23:36:41.659450+00:00,Recommendation,REC_002,1 failed transaction(s) totalling $49.00.,REC_002,1 failed transaction(s) totalling $49.00.,$49.00 potential impact (score: 93.1),"Trigger dunning sequence: retry payment after 3 days, send payment update email after 5 days, escalate to CSM after 10 days.",High
TRC-530134BB42,2026-05-07T23:36:41.659458+00:00,Recommendation,REC_002,1 failed transaction(s) totalling $49.00.,REC_002,1 failed transaction(s) totalling $49.00.,$49.00 potential impact (score: 93.1),"Trigger dunning sequence: retry payment after 3 days, send payment update email after 5 days, escalate to CSM after 10 days.",High
TRC-C08B853563,2026-05-07T23:36:41.659463+00:00,Recommendation,REC_002,1 failed transaction(s) totalling $49.00.,REC_002,1 failed transaction(s) totalling $49.00.,$49.00 potential impact (score: 93.1),"Trigger dunning sequence: retry payment after 3 days, send payment update email after 5 days, escalate to CSM after 10 days.",High
TRC-FC09D50496,2026-05-07T23:36:41.659468+00:00,Recommendation,REC_002,1 failed transaction(s) totalling $49.00.,REC_002,1 failed transaction(s) totalling $49.00.,$49.00 potential impact (score: 93.1),"Trigger dunning sequence: retry payment after 3 days, send payment update email after 5 days, escalate to CSM after 10 days.",High
TRC-89D20DD11F,2026-05-07T23:36:41.659477+00:00,Recommendation,REC_002,1 failed transaction(s) totalling $49.00.,REC_002,1 failed transaction(s) totalling $49.00.,$49.00 potential impact (score: 93.1),"Trigger dunning sequence: retry payment after 3 days, send payment update email after 5 days, escalate to CSM after 10 days.",High
TRC-0BAC922F79,2026-05-07T23:36:41.659482+00:00,Recommendation,REC_002,1 failed transaction(s) totalling $49.00.,REC_002,1 failed transaction(s) totalling $49.00.,$49.00 potential impact (score: 93.1),"Trigger dunning sequence: retry payment after 3 days, send payment update email after 5 days, escalate to CSM after 10 days.",High
TRC-F84A620B5C,2026-05-07T23:36:41.659487+00:00,Recommendation,REC_002,1 failed transaction(s) totalling $49.00.,REC_002,1 failed transaction(s) totalling $49.00.,$49.00 potential impact (score: 93.1),"Trigger dunning sequence: retry payment after 3 days, send payment update email after 5 days, escalate to CSM after 10 days.",High
TRC-6BE4B77922,2026-05-07T23:36:41.659495+00:00,Recommendation,REC_002,1 failed transaction(s) totalling $49.00.,REC_002,1 failed transaction(s) totalling $49.00.,$49.00 potential impact (score: 93.1),"Trigger dunning sequence: retry payment after 3 days, send payment update email after 5 days, escalate to CSM after 10 days.",High
TRC-9C690CF9DD,2026-05-07T23:36:41.659500+00:00,Recommendation,REC_002,1 failed transaction(s) totalling $49.00.,REC_002,1 failed transaction(s) totalling $49.00.,$49.00 potential impact (score: 93.1),"Trigger dunning sequence: retry payment after 3 days, send payment update email after 5 days, escalate to CSM after 10 days.",High
TRC-D2CD38753F,2026-05-07T23:36:41.659505+00:00,Recommendation,REC_002,1 failed transaction(s) totalling $49.00.,REC_002,1 failed transaction(s) totalling $49.00.,$49.00 potential impact (score: 93.1),"Trigger dunning sequence: retry payment after 3 days, send payment update email after 5 days, escalate to CSM after 10 days.",High
TRC-9D8DD5E323,2026-05-07T23:36:41.659513+00:00,Recommendation,REC_002,1 failed transaction(s) totalling $49.00.,REC_002,1 failed transaction(s) totalling $49.00.,$49.00 potential impact (score: 93.1),"Trigger dunning sequence: retry payment after 3 days, send payment update email after 5 days, escalate to CSM after 10 days.",High
TRC-34073E322A,2026-05-07T23:36:41.659518+00:00,Recommendation,REC_002,1 failed transaction(s) totalling $49.00.,REC_002,1 failed transaction(s) totalling $49.00.,$49.00 potential impact (score: 93.1),"Trigger dunning sequence: retry payment after 3 days, send payment update email after 5 days, escalate to CSM after 10 days.",High
TRC-E3DF83AF24,2026-05-07T23:36:41.659523+00:00,Recommendation,REC_002,1 failed transaction(s) totalling $49.00.,REC_002,1 failed transaction(s) totalling $49.00.,$49.00 potential impact (score: 93.1),"Trigger dunning sequence: retry payment after 3 days, send payment update email after 5 days, escalate to CSM after 10 days.",High
TRC-04EA63AD35,2026-05-07T23:36:41.659531+00:00,Recommendation,REC_002,1 failed transaction(s) totalling $49.00.,REC_002,1 failed transaction(s) totalling $49.00.,$49.00 potential impact (score: 93.1),"Trigger dunning sequence: retry payment after 3 days, send payment update email after 5 days, escalate to CSM after 10 days.",High
TRC-B490AD8983,2026-05-07T23:36:41.659536+00:00,Recommendation,REC_002,1 failed transaction(s) totalling $49.00.,REC_002,1 failed transaction(s) totalling $49.00.,$49.00 potential impact (score: 93.1),"Trigger dunning sequence: retry payment after 3 days, send payment update email after 5 days, escalate to CSM after 10 days.",High
TRC-C35899084A,2026-05-07T23:36:41.659541+00:00,Recommendation,REC_002,1 failed transaction(s) totalling $49.00.,REC_002,1 failed transaction(s) totalling $49.00.,$49.00 potential impact (score: 93.1),"Trigger dunning sequence: retry payment after 3 days, send payment update email after 5 days, escalate to CSM after 10 days.",High
TRC-DD97F4C25F,2026-05-07T23:36:41.659549+00:00,Recommendation,REC_002,1 failed transaction(s) totalling $49.00.,REC_002,1 failed transaction(s) totalling $49.00.,$49.00 potential impact (score: 93.1),"Trigger dunning sequence: retry payment after 3 days, send payment update email after 5 days, escalate to CSM after 10 days.",High
TRC-0EB61858DD,2026-05-07T23:36:41.659555+00:00,Recommendation,REC_002,1 failed transaction(s) totalling $49.00.,REC_002,1 failed transaction(s) totalling $49.00.,$49.00 potential impact (score: 93.1),"Trigger dunning sequence: retry payment after 3 days, send payment update email after 5 days, escalate to CSM after 10 days.",High
TRC-EB4BA2D336,2026-05-07T23:36:41.659559+00:00,Recommendation,REC_002,1 failed transaction(s) totalling $49.00.,REC_002,1 failed transaction(s) totalling $49.00.,$49.00 potential impact (score: 93.1),"Trigger dunning sequence: retry payment after 3 days, send payment update email after 5 days, escalate to CSM after 10 days.",High
TRC-008597BF99,2026-05-07T23:36:41.659568+00:00,Recommendation,REC_002,1 failed transaction(s) totalling $49.00.,REC_002,1 failed transaction(s) totalling $49.00.,$49.00 potential impact (score: 93.1),"Trigger dunning sequence: retry payment after 3 days, send payment update email after 5 days, escalate to CSM after 10 days.",High
TRC-77BA069D1A,2026-05-07T23:36:41.659573+00:00,Recommendation,REC_002,1 failed transaction(s) totalling $49.00.,REC_002,1 failed transaction(s) totalling $49.00.,$49.00 potential impact (score: 93.1),"Trigger dunning sequence: retry payment after 3 days, send payment update email after 5 days, escalate to CSM after 10 days.",High
TRC-5380FD8C65,2026-05-07T23:36:41.659578+00:00,Recommendation,REC_002,1 failed transaction(s) totalling $49.00.,REC_002,1 failed transaction(s) totalling $49.00.,$49.00 potential impact (score: 93.1),"Trigger dunning sequence: retry payment after 3 days, send payment update email after 5 days, escalate to CSM after 10 days.",High
TRC-992E16FBE2,2026-05-07T23:36:41.659586+00:00,Recommendation,REC_002,1 failed transaction(s) totalling $49.00.,REC_002,1 failed transaction(s) totalling $49.00.,$49.00 potential impact (score: 93.1),"Trigger dunning sequence: retry payment after 3 days, send payment update email after 5 days, escalate to CSM after 10 days.",High
TRC-152782C1D9,2026-05-07T23:36:41.659591+00:00,Recommendation,REC_002,1 failed transaction(s) totalling $49.00.,REC_002,1 failed transaction(s) totalling $49.00.,$49.00 potential impact (score: 93.1),"Trigger dunning sequence: retry payment after 3 days, send payment update email after 5 days, escalate to CSM after 10 days.",High
TRC-5F1348FE40,2026-05-07T23:36:41.659596+00:00,Recommendation,REC_002,1 failed transaction(s) totalling $49.00.,REC_002,1 failed transaction(s) totalling $49.00.,$49.00 potential impact (score: 93.1),"Trigger dunning sequence: retry payment after 3 days, send payment update email after 5 days, escalate to CSM after 10 days.",High
TRC-90B2512D7D,2026-05-07T23:36:41.659601+00:00,Recommendation,REC_002,1 failed transaction(s) totalling $49.00.,REC_002,1 failed transaction(s) totalling $49.00.,$49.00 potential impact (score: 93.1),"Trigger dunning sequence: retry payment after 3 days, send payment update email after 5 days, escalate to CSM after 10 days.",High
TRC-530614FD23,2026-05-07T23:36:41.659606+00:00,Recommendation,REC_002,1 failed transaction(s) totalling $49.00.,REC_002,1 failed transaction(s) totalling $49.00.,$49.00 potential impact (score: 93.1),"Trigger dunning sequence: retry payment after 3 days, send payment update email after 5 days, escalate to CSM after 10 days.",High
TRC-B60165D448,2026-05-07T23:36:41.659611+00:00,Recommendation,REC_002,1 failed transaction(s) totalling $49.00.,REC_002,1 failed transaction(s) totalling $49.00.,$49.00 potential impact (score: 93.1),"Trigger dunning sequence: retry payment after 3 days, send payment update email after 5 days, escalate to CSM after 10 days.",High
TRC-4E4C6D8ED9,2026-05-07T23:36:41.659617+00:00,Recommendation,REC_002,1 failed transaction(s) totalling $49.00.,REC_002,1 failed transaction(s) totalling $49.00.,$49.00 potential impact (score: 93.1),"Trigger dunning sequence: retry payment after 3 days, send payment update email after 5 days, escalate to CSM after 10 days.",High
TRC-B3DC808F38,2026-05-07T23:36:41.659622+00:00,Recommendation,REC_002,1 failed transaction(s) totalling $49.00.,REC_002,1 failed transaction(s) totalling $49.00.,$49.00 potential impact (score: 93.1),"Trigger dunning sequence: retry payment after 3 days, send payment update email after 5 days, escalate to CSM after 10 days.",High
TRC-9FDB592E8A,2026-05-07T23:36:41.659627+00:00,Recommendation,REC_002,1 failed transaction(s) totalling $49.00.,REC_002,1 failed transaction(s) totalling $49.00.,$49.00 potential impact (score: 93.1),"Trigger dunning sequence: retry payment after 3 days, send payment update email after 5 days, escalate to CSM after 10 days.",High
TRC-9BA104F6F6,2026-05-07T23:36:41.659631+00:00,Recommendation,REC_002,1 failed transaction(s) totalling $49.00.,REC_002,1 failed transaction(s) totalling $49.00.,$49.00 potential impact (score: 93.1),"Trigger dunning sequence: retry payment after 3 days, send payment update email after 5 days, escalate to CSM after 10 days.",High
TRC-2F473A6C6F,2026-05-07T23:36:41.659636+00:00,Recommendation,REC_002,1 failed transaction(s) totalling $49.00.,REC_002,1 failed transaction(s) totalling $49.00.,$49.00 potential impact (score: 93.1),"Trigger dunning sequence: retry payment after 3 days, send payment update email after 5 days, escalate to CSM after 10 days.",High
TRC-EC104EDB2E,2026-05-07T23:36:41.659641+00:00,Recommendation,REC_002,1 failed transaction(s) totalling $49.00.,REC_002,1 failed transaction(s) totalling $49.00.,$49.00 potential impact (score: 93.1),"Trigger dunning sequence: retry payment after 3 days, send payment update email after 5 days, escalate to CSM after 10 days.",High
TRC-018F5C1A62,2026-05-07T23:36:41.659646+00:00,Recommendation,REC_002,1 failed transaction(s) totalling $49.00.,REC_002,1 failed transaction(s) totalling $49.00.,$49.00 potential impact (score: 93.1),"Trigger dunning sequence: retry payment after 3 days, send payment update email after 5 days, escalate to CSM after 10 days.",High
TRC-9996D7F6AB,2026-05-07T23:36:41.659651+00:00,Recommendation,REC_002,1 failed transaction(s) totalling $49.00.,REC_002,1 failed transaction(s) totalling $49.00.,$49.00 potential impact (score: 93.1),"Trigger dunning sequence: retry payment after 3 days, send payment update email after 5 days, escalate to CSM after 10 days.",High
TRC-DE47487177,2026-05-07T23:36:41.659655+00:00,Recommendation,REC_002,1 failed transaction(s) totalling $49.00.,REC_002,1 failed transaction(s) totalling $49.00.,$49.00 potential impact (score: 93.1),"Trigger dunning sequence: retry payment after 3 days, send payment update email after 5 days, escalate to CSM after 10 days.",High
TRC-FB77113C6C,2026-05-07T23:36:41.659660+00:00,Recommendation,REC_002,1 failed transaction(s) totalling $49.00.,REC_002,1 failed transaction(s) totalling $49.00.,$49.00 potential impact (score: 93.1),"Trigger dunning sequence: retry payment after 3 days, send payment update email after 5 days, escalate to CSM after 10 days.",High
TRC-8D5422FDA2,2026-05-07T23:36:41.659665+00:00,Recommendation,REC_005,Subscription SUB-8dc0fef8 is Past Due — $49.00/month outstanding.,REC_005,Subscription SUB-8dc0fef8 is Past Due — $49.00/month outstanding.,$49.00 potential impact (score: 88.2),Escalate to finance for account hold review. Send formal payment demand notice and suspend non-critical features until resolved.,High
TRC-2FEBCC8F78,2026-05-07T23:36:41.659670+00:00,Recommendation,REC_005,Subscription SUB-729baa1c is Past Due — $49.00/month outstanding.,REC_005,Subscription SUB-729baa1c is Past Due — $49.00/month outstanding.,$49.00 potential impact (score: 88.2),Escalate to finance for account hold review. Send formal payment demand notice and suspend non-critical features until resolved.,High
TRC-45D574FD8A,2026-05-07T23:36:41.659675+00:00,Recommendation,REC_005,Subscription SUB-23c51e14 is Past Due — $49.00/month outstanding.,REC_005,Subscription SUB-23c51e14 is Past Due — $49.00/month outstanding.,$49.00 potential impact (score: 88.2),Escalate to finance for account hold review. Send formal payment demand notice and suspend non-critical features until resolved.,High
TRC-EF72FEA77B,2026-05-07T23:36:41.659679+00:00,Recommendation,REC_005,Subscription SUB-488457a0 is Past Due — $49.00/month outstanding.,REC_005,Subscription SUB-488457a0 is Past Due — $49.00/month outstanding.,$49.00 potential impact (score: 88.2),Escalate to finance for account hold review. Send formal payment demand notice and suspend non-critical features until resolved.,High
TRC-6CF252DD27,2026-05-07T23:36:41.659688+00:00,Recommendation,REC_005,Subscription SUB-e5fe7f66 is Past Due — $49.00/month outstanding.,REC_005,Subscription SUB-e5fe7f66 is Past Due — $49.00/month outstanding.,$49.00 potential impact (score: 88.2),Escalate to finance for account hold review. Send formal payment demand notice and suspend non-critical features until resolved.,High
TRC-DFF9EA7295,2026-05-07T23:36:41.659693+00:00,Recommendation,REC_005,Subscription SUB-3b6114e0 is Past Due — $49.00/month outstanding.,REC_005,Subscription SUB-3b6114e0 is Past Due — $49.00/month outstanding.,$49.00 potential impact (score: 88.2),Escalate to finance for account hold review. Send formal payment demand notice and suspend non-critical features until resolved.,High
TRC-86D415A2EB,2026-05-07T23:36:41.659698+00:00,Recommendation,REC_005,Subscription SUB-0960376f is Past Due — $49.00/month outstanding.,REC_005,Subscription SUB-0960376f is Past Due — $49.00/month outstanding.,$49.00 potential impact (score: 88.2),Escalate to finance for account hold review. Send formal payment demand notice and suspend non-critical features until resolved.,High
TRC-DE3322D2B0,2026-05-07T23:36:41.659703+00:00,Recommendation,REC_005,Subscription SUB-d84aae61 is Past Due — $49.00/month outstanding.,REC_005,Subscription SUB-d84aae61 is Past Due — $49.00/month outstanding.,$49.00 potential impact (score: 88.2),Escalate to finance for account hold review. Send formal payment demand notice and suspend non-critical features until resolved.,High
TRC-BA3724132B,2026-05-07T23:36:41.659708+00:00,Recommendation,REC_005,Subscription SUB-11ab9ca9 is Past Due — $49.00/month outstanding.,REC_005,Subscription SUB-11ab9ca9 is Past Due — $49.00/month outstanding.,$49.00 potential impact (score: 88.2),Escalate to finance for account hold review. Send formal payment demand notice and suspend non-critical features until resolved.,High
TRC-769A0284AD,2026-05-07T23:36:41.659713+00:00,Recommendation,REC_005,Subscription SUB-9d2b0d9d is Past Due — $49.00/month outstanding.,REC_005,Subscription SUB-9d2b0d9d is Past Due — $49.00/month outstanding.,$49.00 potential impact (score: 88.2),Escalate to finance for account hold review. Send formal payment demand notice and suspend non-critical features until resolved.,High
TRC-228D4F9AF7,2026-05-07T23:36:41.659717+00:00,Recommendation,REC_005,Subscription SUB-adf999a8 is Past Due — $49.00/month outstanding.,REC_005,Subscription SUB-adf999a8 is Past Due — $49.00/month outstanding.,$49.00 potential impact (score: 88.2),Escalate to finance for account hold review. Send formal payment demand notice and suspend non-critical features until resolved.,High
TRC-69D84F3A14,2026-05-07T23:36:41.659722+00:00,Recommendation,REC_005,Subscription SUB-0d888f19 is Past Due — $49.00/month outstanding.,REC_005,Subscription SUB-0d888f19 is Past Due — $49.00/month outstanding.,$49.00 potential impact (score: 88.2),Escalate to finance for account hold review. Send formal payment demand notice and suspend non-critical features until resolved.,High
TRC-4816E8EE7E,2026-05-07T23:36:41.659727+00:00,Recommendation,REC_005,Subscription SUB-545f40f7 is Past Due — $49.00/month outstanding.,REC_005,Subscription SUB-545f40f7 is Past Due — $49.00/month outstanding.,$49.00 potential impact (score: 88.2),Escalate to finance for account hold review. Send formal payment demand notice and suspend non-critical features until resolved.,High
TRC-6B87FE0F60,2026-05-07T23:36:41.659735+00:00,Recommendation,REC_005,Subscription SUB-29bd0912 is Past Due — $49.00/month outstanding.,REC_005,Subscription SUB-29bd0912 is Past Due — $49.00/month outstanding.,$49.00 potential impact (score: 88.2),Escalate to finance for account hold review. Send formal payment demand notice and suspend non-critical features until resolved.,High
TRC-4019E13A44,2026-05-07T23:36:41.659740+00:00,Recommendation,REC_005,Subscription SUB-340aa568 is Past Due — $49.00/month outstanding.,REC_005,Subscription SUB-340aa568 is Past Due — $49.00/month outstanding.,$49.00 potential impact (score: 88.2),Escalate to finance for account hold review. Send formal payment demand notice and suspend non-critical features until resolved.,High
TRC-E40DDDCD8E,2026-05-07T23:36:41.659745+00:00,Recommendation,REC_005,Subscription SUB-918b5314 is Past Due — $49.00/month outstanding.,REC_005,Subscription SUB-918b5314 is Past Due — $49.00/month outstanding.,$49.00 potential impact (score: 88.2),Escalate to finance for account hold review. Send formal payment demand notice and suspend non-critical features until resolved.,High
TRC-88A54F6FBF,2026-05-07T23:36:41.659750+00:00,Recommendation,REC_005,Subscription SUB-7edcd91c is Past Due — $49.00/month outstanding.,REC_005,Subscription SUB-7edcd91c is Past Due — $49.00/month outstanding.,$49.00 potential impact (score: 88.2),Escalate to finance for account hold review. Send formal payment demand notice and suspend non-critical features until resolved.,High
TRC-77DF13E5DF,2026-05-07T23:36:41.659755+00:00,Recommendation,REC_005,Subscription SUB-127c0375 is Past Due — $49.00/month outstanding.,REC_005,Subscription SUB-127c0375 is Past Due — $49.00/month outstanding.,$49.00 potential impact (score: 88.2),Escalate to finance for account hold review. Send formal payment demand notice and suspend non-critical features until resolved.,High
TRC-F1AF176B17,2026-05-07T23:36:41.659760+00:00,Recommendation,REC_005,Subscription SUB-eae77b03 is Past Due — $49.00/month outstanding.,REC_005,Subscription SUB-eae77b03 is Past Due — $49.00/month outstanding.,$49.00 potential impact (score: 88.2),Escalate to finance for account hold review. Send formal payment demand notice and suspend non-critical features until resolved.,High
TRC-E4D379C3D5,2026-05-07T23:36:41.659765+00:00,Recommendation,REC_005,Subscription SUB-7ead4a24 is Past Due — $49.00/month outstanding.,REC_005,Subscription SUB-7ead4a24 is Past Due — $49.00/month outstanding.,$49.00 potential impact (score: 88.2),Escalate to finance for account hold review. Send formal payment demand notice and suspend non-critical features until resolved.,High
TRC-43A665C634,2026-05-07T23:36:41.659773+00:00,Recommendation,REC_005,Subscription SUB-4645cf33 is Past Due — $49.00/month outstanding.,REC_005,Subscription SUB-4645cf33 is Past Due — $49.00/month outstanding.,$49.00 potential impact (score: 88.2),Escalate to finance for account hold review. Send formal payment demand notice and suspend non-critical features until resolved.,High
TRC-FC8BF5752E,2026-05-07T23:36:41.659778+00:00,Recommendation,REC_005,Subscription SUB-4a945d16 is Past Due — $49.00/month outstanding.,REC_005,Subscription SUB-4a945d16 is Past Due — $49.00/month outstanding.,$49.00 potential impact (score: 88.2),Escalate to finance for account hold review. Send formal payment demand notice and suspend non-critical features until resolved.,High
TRC-3FB8D7B62E,2026-05-07T23:36:41.659783+00:00,Recommendation,REC_005,Subscription SUB-5312b4d7 is Past Due — $49.00/month outstanding.,REC_005,Subscription SUB-5312b4d7 is Past Due — $49.00/month outstanding.,$49.00 potential impact (score: 88.2),Escalate to finance for account hold review. Send formal payment demand notice and suspend non-critical features until resolved.,High
TRC-D71DE77A9F,2026-05-07T23:36:41.659788+00:00,Recommendation,REC_005,Subscription SUB-f91ac10d is Past Due — $49.00/month outstanding.,REC_005,Subscription SUB-f91ac10d is Past Due — $49.00/month outstanding.,$49.00 potential impact (score: 88.2),Escalate to finance for account hold review. Send formal payment demand notice and suspend non-critical features until resolved.,High
TRC-3F444985D6,2026-05-07T23:36:41.659793+00:00,Recommendation,REC_005,Subscription SUB-f5ae661c is Past Due — $49.00/month outstanding.,REC_005,Subscription SUB-f5ae661c is Past Due — $49.00/month outstanding.,$49.00 potential impact (score: 88.2),Escalate to finance for account hold review. Send formal payment demand notice and suspend non-critical features until resolved.,High
TRC-4EA1C8692B,2026-05-07T23:36:41.659802+00:00,Recommendation,REC_005,Subscription SUB-e58c2612 is Past Due — $49.00/month outstanding.,REC_005,Subscription SUB-e58c2612 is Past Due — $49.00/month outstanding.,$49.00 potential impact (score: 88.2),Escalate to finance for account hold review. Send formal payment demand notice and suspend non-critical features until resolved.,High
TRC-1512CA8652,2026-05-07T23:36:41.659807+00:00,Recommendation,REC_005,Subscription SUB-b671baa8 is Past Due — $49.00/month outstanding.,REC_005,Subscription SUB-b671baa8 is Past Due — $49.00/month outstanding.,$49.00 potential impact (score: 88.2),Escalate to finance for account hold review. Send formal payment demand notice and suspend non-critical features until resolved.,High
TRC-A1D55AEF53,2026-05-07T23:36:41.659812+00:00,Recommendation,REC_005,Subscription SUB-caee7b97 is Past Due — $49.00/month outstanding.,REC_005,Subscription SUB-caee7b97 is Past Due — $49.00/month outstanding.,$49.00 potential impact (score: 88.2),Escalate to finance for account hold review. Send formal payment demand notice and suspend non-critical features until resolved.,High
TRC-25E7308A9D,2026-05-07T23:36:41.659817+00:00,Recommendation,REC_004,Churn risk band: High. Drivers: Failed Payments.,REC_004,Churn risk band: High. Drivers: Failed Payments.,$49.00 potential impact (score: 98.0),Contact customer directly to confirm payment details and offer alternative payment methods before the subscription lapses.,Medium
TRC-B7C67A0294,2026-05-07T23:36:41.659825+00:00,Recommendation,REC_004,"Churn risk band: High. Drivers: Failed Payments, High Support Burden.",REC_004,"Churn risk band: High. Drivers: Failed Payments, High Support Burden.",$49.00 potential impact (score: 98.0),Contact customer directly to confirm payment details and offer alternative payment methods before the subscription lapses.,Medium
TRC-55CA1C2A1B,2026-05-07T23:36:41.659831+00:00,Recommendation,REC_004,Churn risk band: High. Drivers: Failed Payments.,REC_004,Churn risk band: High. Drivers: Failed Payments.,$49.00 potential impact (score: 98.0),Contact customer directly to confirm payment details and offer alternative payment methods before the subscription lapses.,Medium
TRC-97BDF77F59,2026-05-07T23:36:41.659836+00:00,Recommendation,REC_004,Churn risk band: High. Drivers: Failed Payments.,REC_004,Churn risk band: High. Drivers: Failed Payments.,$49.00 potential impact (score: 98.0),Contact customer directly to confirm payment details and offer alternative payment methods before the subscription lapses.,Medium
TRC-C915137AD7,2026-05-07T23:36:41.659841+00:00,Recommendation,REC_004,Churn risk band: High. Drivers: Failed Payments.,REC_004,Churn risk band: High. Drivers: Failed Payments.,$49.00 potential impact (score: 98.0),Contact customer directly to confirm payment details and offer alternative payment methods before the subscription lapses.,Medium
TRC-B035900944,2026-05-07T23:36:41.659846+00:00,Recommendation,REC_004,Churn risk band: High. Drivers: Failed Payments.,REC_004,Churn risk band: High. Drivers: Failed Payments.,$49.00 potential impact (score: 98.0),Contact customer directly to confirm payment details and offer alternative payment methods before the subscription lapses.,Medium
TRC-D2050E4A08,2026-05-07T23:36:41.659851+00:00,Recommendation,REC_004,"Churn risk band: High. Drivers: Failed Payments, High Support Burden.",REC_004,"Churn risk band: High. Drivers: Failed Payments, High Support Burden.",$49.00 potential impact (score: 98.0),Contact customer directly to confirm payment details and offer alternative payment methods before the subscription lapses.,Medium
TRC-640E94A127,2026-05-07T23:36:41.659855+00:00,Recommendation,REC_004,"Churn risk band: High. Drivers: Failed Payments, High Support Burden.",REC_004,"Churn risk band: High. Drivers: Failed Payments, High Support Burden.",$49.00 potential impact (score: 98.0),Contact customer directly to confirm payment details and offer alternative payment methods before the subscription lapses.,Medium
TRC-9B5596F16C,2026-05-07T23:36:41.659860+00:00,Recommendation,REC_004,"Churn risk band: High. Drivers: Failed Payments, High Support Burden.",REC_004,"Churn risk band: High. Drivers: Failed Payments, High Support Burden.",$49.00 potential impact (score: 98.0),Contact customer directly to confirm payment details and offer alternative payment methods before the subscription lapses.,Medium
TRC-73226F5B2E,2026-05-07T23:36:41.659866+00:00,Recommendation,REC_004,Churn risk band: High. Drivers: Failed Payments.,REC_004,Churn risk band: High. Drivers: Failed Payments.,$49.00 potential impact (score: 98.0),Contact customer directly to confirm payment details and offer alternative payment methods before the subscription lapses.,Medium
TRC-4B4EEAC3AC,2026-05-07T23:36:41.659871+00:00,Recommendation,REC_004,"Churn risk band: High. Drivers: Failed Payments, High Support Burden.",REC_004,"Churn risk band: High. Drivers: Failed Payments, High Support Burden.",$49.00 potential impact (score: 98.0),Contact customer directly to confirm payment details and offer alternative payment methods before the subscription lapses.,Medium
TRC-3303DB93CF,2026-05-07T23:36:41.659877+00:00,Recommendation,REC_004,Churn risk band: High. Drivers: Failed Payments.,REC_004,Churn risk band: High. Drivers: Failed Payments.,$49.00 potential impact (score: 98.0),Contact customer directly to confirm payment details and offer alternative payment methods before the subscription lapses.,Medium
TRC-1EDA11077E,2026-05-07T23:36:41.659882+00:00,Recommendation,REC_004,Churn risk band: High. Drivers: Failed Payments.,REC_004,Churn risk band: High. Drivers: Failed Payments.,$49.00 potential impact (score: 98.0),Contact customer directly to confirm payment details and offer alternative payment methods before the subscription lapses.,Medium
TRC-350661F69D,2026-05-07T23:36:41.659886+00:00,Recommendation,REC_004,Churn risk band: High. Drivers: Failed Payments.,REC_004,Churn risk band: High. Drivers: Failed Payments.,$49.00 potential impact (score: 98.0),Contact customer directly to confirm payment details and offer alternative payment methods before the subscription lapses.,Medium
TRC-54280E6E36,2026-05-07T23:36:41.659894+00:00,Recommendation,REC_004,"Churn risk band: High. Drivers: Failed Payments, High Support Burden.",REC_004,"Churn risk band: High. Drivers: Failed Payments, High Support Burden.",$49.00 potential impact (score: 98.0),Contact customer directly to confirm payment details and offer alternative payment methods before the subscription lapses.,Medium
TRC-E4071AE8B9,2026-05-07T23:36:41.659899+00:00,Recommendation,REC_004,"Churn risk band: High. Drivers: Failed Payments, High Support Burden.",REC_004,"Churn risk band: High. Drivers: Failed Payments, High Support Burden.",$49.00 potential impact (score: 98.0),Contact customer directly to confirm payment details and offer alternative payment methods before the subscription lapses.,Medium
TRC-E141A65327,2026-05-07T23:36:41.659904+00:00,Recommendation,REC_004,Churn risk band: High. Drivers: Failed Payments.,REC_004,Churn risk band: High. Drivers: Failed Payments.,$49.00 potential impact (score: 98.0),Contact customer directly to confirm payment details and offer alternative payment methods before the subscription lapses.,Medium
TRC-F98AD3ED02,2026-05-07T23:36:41.659913+00:00,Recommendation,REC_004,Churn risk band: High. Drivers: Failed Payments.,REC_004,Churn risk band: High. Drivers: Failed Payments.,$49.00 potential impact (score: 98.0),Contact customer directly to confirm payment details and offer alternative payment methods before the subscription lapses.,Medium
TRC-348AA1B05E,2026-05-07T23:36:41.659918+00:00,Recommendation,REC_004,Churn risk band: High. Drivers: Failed Payments.,REC_004,Churn risk band: High. Drivers: Failed Payments.,$49.00 potential impact (score: 98.0),Contact customer directly to confirm payment details and offer alternative payment methods before the subscription lapses.,Medium
TRC-2EC7E4BB56,2026-05-07T23:36:41.659923+00:00,Recommendation,REC_004,Churn risk band: High. Drivers: Failed Payments.,REC_004,Churn risk band: High. Drivers: Failed Payments.,$49.00 potential impact (score: 98.0),Contact customer directly to confirm payment details and offer alternative payment methods before the subscription lapses.,Medium
TRC-3B6882DE35,2026-05-07T23:36:41.659928+00:00,Recommendation,REC_004,"Churn risk band: High. Drivers: Failed Payments, High Support Burden.",REC_004,"Churn risk band: High. Drivers: Failed Payments, High Support Burden.",$49.00 potential impact (score: 98.0),Contact customer directly to confirm payment details and offer alternative payment methods before the subscription lapses.,Medium
TRC-912432AE94,2026-05-07T23:36:41.659934+00:00,Recommendation,REC_004,"Churn risk band: High. Drivers: Failed Payments, High Support Burden.",REC_004,"Churn risk band: High. Drivers: Failed Payments, High Support Burden.",$49.00 potential impact (score: 98.0),Contact customer directly to confirm payment details and offer alternative payment methods before the subscription lapses.,Medium
TRC-5AB3926266,2026-05-07T23:36:41.659939+00:00,Recommendation,REC_004,Churn risk band: High. Drivers: Failed Payments.,REC_004,Churn risk band: High. Drivers: Failed Payments.,$49.00 potential impact (score: 98.0),Contact customer directly to confirm payment details and offer alternative payment methods before the subscription lapses.,Medium
TRC-DFB80D0161,2026-05-07T23:36:41.659944+00:00,Recommendation,REC_004,Churn risk band: High. Drivers: Failed Payments.,REC_004,Churn risk band: High. Drivers: Failed Payments.,$49.00 potential impact (score: 98.0),Contact customer directly to confirm payment details and offer alternative payment methods before the subscription lapses.,Medium
TRC-0954CE91A0,2026-05-07T23:36:41.659949+00:00,Recommendation,REC_004,Churn risk band: High. Drivers: Failed Payments.,REC_004,Churn risk band: High. Drivers: Failed Payments.,$49.00 potential impact (score: 98.0),Contact customer directly to confirm payment details and offer alternative payment methods before the subscription lapses.,Medium
TRC-3BFB533AE1,2026-05-07T23:36:41.659958+00:00,Recommendation,REC_004,"Churn risk band: High. Drivers: Failed Payments, High Support Burden.",REC_004,"Churn risk band: High. Drivers: Failed Payments, High Support Burden.",$49.00 potential impact (score: 98.0),Contact customer directly to confirm payment details and offer alternative payment methods before the subscription lapses.,Medium
TRC-ECAFFAA30B,2026-05-07T23:36:41.659963+00:00,Recommendation,REC_004,"Churn risk band: High. Drivers: Failed Payments, High Support Burden.",REC_004,"Churn risk band: High. Drivers: Failed Payments, High Support Burden.",$49.00 potential impact (score: 98.0),Contact customer directly to confirm payment details and offer alternative payment methods before the subscription lapses.,Medium
TRC-7C1CF607F2,2026-05-07T23:36:41.659968+00:00,Recommendation,REC_004,"Churn risk band: High. Drivers: Failed Payments, High Support Burden.",REC_004,"Churn risk band: High. Drivers: Failed Payments, High Support Burden.",$49.00 potential impact (score: 98.0),Contact customer directly to confirm payment details and offer alternative payment methods before the subscription lapses.,Medium
TRC-305E70384F,2026-05-07T23:36:41.659973+00:00,Recommendation,REC_004,"Churn risk band: High. Drivers: Failed Payments, High Support Burden.",REC_004,"Churn risk band: High. Drivers: Failed Payments, High Support Burden.",$49.00 potential impact (score: 98.0),Contact customer directly to confirm payment details and offer alternative payment methods before the subscription lapses.,Medium
TRC-6CAD63D518,2026-05-07T23:36:41.659978+00:00,Recommendation,REC_004,Churn risk band: High. Drivers: Failed Payments.,REC_004,Churn risk band: High. Drivers: Failed Payments.,$49.00 potential impact (score: 98.0),Contact customer directly to confirm payment details and offer alternative payment methods before the subscription lapses.,Medium
TRC-5D63EBC57C,2026-05-07T23:36:41.659983+00:00,Recommendation,REC_004,Churn risk band: High. Drivers: Failed Payments.,REC_004,Churn risk band: High. Drivers: Failed Payments.,$49.00 potential impact (score: 98.0),Contact customer directly to confirm payment details and offer alternative payment methods before the subscription lapses.,Medium
TRC-0BD366854E,2026-05-07T23:36:41.659988+00:00,Recommendation,REC_004,"Churn risk band: High. Drivers: Failed Payments, High Support Burden.",REC_004,"Churn risk band: High. Drivers: Failed Payments, High Support Burden.",$49.00 potential impact (score: 98.0),Contact customer directly to confirm payment details and offer alternative payment methods before the subscription lapses.,Medium
TRC-562AD01FAB,2026-05-07T23:36:41.659993+00:00,Recommendation,REC_004,Churn risk band: High. Drivers: Failed Payments.,REC_004,Churn risk band: High. Drivers: Failed Payments.,$49.00 potential impact (score: 98.0),Contact customer directly to confirm payment details and offer alternative payment methods before the subscription lapses.,Medium
TRC-3DDC42A4C3,2026-05-07T23:36:41.659998+00:00,Recommendation,REC_004,Churn risk band: High. Drivers: Failed Payments.,REC_004,Churn risk band: High. Drivers: Failed Payments.,$49.00 potential impact (score: 98.0),Contact customer directly to confirm payment details and offer alternative payment methods before the subscription lapses.,Medium
TRC-A374312CF2,2026-05-07T23:36:41.660003+00:00,Recommendation,REC_004,"Churn risk band: High. Drivers: Failed Payments, High Support Burden.",REC_004,"Churn risk band: High. Drivers: Failed Payments, High Support Burden.",$49.00 potential impact (score: 98.0),Contact customer directly to confirm payment details and offer alternative payment methods before the subscription lapses.,Medium
TRC-F2BE03F71E,2026-05-07T23:36:41.660008+00:00,Recommendation,REC_004,"Churn risk band: High. Drivers: Low NPS, Failed Payments.",REC_004,"Churn risk band: High. Drivers: Low NPS, Failed Payments.",$49.00 potential impact (score: 98.0),Contact customer directly to confirm payment details and offer alternative payment methods before the subscription lapses.,Medium
TRC-E5AAB899CA,2026-05-07T23:36:41.660013+00:00,Recommendation,REC_004,Churn risk band: High. Drivers: Failed Payments.,REC_004,Churn risk band: High. Drivers: Failed Payments.,$49.00 potential impact (score: 98.0),Contact customer directly to confirm payment details and offer alternative payment methods before the subscription lapses.,Medium
TRC-F49FA70561,2026-05-07T23:36:41.660018+00:00,Recommendation,REC_004,Churn risk band: High. Drivers: Failed Payments.,REC_004,Churn risk band: High. Drivers: Failed Payments.,$49.00 potential impact (score: 98.0),Contact customer directly to confirm payment details and offer alternative payment methods before the subscription lapses.,Medium
TRC-6C14162B96,2026-05-07T23:36:41.660023+00:00,Recommendation,REC_004,Churn risk band: High. Drivers: Failed Payments.,REC_004,Churn risk band: High. Drivers: Failed Payments.,$49.00 potential impact (score: 98.0),Contact customer directly to confirm payment details and offer alternative payment methods before the subscription lapses.,Medium
TRC-819129A384,2026-05-07T23:36:41.660028+00:00,Recommendation,REC_004,Churn risk band: High. Drivers: Failed Payments.,REC_004,Churn risk band: High. Drivers: Failed Payments.,$49.00 potential impact (score: 98.0),Contact customer directly to confirm payment details and offer alternative payment methods before the subscription lapses.,Medium
TRC-F9B2ED3DD4,2026-05-07T23:36:41.660033+00:00,Recommendation,REC_004,Churn risk band: High. Drivers: Failed Payments.,REC_004,Churn risk band: High. Drivers: Failed Payments.,$49.00 potential impact (score: 98.0),Contact customer directly to confirm payment details and offer alternative payment methods before the subscription lapses.,Medium
TRC-09659B0572,2026-05-07T23:36:41.660038+00:00,Recommendation,REC_004,"Churn risk band: High. Drivers: Failed Payments, High Support Burden.",REC_004,"Churn risk band: High. Drivers: Failed Payments, High Support Burden.",$49.00 potential impact (score: 98.0),Contact customer directly to confirm payment details and offer alternative payment methods before the subscription lapses.,Medium
TRC-6F20398EFF,2026-05-07T23:36:41.660043+00:00,Recommendation,REC_004,"Churn risk band: High. Drivers: Failed Payments, High Support Burden.",REC_004,"Churn risk band: High. Drivers: Failed Payments, High Support Burden.",$49.00 potential impact (score: 98.0),Contact customer directly to confirm payment details and offer alternative payment methods before the subscription lapses.,Medium
TRC-0044E35270,2026-05-07T23:36:41.660048+00:00,Recommendation,REC_004,"Churn risk band: High. Drivers: Failed Payments, High Support Burden.",REC_004,"Churn risk band: High. Drivers: Failed Payments, High Support Burden.",$49.00 potential impact (score: 98.0),Contact customer directly to confirm payment details and offer alternative payment methods before the subscription lapses.,Medium
TRC-C6E1C43DC4,2026-05-07T23:36:41.660053+00:00,Recommendation,REC_004,"Churn risk band: Critical. Drivers: Low NPS, Failed Payments, High Support Burden.",REC_004,"Churn risk band: Critical. Drivers: Low NPS, Failed Payments, High Support Burden.",$49.00 potential impact (score: 98.0),Contact customer directly to confirm payment details and offer alternative payment methods before the subscription lapses.,Medium
TRC-AED5EED566,2026-05-07T23:36:41.660058+00:00,Recommendation,REC_004,Churn risk band: High. Drivers: Failed Payments.,REC_004,Churn risk band: High. Drivers: Failed Payments.,$49.00 potential impact (score: 98.0),Contact customer directly to confirm payment details and offer alternative payment methods before the subscription lapses.,Medium
TRC-F4E8771351,2026-05-07T23:36:41.660063+00:00,Recommendation,REC_004,"Churn risk band: Critical. Drivers: Low NPS, Failed Payments, High Support Burden.",REC_004,"Churn risk band: Critical. Drivers: Low NPS, Failed Payments, High Support Burden.",$49.00 potential impact (score: 98.0),Contact customer directly to confirm payment details and offer alternative payment methods before the subscription lapses.,Medium
TRC-604C46B728,2026-05-07T23:36:41.660068+00:00,Recommendation,REC_004,Churn risk band: High. Drivers: Failed Payments.,REC_004,Churn risk band: High. Drivers: Failed Payments.,$49.00 potential impact (score: 98.0),Contact customer directly to confirm payment details and offer alternative payment methods before the subscription lapses.,Medium
TRC-3852AA4CBC,2026-05-07T23:36:41.660073+00:00,Recommendation,REC_004,"Churn risk band: High. Drivers: Failed Payments, High Support Burden.",REC_004,"Churn risk band: High. Drivers: Failed Payments, High Support Burden.",$49.00 potential impact (score: 98.0),Contact customer directly to confirm payment details and offer alternative payment methods before the subscription lapses.,Medium
TRC-E48778836A,2026-05-07T23:36:41.660080+00:00,Recommendation,REC_004,Churn risk band: High. Drivers: Failed Payments.,REC_004,Churn risk band: High. Drivers: Failed Payments.,$49.00 potential impact (score: 98.0),Contact customer directly to confirm payment details and offer alternative payment methods before the subscription lapses.,Medium
TRC-E09F688E68,2026-05-07T23:36:41.660085+00:00,Recommendation,REC_004,Churn risk band: High. Drivers: Failed Payments.,REC_004,Churn risk band: High. Drivers: Failed Payments.,$49.00 potential impact (score: 98.0),Contact customer directly to confirm payment details and offer alternative payment methods before the subscription lapses.,Medium
TRC-C9E455216D,2026-05-07T23:36:41.660089+00:00,Recommendation,REC_004,"Churn risk band: High. Drivers: Failed Payments, High Support Burden.",REC_004,"Churn risk band: High. Drivers: Failed Payments, High Support Burden.",$49.00 potential impact (score: 98.0),Contact customer directly to confirm payment details and offer alternative payment methods before the subscription lapses.,Medium
TRC-F169E23FBA,2026-05-07T23:36:41.660094+00:00,Recommendation,REC_004,"Churn risk band: High. Drivers: Failed Payments, High Support Burden.",REC_004,"Churn risk band: High. Drivers: Failed Payments, High Support Burden.",$49.00 potential impact (score: 98.0),Contact customer directly to confirm payment details and offer alternative payment methods before the subscription lapses.,Medium
TRC-B7B312BF07,2026-05-07T23:36:41.660099+00:00,Recommendation,REC_004,Churn risk band: High. Drivers: Failed Payments.,REC_004,Churn risk band: High. Drivers: Failed Payments.,$49.00 potential impact (score: 98.0),Contact customer directly to confirm payment details and offer alternative payment methods before the subscription lapses.,Medium
TRC-74095572EE,2026-05-07T23:36:41.660106+00:00,Recommendation,REC_004,"Churn risk band: High. Drivers: Failed Payments, High Support Burden.",REC_004,"Churn risk band: High. Drivers: Failed Payments, High Support Burden.",$49.00 potential impact (score: 98.0),Contact customer directly to confirm payment details and offer alternative payment methods before the subscription lapses.,Medium
TRC-699D5BC0EC,2026-05-07T23:36:41.660111+00:00,Recommendation,REC_004,Churn risk band: High. Drivers: Failed Payments.,REC_004,Churn risk band: High. Drivers: Failed Payments.,$49.00 potential impact (score: 98.0),Contact customer directly to confirm payment details and offer alternative payment methods before the subscription lapses.,Medium
TRC-EA7B87E3C2,2026-05-07T23:36:41.660116+00:00,Recommendation,REC_004,Churn risk band: High. Drivers: Failed Payments.,REC_004,Churn risk band: High. Drivers: Failed Payments.,$49.00 potential impact (score: 98.0),Contact customer directly to confirm payment details and offer alternative payment methods before the subscription lapses.,Medium
TRC-233D99AA0A,2026-05-07T23:36:41.660121+00:00,Recommendation,REC_004,Churn risk band: High. Drivers: Failed Payments.,REC_004,Churn risk band: High. Drivers: Failed Payments.,$49.00 potential impact (score: 98.0),Contact customer directly to confirm payment details and offer alternative payment methods before the subscription lapses.,Medium
TRC-1122794E8C,2026-05-07T23:36:41.660126+00:00,Recommendation,REC_004,"Churn risk band: High. Drivers: Failed Payments, High Support Burden.",REC_004,"Churn risk band: High. Drivers: Failed Payments, High Support Burden.",$49.00 potential impact (score: 98.0),Contact customer directly to confirm payment details and offer alternative payment methods before the subscription lapses.,Medium
TRC-CDA6AC6C94,2026-05-07T23:36:41.660131+00:00,Recommendation,REC_004,Churn risk band: High. Drivers: Failed Payments.,REC_004,Churn risk band: High. Drivers: Failed Payments.,$49.00 potential impact (score: 98.0),Contact customer directly to confirm payment details and offer alternative payment methods before the subscription lapses.,Medium
TRC-1A24CA3D3C,2026-05-07T23:36:41.660136+00:00,Recommendation,REC_004,Churn risk band: High. Drivers: Failed Payments.,REC_004,Churn risk band: High. Drivers: Failed Payments.,$49.00 potential impact (score: 98.0),Contact customer directly to confirm payment details and offer alternative payment methods before the subscription lapses.,Medium
TRC-581CD8FC6A,2026-05-07T23:36:41.660141+00:00,Recommendation,REC_004,Churn risk band: High. Drivers: Failed Payments.,REC_004,Churn risk band: High. Drivers: Failed Payments.,$49.00 potential impact (score: 98.0),Contact customer directly to confirm payment details and offer alternative payment methods before the subscription lapses.,Medium
TRC-19B073B8DE,2026-05-07T23:36:41.660146+00:00,Recommendation,REC_004,Churn risk band: High. Drivers: Failed Payments.,REC_004,Churn risk band: High. Drivers: Failed Payments.,$49.00 potential impact (score: 98.0),Contact customer directly to confirm payment details and offer alternative payment methods before the subscription lapses.,Medium
TRC-40C4882A36,2026-05-07T23:36:41.660152+00:00,Recommendation,REC_004,Churn risk band: High. Drivers: Failed Payments.,REC_004,Churn risk band: High. Drivers: Failed Payments.,$49.00 potential impact (score: 98.0),Contact customer directly to confirm payment details and offer alternative payment methods before the subscription lapses.,Medium
TRC-481DA2454C,2026-05-07T23:36:41.660156+00:00,Recommendation,REC_004,Churn risk band: High. Drivers: Failed Payments.,REC_004,Churn risk band: High. Drivers: Failed Payments.,$49.00 potential impact (score: 98.0),Contact customer directly to confirm payment details and offer alternative payment methods before the subscription lapses.,Medium
TRC-F3CE2F5E4A,2026-05-07T23:36:41.660161+00:00,Recommendation,REC_004,Churn risk band: High. Drivers: Failed Payments.,REC_004,Churn risk band: High. Drivers: Failed Payments.,$49.00 potential impact (score: 98.0),Contact customer directly to confirm payment details and offer alternative payment methods before the subscription lapses.,Medium
TRC-AD4F68F7C0,2026-05-07T23:36:41.660166+00:00,Recommendation,REC_004,"Churn risk band: High. Drivers: Failed Payments, High Support Burden.",REC_004,"Churn risk band: High. Drivers: Failed Payments, High Support Burden.",$49.00 potential impact (score: 98.0),Contact customer directly to confirm payment details and offer alternative payment methods before the subscription lapses.,Medium
TRC-98D5762925,2026-05-07T23:36:41.660171+00:00,Recommendation,REC_004,Churn risk band: High. Drivers: Failed Payments.,REC_004,Churn risk band: High. Drivers: Failed Payments.,$49.00 potential impact (score: 98.0),Contact customer directly to confirm payment details and offer alternative payment methods before the subscription lapses.,Medium
TRC-2587DE6DA7,2026-05-07T23:36:41.660176+00:00,Recommendation,REC_004,"Churn risk band: High. Drivers: Failed Payments, High Support Burden.",REC_004,"Churn risk band: High. Drivers: Failed Payments, High Support Burden.",$49.00 potential impact (score: 98.0),Contact customer directly to confirm payment details and offer alternative payment methods before the subscription lapses.,Medium
TRC-9B926D4104,2026-05-07T23:36:41.660180+00:00,Recommendation,REC_004,Churn risk band: High. Drivers: Failed Payments.,REC_004,Churn risk band: High. Drivers: Failed Payments.,$49.00 potential impact (score: 98.0),Contact customer directly to confirm payment details and offer alternative payment methods before the subscription lapses.,Medium
TRC-8233E8EEAB,2026-05-07T23:36:41.660185+00:00,Recommendation,REC_004,"Churn risk band: High. Drivers: Failed Payments, High Support Burden.",REC_004,"Churn risk band: High. Drivers: Failed Payments, High Support Burden.",$49.00 potential impact (score: 98.0),Contact customer directly to confirm payment details and offer alternative payment methods before the subscription lapses.,Medium
TRC-0514C51BBF,2026-05-07T23:36:41.660190+00:00,Recommendation,REC_004,Churn risk band: High. Drivers: Failed Payments.,REC_004,Churn risk band: High. Drivers: Failed Payments.,$49.00 potential impact (score: 98.0),Contact customer directly to confirm payment details and offer alternative payment methods before the subscription lapses.,Medium
TRC-FA8CE0A4D3,2026-05-07T23:36:41.660195+00:00,Recommendation,REC_004,Churn risk band: High. Drivers: Failed Payments.,REC_004,Churn risk band: High. Drivers: Failed Payments.,$49.00 potential impact (score: 98.0),Contact customer directly to confirm payment details and offer alternative payment methods before the subscription lapses.,Medium
TRC-D36A9F6383,2026-05-07T23:36:41.660200+00:00,Recommendation,REC_004,Churn risk band: High. Drivers: Failed Payments.,REC_004,Churn risk band: High. Drivers: Failed Payments.,$49.00 potential impact (score: 98.0),Contact customer directly to confirm payment details and offer alternative payment methods before the subscription lapses.,Medium
TRC-CF817450B3,2026-05-07T23:36:41.660204+00:00,Recommendation,REC_004,Churn risk band: High. Drivers: Failed Payments.,REC_004,Churn risk band: High. Drivers: Failed Payments.,$49.00 potential impact (score: 98.0),Contact customer directly to confirm payment details and offer alternative payment methods before the subscription lapses.,Medium
TRC-77D5AC5A63,2026-05-07T23:36:41.660209+00:00,Recommendation,REC_004,"Churn risk band: High. Drivers: Failed Payments, High Support Burden.",REC_004,"Churn risk band: High. Drivers: Failed Payments, High Support Burden.",$49.00 potential impact (score: 98.0),Contact customer directly to confirm payment details and offer alternative payment methods before the subscription lapses.,Medium
TRC-92A7CBD08E,2026-05-07T23:36:41.660214+00:00,Recommendation,REC_004,Churn risk band: High. Drivers: Failed Payments.,REC_004,Churn risk band: High. Drivers: Failed Payments.,$49.00 potential impact (score: 98.0),Contact customer directly to confirm payment details and offer alternative payment methods before the subscription lapses.,Medium
TRC-32A2F92FFD,2026-05-07T23:36:41.660219+00:00,Recommendation,REC_004,Churn risk band: High. Drivers: Failed Payments.,REC_004,Churn risk band: High. Drivers: Failed Payments.,$49.00 potential impact (score: 98.0),Contact customer directly to confirm payment details and offer alternative payment methods before the subscription lapses.,Medium
TRC-D54508B172,2026-05-07T23:36:41.660224+00:00,Recommendation,REC_004,Churn risk band: High. Drivers: Failed Payments.,REC_004,Churn risk band: High. Drivers: Failed Payments.,$49.00 potential impact (score: 98.0),Contact customer directly to confirm payment details and offer alternative payment methods before the subscription lapses.,Medium
TRC-534BFB27EB,2026-05-07T23:36:41.660228+00:00,Recommendation,REC_004,"Churn risk band: High. Drivers: Failed Payments, High Support Burden.",REC_004,"Churn risk band: High. Drivers: Failed Payments, High Support Burden.",$49.00 potential impact (score: 98.0),Contact customer directly to confirm payment details and offer alternative payment methods before the subscription lapses.,Medium
TRC-46A1E24815,2026-05-07T23:36:41.660233+00:00,Recommendation,REC_004,"Churn risk band: High. Drivers: Failed Payments, High Support Burden.",REC_004,"Churn risk band: High. Drivers: Failed Payments, High Support Burden.",$49.00 potential impact (score: 98.0),Contact customer directly to confirm payment details and offer alternative payment methods before the subscription lapses.,Medium
TRC-191D910F6B,2026-05-07T23:36:41.660238+00:00,Recommendation,REC_004,Churn risk band: High. Drivers: Failed Payments.,REC_004,Churn risk band: High. Drivers: Failed Payments.,$49.00 potential impact (score: 98.0),Contact customer directly to confirm payment details and offer alternative payment methods before the subscription lapses.,Medium
TRC-D1656F484C,2026-05-07T23:36:41.660243+00:00,Recommendation,REC_004,Churn risk band: High. Drivers: Failed Payments.,REC_004,Churn risk band: High. Drivers: Failed Payments.,$49.00 potential impact (score: 98.0),Contact customer directly to confirm payment details and offer alternative payment methods before the subscription lapses.,Medium
TRC-AC5B5C17B6,2026-05-07T23:36:41.660248+00:00,Recommendation,REC_004,"Churn risk band: High. Drivers: Low NPS, Failed Payments.",REC_004,"Churn risk band: High. Drivers: Low NPS, Failed Payments.",$49.00 potential impact (score: 98.0),Contact customer directly to confirm payment details and offer alternative payment methods before the subscription lapses.,Medium
TRC-426FA93F4C,2026-05-07T23:36:41.660253+00:00,Recommendation,REC_004,"Churn risk band: High. Drivers: Failed Payments, High Support Burden.",REC_004,"Churn risk band: High. Drivers: Failed Payments, High Support Burden.",$49.00 potential impact (score: 98.0),Contact customer directly to confirm payment details and offer alternative payment methods before the subscription lapses.,Medium
TRC-B7BF166F2C,2026-05-07T23:36:41.660260+00:00,Recommendation,REC_004,Churn risk band: High. Drivers: Failed Payments.,REC_004,Churn risk band: High. Drivers: Failed Payments.,$49.00 potential impact (score: 98.0),Contact customer directly to confirm payment details and offer alternative payment methods before the subscription lapses.,Medium
TRC-63FA527F40,2026-05-07T23:36:41.660265+00:00,Recommendation,REC_004,Churn risk band: High. Drivers: Failed Payments.,REC_004,Churn risk band: High. Drivers: Failed Payments.,$49.00 potential impact (score: 98.0),Contact customer directly to confirm payment details and offer alternative payment methods before the subscription lapses.,Medium
TRC-4F33B3223A,2026-05-07T23:36:41.660270+00:00,Recommendation,REC_004,"Churn risk band: High. Drivers: Failed Payments, High Support Burden.",REC_004,"Churn risk band: High. Drivers: Failed Payments, High Support Burden.",$49.00 potential impact (score: 98.0),Contact customer directly to confirm payment details and offer alternative payment methods before the subscription lapses.,Medium
TRC-A00A28EFEE,2026-05-07T23:36:41.660277+00:00,Recommendation,REC_004,Churn risk band: High. Drivers: Failed Payments.,REC_004,Churn risk band: High. Drivers: Failed Payments.,$49.00 potential impact (score: 98.0),Contact customer directly to confirm payment details and offer alternative payment methods before the subscription lapses.,Medium
TRC-4E76745817,2026-05-07T23:36:41.660282+00:00,Recommendation,REC_004,"Churn risk band: High. Drivers: Failed Payments, High Support Burden.",REC_004,"Churn risk band: High. Drivers: Failed Payments, High Support Burden.",$49.00 potential impact (score: 98.0),Contact customer directly to confirm payment details and offer alternative payment methods before the subscription lapses.,Medium
TRC-9E1D0C63BB,2026-05-07T23:36:41.660286+00:00,Recommendation,REC_004,"Churn risk band: High. Drivers: Failed Payments, High Support Burden.",REC_004,"Churn risk band: High. Drivers: Failed Payments, High Support Burden.",$49.00 potential impact (score: 98.0),Contact customer directly to confirm payment details and offer alternative payment methods before the subscription lapses.,Medium
TRC-98E9272F70,2026-05-07T23:36:41.660291+00:00,Recommendation,REC_004,Churn risk band: High. Drivers: Failed Payments.,REC_004,Churn risk band: High. Drivers: Failed Payments.,$49.00 potential impact (score: 98.0),Contact customer directly to confirm payment details and offer alternative payment methods before the subscription lapses.,Medium
TRC-1A8B082756,2026-05-07T23:36:41.660296+00:00,Recommendation,REC_004,Churn risk band: High. Drivers: Failed Payments.,REC_004,Churn risk band: High. Drivers: Failed Payments.,$49.00 potential impact (score: 98.0),Contact customer directly to confirm payment details and offer alternative payment methods before the subscription lapses.,Medium
TRC-C46EC1E710,2026-05-07T23:36:41.660301+00:00,Recommendation,REC_004,Churn risk band: High. Drivers: Failed Payments.,REC_004,Churn risk band: High. Drivers: Failed Payments.,$49.00 potential impact (score: 98.0),Contact customer directly to confirm payment details and offer alternative payment methods before the subscription lapses.,Medium
TRC-4737930147,2026-05-07T23:36:41.660306+00:00,Recommendation,REC_004,Churn risk band: High. Drivers: Failed Payments.,REC_004,Churn risk band: High. Drivers: Failed Payments.,$49.00 potential impact (score: 98.0),Contact customer directly to confirm payment details and offer alternative payment methods before the subscription lapses.,Medium
TRC-2C6CF4EA18,2026-05-07T23:36:41.660311+00:00,Recommendation,REC_004,"Churn risk band: Critical. Drivers: Low NPS, Failed Payments, High Support Burden.",REC_004,"Churn risk band: Critical. Drivers: Low NPS, Failed Payments, High Support Burden.",$49.00 potential impact (score: 98.0),Contact customer directly to confirm payment details and offer alternative payment methods before the subscription lapses.,Medium
TRC-B5D1BA8F04,2026-05-07T23:36:41.660315+00:00,Recommendation,REC_004,Churn risk band: High. Drivers: Failed Payments.,REC_004,Churn risk band: High. Drivers: Failed Payments.,$49.00 potential impact (score: 98.0),Contact customer directly to confirm payment details and offer alternative payment methods before the subscription lapses.,Medium
TRC-DE43326E07,2026-05-07T23:36:41.660320+00:00,Recommendation,REC_004,"Churn risk band: High. Drivers: Failed Payments, High Support Burden.",REC_004,"Churn risk band: High. Drivers: Failed Payments, High Support Burden.",$49.00 potential impact (score: 98.0),Contact customer directly to confirm payment details and offer alternative payment methods before the subscription lapses.,Medium
TRC-2D87DFB23A,2026-05-07T23:36:41.660325+00:00,Recommendation,REC_004,"Churn risk band: High. Drivers: Failed Payments, High Support Burden.",REC_004,"Churn risk band: High. Drivers: Failed Payments, High Support Burden.",$49.00 potential impact (score: 98.0),Contact customer directly to confirm payment details and offer alternative payment methods before the subscription lapses.,Medium
TRC-02D33F8DD4,2026-05-07T23:36:41.660329+00:00,Recommendation,REC_004,"Churn risk band: High. Drivers: Failed Payments, High Support Burden.",REC_004,"Churn risk band: High. Drivers: Failed Payments, High Support Burden.",$49.00 potential impact (score: 98.0),Contact customer directly to confirm payment details and offer alternative payment methods before the subscription lapses.,Medium
TRC-8250416008,2026-05-07T23:36:41.660336+00:00,Recommendation,REC_004,Churn risk band: High. Drivers: Failed Payments.,REC_004,Churn risk band: High. Drivers: Failed Payments.,$49.00 potential impact (score: 98.0),Contact customer directly to confirm payment details and offer alternative payment methods before the subscription lapses.,Medium
TRC-C727A6318D,2026-05-07T23:36:41.660341+00:00,Recommendation,REC_004,"Churn risk band: High. Drivers: Failed Payments, High Support Burden.",REC_004,"Churn risk band: High. Drivers: Failed Payments, High Support Burden.",$49.00 potential impact (score: 98.0),Contact customer directly to confirm payment details and offer alternative payment methods before the subscription lapses.,Medium
TRC-8A99DB332C,2026-05-07T23:36:41.660346+00:00,Recommendation,REC_004,Churn risk band: High. Drivers: Failed Payments.,REC_004,Churn risk band: High. Drivers: Failed Payments.,$49.00 potential impact (score: 98.0),Contact customer directly to confirm payment details and offer alternative payment methods before the subscription lapses.,Medium
TRC-1093AB8C7F,2026-05-07T23:36:41.660351+00:00,Recommendation,REC_004,"Churn risk band: High. Drivers: Failed Payments, High Support Burden.",REC_004,"Churn risk band: High. Drivers: Failed Payments, High Support Burden.",$49.00 potential impact (score: 98.0),Contact customer directly to confirm payment details and offer alternative payment methods before the subscription lapses.,Medium
TRC-CE977CA3CA,2026-05-07T23:36:41.660356+00:00,Recommendation,REC_004,Churn risk band: High. Drivers: Failed Payments.,REC_004,Churn risk band: High. Drivers: Failed Payments.,$49.00 potential impact (score: 98.0),Contact customer directly to confirm payment details and offer alternative payment methods before the subscription lapses.,Medium
TRC-E575DFE6B7,2026-05-07T23:36:41.660360+00:00,Recommendation,REC_004,"Churn risk band: High. Drivers: Failed Payments, High Support Burden.",REC_004,"Churn risk band: High. Drivers: Failed Payments, High Support Burden.",$49.00 potential impact (score: 98.0),Contact customer directly to confirm payment details and offer alternative payment methods before the subscription lapses.,Medium
TRC-B3C5609D76,2026-05-07T23:36:41.660365+00:00,Recommendation,REC_004,Churn risk band: High. Drivers: Failed Payments.,REC_004,Churn risk band: High. Drivers: Failed Payments.,$49.00 potential impact (score: 98.0),Contact customer directly to confirm payment details and offer alternative payment methods before the subscription lapses.,Medium
TRC-FBE7D4D0F8,2026-05-07T23:36:41.660372+00:00,Recommendation,REC_004,Churn risk band: High. Drivers: Failed Payments.,REC_004,Churn risk band: High. Drivers: Failed Payments.,$49.00 potential impact (score: 98.0),Contact customer directly to confirm payment details and offer alternative payment methods before the subscription lapses.,Medium
TRC-CE4C39B4D9,2026-05-07T23:36:41.660377+00:00,Recommendation,REC_004,Churn risk band: High. Drivers: Failed Payments.,REC_004,Churn risk band: High. Drivers: Failed Payments.,$49.00 potential impact (score: 98.0),Contact customer directly to confirm payment details and offer alternative payment methods before the subscription lapses.,Medium
TRC-BB74253B28,2026-05-07T23:36:41.660382+00:00,Recommendation,REC_004,Churn risk band: High. Drivers: Failed Payments.,REC_004,Churn risk band: High. Drivers: Failed Payments.,$49.00 potential impact (score: 98.0),Contact customer directly to confirm payment details and offer alternative payment methods before the subscription lapses.,Medium
TRC-7BC5014FF3,2026-05-07T23:36:41.660387+00:00,Recommendation,REC_004,Churn risk band: High. Drivers: Failed Payments.,REC_004,Churn risk band: High. Drivers: Failed Payments.,$49.00 potential impact (score: 98.0),Contact customer directly to confirm payment details and offer alternative payment methods before the subscription lapses.,Medium
TRC-26D80E62E9,2026-05-07T23:36:41.660392+00:00,Recommendation,REC_004,"Churn risk band: High. Drivers: Failed Payments, High Support Burden.",REC_004,"Churn risk band: High. Drivers: Failed Payments, High Support Burden.",$49.00 potential impact (score: 98.0),Contact customer directly to confirm payment details and offer alternative payment methods before the subscription lapses.,Medium
TRC-648D7287B7,2026-05-07T23:36:41.660397+00:00,Recommendation,REC_004,Churn risk band: High. Drivers: Failed Payments.,REC_004,Churn risk band: High. Drivers: Failed Payments.,$49.00 potential impact (score: 98.0),Contact customer directly to confirm payment details and offer alternative payment methods before the subscription lapses.,Medium
TRC-9C8B3439AF,2026-05-07T23:36:41.660401+00:00,Recommendation,REC_004,"Churn risk band: Critical. Drivers: Low NPS, Failed Payments, High Support Burden.",REC_004,"Churn risk band: Critical. Drivers: Low NPS, Failed Payments, High Support Burden.",$49.00 potential impact (score: 98.0),Contact customer directly to confirm payment details and offer alternative payment methods before the subscription lapses.,Medium
TRC-95B1D684A7,2026-05-07T23:36:41.660407+00:00,Recommendation,REC_004,Churn risk band: High. Drivers: Failed Payments.,REC_004,Churn risk band: High. Drivers: Failed Payments.,$49.00 potential impact (score: 98.0),Contact customer directly to confirm payment details and offer alternative payment methods before the subscription lapses.,Medium
TRC-5899B11B41,2026-05-07T23:36:41.660412+00:00,Recommendation,REC_004,"Churn risk band: High. Drivers: Failed Payments, High Support Burden.",REC_004,"Churn risk band: High. Drivers: Failed Payments, High Support Burden.",$49.00 potential impact (score: 98.0),Contact customer directly to confirm payment details and offer alternative payment methods before the subscription lapses.,Medium
TRC-CC7F5B0308,2026-05-07T23:36:41.660417+00:00,Recommendation,REC_004,"Churn risk band: High. Drivers: Failed Payments, High Support Burden.",REC_004,"Churn risk band: High. Drivers: Failed Payments, High Support Burden.",$49.00 potential impact (score: 98.0),Contact customer directly to confirm payment details and offer alternative payment methods before the subscription lapses.,Medium
TRC-AD1A12A95B,2026-05-07T23:36:41.660422+00:00,Recommendation,REC_004,Churn risk band: High. Drivers: Failed Payments.,REC_004,Churn risk band: High. Drivers: Failed Payments.,$49.00 potential impact (score: 98.0),Contact customer directly to confirm payment details and offer alternative payment methods before the subscription lapses.,Medium
TRC-F37CE860F4,2026-05-07T23:36:41.660427+00:00,Recommendation,REC_004,"Churn risk band: High. Drivers: Failed Payments, High Support Burden.",REC_004,"Churn risk band: High. Drivers: Failed Payments, High Support Burden.",$49.00 potential impact (score: 98.0),Contact customer directly to confirm payment details and offer alternative payment methods before the subscription lapses.,Medium
TRC-265C471A1A,2026-05-07T23:36:41.660434+00:00,Recommendation,REC_004,"Churn risk band: High. Drivers: Failed Payments, High Support Burden.",REC_004,"Churn risk band: High. Drivers: Failed Payments, High Support Burden.",$49.00 potential impact (score: 98.0),Contact customer directly to confirm payment details and offer alternative payment methods before the subscription lapses.,Medium
TRC-27C3CB5ED0,2026-05-07T23:36:41.660439+00:00,Recommendation,REC_004,Churn risk band: High. Drivers: Failed Payments.,REC_004,Churn risk band: High. Drivers: Failed Payments.,$49.00 potential impact (score: 98.0),Contact customer directly to confirm payment details and offer alternative payment methods before the subscription lapses.,Medium
TRC-3C5180341E,2026-05-07T23:36:41.660444+00:00,Recommendation,REC_004,Churn risk band: High. Drivers: Failed Payments.,REC_004,Churn risk band: High. Drivers: Failed Payments.,$49.00 potential impact (score: 98.0),Contact customer directly to confirm payment details and offer alternative payment methods before the subscription lapses.,Medium
TRC-B6167553CF,2026-05-07T23:36:41.660452+00:00,Recommendation,REC_006,"Churn risk band: Critical. Drivers: Low NPS, Failed Payments, High Support Burden.",REC_006,"Churn risk band: Critical. Drivers: Low NPS, Failed Payments, High Support Burden.",$49.00 potential impact (score: 91.9),Immediate CSM outreach. Conduct health-check call and offer feature enablement session to re-establish value.,Medium
TRC-3961377C47,2026-05-07T23:36:41.660458+00:00,Recommendation,REC_003,Churn risk band: High. Drivers: Failed Payments.,REC_003,Churn risk band: High. Drivers: Failed Payments.,$49.00 potential impact (score: 44.1),Send personalised in-app re-engagement campaign with 15% discount for 3-month commitment. Follow up with feature tutorial email sequence.,Medium
TRC-1D6F93BD33,2026-05-07T23:36:41.660463+00:00,Recommendation,REC_003,Churn risk band: High. Drivers: Failed Payments.,REC_003,Churn risk band: High. Drivers: Failed Payments.,$49.00 potential impact (score: 44.1),Send personalised in-app re-engagement campaign with 15% discount for 3-month commitment. Follow up with feature tutorial email sequence.,Medium
TRC-8FFC4199B7,2026-05-07T23:36:41.660468+00:00,Recommendation,REC_003,Churn risk band: High. Drivers: Failed Payments.,REC_003,Churn risk band: High. Drivers: Failed Payments.,$49.00 potential impact (score: 44.1),Send personalised in-app re-engagement campaign with 15% discount for 3-month commitment. Follow up with feature tutorial email sequence.,Medium
TRC-8131F68278,2026-05-07T23:36:41.660473+00:00,Recommendation,REC_003,"Churn risk band: High. Drivers: Failed Payments, High Support Burden.",REC_003,"Churn risk band: High. Drivers: Failed Payments, High Support Burden.",$49.00 potential impact (score: 44.1),Send personalised in-app re-engagement campaign with 15% discount for 3-month commitment. Follow up with feature tutorial email sequence.,Medium
TRC-13DF320AB3,2026-05-07T23:36:41.660478+00:00,Recommendation,REC_003,Churn risk band: High. Drivers: Failed Payments.,REC_003,Churn risk band: High. Drivers: Failed Payments.,$49.00 potential impact (score: 44.1),Send personalised in-app re-engagement campaign with 15% discount for 3-month commitment. Follow up with feature tutorial email sequence.,Medium
TRC-027C655B27,2026-05-07T23:36:41.660483+00:00,Recommendation,REC_003,"Churn risk band: High. Drivers: Failed Payments, High Support Burden.",REC_003,"Churn risk band: High. Drivers: Failed Payments, High Support Burden.",$49.00 potential impact (score: 44.1),Send personalised in-app re-engagement campaign with 15% discount for 3-month commitment. Follow up with feature tutorial email sequence.,Medium
TRC-6E0BCDB0C1,2026-05-07T23:36:41.660488+00:00,Recommendation,REC_003,Churn risk band: High. Drivers: Failed Payments.,REC_003,Churn risk band: High. Drivers: Failed Payments.,$49.00 potential impact (score: 44.1),Send personalised in-app re-engagement campaign with 15% discount for 3-month commitment. Follow up with feature tutorial email sequence.,Medium
TRC-BC686FC3FA,2026-05-07T23:36:41.660493+00:00,Recommendation,REC_003,Churn risk band: High. Drivers: Failed Payments.,REC_003,Churn risk band: High. Drivers: Failed Payments.,$49.00 potential impact (score: 44.1),Send personalised in-app re-engagement campaign with 15% discount for 3-month commitment. Follow up with feature tutorial email sequence.,Medium
TRC-01AA2B8D40,2026-05-07T23:36:41.660498+00:00,Recommendation,REC_003,"Churn risk band: High. Drivers: Failed Payments, High Support Burden.",REC_003,"Churn risk band: High. Drivers: Failed Payments, High Support Burden.",$49.00 potential impact (score: 44.1),Send personalised in-app re-engagement campaign with 15% discount for 3-month commitment. Follow up with feature tutorial email sequence.,Medium
TRC-4B762360CE,2026-05-07T23:36:41.660503+00:00,Recommendation,REC_003,Churn risk band: High. Drivers: Failed Payments.,REC_003,Churn risk band: High. Drivers: Failed Payments.,$49.00 potential impact (score: 44.1),Send personalised in-app re-engagement campaign with 15% discount for 3-month commitment. Follow up with feature tutorial email sequence.,Medium
TRC-D748C414EB,2026-05-07T23:36:41.660509+00:00,Recommendation,REC_003,"Churn risk band: High. Drivers: Failed Payments, High Support Burden.",REC_003,"Churn risk band: High. Drivers: Failed Payments, High Support Burden.",$49.00 potential impact (score: 44.1),Send personalised in-app re-engagement campaign with 15% discount for 3-month commitment. Follow up with feature tutorial email sequence.,Medium
TRC-C59AC82392,2026-05-07T23:36:41.660514+00:00,Recommendation,REC_003,Churn risk band: High. Drivers: Failed Payments.,REC_003,Churn risk band: High. Drivers: Failed Payments.,$49.00 potential impact (score: 44.1),Send personalised in-app re-engagement campaign with 15% discount for 3-month commitment. Follow up with feature tutorial email sequence.,Medium
TRC-F52554EDEB,2026-05-07T23:36:41.660523+00:00,Recommendation,REC_003,Churn risk band: High. Drivers: Failed Payments.,REC_003,Churn risk band: High. Drivers: Failed Payments.,$49.00 potential impact (score: 44.1),Send personalised in-app re-engagement campaign with 15% discount for 3-month commitment. Follow up with feature tutorial email sequence.,Medium
TRC-77663A2EA9,2026-05-07T23:36:41.660528+00:00,Recommendation,REC_003,"Churn risk band: High. Drivers: Usage Decline, Low Product Engagement.",REC_003,"Churn risk band: High. Drivers: Usage Decline, Low Product Engagement.",$49.00 potential impact (score: 44.1),Send personalised in-app re-engagement campaign with 15% discount for 3-month commitment. Follow up with feature tutorial email sequence.,Medium
TRC-82BAF7DD8B,2026-05-07T23:36:41.660533+00:00,Recommendation,REC_003,Churn risk band: High. Drivers: Failed Payments.,REC_003,Churn risk band: High. Drivers: Failed Payments.,$49.00 potential impact (score: 44.1),Send personalised in-app re-engagement campaign with 15% discount for 3-month commitment. Follow up with feature tutorial email sequence.,Medium
TRC-28E2003658,2026-05-07T23:36:41.660539+00:00,Recommendation,REC_003,"Churn risk band: High. Drivers: Failed Payments, High Support Burden.",REC_003,"Churn risk band: High. Drivers: Failed Payments, High Support Burden.",$49.00 potential impact (score: 44.1),Send personalised in-app re-engagement campaign with 15% discount for 3-month commitment. Follow up with feature tutorial email sequence.,Medium
TRC-7E16DC04C2,2026-05-07T23:36:41.660544+00:00,Recommendation,REC_003,"Churn risk band: High. Drivers: Low NPS, Failed Payments.",REC_003,"Churn risk band: High. Drivers: Low NPS, Failed Payments.",$49.00 potential impact (score: 44.1),Send personalised in-app re-engagement campaign with 15% discount for 3-month commitment. Follow up with feature tutorial email sequence.,Medium
TRC-79218D8337,2026-05-07T23:36:41.660549+00:00,Recommendation,REC_003,Churn risk band: High. Drivers: Failed Payments.,REC_003,Churn risk band: High. Drivers: Failed Payments.,$49.00 potential impact (score: 44.1),Send personalised in-app re-engagement campaign with 15% discount for 3-month commitment. Follow up with feature tutorial email sequence.,Medium
TRC-7015BDF161,2026-05-07T23:36:41.660556+00:00,Recommendation,REC_003,Churn risk band: High. Drivers: Failed Payments.,REC_003,Churn risk band: High. Drivers: Failed Payments.,$49.00 potential impact (score: 44.1),Send personalised in-app re-engagement campaign with 15% discount for 3-month commitment. Follow up with feature tutorial email sequence.,Medium
TRC-3BA8AC2AD5,2026-05-07T23:36:41.660562+00:00,Recommendation,REC_003,"Churn risk band: High. Drivers: Failed Payments, High Support Burden.",REC_003,"Churn risk band: High. Drivers: Failed Payments, High Support Burden.",$49.00 potential impact (score: 44.1),Send personalised in-app re-engagement campaign with 15% discount for 3-month commitment. Follow up with feature tutorial email sequence.,Medium
TRC-E4815CC0CA,2026-05-07T23:36:41.660566+00:00,Recommendation,REC_003,"Churn risk band: High. Drivers: Failed Payments, High Support Burden.",REC_003,"Churn risk band: High. Drivers: Failed Payments, High Support Burden.",$49.00 potential impact (score: 44.1),Send personalised in-app re-engagement campaign with 15% discount for 3-month commitment. Follow up with feature tutorial email sequence.,Medium
TRC-33889287FD,2026-05-07T23:36:41.660574+00:00,Recommendation,REC_003,Churn risk band: High. Drivers: Failed Payments.,REC_003,Churn risk band: High. Drivers: Failed Payments.,$49.00 potential impact (score: 44.1),Send personalised in-app re-engagement campaign with 15% discount for 3-month commitment. Follow up with feature tutorial email sequence.,Medium
TRC-D1C1D96D2B,2026-05-07T23:36:41.660579+00:00,Recommendation,REC_003,Churn risk band: High. Drivers: Failed Payments.,REC_003,Churn risk band: High. Drivers: Failed Payments.,$49.00 potential impact (score: 44.1),Send personalised in-app re-engagement campaign with 15% discount for 3-month commitment. Follow up with feature tutorial email sequence.,Medium
TRC-3AA7626DEA,2026-05-07T23:36:41.660584+00:00,Recommendation,REC_003,"Churn risk band: High. Drivers: Failed Payments, High Support Burden.",REC_003,"Churn risk band: High. Drivers: Failed Payments, High Support Burden.",$49.00 potential impact (score: 44.1),Send personalised in-app re-engagement campaign with 15% discount for 3-month commitment. Follow up with feature tutorial email sequence.,Medium
TRC-9D0739060B,2026-05-07T23:36:41.660589+00:00,Recommendation,REC_003,Churn risk band: High. Drivers: Failed Payments.,REC_003,Churn risk band: High. Drivers: Failed Payments.,$49.00 potential impact (score: 44.1),Send personalised in-app re-engagement campaign with 15% discount for 3-month commitment. Follow up with feature tutorial email sequence.,Medium
TRC-B290437305,2026-05-07T23:36:41.660597+00:00,Recommendation,REC_003,Churn risk band: High. Drivers: Failed Payments.,REC_003,Churn risk band: High. Drivers: Failed Payments.,$49.00 potential impact (score: 44.1),Send personalised in-app re-engagement campaign with 15% discount for 3-month commitment. Follow up with feature tutorial email sequence.,Medium
TRC-E2A0FF7048,2026-05-07T23:36:41.660601+00:00,Recommendation,REC_003,Churn risk band: High. Drivers: Failed Payments.,REC_003,Churn risk band: High. Drivers: Failed Payments.,$49.00 potential impact (score: 44.1),Send personalised in-app re-engagement campaign with 15% discount for 3-month commitment. Follow up with feature tutorial email sequence.,Medium
TRC-B63D27CA92,2026-05-07T23:36:41.660606+00:00,Recommendation,REC_003,Churn risk band: High. Drivers: Failed Payments.,REC_003,Churn risk band: High. Drivers: Failed Payments.,$49.00 potential impact (score: 44.1),Send personalised in-app re-engagement campaign with 15% discount for 3-month commitment. Follow up with feature tutorial email sequence.,Medium
TRC-16128A3C0B,2026-05-07T23:36:41.660611+00:00,Recommendation,REC_003,"Churn risk band: High. Drivers: Failed Payments, High Support Burden.",REC_003,"Churn risk band: High. Drivers: Failed Payments, High Support Burden.",$49.00 potential impact (score: 44.1),Send personalised in-app re-engagement campaign with 15% discount for 3-month commitment. Follow up with feature tutorial email sequence.,Medium
TRC-82D4272B81,2026-05-07T23:36:41.660616+00:00,Recommendation,REC_003,Churn risk band: High. Drivers: Failed Payments.,REC_003,Churn risk band: High. Drivers: Failed Payments.,$49.00 potential impact (score: 44.1),Send personalised in-app re-engagement campaign with 15% discount for 3-month commitment. Follow up with feature tutorial email sequence.,Medium
TRC-ADFF669812,2026-05-07T23:36:41.660620+00:00,Recommendation,REC_003,"Churn risk band: High. Drivers: Failed Payments, High Support Burden.",REC_003,"Churn risk band: High. Drivers: Failed Payments, High Support Burden.",$49.00 potential impact (score: 44.1),Send personalised in-app re-engagement campaign with 15% discount for 3-month commitment. Follow up with feature tutorial email sequence.,Medium
TRC-D31A38A9AD,2026-05-07T23:36:41.660625+00:00,Recommendation,REC_003,"Churn risk band: High. Drivers: Failed Payments, High Support Burden.",REC_003,"Churn risk band: High. Drivers: Failed Payments, High Support Burden.",$49.00 potential impact (score: 44.1),Send personalised in-app re-engagement campaign with 15% discount for 3-month commitment. Follow up with feature tutorial email sequence.,Medium
TRC-AF6678A3FF,2026-05-07T23:36:41.660632+00:00,Recommendation,REC_003,Churn risk band: High. Drivers: Failed Payments.,REC_003,Churn risk band: High. Drivers: Failed Payments.,$49.00 potential impact (score: 44.1),Send personalised in-app re-engagement campaign with 15% discount for 3-month commitment. Follow up with feature tutorial email sequence.,Medium
TRC-6A6E16B80B,2026-05-07T23:36:41.660637+00:00,Recommendation,REC_003,Churn risk band: High. Drivers: Failed Payments.,REC_003,Churn risk band: High. Drivers: Failed Payments.,$49.00 potential impact (score: 44.1),Send personalised in-app re-engagement campaign with 15% discount for 3-month commitment. Follow up with feature tutorial email sequence.,Medium
TRC-463A75C7F8,2026-05-07T23:36:41.660642+00:00,Recommendation,REC_003,Churn risk band: High. Drivers: Failed Payments.,REC_003,Churn risk band: High. Drivers: Failed Payments.,$49.00 potential impact (score: 44.1),Send personalised in-app re-engagement campaign with 15% discount for 3-month commitment. Follow up with feature tutorial email sequence.,Medium
TRC-BC14EAD0B0,2026-05-07T23:36:41.660649+00:00,Recommendation,REC_003,"Churn risk band: High. Drivers: Failed Payments, High Support Burden.",REC_003,"Churn risk band: High. Drivers: Failed Payments, High Support Burden.",$49.00 potential impact (score: 44.1),Send personalised in-app re-engagement campaign with 15% discount for 3-month commitment. Follow up with feature tutorial email sequence.,Medium
TRC-7672638F4D,2026-05-07T23:36:41.660654+00:00,Recommendation,REC_003,"Churn risk band: High. Drivers: Failed Payments, High Support Burden.",REC_003,"Churn risk band: High. Drivers: Failed Payments, High Support Burden.",$49.00 potential impact (score: 44.1),Send personalised in-app re-engagement campaign with 15% discount for 3-month commitment. Follow up with feature tutorial email sequence.,Medium
TRC-50B34E857E,2026-05-07T23:36:41.660659+00:00,Recommendation,REC_003,Churn risk band: High. Drivers: Failed Payments.,REC_003,Churn risk band: High. Drivers: Failed Payments.,$49.00 potential impact (score: 44.1),Send personalised in-app re-engagement campaign with 15% discount for 3-month commitment. Follow up with feature tutorial email sequence.,Medium
TRC-FA6DE3F6C9,2026-05-07T23:36:41.660667+00:00,Recommendation,REC_003,"Churn risk band: High. Drivers: Failed Payments, High Support Burden.",REC_003,"Churn risk band: High. Drivers: Failed Payments, High Support Burden.",$49.00 potential impact (score: 44.1),Send personalised in-app re-engagement campaign with 15% discount for 3-month commitment. Follow up with feature tutorial email sequence.,Medium
TRC-9D3945EF68,2026-05-07T23:36:41.660672+00:00,Recommendation,REC_003,"Churn risk band: High. Drivers: Failed Payments, High Support Burden.",REC_003,"Churn risk band: High. Drivers: Failed Payments, High Support Burden.",$49.00 potential impact (score: 44.1),Send personalised in-app re-engagement campaign with 15% discount for 3-month commitment. Follow up with feature tutorial email sequence.,Medium
TRC-8F2A6E75BC,2026-05-07T23:36:41.660677+00:00,Recommendation,REC_003,Churn risk band: High. Drivers: Failed Payments.,REC_003,Churn risk band: High. Drivers: Failed Payments.,$49.00 potential impact (score: 44.1),Send personalised in-app re-engagement campaign with 15% discount for 3-month commitment. Follow up with feature tutorial email sequence.,Medium
TRC-F0A3356273,2026-05-07T23:36:41.660685+00:00,Recommendation,REC_003,Churn risk band: High. Drivers: Failed Payments.,REC_003,Churn risk band: High. Drivers: Failed Payments.,$49.00 potential impact (score: 44.1),Send personalised in-app re-engagement campaign with 15% discount for 3-month commitment. Follow up with feature tutorial email sequence.,Medium
TRC-C493FD5CAB,2026-05-07T23:36:41.660690+00:00,Recommendation,REC_003,Churn risk band: High. Drivers: Failed Payments.,REC_003,Churn risk band: High. Drivers: Failed Payments.,$49.00 potential impact (score: 44.1),Send personalised in-app re-engagement campaign with 15% discount for 3-month commitment. Follow up with feature tutorial email sequence.,Medium
TRC-AFF2013DA7,2026-05-07T23:36:41.660697+00:00,Recommendation,REC_003,Churn risk band: High. Drivers: Failed Payments.,REC_003,Churn risk band: High. Drivers: Failed Payments.,$49.00 potential impact (score: 44.1),Send personalised in-app re-engagement campaign with 15% discount for 3-month commitment. Follow up with feature tutorial email sequence.,Medium
TRC-1D3AF9F837,2026-05-07T23:36:41.660702+00:00,Recommendation,REC_003,"Churn risk band: High. Drivers: Failed Payments, High Support Burden.",REC_003,"Churn risk band: High. Drivers: Failed Payments, High Support Burden.",$49.00 potential impact (score: 44.1),Send personalised in-app re-engagement campaign with 15% discount for 3-month commitment. Follow up with feature tutorial email sequence.,Medium
TRC-5CA643537C,2026-05-07T23:36:41.660707+00:00,Recommendation,REC_003,"Churn risk band: High. Drivers: Failed Payments, High Support Burden.",REC_003,"Churn risk band: High. Drivers: Failed Payments, High Support Burden.",$49.00 potential impact (score: 44.1),Send personalised in-app re-engagement campaign with 15% discount for 3-month commitment. Follow up with feature tutorial email sequence.,Medium
TRC-C347CE73DF,2026-05-07T23:36:41.660712+00:00,Recommendation,REC_003,Churn risk band: High. Drivers: Failed Payments.,REC_003,Churn risk band: High. Drivers: Failed Payments.,$49.00 potential impact (score: 44.1),Send personalised in-app re-engagement campaign with 15% discount for 3-month commitment. Follow up with feature tutorial email sequence.,Medium
TRC-7847E61BB8,2026-05-07T23:36:41.660721+00:00,Recommendation,REC_003,Churn risk band: High. Drivers: Failed Payments.,REC_003,Churn risk band: High. Drivers: Failed Payments.,$0.00 potential impact (score: 0.0),Send personalised in-app re-engagement campaign with 15% discount for 3-month commitment. Follow up with feature tutorial email sequence.,Medium
TRC-A6D3B5B119,2026-05-07T23:36:41.660726+00:00,Recommendation,REC_004,Churn risk band: High. Drivers: Failed Payments.,REC_004,Churn risk band: High. Drivers: Failed Payments.,$0.00 potential impact (score: 0.0),Contact customer directly to confirm payment details and offer alternative payment methods before the subscription lapses.,Medium
TRC-EAAB959EFA,2026-05-07T23:36:41.660731+00:00,Recommendation,REC_004,"Churn risk band: High. Drivers: Failed Payments, High Support Burden.",REC_004,"Churn risk band: High. Drivers: Failed Payments, High Support Burden.",$0.00 potential impact (score: 0.0),Contact customer directly to confirm payment details and offer alternative payment methods before the subscription lapses.,Medium
TRC-024EC5E621,2026-05-07T23:36:41.660738+00:00,Recommendation,REC_003,Churn risk band: High. Drivers: Failed Payments.,REC_003,Churn risk band: High. Drivers: Failed Payments.,$0.00 potential impact (score: 0.0),Send personalised in-app re-engagement campaign with 15% discount for 3-month commitment. Follow up with feature tutorial email sequence.,Medium
TRC-2D9AB24CBD,2026-05-07T23:36:41.660743+00:00,Recommendation,REC_004,Churn risk band: High. Drivers: Failed Payments.,REC_004,Churn risk band: High. Drivers: Failed Payments.,$0.00 potential impact (score: 0.0),Contact customer directly to confirm payment details and offer alternative payment methods before the subscription lapses.,Medium
TRC-B786F9FE90,2026-05-07T23:36:41.660748+00:00,Recommendation,REC_004,"Churn risk band: High. Drivers: Failed Payments, High Support Burden.",REC_004,"Churn risk band: High. Drivers: Failed Payments, High Support Burden.",$0.00 potential impact (score: 0.0),Contact customer directly to confirm payment details and offer alternative payment methods before the subscription lapses.,Medium
TRC-8FF9C2B8A3,2026-05-07T23:36:41.660756+00:00,Recommendation,REC_004,"Churn risk band: High. Drivers: Failed Payments, High Support Burden.",REC_004,"Churn risk band: High. Drivers: Failed Payments, High Support Burden.",$0.00 potential impact (score: 0.0),Contact customer directly to confirm payment details and offer alternative payment methods before the subscription lapses.,Medium
TRC-51AADBBF6C,2026-05-07T23:36:41.660760+00:00,Recommendation,REC_003,"Churn risk band: High. Drivers: Failed Payments, High Support Burden.",REC_003,"Churn risk band: High. Drivers: Failed Payments, High Support Burden.",$0.00 potential impact (score: 0.0),Send personalised in-app re-engagement campaign with 15% discount for 3-month commitment. Follow up with feature tutorial email sequence.,Medium
TRC-F782E2D80D,2026-05-07T23:36:41.660765+00:00,Recommendation,REC_004,"Churn risk band: High. Drivers: Failed Payments, High Support Burden.",REC_004,"Churn risk band: High. Drivers: Failed Payments, High Support Burden.",$0.00 potential impact (score: 0.0),Contact customer directly to confirm payment details and offer alternative payment methods before the subscription lapses.,Medium
TRC-E3CE8B063E,2026-05-07T23:36:41.660773+00:00,Recommendation,REC_004,"Churn risk band: High. Drivers: Failed Payments, High Support Burden.",REC_004,"Churn risk band: High. Drivers: Failed Payments, High Support Burden.",$0.00 potential impact (score: 0.0),Contact customer directly to confirm payment details and offer alternative payment methods before the subscription lapses.,Medium
TRC-8A884826B9,2026-05-07T23:36:41.660778+00:00,Recommendation,REC_003,"Churn risk band: High. Drivers: Low NPS, Failed Payments.",REC_003,"Churn risk band: High. Drivers: Low NPS, Failed Payments.",$0.00 potential impact (score: 0.0),Send personalised in-app re-engagement campaign with 15% discount for 3-month commitment. Follow up with feature tutorial email sequence.,Medium
TRC-F60CB49167,2026-05-07T23:36:41.660783+00:00,Recommendation,REC_004,"Churn risk band: High. Drivers: Low NPS, Failed Payments.",REC_004,"Churn risk band: High. Drivers: Low NPS, Failed Payments.",$0.00 potential impact (score: 0.0),Contact customer directly to confirm payment details and offer alternative payment methods before the subscription lapses.,Medium
TRC-34E1603417,2026-05-07T23:36:41.660787+00:00,Recommendation,REC_003,Churn risk band: High. Drivers: Failed Payments.,REC_003,Churn risk band: High. Drivers: Failed Payments.,$0.00 potential impact (score: 0.0),Send personalised in-app re-engagement campaign with 15% discount for 3-month commitment. Follow up with feature tutorial email sequence.,Medium
TRC-B47ED6ED1A,2026-05-07T23:36:41.660792+00:00,Recommendation,REC_004,Churn risk band: High. Drivers: Failed Payments.,REC_004,Churn risk band: High. Drivers: Failed Payments.,$0.00 potential impact (score: 0.0),Contact customer directly to confirm payment details and offer alternative payment methods before the subscription lapses.,Medium
TRC-4A7549532D,2026-05-07T23:36:41.660797+00:00,Recommendation,REC_004,Churn risk band: High. Drivers: Failed Payments.,REC_004,Churn risk band: High. Drivers: Failed Payments.,$0.00 potential impact (score: 0.0),Contact customer directly to confirm payment details and offer alternative payment methods before the subscription lapses.,Medium
TRC-79B90C9C15,2026-05-07T23:36:41.660805+00:00,Recommendation,REC_003,"Churn risk band: High. Drivers: Failed Payments, High Support Burden.",REC_003,"Churn risk band: High. Drivers: Failed Payments, High Support Burden.",$0.00 potential impact (score: 0.0),Send personalised in-app re-engagement campaign with 15% discount for 3-month commitment. Follow up with feature tutorial email sequence.,Medium
TRC-83B62891AF,2026-05-07T23:36:41.660809+00:00,Recommendation,REC_004,"Churn risk band: High. Drivers: Failed Payments, High Support Burden.",REC_004,"Churn risk band: High. Drivers: Failed Payments, High Support Burden.",$0.00 potential impact (score: 0.0),Contact customer directly to confirm payment details and offer alternative payment methods before the subscription lapses.,Medium
TRC-D43118C31C,2026-05-07T23:36:41.660814+00:00,Recommendation,REC_004,"Churn risk band: High. Drivers: Low NPS, Failed Payments.",REC_004,"Churn risk band: High. Drivers: Low NPS, Failed Payments.",$0.00 potential impact (score: 0.0),Contact customer directly to confirm payment details and offer alternative payment methods before the subscription lapses.,Medium
TRC-917346BA8E,2026-05-07T23:36:41.660819+00:00,Recommendation,REC_004,"Churn risk band: High. Drivers: Failed Payments, High Support Burden.",REC_004,"Churn risk band: High. Drivers: Failed Payments, High Support Burden.",$0.00 potential impact (score: 0.0),Contact customer directly to confirm payment details and offer alternative payment methods before the subscription lapses.,Medium
TRC-E3C918E77D,2026-05-07T23:36:41.660824+00:00,Recommendation,REC_004,"Churn risk band: High. Drivers: Failed Payments, High Support Burden.",REC_004,"Churn risk band: High. Drivers: Failed Payments, High Support Burden.",$0.00 potential impact (score: 0.0),Contact customer directly to confirm payment details and offer alternative payment methods before the subscription lapses.,Medium
TRC-A0911AD856,2026-05-07T23:36:41.660829+00:00,Recommendation,REC_003,Churn risk band: High. Drivers: Failed Payments.,REC_003,Churn risk band: High. Drivers: Failed Payments.,$0.00 potential impact (score: 0.0),Send personalised in-app re-engagement campaign with 15% discount for 3-month commitment. Follow up with feature tutorial email sequence.,Medium
TRC-9E994470A4,2026-05-07T23:36:41.660833+00:00,Recommendation,REC_004,Churn risk band: High. Drivers: Failed Payments.,REC_004,Churn risk band: High. Drivers: Failed Payments.,$0.00 potential impact (score: 0.0),Contact customer directly to confirm payment details and offer alternative payment methods before the subscription lapses.,Medium
TRC-FD7210E564,2026-05-07T23:36:41.660838+00:00,Recommendation,REC_003,"Churn risk band: High. Drivers: Low NPS, Failed Payments.",REC_003,"Churn risk band: High. Drivers: Low NPS, Failed Payments.",$0.00 potential impact (score: 0.0),Send personalised in-app re-engagement campaign with 15% discount for 3-month commitment. Follow up with feature tutorial email sequence.,Medium
TRC-980074CDD0,2026-05-07T23:36:41.660842+00:00,Recommendation,REC_004,"Churn risk band: High. Drivers: Low NPS, Failed Payments.",REC_004,"Churn risk band: High. Drivers: Low NPS, Failed Payments.",$0.00 potential impact (score: 0.0),Contact customer directly to confirm payment details and offer alternative payment methods before the subscription lapses.,Medium
TRC-5F34A06D20,2026-05-07T23:36:41.660847+00:00,Recommendation,REC_004,Churn risk band: High. Drivers: Failed Payments.,REC_004,Churn risk band: High. Drivers: Failed Payments.,$0.00 potential impact (score: 0.0),Contact customer directly to confirm payment details and offer alternative payment methods before the subscription lapses.,Medium
TRC-29F702D2A5,2026-05-07T23:36:41.660855+00:00,Recommendation,REC_003,Churn risk band: High. Drivers: Failed Payments.,REC_003,Churn risk band: High. Drivers: Failed Payments.,$0.00 potential impact (score: 0.0),Send personalised in-app re-engagement campaign with 15% discount for 3-month commitment. Follow up with feature tutorial email sequence.,Medium
TRC-7779045D1A,2026-05-07T23:36:41.660860+00:00,Recommendation,REC_004,Churn risk band: High. Drivers: Failed Payments.,REC_004,Churn risk band: High. Drivers: Failed Payments.,$0.00 potential impact (score: 0.0),Contact customer directly to confirm payment details and offer alternative payment methods before the subscription lapses.,Medium
TRC-4A265B3A6D,2026-05-07T23:36:41.660870+00:00,Intervention,IV-1FDA08FF,Automated Payment Recovery — Failed Transaction,billing_recovery,Segment: SMB | Effort: Low,"$5,997.00 revenue impact | Priority: Critical","Trigger dunning sequence: retry payment after 3 days, send payment update email after 5 days, escalate to CSM after 10 days.",High
TRC-9C7A1B8324,2026-05-07T23:36:41.660877+00:00,Intervention,IV-9296293D,Automated Payment Recovery — Failed Transaction,billing_recovery,Segment: Startup | Effort: Low,"$3,998.00 revenue impact | Priority: High","Trigger dunning sequence: retry payment after 3 days, send payment update email after 5 days, escalate to CSM after 10 days.",High
TRC-42DC9AE742,2026-05-07T23:36:41.660882+00:00,Intervention,IV-1FDE6D6C,Automated Payment Recovery — Failed Transaction,billing_recovery,Segment: Mid-Market | Effort: Low,"$3,998.00 revenue impact | Priority: High","Trigger dunning sequence: retry payment after 3 days, send payment update email after 5 days, escalate to CSM after 10 days.",High
TRC-BF40CBAA87,2026-05-07T23:36:41.660887+00:00,Intervention,IV-697E1E41,Automated Payment Recovery — Failed Transaction,billing_recovery,Segment: SMB | Effort: Low,"$3,998.00 revenue impact | Priority: High","Trigger dunning sequence: retry payment after 3 days, send payment update email after 5 days, escalate to CSM after 10 days.",High
TRC-11DCD24D8E,2026-05-07T23:36:41.660892+00:00,Intervention,IV-1C4653F9,Automated Payment Recovery — Failed Transaction,billing_recovery,Segment: Startup | Effort: Low,"$3,998.00 revenue impact | Priority: High","Trigger dunning sequence: retry payment after 3 days, send payment update email after 5 days, escalate to CSM after 10 days.",High
TRC-92E9E18D1F,2026-05-07T23:36:41.660901+00:00,Intervention,IV-CBF8D405,Automated Payment Recovery — Failed Transaction,billing_recovery,Segment: Mid-Market | Effort: Low,"$3,998.00 revenue impact | Priority: High","Trigger dunning sequence: retry payment after 3 days, send payment update email after 5 days, escalate to CSM after 10 days.",High
TRC-AEB4FCF3FE,2026-05-07T23:36:41.660905+00:00,Intervention,IV-0D7317EB,Automated Payment Recovery — Failed Transaction,billing_recovery,Segment: SMB | Effort: Low,"$3,998.00 revenue impact | Priority: High","Trigger dunning sequence: retry payment after 3 days, send payment update email after 5 days, escalate to CSM after 10 days.",High
TRC-8E52852413,2026-05-07T23:36:41.660910+00:00,Intervention,IV-55955B6E,Automated Payment Recovery — Failed Transaction,billing_recovery,Segment: Startup | Effort: Low,"$3,998.00 revenue impact | Priority: High","Trigger dunning sequence: retry payment after 3 days, send payment update email after 5 days, escalate to CSM after 10 days.",High
TRC-521318B695,2026-05-07T23:36:41.660919+00:00,Intervention,IV-821CEC5D,Automated Payment Recovery — Failed Transaction,billing_recovery,Segment: SMB | Effort: Low,"$3,998.00 revenue impact | Priority: High","Trigger dunning sequence: retry payment after 3 days, send payment update email after 5 days, escalate to CSM after 10 days.",High
TRC-5A87348A4B,2026-05-07T23:36:41.660923+00:00,Intervention,IV-A6DB86D0,Automated Payment Recovery — Failed Transaction,billing_recovery,Segment: SMB | Effort: Low,"$3,998.00 revenue impact | Priority: High","Trigger dunning sequence: retry payment after 3 days, send payment update email after 5 days, escalate to CSM after 10 days.",High
TRC-09CD6F8D0A,2026-05-07T23:36:41.660929+00:00,Intervention,IV-B53B47E9,Automated Payment Recovery — Failed Transaction,billing_recovery,Segment: Mid-Market | Effort: Low,"$1,999.00 revenue impact | Priority: High","Trigger dunning sequence: retry payment after 3 days, send payment update email after 5 days, escalate to CSM after 10 days.",High
TRC-BFE6FBCDAF,2026-05-07T23:36:41.660936+00:00,Intervention,IV-202E7476,Automated Payment Recovery — Failed Transaction,billing_recovery,Segment: SMB | Effort: Low,"$1,999.00 revenue impact | Priority: High","Trigger dunning sequence: retry payment after 3 days, send payment update email after 5 days, escalate to CSM after 10 days.",High
TRC-4A2B11A7F4,2026-05-07T23:36:41.660941+00:00,Intervention,IV-015EE015,Automated Payment Recovery — Failed Transaction,billing_recovery,Segment: SMB | Effort: Low,"$1,999.00 revenue impact | Priority: High","Trigger dunning sequence: retry payment after 3 days, send payment update email after 5 days, escalate to CSM after 10 days.",High
TRC-A9B964A960,2026-05-07T23:36:41.660946+00:00,Intervention,IV-CAB7951C,Automated Payment Recovery — Failed Transaction,billing_recovery,Segment: Startup | Effort: Low,"$1,999.00 revenue impact | Priority: High","Trigger dunning sequence: retry payment after 3 days, send payment update email after 5 days, escalate to CSM after 10 days.",High
TRC-8B235FE59B,2026-05-07T23:36:41.660954+00:00,Intervention,IV-F6ABB740,Automated Payment Recovery — Failed Transaction,billing_recovery,Segment: Enterprise | Effort: Low,"$1,999.00 revenue impact | Priority: High","Trigger dunning sequence: retry payment after 3 days, send payment update email after 5 days, escalate to CSM after 10 days.",High
TRC-E6D1220D15,2026-05-07T23:36:41.660960+00:00,Intervention,IV-C66FB353,Automated Payment Recovery — Failed Transaction,billing_recovery,Segment: SMB | Effort: Low,"$1,999.00 revenue impact | Priority: High","Trigger dunning sequence: retry payment after 3 days, send payment update email after 5 days, escalate to CSM after 10 days.",High
TRC-5002EC708D,2026-05-07T23:36:41.660964+00:00,Intervention,IV-76EFC1E0,Automated Payment Recovery — Failed Transaction,billing_recovery,Segment: SMB | Effort: Low,"$1,999.00 revenue impact | Priority: High","Trigger dunning sequence: retry payment after 3 days, send payment update email after 5 days, escalate to CSM after 10 days.",High
TRC-6FDE600F1C,2026-05-07T23:36:41.660972+00:00,Intervention,IV-72C06121,Automated Payment Recovery — Failed Transaction,billing_recovery,Segment: SMB | Effort: Low,"$1,999.00 revenue impact | Priority: High","Trigger dunning sequence: retry payment after 3 days, send payment update email after 5 days, escalate to CSM after 10 days.",High
TRC-F0C8703B17,2026-05-07T23:36:41.660977+00:00,Intervention,IV-B00AA749,Automated Payment Recovery — Failed Transaction,billing_recovery,Segment: SMB | Effort: Low,"$1,999.00 revenue impact | Priority: High","Trigger dunning sequence: retry payment after 3 days, send payment update email after 5 days, escalate to CSM after 10 days.",High
TRC-A8D4DEAA30,2026-05-07T23:36:41.660982+00:00,Intervention,IV-B4FCDB01,Automated Payment Recovery — Failed Transaction,billing_recovery,Segment: Startup | Effort: Low,"$1,999.00 revenue impact | Priority: High","Trigger dunning sequence: retry payment after 3 days, send payment update email after 5 days, escalate to CSM after 10 days.",High
TRC-D0650B0F01,2026-05-07T23:36:41.660990+00:00,Intervention,IV-4ADCE74B,Automated Payment Recovery — Failed Transaction,billing_recovery,Segment: Startup | Effort: Low,"$1,999.00 revenue impact | Priority: High","Trigger dunning sequence: retry payment after 3 days, send payment update email after 5 days, escalate to CSM after 10 days.",High
TRC-B422A6A88C,2026-05-07T23:36:41.660994+00:00,Intervention,IV-9D51DE7E,Automated Payment Recovery — Failed Transaction,billing_recovery,Segment: SMB | Effort: Low,"$1,999.00 revenue impact | Priority: High","Trigger dunning sequence: retry payment after 3 days, send payment update email after 5 days, escalate to CSM after 10 days.",High
TRC-A43093EEE1,2026-05-07T23:36:41.660999+00:00,Intervention,IV-85686317,Automated Payment Recovery — Failed Transaction,billing_recovery,Segment: Startup | Effort: Low,"$1,999.00 revenue impact | Priority: High","Trigger dunning sequence: retry payment after 3 days, send payment update email after 5 days, escalate to CSM after 10 days.",High
TRC-FE7DD2D69F,2026-05-07T23:36:41.661007+00:00,Intervention,IV-9E20D0D3,Automated Payment Recovery — Failed Transaction,billing_recovery,Segment: Startup | Effort: Low,"$1,999.00 revenue impact | Priority: High","Trigger dunning sequence: retry payment after 3 days, send payment update email after 5 days, escalate to CSM after 10 days.",High
TRC-D72A814AC1,2026-05-07T23:36:41.661012+00:00,Intervention,IV-C33B701A,Automated Payment Recovery — Failed Transaction,billing_recovery,Segment: SMB | Effort: Low,"$1,999.00 revenue impact | Priority: High","Trigger dunning sequence: retry payment after 3 days, send payment update email after 5 days, escalate to CSM after 10 days.",High
TRC-BD2864BF7E,2026-05-07T23:36:41.661017+00:00,Intervention,IV-28F7C86D,Automated Payment Recovery — Failed Transaction,billing_recovery,Segment: SMB | Effort: Low,"$1,999.00 revenue impact | Priority: High","Trigger dunning sequence: retry payment after 3 days, send payment update email after 5 days, escalate to CSM after 10 days.",High
TRC-4890354433,2026-05-07T23:36:41.661025+00:00,Intervention,IV-0BFB7B8C,Automated Payment Recovery — Failed Transaction,billing_recovery,Segment: Enterprise | Effort: Low,"$1,999.00 revenue impact | Priority: High","Trigger dunning sequence: retry payment after 3 days, send payment update email after 5 days, escalate to CSM after 10 days.",High
TRC-850BE6B8B3,2026-05-07T23:36:41.661030+00:00,Intervention,IV-0ED32C70,Automated Payment Recovery — Failed Transaction,billing_recovery,Segment: Enterprise | Effort: Low,"$1,999.00 revenue impact | Priority: High","Trigger dunning sequence: retry payment after 3 days, send payment update email after 5 days, escalate to CSM after 10 days.",High
TRC-161664E40D,2026-05-07T23:36:41.661035+00:00,Intervention,IV-ACC82379,Automated Payment Recovery — Failed Transaction,billing_recovery,Segment: SMB | Effort: Low,"$1,999.00 revenue impact | Priority: High","Trigger dunning sequence: retry payment after 3 days, send payment update email after 5 days, escalate to CSM after 10 days.",High
TRC-79687FEDCE,2026-05-07T23:36:41.661042+00:00,Intervention,IV-55B6A579,Automated Payment Recovery — Failed Transaction,billing_recovery,Segment: Startup | Effort: Low,"$1,999.00 revenue impact | Priority: High","Trigger dunning sequence: retry payment after 3 days, send payment update email after 5 days, escalate to CSM after 10 days.",High
TRC-51CDEC99D3,2026-05-07T23:36:41.661047+00:00,Intervention,IV-5E08798C,Automated Payment Recovery — Failed Transaction,billing_recovery,Segment: SMB | Effort: Low,"$1,999.00 revenue impact | Priority: High","Trigger dunning sequence: retry payment after 3 days, send payment update email after 5 days, escalate to CSM after 10 days.",High
TRC-ED894F8D32,2026-05-07T23:36:41.661052+00:00,Intervention,IV-B88C967A,Automated Payment Recovery — Failed Transaction,billing_recovery,Segment: SMB | Effort: Low,"$1,999.00 revenue impact | Priority: High","Trigger dunning sequence: retry payment after 3 days, send payment update email after 5 days, escalate to CSM after 10 days.",High
TRC-E2F51413A6,2026-05-07T23:36:41.661057+00:00,Intervention,IV-15A21D66,Automated Payment Recovery — Failed Transaction,billing_recovery,Segment: Enterprise | Effort: Low,"$1,999.00 revenue impact | Priority: High","Trigger dunning sequence: retry payment after 3 days, send payment update email after 5 days, escalate to CSM after 10 days.",High
TRC-A4A4B76573,2026-05-07T23:36:41.661061+00:00,Intervention,IV-2191D703,Automated Payment Recovery — Failed Transaction,billing_recovery,Segment: SMB | Effort: Low,"$1,999.00 revenue impact | Priority: High","Trigger dunning sequence: retry payment after 3 days, send payment update email after 5 days, escalate to CSM after 10 days.",High
TRC-D51F26B7A4,2026-05-07T23:36:41.661066+00:00,Intervention,IV-FB58F0AF,Automated Payment Recovery — Failed Transaction,billing_recovery,Segment: SMB | Effort: Low,"$1,999.00 revenue impact | Priority: High","Trigger dunning sequence: retry payment after 3 days, send payment update email after 5 days, escalate to CSM after 10 days.",High
TRC-DF30C92B30,2026-05-07T23:36:41.661074+00:00,Intervention,IV-4A405737,Automated Payment Recovery — Failed Transaction,billing_recovery,Segment: Startup | Effort: Low,"$1,999.00 revenue impact | Priority: High","Trigger dunning sequence: retry payment after 3 days, send payment update email after 5 days, escalate to CSM after 10 days.",High
TRC-E8B58C2E32,2026-05-07T23:36:41.661079+00:00,Intervention,IV-D2B1696F,Automated Payment Recovery — Failed Transaction,billing_recovery,Segment: SMB | Effort: Low,"$1,999.00 revenue impact | Priority: High","Trigger dunning sequence: retry payment after 3 days, send payment update email after 5 days, escalate to CSM after 10 days.",High
TRC-2B0DD3B03D,2026-05-07T23:36:41.661084+00:00,Intervention,IV-38E3C0F3,Past-Due Account Escalation,billing_recovery,Segment: SMB | Effort: Low,"$1,999.00 revenue impact | Priority: High",Escalate to finance for account hold review. Send formal payment demand notice and suspend non-critical features until resolved.,High
TRC-C9D628E84C,2026-05-07T23:36:41.661092+00:00,Intervention,IV-9234F75D,Past-Due Account Escalation,billing_recovery,Segment: Startup | Effort: Low,"$1,999.00 revenue impact | Priority: High",Escalate to finance for account hold review. Send formal payment demand notice and suspend non-critical features until resolved.,High
TRC-E686C6C1F9,2026-05-07T23:36:41.661097+00:00,Intervention,IV-25DACD4B,Past-Due Account Escalation,billing_recovery,Segment: SMB | Effort: Low,"$1,999.00 revenue impact | Priority: High",Escalate to finance for account hold review. Send formal payment demand notice and suspend non-critical features until resolved.,High
TRC-77E188D630,2026-05-07T23:36:41.661101+00:00,Intervention,IV-81267E31,Past-Due Account Escalation,billing_recovery,Segment: Startup | Effort: Low,"$1,999.00 revenue impact | Priority: High",Escalate to finance for account hold review. Send formal payment demand notice and suspend non-critical features until resolved.,High
TRC-6FCD6568D7,2026-05-07T23:36:41.661110+00:00,Intervention,IV-8BAD64DB,Past-Due Account Escalation,billing_recovery,Segment: Enterprise | Effort: Low,"$1,999.00 revenue impact | Priority: High",Escalate to finance for account hold review. Send formal payment demand notice and suspend non-critical features until resolved.,High
TRC-E18C98E76E,2026-05-07T23:36:41.661114+00:00,Intervention,IV-0A2833E7,Past-Due Account Escalation,billing_recovery,Segment: Startup | Effort: Low,"$1,999.00 revenue impact | Priority: High",Escalate to finance for account hold review. Send formal payment demand notice and suspend non-critical features until resolved.,High
TRC-8A3B8E3281,2026-05-07T23:36:41.661119+00:00,Intervention,IV-A1197A81,Automated Payment Recovery — Failed Transaction,billing_recovery,Segment: SMB | Effort: Low,"$1,996.00 revenue impact | Priority: High","Trigger dunning sequence: retry payment after 3 days, send payment update email after 5 days, escalate to CSM after 10 days.",High
TRC-3A0E6B6B1E,2026-05-07T23:36:41.661127+00:00,Intervention,IV-CB807E61,Automated Payment Recovery — Failed Transaction,billing_recovery,Segment: Startup | Effort: Low,"$1,996.00 revenue impact | Priority: High","Trigger dunning sequence: retry payment after 3 days, send payment update email after 5 days, escalate to CSM after 10 days.",High
TRC-EE349FE3AA,2026-05-07T23:36:41.661132+00:00,Intervention,IV-05EE5612,Automated Payment Recovery — Failed Transaction,billing_recovery,Segment: Enterprise | Effort: Low,"$1,996.00 revenue impact | Priority: High","Trigger dunning sequence: retry payment after 3 days, send payment update email after 5 days, escalate to CSM after 10 days.",High
TRC-63218782C9,2026-05-07T23:36:41.661136+00:00,Intervention,IV-05BA4DD7,Proactive Billing Intervention — Payment Risk Driver Detected,billing_recovery,Segment: SMB | Effort: Low,"$1,999.00 revenue impact | Priority: High",Contact customer directly to confirm payment details and offer alternative payment methods before the subscription lapses.,Medium
TRC-04030F400C,2026-05-07T23:36:41.661145+00:00,Intervention,IV-B15AD876,Proactive Billing Intervention — Payment Risk Driver Detected,billing_recovery,Segment: SMB | Effort: Low,"$1,999.00 revenue impact | Priority: High",Contact customer directly to confirm payment details and offer alternative payment methods before the subscription lapses.,Medium
TRC-AF38C1DAD4,2026-05-07T23:36:41.661150+00:00,Intervention,IV-09F03427,Proactive Billing Intervention — Payment Risk Driver Detected,billing_recovery,Segment: SMB | Effort: Low,"$1,999.00 revenue impact | Priority: High",Contact customer directly to confirm payment details and offer alternative payment methods before the subscription lapses.,Medium
TRC-260EA4F296,2026-05-07T23:36:41.661155+00:00,Intervention,IV-87502C85,Proactive Billing Intervention — Payment Risk Driver Detected,billing_recovery,Segment: Startup | Effort: Low,"$1,999.00 revenue impact | Priority: High",Contact customer directly to confirm payment details and offer alternative payment methods before the subscription lapses.,Medium
TRC-6682D848B4,2026-05-07T23:36:41.661159+00:00,Intervention,IV-05935772,Proactive Billing Intervention — Payment Risk Driver Detected,billing_recovery,Segment: SMB | Effort: Low,"$1,999.00 revenue impact | Priority: High",Contact customer directly to confirm payment details and offer alternative payment methods before the subscription lapses.,Medium
TRC-670D68E735,2026-05-07T23:36:41.661164+00:00,Intervention,IV-E5A2F125,Proactive Billing Intervention — Payment Risk Driver Detected,billing_recovery,Segment: SMB | Effort: Low,"$1,999.00 revenue impact | Priority: High",Contact customer directly to confirm payment details and offer alternative payment methods before the subscription lapses.,Medium
TRC-E6AA7722B5,2026-05-07T23:36:41.661169+00:00,Intervention,IV-3AB4F7B2,Proactive Billing Intervention — Payment Risk Driver Detected,billing_recovery,Segment: SMB | Effort: Low,"$1,999.00 revenue impact | Priority: High",Contact customer directly to confirm payment details and offer alternative payment methods before the subscription lapses.,Medium
TRC-E36604C402,2026-05-07T23:36:41.661175+00:00,Intervention,IV-BD53F8EF,Proactive Billing Intervention — Payment Risk Driver Detected,billing_recovery,Segment: SMB | Effort: Low,"$1,999.00 revenue impact | Priority: High",Contact customer directly to confirm payment details and offer alternative payment methods before the subscription lapses.,Medium
TRC-A5869BFE80,2026-05-07T23:36:41.661180+00:00,Intervention,IV-9FE22326,Proactive Billing Intervention — Payment Risk Driver Detected,billing_recovery,Segment: Startup | Effort: Low,"$1,999.00 revenue impact | Priority: High",Contact customer directly to confirm payment details and offer alternative payment methods before the subscription lapses.,Medium
TRC-0A11D031A2,2026-05-07T23:36:41.661184+00:00,Intervention,IV-C2958B7F,Proactive Billing Intervention — Payment Risk Driver Detected,billing_recovery,Segment: Mid-Market | Effort: Low,"$1,999.00 revenue impact | Priority: High",Contact customer directly to confirm payment details and offer alternative payment methods before the subscription lapses.,Medium
TRC-37D7345AB1,2026-05-07T23:36:41.661189+00:00,Intervention,IV-85156F9D,Proactive Billing Intervention — Payment Risk Driver Detected,billing_recovery,Segment: Startup | Effort: Low,"$1,999.00 revenue impact | Priority: High",Contact customer directly to confirm payment details and offer alternative payment methods before the subscription lapses.,Medium
TRC-E16F47C7F8,2026-05-07T23:36:41.661194+00:00,Intervention,IV-031C3C10,Proactive Billing Intervention — Payment Risk Driver Detected,billing_recovery,Segment: Mid-Market | Effort: Low,"$1,999.00 revenue impact | Priority: High",Contact customer directly to confirm payment details and offer alternative payment methods before the subscription lapses.,Medium
TRC-6C10190204,2026-05-07T23:36:41.661200+00:00,Intervention,IV-14339259,Proactive Billing Intervention — Payment Risk Driver Detected,billing_recovery,Segment: SMB | Effort: Low,"$1,999.00 revenue impact | Priority: High",Contact customer directly to confirm payment details and offer alternative payment methods before the subscription lapses.,Medium
TRC-6961711EBA,2026-05-07T23:36:41.661205+00:00,Intervention,IV-813F3193,Proactive Billing Intervention — Payment Risk Driver Detected,billing_recovery,Segment: SMB | Effort: Low,"$1,999.00 revenue impact | Priority: High",Contact customer directly to confirm payment details and offer alternative payment methods before the subscription lapses.,Medium
TRC-8FC944F979,2026-05-07T23:36:41.661210+00:00,Intervention,IV-3A01D5B0,Proactive Billing Intervention — Payment Risk Driver Detected,billing_recovery,Segment: SMB | Effort: Low,"$1,999.00 revenue impact | Priority: High",Contact customer directly to confirm payment details and offer alternative payment methods before the subscription lapses.,Medium
TRC-413DF1156E,2026-05-07T23:36:41.661219+00:00,Intervention,IV-54767376,Proactive Billing Intervention — Payment Risk Driver Detected,billing_recovery,Segment: Enterprise | Effort: Low,"$1,999.00 revenue impact | Priority: High",Contact customer directly to confirm payment details and offer alternative payment methods before the subscription lapses.,Medium
TRC-6D278A92E0,2026-05-07T23:36:41.661224+00:00,Intervention,IV-2DA4AFF0,Proactive Billing Intervention — Payment Risk Driver Detected,billing_recovery,Segment: Startup | Effort: Low,"$1,999.00 revenue impact | Priority: High",Contact customer directly to confirm payment details and offer alternative payment methods before the subscription lapses.,Medium
TRC-373D4332D7,2026-05-07T23:36:41.661228+00:00,Intervention,IV-291C2085,Proactive Billing Intervention — Payment Risk Driver Detected,billing_recovery,Segment: SMB | Effort: Low,"$1,999.00 revenue impact | Priority: High",Contact customer directly to confirm payment details and offer alternative payment methods before the subscription lapses.,Medium
TRC-75C846E7A1,2026-05-07T23:36:41.661237+00:00,Intervention,IV-5DC3B34D,Proactive Billing Intervention — Payment Risk Driver Detected,billing_recovery,Segment: Startup | Effort: Low,"$1,999.00 revenue impact | Priority: High",Contact customer directly to confirm payment details and offer alternative payment methods before the subscription lapses.,Medium
TRC-1020EFF2F3,2026-05-07T23:36:41.661242+00:00,Intervention,IV-DC2B0BFB,Proactive Billing Intervention — Payment Risk Driver Detected,billing_recovery,Segment: Startup | Effort: Low,"$1,999.00 revenue impact | Priority: High",Contact customer directly to confirm payment details and offer alternative payment methods before the subscription lapses.,Medium
TRC-02231F949C,2026-05-07T23:36:41.661247+00:00,Intervention,IV-EAFAED30,Proactive Billing Intervention — Payment Risk Driver Detected,billing_recovery,Segment: SMB | Effort: Low,"$1,999.00 revenue impact | Priority: High",Contact customer directly to confirm payment details and offer alternative payment methods before the subscription lapses.,Medium
TRC-F3F620A07E,2026-05-07T23:36:41.661255+00:00,Intervention,IV-7AE18CE6,Proactive Billing Intervention — Payment Risk Driver Detected,billing_recovery,Segment: SMB | Effort: Low,"$1,999.00 revenue impact | Priority: High",Contact customer directly to confirm payment details and offer alternative payment methods before the subscription lapses.,Medium
TRC-2CB5E92E2D,2026-05-07T23:36:41.661260+00:00,Intervention,IV-80BD0D5D,Proactive Billing Intervention — Payment Risk Driver Detected,billing_recovery,Segment: SMB | Effort: Low,"$1,999.00 revenue impact | Priority: High",Contact customer directly to confirm payment details and offer alternative payment methods before the subscription lapses.,Medium
TRC-1C6BEA3DCE,2026-05-07T23:36:41.661265+00:00,Intervention,IV-C3BACC6A,Automated Payment Recovery — Failed Transaction,billing_recovery,Segment: SMB | Effort: Low,"$1,497.00 revenue impact | Priority: High","Trigger dunning sequence: retry payment after 3 days, send payment update email after 5 days, escalate to CSM after 10 days.",High
TRC-F0EC2D7091,2026-05-07T23:36:41.661269+00:00,Intervention,IV-A60A60FD,Automated Payment Recovery — Failed Transaction,billing_recovery,Segment: Startup | Effort: Low,"$1,497.00 revenue impact | Priority: High","Trigger dunning sequence: retry payment after 3 days, send payment update email after 5 days, escalate to CSM after 10 days.",High
TRC-836BF49F73,2026-05-07T23:36:41.661274+00:00,Intervention,IV-907847E2,Automated Payment Recovery — Failed Transaction,billing_recovery,Segment: Startup | Effort: Low,"$1,497.00 revenue impact | Priority: High","Trigger dunning sequence: retry payment after 3 days, send payment update email after 5 days, escalate to CSM after 10 days.",High
TRC-AAEEFF69B1,2026-05-07T23:36:41.661279+00:00,Intervention,IV-68F40E31,Automated Payment Recovery — Failed Transaction,billing_recovery,Segment: SMB | Effort: Low,"$1,497.00 revenue impact | Priority: High","Trigger dunning sequence: retry payment after 3 days, send payment update email after 5 days, escalate to CSM after 10 days.",High
TRC-F06648CC89,2026-05-07T23:36:41.661284+00:00,Intervention,IV-DFAC038E,Automated Payment Recovery — Failed Transaction,billing_recovery,Segment: SMB | Effort: Low,"$1,497.00 revenue impact | Priority: High","Trigger dunning sequence: retry payment after 3 days, send payment update email after 5 days, escalate to CSM after 10 days.",High
TRC-5038955D35,2026-05-07T23:36:41.661288+00:00,Intervention,IV-881DEF6C,Automated Payment Recovery — Failed Transaction,billing_recovery,Segment: SMB | Effort: Low,"$1,497.00 revenue impact | Priority: High","Trigger dunning sequence: retry payment after 3 days, send payment update email after 5 days, escalate to CSM after 10 days.",High
TRC-2CE03EA934,2026-05-07T23:36:41.661296+00:00,Intervention,IV-EA72506B,Automated Payment Recovery — Failed Transaction,billing_recovery,Segment: SMB | Effort: Low,"$1,497.00 revenue impact | Priority: High","Trigger dunning sequence: retry payment after 3 days, send payment update email after 5 days, escalate to CSM after 10 days.",High
TRC-9EDD595A50,2026-05-07T23:36:41.661301+00:00,Intervention,IV-1DD5CAC2,Automated Payment Recovery — Failed Transaction,billing_recovery,Segment: Mid-Market | Effort: Low,$998.00 revenue impact | Priority: Medium,"Trigger dunning sequence: retry payment after 3 days, send payment update email after 5 days, escalate to CSM after 10 days.",High
TRC-24DE335610,2026-05-07T23:36:41.661305+00:00,Intervention,IV-99B1EC3C,Automated Payment Recovery — Failed Transaction,billing_recovery,Segment: Mid-Market | Effort: Low,$998.00 revenue impact | Priority: Medium,"Trigger dunning sequence: retry payment after 3 days, send payment update email after 5 days, escalate to CSM after 10 days.",High
TRC-B16AADB54B,2026-05-07T23:36:41.661314+00:00,Intervention,IV-2E1360B6,Automated Payment Recovery — Failed Transaction,billing_recovery,Segment: SMB | Effort: Low,$998.00 revenue impact | Priority: Medium,"Trigger dunning sequence: retry payment after 3 days, send payment update email after 5 days, escalate to CSM after 10 days.",High
TRC-A49AA891FA,2026-05-07T23:36:41.661318+00:00,Intervention,IV-3522B3D7,Automated Payment Recovery — Failed Transaction,billing_recovery,Segment: SMB | Effort: Low,$998.00 revenue impact | Priority: Medium,"Trigger dunning sequence: retry payment after 3 days, send payment update email after 5 days, escalate to CSM after 10 days.",High
TRC-04A96C248B,2026-05-07T23:36:41.661323+00:00,Intervention,IV-743A1329,Automated Payment Recovery — Failed Transaction,billing_recovery,Segment: Startup | Effort: Low,$998.00 revenue impact | Priority: Medium,"Trigger dunning sequence: retry payment after 3 days, send payment update email after 5 days, escalate to CSM after 10 days.",High
TRC-17A972BDD2,2026-05-07T23:36:41.661331+00:00,Intervention,IV-C8366F2B,Automated Payment Recovery — Failed Transaction,billing_recovery,Segment: SMB | Effort: Low,$998.00 revenue impact | Priority: Medium,"Trigger dunning sequence: retry payment after 3 days, send payment update email after 5 days, escalate to CSM after 10 days.",High
TRC-D9E1961D38,2026-05-07T23:36:41.661336+00:00,Intervention,IV-3FCA98A2,Automated Payment Recovery — Failed Transaction,billing_recovery,Segment: Startup | Effort: Low,$998.00 revenue impact | Priority: Medium,"Trigger dunning sequence: retry payment after 3 days, send payment update email after 5 days, escalate to CSM after 10 days.",High
TRC-BCC9E1C26A,2026-05-07T23:36:41.661341+00:00,Intervention,IV-6B077FF6,Automated Payment Recovery — Failed Transaction,billing_recovery,Segment: Mid-Market | Effort: Low,$998.00 revenue impact | Priority: Medium,"Trigger dunning sequence: retry payment after 3 days, send payment update email after 5 days, escalate to CSM after 10 days.",High
TRC-9C4FF338E0,2026-05-07T23:36:41.661348+00:00,Intervention,IV-7804CDC6,Automated Payment Recovery — Failed Transaction,billing_recovery,Segment: SMB | Effort: Low,$998.00 revenue impact | Priority: Medium,"Trigger dunning sequence: retry payment after 3 days, send payment update email after 5 days, escalate to CSM after 10 days.",High
TRC-AB3EB82685,2026-05-07T23:36:41.661353+00:00,Intervention,IV-D7C0128F,Automated Payment Recovery — Failed Transaction,billing_recovery,Segment: Startup | Effort: Low,$998.00 revenue impact | Priority: Medium,"Trigger dunning sequence: retry payment after 3 days, send payment update email after 5 days, escalate to CSM after 10 days.",High
TRC-F76B06D7AB,2026-05-07T23:36:41.661358+00:00,Intervention,IV-F3E295BF,Automated Payment Recovery — Failed Transaction,billing_recovery,Segment: Mid-Market | Effort: Low,$998.00 revenue impact | Priority: Medium,"Trigger dunning sequence: retry payment after 3 days, send payment update email after 5 days, escalate to CSM after 10 days.",High
TRC-96F9E7D468,2026-05-07T23:36:41.661366+00:00,Intervention,IV-9C272CCE,Automated Payment Recovery — Failed Transaction,billing_recovery,Segment: Startup | Effort: Low,$998.00 revenue impact | Priority: Medium,"Trigger dunning sequence: retry payment after 3 days, send payment update email after 5 days, escalate to CSM after 10 days.",High
TRC-DE410DAD21,2026-05-07T23:36:41.661371+00:00,Intervention,IV-145DB1BA,Automated Payment Recovery — Failed Transaction,billing_recovery,Segment: Mid-Market | Effort: Low,$995.00 revenue impact | Priority: Medium,"Trigger dunning sequence: retry payment after 3 days, send payment update email after 5 days, escalate to CSM after 10 days.",High
TRC-5480D8B6B2,2026-05-07T23:36:41.661375+00:00,Intervention,IV-6221964D,Automated Payment Recovery — Failed Transaction,billing_recovery,Segment: SMB | Effort: Low,$597.00 revenue impact | Priority: Medium,"Trigger dunning sequence: retry payment after 3 days, send payment update email after 5 days, escalate to CSM after 10 days.",High
TRC-959336DE26,2026-05-07T23:36:41.661384+00:00,Intervention,IV-AFA647C4,Automated Payment Recovery — Failed Transaction,billing_recovery,Segment: Startup | Effort: Low,$597.00 revenue impact | Priority: Medium,"Trigger dunning sequence: retry payment after 3 days, send payment update email after 5 days, escalate to CSM after 10 days.",High
TRC-7581D33FC8,2026-05-07T23:36:41.661388+00:00,Intervention,IV-EA3D5F35,Automated Payment Recovery — Failed Transaction,billing_recovery,Segment: SMB | Effort: Low,$597.00 revenue impact | Priority: Medium,"Trigger dunning sequence: retry payment after 3 days, send payment update email after 5 days, escalate to CSM after 10 days.",High
TRC-9C886A4092,2026-05-07T23:36:41.661393+00:00,Intervention,IV-7A84F8B7,Automated Payment Recovery — Failed Transaction,billing_recovery,Segment: SMB | Effort: Low,$597.00 revenue impact | Priority: Medium,"Trigger dunning sequence: retry payment after 3 days, send payment update email after 5 days, escalate to CSM after 10 days.",High
TRC-73B68E7814,2026-05-07T23:36:41.661400+00:00,Intervention,IV-D9F96984,SMB Re-engagement Offer — High Churn Risk,retention,Segment: SMB | Effort: High,"$1,999.00 revenue impact | Priority: Medium",Send personalised in-app re-engagement campaign with 15% discount for 3-month commitment. Follow up with feature tutorial email sequence.,Medium
TRC-BAA1C633B5,2026-05-07T23:36:41.661405+00:00,Intervention,IV-99B15AE7,SMB Re-engagement Offer — High Churn Risk,retention,Segment: SMB | Effort: High,"$1,999.00 revenue impact | Priority: Medium",Send personalised in-app re-engagement campaign with 15% discount for 3-month commitment. Follow up with feature tutorial email sequence.,Medium
TRC-62612AB5CD,2026-05-07T23:36:41.661410+00:00,Intervention,IV-71BCA90C,SMB Re-engagement Offer — High Churn Risk,retention,Segment: SMB | Effort: High,"$1,999.00 revenue impact | Priority: Medium",Send personalised in-app re-engagement campaign with 15% discount for 3-month commitment. Follow up with feature tutorial email sequence.,Medium
TRC-981BAE93BC,2026-05-07T23:36:41.661418+00:00,Intervention,IV-03AF95E2,SMB Re-engagement Offer — High Churn Risk,retention,Segment: SMB | Effort: High,"$1,999.00 revenue impact | Priority: Medium",Send personalised in-app re-engagement campaign with 15% discount for 3-month commitment. Follow up with feature tutorial email sequence.,Medium
TRC-9321175BC6,2026-05-07T23:36:41.661423+00:00,Intervention,IV-3D2D8D42,SMB Re-engagement Offer — High Churn Risk,retention,Segment: SMB | Effort: High,"$1,999.00 revenue impact | Priority: Medium",Send personalised in-app re-engagement campaign with 15% discount for 3-month commitment. Follow up with feature tutorial email sequence.,Medium
TRC-F3C79B2960,2026-05-07T23:36:41.661427+00:00,Intervention,IV-915EB1D1,SMB Re-engagement Offer — High Churn Risk,retention,Segment: SMB | Effort: High,"$1,999.00 revenue impact | Priority: Medium",Send personalised in-app re-engagement campaign with 15% discount for 3-month commitment. Follow up with feature tutorial email sequence.,Medium
TRC-920C47B1BD,2026-05-07T23:36:41.661436+00:00,Intervention,IV-A0B8B170,SMB Re-engagement Offer — High Churn Risk,retention,Segment: SMB | Effort: High,"$1,999.00 revenue impact | Priority: Medium",Send personalised in-app re-engagement campaign with 15% discount for 3-month commitment. Follow up with feature tutorial email sequence.,Medium
TRC-2A92DC4EA5,2026-05-07T23:36:41.661440+00:00,Intervention,IV-69E3019E,SMB Re-engagement Offer — High Churn Risk,retention,Segment: SMB | Effort: High,"$1,999.00 revenue impact | Priority: Medium",Send personalised in-app re-engagement campaign with 15% discount for 3-month commitment. Follow up with feature tutorial email sequence.,Medium
TRC-84616F0A57,2026-05-07T23:36:41.661444+00:00,Intervention,IV-0B2AC247,SMB Re-engagement Offer — High Churn Risk,retention,Segment: SMB | Effort: High,"$1,999.00 revenue impact | Priority: Medium",Send personalised in-app re-engagement campaign with 15% discount for 3-month commitment. Follow up with feature tutorial email sequence.,Medium
TRC-72F361ED4E,2026-05-07T23:36:41.661449+00:00,Intervention,IV-8ADA511E,SMB Re-engagement Offer — High Churn Risk,retention,Segment: SMB | Effort: High,"$1,999.00 revenue impact | Priority: Medium",Send personalised in-app re-engagement campaign with 15% discount for 3-month commitment. Follow up with feature tutorial email sequence.,Medium
TRC-9E038C3D3E,2026-05-07T23:36:41.661454+00:00,Intervention,IV-A3A5FF79,SMB Re-engagement Offer — High Churn Risk,retention,Segment: SMB | Effort: High,"$1,999.00 revenue impact | Priority: Medium",Send personalised in-app re-engagement campaign with 15% discount for 3-month commitment. Follow up with feature tutorial email sequence.,Medium
TRC-A26CDCB082,2026-05-07T23:36:41.661458+00:00,Intervention,IV-D4DD7B87,SMB Re-engagement Offer — High Churn Risk,retention,Segment: SMB | Effort: High,"$1,999.00 revenue impact | Priority: Medium",Send personalised in-app re-engagement campaign with 15% discount for 3-month commitment. Follow up with feature tutorial email sequence.,Medium
TRC-1C00ABC66E,2026-05-07T23:36:41.661466+00:00,Intervention,IV-12AFC21D,SMB Re-engagement Offer — High Churn Risk,retention,Segment: SMB | Effort: High,"$1,999.00 revenue impact | Priority: Medium",Send personalised in-app re-engagement campaign with 15% discount for 3-month commitment. Follow up with feature tutorial email sequence.,Medium
TRC-AAFACC43E8,2026-05-07T23:36:41.661470+00:00,Intervention,IV-C749129B,SMB Re-engagement Offer — High Churn Risk,retention,Segment: SMB | Effort: High,"$1,999.00 revenue impact | Priority: Medium",Send personalised in-app re-engagement campaign with 15% discount for 3-month commitment. Follow up with feature tutorial email sequence.,Medium
TRC-C5BD79FF4E,2026-05-07T23:36:41.661475+00:00,Intervention,IV-F2D21C4D,Automated Payment Recovery — Failed Transaction,billing_recovery,Segment: Mid-Market | Effort: Low,$499.00 revenue impact | Priority: Medium,"Trigger dunning sequence: retry payment after 3 days, send payment update email after 5 days, escalate to CSM after 10 days.",High
TRC-973384BB7C,2026-05-07T23:36:41.661483+00:00,Intervention,IV-B3E521D9,Automated Payment Recovery — Failed Transaction,billing_recovery,Segment: Startup | Effort: Low,$499.00 revenue impact | Priority: Medium,"Trigger dunning sequence: retry payment after 3 days, send payment update email after 5 days, escalate to CSM after 10 days.",High
TRC-B705FEC49D,2026-05-07T23:36:41.661488+00:00,Intervention,IV-DFDBA8B0,Automated Payment Recovery — Failed Transaction,billing_recovery,Segment: Mid-Market | Effort: Low,$499.00 revenue impact | Priority: Medium,"Trigger dunning sequence: retry payment after 3 days, send payment update email after 5 days, escalate to CSM after 10 days.",High
TRC-0E124A817F,2026-05-07T23:36:41.661493+00:00,Intervention,IV-31FEDDF7,Automated Payment Recovery — Failed Transaction,billing_recovery,Segment: Startup | Effort: Low,$499.00 revenue impact | Priority: Medium,"Trigger dunning sequence: retry payment after 3 days, send payment update email after 5 days, escalate to CSM after 10 days.",High
TRC-C0AF1BFE1E,2026-05-07T23:36:41.661501+00:00,Intervention,IV-7E56B3F0,Automated Payment Recovery — Failed Transaction,billing_recovery,Segment: Startup | Effort: Low,$499.00 revenue impact | Priority: Medium,"Trigger dunning sequence: retry payment after 3 days, send payment update email after 5 days, escalate to CSM after 10 days.",High
TRC-2A44B184D6,2026-05-07T23:36:41.661506+00:00,Intervention,IV-529DD279,Automated Payment Recovery — Failed Transaction,billing_recovery,Segment: SMB | Effort: Low,$499.00 revenue impact | Priority: Medium,"Trigger dunning sequence: retry payment after 3 days, send payment update email after 5 days, escalate to CSM after 10 days.",High
TRC-CDAC469B36,2026-05-07T23:36:41.661510+00:00,Intervention,IV-2CECD1A5,Automated Payment Recovery — Failed Transaction,billing_recovery,Segment: SMB | Effort: Low,$499.00 revenue impact | Priority: Medium,"Trigger dunning sequence: retry payment after 3 days, send payment update email after 5 days, escalate to CSM after 10 days.",High
TRC-35474671FE,2026-05-07T23:36:41.661519+00:00,Intervention,IV-0C7AA67A,Automated Payment Recovery — Failed Transaction,billing_recovery,Segment: SMB | Effort: Low,$499.00 revenue impact | Priority: Medium,"Trigger dunning sequence: retry payment after 3 days, send payment update email after 5 days, escalate to CSM after 10 days.",High
TRC-E66B54A2F5,2026-05-07T23:36:41.661523+00:00,Intervention,IV-CBFF9BB2,Automated Payment Recovery — Failed Transaction,billing_recovery,Segment: SMB | Effort: Low,$499.00 revenue impact | Priority: Medium,"Trigger dunning sequence: retry payment after 3 days, send payment update email after 5 days, escalate to CSM after 10 days.",High
TRC-788B696617,2026-05-07T23:36:41.661528+00:00,Intervention,IV-8D2B08ED,Automated Payment Recovery — Failed Transaction,billing_recovery,Segment: SMB | Effort: Low,$499.00 revenue impact | Priority: Medium,"Trigger dunning sequence: retry payment after 3 days, send payment update email after 5 days, escalate to CSM after 10 days.",High
TRC-C9689D24CB,2026-05-07T23:36:41.661536+00:00,Intervention,IV-9DBD5D08,Automated Payment Recovery — Failed Transaction,billing_recovery,Segment: Startup | Effort: Low,$499.00 revenue impact | Priority: Medium,"Trigger dunning sequence: retry payment after 3 days, send payment update email after 5 days, escalate to CSM after 10 days.",High
TRC-931B4C7AB9,2026-05-07T23:36:41.661540+00:00,Intervention,IV-8726F24E,Automated Payment Recovery — Failed Transaction,billing_recovery,Segment: Startup | Effort: Low,$499.00 revenue impact | Priority: Medium,"Trigger dunning sequence: retry payment after 3 days, send payment update email after 5 days, escalate to CSM after 10 days.",High
TRC-B8E64D5263,2026-05-07T23:36:41.661545+00:00,Intervention,IV-676DEEAE,Automated Payment Recovery — Failed Transaction,billing_recovery,Segment: Startup | Effort: Low,$499.00 revenue impact | Priority: Medium,"Trigger dunning sequence: retry payment after 3 days, send payment update email after 5 days, escalate to CSM after 10 days.",High
TRC-78FCDDAD47,2026-05-07T23:36:41.661554+00:00,Intervention,IV-16670B63,Automated Payment Recovery — Failed Transaction,billing_recovery,Segment: Startup | Effort: Low,$499.00 revenue impact | Priority: Medium,"Trigger dunning sequence: retry payment after 3 days, send payment update email after 5 days, escalate to CSM after 10 days.",High
TRC-2053E377DF,2026-05-07T23:36:41.661558+00:00,Intervention,IV-38E28291,Automated Payment Recovery — Failed Transaction,billing_recovery,Segment: SMB | Effort: Low,$499.00 revenue impact | Priority: Medium,"Trigger dunning sequence: retry payment after 3 days, send payment update email after 5 days, escalate to CSM after 10 days.",High
TRC-6EEEB394B4,2026-05-07T23:36:41.661563+00:00,Intervention,IV-39BBC0E5,Automated Payment Recovery — Failed Transaction,billing_recovery,Segment: SMB | Effort: Low,$499.00 revenue impact | Priority: Medium,"Trigger dunning sequence: retry payment after 3 days, send payment update email after 5 days, escalate to CSM after 10 days.",High
TRC-BBC4C916D0,2026-05-07T23:36:41.661571+00:00,Intervention,IV-44CAA4AE,Automated Payment Recovery — Failed Transaction,billing_recovery,Segment: Mid-Market | Effort: Low,$499.00 revenue impact | Priority: Medium,"Trigger dunning sequence: retry payment after 3 days, send payment update email after 5 days, escalate to CSM after 10 days.",High
TRC-19FF2DF000,2026-05-07T23:36:41.661576+00:00,Intervention,IV-05593A56,Automated Payment Recovery — Failed Transaction,billing_recovery,Segment: Startup | Effort: Low,$499.00 revenue impact | Priority: Medium,"Trigger dunning sequence: retry payment after 3 days, send payment update email after 5 days, escalate to CSM after 10 days.",High
TRC-3E6D495382,2026-05-07T23:36:41.661580+00:00,Intervention,IV-78622956,Automated Payment Recovery — Failed Transaction,billing_recovery,Segment: Startup | Effort: Low,$499.00 revenue impact | Priority: Medium,"Trigger dunning sequence: retry payment after 3 days, send payment update email after 5 days, escalate to CSM after 10 days.",High
TRC-8371734729,2026-05-07T23:36:41.661589+00:00,Intervention,IV-95979434,Automated Payment Recovery — Failed Transaction,billing_recovery,Segment: Startup | Effort: Low,$499.00 revenue impact | Priority: Medium,"Trigger dunning sequence: retry payment after 3 days, send payment update email after 5 days, escalate to CSM after 10 days.",High
TRC-F01DFA1E43,2026-05-07T23:36:41.661593+00:00,Intervention,IV-08868277,Automated Payment Recovery — Failed Transaction,billing_recovery,Segment: Mid-Market | Effort: Low,$499.00 revenue impact | Priority: Medium,"Trigger dunning sequence: retry payment after 3 days, send payment update email after 5 days, escalate to CSM after 10 days.",High
TRC-941360B68C,2026-05-07T23:36:41.661598+00:00,Intervention,IV-913AE40D,Automated Payment Recovery — Failed Transaction,billing_recovery,Segment: Startup | Effort: Low,$499.00 revenue impact | Priority: Medium,"Trigger dunning sequence: retry payment after 3 days, send payment update email after 5 days, escalate to CSM after 10 days.",High
TRC-D19B3C2973,2026-05-07T23:36:41.661605+00:00,Intervention,IV-669E01BC,Automated Payment Recovery — Failed Transaction,billing_recovery,Segment: Startup | Effort: Low,$499.00 revenue impact | Priority: Medium,"Trigger dunning sequence: retry payment after 3 days, send payment update email after 5 days, escalate to CSM after 10 days.",High
TRC-C6E3A381EA,2026-05-07T23:36:41.661610+00:00,Intervention,IV-CBA45712,Automated Payment Recovery — Failed Transaction,billing_recovery,Segment: SMB | Effort: Low,$499.00 revenue impact | Priority: Medium,"Trigger dunning sequence: retry payment after 3 days, send payment update email after 5 days, escalate to CSM after 10 days.",High
TRC-47123BB353,2026-05-07T23:36:41.661615+00:00,Intervention,IV-940435D6,Automated Payment Recovery — Failed Transaction,billing_recovery,Segment: Startup | Effort: Low,$499.00 revenue impact | Priority: Medium,"Trigger dunning sequence: retry payment after 3 days, send payment update email after 5 days, escalate to CSM after 10 days.",High
TRC-715813C74D,2026-05-07T23:36:41.661619+00:00,Intervention,IV-63EFBAC9,Automated Payment Recovery — Failed Transaction,billing_recovery,Segment: Mid-Market | Effort: Low,$499.00 revenue impact | Priority: Medium,"Trigger dunning sequence: retry payment after 3 days, send payment update email after 5 days, escalate to CSM after 10 days.",High
TRC-50FFFDA0CE,2026-05-07T23:36:41.661624+00:00,Intervention,IV-F2148A65,Automated Payment Recovery — Failed Transaction,billing_recovery,Segment: Startup | Effort: Low,$499.00 revenue impact | Priority: Medium,"Trigger dunning sequence: retry payment after 3 days, send payment update email after 5 days, escalate to CSM after 10 days.",High
TRC-C63E76B235,2026-05-07T23:36:41.661628+00:00,Intervention,IV-CAA5D315,Automated Payment Recovery — Failed Transaction,billing_recovery,Segment: SMB | Effort: Low,$499.00 revenue impact | Priority: Medium,"Trigger dunning sequence: retry payment after 3 days, send payment update email after 5 days, escalate to CSM after 10 days.",High
TRC-282B9CFA68,2026-05-07T23:36:41.661633+00:00,Intervention,IV-D74BD3A0,Automated Payment Recovery — Failed Transaction,billing_recovery,Segment: Startup | Effort: Low,$499.00 revenue impact | Priority: Medium,"Trigger dunning sequence: retry payment after 3 days, send payment update email after 5 days, escalate to CSM after 10 days.",High
TRC-6AF94C44A8,2026-05-07T23:36:41.661637+00:00,Intervention,IV-269FEBF0,Automated Payment Recovery — Failed Transaction,billing_recovery,Segment: SMB | Effort: Low,$499.00 revenue impact | Priority: Medium,"Trigger dunning sequence: retry payment after 3 days, send payment update email after 5 days, escalate to CSM after 10 days.",High
TRC-B6DE8DCE91,2026-05-07T23:36:41.661645+00:00,Intervention,IV-DD2460CC,Automated Payment Recovery — Failed Transaction,billing_recovery,Segment: Startup | Effort: Low,$499.00 revenue impact | Priority: Medium,"Trigger dunning sequence: retry payment after 3 days, send payment update email after 5 days, escalate to CSM after 10 days.",High
TRC-2389E4999B,2026-05-07T23:36:41.661650+00:00,Intervention,IV-08665AC2,Automated Payment Recovery — Failed Transaction,billing_recovery,Segment: Enterprise | Effort: Low,$499.00 revenue impact | Priority: Medium,"Trigger dunning sequence: retry payment after 3 days, send payment update email after 5 days, escalate to CSM after 10 days.",High
TRC-719B5EF79C,2026-05-07T23:36:41.661654+00:00,Intervention,IV-DA7C36DA,Automated Payment Recovery — Failed Transaction,billing_recovery,Segment: Startup | Effort: Low,$499.00 revenue impact | Priority: Medium,"Trigger dunning sequence: retry payment after 3 days, send payment update email after 5 days, escalate to CSM after 10 days.",High
TRC-29A5FE971D,2026-05-07T23:36:41.661659+00:00,Intervention,IV-DB731D8F,Automated Payment Recovery — Failed Transaction,billing_recovery,Segment: SMB | Effort: Low,$499.00 revenue impact | Priority: Medium,"Trigger dunning sequence: retry payment after 3 days, send payment update email after 5 days, escalate to CSM after 10 days.",High
TRC-CF0EF59E1B,2026-05-07T23:36:41.661666+00:00,Intervention,IV-EEE7B071,Automated Payment Recovery — Failed Transaction,billing_recovery,Segment: Startup | Effort: Low,$499.00 revenue impact | Priority: Medium,"Trigger dunning sequence: retry payment after 3 days, send payment update email after 5 days, escalate to CSM after 10 days.",High
TRC-143E108842,2026-05-07T23:36:41.661671+00:00,Intervention,IV-734FA800,Automated Payment Recovery — Failed Transaction,billing_recovery,Segment: Mid-Market | Effort: Low,$499.00 revenue impact | Priority: Medium,"Trigger dunning sequence: retry payment after 3 days, send payment update email after 5 days, escalate to CSM after 10 days.",High
TRC-217E1F5F26,2026-05-07T23:36:41.661676+00:00,Intervention,IV-78E7D4A2,Automated Payment Recovery — Failed Transaction,billing_recovery,Segment: SMB | Effort: Low,$499.00 revenue impact | Priority: Medium,"Trigger dunning sequence: retry payment after 3 days, send payment update email after 5 days, escalate to CSM after 10 days.",High
TRC-26D2FE5EBA,2026-05-07T23:36:41.661684+00:00,Intervention,IV-D82DFE40,Automated Payment Recovery — Failed Transaction,billing_recovery,Segment: Mid-Market | Effort: Low,$499.00 revenue impact | Priority: Medium,"Trigger dunning sequence: retry payment after 3 days, send payment update email after 5 days, escalate to CSM after 10 days.",High
TRC-95BE43683A,2026-05-07T23:36:41.661688+00:00,Intervention,IV-5CCCC89C,Automated Payment Recovery — Failed Transaction,billing_recovery,Segment: SMB | Effort: Low,$499.00 revenue impact | Priority: Medium,"Trigger dunning sequence: retry payment after 3 days, send payment update email after 5 days, escalate to CSM after 10 days.",High
TRC-EF35BE8A7F,2026-05-07T23:36:41.661693+00:00,Intervention,IV-48387BB7,Automated Payment Recovery — Failed Transaction,billing_recovery,Segment: SMB | Effort: Low,$499.00 revenue impact | Priority: Medium,"Trigger dunning sequence: retry payment after 3 days, send payment update email after 5 days, escalate to CSM after 10 days.",High
TRC-2A2A4B63B5,2026-05-07T23:36:41.661701+00:00,Intervention,IV-D76C7DED,Automated Payment Recovery — Failed Transaction,billing_recovery,Segment: Startup | Effort: Low,$499.00 revenue impact | Priority: Medium,"Trigger dunning sequence: retry payment after 3 days, send payment update email after 5 days, escalate to CSM after 10 days.",High
TRC-16C1699806,2026-05-07T23:36:41.661706+00:00,Intervention,IV-5A82F5F0,Automated Payment Recovery — Failed Transaction,billing_recovery,Segment: Startup | Effort: Low,$499.00 revenue impact | Priority: Medium,"Trigger dunning sequence: retry payment after 3 days, send payment update email after 5 days, escalate to CSM after 10 days.",High
TRC-75E7B1A878,2026-05-07T23:36:41.661710+00:00,Intervention,IV-D6372DE6,Automated Payment Recovery — Failed Transaction,billing_recovery,Segment: SMB | Effort: Low,$499.00 revenue impact | Priority: Medium,"Trigger dunning sequence: retry payment after 3 days, send payment update email after 5 days, escalate to CSM after 10 days.",High
TRC-8120AD7BC0,2026-05-07T23:36:41.661719+00:00,Intervention,IV-739D1C82,Automated Payment Recovery — Failed Transaction,billing_recovery,Segment: Mid-Market | Effort: Low,$499.00 revenue impact | Priority: Medium,"Trigger dunning sequence: retry payment after 3 days, send payment update email after 5 days, escalate to CSM after 10 days.",High
TRC-BDF27E214F,2026-05-07T23:36:41.661723+00:00,Intervention,IV-C73066BD,Automated Payment Recovery — Failed Transaction,billing_recovery,Segment: SMB | Effort: Low,$499.00 revenue impact | Priority: Medium,"Trigger dunning sequence: retry payment after 3 days, send payment update email after 5 days, escalate to CSM after 10 days.",High
TRC-57AFFC4307,2026-05-07T23:36:41.661728+00:00,Intervention,IV-2055C0C2,Automated Payment Recovery — Failed Transaction,billing_recovery,Segment: SMB | Effort: Low,$499.00 revenue impact | Priority: Medium,"Trigger dunning sequence: retry payment after 3 days, send payment update email after 5 days, escalate to CSM after 10 days.",High
TRC-A7E0022B61,2026-05-07T23:36:41.661733+00:00,Intervention,IV-769E9292,Automated Payment Recovery — Failed Transaction,billing_recovery,Segment: Startup | Effort: Low,$499.00 revenue impact | Priority: Medium,"Trigger dunning sequence: retry payment after 3 days, send payment update email after 5 days, escalate to CSM after 10 days.",High
TRC-4984F5F344,2026-05-07T23:36:41.661737+00:00,Intervention,IV-2FD816BE,Automated Payment Recovery — Failed Transaction,billing_recovery,Segment: Startup | Effort: Low,$499.00 revenue impact | Priority: Medium,"Trigger dunning sequence: retry payment after 3 days, send payment update email after 5 days, escalate to CSM after 10 days.",High
TRC-E0BF285B40,2026-05-07T23:36:41.661742+00:00,Intervention,IV-5394BC99,Automated Payment Recovery — Failed Transaction,billing_recovery,Segment: Startup | Effort: Low,$499.00 revenue impact | Priority: Medium,"Trigger dunning sequence: retry payment after 3 days, send payment update email after 5 days, escalate to CSM after 10 days.",High
TRC-3810FE892A,2026-05-07T23:36:41.661747+00:00,Intervention,IV-15337DD7,Automated Payment Recovery — Failed Transaction,billing_recovery,Segment: SMB | Effort: Low,$499.00 revenue impact | Priority: Medium,"Trigger dunning sequence: retry payment after 3 days, send payment update email after 5 days, escalate to CSM after 10 days.",High
TRC-355CEFD362,2026-05-07T23:36:41.661754+00:00,Intervention,IV-78D22859,Automated Payment Recovery — Failed Transaction,billing_recovery,Segment: Startup | Effort: Low,$499.00 revenue impact | Priority: Medium,"Trigger dunning sequence: retry payment after 3 days, send payment update email after 5 days, escalate to CSM after 10 days.",High
TRC-633B102FAB,2026-05-07T23:36:41.661758+00:00,Intervention,IV-924147E8,Automated Payment Recovery — Failed Transaction,billing_recovery,Segment: Startup | Effort: Low,$499.00 revenue impact | Priority: Medium,"Trigger dunning sequence: retry payment after 3 days, send payment update email after 5 days, escalate to CSM after 10 days.",High
TRC-A4B7588788,2026-05-07T23:36:41.661764+00:00,Intervention,IV-D3EFF2CC,Automated Payment Recovery — Failed Transaction,billing_recovery,Segment: SMB | Effort: Low,$499.00 revenue impact | Priority: Medium,"Trigger dunning sequence: retry payment after 3 days, send payment update email after 5 days, escalate to CSM after 10 days.",High
TRC-5976160CA3,2026-05-07T23:36:41.661772+00:00,Intervention,IV-55673EC6,Automated Payment Recovery — Failed Transaction,billing_recovery,Segment: Startup | Effort: Low,$499.00 revenue impact | Priority: Medium,"Trigger dunning sequence: retry payment after 3 days, send payment update email after 5 days, escalate to CSM after 10 days.",High
TRC-D7FC774B1A,2026-05-07T23:36:41.661776+00:00,Intervention,IV-94558C93,Automated Payment Recovery — Failed Transaction,billing_recovery,Segment: SMB | Effort: Low,$499.00 revenue impact | Priority: Medium,"Trigger dunning sequence: retry payment after 3 days, send payment update email after 5 days, escalate to CSM after 10 days.",High
TRC-06B3892F1B,2026-05-07T23:36:41.661781+00:00,Intervention,IV-A72E357D,Automated Payment Recovery — Failed Transaction,billing_recovery,Segment: Startup | Effort: Low,$499.00 revenue impact | Priority: Medium,"Trigger dunning sequence: retry payment after 3 days, send payment update email after 5 days, escalate to CSM after 10 days.",High
TRC-343AC3028A,2026-05-07T23:36:41.661786+00:00,Intervention,IV-3B564BB2,Automated Payment Recovery — Failed Transaction,billing_recovery,Segment: SMB | Effort: Low,$499.00 revenue impact | Priority: Medium,"Trigger dunning sequence: retry payment after 3 days, send payment update email after 5 days, escalate to CSM after 10 days.",High
TRC-FC92BCE620,2026-05-07T23:36:41.661791+00:00,Intervention,IV-5EC61B34,Automated Payment Recovery — Failed Transaction,billing_recovery,Segment: Startup | Effort: Low,$499.00 revenue impact | Priority: Medium,"Trigger dunning sequence: retry payment after 3 days, send payment update email after 5 days, escalate to CSM after 10 days.",High
TRC-59E81FC5F5,2026-05-07T23:36:41.661795+00:00,Intervention,IV-11351AFE,Automated Payment Recovery — Failed Transaction,billing_recovery,Segment: Enterprise | Effort: Low,$499.00 revenue impact | Priority: Medium,"Trigger dunning sequence: retry payment after 3 days, send payment update email after 5 days, escalate to CSM after 10 days.",High
TRC-1D3FC46FFC,2026-05-07T23:36:41.661803+00:00,Intervention,IV-807655B5,Automated Payment Recovery — Failed Transaction,billing_recovery,Segment: Startup | Effort: Low,$499.00 revenue impact | Priority: Medium,"Trigger dunning sequence: retry payment after 3 days, send payment update email after 5 days, escalate to CSM after 10 days.",High
TRC-6855D7F09C,2026-05-07T23:36:41.661808+00:00,Intervention,IV-5F3B5A83,Automated Payment Recovery — Failed Transaction,billing_recovery,Segment: Startup | Effort: Low,$499.00 revenue impact | Priority: Medium,"Trigger dunning sequence: retry payment after 3 days, send payment update email after 5 days, escalate to CSM after 10 days.",High
TRC-36DBBE758F,2026-05-07T23:36:41.661813+00:00,Intervention,IV-F58D5EE9,Automated Payment Recovery — Failed Transaction,billing_recovery,Segment: Startup | Effort: Low,$499.00 revenue impact | Priority: Medium,"Trigger dunning sequence: retry payment after 3 days, send payment update email after 5 days, escalate to CSM after 10 days.",High
TRC-F62DEDF007,2026-05-07T23:36:41.661820+00:00,Intervention,IV-FA1D1969,Automated Payment Recovery — Failed Transaction,billing_recovery,Segment: SMB | Effort: Low,$499.00 revenue impact | Priority: Medium,"Trigger dunning sequence: retry payment after 3 days, send payment update email after 5 days, escalate to CSM after 10 days.",High
TRC-65BF375D8A,2026-05-07T23:36:41.661830+00:00,Intervention,IV-DA65BB3B,Past-Due Account Escalation,billing_recovery,Segment: SMB | Effort: Low,$499.00 revenue impact | Priority: Medium,Escalate to finance for account hold review. Send formal payment demand notice and suspend non-critical features until resolved.,High
TRC-74B19A3F91,2026-05-07T23:36:41.661847+00:00,Intervention,IV-55973A56,Past-Due Account Escalation,billing_recovery,Segment: SMB | Effort: Low,$499.00 revenue impact | Priority: Medium,Escalate to finance for account hold review. Send formal payment demand notice and suspend non-critical features until resolved.,High
TRC-2DBAE996F4,2026-05-07T23:36:41.661856+00:00,Intervention,IV-C3BCF23F,Past-Due Account Escalation,billing_recovery,Segment: Startup | Effort: Low,$499.00 revenue impact | Priority: Medium,Escalate to finance for account hold review. Send formal payment demand notice and suspend non-critical features until resolved.,High
TRC-5FC7A5D5C9,2026-05-07T23:36:41.661861+00:00,Intervention,IV-BFFCC213,Past-Due Account Escalation,billing_recovery,Segment: Startup | Effort: Low,$499.00 revenue impact | Priority: Medium,Escalate to finance for account hold review. Send formal payment demand notice and suspend non-critical features until resolved.,High
TRC-F3266BAB90,2026-05-07T23:36:41.661866+00:00,Intervention,IV-19243BE6,Past-Due Account Escalation,billing_recovery,Segment: Startup | Effort: Low,$499.00 revenue impact | Priority: Medium,Escalate to finance for account hold review. Send formal payment demand notice and suspend non-critical features until resolved.,High
TRC-136B440651,2026-05-07T23:36:41.661871+00:00,Intervention,IV-FCBFCDC6,Past-Due Account Escalation,billing_recovery,Segment: Startup | Effort: Low,$499.00 revenue impact | Priority: Medium,Escalate to finance for account hold review. Send formal payment demand notice and suspend non-critical features until resolved.,High
TRC-CC8803E913,2026-05-07T23:36:41.661875+00:00,Intervention,IV-FBA7352F,Past-Due Account Escalation,billing_recovery,Segment: SMB | Effort: Low,$499.00 revenue impact | Priority: Medium,Escalate to finance for account hold review. Send formal payment demand notice and suspend non-critical features until resolved.,High
TRC-01D75D0F67,2026-05-07T23:36:41.661880+00:00,Intervention,IV-CFBC7AA1,Past-Due Account Escalation,billing_recovery,Segment: Startup | Effort: Low,$499.00 revenue impact | Priority: Medium,Escalate to finance for account hold review. Send formal payment demand notice and suspend non-critical features until resolved.,High
TRC-E9D7C469B4,2026-05-07T23:36:41.661885+00:00,Intervention,IV-AFEC3C0B,Past-Due Account Escalation,billing_recovery,Segment: Startup | Effort: Low,$499.00 revenue impact | Priority: Medium,Escalate to finance for account hold review. Send formal payment demand notice and suspend non-critical features until resolved.,High
TRC-05483CDFAE,2026-05-07T23:36:41.661890+00:00,Intervention,IV-6D02D15D,Past-Due Account Escalation,billing_recovery,Segment: SMB | Effort: Low,$499.00 revenue impact | Priority: Medium,Escalate to finance for account hold review. Send formal payment demand notice and suspend non-critical features until resolved.,High
TRC-E7FE04D1C4,2026-05-07T23:36:41.661894+00:00,Intervention,IV-8816E9D2,Past-Due Account Escalation,billing_recovery,Segment: Startup | Effort: Low,$499.00 revenue impact | Priority: Medium,Escalate to finance for account hold review. Send formal payment demand notice and suspend non-critical features until resolved.,High
TRC-8CFDB93D36,2026-05-07T23:36:41.661899+00:00,Intervention,IV-85C8708E,Past-Due Account Escalation,billing_recovery,Segment: Startup | Effort: Low,$499.00 revenue impact | Priority: Medium,Escalate to finance for account hold review. Send formal payment demand notice and suspend non-critical features until resolved.,High
TRC-B5BF702521,2026-05-07T23:36:41.661903+00:00,Intervention,IV-D9215A9D,Past-Due Account Escalation,billing_recovery,Segment: SMB | Effort: Low,$499.00 revenue impact | Priority: Medium,Escalate to finance for account hold review. Send formal payment demand notice and suspend non-critical features until resolved.,High
TRC-FB4FB73324,2026-05-07T23:36:41.661908+00:00,Intervention,IV-E806C71E,Past-Due Account Escalation,billing_recovery,Segment: Startup | Effort: Low,$499.00 revenue impact | Priority: Medium,Escalate to finance for account hold review. Send formal payment demand notice and suspend non-critical features until resolved.,High
TRC-1A249CCB57,2026-05-07T23:36:41.661912+00:00,Intervention,IV-6A5562C6,Past-Due Account Escalation,billing_recovery,Segment: Mid-Market | Effort: Low,$499.00 revenue impact | Priority: Medium,Escalate to finance for account hold review. Send formal payment demand notice and suspend non-critical features until resolved.,High
TRC-0C2711CB8F,2026-05-07T23:36:41.661917+00:00,Intervention,IV-3CCEDE83,Automated Payment Recovery — Failed Transaction,billing_recovery,Segment: SMB | Effort: Low,$398.00 revenue impact | Priority: Medium,"Trigger dunning sequence: retry payment after 3 days, send payment update email after 5 days, escalate to CSM after 10 days.",High
TRC-1FD4B8C0CB,2026-05-07T23:36:41.661922+00:00,Intervention,IV-E4166D34,Automated Payment Recovery — Failed Transaction,billing_recovery,Segment: Mid-Market | Effort: Low,$398.00 revenue impact | Priority: Medium,"Trigger dunning sequence: retry payment after 3 days, send payment update email after 5 days, escalate to CSM after 10 days.",High
TRC-B4CD370823,2026-05-07T23:36:41.661929+00:00,Intervention,IV-68C31803,Automated Payment Recovery — Failed Transaction,billing_recovery,Segment: SMB | Effort: Low,$398.00 revenue impact | Priority: Medium,"Trigger dunning sequence: retry payment after 3 days, send payment update email after 5 days, escalate to CSM after 10 days.",High
TRC-FF06C4798F,2026-05-07T23:36:41.661934+00:00,Intervention,IV-9DD86F09,Automated Payment Recovery — Failed Transaction,billing_recovery,Segment: SMB | Effort: Low,$398.00 revenue impact | Priority: Medium,"Trigger dunning sequence: retry payment after 3 days, send payment update email after 5 days, escalate to CSM after 10 days.",High
TRC-3C6AB2C110,2026-05-07T23:36:41.661938+00:00,Intervention,IV-8106ADC9,Automated Payment Recovery — Failed Transaction,billing_recovery,Segment: Startup | Effort: Low,$398.00 revenue impact | Priority: Medium,"Trigger dunning sequence: retry payment after 3 days, send payment update email after 5 days, escalate to CSM after 10 days.",High
TRC-BAA0254AD2,2026-05-07T23:36:41.661943+00:00,Intervention,IV-2D070A48,Automated Payment Recovery — Failed Transaction,billing_recovery,Segment: SMB | Effort: Low,$398.00 revenue impact | Priority: Medium,"Trigger dunning sequence: retry payment after 3 days, send payment update email after 5 days, escalate to CSM after 10 days.",High
TRC-13DDF905BE,2026-05-07T23:36:41.661948+00:00,Intervention,IV-31604D76,Automated Payment Recovery — Failed Transaction,billing_recovery,Segment: Mid-Market | Effort: Low,$398.00 revenue impact | Priority: Medium,"Trigger dunning sequence: retry payment after 3 days, send payment update email after 5 days, escalate to CSM after 10 days.",High
TRC-F4A824DF9B,2026-05-07T23:36:41.661952+00:00,Intervention,IV-DC2A2D45,Automated Payment Recovery — Failed Transaction,billing_recovery,Segment: Startup | Effort: Low,$398.00 revenue impact | Priority: Medium,"Trigger dunning sequence: retry payment after 3 days, send payment update email after 5 days, escalate to CSM after 10 days.",High
TRC-1104523DD9,2026-05-07T23:36:41.661957+00:00,Intervention,IV-55591A39,Automated Payment Recovery — Failed Transaction,billing_recovery,Segment: SMB | Effort: Low,$398.00 revenue impact | Priority: Medium,"Trigger dunning sequence: retry payment after 3 days, send payment update email after 5 days, escalate to CSM after 10 days.",High
TRC-F4D9DB2D3C,2026-05-07T23:36:41.661962+00:00,Intervention,IV-07EF7803,Automated Payment Recovery — Failed Transaction,billing_recovery,Segment: Startup | Effort: Low,$398.00 revenue impact | Priority: Medium,"Trigger dunning sequence: retry payment after 3 days, send payment update email after 5 days, escalate to CSM after 10 days.",High
TRC-97A8042E9E,2026-05-07T23:36:41.661966+00:00,Intervention,IV-F95D8A2C,Automated Payment Recovery — Failed Transaction,billing_recovery,Segment: Mid-Market | Effort: Low,$398.00 revenue impact | Priority: Medium,"Trigger dunning sequence: retry payment after 3 days, send payment update email after 5 days, escalate to CSM after 10 days.",High
TRC-D54A9A0E91,2026-05-07T23:36:41.661974+00:00,Intervention,IV-E3DD4154,Automated Payment Recovery — Failed Transaction,billing_recovery,Segment: SMB | Effort: Low,$398.00 revenue impact | Priority: Medium,"Trigger dunning sequence: retry payment after 3 days, send payment update email after 5 days, escalate to CSM after 10 days.",High
TRC-17A501DF49,2026-05-07T23:36:41.661980+00:00,Intervention,IV-33025444,Automated Payment Recovery — Failed Transaction,billing_recovery,Segment: Mid-Market | Effort: Low,$398.00 revenue impact | Priority: Medium,"Trigger dunning sequence: retry payment after 3 days, send payment update email after 5 days, escalate to CSM after 10 days.",High
TRC-5E073B3C46,2026-05-07T23:36:41.661985+00:00,Intervention,IV-825ABB3A,Automated Payment Recovery — Failed Transaction,billing_recovery,Segment: Startup | Effort: Low,$398.00 revenue impact | Priority: Medium,"Trigger dunning sequence: retry payment after 3 days, send payment update email after 5 days, escalate to CSM after 10 days.",High
TRC-ADDA82B241,2026-05-07T23:36:41.661992+00:00,Intervention,IV-F2027D60,Automated Payment Recovery — Failed Transaction,billing_recovery,Segment: SMB | Effort: Low,$398.00 revenue impact | Priority: Medium,"Trigger dunning sequence: retry payment after 3 days, send payment update email after 5 days, escalate to CSM after 10 days.",High
TRC-1E2D48449F,2026-05-07T23:36:41.661997+00:00,Intervention,IV-110A9986,Automated Payment Recovery — Failed Transaction,billing_recovery,Segment: Enterprise | Effort: Low,$398.00 revenue impact | Priority: Medium,"Trigger dunning sequence: retry payment after 3 days, send payment update email after 5 days, escalate to CSM after 10 days.",High
TRC-2FFEA62F5C,2026-05-07T23:36:41.662001+00:00,Intervention,IV-43393FB7,Automated Payment Recovery — Failed Transaction,billing_recovery,Segment: Startup | Effort: Low,$398.00 revenue impact | Priority: Medium,"Trigger dunning sequence: retry payment after 3 days, send payment update email after 5 days, escalate to CSM after 10 days.",High
TRC-0AD92564A8,2026-05-07T23:36:41.662009+00:00,Intervention,IV-170B5B60,Automated Payment Recovery — Failed Transaction,billing_recovery,Segment: SMB | Effort: Low,$398.00 revenue impact | Priority: Medium,"Trigger dunning sequence: retry payment after 3 days, send payment update email after 5 days, escalate to CSM after 10 days.",High
TRC-ABE9BAB83D,2026-05-07T23:36:41.662014+00:00,Intervention,IV-199B96BD,Automated Payment Recovery — Failed Transaction,billing_recovery,Segment: Startup | Effort: Low,$398.00 revenue impact | Priority: Medium,"Trigger dunning sequence: retry payment after 3 days, send payment update email after 5 days, escalate to CSM after 10 days.",High
TRC-1915CA93A0,2026-05-07T23:36:41.662019+00:00,Intervention,IV-3E7C811E,Automated Payment Recovery — Failed Transaction,billing_recovery,Segment: SMB | Effort: Low,$398.00 revenue impact | Priority: Medium,"Trigger dunning sequence: retry payment after 3 days, send payment update email after 5 days, escalate to CSM after 10 days.",High
TRC-3AF09D97D3,2026-05-07T23:36:41.662027+00:00,Intervention,IV-D9EFFF7F,Automated Payment Recovery — Failed Transaction,billing_recovery,Segment: SMB | Effort: Low,$398.00 revenue impact | Priority: Medium,"Trigger dunning sequence: retry payment after 3 days, send payment update email after 5 days, escalate to CSM after 10 days.",High
TRC-FE6E4C4266,2026-05-07T23:36:41.662032+00:00,Intervention,IV-FB3496C6,Automated Payment Recovery — Failed Transaction,billing_recovery,Segment: SMB | Effort: Low,$398.00 revenue impact | Priority: Medium,"Trigger dunning sequence: retry payment after 3 days, send payment update email after 5 days, escalate to CSM after 10 days.",High
TRC-8E5F1ACE94,2026-05-07T23:36:41.662036+00:00,Intervention,IV-E0931C2E,Automated Payment Recovery — Failed Transaction,billing_recovery,Segment: Startup | Effort: Low,$398.00 revenue impact | Priority: Medium,"Trigger dunning sequence: retry payment after 3 days, send payment update email after 5 days, escalate to CSM after 10 days.",High
TRC-2775842E44,2026-05-07T23:36:41.662041+00:00,Intervention,IV-EAA656A1,Automated Payment Recovery — Failed Transaction,billing_recovery,Segment: SMB | Effort: Low,$398.00 revenue impact | Priority: Medium,"Trigger dunning sequence: retry payment after 3 days, send payment update email after 5 days, escalate to CSM after 10 days.",High
TRC-5EF1347621,2026-05-07T23:36:41.662046+00:00,Intervention,IV-BC640662,Automated Payment Recovery — Failed Transaction,billing_recovery,Segment: SMB | Effort: Low,$398.00 revenue impact | Priority: Medium,"Trigger dunning sequence: retry payment after 3 days, send payment update email after 5 days, escalate to CSM after 10 days.",High
TRC-0A100B269A,2026-05-07T23:36:41.662051+00:00,Intervention,IV-EC94FADB,Automated Payment Recovery — Failed Transaction,billing_recovery,Segment: Mid-Market | Effort: Low,$398.00 revenue impact | Priority: Medium,"Trigger dunning sequence: retry payment after 3 days, send payment update email after 5 days, escalate to CSM after 10 days.",High
TRC-4FC3CF4666,2026-05-07T23:36:41.662058+00:00,Intervention,IV-4D854820,Proactive Billing Intervention — Payment Risk Driver Detected,billing_recovery,Segment: SMB | Effort: Low,$499.00 revenue impact | Priority: Medium,Contact customer directly to confirm payment details and offer alternative payment methods before the subscription lapses.,Medium
TRC-D963D7609F,2026-05-07T23:36:41.662063+00:00,Intervention,IV-6475BFD7,Proactive Billing Intervention — Payment Risk Driver Detected,billing_recovery,Segment: SMB | Effort: Low,$499.00 revenue impact | Priority: Medium,Contact customer directly to confirm payment details and offer alternative payment methods before the subscription lapses.,Medium
TRC-E475486DDC,2026-05-07T23:36:41.662068+00:00,Intervention,IV-091DF6A0,Proactive Billing Intervention — Payment Risk Driver Detected,billing_recovery,Segment: SMB | Effort: Low,$499.00 revenue impact | Priority: Medium,Contact customer directly to confirm payment details and offer alternative payment methods before the subscription lapses.,Medium
TRC-4A8AEBD7E0,2026-05-07T23:36:41.662076+00:00,Intervention,IV-F7F12F68,Proactive Billing Intervention — Payment Risk Driver Detected,billing_recovery,Segment: SMB | Effort: Low,$499.00 revenue impact | Priority: Medium,Contact customer directly to confirm payment details and offer alternative payment methods before the subscription lapses.,Medium
TRC-EB7E17847F,2026-05-07T23:36:41.662081+00:00,Intervention,IV-C3FD81A7,Proactive Billing Intervention — Payment Risk Driver Detected,billing_recovery,Segment: Startup | Effort: Low,$499.00 revenue impact | Priority: Medium,Contact customer directly to confirm payment details and offer alternative payment methods before the subscription lapses.,Medium
TRC-C486C99605,2026-05-07T23:36:41.662086+00:00,Intervention,IV-FC64F727,Proactive Billing Intervention — Payment Risk Driver Detected,billing_recovery,Segment: Startup | Effort: Low,$499.00 revenue impact | Priority: Medium,Contact customer directly to confirm payment details and offer alternative payment methods before the subscription lapses.,Medium
TRC-F43E27E178,2026-05-07T23:36:41.662094+00:00,Intervention,IV-1FB85422,Proactive Billing Intervention — Payment Risk Driver Detected,billing_recovery,Segment: Startup | Effort: Low,$499.00 revenue impact | Priority: Medium,Contact customer directly to confirm payment details and offer alternative payment methods before the subscription lapses.,Medium
TRC-792D3E0C92,2026-05-07T23:36:41.662099+00:00,Intervention,IV-E8CB57CF,Proactive Billing Intervention — Payment Risk Driver Detected,billing_recovery,Segment: Mid-Market | Effort: Low,$499.00 revenue impact | Priority: Medium,Contact customer directly to confirm payment details and offer alternative payment methods before the subscription lapses.,Medium
TRC-4A55FF440C,2026-05-07T23:36:41.662103+00:00,Intervention,IV-5B81020C,Proactive Billing Intervention — Payment Risk Driver Detected,billing_recovery,Segment: Startup | Effort: Low,$499.00 revenue impact | Priority: Medium,Contact customer directly to confirm payment details and offer alternative payment methods before the subscription lapses.,Medium
TRC-7771853403,2026-05-07T23:36:41.662111+00:00,Intervention,IV-42228C00,Proactive Billing Intervention — Payment Risk Driver Detected,billing_recovery,Segment: SMB | Effort: Low,$499.00 revenue impact | Priority: Medium,Contact customer directly to confirm payment details and offer alternative payment methods before the subscription lapses.,Medium
TRC-2982C8C4C2,2026-05-07T23:36:41.662115+00:00,Intervention,IV-86E3E3FB,Proactive Billing Intervention — Payment Risk Driver Detected,billing_recovery,Segment: Startup | Effort: Low,$499.00 revenue impact | Priority: Medium,Contact customer directly to confirm payment details and offer alternative payment methods before the subscription lapses.,Medium
TRC-B7D87785F7,2026-05-07T23:36:41.662120+00:00,Intervention,IV-09636E04,Proactive Billing Intervention — Payment Risk Driver Detected,billing_recovery,Segment: Startup | Effort: Low,$499.00 revenue impact | Priority: Medium,Contact customer directly to confirm payment details and offer alternative payment methods before the subscription lapses.,Medium
TRC-8929398CE3,2026-05-07T23:36:41.662129+00:00,Intervention,IV-190EC64C,Proactive Billing Intervention — Payment Risk Driver Detected,billing_recovery,Segment: Mid-Market | Effort: Low,$499.00 revenue impact | Priority: Medium,Contact customer directly to confirm payment details and offer alternative payment methods before the subscription lapses.,Medium
TRC-60E446B2A0,2026-05-07T23:36:41.662133+00:00,Intervention,IV-F16251B2,Proactive Billing Intervention — Payment Risk Driver Detected,billing_recovery,Segment: SMB | Effort: Low,$499.00 revenue impact | Priority: Medium,Contact customer directly to confirm payment details and offer alternative payment methods before the subscription lapses.,Medium
TRC-9FFCA38467,2026-05-07T23:36:41.662137+00:00,Intervention,IV-28C2D8B8,Proactive Billing Intervention — Payment Risk Driver Detected,billing_recovery,Segment: SMB | Effort: Low,$499.00 revenue impact | Priority: Medium,Contact customer directly to confirm payment details and offer alternative payment methods before the subscription lapses.,Medium
TRC-76C35BE4AB,2026-05-07T23:36:41.662146+00:00,Intervention,IV-E500A5DE,Proactive Billing Intervention — Payment Risk Driver Detected,billing_recovery,Segment: Startup | Effort: Low,$499.00 revenue impact | Priority: Medium,Contact customer directly to confirm payment details and offer alternative payment methods before the subscription lapses.,Medium
TRC-D60E5F49B2,2026-05-07T23:36:41.662151+00:00,Intervention,IV-2EE5B73C,Proactive Billing Intervention — Payment Risk Driver Detected,billing_recovery,Segment: Startup | Effort: Low,$499.00 revenue impact | Priority: Medium,Contact customer directly to confirm payment details and offer alternative payment methods before the subscription lapses.,Medium
TRC-3E345DF371,2026-05-07T23:36:41.662155+00:00,Intervention,IV-0131E716,Proactive Billing Intervention — Payment Risk Driver Detected,billing_recovery,Segment: Startup | Effort: Low,$499.00 revenue impact | Priority: Medium,Contact customer directly to confirm payment details and offer alternative payment methods before the subscription lapses.,Medium
TRC-4E2FEF4A5D,2026-05-07T23:36:41.662163+00:00,Intervention,IV-CDAD4D4F,Proactive Billing Intervention — Payment Risk Driver Detected,billing_recovery,Segment: Mid-Market | Effort: Low,$499.00 revenue impact | Priority: Medium,Contact customer directly to confirm payment details and offer alternative payment methods before the subscription lapses.,Medium
TRC-4F7594D97D,2026-05-07T23:36:41.662168+00:00,Intervention,IV-FD882AEC,Proactive Billing Intervention — Payment Risk Driver Detected,billing_recovery,Segment: SMB | Effort: Low,$499.00 revenue impact | Priority: Medium,Contact customer directly to confirm payment details and offer alternative payment methods before the subscription lapses.,Medium
TRC-DE2543A930,2026-05-07T23:36:41.662173+00:00,Intervention,IV-CADCE3FD,Proactive Billing Intervention — Payment Risk Driver Detected,billing_recovery,Segment: Startup | Effort: Low,$499.00 revenue impact | Priority: Medium,Contact customer directly to confirm payment details and offer alternative payment methods before the subscription lapses.,Medium
TRC-10F902CB6D,2026-05-07T23:36:41.662181+00:00,Intervention,IV-9EAB1177,Proactive Billing Intervention — Payment Risk Driver Detected,billing_recovery,Segment: Mid-Market | Effort: Low,$499.00 revenue impact | Priority: Medium,Contact customer directly to confirm payment details and offer alternative payment methods before the subscription lapses.,Medium
TRC-6DF1FBACC8,2026-05-07T23:36:41.662186+00:00,Intervention,IV-3BC040BA,Proactive Billing Intervention — Payment Risk Driver Detected,billing_recovery,Segment: SMB | Effort: Low,$499.00 revenue impact | Priority: Medium,Contact customer directly to confirm payment details and offer alternative payment methods before the subscription lapses.,Medium
TRC-7C955F1F1E,2026-05-07T23:36:41.662190+00:00,Intervention,IV-0F367180,Proactive Billing Intervention — Payment Risk Driver Detected,billing_recovery,Segment: Mid-Market | Effort: Low,$499.00 revenue impact | Priority: Medium,Contact customer directly to confirm payment details and offer alternative payment methods before the subscription lapses.,Medium
TRC-1F2FAC27D2,2026-05-07T23:36:41.662195+00:00,Intervention,IV-C4F6DBE3,Proactive Billing Intervention — Payment Risk Driver Detected,billing_recovery,Segment: Mid-Market | Effort: Low,$499.00 revenue impact | Priority: Medium,Contact customer directly to confirm payment details and offer alternative payment methods before the subscription lapses.,Medium
TRC-81DB388A0A,2026-05-07T23:36:41.662201+00:00,Intervention,IV-DC905394,Proactive Billing Intervention — Payment Risk Driver Detected,billing_recovery,Segment: Enterprise | Effort: Low,$499.00 revenue impact | Priority: Medium,Contact customer directly to confirm payment details and offer alternative payment methods before the subscription lapses.,Medium
TRC-78EED09190,2026-05-07T23:36:41.662206+00:00,Intervention,IV-2B7BBD4D,Proactive Billing Intervention — Payment Risk Driver Detected,billing_recovery,Segment: Startup | Effort: Low,$499.00 revenue impact | Priority: Medium,Contact customer directly to confirm payment details and offer alternative payment methods before the subscription lapses.,Medium
TRC-A6DC116888,2026-05-07T23:36:41.662211+00:00,Intervention,IV-E88CE044,Proactive Billing Intervention — Payment Risk Driver Detected,billing_recovery,Segment: SMB | Effort: Low,$499.00 revenue impact | Priority: Medium,Contact customer directly to confirm payment details and offer alternative payment methods before the subscription lapses.,Medium
TRC-C217CAE42F,2026-05-07T23:36:41.662219+00:00,Intervention,IV-72729AF5,Proactive Billing Intervention — Payment Risk Driver Detected,billing_recovery,Segment: SMB | Effort: Low,$499.00 revenue impact | Priority: Medium,Contact customer directly to confirm payment details and offer alternative payment methods before the subscription lapses.,Medium
TRC-5E3BF830A0,2026-05-07T23:36:41.662223+00:00,Intervention,IV-FC11F770,Proactive Billing Intervention — Payment Risk Driver Detected,billing_recovery,Segment: Startup | Effort: Low,$499.00 revenue impact | Priority: Medium,Contact customer directly to confirm payment details and offer alternative payment methods before the subscription lapses.,Medium
TRC-916EB6BEEF,2026-05-07T23:36:41.662228+00:00,Intervention,IV-E0B34223,Proactive Billing Intervention — Payment Risk Driver Detected,billing_recovery,Segment: SMB | Effort: Low,$499.00 revenue impact | Priority: Medium,Contact customer directly to confirm payment details and offer alternative payment methods before the subscription lapses.,Medium
TRC-641B81DCC9,2026-05-07T23:36:41.662236+00:00,Intervention,IV-80C52E6A,Proactive Billing Intervention — Payment Risk Driver Detected,billing_recovery,Segment: SMB | Effort: Low,$499.00 revenue impact | Priority: Medium,Contact customer directly to confirm payment details and offer alternative payment methods before the subscription lapses.,Medium
TRC-22C1B6329D,2026-05-07T23:36:41.662241+00:00,Intervention,IV-F4C661F0,Proactive Billing Intervention — Payment Risk Driver Detected,billing_recovery,Segment: Startup | Effort: Low,$499.00 revenue impact | Priority: Medium,Contact customer directly to confirm payment details and offer alternative payment methods before the subscription lapses.,Medium
TRC-8FDC323258,2026-05-07T23:36:41.662246+00:00,Intervention,IV-31124986,Proactive Billing Intervention — Payment Risk Driver Detected,billing_recovery,Segment: Startup | Effort: Low,$499.00 revenue impact | Priority: Medium,Contact customer directly to confirm payment details and offer alternative payment methods before the subscription lapses.,Medium
TRC-F8679AE00F,2026-05-07T23:36:41.662254+00:00,Intervention,IV-E98EC052,Proactive Billing Intervention — Payment Risk Driver Detected,billing_recovery,Segment: Startup | Effort: Low,$499.00 revenue impact | Priority: Medium,Contact customer directly to confirm payment details and offer alternative payment methods before the subscription lapses.,Medium
TRC-AAEE4D9810,2026-05-07T23:36:41.662258+00:00,Intervention,IV-9DD98C2A,Proactive Billing Intervention — Payment Risk Driver Detected,billing_recovery,Segment: SMB | Effort: Low,$499.00 revenue impact | Priority: Medium,Contact customer directly to confirm payment details and offer alternative payment methods before the subscription lapses.,Medium
TRC-EF5CB8383D,2026-05-07T23:36:41.662263+00:00,Intervention,IV-F515F88F,Proactive Billing Intervention — Payment Risk Driver Detected,billing_recovery,Segment: SMB | Effort: Low,$499.00 revenue impact | Priority: Medium,Contact customer directly to confirm payment details and offer alternative payment methods before the subscription lapses.,Medium
TRC-808D1985DB,2026-05-07T23:36:41.662271+00:00,Intervention,IV-5640886A,Proactive Billing Intervention — Payment Risk Driver Detected,billing_recovery,Segment: Startup | Effort: Low,$499.00 revenue impact | Priority: Medium,Contact customer directly to confirm payment details and offer alternative payment methods before the subscription lapses.,Medium
TRC-DD4C7D3FE3,2026-05-07T23:36:41.662276+00:00,Intervention,IV-9E16E552,Proactive Billing Intervention — Payment Risk Driver Detected,billing_recovery,Segment: Startup | Effort: Low,$499.00 revenue impact | Priority: Medium,Contact customer directly to confirm payment details and offer alternative payment methods before the subscription lapses.,Medium
TRC-6D54C796BC,2026-05-07T23:36:41.662281+00:00,Intervention,IV-9D10A1EB,Proactive Billing Intervention — Payment Risk Driver Detected,billing_recovery,Segment: Mid-Market | Effort: Low,$499.00 revenue impact | Priority: Medium,Contact customer directly to confirm payment details and offer alternative payment methods before the subscription lapses.,Medium
TRC-EFA91153A5,2026-05-07T23:36:41.662288+00:00,Intervention,IV-BB9FE0D9,Proactive Billing Intervention — Payment Risk Driver Detected,billing_recovery,Segment: Enterprise | Effort: Low,$499.00 revenue impact | Priority: Medium,Contact customer directly to confirm payment details and offer alternative payment methods before the subscription lapses.,Medium
TRC-2ED803A1A8,2026-05-07T23:36:41.662293+00:00,Intervention,IV-118F1807,Proactive Billing Intervention — Payment Risk Driver Detected,billing_recovery,Segment: Startup | Effort: Low,$499.00 revenue impact | Priority: Medium,Contact customer directly to confirm payment details and offer alternative payment methods before the subscription lapses.,Medium
TRC-24D55198B1,2026-05-07T23:36:41.662298+00:00,Intervention,IV-FDE7E7A1,Proactive Billing Intervention — Payment Risk Driver Detected,billing_recovery,Segment: Startup | Effort: Low,$499.00 revenue impact | Priority: Medium,Contact customer directly to confirm payment details and offer alternative payment methods before the subscription lapses.,Medium
TRC-B88C7559FD,2026-05-07T23:36:41.662306+00:00,Intervention,IV-DAD68CD9,Proactive Billing Intervention — Payment Risk Driver Detected,billing_recovery,Segment: SMB | Effort: Low,$499.00 revenue impact | Priority: Medium,Contact customer directly to confirm payment details and offer alternative payment methods before the subscription lapses.,Medium
TRC-8777DDBBCC,2026-05-07T23:36:41.662311+00:00,Intervention,IV-C079E5DA,Proactive Billing Intervention — Payment Risk Driver Detected,billing_recovery,Segment: Startup | Effort: Low,$499.00 revenue impact | Priority: Medium,Contact customer directly to confirm payment details and offer alternative payment methods before the subscription lapses.,Medium
TRC-F8075815C5,2026-05-07T23:36:41.662315+00:00,Intervention,IV-BE5880EB,Proactive Billing Intervention — Payment Risk Driver Detected,billing_recovery,Segment: SMB | Effort: Low,$499.00 revenue impact | Priority: Medium,Contact customer directly to confirm payment details and offer alternative payment methods before the subscription lapses.,Medium
TRC-ED9AE1FB30,2026-05-07T23:36:41.662323+00:00,Intervention,IV-4B45556C,Proactive Billing Intervention — Payment Risk Driver Detected,billing_recovery,Segment: Startup | Effort: Low,$499.00 revenue impact | Priority: Medium,Contact customer directly to confirm payment details and offer alternative payment methods before the subscription lapses.,Medium
TRC-2311E3B510,2026-05-07T23:36:41.662328+00:00,Intervention,IV-95CE4BE6,Proactive Billing Intervention — Payment Risk Driver Detected,billing_recovery,Segment: SMB | Effort: Low,$499.00 revenue impact | Priority: Medium,Contact customer directly to confirm payment details and offer alternative payment methods before the subscription lapses.,Medium
TRC-246E03FA81,2026-05-07T23:36:41.662332+00:00,Intervention,IV-3404B09D,Proactive Billing Intervention — Payment Risk Driver Detected,billing_recovery,Segment: SMB | Effort: Low,$499.00 revenue impact | Priority: Medium,Contact customer directly to confirm payment details and offer alternative payment methods before the subscription lapses.,Medium
TRC-83C754ED92,2026-05-07T23:36:41.662341+00:00,Intervention,IV-B61A5E38,Proactive Billing Intervention — Payment Risk Driver Detected,billing_recovery,Segment: SMB | Effort: Low,$499.00 revenue impact | Priority: Medium,Contact customer directly to confirm payment details and offer alternative payment methods before the subscription lapses.,Medium
TRC-CA3AE6D69C,2026-05-07T23:36:41.662345+00:00,Intervention,IV-E3603183,Proactive Billing Intervention — Payment Risk Driver Detected,billing_recovery,Segment: Enterprise | Effort: Low,$499.00 revenue impact | Priority: Medium,Contact customer directly to confirm payment details and offer alternative payment methods before the subscription lapses.,Medium
TRC-0D29474A1A,2026-05-07T23:36:41.662350+00:00,Intervention,IV-5F0C9B3E,Proactive Billing Intervention — Payment Risk Driver Detected,billing_recovery,Segment: Startup | Effort: Low,$499.00 revenue impact | Priority: Medium,Contact customer directly to confirm payment details and offer alternative payment methods before the subscription lapses.,Medium
TRC-34EDCF25E2,2026-05-07T23:36:41.662359+00:00,Intervention,IV-23B05DC4,Proactive Billing Intervention — Payment Risk Driver Detected,billing_recovery,Segment: Startup | Effort: Low,$499.00 revenue impact | Priority: Medium,Contact customer directly to confirm payment details and offer alternative payment methods before the subscription lapses.,Medium
TRC-F448428B7F,2026-05-07T23:36:41.662363+00:00,Intervention,IV-86BA6781,Proactive Billing Intervention — Payment Risk Driver Detected,billing_recovery,Segment: SMB | Effort: Low,$499.00 revenue impact | Priority: Medium,Contact customer directly to confirm payment details and offer alternative payment methods before the subscription lapses.,Medium
TRC-30AF8DB20A,2026-05-07T23:36:41.662368+00:00,Intervention,IV-B09C43CB,Proactive Billing Intervention — Payment Risk Driver Detected,billing_recovery,Segment: SMB | Effort: Low,$499.00 revenue impact | Priority: Medium,Contact customer directly to confirm payment details and offer alternative payment methods before the subscription lapses.,Medium
TRC-ECCABB755F,2026-05-07T23:36:41.662376+00:00,Intervention,IV-412E6CD2,Proactive Billing Intervention — Payment Risk Driver Detected,billing_recovery,Segment: Startup | Effort: Low,$499.00 revenue impact | Priority: Medium,Contact customer directly to confirm payment details and offer alternative payment methods before the subscription lapses.,Medium
TRC-3E6C41FA0F,2026-05-07T23:36:41.662381+00:00,Intervention,IV-2C25978A,Proactive Billing Intervention — Payment Risk Driver Detected,billing_recovery,Segment: SMB | Effort: Low,$499.00 revenue impact | Priority: Medium,Contact customer directly to confirm payment details and offer alternative payment methods before the subscription lapses.,Medium
TRC-311FE2BDCB,2026-05-07T23:36:41.662385+00:00,Intervention,IV-0E15E958,Proactive Billing Intervention — Payment Risk Driver Detected,billing_recovery,Segment: Startup | Effort: Low,$499.00 revenue impact | Priority: Medium,Contact customer directly to confirm payment details and offer alternative payment methods before the subscription lapses.,Medium
TRC-2D7ABEA6D7,2026-05-07T23:36:41.662393+00:00,Intervention,IV-A67E6478,Proactive Billing Intervention — Payment Risk Driver Detected,billing_recovery,Segment: Startup | Effort: Low,$499.00 revenue impact | Priority: Medium,Contact customer directly to confirm payment details and offer alternative payment methods before the subscription lapses.,Medium
TRC-4BFCAA66BE,2026-05-07T23:36:41.662398+00:00,Intervention,IV-5CDEBB0C,Proactive Billing Intervention — Payment Risk Driver Detected,billing_recovery,Segment: Startup | Effort: Low,$499.00 revenue impact | Priority: Medium,Contact customer directly to confirm payment details and offer alternative payment methods before the subscription lapses.,Medium
TRC-370B090D4D,2026-05-07T23:36:41.662403+00:00,Intervention,IV-F901E2A4,Proactive Billing Intervention — Payment Risk Driver Detected,billing_recovery,Segment: SMB | Effort: Low,$499.00 revenue impact | Priority: Medium,Contact customer directly to confirm payment details and offer alternative payment methods before the subscription lapses.,Medium
TRC-2D26CB913E,2026-05-07T23:36:41.662410+00:00,Intervention,IV-712475EC,Proactive Billing Intervention — Payment Risk Driver Detected,billing_recovery,Segment: Startup | Effort: Low,$499.00 revenue impact | Priority: Medium,Contact customer directly to confirm payment details and offer alternative payment methods before the subscription lapses.,Medium
TRC-EFF87F46D8,2026-05-07T23:36:41.662417+00:00,Intervention,IV-C977B9FE,Proactive Billing Intervention — Payment Risk Driver Detected,billing_recovery,Segment: SMB | Effort: Low,$499.00 revenue impact | Priority: Medium,Contact customer directly to confirm payment details and offer alternative payment methods before the subscription lapses.,Medium
TRC-4EA86DC126,2026-05-07T23:36:41.662422+00:00,Intervention,IV-1FE141A7,Automated Payment Recovery — Failed Transaction,billing_recovery,Segment: SMB | Effort: Low,$245.00 revenue impact | Priority: Medium,"Trigger dunning sequence: retry payment after 3 days, send payment update email after 5 days, escalate to CSM after 10 days.",High
TRC-575F0D2536,2026-05-07T23:36:41.662427+00:00,Intervention,IV-E9610573,Automated Payment Recovery — Failed Transaction,billing_recovery,Segment: Startup | Effort: Low,$199.00 revenue impact | Priority: Low,"Trigger dunning sequence: retry payment after 3 days, send payment update email after 5 days, escalate to CSM after 10 days.",High
TRC-946DC8E5B4,2026-05-07T23:36:41.662435+00:00,Intervention,IV-0860A713,Automated Payment Recovery — Failed Transaction,billing_recovery,Segment: Startup | Effort: Low,$199.00 revenue impact | Priority: Low,"Trigger dunning sequence: retry payment after 3 days, send payment update email after 5 days, escalate to CSM after 10 days.",High
TRC-1640D7396C,2026-05-07T23:36:41.662479+00:00,Intervention,IV-1CF3D6E1,Automated Payment Recovery — Failed Transaction,billing_recovery,Segment: SMB | Effort: Low,$199.00 revenue impact | Priority: Low,"Trigger dunning sequence: retry payment after 3 days, send payment update email after 5 days, escalate to CSM after 10 days.",High
TRC-133140870B,2026-05-07T23:36:41.662489+00:00,Intervention,IV-275CCF07,Automated Payment Recovery — Failed Transaction,billing_recovery,Segment: SMB | Effort: Low,$199.00 revenue impact | Priority: Low,"Trigger dunning sequence: retry payment after 3 days, send payment update email after 5 days, escalate to CSM after 10 days.",High
TRC-68DD2AC26E,2026-05-07T23:36:41.662494+00:00,Intervention,IV-B3854252,Automated Payment Recovery — Failed Transaction,billing_recovery,Segment: SMB | Effort: Low,$199.00 revenue impact | Priority: Low,"Trigger dunning sequence: retry payment after 3 days, send payment update email after 5 days, escalate to CSM after 10 days.",High
TRC-C812215999,2026-05-07T23:36:41.662498+00:00,Intervention,IV-5A268B79,Automated Payment Recovery — Failed Transaction,billing_recovery,Segment: Startup | Effort: Low,$199.00 revenue impact | Priority: Low,"Trigger dunning sequence: retry payment after 3 days, send payment update email after 5 days, escalate to CSM after 10 days.",High
TRC-300CDBED0E,2026-05-07T23:36:41.662506+00:00,Intervention,IV-19139DDB,Automated Payment Recovery — Failed Transaction,billing_recovery,Segment: Mid-Market | Effort: Low,$199.00 revenue impact | Priority: Low,"Trigger dunning sequence: retry payment after 3 days, send payment update email after 5 days, escalate to CSM after 10 days.",High
TRC-5498A69898,2026-05-07T23:36:41.662510+00:00,Intervention,IV-A4C723A7,Automated Payment Recovery — Failed Transaction,billing_recovery,Segment: SMB | Effort: Low,$199.00 revenue impact | Priority: Low,"Trigger dunning sequence: retry payment after 3 days, send payment update email after 5 days, escalate to CSM after 10 days.",High
TRC-BAAC7B7BBF,2026-05-07T23:36:41.662515+00:00,Intervention,IV-FB175ED5,Automated Payment Recovery — Failed Transaction,billing_recovery,Segment: Enterprise | Effort: Low,$199.00 revenue impact | Priority: Low,"Trigger dunning sequence: retry payment after 3 days, send payment update email after 5 days, escalate to CSM after 10 days.",High
TRC-B9F8055A22,2026-05-07T23:36:41.662523+00:00,Intervention,IV-64130FFC,Automated Payment Recovery — Failed Transaction,billing_recovery,Segment: SMB | Effort: Low,$199.00 revenue impact | Priority: Low,"Trigger dunning sequence: retry payment after 3 days, send payment update email after 5 days, escalate to CSM after 10 days.",High
TRC-21C48D0441,2026-05-07T23:36:41.662528+00:00,Intervention,IV-A115E6A6,Automated Payment Recovery — Failed Transaction,billing_recovery,Segment: Startup | Effort: Low,$199.00 revenue impact | Priority: Low,"Trigger dunning sequence: retry payment after 3 days, send payment update email after 5 days, escalate to CSM after 10 days.",High
TRC-F5EF499A7B,2026-05-07T23:36:41.662534+00:00,Intervention,IV-8830B2CC,Automated Payment Recovery — Failed Transaction,billing_recovery,Segment: Startup | Effort: Low,$199.00 revenue impact | Priority: Low,"Trigger dunning sequence: retry payment after 3 days, send payment update email after 5 days, escalate to CSM after 10 days.",High
TRC-B29B14FB0A,2026-05-07T23:36:41.662539+00:00,Intervention,IV-EDC6A5B1,Automated Payment Recovery — Failed Transaction,billing_recovery,Segment: Startup | Effort: Low,$199.00 revenue impact | Priority: Low,"Trigger dunning sequence: retry payment after 3 days, send payment update email after 5 days, escalate to CSM after 10 days.",High
TRC-DCCB8A06ED,2026-05-07T23:36:41.662543+00:00,Intervention,IV-B2D6AD25,Automated Payment Recovery — Failed Transaction,billing_recovery,Segment: Startup | Effort: Low,$199.00 revenue impact | Priority: Low,"Trigger dunning sequence: retry payment after 3 days, send payment update email after 5 days, escalate to CSM after 10 days.",High
TRC-8E6433DFC3,2026-05-07T23:36:41.662548+00:00,Intervention,IV-62283A44,Automated Payment Recovery — Failed Transaction,billing_recovery,Segment: Startup | Effort: Low,$199.00 revenue impact | Priority: Low,"Trigger dunning sequence: retry payment after 3 days, send payment update email after 5 days, escalate to CSM after 10 days.",High
TRC-21D98ED3B4,2026-05-07T23:36:41.662552+00:00,Intervention,IV-364FCF69,Automated Payment Recovery — Failed Transaction,billing_recovery,Segment: Startup | Effort: Low,$199.00 revenue impact | Priority: Low,"Trigger dunning sequence: retry payment after 3 days, send payment update email after 5 days, escalate to CSM after 10 days.",High
TRC-21A0340248,2026-05-07T23:36:41.662557+00:00,Intervention,IV-26658C25,Automated Payment Recovery — Failed Transaction,billing_recovery,Segment: Startup | Effort: Low,$199.00 revenue impact | Priority: Low,"Trigger dunning sequence: retry payment after 3 days, send payment update email after 5 days, escalate to CSM after 10 days.",High
TRC-88A2530BB6,2026-05-07T23:36:41.662561+00:00,Intervention,IV-59CE5BA1,Automated Payment Recovery — Failed Transaction,billing_recovery,Segment: Startup | Effort: Low,$199.00 revenue impact | Priority: Low,"Trigger dunning sequence: retry payment after 3 days, send payment update email after 5 days, escalate to CSM after 10 days.",High
TRC-44C411BAF1,2026-05-07T23:36:41.662566+00:00,Intervention,IV-3B06E9B0,Automated Payment Recovery — Failed Transaction,billing_recovery,Segment: SMB | Effort: Low,$199.00 revenue impact | Priority: Low,"Trigger dunning sequence: retry payment after 3 days, send payment update email after 5 days, escalate to CSM after 10 days.",High
TRC-7A9825205D,2026-05-07T23:36:41.662574+00:00,Intervention,IV-7B3BD39D,Automated Payment Recovery — Failed Transaction,billing_recovery,Segment: SMB | Effort: Low,$199.00 revenue impact | Priority: Low,"Trigger dunning sequence: retry payment after 3 days, send payment update email after 5 days, escalate to CSM after 10 days.",High
TRC-DC35D50520,2026-05-07T23:36:41.662579+00:00,Intervention,IV-8514765B,Automated Payment Recovery — Failed Transaction,billing_recovery,Segment: Mid-Market | Effort: Low,$199.00 revenue impact | Priority: Low,"Trigger dunning sequence: retry payment after 3 days, send payment update email after 5 days, escalate to CSM after 10 days.",High
TRC-6DD9D65713,2026-05-07T23:36:41.662583+00:00,Intervention,IV-83B93F10,Automated Payment Recovery — Failed Transaction,billing_recovery,Segment: SMB | Effort: Low,$199.00 revenue impact | Priority: Low,"Trigger dunning sequence: retry payment after 3 days, send payment update email after 5 days, escalate to CSM after 10 days.",High
TRC-7A56FAE71D,2026-05-07T23:36:41.662592+00:00,Intervention,IV-F14B48A1,Automated Payment Recovery — Failed Transaction,billing_recovery,Segment: Startup | Effort: Low,$199.00 revenue impact | Priority: Low,"Trigger dunning sequence: retry payment after 3 days, send payment update email after 5 days, escalate to CSM after 10 days.",High
TRC-F8DFD74566,2026-05-07T23:36:41.662597+00:00,Intervention,IV-80ED1F9F,Automated Payment Recovery — Failed Transaction,billing_recovery,Segment: SMB | Effort: Low,$199.00 revenue impact | Priority: Low,"Trigger dunning sequence: retry payment after 3 days, send payment update email after 5 days, escalate to CSM after 10 days.",High
TRC-FB186E6E49,2026-05-07T23:36:41.662601+00:00,Intervention,IV-63D13E3C,Automated Payment Recovery — Failed Transaction,billing_recovery,Segment: Startup | Effort: Low,$199.00 revenue impact | Priority: Low,"Trigger dunning sequence: retry payment after 3 days, send payment update email after 5 days, escalate to CSM after 10 days.",High
TRC-AAADE81880,2026-05-07T23:36:41.662608+00:00,Intervention,IV-91C27F47,Automated Payment Recovery — Failed Transaction,billing_recovery,Segment: Mid-Market | Effort: Low,$199.00 revenue impact | Priority: Low,"Trigger dunning sequence: retry payment after 3 days, send payment update email after 5 days, escalate to CSM after 10 days.",High
TRC-105CE76A68,2026-05-07T23:36:41.662613+00:00,Intervention,IV-59161053,Automated Payment Recovery — Failed Transaction,billing_recovery,Segment: SMB | Effort: Low,$199.00 revenue impact | Priority: Low,"Trigger dunning sequence: retry payment after 3 days, send payment update email after 5 days, escalate to CSM after 10 days.",High
TRC-8B22F54257,2026-05-07T23:36:41.662617+00:00,Intervention,IV-6A27AAB9,Automated Payment Recovery — Failed Transaction,billing_recovery,Segment: Mid-Market | Effort: Low,$199.00 revenue impact | Priority: Low,"Trigger dunning sequence: retry payment after 3 days, send payment update email after 5 days, escalate to CSM after 10 days.",High
TRC-A470BDC11A,2026-05-07T23:36:41.662622+00:00,Intervention,IV-C5EFB8BD,Automated Payment Recovery — Failed Transaction,billing_recovery,Segment: Mid-Market | Effort: Low,$199.00 revenue impact | Priority: Low,"Trigger dunning sequence: retry payment after 3 days, send payment update email after 5 days, escalate to CSM after 10 days.",High
TRC-446A3DF958,2026-05-07T23:36:41.662630+00:00,Intervention,IV-979A8F2C,Automated Payment Recovery — Failed Transaction,billing_recovery,Segment: Mid-Market | Effort: Low,$199.00 revenue impact | Priority: Low,"Trigger dunning sequence: retry payment after 3 days, send payment update email after 5 days, escalate to CSM after 10 days.",High
TRC-BE66FE1E2A,2026-05-07T23:36:41.662635+00:00,Intervention,IV-1E652B6B,Automated Payment Recovery — Failed Transaction,billing_recovery,Segment: Startup | Effort: Low,$199.00 revenue impact | Priority: Low,"Trigger dunning sequence: retry payment after 3 days, send payment update email after 5 days, escalate to CSM after 10 days.",High
TRC-3164902170,2026-05-07T23:36:41.662639+00:00,Intervention,IV-5F06B533,Automated Payment Recovery — Failed Transaction,billing_recovery,Segment: Startup | Effort: Low,$199.00 revenue impact | Priority: Low,"Trigger dunning sequence: retry payment after 3 days, send payment update email after 5 days, escalate to CSM after 10 days.",High
TRC-2A53E3F021,2026-05-07T23:36:41.662644+00:00,Intervention,IV-AA4D993E,Automated Payment Recovery — Failed Transaction,billing_recovery,Segment: SMB | Effort: Low,$199.00 revenue impact | Priority: Low,"Trigger dunning sequence: retry payment after 3 days, send payment update email after 5 days, escalate to CSM after 10 days.",High
TRC-479D950255,2026-05-07T23:36:41.662651+00:00,Intervention,IV-28E1F69A,Automated Payment Recovery — Failed Transaction,billing_recovery,Segment: Startup | Effort: Low,$199.00 revenue impact | Priority: Low,"Trigger dunning sequence: retry payment after 3 days, send payment update email after 5 days, escalate to CSM after 10 days.",High
TRC-FB55F3E89D,2026-05-07T23:36:41.662655+00:00,Intervention,IV-EA9BB751,Automated Payment Recovery — Failed Transaction,billing_recovery,Segment: Startup | Effort: Low,$199.00 revenue impact | Priority: Low,"Trigger dunning sequence: retry payment after 3 days, send payment update email after 5 days, escalate to CSM after 10 days.",High
TRC-2FBC3C42F4,2026-05-07T23:36:41.662660+00:00,Intervention,IV-FB813AEF,Automated Payment Recovery — Failed Transaction,billing_recovery,Segment: Startup | Effort: Low,$199.00 revenue impact | Priority: Low,"Trigger dunning sequence: retry payment after 3 days, send payment update email after 5 days, escalate to CSM after 10 days.",High
TRC-89441BF717,2026-05-07T23:36:41.662665+00:00,Intervention,IV-EB3D9F39,Automated Payment Recovery — Failed Transaction,billing_recovery,Segment: Startup | Effort: Low,$199.00 revenue impact | Priority: Low,"Trigger dunning sequence: retry payment after 3 days, send payment update email after 5 days, escalate to CSM after 10 days.",High
TRC-328094AF9C,2026-05-07T23:36:41.662669+00:00,Intervention,IV-DCAFB647,Automated Payment Recovery — Failed Transaction,billing_recovery,Segment: Startup | Effort: Low,$199.00 revenue impact | Priority: Low,"Trigger dunning sequence: retry payment after 3 days, send payment update email after 5 days, escalate to CSM after 10 days.",High
TRC-16714CA35C,2026-05-07T23:36:41.662674+00:00,Intervention,IV-48DCFDB5,Automated Payment Recovery — Failed Transaction,billing_recovery,Segment: Startup | Effort: Low,$199.00 revenue impact | Priority: Low,"Trigger dunning sequence: retry payment after 3 days, send payment update email after 5 days, escalate to CSM after 10 days.",High
TRC-6F49469262,2026-05-07T23:36:41.662682+00:00,Intervention,IV-CE6C355E,Automated Payment Recovery — Failed Transaction,billing_recovery,Segment: SMB | Effort: Low,$199.00 revenue impact | Priority: Low,"Trigger dunning sequence: retry payment after 3 days, send payment update email after 5 days, escalate to CSM after 10 days.",High
TRC-6B9A7C6571,2026-05-07T23:36:41.662687+00:00,Intervention,IV-B44A81DB,Automated Payment Recovery — Failed Transaction,billing_recovery,Segment: Startup | Effort: Low,$199.00 revenue impact | Priority: Low,"Trigger dunning sequence: retry payment after 3 days, send payment update email after 5 days, escalate to CSM after 10 days.",High
TRC-82EDDBE3C0,2026-05-07T23:36:41.662691+00:00,Intervention,IV-4794D66A,Automated Payment Recovery — Failed Transaction,billing_recovery,Segment: SMB | Effort: Low,$199.00 revenue impact | Priority: Low,"Trigger dunning sequence: retry payment after 3 days, send payment update email after 5 days, escalate to CSM after 10 days.",High
TRC-5489B881D7,2026-05-07T23:36:41.662699+00:00,Intervention,IV-1723E08A,Automated Payment Recovery — Failed Transaction,billing_recovery,Segment: SMB | Effort: Low,$199.00 revenue impact | Priority: Low,"Trigger dunning sequence: retry payment after 3 days, send payment update email after 5 days, escalate to CSM after 10 days.",High
TRC-6DC96E629D,2026-05-07T23:36:41.662704+00:00,Intervention,IV-AF5F5A5A,Automated Payment Recovery — Failed Transaction,billing_recovery,Segment: Startup | Effort: Low,$199.00 revenue impact | Priority: Low,"Trigger dunning sequence: retry payment after 3 days, send payment update email after 5 days, escalate to CSM after 10 days.",High
TRC-AEB5EF8E7E,2026-05-07T23:36:41.662709+00:00,Intervention,IV-98DAD5DA,Automated Payment Recovery — Failed Transaction,billing_recovery,Segment: SMB | Effort: Low,$199.00 revenue impact | Priority: Low,"Trigger dunning sequence: retry payment after 3 days, send payment update email after 5 days, escalate to CSM after 10 days.",High
TRC-AEA05470AA,2026-05-07T23:36:41.662717+00:00,Intervention,IV-5F63B7A4,Automated Payment Recovery — Failed Transaction,billing_recovery,Segment: Mid-Market | Effort: Low,$199.00 revenue impact | Priority: Low,"Trigger dunning sequence: retry payment after 3 days, send payment update email after 5 days, escalate to CSM after 10 days.",High
TRC-AB588C3603,2026-05-07T23:36:41.662722+00:00,Intervention,IV-AA72B41F,Automated Payment Recovery — Failed Transaction,billing_recovery,Segment: Startup | Effort: Low,$199.00 revenue impact | Priority: Low,"Trigger dunning sequence: retry payment after 3 days, send payment update email after 5 days, escalate to CSM after 10 days.",High
TRC-03433EE56F,2026-05-07T23:36:41.662727+00:00,Intervention,IV-2E0EAD74,Automated Payment Recovery — Failed Transaction,billing_recovery,Segment: SMB | Effort: Low,$199.00 revenue impact | Priority: Low,"Trigger dunning sequence: retry payment after 3 days, send payment update email after 5 days, escalate to CSM after 10 days.",High
TRC-0021064D6C,2026-05-07T23:36:41.662735+00:00,Intervention,IV-70662827,Automated Payment Recovery — Failed Transaction,billing_recovery,Segment: SMB | Effort: Low,$199.00 revenue impact | Priority: Low,"Trigger dunning sequence: retry payment after 3 days, send payment update email after 5 days, escalate to CSM after 10 days.",High
TRC-8BE61E5187,2026-05-07T23:36:41.662739+00:00,Intervention,IV-17C05C44,Automated Payment Recovery — Failed Transaction,billing_recovery,Segment: SMB | Effort: Low,$199.00 revenue impact | Priority: Low,"Trigger dunning sequence: retry payment after 3 days, send payment update email after 5 days, escalate to CSM after 10 days.",High
TRC-ECDB16F037,2026-05-07T23:36:41.662744+00:00,Intervention,IV-D65F5755,Automated Payment Recovery — Failed Transaction,billing_recovery,Segment: SMB | Effort: Low,$199.00 revenue impact | Priority: Low,"Trigger dunning sequence: retry payment after 3 days, send payment update email after 5 days, escalate to CSM after 10 days.",High
TRC-8DC0207FE5,2026-05-07T23:36:41.662752+00:00,Intervention,IV-FF529D7B,Automated Payment Recovery — Failed Transaction,billing_recovery,Segment: Startup | Effort: Low,$199.00 revenue impact | Priority: Low,"Trigger dunning sequence: retry payment after 3 days, send payment update email after 5 days, escalate to CSM after 10 days.",High
TRC-90503931A0,2026-05-07T23:36:41.662757+00:00,Intervention,IV-8FB2307B,Automated Payment Recovery — Failed Transaction,billing_recovery,Segment: SMB | Effort: Low,$199.00 revenue impact | Priority: Low,"Trigger dunning sequence: retry payment after 3 days, send payment update email after 5 days, escalate to CSM after 10 days.",High
TRC-53DD3D094A,2026-05-07T23:36:41.662761+00:00,Intervention,IV-5F4BD8B0,Automated Payment Recovery — Failed Transaction,billing_recovery,Segment: SMB | Effort: Low,$199.00 revenue impact | Priority: Low,"Trigger dunning sequence: retry payment after 3 days, send payment update email after 5 days, escalate to CSM after 10 days.",High
TRC-70FAF8BF8B,2026-05-07T23:36:41.662766+00:00,Intervention,IV-8A5E2E8F,Automated Payment Recovery — Failed Transaction,billing_recovery,Segment: SMB | Effort: Low,$199.00 revenue impact | Priority: Low,"Trigger dunning sequence: retry payment after 3 days, send payment update email after 5 days, escalate to CSM after 10 days.",High
TRC-B654CD1485,2026-05-07T23:36:41.662771+00:00,Intervention,IV-9B2D3C7F,Automated Payment Recovery — Failed Transaction,billing_recovery,Segment: SMB | Effort: Low,$199.00 revenue impact | Priority: Low,"Trigger dunning sequence: retry payment after 3 days, send payment update email after 5 days, escalate to CSM after 10 days.",High
TRC-4E75B1E445,2026-05-07T23:36:41.662776+00:00,Intervention,IV-22E65875,Automated Payment Recovery — Failed Transaction,billing_recovery,Segment: Startup | Effort: Low,$199.00 revenue impact | Priority: Low,"Trigger dunning sequence: retry payment after 3 days, send payment update email after 5 days, escalate to CSM after 10 days.",High
TRC-FB9EB46EF9,2026-05-07T23:36:41.662782+00:00,Intervention,IV-6E6439E0,Automated Payment Recovery — Failed Transaction,billing_recovery,Segment: Startup | Effort: Low,$199.00 revenue impact | Priority: Low,"Trigger dunning sequence: retry payment after 3 days, send payment update email after 5 days, escalate to CSM after 10 days.",High
TRC-725E23FF99,2026-05-07T23:36:41.662787+00:00,Intervention,IV-EC49A907,Automated Payment Recovery — Failed Transaction,billing_recovery,Segment: SMB | Effort: Low,$199.00 revenue impact | Priority: Low,"Trigger dunning sequence: retry payment after 3 days, send payment update email after 5 days, escalate to CSM after 10 days.",High
TRC-7487ECD63C,2026-05-07T23:36:41.662792+00:00,Intervention,IV-B1727FCF,Automated Payment Recovery — Failed Transaction,billing_recovery,Segment: Startup | Effort: Low,$199.00 revenue impact | Priority: Low,"Trigger dunning sequence: retry payment after 3 days, send payment update email after 5 days, escalate to CSM after 10 days.",High
TRC-4F004BD5A2,2026-05-07T23:36:41.662799+00:00,Intervention,IV-F3634D4E,Automated Payment Recovery — Failed Transaction,billing_recovery,Segment: Startup | Effort: Low,$199.00 revenue impact | Priority: Low,"Trigger dunning sequence: retry payment after 3 days, send payment update email after 5 days, escalate to CSM after 10 days.",High
TRC-B4290D1E97,2026-05-07T23:36:41.662804+00:00,Intervention,IV-2C39EF53,Automated Payment Recovery — Failed Transaction,billing_recovery,Segment: Enterprise | Effort: Low,$199.00 revenue impact | Priority: Low,"Trigger dunning sequence: retry payment after 3 days, send payment update email after 5 days, escalate to CSM after 10 days.",High
TRC-755E5CAE90,2026-05-07T23:36:41.662809+00:00,Intervention,IV-26B64960,Automated Payment Recovery — Failed Transaction,billing_recovery,Segment: Mid-Market | Effort: Low,$199.00 revenue impact | Priority: Low,"Trigger dunning sequence: retry payment after 3 days, send payment update email after 5 days, escalate to CSM after 10 days.",High
TRC-63727CDB05,2026-05-07T23:36:41.662816+00:00,Intervention,IV-A9F8B5C6,Automated Payment Recovery — Failed Transaction,billing_recovery,Segment: Enterprise | Effort: Low,$199.00 revenue impact | Priority: Low,"Trigger dunning sequence: retry payment after 3 days, send payment update email after 5 days, escalate to CSM after 10 days.",High
TRC-F985157746,2026-05-07T23:36:41.662821+00:00,Intervention,IV-56784156,Automated Payment Recovery — Failed Transaction,billing_recovery,Segment: SMB | Effort: Low,$199.00 revenue impact | Priority: Low,"Trigger dunning sequence: retry payment after 3 days, send payment update email after 5 days, escalate to CSM after 10 days.",High
TRC-0BC51B94EB,2026-05-07T23:36:41.662825+00:00,Intervention,IV-C78544DE,Automated Payment Recovery — Failed Transaction,billing_recovery,Segment: SMB | Effort: Low,$199.00 revenue impact | Priority: Low,"Trigger dunning sequence: retry payment after 3 days, send payment update email after 5 days, escalate to CSM after 10 days.",High
TRC-FFFA9F4554,2026-05-07T23:36:41.662830+00:00,Intervention,IV-DBB9FB90,Automated Payment Recovery — Failed Transaction,billing_recovery,Segment: Startup | Effort: Low,$199.00 revenue impact | Priority: Low,"Trigger dunning sequence: retry payment after 3 days, send payment update email after 5 days, escalate to CSM after 10 days.",High
TRC-A1A3161401,2026-05-07T23:36:41.662835+00:00,Intervention,IV-9E7A33C7,Automated Payment Recovery — Failed Transaction,billing_recovery,Segment: Mid-Market | Effort: Low,$199.00 revenue impact | Priority: Low,"Trigger dunning sequence: retry payment after 3 days, send payment update email after 5 days, escalate to CSM after 10 days.",High
TRC-4F4DF8789F,2026-05-07T23:36:41.662839+00:00,Intervention,IV-3CEDA7DD,Automated Payment Recovery — Failed Transaction,billing_recovery,Segment: SMB | Effort: Low,$199.00 revenue impact | Priority: Low,"Trigger dunning sequence: retry payment after 3 days, send payment update email after 5 days, escalate to CSM after 10 days.",High
TRC-0B016D3F9E,2026-05-07T23:36:41.662844+00:00,Intervention,IV-2DC6120B,Automated Payment Recovery — Failed Transaction,billing_recovery,Segment: Mid-Market | Effort: Low,$199.00 revenue impact | Priority: Low,"Trigger dunning sequence: retry payment after 3 days, send payment update email after 5 days, escalate to CSM after 10 days.",High
TRC-4899A9564B,2026-05-07T23:36:41.662874+00:00,Intervention,IV-AB2C3E26,Automated Payment Recovery — Failed Transaction,billing_recovery,Segment: Mid-Market | Effort: Low,$199.00 revenue impact | Priority: Low,"Trigger dunning sequence: retry payment after 3 days, send payment update email after 5 days, escalate to CSM after 10 days.",High
TRC-1EFDEEE832,2026-05-07T23:36:41.662880+00:00,Intervention,IV-D88A7052,Automated Payment Recovery — Failed Transaction,billing_recovery,Segment: Startup | Effort: Low,$199.00 revenue impact | Priority: Low,"Trigger dunning sequence: retry payment after 3 days, send payment update email after 5 days, escalate to CSM after 10 days.",High
TRC-59635D027C,2026-05-07T23:36:41.662885+00:00,Intervention,IV-F790A8AE,Automated Payment Recovery — Failed Transaction,billing_recovery,Segment: SMB | Effort: Low,$199.00 revenue impact | Priority: Low,"Trigger dunning sequence: retry payment after 3 days, send payment update email after 5 days, escalate to CSM after 10 days.",High
TRC-043B080469,2026-05-07T23:36:41.662889+00:00,Intervention,IV-9742EFF1,Past-Due Account Escalation,billing_recovery,Segment: SMB | Effort: Low,$199.00 revenue impact | Priority: Low,Escalate to finance for account hold review. Send formal payment demand notice and suspend non-critical features until resolved.,High
TRC-CB711E3B23,2026-05-07T23:36:41.662894+00:00,Intervention,IV-4E4A2915,Past-Due Account Escalation,billing_recovery,Segment: Startup | Effort: Low,$199.00 revenue impact | Priority: Low,Escalate to finance for account hold review. Send formal payment demand notice and suspend non-critical features until resolved.,High
TRC-8C0A18F38A,2026-05-07T23:36:41.662899+00:00,Intervention,IV-5E253E03,Past-Due Account Escalation,billing_recovery,Segment: SMB | Effort: Low,$199.00 revenue impact | Priority: Low,Escalate to finance for account hold review. Send formal payment demand notice and suspend non-critical features until resolved.,High
TRC-64A338FB72,2026-05-07T23:36:41.662904+00:00,Intervention,IV-135E66DD,Past-Due Account Escalation,billing_recovery,Segment: SMB | Effort: Low,$199.00 revenue impact | Priority: Low,Escalate to finance for account hold review. Send formal payment demand notice and suspend non-critical features until resolved.,High
TRC-BACF9D171F,2026-05-07T23:36:41.662909+00:00,Intervention,IV-BF8D6F64,Past-Due Account Escalation,billing_recovery,Segment: Startup | Effort: Low,$199.00 revenue impact | Priority: Low,Escalate to finance for account hold review. Send formal payment demand notice and suspend non-critical features until resolved.,High
TRC-3793292EEF,2026-05-07T23:36:41.662916+00:00,Intervention,IV-9833A01A,Past-Due Account Escalation,billing_recovery,Segment: SMB | Effort: Low,$199.00 revenue impact | Priority: Low,Escalate to finance for account hold review. Send formal payment demand notice and suspend non-critical features until resolved.,High
TRC-063D0F3C84,2026-05-07T23:36:41.662921+00:00,Intervention,IV-70E885E7,Past-Due Account Escalation,billing_recovery,Segment: SMB | Effort: Low,$199.00 revenue impact | Priority: Low,Escalate to finance for account hold review. Send formal payment demand notice and suspend non-critical features until resolved.,High
TRC-34150D6685,2026-05-07T23:36:41.662925+00:00,Intervention,IV-FCA193C0,Past-Due Account Escalation,billing_recovery,Segment: SMB | Effort: Low,$199.00 revenue impact | Priority: Low,Escalate to finance for account hold review. Send formal payment demand notice and suspend non-critical features until resolved.,High
TRC-180F18398F,2026-05-07T23:36:41.662934+00:00,Intervention,IV-8C722A80,Past-Due Account Escalation,billing_recovery,Segment: SMB | Effort: Low,$199.00 revenue impact | Priority: Low,Escalate to finance for account hold review. Send formal payment demand notice and suspend non-critical features until resolved.,High
TRC-67A5A02C88,2026-05-07T23:36:41.662939+00:00,Intervention,IV-82B8E1A7,Past-Due Account Escalation,billing_recovery,Segment: Startup | Effort: Low,$199.00 revenue impact | Priority: Low,Escalate to finance for account hold review. Send formal payment demand notice and suspend non-critical features until resolved.,High
TRC-935F317A1B,2026-05-07T23:36:41.662943+00:00,Intervention,IV-38FED20B,Past-Due Account Escalation,billing_recovery,Segment: Enterprise | Effort: Low,$199.00 revenue impact | Priority: Low,Escalate to finance for account hold review. Send formal payment demand notice and suspend non-critical features until resolved.,High
TRC-0B74C7988E,2026-05-07T23:36:41.662951+00:00,Intervention,IV-71CEB2A4,Past-Due Account Escalation,billing_recovery,Segment: Mid-Market | Effort: Low,$199.00 revenue impact | Priority: Low,Escalate to finance for account hold review. Send formal payment demand notice and suspend non-critical features until resolved.,High
TRC-694E79F2C8,2026-05-07T23:36:41.662955+00:00,Intervention,IV-64CDD013,Past-Due Account Escalation,billing_recovery,Segment: SMB | Effort: Low,$199.00 revenue impact | Priority: Low,Escalate to finance for account hold review. Send formal payment demand notice and suspend non-critical features until resolved.,High
TRC-BAA389477A,2026-05-07T23:36:41.662960+00:00,Intervention,IV-3382B5B7,Past-Due Account Escalation,billing_recovery,Segment: SMB | Effort: Low,$199.00 revenue impact | Priority: Low,Escalate to finance for account hold review. Send formal payment demand notice and suspend non-critical features until resolved.,High
TRC-4BCB64E193,2026-05-07T23:36:41.662969+00:00,Intervention,IV-3AD02E02,Past-Due Account Escalation,billing_recovery,Segment: SMB | Effort: Low,$199.00 revenue impact | Priority: Low,Escalate to finance for account hold review. Send formal payment demand notice and suspend non-critical features until resolved.,High
TRC-F77DF89130,2026-05-07T23:36:41.662973+00:00,Intervention,IV-D268D177,Past-Due Account Escalation,billing_recovery,Segment: Startup | Effort: Low,$199.00 revenue impact | Priority: Low,Escalate to finance for account hold review. Send formal payment demand notice and suspend non-critical features until resolved.,High
TRC-516ACEAE93,2026-05-07T23:36:41.662978+00:00,Intervention,IV-82F1B54E,Past-Due Account Escalation,billing_recovery,Segment: Startup | Effort: Low,$199.00 revenue impact | Priority: Low,Escalate to finance for account hold review. Send formal payment demand notice and suspend non-critical features until resolved.,High
TRC-41D853863D,2026-05-07T23:36:41.662986+00:00,Intervention,IV-59265A9C,Past-Due Account Escalation,billing_recovery,Segment: SMB | Effort: Low,$199.00 revenue impact | Priority: Low,Escalate to finance for account hold review. Send formal payment demand notice and suspend non-critical features until resolved.,High
TRC-B9E8F7072E,2026-05-07T23:36:41.662991+00:00,Intervention,IV-220BC4B2,Automated Payment Recovery — Failed Transaction,billing_recovery,Segment: Startup | Effort: Low,$196.00 revenue impact | Priority: Low,"Trigger dunning sequence: retry payment after 3 days, send payment update email after 5 days, escalate to CSM after 10 days.",High
TRC-CCF6C1F37F,2026-05-07T23:36:41.662995+00:00,Intervention,IV-985C161E,Proactive Billing Intervention — Payment Risk Driver Detected,billing_recovery,Segment: Mid-Market | Effort: Low,$199.00 revenue impact | Priority: Low,Contact customer directly to confirm payment details and offer alternative payment methods before the subscription lapses.,Medium
TRC-ECC43DAE88,2026-05-07T23:36:41.663003+00:00,Intervention,IV-BA316F12,Proactive Billing Intervention — Payment Risk Driver Detected,billing_recovery,Segment: Startup | Effort: Low,$199.00 revenue impact | Priority: Low,Contact customer directly to confirm payment details and offer alternative payment methods before the subscription lapses.,Medium
TRC-BDD215BFFB,2026-05-07T23:36:41.663008+00:00,Intervention,IV-6AB962F6,Proactive Billing Intervention — Payment Risk Driver Detected,billing_recovery,Segment: SMB | Effort: Low,$199.00 revenue impact | Priority: Low,Contact customer directly to confirm payment details and offer alternative payment methods before the subscription lapses.,Medium
TRC-79C704D1A3,2026-05-07T23:36:41.663013+00:00,Intervention,IV-645BF33E,Proactive Billing Intervention — Payment Risk Driver Detected,billing_recovery,Segment: Startup | Effort: Low,$199.00 revenue impact | Priority: Low,Contact customer directly to confirm payment details and offer alternative payment methods before the subscription lapses.,Medium
TRC-AE26E58A5B,2026-05-07T23:36:41.663021+00:00,Intervention,IV-024C952E,Proactive Billing Intervention — Payment Risk Driver Detected,billing_recovery,Segment: SMB | Effort: Low,$199.00 revenue impact | Priority: Low,Contact customer directly to confirm payment details and offer alternative payment methods before the subscription lapses.,Medium
TRC-24D0828AEB,2026-05-07T23:36:41.663026+00:00,Intervention,IV-450D9992,Proactive Billing Intervention — Payment Risk Driver Detected,billing_recovery,Segment: Startup | Effort: Low,$199.00 revenue impact | Priority: Low,Contact customer directly to confirm payment details and offer alternative payment methods before the subscription lapses.,Medium
TRC-0EDC09D0D9,2026-05-07T23:36:41.663031+00:00,Intervention,IV-CD89DE31,Proactive Billing Intervention — Payment Risk Driver Detected,billing_recovery,Segment: SMB | Effort: Low,$199.00 revenue impact | Priority: Low,Contact customer directly to confirm payment details and offer alternative payment methods before the subscription lapses.,Medium
TRC-CF5EA49351,2026-05-07T23:36:41.663039+00:00,Intervention,IV-8D046121,Proactive Billing Intervention — Payment Risk Driver Detected,billing_recovery,Segment: Startup | Effort: Low,$199.00 revenue impact | Priority: Low,Contact customer directly to confirm payment details and offer alternative payment methods before the subscription lapses.,Medium
TRC-AD9BEAFF86,2026-05-07T23:36:41.663044+00:00,Intervention,IV-7787009D,Proactive Billing Intervention — Payment Risk Driver Detected,billing_recovery,Segment: Startup | Effort: Low,$199.00 revenue impact | Priority: Low,Contact customer directly to confirm payment details and offer alternative payment methods before the subscription lapses.,Medium
TRC-48230715EF,2026-05-07T23:36:41.663048+00:00,Intervention,IV-3DCFCEC8,Proactive Billing Intervention — Payment Risk Driver Detected,billing_recovery,Segment: SMB | Effort: Low,$199.00 revenue impact | Priority: Low,Contact customer directly to confirm payment details and offer alternative payment methods before the subscription lapses.,Medium
TRC-18BCFD6938,2026-05-07T23:36:41.663056+00:00,Intervention,IV-0F475EFD,Proactive Billing Intervention — Payment Risk Driver Detected,billing_recovery,Segment: Mid-Market | Effort: Low,$199.00 revenue impact | Priority: Low,Contact customer directly to confirm payment details and offer alternative payment methods before the subscription lapses.,Medium
TRC-511BFFCC12,2026-05-07T23:36:41.663061+00:00,Intervention,IV-2B8FF44A,Proactive Billing Intervention — Payment Risk Driver Detected,billing_recovery,Segment: Startup | Effort: Low,$199.00 revenue impact | Priority: Low,Contact customer directly to confirm payment details and offer alternative payment methods before the subscription lapses.,Medium
TRC-16EF125C54,2026-05-07T23:36:41.663065+00:00,Intervention,IV-4460D0D4,Proactive Billing Intervention — Payment Risk Driver Detected,billing_recovery,Segment: SMB | Effort: Low,$199.00 revenue impact | Priority: Low,Contact customer directly to confirm payment details and offer alternative payment methods before the subscription lapses.,Medium
TRC-C56DBD4C7F,2026-05-07T23:36:41.663073+00:00,Intervention,IV-EC90F54E,Proactive Billing Intervention — Payment Risk Driver Detected,billing_recovery,Segment: SMB | Effort: Low,$199.00 revenue impact | Priority: Low,Contact customer directly to confirm payment details and offer alternative payment methods before the subscription lapses.,Medium
TRC-FAF18D8D3C,2026-05-07T23:36:41.663078+00:00,Intervention,IV-7F57D2A3,Proactive Billing Intervention — Payment Risk Driver Detected,billing_recovery,Segment: Startup | Effort: Low,$199.00 revenue impact | Priority: Low,Contact customer directly to confirm payment details and offer alternative payment methods before the subscription lapses.,Medium
TRC-7B52D308B2,2026-05-07T23:36:41.663082+00:00,Intervention,IV-D799A1DC,Proactive Billing Intervention — Payment Risk Driver Detected,billing_recovery,Segment: SMB | Effort: Low,$199.00 revenue impact | Priority: Low,Contact customer directly to confirm payment details and offer alternative payment methods before the subscription lapses.,Medium
TRC-0EFE2DA713,2026-05-07T23:36:41.663091+00:00,Intervention,IV-2BF0D7BA,Proactive Billing Intervention — Payment Risk Driver Detected,billing_recovery,Segment: SMB | Effort: Low,$199.00 revenue impact | Priority: Low,Contact customer directly to confirm payment details and offer alternative payment methods before the subscription lapses.,Medium
TRC-78641E69FD,2026-05-07T23:36:41.663096+00:00,Intervention,IV-4F6DE2A9,Proactive Billing Intervention — Payment Risk Driver Detected,billing_recovery,Segment: SMB | Effort: Low,$199.00 revenue impact | Priority: Low,Contact customer directly to confirm payment details and offer alternative payment methods before the subscription lapses.,Medium
TRC-F759884739,2026-05-07T23:36:41.663101+00:00,Intervention,IV-0F3F1D42,Proactive Billing Intervention — Payment Risk Driver Detected,billing_recovery,Segment: Mid-Market | Effort: Low,$199.00 revenue impact | Priority: Low,Contact customer directly to confirm payment details and offer alternative payment methods before the subscription lapses.,Medium
TRC-56636E63AC,2026-05-07T23:36:41.663105+00:00,Intervention,IV-9A491B3A,Proactive Billing Intervention — Payment Risk Driver Detected,billing_recovery,Segment: SMB | Effort: Low,$199.00 revenue impact | Priority: Low,Contact customer directly to confirm payment details and offer alternative payment methods before the subscription lapses.,Medium
TRC-90781D700F,2026-05-07T23:36:41.663113+00:00,Intervention,IV-FE14240D,Proactive Billing Intervention — Payment Risk Driver Detected,billing_recovery,Segment: SMB | Effort: Low,$199.00 revenue impact | Priority: Low,Contact customer directly to confirm payment details and offer alternative payment methods before the subscription lapses.,Medium
TRC-7D358B0592,2026-05-07T23:36:41.663118+00:00,Intervention,IV-2749F31F,Proactive Billing Intervention — Payment Risk Driver Detected,billing_recovery,Segment: Startup | Effort: Low,$199.00 revenue impact | Priority: Low,Contact customer directly to confirm payment details and offer alternative payment methods before the subscription lapses.,Medium
TRC-A599B22A13,2026-05-07T23:36:41.663123+00:00,Intervention,IV-22150E01,Proactive Billing Intervention — Payment Risk Driver Detected,billing_recovery,Segment: Startup | Effort: Low,$199.00 revenue impact | Priority: Low,Contact customer directly to confirm payment details and offer alternative payment methods before the subscription lapses.,Medium
TRC-20F045C212,2026-05-07T23:36:41.663131+00:00,Intervention,IV-58E714C6,Proactive Billing Intervention — Payment Risk Driver Detected,billing_recovery,Segment: Mid-Market | Effort: Low,$199.00 revenue impact | Priority: Low,Contact customer directly to confirm payment details and offer alternative payment methods before the subscription lapses.,Medium
TRC-3A7094849F,2026-05-07T23:36:41.663135+00:00,Intervention,IV-5D96310C,Proactive Billing Intervention — Payment Risk Driver Detected,billing_recovery,Segment: Startup | Effort: Low,$199.00 revenue impact | Priority: Low,Contact customer directly to confirm payment details and offer alternative payment methods before the subscription lapses.,Medium
TRC-BBEE32FC44,2026-05-07T23:36:41.663140+00:00,Intervention,IV-A2CC699C,Proactive Billing Intervention — Payment Risk Driver Detected,billing_recovery,Segment: Startup | Effort: Low,$199.00 revenue impact | Priority: Low,Contact customer directly to confirm payment details and offer alternative payment methods before the subscription lapses.,Medium
TRC-5DA853F272,2026-05-07T23:36:41.663148+00:00,Intervention,IV-7AD96C25,Proactive Billing Intervention — Payment Risk Driver Detected,billing_recovery,Segment: Startup | Effort: Low,$199.00 revenue impact | Priority: Low,Contact customer directly to confirm payment details and offer alternative payment methods before the subscription lapses.,Medium
TRC-CEF850741D,2026-05-07T23:36:41.663152+00:00,Intervention,IV-A628DDC3,Proactive Billing Intervention — Payment Risk Driver Detected,billing_recovery,Segment: Startup | Effort: Low,$199.00 revenue impact | Priority: Low,Contact customer directly to confirm payment details and offer alternative payment methods before the subscription lapses.,Medium
TRC-7DFC03AC29,2026-05-07T23:36:41.663157+00:00,Intervention,IV-1C4BBB14,Proactive Billing Intervention — Payment Risk Driver Detected,billing_recovery,Segment: Startup | Effort: Low,$199.00 revenue impact | Priority: Low,Contact customer directly to confirm payment details and offer alternative payment methods before the subscription lapses.,Medium
TRC-C4E5991183,2026-05-07T23:36:41.663165+00:00,Intervention,IV-F2751806,Proactive Billing Intervention — Payment Risk Driver Detected,billing_recovery,Segment: SMB | Effort: Low,$199.00 revenue impact | Priority: Low,Contact customer directly to confirm payment details and offer alternative payment methods before the subscription lapses.,Medium
TRC-0C4C76328D,2026-05-07T23:36:41.663170+00:00,Intervention,IV-C3E76FFF,Proactive Billing Intervention — Payment Risk Driver Detected,billing_recovery,Segment: Startup | Effort: Low,$199.00 revenue impact | Priority: Low,Contact customer directly to confirm payment details and offer alternative payment methods before the subscription lapses.,Medium
TRC-168E2BE252,2026-05-07T23:36:41.663174+00:00,Intervention,IV-FF4877CB,Proactive Billing Intervention — Payment Risk Driver Detected,billing_recovery,Segment: SMB | Effort: Low,$199.00 revenue impact | Priority: Low,Contact customer directly to confirm payment details and offer alternative payment methods before the subscription lapses.,Medium
TRC-9E3CF7E4A7,2026-05-07T23:36:41.663183+00:00,Intervention,IV-71C13F47,Proactive Billing Intervention — Payment Risk Driver Detected,billing_recovery,Segment: Mid-Market | Effort: Low,$199.00 revenue impact | Priority: Low,Contact customer directly to confirm payment details and offer alternative payment methods before the subscription lapses.,Medium
TRC-BA109A44AD,2026-05-07T23:36:41.663188+00:00,Intervention,IV-677467A7,Proactive Billing Intervention — Payment Risk Driver Detected,billing_recovery,Segment: Startup | Effort: Low,$199.00 revenue impact | Priority: Low,Contact customer directly to confirm payment details and offer alternative payment methods before the subscription lapses.,Medium
TRC-87C8BF2748,2026-05-07T23:36:41.663192+00:00,Intervention,IV-5EE8E7FE,Proactive Billing Intervention — Payment Risk Driver Detected,billing_recovery,Segment: Enterprise | Effort: Low,$199.00 revenue impact | Priority: Low,Contact customer directly to confirm payment details and offer alternative payment methods before the subscription lapses.,Medium
TRC-4DFA88CDA3,2026-05-07T23:36:41.663200+00:00,Intervention,IV-41DB5A7A,Proactive Billing Intervention — Payment Risk Driver Detected,billing_recovery,Segment: Mid-Market | Effort: Low,$199.00 revenue impact | Priority: Low,Contact customer directly to confirm payment details and offer alternative payment methods before the subscription lapses.,Medium
TRC-6D4057FD61,2026-05-07T23:36:41.663205+00:00,Intervention,IV-5B720FAA,Proactive Billing Intervention — Payment Risk Driver Detected,billing_recovery,Segment: Startup | Effort: Low,$199.00 revenue impact | Priority: Low,Contact customer directly to confirm payment details and offer alternative payment methods before the subscription lapses.,Medium
TRC-A4898EBD8A,2026-05-07T23:36:41.663210+00:00,Intervention,IV-E91CF98F,Proactive Billing Intervention — Payment Risk Driver Detected,billing_recovery,Segment: SMB | Effort: Low,$199.00 revenue impact | Priority: Low,Contact customer directly to confirm payment details and offer alternative payment methods before the subscription lapses.,Medium
TRC-48D28CD14B,2026-05-07T23:36:41.663218+00:00,Intervention,IV-E17686AF,Proactive Billing Intervention — Payment Risk Driver Detected,billing_recovery,Segment: SMB | Effort: Low,$199.00 revenue impact | Priority: Low,Contact customer directly to confirm payment details and offer alternative payment methods before the subscription lapses.,Medium
TRC-84B3287AFB,2026-05-07T23:36:41.663223+00:00,Intervention,IV-FEB1A12C,Proactive Billing Intervention — Payment Risk Driver Detected,billing_recovery,Segment: Startup | Effort: Low,$199.00 revenue impact | Priority: Low,Contact customer directly to confirm payment details and offer alternative payment methods before the subscription lapses.,Medium
TRC-5FCB665E1F,2026-05-07T23:36:41.663227+00:00,Intervention,IV-B1DE760F,Proactive Billing Intervention — Payment Risk Driver Detected,billing_recovery,Segment: Startup | Effort: Low,$199.00 revenue impact | Priority: Low,Contact customer directly to confirm payment details and offer alternative payment methods before the subscription lapses.,Medium
TRC-BDCA03516C,2026-05-07T23:36:41.663236+00:00,Intervention,IV-127FD236,Proactive Billing Intervention — Payment Risk Driver Detected,billing_recovery,Segment: SMB | Effort: Low,$199.00 revenue impact | Priority: Low,Contact customer directly to confirm payment details and offer alternative payment methods before the subscription lapses.,Medium
TRC-1A08A3FC0E,2026-05-07T23:36:41.663241+00:00,Intervention,IV-5EA887E3,Proactive Billing Intervention — Payment Risk Driver Detected,billing_recovery,Segment: Enterprise | Effort: Low,$199.00 revenue impact | Priority: Low,Contact customer directly to confirm payment details and offer alternative payment methods before the subscription lapses.,Medium
TRC-36F9A06A11,2026-05-07T23:36:41.663246+00:00,Intervention,IV-FE9BF35F,Proactive Billing Intervention — Payment Risk Driver Detected,billing_recovery,Segment: SMB | Effort: Low,$199.00 revenue impact | Priority: Low,Contact customer directly to confirm payment details and offer alternative payment methods before the subscription lapses.,Medium
TRC-02C64E68D3,2026-05-07T23:36:41.663253+00:00,Intervention,IV-1D607121,Proactive Billing Intervention — Payment Risk Driver Detected,billing_recovery,Segment: Startup | Effort: Low,$199.00 revenue impact | Priority: Low,Contact customer directly to confirm payment details and offer alternative payment methods before the subscription lapses.,Medium
TRC-EDC34369FC,2026-05-07T23:36:41.663258+00:00,Intervention,IV-8D397444,Proactive Billing Intervention — Payment Risk Driver Detected,billing_recovery,Segment: SMB | Effort: Low,$199.00 revenue impact | Priority: Low,Contact customer directly to confirm payment details and offer alternative payment methods before the subscription lapses.,Medium
TRC-301731D22A,2026-05-07T23:36:41.663263+00:00,Intervention,IV-ADFA2DC0,Proactive Billing Intervention — Payment Risk Driver Detected,billing_recovery,Segment: SMB | Effort: Low,$199.00 revenue impact | Priority: Low,Contact customer directly to confirm payment details and offer alternative payment methods before the subscription lapses.,Medium
TRC-A9BAC232FD,2026-05-07T23:36:41.663271+00:00,Intervention,IV-33B43B4C,Proactive Billing Intervention — Payment Risk Driver Detected,billing_recovery,Segment: Startup | Effort: Low,$199.00 revenue impact | Priority: Low,Contact customer directly to confirm payment details and offer alternative payment methods before the subscription lapses.,Medium
TRC-EA6ECA07EE,2026-05-07T23:36:41.663276+00:00,Intervention,IV-68D111FE,Proactive Billing Intervention — Payment Risk Driver Detected,billing_recovery,Segment: Startup | Effort: Low,$199.00 revenue impact | Priority: Low,Contact customer directly to confirm payment details and offer alternative payment methods before the subscription lapses.,Medium
TRC-92B91AD57E,2026-05-07T23:36:41.663281+00:00,Intervention,IV-CC3CFB66,Proactive Billing Intervention — Payment Risk Driver Detected,billing_recovery,Segment: Startup | Effort: Low,$199.00 revenue impact | Priority: Low,Contact customer directly to confirm payment details and offer alternative payment methods before the subscription lapses.,Medium
TRC-A52A483D7B,2026-05-07T23:36:41.663286+00:00,Intervention,IV-4E2E0C6E,Proactive Billing Intervention — Payment Risk Driver Detected,billing_recovery,Segment: Startup | Effort: Low,$199.00 revenue impact | Priority: Low,Contact customer directly to confirm payment details and offer alternative payment methods before the subscription lapses.,Medium
TRC-F5A76AFDD6,2026-05-07T23:36:41.663291+00:00,Intervention,IV-2ADEC65B,Proactive Billing Intervention — Payment Risk Driver Detected,billing_recovery,Segment: Mid-Market | Effort: Low,$199.00 revenue impact | Priority: Low,Contact customer directly to confirm payment details and offer alternative payment methods before the subscription lapses.,Medium
TRC-53C103C247,2026-05-07T23:36:41.663295+00:00,Intervention,IV-C884D686,Proactive Billing Intervention — Payment Risk Driver Detected,billing_recovery,Segment: Startup | Effort: Low,$199.00 revenue impact | Priority: Low,Contact customer directly to confirm payment details and offer alternative payment methods before the subscription lapses.,Medium
TRC-402C2809E6,2026-05-07T23:36:41.663302+00:00,Intervention,IV-6AA1D67B,Proactive Billing Intervention — Payment Risk Driver Detected,billing_recovery,Segment: SMB | Effort: Low,$199.00 revenue impact | Priority: Low,Contact customer directly to confirm payment details and offer alternative payment methods before the subscription lapses.,Medium
TRC-CE4225CC37,2026-05-07T23:36:41.663307+00:00,Intervention,IV-19A97F32,Proactive Billing Intervention — Payment Risk Driver Detected,billing_recovery,Segment: SMB | Effort: Low,$199.00 revenue impact | Priority: Low,Contact customer directly to confirm payment details and offer alternative payment methods before the subscription lapses.,Medium
TRC-87E5A27919,2026-05-07T23:36:41.663312+00:00,Intervention,IV-633326DA,Proactive Billing Intervention — Payment Risk Driver Detected,billing_recovery,Segment: Mid-Market | Effort: Low,$199.00 revenue impact | Priority: Low,Contact customer directly to confirm payment details and offer alternative payment methods before the subscription lapses.,Medium
TRC-3811CB625F,2026-05-07T23:36:41.663321+00:00,Intervention,IV-95AED684,Proactive Billing Intervention — Payment Risk Driver Detected,billing_recovery,Segment: Startup | Effort: Low,$199.00 revenue impact | Priority: Low,Contact customer directly to confirm payment details and offer alternative payment methods before the subscription lapses.,Medium
TRC-10C5660D5C,2026-05-07T23:36:41.663326+00:00,Intervention,IV-A806D3CE,Proactive Billing Intervention — Payment Risk Driver Detected,billing_recovery,Segment: SMB | Effort: Low,$199.00 revenue impact | Priority: Low,Contact customer directly to confirm payment details and offer alternative payment methods before the subscription lapses.,Medium
TRC-A0FDED894C,2026-05-07T23:36:41.663331+00:00,Intervention,IV-41C38823,Proactive Billing Intervention — Payment Risk Driver Detected,billing_recovery,Segment: SMB | Effort: Low,$199.00 revenue impact | Priority: Low,Contact customer directly to confirm payment details and offer alternative payment methods before the subscription lapses.,Medium
TRC-95AC2F123E,2026-05-07T23:36:41.663336+00:00,Intervention,IV-48D286BC,Proactive Billing Intervention — Payment Risk Driver Detected,billing_recovery,Segment: Startup | Effort: Low,$199.00 revenue impact | Priority: Low,Contact customer directly to confirm payment details and offer alternative payment methods before the subscription lapses.,Medium
TRC-41C3E7F8BD,2026-05-07T23:36:41.663341+00:00,Intervention,IV-8ACB9E02,Proactive Billing Intervention — Payment Risk Driver Detected,billing_recovery,Segment: SMB | Effort: Low,$199.00 revenue impact | Priority: Low,Contact customer directly to confirm payment details and offer alternative payment methods before the subscription lapses.,Medium
TRC-4453E8091B,2026-05-07T23:36:41.663346+00:00,Intervention,IV-D03A4847,Proactive Billing Intervention — Payment Risk Driver Detected,billing_recovery,Segment: SMB | Effort: Low,$199.00 revenue impact | Priority: Low,Contact customer directly to confirm payment details and offer alternative payment methods before the subscription lapses.,Medium
TRC-CDBB03F0C1,2026-05-07T23:36:41.663351+00:00,Intervention,IV-14ED90BB,Proactive Billing Intervention — Payment Risk Driver Detected,billing_recovery,Segment: Startup | Effort: Low,$199.00 revenue impact | Priority: Low,Contact customer directly to confirm payment details and offer alternative payment methods before the subscription lapses.,Medium
TRC-9DAF83D7CB,2026-05-07T23:36:41.663356+00:00,Intervention,IV-AA39C58D,Proactive Billing Intervention — Payment Risk Driver Detected,billing_recovery,Segment: Startup | Effort: Low,$199.00 revenue impact | Priority: Low,Contact customer directly to confirm payment details and offer alternative payment methods before the subscription lapses.,Medium
TRC-39369DA07A,2026-05-07T23:36:41.663361+00:00,Intervention,IV-D91598E7,Proactive Billing Intervention — Payment Risk Driver Detected,billing_recovery,Segment: Mid-Market | Effort: Low,$199.00 revenue impact | Priority: Low,Contact customer directly to confirm payment details and offer alternative payment methods before the subscription lapses.,Medium
TRC-BD04A465DC,2026-05-07T23:36:41.663366+00:00,Intervention,IV-B22675B0,Proactive Billing Intervention — Payment Risk Driver Detected,billing_recovery,Segment: Startup | Effort: Low,$199.00 revenue impact | Priority: Low,Contact customer directly to confirm payment details and offer alternative payment methods before the subscription lapses.,Medium
TRC-3FCD520949,2026-05-07T23:36:41.663371+00:00,Intervention,IV-AFE60FB9,Proactive Billing Intervention — Payment Risk Driver Detected,billing_recovery,Segment: Mid-Market | Effort: Low,$199.00 revenue impact | Priority: Low,Contact customer directly to confirm payment details and offer alternative payment methods before the subscription lapses.,Medium
TRC-F105D68F32,2026-05-07T23:36:41.663376+00:00,Intervention,IV-6654BDFE,Proactive Billing Intervention — Payment Risk Driver Detected,billing_recovery,Segment: SMB | Effort: Low,$199.00 revenue impact | Priority: Low,Contact customer directly to confirm payment details and offer alternative payment methods before the subscription lapses.,Medium
TRC-9CD6E6CB2D,2026-05-07T23:36:41.663380+00:00,Intervention,IV-FB68B0D3,Proactive Billing Intervention — Payment Risk Driver Detected,billing_recovery,Segment: Startup | Effort: Low,$199.00 revenue impact | Priority: Low,Contact customer directly to confirm payment details and offer alternative payment methods before the subscription lapses.,Medium
TRC-C65CEBDABD,2026-05-07T23:36:41.663385+00:00,Intervention,IV-D8B53C75,Proactive Billing Intervention — Payment Risk Driver Detected,billing_recovery,Segment: Mid-Market | Effort: Low,$199.00 revenue impact | Priority: Low,Contact customer directly to confirm payment details and offer alternative payment methods before the subscription lapses.,Medium
TRC-F7F9564C87,2026-05-07T23:36:41.663390+00:00,Intervention,IV-CC02F71A,Automated Payment Recovery — Failed Transaction,billing_recovery,Segment: Startup | Effort: Low,$147.00 revenue impact | Priority: Low,"Trigger dunning sequence: retry payment after 3 days, send payment update email after 5 days, escalate to CSM after 10 days.",High
TRC-4906DC9717,2026-05-07T23:36:41.663395+00:00,Intervention,IV-6B35ED4A,Automated Payment Recovery — Failed Transaction,billing_recovery,Segment: Startup | Effort: Low,$147.00 revenue impact | Priority: Low,"Trigger dunning sequence: retry payment after 3 days, send payment update email after 5 days, escalate to CSM after 10 days.",High
TRC-420A5B60C2,2026-05-07T23:36:41.663400+00:00,Intervention,IV-CD5ADE5F,Automated Payment Recovery — Failed Transaction,billing_recovery,Segment: Startup | Effort: Low,$147.00 revenue impact | Priority: Low,"Trigger dunning sequence: retry payment after 3 days, send payment update email after 5 days, escalate to CSM after 10 days.",High
TRC-1EC1A3AC35,2026-05-07T23:36:41.663405+00:00,Intervention,IV-B63C9B40,Automated Payment Recovery — Failed Transaction,billing_recovery,Segment: SMB | Effort: Low,$147.00 revenue impact | Priority: Low,"Trigger dunning sequence: retry payment after 3 days, send payment update email after 5 days, escalate to CSM after 10 days.",High
TRC-1D674F3F7F,2026-05-07T23:36:41.663410+00:00,Intervention,IV-ADC68AFC,Automated Payment Recovery — Failed Transaction,billing_recovery,Segment: Mid-Market | Effort: Low,$147.00 revenue impact | Priority: Low,"Trigger dunning sequence: retry payment after 3 days, send payment update email after 5 days, escalate to CSM after 10 days.",High
TRC-0087179E17,2026-05-07T23:36:41.663415+00:00,Intervention,IV-962A26E0,Automated Payment Recovery — Failed Transaction,billing_recovery,Segment: SMB | Effort: Low,$147.00 revenue impact | Priority: Low,"Trigger dunning sequence: retry payment after 3 days, send payment update email after 5 days, escalate to CSM after 10 days.",High
TRC-04F7078D3D,2026-05-07T23:36:41.663420+00:00,Intervention,IV-B3328034,Mid-Market Retention Escalation — Critical Risk,retention,Segment: Mid-Market | Effort: High,$499.00 revenue impact | Priority: Low,Immediate CSM outreach. Conduct health-check call and offer feature enablement session to re-establish value.,Medium
TRC-9AEF063A63,2026-05-07T23:36:41.663425+00:00,Intervention,IV-6EAD78D6,SMB Re-engagement Offer — High Churn Risk,retention,Segment: SMB | Effort: High,$499.00 revenue impact | Priority: Low,Send personalised in-app re-engagement campaign with 15% discount for 3-month commitment. Follow up with feature tutorial email sequence.,Medium
TRC-A3F9B82E41,2026-05-07T23:36:41.663430+00:00,Intervention,IV-0DCA5810,SMB Re-engagement Offer — High Churn Risk,retention,Segment: SMB | Effort: High,$499.00 revenue impact | Priority: Low,Send personalised in-app re-engagement campaign with 15% discount for 3-month commitment. Follow up with feature tutorial email sequence.,Medium
TRC-1869369A52,2026-05-07T23:36:41.663435+00:00,Intervention,IV-02BE3855,SMB Re-engagement Offer — High Churn Risk,retention,Segment: SMB | Effort: High,$499.00 revenue impact | Priority: Low,Send personalised in-app re-engagement campaign with 15% discount for 3-month commitment. Follow up with feature tutorial email sequence.,Medium
TRC-52FA1C870E,2026-05-07T23:36:41.663442+00:00,Intervention,IV-67AEF960,SMB Re-engagement Offer — High Churn Risk,retention,Segment: SMB | Effort: High,$499.00 revenue impact | Priority: Low,Send personalised in-app re-engagement campaign with 15% discount for 3-month commitment. Follow up with feature tutorial email sequence.,Medium
TRC-1D93710D42,2026-05-07T23:36:41.663446+00:00,Intervention,IV-805234B1,SMB Re-engagement Offer — High Churn Risk,retention,Segment: SMB | Effort: High,$499.00 revenue impact | Priority: Low,Send personalised in-app re-engagement campaign with 15% discount for 3-month commitment. Follow up with feature tutorial email sequence.,Medium
TRC-C33D52E50D,2026-05-07T23:36:41.663451+00:00,Intervention,IV-F250583B,SMB Re-engagement Offer — High Churn Risk,retention,Segment: SMB | Effort: High,$499.00 revenue impact | Priority: Low,Send personalised in-app re-engagement campaign with 15% discount for 3-month commitment. Follow up with feature tutorial email sequence.,Medium
TRC-8DBEA5E296,2026-05-07T23:36:41.663456+00:00,Intervention,IV-C82E20DA,SMB Re-engagement Offer — High Churn Risk,retention,Segment: SMB | Effort: High,$499.00 revenue impact | Priority: Low,Send personalised in-app re-engagement campaign with 15% discount for 3-month commitment. Follow up with feature tutorial email sequence.,Medium
TRC-C55BA9B289,2026-05-07T23:36:41.663461+00:00,Intervention,IV-F4F5CDB4,SMB Re-engagement Offer — High Churn Risk,retention,Segment: SMB | Effort: High,$499.00 revenue impact | Priority: Low,Send personalised in-app re-engagement campaign with 15% discount for 3-month commitment. Follow up with feature tutorial email sequence.,Medium
TRC-284AD4D234,2026-05-07T23:36:41.663466+00:00,Intervention,IV-60056484,SMB Re-engagement Offer — High Churn Risk,retention,Segment: SMB | Effort: High,$499.00 revenue impact | Priority: Low,Send personalised in-app re-engagement campaign with 15% discount for 3-month commitment. Follow up with feature tutorial email sequence.,Medium
TRC-936150061D,2026-05-07T23:36:41.663471+00:00,Intervention,IV-9F52F466,SMB Re-engagement Offer — High Churn Risk,retention,Segment: SMB | Effort: High,$499.00 revenue impact | Priority: Low,Send personalised in-app re-engagement campaign with 15% discount for 3-month commitment. Follow up with feature tutorial email sequence.,Medium
TRC-6876C7E40A,2026-05-07T23:36:41.663476+00:00,Intervention,IV-1C9F797C,SMB Re-engagement Offer — High Churn Risk,retention,Segment: SMB | Effort: High,$499.00 revenue impact | Priority: Low,Send personalised in-app re-engagement campaign with 15% discount for 3-month commitment. Follow up with feature tutorial email sequence.,Medium
TRC-8FF433B913,2026-05-07T23:36:41.663481+00:00,Intervention,IV-B5CA511B,SMB Re-engagement Offer — High Churn Risk,retention,Segment: SMB | Effort: High,$499.00 revenue impact | Priority: Low,Send personalised in-app re-engagement campaign with 15% discount for 3-month commitment. Follow up with feature tutorial email sequence.,Medium
TRC-8E13C2C199,2026-05-07T23:36:41.663486+00:00,Intervention,IV-DC729815,SMB Re-engagement Offer — High Churn Risk,retention,Segment: SMB | Effort: High,$499.00 revenue impact | Priority: Low,Send personalised in-app re-engagement campaign with 15% discount for 3-month commitment. Follow up with feature tutorial email sequence.,Medium
TRC-1C481FEF18,2026-05-07T23:36:41.663490+00:00,Intervention,IV-0CC942C7,SMB Re-engagement Offer — High Churn Risk,retention,Segment: SMB | Effort: High,$499.00 revenue impact | Priority: Low,Send personalised in-app re-engagement campaign with 15% discount for 3-month commitment. Follow up with feature tutorial email sequence.,Medium
TRC-E8CC1F487C,2026-05-07T23:36:41.663495+00:00,Intervention,IV-D1D23FE3,SMB Re-engagement Offer — High Churn Risk,retention,Segment: SMB | Effort: High,$499.00 revenue impact | Priority: Low,Send personalised in-app re-engagement campaign with 15% discount for 3-month commitment. Follow up with feature tutorial email sequence.,Medium
TRC-6B08079D56,2026-05-07T23:36:41.663500+00:00,Intervention,IV-38B61148,SMB Re-engagement Offer — High Churn Risk,retention,Segment: SMB | Effort: High,$499.00 revenue impact | Priority: Low,Send personalised in-app re-engagement campaign with 15% discount for 3-month commitment. Follow up with feature tutorial email sequence.,Medium
TRC-642FC3956F,2026-05-07T23:36:41.663505+00:00,Intervention,IV-E1AE8DFA,SMB Re-engagement Offer — High Churn Risk,retention,Segment: SMB | Effort: High,$499.00 revenue impact | Priority: Low,Send personalised in-app re-engagement campaign with 15% discount for 3-month commitment. Follow up with feature tutorial email sequence.,Medium
TRC-23A35B34CD,2026-05-07T23:36:41.663509+00:00,Intervention,IV-DD6EC9AC,SMB Re-engagement Offer — High Churn Risk,retention,Segment: SMB | Effort: High,$499.00 revenue impact | Priority: Low,Send personalised in-app re-engagement campaign with 15% discount for 3-month commitment. Follow up with feature tutorial email sequence.,Medium
TRC-3C0BA5E01E,2026-05-07T23:36:41.663514+00:00,Intervention,IV-5767097A,SMB Re-engagement Offer — High Churn Risk,retention,Segment: SMB | Effort: High,$499.00 revenue impact | Priority: Low,Send personalised in-app re-engagement campaign with 15% discount for 3-month commitment. Follow up with feature tutorial email sequence.,Medium
TRC-F5D5E98794,2026-05-07T23:36:41.663519+00:00,Intervention,IV-CEAB3A45,SMB Re-engagement Offer — High Churn Risk,retention,Segment: SMB | Effort: High,$499.00 revenue impact | Priority: Low,Send personalised in-app re-engagement campaign with 15% discount for 3-month commitment. Follow up with feature tutorial email sequence.,Medium
TRC-0DD8657E46,2026-05-07T23:36:41.663524+00:00,Intervention,IV-E8A5700F,SMB Re-engagement Offer — High Churn Risk,retention,Segment: SMB | Effort: High,$499.00 revenue impact | Priority: Low,Send personalised in-app re-engagement campaign with 15% discount for 3-month commitment. Follow up with feature tutorial email sequence.,Medium
TRC-3387AC9CA2,2026-05-07T23:36:41.663529+00:00,Intervention,IV-AA0E927E,SMB Re-engagement Offer — High Churn Risk,retention,Segment: SMB | Effort: High,$499.00 revenue impact | Priority: Low,Send personalised in-app re-engagement campaign with 15% discount for 3-month commitment. Follow up with feature tutorial email sequence.,Medium
TRC-D0A3E3E3E5,2026-05-07T23:36:41.663533+00:00,Intervention,IV-A86E48CF,SMB Re-engagement Offer — High Churn Risk,retention,Segment: SMB | Effort: High,$499.00 revenue impact | Priority: Low,Send personalised in-app re-engagement campaign with 15% discount for 3-month commitment. Follow up with feature tutorial email sequence.,Medium
TRC-2BF8412F03,2026-05-07T23:36:41.663538+00:00,Intervention,IV-D700A722,SMB Re-engagement Offer — High Churn Risk,retention,Segment: SMB | Effort: High,$499.00 revenue impact | Priority: Low,Send personalised in-app re-engagement campaign with 15% discount for 3-month commitment. Follow up with feature tutorial email sequence.,Medium
TRC-61585C02C2,2026-05-07T23:36:41.663543+00:00,Intervention,IV-CCFFDC19,Automated Payment Recovery — Failed Transaction,billing_recovery,Segment: Startup | Effort: Low,$98.00 revenue impact | Priority: Low,"Trigger dunning sequence: retry payment after 3 days, send payment update email after 5 days, escalate to CSM after 10 days.",High
TRC-78B31DEC1D,2026-05-07T23:36:41.663548+00:00,Intervention,IV-9F8E54DD,Automated Payment Recovery — Failed Transaction,billing_recovery,Segment: Startup | Effort: Low,$98.00 revenue impact | Priority: Low,"Trigger dunning sequence: retry payment after 3 days, send payment update email after 5 days, escalate to CSM after 10 days.",High
TRC-D43C31F2E5,2026-05-07T23:36:41.663553+00:00,Intervention,IV-693CDB11,Automated Payment Recovery — Failed Transaction,billing_recovery,Segment: SMB | Effort: Low,$98.00 revenue impact | Priority: Low,"Trigger dunning sequence: retry payment after 3 days, send payment update email after 5 days, escalate to CSM after 10 days.",High
TRC-F9868416F5,2026-05-07T23:36:41.663558+00:00,Intervention,IV-37F54211,Automated Payment Recovery — Failed Transaction,billing_recovery,Segment: Startup | Effort: Low,$98.00 revenue impact | Priority: Low,"Trigger dunning sequence: retry payment after 3 days, send payment update email after 5 days, escalate to CSM after 10 days.",High
TRC-AE954E7208,2026-05-07T23:36:41.663562+00:00,Intervention,IV-A3FAF91F,Automated Payment Recovery — Failed Transaction,billing_recovery,Segment: Startup | Effort: Low,$98.00 revenue impact | Priority: Low,"Trigger dunning sequence: retry payment after 3 days, send payment update email after 5 days, escalate to CSM after 10 days.",High
TRC-A1A1C1F833,2026-05-07T23:36:41.663567+00:00,Intervention,IV-A91B346E,Automated Payment Recovery — Failed Transaction,billing_recovery,Segment: SMB | Effort: Low,$98.00 revenue impact | Priority: Low,"Trigger dunning sequence: retry payment after 3 days, send payment update email after 5 days, escalate to CSM after 10 days.",High
TRC-2B2EC57310,2026-05-07T23:36:41.663572+00:00,Intervention,IV-1E931CFB,Automated Payment Recovery — Failed Transaction,billing_recovery,Segment: Startup | Effort: Low,$98.00 revenue impact | Priority: Low,"Trigger dunning sequence: retry payment after 3 days, send payment update email after 5 days, escalate to CSM after 10 days.",High
TRC-8BD89EB4D6,2026-05-07T23:36:41.663577+00:00,Intervention,IV-AA0724A2,Automated Payment Recovery — Failed Transaction,billing_recovery,Segment: Mid-Market | Effort: Low,$98.00 revenue impact | Priority: Low,"Trigger dunning sequence: retry payment after 3 days, send payment update email after 5 days, escalate to CSM after 10 days.",High
TRC-4F77C1CBFB,2026-05-07T23:36:41.663582+00:00,Intervention,IV-6CFF73F8,Automated Payment Recovery — Failed Transaction,billing_recovery,Segment: Mid-Market | Effort: Low,$98.00 revenue impact | Priority: Low,"Trigger dunning sequence: retry payment after 3 days, send payment update email after 5 days, escalate to CSM after 10 days.",High
TRC-DD17CD3258,2026-05-07T23:36:41.663590+00:00,Intervention,IV-72C435AA,Automated Payment Recovery — Failed Transaction,billing_recovery,Segment: Enterprise | Effort: Low,$98.00 revenue impact | Priority: Low,"Trigger dunning sequence: retry payment after 3 days, send payment update email after 5 days, escalate to CSM after 10 days.",High
TRC-F63DD199F0,2026-05-07T23:36:41.663595+00:00,Intervention,IV-D543DC88,Automated Payment Recovery — Failed Transaction,billing_recovery,Segment: Enterprise | Effort: Low,$98.00 revenue impact | Priority: Low,"Trigger dunning sequence: retry payment after 3 days, send payment update email after 5 days, escalate to CSM after 10 days.",High
TRC-07F9B452E3,2026-05-07T23:36:41.663600+00:00,Intervention,IV-58476C94,Automated Payment Recovery — Failed Transaction,billing_recovery,Segment: Startup | Effort: Low,$98.00 revenue impact | Priority: Low,"Trigger dunning sequence: retry payment after 3 days, send payment update email after 5 days, escalate to CSM after 10 days.",High
TRC-3E6F5B632E,2026-05-07T23:36:41.663604+00:00,Intervention,IV-2C1A5BCB,Automated Payment Recovery — Failed Transaction,billing_recovery,Segment: SMB | Effort: Low,$98.00 revenue impact | Priority: Low,"Trigger dunning sequence: retry payment after 3 days, send payment update email after 5 days, escalate to CSM after 10 days.",High
TRC-1F2C57B14D,2026-05-07T23:36:41.663609+00:00,Intervention,IV-15819685,Automated Payment Recovery — Failed Transaction,billing_recovery,Segment: Startup | Effort: Low,$98.00 revenue impact | Priority: Low,"Trigger dunning sequence: retry payment after 3 days, send payment update email after 5 days, escalate to CSM after 10 days.",High
TRC-8A561376B1,2026-05-07T23:36:41.663614+00:00,Intervention,IV-5A3A1FF9,Automated Payment Recovery — Failed Transaction,billing_recovery,Segment: SMB | Effort: Low,$98.00 revenue impact | Priority: Low,"Trigger dunning sequence: retry payment after 3 days, send payment update email after 5 days, escalate to CSM after 10 days.",High
TRC-928593C244,2026-05-07T23:36:41.663619+00:00,Intervention,IV-42EBD300,Automated Payment Recovery — Failed Transaction,billing_recovery,Segment: Startup | Effort: Low,$98.00 revenue impact | Priority: Low,"Trigger dunning sequence: retry payment after 3 days, send payment update email after 5 days, escalate to CSM after 10 days.",High
TRC-9A9016CAA7,2026-05-07T23:36:41.663624+00:00,Intervention,IV-DF904EAC,Automated Payment Recovery — Failed Transaction,billing_recovery,Segment: Startup | Effort: Low,$98.00 revenue impact | Priority: Low,"Trigger dunning sequence: retry payment after 3 days, send payment update email after 5 days, escalate to CSM after 10 days.",High
TRC-7F8088F08F,2026-05-07T23:36:41.663629+00:00,Intervention,IV-4FD034C8,Automated Payment Recovery — Failed Transaction,billing_recovery,Segment: Mid-Market | Effort: Low,$98.00 revenue impact | Priority: Low,"Trigger dunning sequence: retry payment after 3 days, send payment update email after 5 days, escalate to CSM after 10 days.",High
TRC-6968A56091,2026-05-07T23:36:41.663634+00:00,Intervention,IV-24CA02D1,Automated Payment Recovery — Failed Transaction,billing_recovery,Segment: Enterprise | Effort: Low,$98.00 revenue impact | Priority: Low,"Trigger dunning sequence: retry payment after 3 days, send payment update email after 5 days, escalate to CSM after 10 days.",High
TRC-C03126D407,2026-05-07T23:36:41.663638+00:00,Intervention,IV-6F489485,Automated Payment Recovery — Failed Transaction,billing_recovery,Segment: Enterprise | Effort: Low,$98.00 revenue impact | Priority: Low,"Trigger dunning sequence: retry payment after 3 days, send payment update email after 5 days, escalate to CSM after 10 days.",High
TRC-D5AD15BB37,2026-05-07T23:36:41.663643+00:00,Intervention,IV-9FCE6273,Automated Payment Recovery — Failed Transaction,billing_recovery,Segment: Startup | Effort: Low,$98.00 revenue impact | Priority: Low,"Trigger dunning sequence: retry payment after 3 days, send payment update email after 5 days, escalate to CSM after 10 days.",High
TRC-9846FC6567,2026-05-07T23:36:41.663648+00:00,Intervention,IV-6979B858,Automated Payment Recovery — Failed Transaction,billing_recovery,Segment: Startup | Effort: Low,$98.00 revenue impact | Priority: Low,"Trigger dunning sequence: retry payment after 3 days, send payment update email after 5 days, escalate to CSM after 10 days.",High
TRC-6766DDC135,2026-05-07T23:36:41.663653+00:00,Intervention,IV-87464181,Automated Payment Recovery — Failed Transaction,billing_recovery,Segment: SMB | Effort: Low,$98.00 revenue impact | Priority: Low,"Trigger dunning sequence: retry payment after 3 days, send payment update email after 5 days, escalate to CSM after 10 days.",High
TRC-95E832013C,2026-05-07T23:36:41.663658+00:00,Intervention,IV-C16BA5D5,Automated Payment Recovery — Failed Transaction,billing_recovery,Segment: SMB | Effort: Low,$98.00 revenue impact | Priority: Low,"Trigger dunning sequence: retry payment after 3 days, send payment update email after 5 days, escalate to CSM after 10 days.",High
TRC-8A70F35236,2026-05-07T23:36:41.663662+00:00,Intervention,IV-47422A50,Automated Payment Recovery — Failed Transaction,billing_recovery,Segment: Startup | Effort: Low,$98.00 revenue impact | Priority: Low,"Trigger dunning sequence: retry payment after 3 days, send payment update email after 5 days, escalate to CSM after 10 days.",High
TRC-1626DAD78C,2026-05-07T23:36:41.663667+00:00,Intervention,IV-5BF38ACC,Automated Payment Recovery — Failed Transaction,billing_recovery,Segment: SMB | Effort: Low,$98.00 revenue impact | Priority: Low,"Trigger dunning sequence: retry payment after 3 days, send payment update email after 5 days, escalate to CSM after 10 days.",High
TRC-CED4BD2E5C,2026-05-07T23:36:41.663672+00:00,Intervention,IV-F4D2ABE5,Automated Payment Recovery — Failed Transaction,billing_recovery,Segment: Startup | Effort: Low,$98.00 revenue impact | Priority: Low,"Trigger dunning sequence: retry payment after 3 days, send payment update email after 5 days, escalate to CSM after 10 days.",High
TRC-6B2FB57173,2026-05-07T23:36:41.663677+00:00,Intervention,IV-93170A8E,Automated Payment Recovery — Failed Transaction,billing_recovery,Segment: SMB | Effort: Low,$98.00 revenue impact | Priority: Low,"Trigger dunning sequence: retry payment after 3 days, send payment update email after 5 days, escalate to CSM after 10 days.",High
TRC-19E253643C,2026-05-07T23:36:41.663682+00:00,Intervention,IV-D66375D2,Automated Payment Recovery — Failed Transaction,billing_recovery,Segment: SMB | Effort: Low,$98.00 revenue impact | Priority: Low,"Trigger dunning sequence: retry payment after 3 days, send payment update email after 5 days, escalate to CSM after 10 days.",High
TRC-8E7A88FE63,2026-05-07T23:36:41.663686+00:00,Intervention,IV-8C274C4B,Automated Payment Recovery — Failed Transaction,billing_recovery,Segment: Startup | Effort: Low,$98.00 revenue impact | Priority: Low,"Trigger dunning sequence: retry payment after 3 days, send payment update email after 5 days, escalate to CSM after 10 days.",High
TRC-33303D8949,2026-05-07T23:36:41.663691+00:00,Intervention,IV-0763C1E6,Automated Payment Recovery — Failed Transaction,billing_recovery,Segment: Startup | Effort: Low,$98.00 revenue impact | Priority: Low,"Trigger dunning sequence: retry payment after 3 days, send payment update email after 5 days, escalate to CSM after 10 days.",High
TRC-FC84A4C22E,2026-05-07T23:36:41.663696+00:00,Intervention,IV-CF4D96A4,Automated Payment Recovery — Failed Transaction,billing_recovery,Segment: Mid-Market | Effort: Low,$98.00 revenue impact | Priority: Low,"Trigger dunning sequence: retry payment after 3 days, send payment update email after 5 days, escalate to CSM after 10 days.",High
TRC-868E1D7812,2026-05-07T23:36:41.663700+00:00,Intervention,IV-363192BA,Automated Payment Recovery — Failed Transaction,billing_recovery,Segment: Startup | Effort: Low,$98.00 revenue impact | Priority: Low,"Trigger dunning sequence: retry payment after 3 days, send payment update email after 5 days, escalate to CSM after 10 days.",High
TRC-28EA0A92AB,2026-05-07T23:36:41.663705+00:00,Intervention,IV-0DA5AFF0,Automated Payment Recovery — Failed Transaction,billing_recovery,Segment: SMB | Effort: Low,$98.00 revenue impact | Priority: Low,"Trigger dunning sequence: retry payment after 3 days, send payment update email after 5 days, escalate to CSM after 10 days.",High
TRC-27CAA7E027,2026-05-07T23:36:41.663710+00:00,Intervention,IV-CAB4E634,Automated Payment Recovery — Failed Transaction,billing_recovery,Segment: Enterprise | Effort: Low,$98.00 revenue impact | Priority: Low,"Trigger dunning sequence: retry payment after 3 days, send payment update email after 5 days, escalate to CSM after 10 days.",High
TRC-6C80D406CE,2026-05-07T23:36:41.663715+00:00,Intervention,IV-81498DB7,Automated Payment Recovery — Failed Transaction,billing_recovery,Segment: SMB | Effort: Low,$98.00 revenue impact | Priority: Low,"Trigger dunning sequence: retry payment after 3 days, send payment update email after 5 days, escalate to CSM after 10 days.",High
TRC-F8D43A27D7,2026-05-07T23:36:41.663720+00:00,Intervention,IV-EA8D15B5,Automated Payment Recovery — Failed Transaction,billing_recovery,Segment: Mid-Market | Effort: Low,$98.00 revenue impact | Priority: Low,"Trigger dunning sequence: retry payment after 3 days, send payment update email after 5 days, escalate to CSM after 10 days.",High
TRC-C4D1255189,2026-05-07T23:36:41.663724+00:00,Intervention,IV-CEEDC595,Automated Payment Recovery — Failed Transaction,billing_recovery,Segment: SMB | Effort: Low,$98.00 revenue impact | Priority: Low,"Trigger dunning sequence: retry payment after 3 days, send payment update email after 5 days, escalate to CSM after 10 days.",High
TRC-F05716023A,2026-05-07T23:36:41.663729+00:00,Intervention,IV-4D85BFAF,Automated Payment Recovery — Failed Transaction,billing_recovery,Segment: Startup | Effort: Low,$98.00 revenue impact | Priority: Low,"Trigger dunning sequence: retry payment after 3 days, send payment update email after 5 days, escalate to CSM after 10 days.",High
TRC-84A2680442,2026-05-07T23:36:41.663733+00:00,Intervention,IV-02819185,Automated Payment Recovery — Failed Transaction,billing_recovery,Segment: SMB | Effort: Low,$98.00 revenue impact | Priority: Low,"Trigger dunning sequence: retry payment after 3 days, send payment update email after 5 days, escalate to CSM after 10 days.",High
TRC-E6BB5BD25C,2026-05-07T23:36:41.663738+00:00,Intervention,IV-486E780B,Automated Payment Recovery — Failed Transaction,billing_recovery,Segment: Mid-Market | Effort: Low,$98.00 revenue impact | Priority: Low,"Trigger dunning sequence: retry payment after 3 days, send payment update email after 5 days, escalate to CSM after 10 days.",High
TRC-E61A84FBDA,2026-05-07T23:36:41.663743+00:00,Intervention,IV-A5E4A296,SMB Re-engagement Offer — High Churn Risk,retention,Segment: SMB | Effort: High,$199.00 revenue impact | Priority: Low,Send personalised in-app re-engagement campaign with 15% discount for 3-month commitment. Follow up with feature tutorial email sequence.,Medium
TRC-C899984D3B,2026-05-07T23:36:41.663747+00:00,Intervention,IV-86E04987,SMB Re-engagement Offer — High Churn Risk,retention,Segment: SMB | Effort: High,$199.00 revenue impact | Priority: Low,Send personalised in-app re-engagement campaign with 15% discount for 3-month commitment. Follow up with feature tutorial email sequence.,Medium
TRC-B27E37A5FC,2026-05-07T23:36:41.663752+00:00,Intervention,IV-332859D5,SMB Re-engagement Offer — High Churn Risk,retention,Segment: SMB | Effort: High,$199.00 revenue impact | Priority: Low,Send personalised in-app re-engagement campaign with 15% discount for 3-month commitment. Follow up with feature tutorial email sequence.,Medium
TRC-EFF5F961C6,2026-05-07T23:36:41.663757+00:00,Intervention,IV-00D36134,SMB Re-engagement Offer — High Churn Risk,retention,Segment: SMB | Effort: High,$199.00 revenue impact | Priority: Low,Send personalised in-app re-engagement campaign with 15% discount for 3-month commitment. Follow up with feature tutorial email sequence.,Medium
TRC-3A1F1C4156,2026-05-07T23:36:41.663761+00:00,Intervention,IV-CC32EF31,SMB Re-engagement Offer — High Churn Risk,retention,Segment: SMB | Effort: High,$199.00 revenue impact | Priority: Low,Send personalised in-app re-engagement campaign with 15% discount for 3-month commitment. Follow up with feature tutorial email sequence.,Medium
TRC-3D56B3242F,2026-05-07T23:36:41.663766+00:00,Intervention,IV-B17FE8D3,SMB Re-engagement Offer — High Churn Risk,retention,Segment: SMB | Effort: High,$199.00 revenue impact | Priority: Low,Send personalised in-app re-engagement campaign with 15% discount for 3-month commitment. Follow up with feature tutorial email sequence.,Medium
TRC-0621EDD82E,2026-05-07T23:36:41.663770+00:00,Intervention,IV-0C76659D,SMB Re-engagement Offer — High Churn Risk,retention,Segment: SMB | Effort: High,$199.00 revenue impact | Priority: Low,Send personalised in-app re-engagement campaign with 15% discount for 3-month commitment. Follow up with feature tutorial email sequence.,Medium
TRC-65C9A9979B,2026-05-07T23:36:41.663775+00:00,Intervention,IV-9329D792,SMB Re-engagement Offer — High Churn Risk,retention,Segment: SMB | Effort: High,$199.00 revenue impact | Priority: Low,Send personalised in-app re-engagement campaign with 15% discount for 3-month commitment. Follow up with feature tutorial email sequence.,Medium
TRC-6CFA84160A,2026-05-07T23:36:41.663779+00:00,Intervention,IV-2B2774AA,SMB Re-engagement Offer — High Churn Risk,retention,Segment: SMB | Effort: High,$199.00 revenue impact | Priority: Low,Send personalised in-app re-engagement campaign with 15% discount for 3-month commitment. Follow up with feature tutorial email sequence.,Medium
TRC-7DFA2D510D,2026-05-07T23:36:41.663784+00:00,Intervention,IV-506E5534,SMB Re-engagement Offer — High Churn Risk,retention,Segment: SMB | Effort: High,$199.00 revenue impact | Priority: Low,Send personalised in-app re-engagement campaign with 15% discount for 3-month commitment. Follow up with feature tutorial email sequence.,Medium
TRC-D8ECCF3125,2026-05-07T23:36:41.663788+00:00,Intervention,IV-64C09056,SMB Re-engagement Offer — High Churn Risk,retention,Segment: SMB | Effort: High,$199.00 revenue impact | Priority: Low,Send personalised in-app re-engagement campaign with 15% discount for 3-month commitment. Follow up with feature tutorial email sequence.,Medium
TRC-CF8F5189FA,2026-05-07T23:36:41.663793+00:00,Intervention,IV-BB5B5AD5,SMB Re-engagement Offer — High Churn Risk,retention,Segment: SMB | Effort: High,$199.00 revenue impact | Priority: Low,Send personalised in-app re-engagement campaign with 15% discount for 3-month commitment. Follow up with feature tutorial email sequence.,Medium
TRC-EC24518102,2026-05-07T23:36:41.663798+00:00,Intervention,IV-97CB7EC8,SMB Re-engagement Offer — High Churn Risk,retention,Segment: SMB | Effort: High,$199.00 revenue impact | Priority: Low,Send personalised in-app re-engagement campaign with 15% discount for 3-month commitment. Follow up with feature tutorial email sequence.,Medium
TRC-BB422DB994,2026-05-07T23:36:41.663802+00:00,Intervention,IV-32B708F7,SMB Re-engagement Offer — High Churn Risk,retention,Segment: SMB | Effort: High,$199.00 revenue impact | Priority: Low,Send personalised in-app re-engagement campaign with 15% discount for 3-month commitment. Follow up with feature tutorial email sequence.,Medium
TRC-23BC6EFB0F,2026-05-07T23:36:41.663807+00:00,Intervention,IV-81FFE09F,SMB Re-engagement Offer — High Churn Risk,retention,Segment: SMB | Effort: High,$199.00 revenue impact | Priority: Low,Send personalised in-app re-engagement campaign with 15% discount for 3-month commitment. Follow up with feature tutorial email sequence.,Medium
TRC-B2FFC5F5C8,2026-05-07T23:36:41.663811+00:00,Intervention,IV-E9D5E572,SMB Re-engagement Offer — High Churn Risk,retention,Segment: SMB | Effort: High,$199.00 revenue impact | Priority: Low,Send personalised in-app re-engagement campaign with 15% discount for 3-month commitment. Follow up with feature tutorial email sequence.,Medium
TRC-30D6B9C6A3,2026-05-07T23:36:41.663816+00:00,Intervention,IV-73FC4CBD,SMB Re-engagement Offer — High Churn Risk,retention,Segment: SMB | Effort: High,$199.00 revenue impact | Priority: Low,Send personalised in-app re-engagement campaign with 15% discount for 3-month commitment. Follow up with feature tutorial email sequence.,Medium
TRC-724D60D5E4,2026-05-07T23:36:41.663821+00:00,Intervention,IV-B53E4AF3,SMB Re-engagement Offer — High Churn Risk,retention,Segment: SMB | Effort: High,$199.00 revenue impact | Priority: Low,Send personalised in-app re-engagement campaign with 15% discount for 3-month commitment. Follow up with feature tutorial email sequence.,Medium
TRC-56F91DCF41,2026-05-07T23:36:41.663825+00:00,Intervention,IV-591AB8DF,SMB Re-engagement Offer — High Churn Risk,retention,Segment: SMB | Effort: High,$199.00 revenue impact | Priority: Low,Send personalised in-app re-engagement campaign with 15% discount for 3-month commitment. Follow up with feature tutorial email sequence.,Medium
TRC-BF3C65797E,2026-05-07T23:36:41.663830+00:00,Intervention,IV-57111CCE,SMB Re-engagement Offer — High Churn Risk,retention,Segment: SMB | Effort: High,$199.00 revenue impact | Priority: Low,Send personalised in-app re-engagement campaign with 15% discount for 3-month commitment. Follow up with feature tutorial email sequence.,Medium
TRC-03959EC462,2026-05-07T23:36:41.663834+00:00,Intervention,IV-40183744,SMB Re-engagement Offer — High Churn Risk,retention,Segment: SMB | Effort: High,$199.00 revenue impact | Priority: Low,Send personalised in-app re-engagement campaign with 15% discount for 3-month commitment. Follow up with feature tutorial email sequence.,Medium
TRC-EB72A9BE7D,2026-05-07T23:36:41.663839+00:00,Intervention,IV-B5297098,SMB Re-engagement Offer — High Churn Risk,retention,Segment: SMB | Effort: High,$199.00 revenue impact | Priority: Low,Send personalised in-app re-engagement campaign with 15% discount for 3-month commitment. Follow up with feature tutorial email sequence.,Medium
TRC-FD4FE25F1E,2026-05-07T23:36:41.663843+00:00,Intervention,IV-D32D8542,SMB Re-engagement Offer — High Churn Risk,retention,Segment: SMB | Effort: High,$199.00 revenue impact | Priority: Low,Send personalised in-app re-engagement campaign with 15% discount for 3-month commitment. Follow up with feature tutorial email sequence.,Medium
TRC-0302EAE116,2026-05-07T23:36:41.663848+00:00,Intervention,IV-356027A2,SMB Re-engagement Offer — High Churn Risk,retention,Segment: SMB | Effort: High,$199.00 revenue impact | Priority: Low,Send personalised in-app re-engagement campaign with 15% discount for 3-month commitment. Follow up with feature tutorial email sequence.,Medium
TRC-82F179CD89,2026-05-07T23:36:41.663853+00:00,Intervention,IV-4656B083,SMB Re-engagement Offer — High Churn Risk,retention,Segment: SMB | Effort: High,$199.00 revenue impact | Priority: Low,Send personalised in-app re-engagement campaign with 15% discount for 3-month commitment. Follow up with feature tutorial email sequence.,Medium
TRC-EEDA3320B4,2026-05-07T23:36:41.663857+00:00,Intervention,IV-7965EA95,SMB Re-engagement Offer — High Churn Risk,retention,Segment: SMB | Effort: High,$199.00 revenue impact | Priority: Low,Send personalised in-app re-engagement campaign with 15% discount for 3-month commitment. Follow up with feature tutorial email sequence.,Medium
TRC-B1D04C6944,2026-05-07T23:36:41.663862+00:00,Intervention,IV-D1BB5544,SMB Re-engagement Offer — High Churn Risk,retention,Segment: SMB | Effort: High,$199.00 revenue impact | Priority: Low,Send personalised in-app re-engagement campaign with 15% discount for 3-month commitment. Follow up with feature tutorial email sequence.,Medium
TRC-ADE185A805,2026-05-07T23:36:41.663866+00:00,Intervention,IV-0111A1DA,SMB Re-engagement Offer — High Churn Risk,retention,Segment: SMB | Effort: High,$199.00 revenue impact | Priority: Low,Send personalised in-app re-engagement campaign with 15% discount for 3-month commitment. Follow up with feature tutorial email sequence.,Medium
TRC-443494FD99,2026-05-07T23:36:41.663871+00:00,Intervention,IV-78F9171F,Automated Payment Recovery — Failed Transaction,billing_recovery,Segment: Startup | Effort: Low,$49.00 revenue impact | Priority: Low,"Trigger dunning sequence: retry payment after 3 days, send payment update email after 5 days, escalate to CSM after 10 days.",High
TRC-D80E4C1A6A,2026-05-07T23:36:41.663876+00:00,Intervention,IV-78566114,Automated Payment Recovery — Failed Transaction,billing_recovery,Segment: SMB | Effort: Low,$49.00 revenue impact | Priority: Low,"Trigger dunning sequence: retry payment after 3 days, send payment update email after 5 days, escalate to CSM after 10 days.",High
TRC-DC39A9AAC1,2026-05-07T23:36:41.663880+00:00,Intervention,IV-7C1471B3,Automated Payment Recovery — Failed Transaction,billing_recovery,Segment: SMB | Effort: Low,$49.00 revenue impact | Priority: Low,"Trigger dunning sequence: retry payment after 3 days, send payment update email after 5 days, escalate to CSM after 10 days.",High
TRC-F5444B84D5,2026-05-07T23:36:41.663885+00:00,Intervention,IV-E26F180F,Automated Payment Recovery — Failed Transaction,billing_recovery,Segment: SMB | Effort: Low,$49.00 revenue impact | Priority: Low,"Trigger dunning sequence: retry payment after 3 days, send payment update email after 5 days, escalate to CSM after 10 days.",High
TRC-665B48A3A3,2026-05-07T23:36:41.663890+00:00,Intervention,IV-4B775D22,Automated Payment Recovery — Failed Transaction,billing_recovery,Segment: Enterprise | Effort: Low,$49.00 revenue impact | Priority: Low,"Trigger dunning sequence: retry payment after 3 days, send payment update email after 5 days, escalate to CSM after 10 days.",High
TRC-32F6B742F5,2026-05-07T23:36:41.663895+00:00,Intervention,IV-9F3D7AF4,Automated Payment Recovery — Failed Transaction,billing_recovery,Segment: Enterprise | Effort: Low,$49.00 revenue impact | Priority: Low,"Trigger dunning sequence: retry payment after 3 days, send payment update email after 5 days, escalate to CSM after 10 days.",High
TRC-C7B9E1DB8F,2026-05-07T23:36:41.663899+00:00,Intervention,IV-676734C7,Automated Payment Recovery — Failed Transaction,billing_recovery,Segment: Startup | Effort: Low,$49.00 revenue impact | Priority: Low,"Trigger dunning sequence: retry payment after 3 days, send payment update email after 5 days, escalate to CSM after 10 days.",High
TRC-0DD3245AAC,2026-05-07T23:36:41.663904+00:00,Intervention,IV-1834B090,Automated Payment Recovery — Failed Transaction,billing_recovery,Segment: Startup | Effort: Low,$49.00 revenue impact | Priority: Low,"Trigger dunning sequence: retry payment after 3 days, send payment update email after 5 days, escalate to CSM after 10 days.",High
TRC-9AC116AEE5,2026-05-07T23:36:41.663909+00:00,Intervention,IV-0585D5B3,Automated Payment Recovery — Failed Transaction,billing_recovery,Segment: Startup | Effort: Low,$49.00 revenue impact | Priority: Low,"Trigger dunning sequence: retry payment after 3 days, send payment update email after 5 days, escalate to CSM after 10 days.",High
TRC-9327DEAEE3,2026-05-07T23:36:41.663913+00:00,Intervention,IV-84E151B1,Automated Payment Recovery — Failed Transaction,billing_recovery,Segment: SMB | Effort: Low,$49.00 revenue impact | Priority: Low,"Trigger dunning sequence: retry payment after 3 days, send payment update email after 5 days, escalate to CSM after 10 days.",High
TRC-E848F65C64,2026-05-07T23:36:41.663918+00:00,Intervention,IV-A33E0CF7,Automated Payment Recovery — Failed Transaction,billing_recovery,Segment: SMB | Effort: Low,$49.00 revenue impact | Priority: Low,"Trigger dunning sequence: retry payment after 3 days, send payment update email after 5 days, escalate to CSM after 10 days.",High
TRC-633879901B,2026-05-07T23:36:41.663923+00:00,Intervention,IV-77DE8E2D,Automated Payment Recovery — Failed Transaction,billing_recovery,Segment: SMB | Effort: Low,$49.00 revenue impact | Priority: Low,"Trigger dunning sequence: retry payment after 3 days, send payment update email after 5 days, escalate to CSM after 10 days.",High
TRC-397ECD5EFC,2026-05-07T23:36:41.663927+00:00,Intervention,IV-0E73A729,Automated Payment Recovery — Failed Transaction,billing_recovery,Segment: SMB | Effort: Low,$49.00 revenue impact | Priority: Low,"Trigger dunning sequence: retry payment after 3 days, send payment update email after 5 days, escalate to CSM after 10 days.",High
TRC-742FE575CF,2026-05-07T23:36:41.663932+00:00,Intervention,IV-01D48CE9,Automated Payment Recovery — Failed Transaction,billing_recovery,Segment: Enterprise | Effort: Low,$49.00 revenue impact | Priority: Low,"Trigger dunning sequence: retry payment after 3 days, send payment update email after 5 days, escalate to CSM after 10 days.",High
TRC-2CDE0CB869,2026-05-07T23:36:41.663936+00:00,Intervention,IV-823021DE,Automated Payment Recovery — Failed Transaction,billing_recovery,Segment: Startup | Effort: Low,$49.00 revenue impact | Priority: Low,"Trigger dunning sequence: retry payment after 3 days, send payment update email after 5 days, escalate to CSM after 10 days.",High
TRC-C8FF68DFAB,2026-05-07T23:36:41.663941+00:00,Intervention,IV-21CBAC11,Automated Payment Recovery — Failed Transaction,billing_recovery,Segment: SMB | Effort: Low,$49.00 revenue impact | Priority: Low,"Trigger dunning sequence: retry payment after 3 days, send payment update email after 5 days, escalate to CSM after 10 days.",High
TRC-99AFFF052E,2026-05-07T23:36:41.663946+00:00,Intervention,IV-C75ABC88,Automated Payment Recovery — Failed Transaction,billing_recovery,Segment: SMB | Effort: Low,$49.00 revenue impact | Priority: Low,"Trigger dunning sequence: retry payment after 3 days, send payment update email after 5 days, escalate to CSM after 10 days.",High
TRC-635FB4A8E5,2026-05-07T23:36:41.663950+00:00,Intervention,IV-A49B265A,Automated Payment Recovery — Failed Transaction,billing_recovery,Segment: Startup | Effort: Low,$49.00 revenue impact | Priority: Low,"Trigger dunning sequence: retry payment after 3 days, send payment update email after 5 days, escalate to CSM after 10 days.",High
TRC-53AA277562,2026-05-07T23:36:41.663955+00:00,Intervention,IV-6C271873,Automated Payment Recovery — Failed Transaction,billing_recovery,Segment: Startup | Effort: Low,$49.00 revenue impact | Priority: Low,"Trigger dunning sequence: retry payment after 3 days, send payment update email after 5 days, escalate to CSM after 10 days.",High
TRC-CD273F51E7,2026-05-07T23:36:41.663959+00:00,Intervention,IV-673A1628,Automated Payment Recovery — Failed Transaction,billing_recovery,Segment: Startup | Effort: Low,$49.00 revenue impact | Priority: Low,"Trigger dunning sequence: retry payment after 3 days, send payment update email after 5 days, escalate to CSM after 10 days.",High
TRC-5C02AA15BE,2026-05-07T23:36:41.663964+00:00,Intervention,IV-3FA12620,Automated Payment Recovery — Failed Transaction,billing_recovery,Segment: Startup | Effort: Low,$49.00 revenue impact | Priority: Low,"Trigger dunning sequence: retry payment after 3 days, send payment update email after 5 days, escalate to CSM after 10 days.",High
TRC-88D6EF30E2,2026-05-07T23:36:41.663969+00:00,Intervention,IV-A4D4D378,Automated Payment Recovery — Failed Transaction,billing_recovery,Segment: SMB | Effort: Low,$49.00 revenue impact | Priority: Low,"Trigger dunning sequence: retry payment after 3 days, send payment update email after 5 days, escalate to CSM after 10 days.",High
TRC-78E435A90D,2026-05-07T23:36:41.663974+00:00,Intervention,IV-411C306C,Automated Payment Recovery — Failed Transaction,billing_recovery,Segment: Mid-Market | Effort: Low,$49.00 revenue impact | Priority: Low,"Trigger dunning sequence: retry payment after 3 days, send payment update email after 5 days, escalate to CSM after 10 days.",High
TRC-580F1EF5DF,2026-05-07T23:36:41.663979+00:00,Intervention,IV-7B401483,Automated Payment Recovery — Failed Transaction,billing_recovery,Segment: Mid-Market | Effort: Low,$49.00 revenue impact | Priority: Low,"Trigger dunning sequence: retry payment after 3 days, send payment update email after 5 days, escalate to CSM after 10 days.",High
TRC-36EF48C983,2026-05-07T23:36:41.663984+00:00,Intervention,IV-FAF36280,Automated Payment Recovery — Failed Transaction,billing_recovery,Segment: Startup | Effort: Low,$49.00 revenue impact | Priority: Low,"Trigger dunning sequence: retry payment after 3 days, send payment update email after 5 days, escalate to CSM after 10 days.",High
TRC-4B03E830D3,2026-05-07T23:36:41.663988+00:00,Intervention,IV-637B6350,Automated Payment Recovery — Failed Transaction,billing_recovery,Segment: SMB | Effort: Low,$49.00 revenue impact | Priority: Low,"Trigger dunning sequence: retry payment after 3 days, send payment update email after 5 days, escalate to CSM after 10 days.",High
TRC-EB84AD403D,2026-05-07T23:36:41.663993+00:00,Intervention,IV-8A9B2A1F,Automated Payment Recovery — Failed Transaction,billing_recovery,Segment: Startup | Effort: Low,$49.00 revenue impact | Priority: Low,"Trigger dunning sequence: retry payment after 3 days, send payment update email after 5 days, escalate to CSM after 10 days.",High
TRC-06CD588518,2026-05-07T23:36:41.663998+00:00,Intervention,IV-8A31BD24,Automated Payment Recovery — Failed Transaction,billing_recovery,Segment: Enterprise | Effort: Low,$49.00 revenue impact | Priority: Low,"Trigger dunning sequence: retry payment after 3 days, send payment update email after 5 days, escalate to CSM after 10 days.",High
TRC-AA8557390F,2026-05-07T23:36:41.664003+00:00,Intervention,IV-C81FB84E,Automated Payment Recovery — Failed Transaction,billing_recovery,Segment: Startup | Effort: Low,$49.00 revenue impact | Priority: Low,"Trigger dunning sequence: retry payment after 3 days, send payment update email after 5 days, escalate to CSM after 10 days.",High
TRC-5EFB92D5AC,2026-05-07T23:36:41.664008+00:00,Intervention,IV-26BB9C25,Automated Payment Recovery — Failed Transaction,billing_recovery,Segment: SMB | Effort: Low,$49.00 revenue impact | Priority: Low,"Trigger dunning sequence: retry payment after 3 days, send payment update email after 5 days, escalate to CSM after 10 days.",High
TRC-9E66D62B0B,2026-05-07T23:36:41.664012+00:00,Intervention,IV-52CC30FA,Automated Payment Recovery — Failed Transaction,billing_recovery,Segment: Mid-Market | Effort: Low,$49.00 revenue impact | Priority: Low,"Trigger dunning sequence: retry payment after 3 days, send payment update email after 5 days, escalate to CSM after 10 days.",High
TRC-30FFD8E2DD,2026-05-07T23:36:41.664017+00:00,Intervention,IV-561D41DB,Automated Payment Recovery — Failed Transaction,billing_recovery,Segment: Startup | Effort: Low,$49.00 revenue impact | Priority: Low,"Trigger dunning sequence: retry payment after 3 days, send payment update email after 5 days, escalate to CSM after 10 days.",High
TRC-8F00F77316,2026-05-07T23:36:41.664022+00:00,Intervention,IV-67D4C9E1,Automated Payment Recovery — Failed Transaction,billing_recovery,Segment: Startup | Effort: Low,$49.00 revenue impact | Priority: Low,"Trigger dunning sequence: retry payment after 3 days, send payment update email after 5 days, escalate to CSM after 10 days.",High
TRC-2959896E26,2026-05-07T23:36:41.664027+00:00,Intervention,IV-8F79DA1C,Automated Payment Recovery — Failed Transaction,billing_recovery,Segment: Startup | Effort: Low,$49.00 revenue impact | Priority: Low,"Trigger dunning sequence: retry payment after 3 days, send payment update email after 5 days, escalate to CSM after 10 days.",High
TRC-663F413A5E,2026-05-07T23:36:41.664032+00:00,Intervention,IV-0E48C754,Automated Payment Recovery — Failed Transaction,billing_recovery,Segment: Mid-Market | Effort: Low,$49.00 revenue impact | Priority: Low,"Trigger dunning sequence: retry payment after 3 days, send payment update email after 5 days, escalate to CSM after 10 days.",High
TRC-94DB8F3DBD,2026-05-07T23:36:41.664036+00:00,Intervention,IV-1F385E5E,Automated Payment Recovery — Failed Transaction,billing_recovery,Segment: SMB | Effort: Low,$49.00 revenue impact | Priority: Low,"Trigger dunning sequence: retry payment after 3 days, send payment update email after 5 days, escalate to CSM after 10 days.",High
TRC-8C4157C249,2026-05-07T23:36:41.664041+00:00,Intervention,IV-F991D6E7,Automated Payment Recovery — Failed Transaction,billing_recovery,Segment: SMB | Effort: Low,$49.00 revenue impact | Priority: Low,"Trigger dunning sequence: retry payment after 3 days, send payment update email after 5 days, escalate to CSM after 10 days.",High
TRC-E08DBE66E0,2026-05-07T23:36:41.664046+00:00,Intervention,IV-A40A19BD,Automated Payment Recovery — Failed Transaction,billing_recovery,Segment: SMB | Effort: Low,$49.00 revenue impact | Priority: Low,"Trigger dunning sequence: retry payment after 3 days, send payment update email after 5 days, escalate to CSM after 10 days.",High
TRC-61D036C774,2026-05-07T23:36:41.664051+00:00,Intervention,IV-34CBD1B8,Automated Payment Recovery — Failed Transaction,billing_recovery,Segment: Enterprise | Effort: Low,$49.00 revenue impact | Priority: Low,"Trigger dunning sequence: retry payment after 3 days, send payment update email after 5 days, escalate to CSM after 10 days.",High
TRC-C701FFBCC2,2026-05-07T23:36:41.664056+00:00,Intervention,IV-65097683,Automated Payment Recovery — Failed Transaction,billing_recovery,Segment: Mid-Market | Effort: Low,$49.00 revenue impact | Priority: Low,"Trigger dunning sequence: retry payment after 3 days, send payment update email after 5 days, escalate to CSM after 10 days.",High
TRC-6DE9AAA0FC,2026-05-07T23:36:41.664061+00:00,Intervention,IV-F5A5762F,Automated Payment Recovery — Failed Transaction,billing_recovery,Segment: SMB | Effort: Low,$49.00 revenue impact | Priority: Low,"Trigger dunning sequence: retry payment after 3 days, send payment update email after 5 days, escalate to CSM after 10 days.",High
TRC-7153B858F5,2026-05-07T23:36:41.664065+00:00,Intervention,IV-16A01820,Automated Payment Recovery — Failed Transaction,billing_recovery,Segment: SMB | Effort: Low,$49.00 revenue impact | Priority: Low,"Trigger dunning sequence: retry payment after 3 days, send payment update email after 5 days, escalate to CSM after 10 days.",High
TRC-B1955DD0BC,2026-05-07T23:36:41.664070+00:00,Intervention,IV-5213A29A,Automated Payment Recovery — Failed Transaction,billing_recovery,Segment: Startup | Effort: Low,$49.00 revenue impact | Priority: Low,"Trigger dunning sequence: retry payment after 3 days, send payment update email after 5 days, escalate to CSM after 10 days.",High
TRC-5249C07290,2026-05-07T23:36:41.664075+00:00,Intervention,IV-E3C415A0,Automated Payment Recovery — Failed Transaction,billing_recovery,Segment: SMB | Effort: Low,$49.00 revenue impact | Priority: Low,"Trigger dunning sequence: retry payment after 3 days, send payment update email after 5 days, escalate to CSM after 10 days.",High
TRC-7EBDD7F15B,2026-05-07T23:36:41.664080+00:00,Intervention,IV-2393264D,Automated Payment Recovery — Failed Transaction,billing_recovery,Segment: Startup | Effort: Low,$49.00 revenue impact | Priority: Low,"Trigger dunning sequence: retry payment after 3 days, send payment update email after 5 days, escalate to CSM after 10 days.",High
TRC-50137ABA61,2026-05-07T23:36:41.664085+00:00,Intervention,IV-62B57255,Automated Payment Recovery — Failed Transaction,billing_recovery,Segment: Startup | Effort: Low,$49.00 revenue impact | Priority: Low,"Trigger dunning sequence: retry payment after 3 days, send payment update email after 5 days, escalate to CSM after 10 days.",High
TRC-B8824F62FC,2026-05-07T23:36:41.664089+00:00,Intervention,IV-DE1A256E,Automated Payment Recovery — Failed Transaction,billing_recovery,Segment: SMB | Effort: Low,$49.00 revenue impact | Priority: Low,"Trigger dunning sequence: retry payment after 3 days, send payment update email after 5 days, escalate to CSM after 10 days.",High
TRC-0D8F0C6FC8,2026-05-07T23:36:41.664094+00:00,Intervention,IV-A964A273,Automated Payment Recovery — Failed Transaction,billing_recovery,Segment: Enterprise | Effort: Low,$49.00 revenue impact | Priority: Low,"Trigger dunning sequence: retry payment after 3 days, send payment update email after 5 days, escalate to CSM after 10 days.",High
TRC-3D995188C5,2026-05-07T23:36:41.664099+00:00,Intervention,IV-748592AC,Automated Payment Recovery — Failed Transaction,billing_recovery,Segment: SMB | Effort: Low,$49.00 revenue impact | Priority: Low,"Trigger dunning sequence: retry payment after 3 days, send payment update email after 5 days, escalate to CSM after 10 days.",High
TRC-67935AAF57,2026-05-07T23:36:41.664104+00:00,Intervention,IV-B8C63DF3,Automated Payment Recovery — Failed Transaction,billing_recovery,Segment: Mid-Market | Effort: Low,$49.00 revenue impact | Priority: Low,"Trigger dunning sequence: retry payment after 3 days, send payment update email after 5 days, escalate to CSM after 10 days.",High
TRC-8E35278905,2026-05-07T23:36:41.664109+00:00,Intervention,IV-5EE62420,Automated Payment Recovery — Failed Transaction,billing_recovery,Segment: Startup | Effort: Low,$49.00 revenue impact | Priority: Low,"Trigger dunning sequence: retry payment after 3 days, send payment update email after 5 days, escalate to CSM after 10 days.",High
TRC-665CC9052D,2026-05-07T23:36:41.664113+00:00,Intervention,IV-8AE6B15D,Automated Payment Recovery — Failed Transaction,billing_recovery,Segment: SMB | Effort: Low,$49.00 revenue impact | Priority: Low,"Trigger dunning sequence: retry payment after 3 days, send payment update email after 5 days, escalate to CSM after 10 days.",High
TRC-B7233210DA,2026-05-07T23:36:41.664118+00:00,Intervention,IV-7E710317,Automated Payment Recovery — Failed Transaction,billing_recovery,Segment: Startup | Effort: Low,$49.00 revenue impact | Priority: Low,"Trigger dunning sequence: retry payment after 3 days, send payment update email after 5 days, escalate to CSM after 10 days.",High
TRC-7B56C9E1AB,2026-05-07T23:36:41.664123+00:00,Intervention,IV-B87C2CDD,Automated Payment Recovery — Failed Transaction,billing_recovery,Segment: Startup | Effort: Low,$49.00 revenue impact | Priority: Low,"Trigger dunning sequence: retry payment after 3 days, send payment update email after 5 days, escalate to CSM after 10 days.",High
TRC-AF7955513E,2026-05-07T23:36:41.664128+00:00,Intervention,IV-8E65F1A4,Automated Payment Recovery — Failed Transaction,billing_recovery,Segment: Startup | Effort: Low,$49.00 revenue impact | Priority: Low,"Trigger dunning sequence: retry payment after 3 days, send payment update email after 5 days, escalate to CSM after 10 days.",High
TRC-7027C5E6D9,2026-05-07T23:36:41.664132+00:00,Intervention,IV-A6991854,Automated Payment Recovery — Failed Transaction,billing_recovery,Segment: Startup | Effort: Low,$49.00 revenue impact | Priority: Low,"Trigger dunning sequence: retry payment after 3 days, send payment update email after 5 days, escalate to CSM after 10 days.",High
TRC-CD8CCFC65A,2026-05-07T23:36:41.664137+00:00,Intervention,IV-9F7080D2,Automated Payment Recovery — Failed Transaction,billing_recovery,Segment: Enterprise | Effort: Low,$49.00 revenue impact | Priority: Low,"Trigger dunning sequence: retry payment after 3 days, send payment update email after 5 days, escalate to CSM after 10 days.",High
TRC-2C4EAB3B3A,2026-05-07T23:36:41.664142+00:00,Intervention,IV-590838C6,Automated Payment Recovery — Failed Transaction,billing_recovery,Segment: SMB | Effort: Low,$49.00 revenue impact | Priority: Low,"Trigger dunning sequence: retry payment after 3 days, send payment update email after 5 days, escalate to CSM after 10 days.",High
TRC-B290576CB1,2026-05-07T23:36:41.664147+00:00,Intervention,IV-17F9B6EC,Automated Payment Recovery — Failed Transaction,billing_recovery,Segment: Startup | Effort: Low,$49.00 revenue impact | Priority: Low,"Trigger dunning sequence: retry payment after 3 days, send payment update email after 5 days, escalate to CSM after 10 days.",High
TRC-16C7EE3876,2026-05-07T23:36:41.664152+00:00,Intervention,IV-24C8ABA1,Automated Payment Recovery — Failed Transaction,billing_recovery,Segment: SMB | Effort: Low,$49.00 revenue impact | Priority: Low,"Trigger dunning sequence: retry payment after 3 days, send payment update email after 5 days, escalate to CSM after 10 days.",High
TRC-8B30EBDB3F,2026-05-07T23:36:41.664156+00:00,Intervention,IV-69718315,Automated Payment Recovery — Failed Transaction,billing_recovery,Segment: SMB | Effort: Low,$49.00 revenue impact | Priority: Low,"Trigger dunning sequence: retry payment after 3 days, send payment update email after 5 days, escalate to CSM after 10 days.",High
TRC-0D4A961D4A,2026-05-07T23:36:41.664161+00:00,Intervention,IV-F5CC2E4C,Automated Payment Recovery — Failed Transaction,billing_recovery,Segment: SMB | Effort: Low,$49.00 revenue impact | Priority: Low,"Trigger dunning sequence: retry payment after 3 days, send payment update email after 5 days, escalate to CSM after 10 days.",High
TRC-CB5EAB8F99,2026-05-07T23:36:41.664166+00:00,Intervention,IV-F029B666,Automated Payment Recovery — Failed Transaction,billing_recovery,Segment: SMB | Effort: Low,$49.00 revenue impact | Priority: Low,"Trigger dunning sequence: retry payment after 3 days, send payment update email after 5 days, escalate to CSM after 10 days.",High
TRC-EEB102BFA5,2026-05-07T23:36:41.664171+00:00,Intervention,IV-AE3996E2,Automated Payment Recovery — Failed Transaction,billing_recovery,Segment: Enterprise | Effort: Low,$49.00 revenue impact | Priority: Low,"Trigger dunning sequence: retry payment after 3 days, send payment update email after 5 days, escalate to CSM after 10 days.",High
TRC-FA57DFF8D4,2026-05-07T23:36:41.664176+00:00,Intervention,IV-BE87D46C,Automated Payment Recovery — Failed Transaction,billing_recovery,Segment: Startup | Effort: Low,$49.00 revenue impact | Priority: Low,"Trigger dunning sequence: retry payment after 3 days, send payment update email after 5 days, escalate to CSM after 10 days.",High
TRC-8AFD09D172,2026-05-07T23:36:41.664180+00:00,Intervention,IV-B8D69D43,Automated Payment Recovery — Failed Transaction,billing_recovery,Segment: Enterprise | Effort: Low,$49.00 revenue impact | Priority: Low,"Trigger dunning sequence: retry payment after 3 days, send payment update email after 5 days, escalate to CSM after 10 days.",High
TRC-A0DE3D8371,2026-05-07T23:36:41.664185+00:00,Intervention,IV-1AFA7BB8,Automated Payment Recovery — Failed Transaction,billing_recovery,Segment: SMB | Effort: Low,$49.00 revenue impact | Priority: Low,"Trigger dunning sequence: retry payment after 3 days, send payment update email after 5 days, escalate to CSM after 10 days.",High
TRC-0E5E29E3D4,2026-05-07T23:36:41.664190+00:00,Intervention,IV-04A5872B,Automated Payment Recovery — Failed Transaction,billing_recovery,Segment: Startup | Effort: Low,$49.00 revenue impact | Priority: Low,"Trigger dunning sequence: retry payment after 3 days, send payment update email after 5 days, escalate to CSM after 10 days.",High
TRC-45BB56FE6B,2026-05-07T23:36:41.664195+00:00,Intervention,IV-A87551C2,Automated Payment Recovery — Failed Transaction,billing_recovery,Segment: SMB | Effort: Low,$49.00 revenue impact | Priority: Low,"Trigger dunning sequence: retry payment after 3 days, send payment update email after 5 days, escalate to CSM after 10 days.",High
TRC-27C5F5E6F1,2026-05-07T23:36:41.664199+00:00,Intervention,IV-1A03973E,Automated Payment Recovery — Failed Transaction,billing_recovery,Segment: SMB | Effort: Low,$49.00 revenue impact | Priority: Low,"Trigger dunning sequence: retry payment after 3 days, send payment update email after 5 days, escalate to CSM after 10 days.",High
TRC-784EAD8B53,2026-05-07T23:36:41.664204+00:00,Intervention,IV-3468DDB4,Automated Payment Recovery — Failed Transaction,billing_recovery,Segment: SMB | Effort: Low,$49.00 revenue impact | Priority: Low,"Trigger dunning sequence: retry payment after 3 days, send payment update email after 5 days, escalate to CSM after 10 days.",High
TRC-86F9FA75C1,2026-05-07T23:36:41.664209+00:00,Intervention,IV-DB8A4884,Automated Payment Recovery — Failed Transaction,billing_recovery,Segment: Startup | Effort: Low,$49.00 revenue impact | Priority: Low,"Trigger dunning sequence: retry payment after 3 days, send payment update email after 5 days, escalate to CSM after 10 days.",High
TRC-D3767EB4D0,2026-05-07T23:36:41.664213+00:00,Intervention,IV-63617AF6,Automated Payment Recovery — Failed Transaction,billing_recovery,Segment: Startup | Effort: Low,$49.00 revenue impact | Priority: Low,"Trigger dunning sequence: retry payment after 3 days, send payment update email after 5 days, escalate to CSM after 10 days.",High
TRC-18DB9A530A,2026-05-07T23:36:41.664218+00:00,Intervention,IV-F7777DF6,Automated Payment Recovery — Failed Transaction,billing_recovery,Segment: Startup | Effort: Low,$49.00 revenue impact | Priority: Low,"Trigger dunning sequence: retry payment after 3 days, send payment update email after 5 days, escalate to CSM after 10 days.",High
TRC-DF15BC1D4C,2026-05-07T23:36:41.664223+00:00,Intervention,IV-6C5E5A4F,Automated Payment Recovery — Failed Transaction,billing_recovery,Segment: Startup | Effort: Low,$49.00 revenue impact | Priority: Low,"Trigger dunning sequence: retry payment after 3 days, send payment update email after 5 days, escalate to CSM after 10 days.",High
TRC-8665A80D49,2026-05-07T23:36:41.664228+00:00,Intervention,IV-2F2A0DFA,Automated Payment Recovery — Failed Transaction,billing_recovery,Segment: Mid-Market | Effort: Low,$49.00 revenue impact | Priority: Low,"Trigger dunning sequence: retry payment after 3 days, send payment update email after 5 days, escalate to CSM after 10 days.",High
TRC-5CB44371BE,2026-05-07T23:36:41.664233+00:00,Intervention,IV-40076357,Automated Payment Recovery — Failed Transaction,billing_recovery,Segment: SMB | Effort: Low,$49.00 revenue impact | Priority: Low,"Trigger dunning sequence: retry payment after 3 days, send payment update email after 5 days, escalate to CSM after 10 days.",High
TRC-7531C65930,2026-05-07T23:36:41.664238+00:00,Intervention,IV-AB1AC798,Automated Payment Recovery — Failed Transaction,billing_recovery,Segment: SMB | Effort: Low,$49.00 revenue impact | Priority: Low,"Trigger dunning sequence: retry payment after 3 days, send payment update email after 5 days, escalate to CSM after 10 days.",High
TRC-01F5C4BCCE,2026-05-07T23:36:41.664242+00:00,Intervention,IV-DD4656AD,Automated Payment Recovery — Failed Transaction,billing_recovery,Segment: Mid-Market | Effort: Low,$49.00 revenue impact | Priority: Low,"Trigger dunning sequence: retry payment after 3 days, send payment update email after 5 days, escalate to CSM after 10 days.",High
TRC-F9558D3F9E,2026-05-07T23:36:41.664247+00:00,Intervention,IV-548A2ED8,Automated Payment Recovery — Failed Transaction,billing_recovery,Segment: Mid-Market | Effort: Low,$49.00 revenue impact | Priority: Low,"Trigger dunning sequence: retry payment after 3 days, send payment update email after 5 days, escalate to CSM after 10 days.",High
TRC-462BDF1D22,2026-05-07T23:36:41.664252+00:00,Intervention,IV-E7A4B5AE,Automated Payment Recovery — Failed Transaction,billing_recovery,Segment: SMB | Effort: Low,$49.00 revenue impact | Priority: Low,"Trigger dunning sequence: retry payment after 3 days, send payment update email after 5 days, escalate to CSM after 10 days.",High
TRC-8DF5184421,2026-05-07T23:36:41.664257+00:00,Intervention,IV-1E54D5D6,Automated Payment Recovery — Failed Transaction,billing_recovery,Segment: Startup | Effort: Low,$49.00 revenue impact | Priority: Low,"Trigger dunning sequence: retry payment after 3 days, send payment update email after 5 days, escalate to CSM after 10 days.",High
TRC-6569A46448,2026-05-07T23:36:41.664262+00:00,Intervention,IV-7233C989,Automated Payment Recovery — Failed Transaction,billing_recovery,Segment: Startup | Effort: Low,$49.00 revenue impact | Priority: Low,"Trigger dunning sequence: retry payment after 3 days, send payment update email after 5 days, escalate to CSM after 10 days.",High
TRC-7F55D199A4,2026-05-07T23:36:41.664266+00:00,Intervention,IV-4BDD63A4,Automated Payment Recovery — Failed Transaction,billing_recovery,Segment: Startup | Effort: Low,$49.00 revenue impact | Priority: Low,"Trigger dunning sequence: retry payment after 3 days, send payment update email after 5 days, escalate to CSM after 10 days.",High
TRC-72C2D9B13E,2026-05-07T23:36:41.664271+00:00,Intervention,IV-EBA76B3D,Automated Payment Recovery — Failed Transaction,billing_recovery,Segment: SMB | Effort: Low,$49.00 revenue impact | Priority: Low,"Trigger dunning sequence: retry payment after 3 days, send payment update email after 5 days, escalate to CSM after 10 days.",High
TRC-806C4FB796,2026-05-07T23:36:41.664276+00:00,Intervention,IV-9371B6CC,Automated Payment Recovery — Failed Transaction,billing_recovery,Segment: SMB | Effort: Low,$49.00 revenue impact | Priority: Low,"Trigger dunning sequence: retry payment after 3 days, send payment update email after 5 days, escalate to CSM after 10 days.",High
TRC-A4196F03FC,2026-05-07T23:36:41.664281+00:00,Intervention,IV-EEAA2968,Automated Payment Recovery — Failed Transaction,billing_recovery,Segment: SMB | Effort: Low,$49.00 revenue impact | Priority: Low,"Trigger dunning sequence: retry payment after 3 days, send payment update email after 5 days, escalate to CSM after 10 days.",High
TRC-05D5A19A2E,2026-05-07T23:36:41.664285+00:00,Intervention,IV-65FFB846,Automated Payment Recovery — Failed Transaction,billing_recovery,Segment: SMB | Effort: Low,$49.00 revenue impact | Priority: Low,"Trigger dunning sequence: retry payment after 3 days, send payment update email after 5 days, escalate to CSM after 10 days.",High
TRC-C88C0D6BE6,2026-05-07T23:36:41.664290+00:00,Intervention,IV-20F1F5D7,Automated Payment Recovery — Failed Transaction,billing_recovery,Segment: Mid-Market | Effort: Low,$49.00 revenue impact | Priority: Low,"Trigger dunning sequence: retry payment after 3 days, send payment update email after 5 days, escalate to CSM after 10 days.",High
TRC-4CB589CA4F,2026-05-07T23:36:41.664295+00:00,Intervention,IV-185161AC,Automated Payment Recovery — Failed Transaction,billing_recovery,Segment: SMB | Effort: Low,$49.00 revenue impact | Priority: Low,"Trigger dunning sequence: retry payment after 3 days, send payment update email after 5 days, escalate to CSM after 10 days.",High
TRC-A13D86F6D0,2026-05-07T23:36:41.664300+00:00,Intervention,IV-F48B9B5E,Automated Payment Recovery — Failed Transaction,billing_recovery,Segment: Mid-Market | Effort: Low,$49.00 revenue impact | Priority: Low,"Trigger dunning sequence: retry payment after 3 days, send payment update email after 5 days, escalate to CSM after 10 days.",High
TRC-BEB4DB61AD,2026-05-07T23:36:41.664305+00:00,Intervention,IV-6845A48B,Automated Payment Recovery — Failed Transaction,billing_recovery,Segment: Mid-Market | Effort: Low,$49.00 revenue impact | Priority: Low,"Trigger dunning sequence: retry payment after 3 days, send payment update email after 5 days, escalate to CSM after 10 days.",High
TRC-51DEC41151,2026-05-07T23:36:41.664310+00:00,Intervention,IV-226AA82D,Automated Payment Recovery — Failed Transaction,billing_recovery,Segment: SMB | Effort: Low,$49.00 revenue impact | Priority: Low,"Trigger dunning sequence: retry payment after 3 days, send payment update email after 5 days, escalate to CSM after 10 days.",High
TRC-9094E58093,2026-05-07T23:36:41.664314+00:00,Intervention,IV-3A879A0A,Automated Payment Recovery — Failed Transaction,billing_recovery,Segment: Mid-Market | Effort: Low,$49.00 revenue impact | Priority: Low,"Trigger dunning sequence: retry payment after 3 days, send payment update email after 5 days, escalate to CSM after 10 days.",High
TRC-1396B8BD2B,2026-05-07T23:36:41.664319+00:00,Intervention,IV-0D786632,Automated Payment Recovery — Failed Transaction,billing_recovery,Segment: Startup | Effort: Low,$49.00 revenue impact | Priority: Low,"Trigger dunning sequence: retry payment after 3 days, send payment update email after 5 days, escalate to CSM after 10 days.",High
TRC-81726EF7CE,2026-05-07T23:36:41.664324+00:00,Intervention,IV-1D16086E,Automated Payment Recovery — Failed Transaction,billing_recovery,Segment: Startup | Effort: Low,$49.00 revenue impact | Priority: Low,"Trigger dunning sequence: retry payment after 3 days, send payment update email after 5 days, escalate to CSM after 10 days.",High
TRC-064AF599AC,2026-05-07T23:36:41.664329+00:00,Intervention,IV-4BBF948E,Automated Payment Recovery — Failed Transaction,billing_recovery,Segment: Startup | Effort: Low,$49.00 revenue impact | Priority: Low,"Trigger dunning sequence: retry payment after 3 days, send payment update email after 5 days, escalate to CSM after 10 days.",High
TRC-F5C5409C5C,2026-05-07T23:36:41.664334+00:00,Intervention,IV-1BFA5DE9,Automated Payment Recovery — Failed Transaction,billing_recovery,Segment: SMB | Effort: Low,$49.00 revenue impact | Priority: Low,"Trigger dunning sequence: retry payment after 3 days, send payment update email after 5 days, escalate to CSM after 10 days.",High
TRC-D91F04E624,2026-05-07T23:36:41.664338+00:00,Intervention,IV-66F1BF41,Automated Payment Recovery — Failed Transaction,billing_recovery,Segment: SMB | Effort: Low,$49.00 revenue impact | Priority: Low,"Trigger dunning sequence: retry payment after 3 days, send payment update email after 5 days, escalate to CSM after 10 days.",High
TRC-DBF772177C,2026-05-07T23:36:41.664343+00:00,Intervention,IV-8593D8DA,Automated Payment Recovery — Failed Transaction,billing_recovery,Segment: SMB | Effort: Low,$49.00 revenue impact | Priority: Low,"Trigger dunning sequence: retry payment after 3 days, send payment update email after 5 days, escalate to CSM after 10 days.",High
TRC-FF8E0C3D7F,2026-05-07T23:36:41.664348+00:00,Intervention,IV-7AE625C7,Automated Payment Recovery — Failed Transaction,billing_recovery,Segment: SMB | Effort: Low,$49.00 revenue impact | Priority: Low,"Trigger dunning sequence: retry payment after 3 days, send payment update email after 5 days, escalate to CSM after 10 days.",High
TRC-04ED333760,2026-05-07T23:36:41.664352+00:00,Intervention,IV-7AAE6728,Automated Payment Recovery — Failed Transaction,billing_recovery,Segment: Startup | Effort: Low,$49.00 revenue impact | Priority: Low,"Trigger dunning sequence: retry payment after 3 days, send payment update email after 5 days, escalate to CSM after 10 days.",High
TRC-4AF5263306,2026-05-07T23:36:41.664357+00:00,Intervention,IV-151E7098,Automated Payment Recovery — Failed Transaction,billing_recovery,Segment: Mid-Market | Effort: Low,$49.00 revenue impact | Priority: Low,"Trigger dunning sequence: retry payment after 3 days, send payment update email after 5 days, escalate to CSM after 10 days.",High
TRC-4527C4FE4E,2026-05-07T23:36:41.664362+00:00,Intervention,IV-8080FA54,Automated Payment Recovery — Failed Transaction,billing_recovery,Segment: SMB | Effort: Low,$49.00 revenue impact | Priority: Low,"Trigger dunning sequence: retry payment after 3 days, send payment update email after 5 days, escalate to CSM after 10 days.",High
TRC-52D2EA9D31,2026-05-07T23:36:41.664367+00:00,Intervention,IV-E9B8F92D,Automated Payment Recovery — Failed Transaction,billing_recovery,Segment: SMB | Effort: Low,$49.00 revenue impact | Priority: Low,"Trigger dunning sequence: retry payment after 3 days, send payment update email after 5 days, escalate to CSM after 10 days.",High
TRC-27E8941944,2026-05-07T23:36:41.664372+00:00,Intervention,IV-E7BC4FE2,Automated Payment Recovery — Failed Transaction,billing_recovery,Segment: Startup | Effort: Low,$49.00 revenue impact | Priority: Low,"Trigger dunning sequence: retry payment after 3 days, send payment update email after 5 days, escalate to CSM after 10 days.",High
TRC-CFD25DD97D,2026-05-07T23:36:41.664376+00:00,Intervention,IV-0A7E46C3,Automated Payment Recovery — Failed Transaction,billing_recovery,Segment: Mid-Market | Effort: Low,$49.00 revenue impact | Priority: Low,"Trigger dunning sequence: retry payment after 3 days, send payment update email after 5 days, escalate to CSM after 10 days.",High
TRC-0538EFCA14,2026-05-07T23:36:41.664381+00:00,Intervention,IV-D12EACF0,Automated Payment Recovery — Failed Transaction,billing_recovery,Segment: Startup | Effort: Low,$49.00 revenue impact | Priority: Low,"Trigger dunning sequence: retry payment after 3 days, send payment update email after 5 days, escalate to CSM after 10 days.",High
TRC-EA497C34E8,2026-05-07T23:36:41.664386+00:00,Intervention,IV-BE795EB6,Automated Payment Recovery — Failed Transaction,billing_recovery,Segment: SMB | Effort: Low,$49.00 revenue impact | Priority: Low,"Trigger dunning sequence: retry payment after 3 days, send payment update email after 5 days, escalate to CSM after 10 days.",High
TRC-3798F188FC,2026-05-07T23:36:41.664391+00:00,Intervention,IV-688A285C,Automated Payment Recovery — Failed Transaction,billing_recovery,Segment: SMB | Effort: Low,$49.00 revenue impact | Priority: Low,"Trigger dunning sequence: retry payment after 3 days, send payment update email after 5 days, escalate to CSM after 10 days.",High
TRC-B841756660,2026-05-07T23:36:41.664395+00:00,Intervention,IV-724ADB8E,Automated Payment Recovery — Failed Transaction,billing_recovery,Segment: Startup | Effort: Low,$49.00 revenue impact | Priority: Low,"Trigger dunning sequence: retry payment after 3 days, send payment update email after 5 days, escalate to CSM after 10 days.",High
TRC-D0238E1F85,2026-05-07T23:36:41.664400+00:00,Intervention,IV-5209C64E,Automated Payment Recovery — Failed Transaction,billing_recovery,Segment: SMB | Effort: Low,$49.00 revenue impact | Priority: Low,"Trigger dunning sequence: retry payment after 3 days, send payment update email after 5 days, escalate to CSM after 10 days.",High
TRC-991B40263C,2026-05-07T23:36:41.664405+00:00,Intervention,IV-3DD1F154,Automated Payment Recovery — Failed Transaction,billing_recovery,Segment: Startup | Effort: Low,$49.00 revenue impact | Priority: Low,"Trigger dunning sequence: retry payment after 3 days, send payment update email after 5 days, escalate to CSM after 10 days.",High
TRC-5BA9706C75,2026-05-07T23:36:41.664410+00:00,Intervention,IV-1D6DB558,Automated Payment Recovery — Failed Transaction,billing_recovery,Segment: SMB | Effort: Low,$49.00 revenue impact | Priority: Low,"Trigger dunning sequence: retry payment after 3 days, send payment update email after 5 days, escalate to CSM after 10 days.",High
TRC-1360072EA2,2026-05-07T23:36:41.664415+00:00,Intervention,IV-7D487A02,Past-Due Account Escalation,billing_recovery,Segment: SMB | Effort: Low,$49.00 revenue impact | Priority: Low,Escalate to finance for account hold review. Send formal payment demand notice and suspend non-critical features until resolved.,High
TRC-ADBC7CCB63,2026-05-07T23:36:41.664419+00:00,Intervention,IV-B0AB4D8F,Past-Due Account Escalation,billing_recovery,Segment: SMB | Effort: Low,$49.00 revenue impact | Priority: Low,Escalate to finance for account hold review. Send formal payment demand notice and suspend non-critical features until resolved.,High
TRC-F50B8D45EE,2026-05-07T23:36:41.664424+00:00,Intervention,IV-D0A28BB9,Past-Due Account Escalation,billing_recovery,Segment: Startup | Effort: Low,$49.00 revenue impact | Priority: Low,Escalate to finance for account hold review. Send formal payment demand notice and suspend non-critical features until resolved.,High
TRC-1F9025DE9C,2026-05-07T23:36:41.664429+00:00,Intervention,IV-03CADBC1,Past-Due Account Escalation,billing_recovery,Segment: Enterprise | Effort: Low,$49.00 revenue impact | Priority: Low,Escalate to finance for account hold review. Send formal payment demand notice and suspend non-critical features until resolved.,High
TRC-5266A988F2,2026-05-07T23:36:41.664434+00:00,Intervention,IV-1FD75CA6,Past-Due Account Escalation,billing_recovery,Segment: Startup | Effort: Low,$49.00 revenue impact | Priority: Low,Escalate to finance for account hold review. Send formal payment demand notice and suspend non-critical features until resolved.,High
TRC-847EA563D1,2026-05-07T23:36:41.664439+00:00,Intervention,IV-30F8ECCE,Past-Due Account Escalation,billing_recovery,Segment: Enterprise | Effort: Low,$49.00 revenue impact | Priority: Low,Escalate to finance for account hold review. Send formal payment demand notice and suspend non-critical features until resolved.,High
TRC-908F86B7CF,2026-05-07T23:36:41.664444+00:00,Intervention,IV-5F3FC07A,Past-Due Account Escalation,billing_recovery,Segment: SMB | Effort: Low,$49.00 revenue impact | Priority: Low,Escalate to finance for account hold review. Send formal payment demand notice and suspend non-critical features until resolved.,High
TRC-ECF609CB18,2026-05-07T23:36:41.664449+00:00,Intervention,IV-E9DECF10,Past-Due Account Escalation,billing_recovery,Segment: SMB | Effort: Low,$49.00 revenue impact | Priority: Low,Escalate to finance for account hold review. Send formal payment demand notice and suspend non-critical features until resolved.,High
TRC-826B3FD334,2026-05-07T23:36:41.664453+00:00,Intervention,IV-7D98C355,Past-Due Account Escalation,billing_recovery,Segment: Enterprise | Effort: Low,$49.00 revenue impact | Priority: Low,Escalate to finance for account hold review. Send formal payment demand notice and suspend non-critical features until resolved.,High
TRC-F408222068,2026-05-07T23:36:41.664458+00:00,Intervention,IV-AC3F0CF3,Past-Due Account Escalation,billing_recovery,Segment: SMB | Effort: Low,$49.00 revenue impact | Priority: Low,Escalate to finance for account hold review. Send formal payment demand notice and suspend non-critical features until resolved.,High
TRC-2FE4616AE3,2026-05-07T23:36:41.664463+00:00,Intervention,IV-5C46CD96,Past-Due Account Escalation,billing_recovery,Segment: Startup | Effort: Low,$49.00 revenue impact | Priority: Low,Escalate to finance for account hold review. Send formal payment demand notice and suspend non-critical features until resolved.,High
TRC-BC40118FD9,2026-05-07T23:36:41.664467+00:00,Intervention,IV-94451440,Past-Due Account Escalation,billing_recovery,Segment: Mid-Market | Effort: Low,$49.00 revenue impact | Priority: Low,Escalate to finance for account hold review. Send formal payment demand notice and suspend non-critical features until resolved.,High
TRC-0B15319943,2026-05-07T23:36:41.664472+00:00,Intervention,IV-1C05F3C2,Past-Due Account Escalation,billing_recovery,Segment: SMB | Effort: Low,$49.00 revenue impact | Priority: Low,Escalate to finance for account hold review. Send formal payment demand notice and suspend non-critical features until resolved.,High
TRC-E186B75C9E,2026-05-07T23:36:41.664477+00:00,Intervention,IV-3CECD508,Past-Due Account Escalation,billing_recovery,Segment: SMB | Effort: Low,$49.00 revenue impact | Priority: Low,Escalate to finance for account hold review. Send formal payment demand notice and suspend non-critical features until resolved.,High
TRC-BB1D722420,2026-05-07T23:36:41.664482+00:00,Intervention,IV-6A5382FE,Past-Due Account Escalation,billing_recovery,Segment: SMB | Effort: Low,$49.00 revenue impact | Priority: Low,Escalate to finance for account hold review. Send formal payment demand notice and suspend non-critical features until resolved.,High
TRC-F68F3657FF,2026-05-07T23:36:41.664486+00:00,Intervention,IV-C179BE72,Past-Due Account Escalation,billing_recovery,Segment: SMB | Effort: Low,$49.00 revenue impact | Priority: Low,Escalate to finance for account hold review. Send formal payment demand notice and suspend non-critical features until resolved.,High
TRC-3C31DC3204,2026-05-07T23:36:41.664491+00:00,Intervention,IV-73585106,Past-Due Account Escalation,billing_recovery,Segment: SMB | Effort: Low,$49.00 revenue impact | Priority: Low,Escalate to finance for account hold review. Send formal payment demand notice and suspend non-critical features until resolved.,High
TRC-C980179BC5,2026-05-07T23:36:41.664496+00:00,Intervention,IV-7BB7749A,Past-Due Account Escalation,billing_recovery,Segment: Startup | Effort: Low,$49.00 revenue impact | Priority: Low,Escalate to finance for account hold review. Send formal payment demand notice and suspend non-critical features until resolved.,High
TRC-D65298A69C,2026-05-07T23:36:41.664501+00:00,Intervention,IV-396354D0,Past-Due Account Escalation,billing_recovery,Segment: Startup | Effort: Low,$49.00 revenue impact | Priority: Low,Escalate to finance for account hold review. Send formal payment demand notice and suspend non-critical features until resolved.,High
TRC-E30CE145C1,2026-05-07T23:36:41.664505+00:00,Intervention,IV-B9DF92A5,Past-Due Account Escalation,billing_recovery,Segment: Enterprise | Effort: Low,$49.00 revenue impact | Priority: Low,Escalate to finance for account hold review. Send formal payment demand notice and suspend non-critical features until resolved.,High
TRC-664152F353,2026-05-07T23:36:41.664510+00:00,Intervention,IV-461C7646,Past-Due Account Escalation,billing_recovery,Segment: Enterprise | Effort: Low,$49.00 revenue impact | Priority: Low,Escalate to finance for account hold review. Send formal payment demand notice and suspend non-critical features until resolved.,High
TRC-547BDC2C5D,2026-05-07T23:36:41.664515+00:00,Intervention,IV-A8047F31,Past-Due Account Escalation,billing_recovery,Segment: Startup | Effort: Low,$49.00 revenue impact | Priority: Low,Escalate to finance for account hold review. Send formal payment demand notice and suspend non-critical features until resolved.,High
TRC-7ECA3882E0,2026-05-07T23:36:41.664520+00:00,Intervention,IV-700E3750,Past-Due Account Escalation,billing_recovery,Segment: SMB | Effort: Low,$49.00 revenue impact | Priority: Low,Escalate to finance for account hold review. Send formal payment demand notice and suspend non-critical features until resolved.,High
TRC-9B98751576,2026-05-07T23:36:41.664524+00:00,Intervention,IV-70024362,Past-Due Account Escalation,billing_recovery,Segment: Mid-Market | Effort: Low,$49.00 revenue impact | Priority: Low,Escalate to finance for account hold review. Send formal payment demand notice and suspend non-critical features until resolved.,High
TRC-590F21E395,2026-05-07T23:36:41.664529+00:00,Intervention,IV-AE4EFEC7,Past-Due Account Escalation,billing_recovery,Segment: Startup | Effort: Low,$49.00 revenue impact | Priority: Low,Escalate to finance for account hold review. Send formal payment demand notice and suspend non-critical features until resolved.,High
TRC-D9AFE8A87A,2026-05-07T23:36:41.664534+00:00,Intervention,IV-71500FAD,Past-Due Account Escalation,billing_recovery,Segment: SMB | Effort: Low,$49.00 revenue impact | Priority: Low,Escalate to finance for account hold review. Send formal payment demand notice and suspend non-critical features until resolved.,High
TRC-DCEE69DE71,2026-05-07T23:36:41.664539+00:00,Intervention,IV-A0B79EC9,Past-Due Account Escalation,billing_recovery,Segment: SMB | Effort: Low,$49.00 revenue impact | Priority: Low,Escalate to finance for account hold review. Send formal payment demand notice and suspend non-critical features until resolved.,High
TRC-F956264A11,2026-05-07T23:36:41.664544+00:00,Intervention,IV-AE904854,Past-Due Account Escalation,billing_recovery,Segment: Mid-Market | Effort: Low,$49.00 revenue impact | Priority: Low,Escalate to finance for account hold review. Send formal payment demand notice and suspend non-critical features until resolved.,High
TRC-1740D02C3A,2026-05-07T23:36:41.664548+00:00,Intervention,IV-21D82CFE,Proactive Billing Intervention — Payment Risk Driver Detected,billing_recovery,Segment: SMB | Effort: Low,$49.00 revenue impact | Priority: Low,Contact customer directly to confirm payment details and offer alternative payment methods before the subscription lapses.,Medium
TRC-4B4987B218,2026-05-07T23:36:41.664553+00:00,Intervention,IV-61AEDD19,Proactive Billing Intervention — Payment Risk Driver Detected,billing_recovery,Segment: Startup | Effort: Low,$49.00 revenue impact | Priority: Low,Contact customer directly to confirm payment details and offer alternative payment methods before the subscription lapses.,Medium
TRC-3B17A3A596,2026-05-07T23:36:41.664560+00:00,Intervention,IV-20535764,Proactive Billing Intervention — Payment Risk Driver Detected,billing_recovery,Segment: Startup | Effort: Low,$49.00 revenue impact | Priority: Low,Contact customer directly to confirm payment details and offer alternative payment methods before the subscription lapses.,Medium
TRC-1F0141B7C1,2026-05-07T23:36:41.664565+00:00,Intervention,IV-C0C5E139,Proactive Billing Intervention — Payment Risk Driver Detected,billing_recovery,Segment: SMB | Effort: Low,$49.00 revenue impact | Priority: Low,Contact customer directly to confirm payment details and offer alternative payment methods before the subscription lapses.,Medium
TRC-E362562636,2026-05-07T23:36:41.664570+00:00,Intervention,IV-013882AC,Proactive Billing Intervention — Payment Risk Driver Detected,billing_recovery,Segment: Startup | Effort: Low,$49.00 revenue impact | Priority: Low,Contact customer directly to confirm payment details and offer alternative payment methods before the subscription lapses.,Medium
TRC-FBDAE01DD2,2026-05-07T23:36:41.664575+00:00,Intervention,IV-70387840,Proactive Billing Intervention — Payment Risk Driver Detected,billing_recovery,Segment: SMB | Effort: Low,$49.00 revenue impact | Priority: Low,Contact customer directly to confirm payment details and offer alternative payment methods before the subscription lapses.,Medium
TRC-277B9752BB,2026-05-07T23:36:41.664580+00:00,Intervention,IV-157DF037,Proactive Billing Intervention — Payment Risk Driver Detected,billing_recovery,Segment: Startup | Effort: Low,$49.00 revenue impact | Priority: Low,Contact customer directly to confirm payment details and offer alternative payment methods before the subscription lapses.,Medium
TRC-281556E38E,2026-05-07T23:36:41.664585+00:00,Intervention,IV-B39E79D6,Proactive Billing Intervention — Payment Risk Driver Detected,billing_recovery,Segment: Startup | Effort: Low,$49.00 revenue impact | Priority: Low,Contact customer directly to confirm payment details and offer alternative payment methods before the subscription lapses.,Medium
TRC-BD7286AB19,2026-05-07T23:36:41.664590+00:00,Intervention,IV-69713EE9,Proactive Billing Intervention — Payment Risk Driver Detected,billing_recovery,Segment: SMB | Effort: Low,$49.00 revenue impact | Priority: Low,Contact customer directly to confirm payment details and offer alternative payment methods before the subscription lapses.,Medium
TRC-B94D8C1EC2,2026-05-07T23:36:41.664594+00:00,Intervention,IV-B0B3FB96,Proactive Billing Intervention — Payment Risk Driver Detected,billing_recovery,Segment: SMB | Effort: Low,$49.00 revenue impact | Priority: Low,Contact customer directly to confirm payment details and offer alternative payment methods before the subscription lapses.,Medium
TRC-60DC862839,2026-05-07T23:36:41.664599+00:00,Intervention,IV-4BDEE6D9,Proactive Billing Intervention — Payment Risk Driver Detected,billing_recovery,Segment: SMB | Effort: Low,$49.00 revenue impact | Priority: Low,Contact customer directly to confirm payment details and offer alternative payment methods before the subscription lapses.,Medium
TRC-9D85F96491,2026-05-07T23:36:41.664604+00:00,Intervention,IV-ABFC175A,Proactive Billing Intervention — Payment Risk Driver Detected,billing_recovery,Segment: Mid-Market | Effort: Low,$49.00 revenue impact | Priority: Low,Contact customer directly to confirm payment details and offer alternative payment methods before the subscription lapses.,Medium
TRC-8D93AA6101,2026-05-07T23:36:41.664610+00:00,Intervention,IV-A55A07EB,Proactive Billing Intervention — Payment Risk Driver Detected,billing_recovery,Segment: SMB | Effort: Low,$49.00 revenue impact | Priority: Low,Contact customer directly to confirm payment details and offer alternative payment methods before the subscription lapses.,Medium
TRC-89C627B5E7,2026-05-07T23:36:41.664615+00:00,Intervention,IV-E6A15462,Proactive Billing Intervention — Payment Risk Driver Detected,billing_recovery,Segment: SMB | Effort: Low,$49.00 revenue impact | Priority: Low,Contact customer directly to confirm payment details and offer alternative payment methods before the subscription lapses.,Medium
TRC-91D29EC2D9,2026-05-07T23:36:41.664620+00:00,Intervention,IV-62B1A383,Proactive Billing Intervention — Payment Risk Driver Detected,billing_recovery,Segment: SMB | Effort: Low,$49.00 revenue impact | Priority: Low,Contact customer directly to confirm payment details and offer alternative payment methods before the subscription lapses.,Medium
TRC-0F4D9DEDFD,2026-05-07T23:36:41.664625+00:00,Intervention,IV-E793B0B6,Proactive Billing Intervention — Payment Risk Driver Detected,billing_recovery,Segment: Startup | Effort: Low,$49.00 revenue impact | Priority: Low,Contact customer directly to confirm payment details and offer alternative payment methods before the subscription lapses.,Medium
TRC-A09D30A3FD,2026-05-07T23:36:41.664630+00:00,Intervention,IV-99F81FFF,Proactive Billing Intervention — Payment Risk Driver Detected,billing_recovery,Segment: Enterprise | Effort: Low,$49.00 revenue impact | Priority: Low,Contact customer directly to confirm payment details and offer alternative payment methods before the subscription lapses.,Medium
TRC-14255E6AAC,2026-05-07T23:36:41.664635+00:00,Intervention,IV-36A36882,Proactive Billing Intervention — Payment Risk Driver Detected,billing_recovery,Segment: SMB | Effort: Low,$49.00 revenue impact | Priority: Low,Contact customer directly to confirm payment details and offer alternative payment methods before the subscription lapses.,Medium
TRC-1F48CB8307,2026-05-07T23:36:41.664640+00:00,Intervention,IV-F8717D54,Proactive Billing Intervention — Payment Risk Driver Detected,billing_recovery,Segment: Startup | Effort: Low,$49.00 revenue impact | Priority: Low,Contact customer directly to confirm payment details and offer alternative payment methods before the subscription lapses.,Medium
TRC-515D366702,2026-05-07T23:36:41.664645+00:00,Intervention,IV-808253F0,Proactive Billing Intervention — Payment Risk Driver Detected,billing_recovery,Segment: Startup | Effort: Low,$49.00 revenue impact | Priority: Low,Contact customer directly to confirm payment details and offer alternative payment methods before the subscription lapses.,Medium
TRC-B28FB5F08F,2026-05-07T23:36:41.664650+00:00,Intervention,IV-CBE44DCD,Proactive Billing Intervention — Payment Risk Driver Detected,billing_recovery,Segment: SMB | Effort: Low,$49.00 revenue impact | Priority: Low,Contact customer directly to confirm payment details and offer alternative payment methods before the subscription lapses.,Medium
TRC-D6FF56A56C,2026-05-07T23:36:41.664655+00:00,Intervention,IV-D172AEFB,Proactive Billing Intervention — Payment Risk Driver Detected,billing_recovery,Segment: Startup | Effort: Low,$49.00 revenue impact | Priority: Low,Contact customer directly to confirm payment details and offer alternative payment methods before the subscription lapses.,Medium
TRC-6090874AAF,2026-05-07T23:36:41.664660+00:00,Intervention,IV-41C00A17,Proactive Billing Intervention — Payment Risk Driver Detected,billing_recovery,Segment: SMB | Effort: Low,$49.00 revenue impact | Priority: Low,Contact customer directly to confirm payment details and offer alternative payment methods before the subscription lapses.,Medium
TRC-ED19A760BE,2026-05-07T23:36:41.664665+00:00,Intervention,IV-822FE703,Proactive Billing Intervention — Payment Risk Driver Detected,billing_recovery,Segment: Startup | Effort: Low,$49.00 revenue impact | Priority: Low,Contact customer directly to confirm payment details and offer alternative payment methods before the subscription lapses.,Medium
TRC-47EC17E6E3,2026-05-07T23:36:41.664670+00:00,Intervention,IV-F4E63120,Proactive Billing Intervention — Payment Risk Driver Detected,billing_recovery,Segment: Startup | Effort: Low,$49.00 revenue impact | Priority: Low,Contact customer directly to confirm payment details and offer alternative payment methods before the subscription lapses.,Medium
TRC-55C52F070E,2026-05-07T23:36:41.664674+00:00,Intervention,IV-F7B9C5AB,Proactive Billing Intervention — Payment Risk Driver Detected,billing_recovery,Segment: Startup | Effort: Low,$49.00 revenue impact | Priority: Low,Contact customer directly to confirm payment details and offer alternative payment methods before the subscription lapses.,Medium
TRC-07FE8846E6,2026-05-07T23:36:41.664679+00:00,Intervention,IV-A35F0FF9,Proactive Billing Intervention — Payment Risk Driver Detected,billing_recovery,Segment: Mid-Market | Effort: Low,$49.00 revenue impact | Priority: Low,Contact customer directly to confirm payment details and offer alternative payment methods before the subscription lapses.,Medium
TRC-C44A09E3E3,2026-05-07T23:36:41.664684+00:00,Intervention,IV-FF7ADB3A,Proactive Billing Intervention — Payment Risk Driver Detected,billing_recovery,Segment: Startup | Effort: Low,$49.00 revenue impact | Priority: Low,Contact customer directly to confirm payment details and offer alternative payment methods before the subscription lapses.,Medium
TRC-D48DAE7E7A,2026-05-07T23:36:41.664689+00:00,Intervention,IV-863C92BE,Proactive Billing Intervention — Payment Risk Driver Detected,billing_recovery,Segment: Mid-Market | Effort: Low,$49.00 revenue impact | Priority: Low,Contact customer directly to confirm payment details and offer alternative payment methods before the subscription lapses.,Medium
TRC-E05DB895D7,2026-05-07T23:36:41.664694+00:00,Intervention,IV-FFC65968,Proactive Billing Intervention — Payment Risk Driver Detected,billing_recovery,Segment: SMB | Effort: Low,$49.00 revenue impact | Priority: Low,Contact customer directly to confirm payment details and offer alternative payment methods before the subscription lapses.,Medium
TRC-579934589B,2026-05-07T23:36:41.664698+00:00,Intervention,IV-DBDA7D11,Proactive Billing Intervention — Payment Risk Driver Detected,billing_recovery,Segment: Startup | Effort: Low,$49.00 revenue impact | Priority: Low,Contact customer directly to confirm payment details and offer alternative payment methods before the subscription lapses.,Medium
TRC-89D1D6719E,2026-05-07T23:36:41.664703+00:00,Intervention,IV-566AB1AA,Proactive Billing Intervention — Payment Risk Driver Detected,billing_recovery,Segment: Startup | Effort: Low,$49.00 revenue impact | Priority: Low,Contact customer directly to confirm payment details and offer alternative payment methods before the subscription lapses.,Medium
TRC-ADA4B26AEF,2026-05-07T23:36:41.664708+00:00,Intervention,IV-425E5416,Proactive Billing Intervention — Payment Risk Driver Detected,billing_recovery,Segment: Startup | Effort: Low,$49.00 revenue impact | Priority: Low,Contact customer directly to confirm payment details and offer alternative payment methods before the subscription lapses.,Medium
TRC-5923FBFAD1,2026-05-07T23:36:41.664712+00:00,Intervention,IV-8E75F926,Proactive Billing Intervention — Payment Risk Driver Detected,billing_recovery,Segment: SMB | Effort: Low,$49.00 revenue impact | Priority: Low,Contact customer directly to confirm payment details and offer alternative payment methods before the subscription lapses.,Medium
TRC-5BC2556A10,2026-05-07T23:36:41.664717+00:00,Intervention,IV-19305578,Proactive Billing Intervention — Payment Risk Driver Detected,billing_recovery,Segment: SMB | Effort: Low,$49.00 revenue impact | Priority: Low,Contact customer directly to confirm payment details and offer alternative payment methods before the subscription lapses.,Medium
TRC-E3D47892C9,2026-05-07T23:36:41.664721+00:00,Intervention,IV-76807EF8,Proactive Billing Intervention — Payment Risk Driver Detected,billing_recovery,Segment: SMB | Effort: Low,$49.00 revenue impact | Priority: Low,Contact customer directly to confirm payment details and offer alternative payment methods before the subscription lapses.,Medium
TRC-696F701DC8,2026-05-07T23:36:41.664726+00:00,Intervention,IV-3EB72183,Proactive Billing Intervention — Payment Risk Driver Detected,billing_recovery,Segment: SMB | Effort: Low,$49.00 revenue impact | Priority: Low,Contact customer directly to confirm payment details and offer alternative payment methods before the subscription lapses.,Medium
TRC-4BD0EABB4B,2026-05-07T23:36:41.664730+00:00,Intervention,IV-A2545DBD,Proactive Billing Intervention — Payment Risk Driver Detected,billing_recovery,Segment: SMB | Effort: Low,$49.00 revenue impact | Priority: Low,Contact customer directly to confirm payment details and offer alternative payment methods before the subscription lapses.,Medium
TRC-A973353BE1,2026-05-07T23:36:41.664735+00:00,Intervention,IV-42A6E9CB,Proactive Billing Intervention — Payment Risk Driver Detected,billing_recovery,Segment: Startup | Effort: Low,$49.00 revenue impact | Priority: Low,Contact customer directly to confirm payment details and offer alternative payment methods before the subscription lapses.,Medium
TRC-615868F002,2026-05-07T23:36:41.664739+00:00,Intervention,IV-3A06C18E,Proactive Billing Intervention — Payment Risk Driver Detected,billing_recovery,Segment: Startup | Effort: Low,$49.00 revenue impact | Priority: Low,Contact customer directly to confirm payment details and offer alternative payment methods before the subscription lapses.,Medium
TRC-C4BEBE5B5C,2026-05-07T23:36:41.664744+00:00,Intervention,IV-0D071CCF,Proactive Billing Intervention — Payment Risk Driver Detected,billing_recovery,Segment: Startup | Effort: Low,$49.00 revenue impact | Priority: Low,Contact customer directly to confirm payment details and offer alternative payment methods before the subscription lapses.,Medium
TRC-5DC7B31996,2026-05-07T23:36:41.664748+00:00,Intervention,IV-CA03E115,Proactive Billing Intervention — Payment Risk Driver Detected,billing_recovery,Segment: SMB | Effort: Low,$49.00 revenue impact | Priority: Low,Contact customer directly to confirm payment details and offer alternative payment methods before the subscription lapses.,Medium
TRC-01E11E5745,2026-05-07T23:36:41.664753+00:00,Intervention,IV-62FD9643,Proactive Billing Intervention — Payment Risk Driver Detected,billing_recovery,Segment: Startup | Effort: Low,$49.00 revenue impact | Priority: Low,Contact customer directly to confirm payment details and offer alternative payment methods before the subscription lapses.,Medium
TRC-58E9AA8D83,2026-05-07T23:36:41.664758+00:00,Intervention,IV-7468BEAF,Proactive Billing Intervention — Payment Risk Driver Detected,billing_recovery,Segment: Startup | Effort: Low,$49.00 revenue impact | Priority: Low,Contact customer directly to confirm payment details and offer alternative payment methods before the subscription lapses.,Medium
TRC-437ED6F509,2026-05-07T23:36:41.664762+00:00,Intervention,IV-45DED7E0,Proactive Billing Intervention — Payment Risk Driver Detected,billing_recovery,Segment: SMB | Effort: Low,$49.00 revenue impact | Priority: Low,Contact customer directly to confirm payment details and offer alternative payment methods before the subscription lapses.,Medium
TRC-C98D454889,2026-05-07T23:36:41.664767+00:00,Intervention,IV-196A6BDA,Proactive Billing Intervention — Payment Risk Driver Detected,billing_recovery,Segment: Startup | Effort: Low,$49.00 revenue impact | Priority: Low,Contact customer directly to confirm payment details and offer alternative payment methods before the subscription lapses.,Medium
TRC-8F97B7B89D,2026-05-07T23:36:41.664771+00:00,Intervention,IV-E265EC40,Proactive Billing Intervention — Payment Risk Driver Detected,billing_recovery,Segment: Mid-Market | Effort: Low,$49.00 revenue impact | Priority: Low,Contact customer directly to confirm payment details and offer alternative payment methods before the subscription lapses.,Medium
TRC-F9995AC649,2026-05-07T23:36:41.664776+00:00,Intervention,IV-5E7ED58E,Proactive Billing Intervention — Payment Risk Driver Detected,billing_recovery,Segment: Startup | Effort: Low,$49.00 revenue impact | Priority: Low,Contact customer directly to confirm payment details and offer alternative payment methods before the subscription lapses.,Medium
TRC-0FCD1DEE92,2026-05-07T23:36:41.664781+00:00,Intervention,IV-7B222042,Proactive Billing Intervention — Payment Risk Driver Detected,billing_recovery,Segment: SMB | Effort: Low,$49.00 revenue impact | Priority: Low,Contact customer directly to confirm payment details and offer alternative payment methods before the subscription lapses.,Medium
TRC-96FE7E92DB,2026-05-07T23:36:41.664785+00:00,Intervention,IV-B1F4839D,Proactive Billing Intervention — Payment Risk Driver Detected,billing_recovery,Segment: Mid-Market | Effort: Low,$49.00 revenue impact | Priority: Low,Contact customer directly to confirm payment details and offer alternative payment methods before the subscription lapses.,Medium
TRC-03678B80C2,2026-05-07T23:36:41.664790+00:00,Intervention,IV-B8D24321,Proactive Billing Intervention — Payment Risk Driver Detected,billing_recovery,Segment: SMB | Effort: Low,$49.00 revenue impact | Priority: Low,Contact customer directly to confirm payment details and offer alternative payment methods before the subscription lapses.,Medium
TRC-48064B2661,2026-05-07T23:36:41.664795+00:00,Intervention,IV-3ECD51EE,Proactive Billing Intervention — Payment Risk Driver Detected,billing_recovery,Segment: Mid-Market | Effort: Low,$49.00 revenue impact | Priority: Low,Contact customer directly to confirm payment details and offer alternative payment methods before the subscription lapses.,Medium
TRC-5EF2B03B72,2026-05-07T23:36:41.664799+00:00,Intervention,IV-4F4909DA,Proactive Billing Intervention — Payment Risk Driver Detected,billing_recovery,Segment: Startup | Effort: Low,$49.00 revenue impact | Priority: Low,Contact customer directly to confirm payment details and offer alternative payment methods before the subscription lapses.,Medium
TRC-109F36C838,2026-05-07T23:36:41.664804+00:00,Intervention,IV-A32583B4,Proactive Billing Intervention — Payment Risk Driver Detected,billing_recovery,Segment: SMB | Effort: Low,$49.00 revenue impact | Priority: Low,Contact customer directly to confirm payment details and offer alternative payment methods before the subscription lapses.,Medium
TRC-4CD3B878F0,2026-05-07T23:36:41.664809+00:00,Intervention,IV-28C3FB0F,Proactive Billing Intervention — Payment Risk Driver Detected,billing_recovery,Segment: Enterprise | Effort: Low,$49.00 revenue impact | Priority: Low,Contact customer directly to confirm payment details and offer alternative payment methods before the subscription lapses.,Medium
TRC-9655E3A2BB,2026-05-07T23:36:41.664813+00:00,Intervention,IV-9FF463C6,Proactive Billing Intervention — Payment Risk Driver Detected,billing_recovery,Segment: Startup | Effort: Low,$49.00 revenue impact | Priority: Low,Contact customer directly to confirm payment details and offer alternative payment methods before the subscription lapses.,Medium
TRC-4D4A92CB11,2026-05-07T23:36:41.664818+00:00,Intervention,IV-CC811673,Proactive Billing Intervention — Payment Risk Driver Detected,billing_recovery,Segment: Startup | Effort: Low,$49.00 revenue impact | Priority: Low,Contact customer directly to confirm payment details and offer alternative payment methods before the subscription lapses.,Medium
TRC-5040030256,2026-05-07T23:36:41.664822+00:00,Intervention,IV-F9607F5D,Proactive Billing Intervention — Payment Risk Driver Detected,billing_recovery,Segment: Mid-Market | Effort: Low,$49.00 revenue impact | Priority: Low,Contact customer directly to confirm payment details and offer alternative payment methods before the subscription lapses.,Medium
TRC-80117D38AB,2026-05-07T23:36:41.664826+00:00,Intervention,IV-1A52E980,Proactive Billing Intervention — Payment Risk Driver Detected,billing_recovery,Segment: SMB | Effort: Low,$49.00 revenue impact | Priority: Low,Contact customer directly to confirm payment details and offer alternative payment methods before the subscription lapses.,Medium
TRC-AB6D89A55D,2026-05-07T23:36:41.664831+00:00,Intervention,IV-4FCF5108,Proactive Billing Intervention — Payment Risk Driver Detected,billing_recovery,Segment: SMB | Effort: Low,$49.00 revenue impact | Priority: Low,Contact customer directly to confirm payment details and offer alternative payment methods before the subscription lapses.,Medium
TRC-8FE989FD44,2026-05-07T23:36:41.664835+00:00,Intervention,IV-F156D567,Proactive Billing Intervention — Payment Risk Driver Detected,billing_recovery,Segment: Mid-Market | Effort: Low,$49.00 revenue impact | Priority: Low,Contact customer directly to confirm payment details and offer alternative payment methods before the subscription lapses.,Medium
TRC-619CA0599E,2026-05-07T23:36:41.664840+00:00,Intervention,IV-3CCEE9E0,Proactive Billing Intervention — Payment Risk Driver Detected,billing_recovery,Segment: Startup | Effort: Low,$49.00 revenue impact | Priority: Low,Contact customer directly to confirm payment details and offer alternative payment methods before the subscription lapses.,Medium
TRC-BA0FBA16E4,2026-05-07T23:36:41.664847+00:00,Intervention,IV-4BE32431,Proactive Billing Intervention — Payment Risk Driver Detected,billing_recovery,Segment: SMB | Effort: Low,$49.00 revenue impact | Priority: Low,Contact customer directly to confirm payment details and offer alternative payment methods before the subscription lapses.,Medium
TRC-83A4F42697,2026-05-07T23:36:41.664851+00:00,Intervention,IV-E4BE287C,Proactive Billing Intervention — Payment Risk Driver Detected,billing_recovery,Segment: Startup | Effort: Low,$49.00 revenue impact | Priority: Low,Contact customer directly to confirm payment details and offer alternative payment methods before the subscription lapses.,Medium
TRC-5D7FD51FAC,2026-05-07T23:36:41.664856+00:00,Intervention,IV-3BFDA2CA,Proactive Billing Intervention — Payment Risk Driver Detected,billing_recovery,Segment: SMB | Effort: Low,$49.00 revenue impact | Priority: Low,Contact customer directly to confirm payment details and offer alternative payment methods before the subscription lapses.,Medium
TRC-B5B37A9FA4,2026-05-07T23:36:41.664860+00:00,Intervention,IV-F26C2873,Proactive Billing Intervention — Payment Risk Driver Detected,billing_recovery,Segment: SMB | Effort: Low,$49.00 revenue impact | Priority: Low,Contact customer directly to confirm payment details and offer alternative payment methods before the subscription lapses.,Medium
TRC-CD7F96EB6A,2026-05-07T23:36:41.664864+00:00,Intervention,IV-5F56BA89,Proactive Billing Intervention — Payment Risk Driver Detected,billing_recovery,Segment: SMB | Effort: Low,$49.00 revenue impact | Priority: Low,Contact customer directly to confirm payment details and offer alternative payment methods before the subscription lapses.,Medium
TRC-9A0047C6FC,2026-05-07T23:36:41.664869+00:00,Intervention,IV-3C1BE1B2,Proactive Billing Intervention — Payment Risk Driver Detected,billing_recovery,Segment: SMB | Effort: Low,$49.00 revenue impact | Priority: Low,Contact customer directly to confirm payment details and offer alternative payment methods before the subscription lapses.,Medium
TRC-77A19B6940,2026-05-07T23:36:41.664873+00:00,Intervention,IV-45D82ED6,Proactive Billing Intervention — Payment Risk Driver Detected,billing_recovery,Segment: Mid-Market | Effort: Low,$49.00 revenue impact | Priority: Low,Contact customer directly to confirm payment details and offer alternative payment methods before the subscription lapses.,Medium
TRC-E9ED87737B,2026-05-07T23:36:41.664878+00:00,Intervention,IV-F7950B14,Proactive Billing Intervention — Payment Risk Driver Detected,billing_recovery,Segment: Startup | Effort: Low,$49.00 revenue impact | Priority: Low,Contact customer directly to confirm payment details and offer alternative payment methods before the subscription lapses.,Medium
TRC-D04411C5A2,2026-05-07T23:36:41.664882+00:00,Intervention,IV-2F2971F8,Proactive Billing Intervention — Payment Risk Driver Detected,billing_recovery,Segment: SMB | Effort: Low,$49.00 revenue impact | Priority: Low,Contact customer directly to confirm payment details and offer alternative payment methods before the subscription lapses.,Medium
TRC-D7AE4C0FB5,2026-05-07T23:36:41.664887+00:00,Intervention,IV-C2DBDDA3,Proactive Billing Intervention — Payment Risk Driver Detected,billing_recovery,Segment: Startup | Effort: Low,$49.00 revenue impact | Priority: Low,Contact customer directly to confirm payment details and offer alternative payment methods before the subscription lapses.,Medium
TRC-1130B3C25C,2026-05-07T23:36:41.664891+00:00,Intervention,IV-12DF7015,Proactive Billing Intervention — Payment Risk Driver Detected,billing_recovery,Segment: Startup | Effort: Low,$49.00 revenue impact | Priority: Low,Contact customer directly to confirm payment details and offer alternative payment methods before the subscription lapses.,Medium
TRC-9F0AF1C55A,2026-05-07T23:36:41.664896+00:00,Intervention,IV-F43322DC,Proactive Billing Intervention — Payment Risk Driver Detected,billing_recovery,Segment: Enterprise | Effort: Low,$49.00 revenue impact | Priority: Low,Contact customer directly to confirm payment details and offer alternative payment methods before the subscription lapses.,Medium
TRC-1A6D4F81E5,2026-05-07T23:36:41.664900+00:00,Intervention,IV-55D793CA,Proactive Billing Intervention — Payment Risk Driver Detected,billing_recovery,Segment: Enterprise | Effort: Low,$49.00 revenue impact | Priority: Low,Contact customer directly to confirm payment details and offer alternative payment methods before the subscription lapses.,Medium
TRC-DF3F9ABCC1,2026-05-07T23:36:41.664905+00:00,Intervention,IV-035D6547,Proactive Billing Intervention — Payment Risk Driver Detected,billing_recovery,Segment: SMB | Effort: Low,$49.00 revenue impact | Priority: Low,Contact customer directly to confirm payment details and offer alternative payment methods before the subscription lapses.,Medium
TRC-759D16DC42,2026-05-07T23:36:41.664909+00:00,Intervention,IV-EDCB1424,Proactive Billing Intervention — Payment Risk Driver Detected,billing_recovery,Segment: Startup | Effort: Low,$49.00 revenue impact | Priority: Low,Contact customer directly to confirm payment details and offer alternative payment methods before the subscription lapses.,Medium
TRC-98492621DC,2026-05-07T23:36:41.664914+00:00,Intervention,IV-4C672E36,Proactive Billing Intervention — Payment Risk Driver Detected,billing_recovery,Segment: SMB | Effort: Low,$49.00 revenue impact | Priority: Low,Contact customer directly to confirm payment details and offer alternative payment methods before the subscription lapses.,Medium
TRC-D1CC5099E7,2026-05-07T23:36:41.664918+00:00,Intervention,IV-6278C965,Proactive Billing Intervention — Payment Risk Driver Detected,billing_recovery,Segment: Mid-Market | Effort: Low,$49.00 revenue impact | Priority: Low,Contact customer directly to confirm payment details and offer alternative payment methods before the subscription lapses.,Medium
TRC-4CC271D2D2,2026-05-07T23:36:41.664923+00:00,Intervention,IV-06B3216A,Proactive Billing Intervention — Payment Risk Driver Detected,billing_recovery,Segment: Mid-Market | Effort: Low,$49.00 revenue impact | Priority: Low,Contact customer directly to confirm payment details and offer alternative payment methods before the subscription lapses.,Medium
TRC-B46287B233,2026-05-07T23:36:41.664927+00:00,Intervention,IV-12A9F9E8,Proactive Billing Intervention — Payment Risk Driver Detected,billing_recovery,Segment: Enterprise | Effort: Low,$49.00 revenue impact | Priority: Low,Contact customer directly to confirm payment details and offer alternative payment methods before the subscription lapses.,Medium
TRC-D901884418,2026-05-07T23:36:41.664932+00:00,Intervention,IV-D7BDB619,Proactive Billing Intervention — Payment Risk Driver Detected,billing_recovery,Segment: Startup | Effort: Low,$49.00 revenue impact | Priority: Low,Contact customer directly to confirm payment details and offer alternative payment methods before the subscription lapses.,Medium
TRC-95D7C87B0B,2026-05-07T23:36:41.664937+00:00,Intervention,IV-08B970E0,Proactive Billing Intervention — Payment Risk Driver Detected,billing_recovery,Segment: SMB | Effort: Low,$49.00 revenue impact | Priority: Low,Contact customer directly to confirm payment details and offer alternative payment methods before the subscription lapses.,Medium
TRC-0EC00370FF,2026-05-07T23:36:41.664942+00:00,Intervention,IV-C8988AF6,Proactive Billing Intervention — Payment Risk Driver Detected,billing_recovery,Segment: Startup | Effort: Low,$49.00 revenue impact | Priority: Low,Contact customer directly to confirm payment details and offer alternative payment methods before the subscription lapses.,Medium
TRC-7F602F6421,2026-05-07T23:36:41.664946+00:00,Intervention,IV-B0CD9820,Proactive Billing Intervention — Payment Risk Driver Detected,billing_recovery,Segment: Startup | Effort: Low,$49.00 revenue impact | Priority: Low,Contact customer directly to confirm payment details and offer alternative payment methods before the subscription lapses.,Medium
TRC-0509FEC4FB,2026-05-07T23:36:41.664951+00:00,Intervention,IV-7891F279,Proactive Billing Intervention — Payment Risk Driver Detected,billing_recovery,Segment: SMB | Effort: Low,$49.00 revenue impact | Priority: Low,Contact customer directly to confirm payment details and offer alternative payment methods before the subscription lapses.,Medium
TRC-BE46DA003A,2026-05-07T23:36:41.664955+00:00,Intervention,IV-E10453A5,Proactive Billing Intervention — Payment Risk Driver Detected,billing_recovery,Segment: Mid-Market | Effort: Low,$49.00 revenue impact | Priority: Low,Contact customer directly to confirm payment details and offer alternative payment methods before the subscription lapses.,Medium
TRC-488A36CCCB,2026-05-07T23:36:41.664960+00:00,Intervention,IV-E662DDE7,Proactive Billing Intervention — Payment Risk Driver Detected,billing_recovery,Segment: Startup | Effort: Low,$49.00 revenue impact | Priority: Low,Contact customer directly to confirm payment details and offer alternative payment methods before the subscription lapses.,Medium
TRC-DF21AFB794,2026-05-07T23:36:41.664965+00:00,Intervention,IV-4CFA2F7A,Proactive Billing Intervention — Payment Risk Driver Detected,billing_recovery,Segment: Mid-Market | Effort: Low,$49.00 revenue impact | Priority: Low,Contact customer directly to confirm payment details and offer alternative payment methods before the subscription lapses.,Medium
TRC-FACF289EB7,2026-05-07T23:36:41.664969+00:00,Intervention,IV-B6ABA906,Proactive Billing Intervention — Payment Risk Driver Detected,billing_recovery,Segment: Startup | Effort: Low,$49.00 revenue impact | Priority: Low,Contact customer directly to confirm payment details and offer alternative payment methods before the subscription lapses.,Medium
TRC-575967ED3B,2026-05-07T23:36:41.664974+00:00,Intervention,IV-BB5FC6D6,Proactive Billing Intervention — Payment Risk Driver Detected,billing_recovery,Segment: Startup | Effort: Low,$49.00 revenue impact | Priority: Low,Contact customer directly to confirm payment details and offer alternative payment methods before the subscription lapses.,Medium
TRC-FDB809A375,2026-05-07T23:36:41.664978+00:00,Intervention,IV-D09DBB1C,Proactive Billing Intervention — Payment Risk Driver Detected,billing_recovery,Segment: Startup | Effort: Low,$49.00 revenue impact | Priority: Low,Contact customer directly to confirm payment details and offer alternative payment methods before the subscription lapses.,Medium
TRC-3626A9B0F4,2026-05-07T23:36:41.664983+00:00,Intervention,IV-16267949,Proactive Billing Intervention — Payment Risk Driver Detected,billing_recovery,Segment: Startup | Effort: Low,$49.00 revenue impact | Priority: Low,Contact customer directly to confirm payment details and offer alternative payment methods before the subscription lapses.,Medium
TRC-0D34DCCCEB,2026-05-07T23:36:41.664988+00:00,Intervention,IV-62591463,Proactive Billing Intervention — Payment Risk Driver Detected,billing_recovery,Segment: Startup | Effort: Low,$49.00 revenue impact | Priority: Low,Contact customer directly to confirm payment details and offer alternative payment methods before the subscription lapses.,Medium
TRC-469AD15420,2026-05-07T23:36:41.664992+00:00,Intervention,IV-23C19BC1,Proactive Billing Intervention — Payment Risk Driver Detected,billing_recovery,Segment: Enterprise | Effort: Low,$49.00 revenue impact | Priority: Low,Contact customer directly to confirm payment details and offer alternative payment methods before the subscription lapses.,Medium
TRC-7703AE0675,2026-05-07T23:36:41.664997+00:00,Intervention,IV-F4DA34C3,Proactive Billing Intervention — Payment Risk Driver Detected,billing_recovery,Segment: Startup | Effort: Low,$49.00 revenue impact | Priority: Low,Contact customer directly to confirm payment details and offer alternative payment methods before the subscription lapses.,Medium
TRC-58AE068138,2026-05-07T23:36:41.665002+00:00,Intervention,IV-D0150761,Proactive Billing Intervention — Payment Risk Driver Detected,billing_recovery,Segment: Startup | Effort: Low,$49.00 revenue impact | Priority: Low,Contact customer directly to confirm payment details and offer alternative payment methods before the subscription lapses.,Medium
TRC-A335EF1D77,2026-05-07T23:36:41.665007+00:00,Intervention,IV-DF78A2CB,Proactive Billing Intervention — Payment Risk Driver Detected,billing_recovery,Segment: Startup | Effort: Low,$49.00 revenue impact | Priority: Low,Contact customer directly to confirm payment details and offer alternative payment methods before the subscription lapses.,Medium
TRC-A358C1EF41,2026-05-07T23:36:41.665012+00:00,Intervention,IV-938E10B5,Proactive Billing Intervention — Payment Risk Driver Detected,billing_recovery,Segment: SMB | Effort: Low,$49.00 revenue impact | Priority: Low,Contact customer directly to confirm payment details and offer alternative payment methods before the subscription lapses.,Medium
TRC-A5C57C9A34,2026-05-07T23:36:41.665016+00:00,Intervention,IV-07CC86A4,Proactive Billing Intervention — Payment Risk Driver Detected,billing_recovery,Segment: SMB | Effort: Low,$49.00 revenue impact | Priority: Low,Contact customer directly to confirm payment details and offer alternative payment methods before the subscription lapses.,Medium
TRC-033CF8AFC1,2026-05-07T23:36:41.665021+00:00,Intervention,IV-F29AA368,Proactive Billing Intervention — Payment Risk Driver Detected,billing_recovery,Segment: Startup | Effort: Low,$49.00 revenue impact | Priority: Low,Contact customer directly to confirm payment details and offer alternative payment methods before the subscription lapses.,Medium
TRC-FB925483E0,2026-05-07T23:36:41.665026+00:00,Intervention,IV-D23B77B8,Proactive Billing Intervention — Payment Risk Driver Detected,billing_recovery,Segment: Enterprise | Effort: Low,$49.00 revenue impact | Priority: Low,Contact customer directly to confirm payment details and offer alternative payment methods before the subscription lapses.,Medium
TRC-021EAFA0FE,2026-05-07T23:36:41.665031+00:00,Intervention,IV-D7746F41,Proactive Billing Intervention — Payment Risk Driver Detected,billing_recovery,Segment: SMB | Effort: Low,$49.00 revenue impact | Priority: Low,Contact customer directly to confirm payment details and offer alternative payment methods before the subscription lapses.,Medium
TRC-92E498FAB5,2026-05-07T23:36:41.665035+00:00,Intervention,IV-367D51D0,Proactive Billing Intervention — Payment Risk Driver Detected,billing_recovery,Segment: SMB | Effort: Low,$49.00 revenue impact | Priority: Low,Contact customer directly to confirm payment details and offer alternative payment methods before the subscription lapses.,Medium
TRC-E4B9BB051B,2026-05-07T23:36:41.665040+00:00,Intervention,IV-FCC6FDFC,Proactive Billing Intervention — Payment Risk Driver Detected,billing_recovery,Segment: Enterprise | Effort: Low,$49.00 revenue impact | Priority: Low,Contact customer directly to confirm payment details and offer alternative payment methods before the subscription lapses.,Medium
TRC-17ACE24192,2026-05-07T23:36:41.665045+00:00,Intervention,IV-F83B1D56,Proactive Billing Intervention — Payment Risk Driver Detected,billing_recovery,Segment: SMB | Effort: Low,$49.00 revenue impact | Priority: Low,Contact customer directly to confirm payment details and offer alternative payment methods before the subscription lapses.,Medium
TRC-3A04083F55,2026-05-07T23:36:41.665050+00:00,Intervention,IV-E27D9095,Proactive Billing Intervention — Payment Risk Driver Detected,billing_recovery,Segment: SMB | Effort: Low,$49.00 revenue impact | Priority: Low,Contact customer directly to confirm payment details and offer alternative payment methods before the subscription lapses.,Medium
TRC-43B27E0D1B,2026-05-07T23:36:41.665054+00:00,Intervention,IV-85F25641,Proactive Billing Intervention — Payment Risk Driver Detected,billing_recovery,Segment: Startup | Effort: Low,$49.00 revenue impact | Priority: Low,Contact customer directly to confirm payment details and offer alternative payment methods before the subscription lapses.,Medium
TRC-60F3F4C024,2026-05-07T23:36:41.665059+00:00,Intervention,IV-66042941,Proactive Billing Intervention — Payment Risk Driver Detected,billing_recovery,Segment: SMB | Effort: Low,$49.00 revenue impact | Priority: Low,Contact customer directly to confirm payment details and offer alternative payment methods before the subscription lapses.,Medium
TRC-F017588461,2026-05-07T23:36:41.665063+00:00,Intervention,IV-09A5038B,Proactive Billing Intervention — Payment Risk Driver Detected,billing_recovery,Segment: Startup | Effort: Low,$49.00 revenue impact | Priority: Low,Contact customer directly to confirm payment details and offer alternative payment methods before the subscription lapses.,Medium
TRC-31D5F54DAC,2026-05-07T23:36:41.665068+00:00,Intervention,IV-9372DDFF,Proactive Billing Intervention — Payment Risk Driver Detected,billing_recovery,Segment: SMB | Effort: Low,$49.00 revenue impact | Priority: Low,Contact customer directly to confirm payment details and offer alternative payment methods before the subscription lapses.,Medium
TRC-3D05ACFE73,2026-05-07T23:36:41.665072+00:00,Intervention,IV-48DFFE12,Proactive Billing Intervention — Payment Risk Driver Detected,billing_recovery,Segment: Mid-Market | Effort: Low,$49.00 revenue impact | Priority: Low,Contact customer directly to confirm payment details and offer alternative payment methods before the subscription lapses.,Medium
TRC-7697C9F6C3,2026-05-07T23:36:41.665078+00:00,Intervention,IV-B2AEC84C,Proactive Billing Intervention — Payment Risk Driver Detected,billing_recovery,Segment: Startup | Effort: Low,$49.00 revenue impact | Priority: Low,Contact customer directly to confirm payment details and offer alternative payment methods before the subscription lapses.,Medium
TRC-364FEE2525,2026-05-07T23:36:41.665082+00:00,Intervention,IV-7E90B323,Proactive Billing Intervention — Payment Risk Driver Detected,billing_recovery,Segment: SMB | Effort: Low,$49.00 revenue impact | Priority: Low,Contact customer directly to confirm payment details and offer alternative payment methods before the subscription lapses.,Medium
TRC-69D3523DEB,2026-05-07T23:36:41.665087+00:00,Intervention,IV-2F7B36BC,Proactive Billing Intervention — Payment Risk Driver Detected,billing_recovery,Segment: SMB | Effort: Low,$49.00 revenue impact | Priority: Low,Contact customer directly to confirm payment details and offer alternative payment methods before the subscription lapses.,Medium
TRC-1F3A944372,2026-05-07T23:36:41.665092+00:00,Intervention,IV-F743E254,Proactive Billing Intervention — Payment Risk Driver Detected,billing_recovery,Segment: SMB | Effort: Low,$49.00 revenue impact | Priority: Low,Contact customer directly to confirm payment details and offer alternative payment methods before the subscription lapses.,Medium
TRC-2F934E50F7,2026-05-07T23:36:41.665097+00:00,Intervention,IV-C50A2C60,Proactive Billing Intervention — Payment Risk Driver Detected,billing_recovery,Segment: SMB | Effort: Low,$49.00 revenue impact | Priority: Low,Contact customer directly to confirm payment details and offer alternative payment methods before the subscription lapses.,Medium
TRC-BDF067592E,2026-05-07T23:36:41.665102+00:00,Intervention,IV-A01E5F01,Proactive Billing Intervention — Payment Risk Driver Detected,billing_recovery,Segment: SMB | Effort: Low,$49.00 revenue impact | Priority: Low,Contact customer directly to confirm payment details and offer alternative payment methods before the subscription lapses.,Medium
TRC-13B41B59B2,2026-05-07T23:36:41.665107+00:00,Intervention,IV-1FFFA1C4,Proactive Billing Intervention — Payment Risk Driver Detected,billing_recovery,Segment: Startup | Effort: Low,$49.00 revenue impact | Priority: Low,Contact customer directly to confirm payment details and offer alternative payment methods before the subscription lapses.,Medium
TRC-463C3F1CCA,2026-05-07T23:36:41.665112+00:00,Intervention,IV-4CC1813C,Proactive Billing Intervention — Payment Risk Driver Detected,billing_recovery,Segment: Mid-Market | Effort: Low,$49.00 revenue impact | Priority: Low,Contact customer directly to confirm payment details and offer alternative payment methods before the subscription lapses.,Medium
TRC-642768BCE8,2026-05-07T23:36:41.665117+00:00,Intervention,IV-9739358A,Proactive Billing Intervention — Payment Risk Driver Detected,billing_recovery,Segment: Startup | Effort: Low,$49.00 revenue impact | Priority: Low,Contact customer directly to confirm payment details and offer alternative payment methods before the subscription lapses.,Medium
TRC-42942C25BF,2026-05-07T23:36:41.665122+00:00,Intervention,IV-B2A3343B,Proactive Billing Intervention — Payment Risk Driver Detected,billing_recovery,Segment: Startup | Effort: Low,$49.00 revenue impact | Priority: Low,Contact customer directly to confirm payment details and offer alternative payment methods before the subscription lapses.,Medium
TRC-5F88B05E5E,2026-05-07T23:36:41.665127+00:00,Intervention,IV-F88C6287,Mid-Market Retention Escalation — Critical Risk,retention,Segment: Mid-Market | Effort: High,$49.00 revenue impact | Priority: Low,Immediate CSM outreach. Conduct health-check call and offer feature enablement session to re-establish value.,Medium
TRC-26FB1ABAAF,2026-05-07T23:36:41.665131+00:00,Intervention,IV-7E62B075,SMB Re-engagement Offer — High Churn Risk,retention,Segment: SMB | Effort: High,$49.00 revenue impact | Priority: Low,Send personalised in-app re-engagement campaign with 15% discount for 3-month commitment. Follow up with feature tutorial email sequence.,Medium
TRC-8F37C83AE4,2026-05-07T23:36:41.665136+00:00,Intervention,IV-C7EE8815,SMB Re-engagement Offer — High Churn Risk,retention,Segment: SMB | Effort: High,$49.00 revenue impact | Priority: Low,Send personalised in-app re-engagement campaign with 15% discount for 3-month commitment. Follow up with feature tutorial email sequence.,Medium
TRC-BBEB3AF2A4,2026-05-07T23:36:41.665140+00:00,Intervention,IV-8D0D7781,SMB Re-engagement Offer — High Churn Risk,retention,Segment: SMB | Effort: High,$49.00 revenue impact | Priority: Low,Send personalised in-app re-engagement campaign with 15% discount for 3-month commitment. Follow up with feature tutorial email sequence.,Medium
TRC-0E36CDDEAD,2026-05-07T23:36:41.665145+00:00,Intervention,IV-0E6E02C2,SMB Re-engagement Offer — High Churn Risk,retention,Segment: SMB | Effort: High,$49.00 revenue impact | Priority: Low,Send personalised in-app re-engagement campaign with 15% discount for 3-month commitment. Follow up with feature tutorial email sequence.,Medium
TRC-D4D11B5024,2026-05-07T23:36:41.665150+00:00,Intervention,IV-4F605DA0,SMB Re-engagement Offer — High Churn Risk,retention,Segment: SMB | Effort: High,$49.00 revenue impact | Priority: Low,Send personalised in-app re-engagement campaign with 15% discount for 3-month commitment. Follow up with feature tutorial email sequence.,Medium
TRC-91CA98099B,2026-05-07T23:36:41.665155+00:00,Intervention,IV-47B7448C,SMB Re-engagement Offer — High Churn Risk,retention,Segment: SMB | Effort: High,$49.00 revenue impact | Priority: Low,Send personalised in-app re-engagement campaign with 15% discount for 3-month commitment. Follow up with feature tutorial email sequence.,Medium
TRC-D1F392DAA8,2026-05-07T23:36:41.665159+00:00,Intervention,IV-1BA86004,SMB Re-engagement Offer — High Churn Risk,retention,Segment: SMB | Effort: High,$49.00 revenue impact | Priority: Low,Send personalised in-app re-engagement campaign with 15% discount for 3-month commitment. Follow up with feature tutorial email sequence.,Medium
TRC-ED1587225B,2026-05-07T23:36:41.665164+00:00,Intervention,IV-C0E7BDC3,SMB Re-engagement Offer — High Churn Risk,retention,Segment: SMB | Effort: High,$49.00 revenue impact | Priority: Low,Send personalised in-app re-engagement campaign with 15% discount for 3-month commitment. Follow up with feature tutorial email sequence.,Medium
TRC-7BD09FF245,2026-05-07T23:36:41.665169+00:00,Intervention,IV-EEC0F35B,SMB Re-engagement Offer — High Churn Risk,retention,Segment: SMB | Effort: High,$49.00 revenue impact | Priority: Low,Send personalised in-app re-engagement campaign with 15% discount for 3-month commitment. Follow up with feature tutorial email sequence.,Medium
TRC-C936AAD316,2026-05-07T23:36:41.665174+00:00,Intervention,IV-002722A0,SMB Re-engagement Offer — High Churn Risk,retention,Segment: SMB | Effort: High,$49.00 revenue impact | Priority: Low,Send personalised in-app re-engagement campaign with 15% discount for 3-month commitment. Follow up with feature tutorial email sequence.,Medium
TRC-412CAAE10E,2026-05-07T23:36:41.665179+00:00,Intervention,IV-E68B9C16,SMB Re-engagement Offer — High Churn Risk,retention,Segment: SMB | Effort: High,$49.00 revenue impact | Priority: Low,Send personalised in-app re-engagement campaign with 15% discount for 3-month commitment. Follow up with feature tutorial email sequence.,Medium
TRC-88E69A78CF,2026-05-07T23:36:41.665183+00:00,Intervention,IV-F3B5EF31,SMB Re-engagement Offer — High Churn Risk,retention,Segment: SMB | Effort: High,$49.00 revenue impact | Priority: Low,Send personalised in-app re-engagement campaign with 15% discount for 3-month commitment. Follow up with feature tutorial email sequence.,Medium
TRC-0CA7465CBC,2026-05-07T23:36:41.665188+00:00,Intervention,IV-01AD68C5,SMB Re-engagement Offer — High Churn Risk,retention,Segment: SMB | Effort: High,$49.00 revenue impact | Priority: Low,Send personalised in-app re-engagement campaign with 15% discount for 3-month commitment. Follow up with feature tutorial email sequence.,Medium
TRC-5E5DB35F46,2026-05-07T23:36:41.665193+00:00,Intervention,IV-BC1BF7E4,SMB Re-engagement Offer — High Churn Risk,retention,Segment: SMB | Effort: High,$49.00 revenue impact | Priority: Low,Send personalised in-app re-engagement campaign with 15% discount for 3-month commitment. Follow up with feature tutorial email sequence.,Medium
TRC-D64818C8A3,2026-05-07T23:36:41.665198+00:00,Intervention,IV-B4A98E04,SMB Re-engagement Offer — High Churn Risk,retention,Segment: SMB | Effort: High,$49.00 revenue impact | Priority: Low,Send personalised in-app re-engagement campaign with 15% discount for 3-month commitment. Follow up with feature tutorial email sequence.,Medium
TRC-80B42761EB,2026-05-07T23:36:41.665202+00:00,Intervention,IV-EADFD739,SMB Re-engagement Offer — High Churn Risk,retention,Segment: SMB | Effort: High,$49.00 revenue impact | Priority: Low,Send personalised in-app re-engagement campaign with 15% discount for 3-month commitment. Follow up with feature tutorial email sequence.,Medium
TRC-14DD61797A,2026-05-07T23:36:41.665207+00:00,Intervention,IV-0ABF4486,SMB Re-engagement Offer — High Churn Risk,retention,Segment: SMB | Effort: High,$49.00 revenue impact | Priority: Low,Send personalised in-app re-engagement campaign with 15% discount for 3-month commitment. Follow up with feature tutorial email sequence.,Medium
TRC-1E1A7F0181,2026-05-07T23:36:41.665212+00:00,Intervention,IV-34181B98,SMB Re-engagement Offer — High Churn Risk,retention,Segment: SMB | Effort: High,$49.00 revenue impact | Priority: Low,Send personalised in-app re-engagement campaign with 15% discount for 3-month commitment. Follow up with feature tutorial email sequence.,Medium
TRC-4D30FB2AFE,2026-05-07T23:36:41.665217+00:00,Intervention,IV-D71E2005,SMB Re-engagement Offer — High Churn Risk,retention,Segment: SMB | Effort: High,$49.00 revenue impact | Priority: Low,Send personalised in-app re-engagement campaign with 15% discount for 3-month commitment. Follow up with feature tutorial email sequence.,Medium
TRC-2EEAFB014A,2026-05-07T23:36:41.665221+00:00,Intervention,IV-C06D34BD,SMB Re-engagement Offer — High Churn Risk,retention,Segment: SMB | Effort: High,$49.00 revenue impact | Priority: Low,Send personalised in-app re-engagement campaign with 15% discount for 3-month commitment. Follow up with feature tutorial email sequence.,Medium
TRC-85493D10C1,2026-05-07T23:36:41.665226+00:00,Intervention,IV-3A588CFE,SMB Re-engagement Offer — High Churn Risk,retention,Segment: SMB | Effort: High,$49.00 revenue impact | Priority: Low,Send personalised in-app re-engagement campaign with 15% discount for 3-month commitment. Follow up with feature tutorial email sequence.,Medium
TRC-424C8FD86C,2026-05-07T23:36:41.665231+00:00,Intervention,IV-CB53526A,SMB Re-engagement Offer — High Churn Risk,retention,Segment: SMB | Effort: High,$49.00 revenue impact | Priority: Low,Send personalised in-app re-engagement campaign with 15% discount for 3-month commitment. Follow up with feature tutorial email sequence.,Medium
TRC-FADA19F8B7,2026-05-07T23:36:41.665235+00:00,Intervention,IV-780500C6,SMB Re-engagement Offer — High Churn Risk,retention,Segment: SMB | Effort: High,$49.00 revenue impact | Priority: Low,Send personalised in-app re-engagement campaign with 15% discount for 3-month commitment. Follow up with feature tutorial email sequence.,Medium
TRC-4FF32B562F,2026-05-07T23:36:41.665240+00:00,Intervention,IV-2B665D45,SMB Re-engagement Offer — High Churn Risk,retention,Segment: SMB | Effort: High,$49.00 revenue impact | Priority: Low,Send personalised in-app re-engagement campaign with 15% discount for 3-month commitment. Follow up with feature tutorial email sequence.,Medium
TRC-A443B3A703,2026-05-07T23:36:41.665245+00:00,Intervention,IV-B4012A61,SMB Re-engagement Offer — High Churn Risk,retention,Segment: SMB | Effort: High,$49.00 revenue impact | Priority: Low,Send personalised in-app re-engagement campaign with 15% discount for 3-month commitment. Follow up with feature tutorial email sequence.,Medium
TRC-1C508C36B9,2026-05-07T23:36:41.665249+00:00,Intervention,IV-267527AD,SMB Re-engagement Offer — High Churn Risk,retention,Segment: SMB | Effort: High,$49.00 revenue impact | Priority: Low,Send personalised in-app re-engagement campaign with 15% discount for 3-month commitment. Follow up with feature tutorial email sequence.,Medium
TRC-FB8FCEA7D5,2026-05-07T23:36:41.665254+00:00,Intervention,IV-3FE95808,SMB Re-engagement Offer — High Churn Risk,retention,Segment: SMB | Effort: High,$49.00 revenue impact | Priority: Low,Send personalised in-app re-engagement campaign with 15% discount for 3-month commitment. Follow up with feature tutorial email sequence.,Medium
TRC-916AD3F9EE,2026-05-07T23:36:41.665259+00:00,Intervention,IV-1035ED0D,SMB Re-engagement Offer — High Churn Risk,retention,Segment: SMB | Effort: High,$49.00 revenue impact | Priority: Low,Send personalised in-app re-engagement campaign with 15% discount for 3-month commitment. Follow up with feature tutorial email sequence.,Medium
TRC-09A93588DB,2026-05-07T23:36:41.665263+00:00,Intervention,IV-80BEC184,SMB Re-engagement Offer — High Churn Risk,retention,Segment: SMB | Effort: High,$49.00 revenue impact | Priority: Low,Send personalised in-app re-engagement campaign with 15% discount for 3-month commitment. Follow up with feature tutorial email sequence.,Medium
TRC-BA24F764D3,2026-05-07T23:36:41.665268+00:00,Intervention,IV-1EC33274,SMB Re-engagement Offer — High Churn Risk,retention,Segment: SMB | Effort: High,$49.00 revenue impact | Priority: Low,Send personalised in-app re-engagement campaign with 15% discount for 3-month commitment. Follow up with feature tutorial email sequence.,Medium
TRC-DB803F2034,2026-05-07T23:36:41.665273+00:00,Intervention,IV-9CAD9B8D,SMB Re-engagement Offer — High Churn Risk,retention,Segment: SMB | Effort: High,$49.00 revenue impact | Priority: Low,Send personalised in-app re-engagement campaign with 15% discount for 3-month commitment. Follow up with feature tutorial email sequence.,Medium
TRC-0E30CC0E4A,2026-05-07T23:36:41.665277+00:00,Intervention,IV-FC3C844B,SMB Re-engagement Offer — High Churn Risk,retention,Segment: SMB | Effort: High,$49.00 revenue impact | Priority: Low,Send personalised in-app re-engagement campaign with 15% discount for 3-month commitment. Follow up with feature tutorial email sequence.,Medium
TRC-1BB1649DB7,2026-05-07T23:36:41.665282+00:00,Intervention,IV-A46C0A8A,SMB Re-engagement Offer — High Churn Risk,retention,Segment: SMB | Effort: High,$49.00 revenue impact | Priority: Low,Send personalised in-app re-engagement campaign with 15% discount for 3-month commitment. Follow up with feature tutorial email sequence.,Medium
TRC-EA4866756C,2026-05-07T23:36:41.665287+00:00,Intervention,IV-6F7257E6,SMB Re-engagement Offer — High Churn Risk,retention,Segment: SMB | Effort: High,$49.00 revenue impact | Priority: Low,Send personalised in-app re-engagement campaign with 15% discount for 3-month commitment. Follow up with feature tutorial email sequence.,Medium
TRC-800F2BDED1,2026-05-07T23:36:41.665292+00:00,Intervention,IV-2065C9BB,SMB Re-engagement Offer — High Churn Risk,retention,Segment: SMB | Effort: High,$49.00 revenue impact | Priority: Low,Send personalised in-app re-engagement campaign with 15% discount for 3-month commitment. Follow up with feature tutorial email sequence.,Medium
TRC-98BC83005C,2026-05-07T23:36:41.665296+00:00,Intervention,IV-BD7ABB88,SMB Re-engagement Offer — High Churn Risk,retention,Segment: SMB | Effort: High,$49.00 revenue impact | Priority: Low,Send personalised in-app re-engagement campaign with 15% discount for 3-month commitment. Follow up with feature tutorial email sequence.,Medium
TRC-394424B0C0,2026-05-07T23:36:41.665301+00:00,Intervention,IV-3CF89A7A,SMB Re-engagement Offer — High Churn Risk,retention,Segment: SMB | Effort: High,$49.00 revenue impact | Priority: Low,Send personalised in-app re-engagement campaign with 15% discount for 3-month commitment. Follow up with feature tutorial email sequence.,Medium
TRC-8955FCD691,2026-05-07T23:36:41.665305+00:00,Intervention,IV-070586B9,SMB Re-engagement Offer — High Churn Risk,retention,Segment: SMB | Effort: High,$49.00 revenue impact | Priority: Low,Send personalised in-app re-engagement campaign with 15% discount for 3-month commitment. Follow up with feature tutorial email sequence.,Medium
TRC-E164A93541,2026-05-07T23:36:41.665310+00:00,Intervention,IV-549AAC07,SMB Re-engagement Offer — High Churn Risk,retention,Segment: SMB | Effort: High,$49.00 revenue impact | Priority: Low,Send personalised in-app re-engagement campaign with 15% discount for 3-month commitment. Follow up with feature tutorial email sequence.,Medium
TRC-7E3F6AE596,2026-05-07T23:36:41.665315+00:00,Intervention,IV-EC4B7DF2,SMB Re-engagement Offer — High Churn Risk,retention,Segment: SMB | Effort: High,$49.00 revenue impact | Priority: Low,Send personalised in-app re-engagement campaign with 15% discount for 3-month commitment. Follow up with feature tutorial email sequence.,Medium
TRC-4F0C95B27E,2026-05-07T23:36:41.665319+00:00,Intervention,IV-9595F622,SMB Re-engagement Offer — High Churn Risk,retention,Segment: SMB | Effort: High,$49.00 revenue impact | Priority: Low,Send personalised in-app re-engagement campaign with 15% discount for 3-month commitment. Follow up with feature tutorial email sequence.,Medium
TRC-CA7166C8E2,2026-05-07T23:36:41.665324+00:00,Intervention,IV-852CC286,SMB Re-engagement Offer — High Churn Risk,retention,Segment: SMB | Effort: High,$49.00 revenue impact | Priority: Low,Send personalised in-app re-engagement campaign with 15% discount for 3-month commitment. Follow up with feature tutorial email sequence.,Medium
TRC-31F078C983,2026-05-07T23:36:41.665329+00:00,Intervention,IV-5F5BB08C,SMB Re-engagement Offer — High Churn Risk,retention,Segment: SMB | Effort: High,$49.00 revenue impact | Priority: Low,Send personalised in-app re-engagement campaign with 15% discount for 3-month commitment. Follow up with feature tutorial email sequence.,Medium
TRC-CE82A25073,2026-05-07T23:36:41.665333+00:00,Intervention,IV-EC746187,SMB Re-engagement Offer — High Churn Risk,retention,Segment: SMB | Effort: High,$49.00 revenue impact | Priority: Low,Send personalised in-app re-engagement campaign with 15% discount for 3-month commitment. Follow up with feature tutorial email sequence.,Medium
TRC-D60A8B5DE6,2026-05-07T23:36:41.665338+00:00,Intervention,IV-C64F24CB,SMB Re-engagement Offer — High Churn Risk,retention,Segment: SMB | Effort: High,$49.00 revenue impact | Priority: Low,Send personalised in-app re-engagement campaign with 15% discount for 3-month commitment. Follow up with feature tutorial email sequence.,Medium
TRC-7EE234DD6A,2026-05-07T23:36:41.665343+00:00,Intervention,IV-4D130098,SMB Re-engagement Offer — High Churn Risk,retention,Segment: SMB | Effort: High,$49.00 revenue impact | Priority: Low,Send personalised in-app re-engagement campaign with 15% discount for 3-month commitment. Follow up with feature tutorial email sequence.,Medium
TRC-3D3D768F53,2026-05-07T23:36:41.665347+00:00,Intervention,IV-E3E5CE4C,SMB Re-engagement Offer — High Churn Risk,retention,Segment: SMB | Effort: High,$49.00 revenue impact | Priority: Low,Send personalised in-app re-engagement campaign with 15% discount for 3-month commitment. Follow up with feature tutorial email sequence.,Medium
TRC-65708CF0C8,2026-05-07T23:36:41.665352+00:00,Intervention,IV-487EB74F,SMB Re-engagement Offer — High Churn Risk,retention,Segment: SMB | Effort: High,$0.00 revenue impact | Priority: Low,Send personalised in-app re-engagement campaign with 15% discount for 3-month commitment. Follow up with feature tutorial email sequence.,Medium
TRC-901F28F9D4,2026-05-07T23:36:41.665357+00:00,Intervention,IV-A89549B6,Proactive Billing Intervention — Payment Risk Driver Detected,billing_recovery,Segment: SMB | Effort: Low,$0.00 revenue impact | Priority: Low,Contact customer directly to confirm payment details and offer alternative payment methods before the subscription lapses.,Medium
TRC-CEAB8A7712,2026-05-07T23:36:41.665362+00:00,Intervention,IV-57D4507B,Proactive Billing Intervention — Payment Risk Driver Detected,billing_recovery,Segment: Enterprise | Effort: Low,$0.00 revenue impact | Priority: Low,Contact customer directly to confirm payment details and offer alternative payment methods before the subscription lapses.,Medium
TRC-7585A79418,2026-05-07T23:36:41.665366+00:00,Intervention,IV-C7B0CAC7,SMB Re-engagement Offer — High Churn Risk,retention,Segment: SMB | Effort: High,$0.00 revenue impact | Priority: Low,Send personalised in-app re-engagement campaign with 15% discount for 3-month commitment. Follow up with feature tutorial email sequence.,Medium
TRC-B7800225EC,2026-05-07T23:36:41.665371+00:00,Intervention,IV-8B82C774,Proactive Billing Intervention — Payment Risk Driver Detected,billing_recovery,Segment: SMB | Effort: Low,$0.00 revenue impact | Priority: Low,Contact customer directly to confirm payment details and offer alternative payment methods before the subscription lapses.,Medium
TRC-BE2FC9D889,2026-05-07T23:36:41.665438+00:00,Intervention,IV-C0E22EB6,Proactive Billing Intervention — Payment Risk Driver Detected,billing_recovery,Segment: Enterprise | Effort: Low,$0.00 revenue impact | Priority: Low,Contact customer directly to confirm payment details and offer alternative payment methods before the subscription lapses.,Medium
TRC-055D5D29FF,2026-05-07T23:36:41.665465+00:00,Intervention,IV-CEB9C3EA,Proactive Billing Intervention — Payment Risk Driver Detected,billing_recovery,Segment: Startup | Effort: Low,$0.00 revenue impact | Priority: Low,Contact customer directly to confirm payment details and offer alternative payment methods before the subscription lapses.,Medium
TRC-E3CFA0AE26,2026-05-07T23:36:41.665472+00:00,Intervention,IV-C3603BCA,SMB Re-engagement Offer — High Churn Risk,retention,Segment: SMB | Effort: High,$0.00 revenue impact | Priority: Low,Send personalised in-app re-engagement campaign with 15% discount for 3-month commitment. Follow up with feature tutorial email sequence.,Medium
TRC-91AE4A815B,2026-05-07T23:36:41.665478+00:00,Intervention,IV-6DCB965C,Proactive Billing Intervention — Payment Risk Driver Detected,billing_recovery,Segment: SMB | Effort: Low,$0.00 revenue impact | Priority: Low,Contact customer directly to confirm payment details and offer alternative payment methods before the subscription lapses.,Medium
TRC-12DA5E122A,2026-05-07T23:36:41.665484+00:00,Intervention,IV-B3D1DD71,Proactive Billing Intervention — Payment Risk Driver Detected,billing_recovery,Segment: Startup | Effort: Low,$0.00 revenue impact | Priority: Low,Contact customer directly to confirm payment details and offer alternative payment methods before the subscription lapses.,Medium
TRC-9FAA398297,2026-05-07T23:36:41.665489+00:00,Intervention,IV-B0FC48AF,SMB Re-engagement Offer — High Churn Risk,retention,Segment: SMB | Effort: High,$0.00 revenue impact | Priority: Low,Send personalised in-app re-engagement campaign with 15% discount for 3-month commitment. Follow up with feature tutorial email sequence.,Medium
TRC-52AE815364,2026-05-07T23:36:41.665494+00:00,Intervention,IV-9DD54DAA,Proactive Billing Intervention — Payment Risk Driver Detected,billing_recovery,Segment: SMB | Effort: Low,$0.00 revenue impact | Priority: Low,Contact customer directly to confirm payment details and offer alternative payment methods before the subscription lapses.,Medium
TRC-16F37C0765,2026-05-07T23:36:41.665499+00:00,Intervention,IV-31007472,SMB Re-engagement Offer — High Churn Risk,retention,Segment: SMB | Effort: High,$0.00 revenue impact | Priority: Low,Send personalised in-app re-engagement campaign with 15% discount for 3-month commitment. Follow up with feature tutorial email sequence.,Medium
TRC-D7A90AA09C,2026-05-07T23:36:41.665504+00:00,Intervention,IV-63AE39B6,Proactive Billing Intervention — Payment Risk Driver Detected,billing_recovery,Segment: SMB | Effort: Low,$0.00 revenue impact | Priority: Low,Contact customer directly to confirm payment details and offer alternative payment methods before the subscription lapses.,Medium
TRC-363E613FD0,2026-05-07T23:36:41.665509+00:00,Intervention,IV-D426CF40,Proactive Billing Intervention — Payment Risk Driver Detected,billing_recovery,Segment: Enterprise | Effort: Low,$0.00 revenue impact | Priority: Low,Contact customer directly to confirm payment details and offer alternative payment methods before the subscription lapses.,Medium
TRC-EE56D415DE,2026-05-07T23:36:41.665514+00:00,Intervention,IV-0DB86A56,SMB Re-engagement Offer — High Churn Risk,retention,Segment: SMB | Effort: High,$0.00 revenue impact | Priority: Low,Send personalised in-app re-engagement campaign with 15% discount for 3-month commitment. Follow up with feature tutorial email sequence.,Medium
TRC-6647A6DC0C,2026-05-07T23:36:41.665519+00:00,Intervention,IV-39CEFA48,Proactive Billing Intervention — Payment Risk Driver Detected,billing_recovery,Segment: SMB | Effort: Low,$0.00 revenue impact | Priority: Low,Contact customer directly to confirm payment details and offer alternative payment methods before the subscription lapses.,Medium
TRC-13984D90E8,2026-05-07T23:36:41.665525+00:00,Intervention,IV-D4C89FDB,Proactive Billing Intervention — Payment Risk Driver Detected,billing_recovery,Segment: Enterprise | Effort: Low,$0.00 revenue impact | Priority: Low,Contact customer directly to confirm payment details and offer alternative payment methods before the subscription lapses.,Medium
TRC-0729206F90,2026-05-07T23:36:41.665530+00:00,Intervention,IV-11F67073,Proactive Billing Intervention — Payment Risk Driver Detected,billing_recovery,Segment: Startup | Effort: Low,$0.00 revenue impact | Priority: Low,Contact customer directly to confirm payment details and offer alternative payment methods before the subscription lapses.,Medium
TRC-F4354AFAE8,2026-05-07T23:36:41.665535+00:00,Intervention,IV-D0595057,Proactive Billing Intervention — Payment Risk Driver Detected,billing_recovery,Segment: Mid-Market | Effort: Low,$0.00 revenue impact | Priority: Low,Contact customer directly to confirm payment details and offer alternative payment methods before the subscription lapses.,Medium
TRC-E8E2CE53FB,2026-05-07T23:36:41.665540+00:00,Intervention,IV-BAAD1562,SMB Re-engagement Offer — High Churn Risk,retention,Segment: SMB | Effort: High,$0.00 revenue impact | Priority: Low,Send personalised in-app re-engagement campaign with 15% discount for 3-month commitment. Follow up with feature tutorial email sequence.,Medium
TRC-3B6E0651A0,2026-05-07T23:36:41.665545+00:00,Intervention,IV-79C9732A,Proactive Billing Intervention — Payment Risk Driver Detected,billing_recovery,Segment: SMB | Effort: Low,$0.00 revenue impact | Priority: Low,Contact customer directly to confirm payment details and offer alternative payment methods before the subscription lapses.,Medium
TRC-3879EF5737,2026-05-07T23:36:41.665550+00:00,Intervention,IV-B5F75FD7,SMB Re-engagement Offer — High Churn Risk,retention,Segment: SMB | Effort: High,$0.00 revenue impact | Priority: Low,Send personalised in-app re-engagement campaign with 15% discount for 3-month commitment. Follow up with feature tutorial email sequence.,Medium
TRC-1CA0B356B3,2026-05-07T23:36:41.665554+00:00,Intervention,IV-10332584,Proactive Billing Intervention — Payment Risk Driver Detected,billing_recovery,Segment: SMB | Effort: Low,$0.00 revenue impact | Priority: Low,Contact customer directly to confirm payment details and offer alternative payment methods before the subscription lapses.,Medium
TRC-5700C44E45,2026-05-07T23:36:41.665559+00:00,Intervention,IV-C72ACB86,Proactive Billing Intervention — Payment Risk Driver Detected,billing_recovery,Segment: Startup | Effort: Low,$0.00 revenue impact | Priority: Low,Contact customer directly to confirm payment details and offer alternative payment methods before the subscription lapses.,Medium
TRC-D79852C119,2026-05-07T23:36:41.665564+00:00,Intervention,IV-28DAE11D,SMB Re-engagement Offer — High Churn Risk,retention,Segment: SMB | Effort: High,$0.00 revenue impact | Priority: Low,Send personalised in-app re-engagement campaign with 15% discount for 3-month commitment. Follow up with feature tutorial email sequence.,Medium
TRC-EC0AEA2E32,2026-05-07T23:36:41.665569+00:00,Intervention,IV-70FD1D0A,Proactive Billing Intervention — Payment Risk Driver Detected,billing_recovery,Segment: SMB | Effort: Low,$0.00 revenue impact | Priority: Low,Contact customer directly to confirm payment details and offer alternative payment methods before the subscription lapses.,Medium
