rule_id,recommendation_title,category,customer_id,segment,reason,affected_customers,estimated_revenue_impact,impact_score,confidence_level,confidence_weight,suggested_owner,evidence_source,priority_score,priority_band
REC_002,Automated Payment Recovery — Failed Transaction,billing_recovery,CUST-cd829f38,SMB,"Trigger dunning sequence: retry payment after 3 days, send payment update email after 5 days, escalate to CSM after 10 days.",1,5997.0,11394.3,High,0.95,Billing Automation,"3 failed transaction(s) totalling $5,997.00.",10824.585,Critical
REC_002,Automated Payment Recovery — Failed Transaction,billing_recovery,CUST-0b7c7824,SMB,"Trigger dunning sequence: retry payment after 3 days, send payment update email after 5 days, escalate to CSM after 10 days.",1,3998.0,7596.2,High,0.95,Billing Automation,"2 failed transaction(s) totalling $3,998.00.",7216.389999999999,Critical
REC_002,Automated Payment Recovery — Failed Transaction,billing_recovery,CUST-2df1ba81,Mid-Market,"Trigger dunning sequence: retry payment after 3 days, send payment update email after 5 days, escalate to CSM after 10 days.",1,3998.0,7596.2,High,0.95,Billing Automation,"2 failed transaction(s) totalling $3,998.00.",7216.389999999999,Critical
REC_002,Automated Payment Recovery — Failed Transaction,billing_recovery,CUST-497a034b,SMB,"Trigger dunning sequence: retry payment after 3 days, send payment update email after 5 days, escalate to CSM after 10 days.",1,3998.0,7596.2,High,0.95,Billing Automation,"2 failed transaction(s) totalling $3,998.00.",7216.389999999999,Critical
REC_002,Automated Payment Recovery — Failed Transaction,billing_recovery,CUST-4afd5e85,Startup,"Trigger dunning sequence: retry payment after 3 days, send payment update email after 5 days, escalate to CSM after 10 days.",1,3998.0,7596.2,High,0.95,Billing Automation,"2 failed transaction(s) totalling $3,998.00.",7216.389999999999,Critical
REC_002,Automated Payment Recovery — Failed Transaction,billing_recovery,CUST-4f590e9e,Mid-Market,"Trigger dunning sequence: retry payment after 3 days, send payment update email after 5 days, escalate to CSM after 10 days.",1,3998.0,7596.2,High,0.95,Billing Automation,"2 failed transaction(s) totalling $3,998.00.",7216.389999999999,Critical
REC_002,Automated Payment Recovery — Failed Transaction,billing_recovery,CUST-851eac8a,Startup,"Trigger dunning sequence: retry payment after 3 days, send payment update email after 5 days, escalate to CSM after 10 days.",1,3998.0,7596.2,High,0.95,Billing Automation,"2 failed transaction(s) totalling $3,998.00.",7216.389999999999,Critical
REC_002,Automated Payment Recovery — Failed Transaction,billing_recovery,CUST-a6015aab,Startup,"Trigger dunning sequence: retry payment after 3 days, send payment update email after 5 days, escalate to CSM after 10 days.",1,3998.0,7596.2,High,0.95,Billing Automation,"2 failed transaction(s) totalling $3,998.00.",7216.389999999999,Critical
REC_002,Automated Payment Recovery — Failed Transaction,billing_recovery,CUST-b9ccd764,SMB,"Trigger dunning sequence: retry payment after 3 days, send payment update email after 5 days, escalate to CSM after 10 days.",1,3998.0,7596.2,High,0.95,Billing Automation,"2 failed transaction(s) totalling $3,998.00.",7216.389999999999,Critical
REC_002,Automated Payment Recovery — Failed Transaction,billing_recovery,CUST-bf5881bd,SMB,"Trigger dunning sequence: retry payment after 3 days, send payment update email after 5 days, escalate to CSM after 10 days.",1,3998.0,7596.2,High,0.95,Billing Automation,"2 failed transaction(s) totalling $3,998.00.",7216.389999999999,Critical
REC_002,Automated Payment Recovery — Failed Transaction,billing_recovery,CUST-074d9d90,Startup,"Trigger dunning sequence: retry payment after 3 days, send payment update email after 5 days, escalate to CSM after 10 days.",1,1999.0,3798.1,High,0.95,Billing Automation,"1 failed transaction(s) totalling $1,999.00.",3608.1949999999997,High
REC_002,Automated Payment Recovery — Failed Transaction,billing_recovery,CUST-21c968b7,SMB,"Trigger dunning sequence: retry payment after 3 days, send payment update email after 5 days, escalate to CSM after 10 days.",1,1999.0,3798.1,High,0.95,Billing Automation,"1 failed transaction(s) totalling $1,999.00.",3608.1949999999997,High
REC_002,Automated Payment Recovery — Failed Transaction,billing_recovery,CUST-24c07e17,Startup,"Trigger dunning sequence: retry payment after 3 days, send payment update email after 5 days, escalate to CSM after 10 days.",1,1999.0,3798.1,High,0.95,Billing Automation,"1 failed transaction(s) totalling $1,999.00.",3608.1949999999997,High
REC_002,Automated Payment Recovery — Failed Transaction,billing_recovery,CUST-299705d5,Mid-Market,"Trigger dunning sequence: retry payment after 3 days, send payment update email after 5 days, escalate to CSM after 10 days.",1,1999.0,3798.1,High,0.95,Billing Automation,"1 failed transaction(s) totalling $1,999.00.",3608.1949999999997,High
REC_002,Automated Payment Recovery — Failed Transaction,billing_recovery,CUST-2c7d29f7,Startup,"Trigger dunning sequence: retry payment after 3 days, send payment update email after 5 days, escalate to CSM after 10 days.",1,1999.0,3798.1,High,0.95,Billing Automation,"1 failed transaction(s) totalling $1,999.00.",3608.1949999999997,High
REC_002,Automated Payment Recovery — Failed Transaction,billing_recovery,CUST-3500572a,Enterprise,"Trigger dunning sequence: retry payment after 3 days, send payment update email after 5 days, escalate to CSM after 10 days.",1,1999.0,3798.1,High,0.95,Billing Automation,"1 failed transaction(s) totalling $1,999.00.",3608.1949999999997,High
REC_002,Automated Payment Recovery — Failed Transaction,billing_recovery,CUST-4c6b89e4,Enterprise,"Trigger dunning sequence: retry payment after 3 days, send payment update email after 5 days, escalate to CSM after 10 days.",1,1999.0,3798.1,High,0.95,Billing Automation,"1 failed transaction(s) totalling $1,999.00.",3608.1949999999997,High
REC_002,Automated Payment Recovery — Failed Transaction,billing_recovery,CUST-52e0831d,SMB,"Trigger dunning sequence: retry payment after 3 days, send payment update email after 5 days, escalate to CSM after 10 days.",1,1999.0,3798.1,High,0.95,Billing Automation,"1 failed transaction(s) totalling $1,999.00.",3608.1949999999997,High
REC_002,Automated Payment Recovery — Failed Transaction,billing_recovery,CUST-5c0dec8c,SMB,"Trigger dunning sequence: retry payment after 3 days, send payment update email after 5 days, escalate to CSM after 10 days.",1,1999.0,3798.1,High,0.95,Billing Automation,"1 failed transaction(s) totalling $1,999.00.",3608.1949999999997,High
REC_002,Automated Payment Recovery — Failed Transaction,billing_recovery,CUST-5c1555b0,SMB,"Trigger dunning sequence: retry payment after 3 days, send payment update email after 5 days, escalate to CSM after 10 days.",1,1999.0,3798.1,High,0.95,Billing Automation,"1 failed transaction(s) totalling $1,999.00.",3608.1949999999997,High
REC_002,Automated Payment Recovery — Failed Transaction,billing_recovery,CUST-75e23e92,Startup,"Trigger dunning sequence: retry payment after 3 days, send payment update email after 5 days, escalate to CSM after 10 days.",1,1999.0,3798.1,High,0.95,Billing Automation,"1 failed transaction(s) totalling $1,999.00.",3608.1949999999997,High
REC_002,Automated Payment Recovery — Failed Transaction,billing_recovery,CUST-7ca5b17f,Startup,"Trigger dunning sequence: retry payment after 3 days, send payment update email after 5 days, escalate to CSM after 10 days.",1,1999.0,3798.1,High,0.95,Billing Automation,"1 failed transaction(s) totalling $1,999.00.",3608.1949999999997,High
REC_002,Automated Payment Recovery — Failed Transaction,billing_recovery,CUST-7ebb7f1d,Enterprise,"Trigger dunning sequence: retry payment after 3 days, send payment update email after 5 days, escalate to CSM after 10 days.",1,1999.0,3798.1,High,0.95,Billing Automation,"1 failed transaction(s) totalling $1,999.00.",3608.1949999999997,High
REC_002,Automated Payment Recovery — Failed Transaction,billing_recovery,CUST-86702cb0,SMB,"Trigger dunning sequence: retry payment after 3 days, send payment update email after 5 days, escalate to CSM after 10 days.",1,1999.0,3798.1,High,0.95,Billing Automation,"1 failed transaction(s) totalling $1,999.00.",3608.1949999999997,High
REC_002,Automated Payment Recovery — Failed Transaction,billing_recovery,CUST-86a003bd,SMB,"Trigger dunning sequence: retry payment after 3 days, send payment update email after 5 days, escalate to CSM after 10 days.",1,1999.0,3798.1,High,0.95,Billing Automation,"1 failed transaction(s) totalling $1,999.00.",3608.1949999999997,High
REC_002,Automated Payment Recovery — Failed Transaction,billing_recovery,CUST-8f218ce4,SMB,"Trigger dunning sequence: retry payment after 3 days, send payment update email after 5 days, escalate to CSM after 10 days.",1,1999.0,3798.1,High,0.95,Billing Automation,"1 failed transaction(s) totalling $1,999.00.",3608.1949999999997,High
REC_002,Automated Payment Recovery — Failed Transaction,billing_recovery,CUST-a2e1db5f,SMB,"Trigger dunning sequence: retry payment after 3 days, send payment update email after 5 days, escalate to CSM after 10 days.",1,1999.0,3798.1,High,0.95,Billing Automation,"1 failed transaction(s) totalling $1,999.00.",3608.1949999999997,High
REC_002,Automated Payment Recovery — Failed Transaction,billing_recovery,CUST-aa102666,SMB,"Trigger dunning sequence: retry payment after 3 days, send payment update email after 5 days, escalate to CSM after 10 days.",1,1999.0,3798.1,High,0.95,Billing Automation,"1 failed transaction(s) totalling $1,999.00.",3608.1949999999997,High
REC_002,Automated Payment Recovery — Failed Transaction,billing_recovery,CUST-c05dbfe0,SMB,"Trigger dunning sequence: retry payment after 3 days, send payment update email after 5 days, escalate to CSM after 10 days.",1,1999.0,3798.1,High,0.95,Billing Automation,"1 failed transaction(s) totalling $1,999.00.",3608.1949999999997,High
REC_002,Automated Payment Recovery — Failed Transaction,billing_recovery,CUST-c8614e6b,SMB,"Trigger dunning sequence: retry payment after 3 days, send payment update email after 5 days, escalate to CSM after 10 days.",1,1999.0,3798.1,High,0.95,Billing Automation,"1 failed transaction(s) totalling $1,999.00.",3608.1949999999997,High
REC_002,Automated Payment Recovery — Failed Transaction,billing_recovery,CUST-d37215ec,Startup,"Trigger dunning sequence: retry payment after 3 days, send payment update email after 5 days, escalate to CSM after 10 days.",1,1999.0,3798.1,High,0.95,Billing Automation,"1 failed transaction(s) totalling $1,999.00.",3608.1949999999997,High
REC_002,Automated Payment Recovery — Failed Transaction,billing_recovery,CUST-d5aa617c,Startup,"Trigger dunning sequence: retry payment after 3 days, send payment update email after 5 days, escalate to CSM after 10 days.",1,1999.0,3798.1,High,0.95,Billing Automation,"1 failed transaction(s) totalling $1,999.00.",3608.1949999999997,High
REC_002,Automated Payment Recovery — Failed Transaction,billing_recovery,CUST-d729efdd,SMB,"Trigger dunning sequence: retry payment after 3 days, send payment update email after 5 days, escalate to CSM after 10 days.",1,1999.0,3798.1,High,0.95,Billing Automation,"1 failed transaction(s) totalling $1,999.00.",3608.1949999999997,High
REC_002,Automated Payment Recovery — Failed Transaction,billing_recovery,CUST-dcc76514,SMB,"Trigger dunning sequence: retry payment after 3 days, send payment update email after 5 days, escalate to CSM after 10 days.",1,1999.0,3798.1,High,0.95,Billing Automation,"1 failed transaction(s) totalling $1,999.00.",3608.1949999999997,High
REC_002,Automated Payment Recovery — Failed Transaction,billing_recovery,CUST-de70085f,SMB,"Trigger dunning sequence: retry payment after 3 days, send payment update email after 5 days, escalate to CSM after 10 days.",1,1999.0,3798.1,High,0.95,Billing Automation,"1 failed transaction(s) totalling $1,999.00.",3608.1949999999997,High
REC_002,Automated Payment Recovery — Failed Transaction,billing_recovery,CUST-fc9e42ca,Enterprise,"Trigger dunning sequence: retry payment after 3 days, send payment update email after 5 days, escalate to CSM after 10 days.",1,1999.0,3798.1,High,0.95,Billing Automation,"1 failed transaction(s) totalling $1,999.00.",3608.1949999999997,High
REC_002,Automated Payment Recovery — Failed Transaction,billing_recovery,CUST-3dabf8c6,SMB,"Trigger dunning sequence: retry payment after 3 days, send payment update email after 5 days, escalate to CSM after 10 days.",1,1996.0,3792.3999999999996,High,0.95,Billing Automation,"4 failed transaction(s) totalling $1,996.00.",3602.7799999999993,High
REC_002,Automated Payment Recovery — Failed Transaction,billing_recovery,CUST-6e8f035e,Enterprise,"Trigger dunning sequence: retry payment after 3 days, send payment update email after 5 days, escalate to CSM after 10 days.",1,1996.0,3792.3999999999996,High,0.95,Billing Automation,"4 failed transaction(s) totalling $1,996.00.",3602.7799999999993,High
REC_002,Automated Payment Recovery — Failed Transaction,billing_recovery,CUST-baa1212a,Startup,"Trigger dunning sequence: retry payment after 3 days, send payment update email after 5 days, escalate to CSM after 10 days.",1,1996.0,3792.3999999999996,High,0.95,Billing Automation,"4 failed transaction(s) totalling $1,996.00.",3602.7799999999993,High
REC_005,Past-Due Account Escalation,billing_recovery,CUST-891033ce,SMB,Escalate to finance for account hold review. Send formal payment demand notice and suspend non-critical features until resolved.,1,1999.0,3598.2000000000003,High,0.9,Finance Operations,"Subscription SUB-92a0d27f is Past Due — $1,999.00/month outstanding.",3238.38,High
REC_005,Past-Due Account Escalation,billing_recovery,CUST-dfea75c0,Startup,Escalate to finance for account hold review. Send formal payment demand notice and suspend non-critical features until resolved.,1,1999.0,3598.2000000000003,High,0.9,Finance Operations,"Subscription SUB-124db5a9 is Past Due — $1,999.00/month outstanding.",3238.38,High
REC_005,Past-Due Account Escalation,billing_recovery,CUST-8f1b655f,SMB,Escalate to finance for account hold review. Send formal payment demand notice and suspend non-critical features until resolved.,1,1999.0,3598.2000000000003,High,0.9,Finance Operations,"Subscription SUB-280a8a9e is Past Due — $1,999.00/month outstanding.",3238.38,High
REC_005,Past-Due Account Escalation,billing_recovery,CUST-c769d401,Startup,Escalate to finance for account hold review. Send formal payment demand notice and suspend non-critical features until resolved.,1,1999.0,3598.2000000000003,High,0.9,Finance Operations,"Subscription SUB-3b6e29d4 is Past Due — $1,999.00/month outstanding.",3238.38,High
REC_005,Past-Due Account Escalation,billing_recovery,CUST-3500572a,Enterprise,Escalate to finance for account hold review. Send formal payment demand notice and suspend non-critical features until resolved.,1,1999.0,3598.2000000000003,High,0.9,Finance Operations,"Subscription SUB-3a2b9ebf is Past Due — $1,999.00/month outstanding.",3238.38,High
REC_005,Past-Due Account Escalation,billing_recovery,CUST-2f2265e5,Startup,Escalate to finance for account hold review. Send formal payment demand notice and suspend non-critical features until resolved.,1,1999.0,3598.2000000000003,High,0.9,Finance Operations,"Subscription SUB-f0ed411c is Past Due — $1,999.00/month outstanding.",3238.38,High
REC_004,Proactive Billing Intervention — Payment Risk Driver Detected,billing_recovery,CUST-497a034b,SMB,Contact customer directly to confirm payment details and offer alternative payment methods before the subscription lapses.,1,1999.0,3998.0,Medium,0.8,Customer Success Manager,"Churn risk band: High. Drivers: Low NPS, Failed Payments.",3198.4,High
REC_004,Proactive Billing Intervention — Payment Risk Driver Detected,billing_recovery,CUST-86a003bd,SMB,Contact customer directly to confirm payment details and offer alternative payment methods before the subscription lapses.,1,1999.0,3998.0,Medium,0.8,Customer Success Manager,Churn risk band: High. Drivers: Failed Payments.,3198.4,High
REC_004,Proactive Billing Intervention — Payment Risk Driver Detected,billing_recovery,CUST-dcc76514,SMB,Contact customer directly to confirm payment details and offer alternative payment methods before the subscription lapses.,1,1999.0,3998.0,Medium,0.8,Customer Success Manager,Churn risk band: High. Drivers: Failed Payments.,3198.4,High
REC_004,Proactive Billing Intervention — Payment Risk Driver Detected,billing_recovery,CUST-7ca5b17f,Startup,Contact customer directly to confirm payment details and offer alternative payment methods before the subscription lapses.,1,1999.0,3998.0,Medium,0.8,Customer Success Manager,"Churn risk band: High. Drivers: Failed Payments, High Support Burden.",3198.4,High
REC_004,Proactive Billing Intervention — Payment Risk Driver Detected,billing_recovery,CUST-0b7c7824,SMB,Contact customer directly to confirm payment details and offer alternative payment methods before the subscription lapses.,1,1999.0,3998.0,Medium,0.8,Customer Success Manager,"Churn risk band: High. Drivers: Failed Payments, High Support Burden.",3198.4,High
REC_004,Proactive Billing Intervention — Payment Risk Driver Detected,billing_recovery,CUST-86702cb0,SMB,Contact customer directly to confirm payment details and offer alternative payment methods before the subscription lapses.,1,1999.0,3998.0,Medium,0.8,Customer Success Manager,"Churn risk band: High. Drivers: Failed Payments, High Support Burden.",3198.4,High
REC_004,Proactive Billing Intervention — Payment Risk Driver Detected,billing_recovery,CUST-d729efdd,SMB,Contact customer directly to confirm payment details and offer alternative payment methods before the subscription lapses.,1,1999.0,3998.0,Medium,0.8,Customer Success Manager,Churn risk band: High. Drivers: Failed Payments.,3198.4,High
REC_004,Proactive Billing Intervention — Payment Risk Driver Detected,billing_recovery,CUST-bf5881bd,SMB,Contact customer directly to confirm payment details and offer alternative payment methods before the subscription lapses.,1,1999.0,3998.0,Medium,0.8,Customer Success Manager,"Churn risk band: High. Drivers: Failed Payments, High Support Burden.",3198.4,High
REC_004,Proactive Billing Intervention — Payment Risk Driver Detected,billing_recovery,CUST-75e23e92,Startup,Contact customer directly to confirm payment details and offer alternative payment methods before the subscription lapses.,1,1999.0,3998.0,Medium,0.8,Customer Success Manager,"Churn risk band: High. Drivers: Failed Payments, High Support Burden.",3198.4,High
REC_004,Proactive Billing Intervention — Payment Risk Driver Detected,billing_recovery,CUST-299705d5,Mid-Market,Contact customer directly to confirm payment details and offer alternative payment methods before the subscription lapses.,1,1999.0,3998.0,Medium,0.8,Customer Success Manager,"Churn risk band: High. Drivers: Failed Payments, High Support Burden.",3198.4,High
REC_004,Proactive Billing Intervention — Payment Risk Driver Detected,billing_recovery,CUST-a6015aab,Startup,Contact customer directly to confirm payment details and offer alternative payment methods before the subscription lapses.,1,1999.0,3998.0,Medium,0.8,Customer Success Manager,"Churn risk band: Critical. Drivers: Low NPS, Failed Payments, High Support Burden.",3198.4,High
REC_004,Proactive Billing Intervention — Payment Risk Driver Detected,billing_recovery,CUST-4f590e9e,Mid-Market,Contact customer directly to confirm payment details and offer alternative payment methods before the subscription lapses.,1,1999.0,3998.0,Medium,0.8,Customer Success Manager,Churn risk band: High. Drivers: Failed Payments.,3198.4,High
REC_004,Proactive Billing Intervention — Payment Risk Driver Detected,billing_recovery,CUST-5c1555b0,SMB,Contact customer directly to confirm payment details and offer alternative payment methods before the subscription lapses.,1,1999.0,3998.0,Medium,0.8,Customer Success Manager,Churn risk band: High. Drivers: Failed Payments.,3198.4,High
REC_004,Proactive Billing Intervention — Payment Risk Driver Detected,billing_recovery,CUST-a2e1db5f,SMB,Contact customer directly to confirm payment details and offer alternative payment methods before the subscription lapses.,1,1999.0,3998.0,Medium,0.8,Customer Success Manager,Churn risk band: High. Drivers: Failed Payments.,3198.4,High
REC_004,Proactive Billing Intervention — Payment Risk Driver Detected,billing_recovery,CUST-b9ccd764,SMB,Contact customer directly to confirm payment details and offer alternative payment methods before the subscription lapses.,1,1999.0,3998.0,Medium,0.8,Customer Success Manager,"Churn risk band: Critical. Drivers: Low NPS, Failed Payments, High Support Burden.",3198.4,High
REC_004,Proactive Billing Intervention — Payment Risk Driver Detected,billing_recovery,CUST-fc9e42ca,Enterprise,Contact customer directly to confirm payment details and offer alternative payment methods before the subscription lapses.,1,1999.0,3998.0,Medium,0.8,Customer Success Manager,"Churn risk band: High. Drivers: Failed Payments, High Support Burden.",3198.4,High
REC_004,Proactive Billing Intervention — Payment Risk Driver Detected,billing_recovery,CUST-074d9d90,Startup,Contact customer directly to confirm payment details and offer alternative payment methods before the subscription lapses.,1,1999.0,3998.0,Medium,0.8,Customer Success Manager,"Churn risk band: High. Drivers: Failed Payments, High Support Burden.",3198.4,High
REC_004,Proactive Billing Intervention — Payment Risk Driver Detected,billing_recovery,CUST-5c0dec8c,SMB,Contact customer directly to confirm payment details and offer alternative payment methods before the subscription lapses.,1,1999.0,3998.0,Medium,0.8,Customer Success Manager,"Churn risk band: High. Drivers: Low NPS, Failed Payments.",3198.4,High
REC_004,Proactive Billing Intervention — Payment Risk Driver Detected,billing_recovery,CUST-d5aa617c,Startup,Contact customer directly to confirm payment details and offer alternative payment methods before the subscription lapses.,1,1999.0,3998.0,Medium,0.8,Customer Success Manager,Churn risk band: High. Drivers: Failed Payments.,3198.4,High
REC_004,Proactive Billing Intervention — Payment Risk Driver Detected,billing_recovery,CUST-851eac8a,Startup,Contact customer directly to confirm payment details and offer alternative payment methods before the subscription lapses.,1,1999.0,3998.0,Medium,0.8,Customer Success Manager,"Churn risk band: High. Drivers: Failed Payments, High Support Burden.",3198.4,High
REC_004,Proactive Billing Intervention — Payment Risk Driver Detected,billing_recovery,CUST-cd829f38,SMB,Contact customer directly to confirm payment details and offer alternative payment methods before the subscription lapses.,1,1999.0,3998.0,Medium,0.8,Customer Success Manager,"Churn risk band: High. Drivers: Failed Payments, High Support Burden.",3198.4,High
REC_004,Proactive Billing Intervention — Payment Risk Driver Detected,billing_recovery,CUST-c8614e6b,SMB,Contact customer directly to confirm payment details and offer alternative payment methods before the subscription lapses.,1,1999.0,3998.0,Medium,0.8,Customer Success Manager,Churn risk band: High. Drivers: Failed Payments.,3198.4,High
REC_002,Automated Payment Recovery — Failed Transaction,billing_recovery,CUST-06216f1d,SMB,"Trigger dunning sequence: retry payment after 3 days, send payment update email after 5 days, escalate to CSM after 10 days.",1,1497.0,2844.2999999999997,High,0.95,Billing Automation,"3 failed transaction(s) totalling $1,497.00.",2702.0849999999996,High
REC_002,Automated Payment Recovery — Failed Transaction,billing_recovery,CUST-1b15aa7f,SMB,"Trigger dunning sequence: retry payment after 3 days, send payment update email after 5 days, escalate to CSM after 10 days.",1,1497.0,2844.2999999999997,High,0.95,Billing Automation,"3 failed transaction(s) totalling $1,497.00.",2702.0849999999996,High
REC_002,Automated Payment Recovery — Failed Transaction,billing_recovery,CUST-3f31b20c,Startup,"Trigger dunning sequence: retry payment after 3 days, send payment update email after 5 days, escalate to CSM after 10 days.",1,1497.0,2844.2999999999997,High,0.95,Billing Automation,"3 failed transaction(s) totalling $1,497.00.",2702.0849999999996,High
REC_002,Automated Payment Recovery — Failed Transaction,billing_recovery,CUST-5230f224,SMB,"Trigger dunning sequence: retry payment after 3 days, send payment update email after 5 days, escalate to CSM after 10 days.",1,1497.0,2844.2999999999997,High,0.95,Billing Automation,"3 failed transaction(s) totalling $1,497.00.",2702.0849999999996,High
REC_002,Automated Payment Recovery — Failed Transaction,billing_recovery,CUST-69d8dd48,SMB,"Trigger dunning sequence: retry payment after 3 days, send payment update email after 5 days, escalate to CSM after 10 days.",1,1497.0,2844.2999999999997,High,0.95,Billing Automation,"3 failed transaction(s) totalling $1,497.00.",2702.0849999999996,High
REC_002,Automated Payment Recovery — Failed Transaction,billing_recovery,CUST-06f970ba,Startup,"Trigger dunning sequence: retry payment after 3 days, send payment update email after 5 days, escalate to CSM after 10 days.",1,998.0,1896.1999999999998,High,0.95,Billing Automation,2 failed transaction(s) totalling $998.00.,1801.3899999999996,High
REC_002,Automated Payment Recovery — Failed Transaction,billing_recovery,CUST-2433fa8d,SMB,"Trigger dunning sequence: retry payment after 3 days, send payment update email after 5 days, escalate to CSM after 10 days.",1,998.0,1896.1999999999998,High,0.95,Billing Automation,2 failed transaction(s) totalling $998.00.,1801.3899999999996,High
REC_002,Automated Payment Recovery — Failed Transaction,billing_recovery,CUST-3abdec45,Mid-Market,"Trigger dunning sequence: retry payment after 3 days, send payment update email after 5 days, escalate to CSM after 10 days.",1,998.0,1896.1999999999998,High,0.95,Billing Automation,2 failed transaction(s) totalling $998.00.,1801.3899999999996,High
REC_002,Automated Payment Recovery — Failed Transaction,billing_recovery,CUST-4aefa190,Startup,"Trigger dunning sequence: retry payment after 3 days, send payment update email after 5 days, escalate to CSM after 10 days.",1,998.0,1896.1999999999998,High,0.95,Billing Automation,2 failed transaction(s) totalling $998.00.,1801.3899999999996,High
REC_002,Automated Payment Recovery — Failed Transaction,billing_recovery,CUST-614a1fad,SMB,"Trigger dunning sequence: retry payment after 3 days, send payment update email after 5 days, escalate to CSM after 10 days.",1,998.0,1896.1999999999998,High,0.95,Billing Automation,2 failed transaction(s) totalling $998.00.,1801.3899999999996,High
REC_002,Automated Payment Recovery — Failed Transaction,billing_recovery,CUST-6cd3f89c,Mid-Market,"Trigger dunning sequence: retry payment after 3 days, send payment update email after 5 days, escalate to CSM after 10 days.",1,998.0,1896.1999999999998,High,0.95,Billing Automation,2 failed transaction(s) totalling $998.00.,1801.3899999999996,High
REC_002,Automated Payment Recovery — Failed Transaction,billing_recovery,CUST-7edce303,Mid-Market,"Trigger dunning sequence: retry payment after 3 days, send payment update email after 5 days, escalate to CSM after 10 days.",1,998.0,1896.1999999999998,High,0.95,Billing Automation,2 failed transaction(s) totalling $998.00.,1801.3899999999996,High
REC_002,Automated Payment Recovery — Failed Transaction,billing_recovery,CUST-875d9921,SMB,"Trigger dunning sequence: retry payment after 3 days, send payment update email after 5 days, escalate to CSM after 10 days.",1,998.0,1896.1999999999998,High,0.95,Billing Automation,2 failed transaction(s) totalling $998.00.,1801.3899999999996,High
REC_002,Automated Payment Recovery — Failed Transaction,billing_recovery,CUST-87cb156c,Startup,"Trigger dunning sequence: retry payment after 3 days, send payment update email after 5 days, escalate to CSM after 10 days.",1,998.0,1896.1999999999998,High,0.95,Billing Automation,2 failed transaction(s) totalling $998.00.,1801.3899999999996,High
REC_002,Automated Payment Recovery — Failed Transaction,billing_recovery,CUST-b9f38cfc,SMB,"Trigger dunning sequence: retry payment after 3 days, send payment update email after 5 days, escalate to CSM after 10 days.",1,998.0,1896.1999999999998,High,0.95,Billing Automation,2 failed transaction(s) totalling $998.00.,1801.3899999999996,High
REC_002,Automated Payment Recovery — Failed Transaction,billing_recovery,CUST-d2026295,Startup,"Trigger dunning sequence: retry payment after 3 days, send payment update email after 5 days, escalate to CSM after 10 days.",1,998.0,1896.1999999999998,High,0.95,Billing Automation,2 failed transaction(s) totalling $998.00.,1801.3899999999996,High
REC_002,Automated Payment Recovery — Failed Transaction,billing_recovery,CUST-d4fda759,Startup,"Trigger dunning sequence: retry payment after 3 days, send payment update email after 5 days, escalate to CSM after 10 days.",1,998.0,1896.1999999999998,High,0.95,Billing Automation,2 failed transaction(s) totalling $998.00.,1801.3899999999996,High
REC_002,Automated Payment Recovery — Failed Transaction,billing_recovery,CUST-d7fad0c0,SMB,"Trigger dunning sequence: retry payment after 3 days, send payment update email after 5 days, escalate to CSM after 10 days.",1,998.0,1896.1999999999998,High,0.95,Billing Automation,2 failed transaction(s) totalling $998.00.,1801.3899999999996,High
REC_002,Automated Payment Recovery — Failed Transaction,billing_recovery,CUST-f385480f,Mid-Market,"Trigger dunning sequence: retry payment after 3 days, send payment update email after 5 days, escalate to CSM after 10 days.",1,998.0,1896.1999999999998,High,0.95,Billing Automation,2 failed transaction(s) totalling $998.00.,1801.3899999999996,High
REC_002,Automated Payment Recovery — Failed Transaction,billing_recovery,CUST-b158917c,Mid-Market,"Trigger dunning sequence: retry payment after 3 days, send payment update email after 5 days, escalate to CSM after 10 days.",1,796.0,1512.3999999999999,High,0.95,Billing Automation,4 failed transaction(s) totalling $796.00.,1436.7799999999997,High
REC_003,SMB Re-engagement Offer — High Churn Risk,retention,CUST-497a034b,SMB,Send personalised in-app re-engagement campaign with 15% discount for 3-month commitment. Follow up with feature tutorial email sequence.,1,1999.0,1799.1,Medium,0.6,Marketing Automation,"Churn risk band: High. Drivers: Low NPS, Failed Payments.",1079.4599999999998,High
REC_003,SMB Re-engagement Offer — High Churn Risk,retention,CUST-86a003bd,SMB,Send personalised in-app re-engagement campaign with 15% discount for 3-month commitment. Follow up with feature tutorial email sequence.,1,1999.0,1799.1,Medium,0.6,Marketing Automation,Churn risk band: High. Drivers: Failed Payments.,1079.4599999999998,High
REC_003,SMB Re-engagement Offer — High Churn Risk,retention,CUST-dcc76514,SMB,Send personalised in-app re-engagement campaign with 15% discount for 3-month commitment. Follow up with feature tutorial email sequence.,1,1999.0,1799.1,Medium,0.6,Marketing Automation,Churn risk band: High. Drivers: Failed Payments.,1079.4599999999998,High
REC_003,SMB Re-engagement Offer — High Churn Risk,retention,CUST-0b7c7824,SMB,Send personalised in-app re-engagement campaign with 15% discount for 3-month commitment. Follow up with feature tutorial email sequence.,1,1999.0,1799.1,Medium,0.6,Marketing Automation,"Churn risk band: High. Drivers: Failed Payments, High Support Burden.",1079.4599999999998,High
REC_003,SMB Re-engagement Offer — High Churn Risk,retention,CUST-86702cb0,SMB,Send personalised in-app re-engagement campaign with 15% discount for 3-month commitment. Follow up with feature tutorial email sequence.,1,1999.0,1799.1,Medium,0.6,Marketing Automation,"Churn risk band: High. Drivers: Failed Payments, High Support Burden.",1079.4599999999998,High
REC_003,SMB Re-engagement Offer — High Churn Risk,retention,CUST-d729efdd,SMB,Send personalised in-app re-engagement campaign with 15% discount for 3-month commitment. Follow up with feature tutorial email sequence.,1,1999.0,1799.1,Medium,0.6,Marketing Automation,Churn risk band: High. Drivers: Failed Payments.,1079.4599999999998,High
REC_003,SMB Re-engagement Offer — High Churn Risk,retention,CUST-bf5881bd,SMB,Send personalised in-app re-engagement campaign with 15% discount for 3-month commitment. Follow up with feature tutorial email sequence.,1,1999.0,1799.1,Medium,0.6,Marketing Automation,"Churn risk band: High. Drivers: Failed Payments, High Support Burden.",1079.4599999999998,High
REC_003,SMB Re-engagement Offer — High Churn Risk,retention,CUST-3ae02fb3,SMB,Send personalised in-app re-engagement campaign with 15% discount for 3-month commitment. Follow up with feature tutorial email sequence.,1,1999.0,1799.1,Medium,0.6,Marketing Automation,"Churn risk band: High. Drivers: Low NPS, High Support Burden.",1079.4599999999998,High
REC_003,SMB Re-engagement Offer — High Churn Risk,retention,CUST-5c1555b0,SMB,Send personalised in-app re-engagement campaign with 15% discount for 3-month commitment. Follow up with feature tutorial email sequence.,1,1999.0,1799.1,Medium,0.6,Marketing Automation,Churn risk band: High. Drivers: Failed Payments.,1079.4599999999998,High
REC_003,SMB Re-engagement Offer — High Churn Risk,retention,CUST-a2e1db5f,SMB,Send personalised in-app re-engagement campaign with 15% discount for 3-month commitment. Follow up with feature tutorial email sequence.,1,1999.0,1799.1,Medium,0.6,Marketing Automation,Churn risk band: High. Drivers: Failed Payments.,1079.4599999999998,High
REC_003,SMB Re-engagement Offer — High Churn Risk,retention,CUST-5c0dec8c,SMB,Send personalised in-app re-engagement campaign with 15% discount for 3-month commitment. Follow up with feature tutorial email sequence.,1,1999.0,1799.1,Medium,0.6,Marketing Automation,"Churn risk band: High. Drivers: Low NPS, Failed Payments.",1079.4599999999998,High
REC_003,SMB Re-engagement Offer — High Churn Risk,retention,CUST-cd829f38,SMB,Send personalised in-app re-engagement campaign with 15% discount for 3-month commitment. Follow up with feature tutorial email sequence.,1,1999.0,1799.1,Medium,0.6,Marketing Automation,"Churn risk band: High. Drivers: Failed Payments, High Support Burden.",1079.4599999999998,High
REC_003,SMB Re-engagement Offer — High Churn Risk,retention,CUST-c8614e6b,SMB,Send personalised in-app re-engagement campaign with 15% discount for 3-month commitment. Follow up with feature tutorial email sequence.,1,1999.0,1799.1,Medium,0.6,Marketing Automation,Churn risk band: High. Drivers: Failed Payments.,1079.4599999999998,High
REC_002,Automated Payment Recovery — Failed Transaction,billing_recovery,CUST-2fb722d2,Startup,"Trigger dunning sequence: retry payment after 3 days, send payment update email after 5 days, escalate to CSM after 10 days.",1,597.0,1134.3,High,0.95,Billing Automation,3 failed transaction(s) totalling $597.00.,1077.5849999999998,High
REC_002,Automated Payment Recovery — Failed Transaction,billing_recovery,CUST-34ff0f5b,SMB,"Trigger dunning sequence: retry payment after 3 days, send payment update email after 5 days, escalate to CSM after 10 days.",1,597.0,1134.3,High,0.95,Billing Automation,3 failed transaction(s) totalling $597.00.,1077.5849999999998,High
REC_002,Automated Payment Recovery — Failed Transaction,billing_recovery,CUST-7c9239d0,SMB,"Trigger dunning sequence: retry payment after 3 days, send payment update email after 5 days, escalate to CSM after 10 days.",1,597.0,1134.3,High,0.95,Billing Automation,3 failed transaction(s) totalling $597.00.,1077.5849999999998,High
REC_002,Automated Payment Recovery — Failed Transaction,billing_recovery,CUST-e40f8c05,SMB,"Trigger dunning sequence: retry payment after 3 days, send payment update email after 5 days, escalate to CSM after 10 days.",1,597.0,1134.3,High,0.95,Billing Automation,3 failed transaction(s) totalling $597.00.,1077.5849999999998,High
REC_002,Automated Payment Recovery — Failed Transaction,billing_recovery,CUST-034e3bab,Mid-Market,"Trigger dunning sequence: retry payment after 3 days, send payment update email after 5 days, escalate to CSM after 10 days.",1,499.0,948.0999999999999,High,0.95,Billing Automation,1 failed transaction(s) totalling $499.00.,900.6949999999998,Medium
REC_002,Automated Payment Recovery — Failed Transaction,billing_recovery,CUST-04a3a1c8,SMB,"Trigger dunning sequence: retry payment after 3 days, send payment update email after 5 days, escalate to CSM after 10 days.",1,499.0,948.0999999999999,High,0.95,Billing Automation,1 failed transaction(s) totalling $499.00.,900.6949999999998,Medium
REC_002,Automated Payment Recovery — Failed Transaction,billing_recovery,CUST-0b76f454,Startup,"Trigger dunning sequence: retry payment after 3 days, send payment update email after 5 days, escalate to CSM after 10 days.",1,499.0,948.0999999999999,High,0.95,Billing Automation,1 failed transaction(s) totalling $499.00.,900.6949999999998,Medium
REC_002,Automated Payment Recovery — Failed Transaction,billing_recovery,CUST-0cd64136,SMB,"Trigger dunning sequence: retry payment after 3 days, send payment update email after 5 days, escalate to CSM after 10 days.",1,499.0,948.0999999999999,High,0.95,Billing Automation,1 failed transaction(s) totalling $499.00.,900.6949999999998,Medium
REC_002,Automated Payment Recovery — Failed Transaction,billing_recovery,CUST-0f1d4dfd,SMB,"Trigger dunning sequence: retry payment after 3 days, send payment update email after 5 days, escalate to CSM after 10 days.",1,499.0,948.0999999999999,High,0.95,Billing Automation,1 failed transaction(s) totalling $499.00.,900.6949999999998,Medium
REC_002,Automated Payment Recovery — Failed Transaction,billing_recovery,CUST-16421084,Startup,"Trigger dunning sequence: retry payment after 3 days, send payment update email after 5 days, escalate to CSM after 10 days.",1,499.0,948.0999999999999,High,0.95,Billing Automation,1 failed transaction(s) totalling $499.00.,900.6949999999998,Medium
REC_002,Automated Payment Recovery — Failed Transaction,billing_recovery,CUST-22642985,Enterprise,"Trigger dunning sequence: retry payment after 3 days, send payment update email after 5 days, escalate to CSM after 10 days.",1,499.0,948.0999999999999,High,0.95,Billing Automation,1 failed transaction(s) totalling $499.00.,900.6949999999998,Medium
REC_002,Automated Payment Recovery — Failed Transaction,billing_recovery,CUST-268095d2,SMB,"Trigger dunning sequence: retry payment after 3 days, send payment update email after 5 days, escalate to CSM after 10 days.",1,499.0,948.0999999999999,High,0.95,Billing Automation,1 failed transaction(s) totalling $499.00.,900.6949999999998,Medium
REC_002,Automated Payment Recovery — Failed Transaction,billing_recovery,CUST-28968dfb,Startup,"Trigger dunning sequence: retry payment after 3 days, send payment update email after 5 days, escalate to CSM after 10 days.",1,499.0,948.0999999999999,High,0.95,Billing Automation,1 failed transaction(s) totalling $499.00.,900.6949999999998,Medium
REC_002,Automated Payment Recovery — Failed Transaction,billing_recovery,CUST-2ec354c1,SMB,"Trigger dunning sequence: retry payment after 3 days, send payment update email after 5 days, escalate to CSM after 10 days.",1,499.0,948.0999999999999,High,0.95,Billing Automation,1 failed transaction(s) totalling $499.00.,900.6949999999998,Medium
REC_002,Automated Payment Recovery — Failed Transaction,billing_recovery,CUST-2ed4f6e3,Startup,"Trigger dunning sequence: retry payment after 3 days, send payment update email after 5 days, escalate to CSM after 10 days.",1,499.0,948.0999999999999,High,0.95,Billing Automation,1 failed transaction(s) totalling $499.00.,900.6949999999998,Medium
REC_002,Automated Payment Recovery — Failed Transaction,billing_recovery,CUST-3081fade,Mid-Market,"Trigger dunning sequence: retry payment after 3 days, send payment update email after 5 days, escalate to CSM after 10 days.",1,499.0,948.0999999999999,High,0.95,Billing Automation,1 failed transaction(s) totalling $499.00.,900.6949999999998,Medium
REC_002,Automated Payment Recovery — Failed Transaction,billing_recovery,CUST-348957b0,Startup,"Trigger dunning sequence: retry payment after 3 days, send payment update email after 5 days, escalate to CSM after 10 days.",1,499.0,948.0999999999999,High,0.95,Billing Automation,1 failed transaction(s) totalling $499.00.,900.6949999999998,Medium
REC_002,Automated Payment Recovery — Failed Transaction,billing_recovery,CUST-3ea7f603,SMB,"Trigger dunning sequence: retry payment after 3 days, send payment update email after 5 days, escalate to CSM after 10 days.",1,499.0,948.0999999999999,High,0.95,Billing Automation,1 failed transaction(s) totalling $499.00.,900.6949999999998,Medium
REC_002,Automated Payment Recovery — Failed Transaction,billing_recovery,CUST-3ebb5bc6,Startup,"Trigger dunning sequence: retry payment after 3 days, send payment update email after 5 days, escalate to CSM after 10 days.",1,499.0,948.0999999999999,High,0.95,Billing Automation,1 failed transaction(s) totalling $499.00.,900.6949999999998,Medium
REC_002,Automated Payment Recovery — Failed Transaction,billing_recovery,CUST-430aad97,Startup,"Trigger dunning sequence: retry payment after 3 days, send payment update email after 5 days, escalate to CSM after 10 days.",1,499.0,948.0999999999999,High,0.95,Billing Automation,1 failed transaction(s) totalling $499.00.,900.6949999999998,Medium
REC_002,Automated Payment Recovery — Failed Transaction,billing_recovery,CUST-43bd0372,Startup,"Trigger dunning sequence: retry payment after 3 days, send payment update email after 5 days, escalate to CSM after 10 days.",1,499.0,948.0999999999999,High,0.95,Billing Automation,1 failed transaction(s) totalling $499.00.,900.6949999999998,Medium
REC_002,Automated Payment Recovery — Failed Transaction,billing_recovery,CUST-4429c29d,SMB,"Trigger dunning sequence: retry payment after 3 days, send payment update email after 5 days, escalate to CSM after 10 days.",1,499.0,948.0999999999999,High,0.95,Billing Automation,1 failed transaction(s) totalling $499.00.,900.6949999999998,Medium
REC_002,Automated Payment Recovery — Failed Transaction,billing_recovery,CUST-44524bcb,SMB,"Trigger dunning sequence: retry payment after 3 days, send payment update email after 5 days, escalate to CSM after 10 days.",1,499.0,948.0999999999999,High,0.95,Billing Automation,1 failed transaction(s) totalling $499.00.,900.6949999999998,Medium
REC_002,Automated Payment Recovery — Failed Transaction,billing_recovery,CUST-48d34fb0,Startup,"Trigger dunning sequence: retry payment after 3 days, send payment update email after 5 days, escalate to CSM after 10 days.",1,499.0,948.0999999999999,High,0.95,Billing Automation,1 failed transaction(s) totalling $499.00.,900.6949999999998,Medium
REC_002,Automated Payment Recovery — Failed Transaction,billing_recovery,CUST-4a5fa8e4,SMB,"Trigger dunning sequence: retry payment after 3 days, send payment update email after 5 days, escalate to CSM after 10 days.",1,499.0,948.0999999999999,High,0.95,Billing Automation,1 failed transaction(s) totalling $499.00.,900.6949999999998,Medium
REC_002,Automated Payment Recovery — Failed Transaction,billing_recovery,CUST-4de42404,Startup,"Trigger dunning sequence: retry payment after 3 days, send payment update email after 5 days, escalate to CSM after 10 days.",1,499.0,948.0999999999999,High,0.95,Billing Automation,1 failed transaction(s) totalling $499.00.,900.6949999999998,Medium
REC_002,Automated Payment Recovery — Failed Transaction,billing_recovery,CUST-505e4d39,SMB,"Trigger dunning sequence: retry payment after 3 days, send payment update email after 5 days, escalate to CSM after 10 days.",1,499.0,948.0999999999999,High,0.95,Billing Automation,1 failed transaction(s) totalling $499.00.,900.6949999999998,Medium
REC_002,Automated Payment Recovery — Failed Transaction,billing_recovery,CUST-5567db0e,Startup,"Trigger dunning sequence: retry payment after 3 days, send payment update email after 5 days, escalate to CSM after 10 days.",1,499.0,948.0999999999999,High,0.95,Billing Automation,1 failed transaction(s) totalling $499.00.,900.6949999999998,Medium
REC_002,Automated Payment Recovery — Failed Transaction,billing_recovery,CUST-56e037e3,Mid-Market,"Trigger dunning sequence: retry payment after 3 days, send payment update email after 5 days, escalate to CSM after 10 days.",1,499.0,948.0999999999999,High,0.95,Billing Automation,1 failed transaction(s) totalling $499.00.,900.6949999999998,Medium
REC_002,Automated Payment Recovery — Failed Transaction,billing_recovery,CUST-58455699,Startup,"Trigger dunning sequence: retry payment after 3 days, send payment update email after 5 days, escalate to CSM after 10 days.",1,499.0,948.0999999999999,High,0.95,Billing Automation,1 failed transaction(s) totalling $499.00.,900.6949999999998,Medium
REC_002,Automated Payment Recovery — Failed Transaction,billing_recovery,CUST-5dd48811,Startup,"Trigger dunning sequence: retry payment after 3 days, send payment update email after 5 days, escalate to CSM after 10 days.",1,499.0,948.0999999999999,High,0.95,Billing Automation,1 failed transaction(s) totalling $499.00.,900.6949999999998,Medium
REC_002,Automated Payment Recovery — Failed Transaction,billing_recovery,CUST-5e7b0284,Startup,"Trigger dunning sequence: retry payment after 3 days, send payment update email after 5 days, escalate to CSM after 10 days.",1,499.0,948.0999999999999,High,0.95,Billing Automation,1 failed transaction(s) totalling $499.00.,900.6949999999998,Medium
REC_002,Automated Payment Recovery — Failed Transaction,billing_recovery,CUST-62d3a63e,Startup,"Trigger dunning sequence: retry payment after 3 days, send payment update email after 5 days, escalate to CSM after 10 days.",1,499.0,948.0999999999999,High,0.95,Billing Automation,1 failed transaction(s) totalling $499.00.,900.6949999999998,Medium
REC_002,Automated Payment Recovery — Failed Transaction,billing_recovery,CUST-6a0907da,SMB,"Trigger dunning sequence: retry payment after 3 days, send payment update email after 5 days, escalate to CSM after 10 days.",1,499.0,948.0999999999999,High,0.95,Billing Automation,1 failed transaction(s) totalling $499.00.,900.6949999999998,Medium
REC_002,Automated Payment Recovery — Failed Transaction,billing_recovery,CUST-6b5f3f75,Startup,"Trigger dunning sequence: retry payment after 3 days, send payment update email after 5 days, escalate to CSM after 10 days.",1,499.0,948.0999999999999,High,0.95,Billing Automation,1 failed transaction(s) totalling $499.00.,900.6949999999998,Medium
REC_002,Automated Payment Recovery — Failed Transaction,billing_recovery,CUST-72781a97,Mid-Market,"Trigger dunning sequence: retry payment after 3 days, send payment update email after 5 days, escalate to CSM after 10 days.",1,499.0,948.0999999999999,High,0.95,Billing Automation,1 failed transaction(s) totalling $499.00.,900.6949999999998,Medium
REC_002,Automated Payment Recovery — Failed Transaction,billing_recovery,CUST-79301a9c,Startup,"Trigger dunning sequence: retry payment after 3 days, send payment update email after 5 days, escalate to CSM after 10 days.",1,499.0,948.0999999999999,High,0.95,Billing Automation,1 failed transaction(s) totalling $499.00.,900.6949999999998,Medium
REC_002,Automated Payment Recovery — Failed Transaction,billing_recovery,CUST-7cd02364,SMB,"Trigger dunning sequence: retry payment after 3 days, send payment update email after 5 days, escalate to CSM after 10 days.",1,499.0,948.0999999999999,High,0.95,Billing Automation,1 failed transaction(s) totalling $499.00.,900.6949999999998,Medium
REC_002,Automated Payment Recovery — Failed Transaction,billing_recovery,CUST-7e458078,Startup,"Trigger dunning sequence: retry payment after 3 days, send payment update email after 5 days, escalate to CSM after 10 days.",1,499.0,948.0999999999999,High,0.95,Billing Automation,1 failed transaction(s) totalling $499.00.,900.6949999999998,Medium
REC_002,Automated Payment Recovery — Failed Transaction,billing_recovery,CUST-804f4435,Startup,"Trigger dunning sequence: retry payment after 3 days, send payment update email after 5 days, escalate to CSM after 10 days.",1,499.0,948.0999999999999,High,0.95,Billing Automation,1 failed transaction(s) totalling $499.00.,900.6949999999998,Medium
REC_002,Automated Payment Recovery — Failed Transaction,billing_recovery,CUST-868023a1,Startup,"Trigger dunning sequence: retry payment after 3 days, send payment update email after 5 days, escalate to CSM after 10 days.",1,499.0,948.0999999999999,High,0.95,Billing Automation,1 failed transaction(s) totalling $499.00.,900.6949999999998,Medium
REC_002,Automated Payment Recovery — Failed Transaction,billing_recovery,CUST-94b6bc19,Startup,"Trigger dunning sequence: retry payment after 3 days, send payment update email after 5 days, escalate to CSM after 10 days.",1,499.0,948.0999999999999,High,0.95,Billing Automation,1 failed transaction(s) totalling $499.00.,900.6949999999998,Medium
REC_002,Automated Payment Recovery — Failed Transaction,billing_recovery,CUST-9717d1b4,SMB,"Trigger dunning sequence: retry payment after 3 days, send payment update email after 5 days, escalate to CSM after 10 days.",1,499.0,948.0999999999999,High,0.95,Billing Automation,1 failed transaction(s) totalling $499.00.,900.6949999999998,Medium
REC_002,Automated Payment Recovery — Failed Transaction,billing_recovery,CUST-97df0f7a,SMB,"Trigger dunning sequence: retry payment after 3 days, send payment update email after 5 days, escalate to CSM after 10 days.",1,499.0,948.0999999999999,High,0.95,Billing Automation,1 failed transaction(s) totalling $499.00.,900.6949999999998,Medium
REC_002,Automated Payment Recovery — Failed Transaction,billing_recovery,CUST-9abc2eac,SMB,"Trigger dunning sequence: retry payment after 3 days, send payment update email after 5 days, escalate to CSM after 10 days.",1,499.0,948.0999999999999,High,0.95,Billing Automation,1 failed transaction(s) totalling $499.00.,900.6949999999998,Medium
REC_002,Automated Payment Recovery — Failed Transaction,billing_recovery,CUST-9ed4659e,SMB,"Trigger dunning sequence: retry payment after 3 days, send payment update email after 5 days, escalate to CSM after 10 days.",1,499.0,948.0999999999999,High,0.95,Billing Automation,1 failed transaction(s) totalling $499.00.,900.6949999999998,Medium
REC_002,Automated Payment Recovery — Failed Transaction,billing_recovery,CUST-aa20f81f,SMB,"Trigger dunning sequence: retry payment after 3 days, send payment update email after 5 days, escalate to CSM after 10 days.",1,499.0,948.0999999999999,High,0.95,Billing Automation,1 failed transaction(s) totalling $499.00.,900.6949999999998,Medium
REC_002,Automated Payment Recovery — Failed Transaction,billing_recovery,CUST-b26b120d,Startup,"Trigger dunning sequence: retry payment after 3 days, send payment update email after 5 days, escalate to CSM after 10 days.",1,499.0,948.0999999999999,High,0.95,Billing Automation,1 failed transaction(s) totalling $499.00.,900.6949999999998,Medium
REC_002,Automated Payment Recovery — Failed Transaction,billing_recovery,CUST-bb8b015c,SMB,"Trigger dunning sequence: retry payment after 3 days, send payment update email after 5 days, escalate to CSM after 10 days.",1,499.0,948.0999999999999,High,0.95,Billing Automation,1 failed transaction(s) totalling $499.00.,900.6949999999998,Medium
REC_002,Automated Payment Recovery — Failed Transaction,billing_recovery,CUST-bc1ad9c5,Startup,"Trigger dunning sequence: retry payment after 3 days, send payment update email after 5 days, escalate to CSM after 10 days.",1,499.0,948.0999999999999,High,0.95,Billing Automation,1 failed transaction(s) totalling $499.00.,900.6949999999998,Medium
REC_002,Automated Payment Recovery — Failed Transaction,billing_recovery,CUST-bcc19cc2,Startup,"Trigger dunning sequence: retry payment after 3 days, send payment update email after 5 days, escalate to CSM after 10 days.",1,499.0,948.0999999999999,High,0.95,Billing Automation,1 failed transaction(s) totalling $499.00.,900.6949999999998,Medium
REC_002,Automated Payment Recovery — Failed Transaction,billing_recovery,CUST-bd0209b9,Startup,"Trigger dunning sequence: retry payment after 3 days, send payment update email after 5 days, escalate to CSM after 10 days.",1,499.0,948.0999999999999,High,0.95,Billing Automation,1 failed transaction(s) totalling $499.00.,900.6949999999998,Medium
REC_002,Automated Payment Recovery — Failed Transaction,billing_recovery,CUST-bef81749,SMB,"Trigger dunning sequence: retry payment after 3 days, send payment update email after 5 days, escalate to CSM after 10 days.",1,499.0,948.0999999999999,High,0.95,Billing Automation,1 failed transaction(s) totalling $499.00.,900.6949999999998,Medium
REC_002,Automated Payment Recovery — Failed Transaction,billing_recovery,CUST-c5744a48,Startup,"Trigger dunning sequence: retry payment after 3 days, send payment update email after 5 days, escalate to CSM after 10 days.",1,499.0,948.0999999999999,High,0.95,Billing Automation,1 failed transaction(s) totalling $499.00.,900.6949999999998,Medium
REC_002,Automated Payment Recovery — Failed Transaction,billing_recovery,CUST-c99c4a96,SMB,"Trigger dunning sequence: retry payment after 3 days, send payment update email after 5 days, escalate to CSM after 10 days.",1,499.0,948.0999999999999,High,0.95,Billing Automation,1 failed transaction(s) totalling $499.00.,900.6949999999998,Medium
REC_002,Automated Payment Recovery — Failed Transaction,billing_recovery,CUST-cd38880d,SMB,"Trigger dunning sequence: retry payment after 3 days, send payment update email after 5 days, escalate to CSM after 10 days.",1,499.0,948.0999999999999,High,0.95,Billing Automation,1 failed transaction(s) totalling $499.00.,900.6949999999998,Medium
REC_002,Automated Payment Recovery — Failed Transaction,billing_recovery,CUST-d383a5c0,Startup,"Trigger dunning sequence: retry payment after 3 days, send payment update email after 5 days, escalate to CSM after 10 days.",1,499.0,948.0999999999999,High,0.95,Billing Automation,1 failed transaction(s) totalling $499.00.,900.6949999999998,Medium
REC_002,Automated Payment Recovery — Failed Transaction,billing_recovery,CUST-d41c4ebd,SMB,"Trigger dunning sequence: retry payment after 3 days, send payment update email after 5 days, escalate to CSM after 10 days.",1,499.0,948.0999999999999,High,0.95,Billing Automation,1 failed transaction(s) totalling $499.00.,900.6949999999998,Medium
REC_002,Automated Payment Recovery — Failed Transaction,billing_recovery,CUST-d5010375,Mid-Market,"Trigger dunning sequence: retry payment after 3 days, send payment update email after 5 days, escalate to CSM after 10 days.",1,499.0,948.0999999999999,High,0.95,Billing Automation,1 failed transaction(s) totalling $499.00.,900.6949999999998,Medium
REC_002,Automated Payment Recovery — Failed Transaction,billing_recovery,CUST-d5bd68d9,Mid-Market,"Trigger dunning sequence: retry payment after 3 days, send payment update email after 5 days, escalate to CSM after 10 days.",1,499.0,948.0999999999999,High,0.95,Billing Automation,1 failed transaction(s) totalling $499.00.,900.6949999999998,Medium
REC_002,Automated Payment Recovery — Failed Transaction,billing_recovery,CUST-d7883c60,Startup,"Trigger dunning sequence: retry payment after 3 days, send payment update email after 5 days, escalate to CSM after 10 days.",1,499.0,948.0999999999999,High,0.95,Billing Automation,1 failed transaction(s) totalling $499.00.,900.6949999999998,Medium
REC_002,Automated Payment Recovery — Failed Transaction,billing_recovery,CUST-e27bc8c7,Enterprise,"Trigger dunning sequence: retry payment after 3 days, send payment update email after 5 days, escalate to CSM after 10 days.",1,499.0,948.0999999999999,High,0.95,Billing Automation,1 failed transaction(s) totalling $499.00.,900.6949999999998,Medium
REC_002,Automated Payment Recovery — Failed Transaction,billing_recovery,CUST-e60ae7d2,Startup,"Trigger dunning sequence: retry payment after 3 days, send payment update email after 5 days, escalate to CSM after 10 days.",1,499.0,948.0999999999999,High,0.95,Billing Automation,1 failed transaction(s) totalling $499.00.,900.6949999999998,Medium
REC_002,Automated Payment Recovery — Failed Transaction,billing_recovery,CUST-e73b23fb,Mid-Market,"Trigger dunning sequence: retry payment after 3 days, send payment update email after 5 days, escalate to CSM after 10 days.",1,499.0,948.0999999999999,High,0.95,Billing Automation,1 failed transaction(s) totalling $499.00.,900.6949999999998,Medium
REC_002,Automated Payment Recovery — Failed Transaction,billing_recovery,CUST-ea55644d,Mid-Market,"Trigger dunning sequence: retry payment after 3 days, send payment update email after 5 days, escalate to CSM after 10 days.",1,499.0,948.0999999999999,High,0.95,Billing Automation,1 failed transaction(s) totalling $499.00.,900.6949999999998,Medium
REC_002,Automated Payment Recovery — Failed Transaction,billing_recovery,CUST-ea55a6c7,Startup,"Trigger dunning sequence: retry payment after 3 days, send payment update email after 5 days, escalate to CSM after 10 days.",1,499.0,948.0999999999999,High,0.95,Billing Automation,1 failed transaction(s) totalling $499.00.,900.6949999999998,Medium
REC_002,Automated Payment Recovery — Failed Transaction,billing_recovery,CUST-ecfcf952,Startup,"Trigger dunning sequence: retry payment after 3 days, send payment update email after 5 days, escalate to CSM after 10 days.",1,499.0,948.0999999999999,High,0.95,Billing Automation,1 failed transaction(s) totalling $499.00.,900.6949999999998,Medium
REC_002,Automated Payment Recovery — Failed Transaction,billing_recovery,CUST-f7200b09,SMB,"Trigger dunning sequence: retry payment after 3 days, send payment update email after 5 days, escalate to CSM after 10 days.",1,499.0,948.0999999999999,High,0.95,Billing Automation,1 failed transaction(s) totalling $499.00.,900.6949999999998,Medium
REC_002,Automated Payment Recovery — Failed Transaction,billing_recovery,CUST-f801c651,Startup,"Trigger dunning sequence: retry payment after 3 days, send payment update email after 5 days, escalate to CSM after 10 days.",1,499.0,948.0999999999999,High,0.95,Billing Automation,1 failed transaction(s) totalling $499.00.,900.6949999999998,Medium
REC_005,Past-Due Account Escalation,billing_recovery,CUST-63b8f253,SMB,Escalate to finance for account hold review. Send formal payment demand notice and suspend non-critical features until resolved.,1,499.0,898.2,High,0.9,Finance Operations,Subscription SUB-519db014 is Past Due — $499.00/month outstanding.,808.3800000000001,Medium
REC_005,Past-Due Account Escalation,billing_recovery,CUST-a968ca21,SMB,Escalate to finance for account hold review. Send formal payment demand notice and suspend non-critical features until resolved.,1,499.0,898.2,High,0.9,Finance Operations,Subscription SUB-25d021ef is Past Due — $499.00/month outstanding.,808.3800000000001,Medium
REC_005,Past-Due Account Escalation,billing_recovery,CUST-0b76f454,Startup,Escalate to finance for account hold review. Send formal payment demand notice and suspend non-critical features until resolved.,1,499.0,898.2,High,0.9,Finance Operations,Subscription SUB-cc887347 is Past Due — $499.00/month outstanding.,808.3800000000001,Medium
REC_005,Past-Due Account Escalation,billing_recovery,CUST-ea632e89,Startup,Escalate to finance for account hold review. Send formal payment demand notice and suspend non-critical features until resolved.,1,499.0,898.2,High,0.9,Finance Operations,Subscription SUB-0ac59e3d is Past Due — $499.00/month outstanding.,808.3800000000001,Medium
REC_005,Past-Due Account Escalation,billing_recovery,CUST-fb1f3629,Startup,Escalate to finance for account hold review. Send formal payment demand notice and suspend non-critical features until resolved.,1,499.0,898.2,High,0.9,Finance Operations,Subscription SUB-f981c942 is Past Due — $499.00/month outstanding.,808.3800000000001,Medium
REC_005,Past-Due Account Escalation,billing_recovery,CUST-de23afff,Startup,Escalate to finance for account hold review. Send formal payment demand notice and suspend non-critical features until resolved.,1,499.0,898.2,High,0.9,Finance Operations,Subscription SUB-518e201f is Past Due — $499.00/month outstanding.,808.3800000000001,Medium
REC_005,Past-Due Account Escalation,billing_recovery,CUST-dfc641b7,SMB,Escalate to finance for account hold review. Send formal payment demand notice and suspend non-critical features until resolved.,1,499.0,898.2,High,0.9,Finance Operations,Subscription SUB-944e3582 is Past Due — $499.00/month outstanding.,808.3800000000001,Medium
REC_005,Past-Due Account Escalation,billing_recovery,CUST-bb534b54,Startup,Escalate to finance for account hold review. Send formal payment demand notice and suspend non-critical features until resolved.,1,499.0,898.2,High,0.9,Finance Operations,Subscription SUB-0ea63a01 is Past Due — $499.00/month outstanding.,808.3800000000001,Medium
REC_005,Past-Due Account Escalation,billing_recovery,CUST-c24c8a5b,Startup,Escalate to finance for account hold review. Send formal payment demand notice and suspend non-critical features until resolved.,1,499.0,898.2,High,0.9,Finance Operations,Subscription SUB-42d0a9af is Past Due — $499.00/month outstanding.,808.3800000000001,Medium
REC_005,Past-Due Account Escalation,billing_recovery,CUST-2ec354c1,SMB,Escalate to finance for account hold review. Send formal payment demand notice and suspend non-critical features until resolved.,1,499.0,898.2,High,0.9,Finance Operations,Subscription SUB-f28d473f is Past Due — $499.00/month outstanding.,808.3800000000001,Medium
REC_005,Past-Due Account Escalation,billing_recovery,CUST-d301b6fe,Startup,Escalate to finance for account hold review. Send formal payment demand notice and suspend non-critical features until resolved.,1,499.0,898.2,High,0.9,Finance Operations,Subscription SUB-b111011e is Past Due — $499.00/month outstanding.,808.3800000000001,Medium
REC_005,Past-Due Account Escalation,billing_recovery,CUST-6b5f3f75,Startup,Escalate to finance for account hold review. Send formal payment demand notice and suspend non-critical features until resolved.,1,499.0,898.2,High,0.9,Finance Operations,Subscription SUB-73c6d790 is Past Due — $499.00/month outstanding.,808.3800000000001,Medium
REC_005,Past-Due Account Escalation,billing_recovery,CUST-fd87b458,SMB,Escalate to finance for account hold review. Send formal payment demand notice and suspend non-critical features until resolved.,1,499.0,898.2,High,0.9,Finance Operations,Subscription SUB-cc52537a is Past Due — $499.00/month outstanding.,808.3800000000001,Medium
REC_005,Past-Due Account Escalation,billing_recovery,CUST-c4039528,Startup,Escalate to finance for account hold review. Send formal payment demand notice and suspend non-critical features until resolved.,1,499.0,898.2,High,0.9,Finance Operations,Subscription SUB-f843218e is Past Due — $499.00/month outstanding.,808.3800000000001,Medium
REC_005,Past-Due Account Escalation,billing_recovery,CUST-a60e2c53,Mid-Market,Escalate to finance for account hold review. Send formal payment demand notice and suspend non-critical features until resolved.,1,499.0,898.2,High,0.9,Finance Operations,Subscription SUB-daad2280 is Past Due — $499.00/month outstanding.,808.3800000000001,Medium
REC_004,Proactive Billing Intervention — Payment Risk Driver Detected,billing_recovery,CUST-268095d2,SMB,Contact customer directly to confirm payment details and offer alternative payment methods before the subscription lapses.,1,499.0,998.0,Medium,0.8,Customer Success Manager,"Churn risk band: High. Drivers: Failed Payments, High Support Burden.",798.4000000000001,Medium
REC_004,Proactive Billing Intervention — Payment Risk Driver Detected,billing_recovery,CUST-04a3a1c8,SMB,Contact customer directly to confirm payment details and offer alternative payment methods before the subscription lapses.,1,499.0,998.0,Medium,0.8,Customer Success Manager,"Churn risk band: High. Drivers: Failed Payments, High Support Burden.",798.4000000000001,Medium
REC_004,Proactive Billing Intervention — Payment Risk Driver Detected,billing_recovery,CUST-bef81749,SMB,Contact customer directly to confirm payment details and offer alternative payment methods before the subscription lapses.,1,499.0,998.0,Medium,0.8,Customer Success Manager,Churn risk band: High. Drivers: Failed Payments.,798.4000000000001,Medium
REC_004,Proactive Billing Intervention — Payment Risk Driver Detected,billing_recovery,CUST-3dabf8c6,SMB,Contact customer directly to confirm payment details and offer alternative payment methods before the subscription lapses.,1,499.0,998.0,Medium,0.8,Customer Success Manager,Churn risk band: High. Drivers: Failed Payments.,798.4000000000001,Medium
REC_004,Proactive Billing Intervention — Payment Risk Driver Detected,billing_recovery,CUST-868023a1,Startup,Contact customer directly to confirm payment details and offer alternative payment methods before the subscription lapses.,1,499.0,998.0,Medium,0.8,Customer Success Manager,Churn risk band: High. Drivers: Failed Payments.,798.4000000000001,Medium
REC_004,Proactive Billing Intervention — Payment Risk Driver Detected,billing_recovery,CUST-48d34fb0,Startup,Contact customer directly to confirm payment details and offer alternative payment methods before the subscription lapses.,1,499.0,998.0,Medium,0.8,Customer Success Manager,"Churn risk band: High. Drivers: Low NPS, Failed Payments.",798.4000000000001,Medium
REC_004,Proactive Billing Intervention — Payment Risk Driver Detected,billing_recovery,CUST-d383a5c0,Startup,Contact customer directly to confirm payment details and offer alternative payment methods before the subscription lapses.,1,499.0,998.0,Medium,0.8,Customer Success Manager,Churn risk band: High. Drivers: Failed Payments.,798.4000000000001,Medium
REC_004,Proactive Billing Intervention — Payment Risk Driver Detected,billing_recovery,CUST-3abdec45,Mid-Market,Contact customer directly to confirm payment details and offer alternative payment methods before the subscription lapses.,1,499.0,998.0,Medium,0.8,Customer Success Manager,"Churn risk band: High. Drivers: Failed Payments, High Support Burden.",798.4000000000001,Medium
REC_004,Proactive Billing Intervention — Payment Risk Driver Detected,billing_recovery,CUST-baa1212a,Startup,Contact customer directly to confirm payment details and offer alternative payment methods before the subscription lapses.,1,499.0,998.0,Medium,0.8,Customer Success Manager,Churn risk band: High. Drivers: Failed Payments.,798.4000000000001,Medium
REC_004,Proactive Billing Intervention — Payment Risk Driver Detected,billing_recovery,CUST-aa20f81f,SMB,Contact customer directly to confirm payment details and offer alternative payment methods before the subscription lapses.,1,499.0,998.0,Medium,0.8,Customer Success Manager,"Churn risk band: High. Drivers: Failed Payments, High Support Burden.",798.4000000000001,Medium
REC_004,Proactive Billing Intervention — Payment Risk Driver Detected,billing_recovery,CUST-43bd0372,Startup,Contact customer directly to confirm payment details and offer alternative payment methods before the subscription lapses.,1,499.0,998.0,Medium,0.8,Customer Success Manager,"Churn risk band: High. Drivers: Failed Payments, High Support Burden.",798.4000000000001,Medium
REC_004,Proactive Billing Intervention — Payment Risk Driver Detected,billing_recovery,CUST-5567db0e,Startup,Contact customer directly to confirm payment details and offer alternative payment methods before the subscription lapses.,1,499.0,998.0,Medium,0.8,Customer Success Manager,Churn risk band: High. Drivers: Failed Payments.,798.4000000000001,Medium
REC_004,Proactive Billing Intervention — Payment Risk Driver Detected,billing_recovery,CUST-72781a97,Mid-Market,Contact customer directly to confirm payment details and offer alternative payment methods before the subscription lapses.,1,499.0,998.0,Medium,0.8,Customer Success Manager,"Churn risk band: High. Drivers: Failed Payments, High Support Burden.",798.4000000000001,Medium
REC_004,Proactive Billing Intervention — Payment Risk Driver Detected,billing_recovery,CUST-4429c29d,SMB,Contact customer directly to confirm payment details and offer alternative payment methods before the subscription lapses.,1,499.0,998.0,Medium,0.8,Customer Success Manager,Churn risk band: High. Drivers: Failed Payments.,798.4000000000001,Medium
REC_004,Proactive Billing Intervention — Payment Risk Driver Detected,billing_recovery,CUST-9717d1b4,SMB,Contact customer directly to confirm payment details and offer alternative payment methods before the subscription lapses.,1,499.0,998.0,Medium,0.8,Customer Success Manager,"Churn risk band: High. Drivers: Failed Payments, High Support Burden.",798.4000000000001,Medium
REC_004,Proactive Billing Intervention — Payment Risk Driver Detected,billing_recovery,CUST-e60ae7d2,Startup,Contact customer directly to confirm payment details and offer alternative payment methods before the subscription lapses.,1,499.0,998.0,Medium,0.8,Customer Success Manager,"Churn risk band: High. Drivers: Failed Payments, High Support Burden.",798.4000000000001,Medium
REC_004,Proactive Billing Intervention — Payment Risk Driver Detected,billing_recovery,CUST-06f970ba,Startup,Contact customer directly to confirm payment details and offer alternative payment methods before the subscription lapses.,1,499.0,998.0,Medium,0.8,Customer Success Manager,Churn risk band: High. Drivers: Failed Payments.,798.4000000000001,Medium
REC_004,Proactive Billing Intervention — Payment Risk Driver Detected,billing_recovery,CUST-28968dfb,Startup,Contact customer directly to confirm payment details and offer alternative payment methods before the subscription lapses.,1,499.0,998.0,Medium,0.8,Customer Success Manager,Churn risk band: High. Drivers: Failed Payments.,798.4000000000001,Medium
REC_004,Proactive Billing Intervention — Payment Risk Driver Detected,billing_recovery,CUST-d5bd68d9,Mid-Market,Contact customer directly to confirm payment details and offer alternative payment methods before the subscription lapses.,1,499.0,998.0,Medium,0.8,Customer Success Manager,"Churn risk band: High. Drivers: Failed Payments, High Support Burden.",798.4000000000001,Medium
REC_004,Proactive Billing Intervention — Payment Risk Driver Detected,billing_recovery,CUST-7cd02364,SMB,Contact customer directly to confirm payment details and offer alternative payment methods before the subscription lapses.,1,499.0,998.0,Medium,0.8,Customer Success Manager,Churn risk band: High. Drivers: Failed Payments.,798.4000000000001,Medium
REC_004,Proactive Billing Intervention — Payment Risk Driver Detected,billing_recovery,CUST-ea55a6c7,Startup,Contact customer directly to confirm payment details and offer alternative payment methods before the subscription lapses.,1,499.0,998.0,Medium,0.8,Customer Success Manager,Churn risk band: High. Drivers: Failed Payments.,798.4000000000001,Medium
REC_004,Proactive Billing Intervention — Payment Risk Driver Detected,billing_recovery,CUST-f385480f,Mid-Market,Contact customer directly to confirm payment details and offer alternative payment methods before the subscription lapses.,1,499.0,998.0,Medium,0.8,Customer Success Manager,"Churn risk band: High. Drivers: Failed Payments, High Support Burden.",798.4000000000001,Medium
REC_004,Proactive Billing Intervention — Payment Risk Driver Detected,billing_recovery,CUST-4a5fa8e4,SMB,Contact customer directly to confirm payment details and offer alternative payment methods before the subscription lapses.,1,499.0,998.0,Medium,0.8,Customer Success Manager,Churn risk band: High. Drivers: Failed Payments.,798.4000000000001,Medium
REC_004,Proactive Billing Intervention — Payment Risk Driver Detected,billing_recovery,CUST-56e037e3,Mid-Market,Contact customer directly to confirm payment details and offer alternative payment methods before the subscription lapses.,1,499.0,998.0,Medium,0.8,Customer Success Manager,"Churn risk band: Critical. Drivers: Low NPS, Failed Payments, High Support Burden.",798.4000000000001,Medium
REC_004,Proactive Billing Intervention — Payment Risk Driver Detected,billing_recovery,CUST-ea55644d,Mid-Market,Contact customer directly to confirm payment details and offer alternative payment methods before the subscription lapses.,1,499.0,998.0,Medium,0.8,Customer Success Manager,"Churn risk band: High. Drivers: Failed Payments, High Support Burden.",798.4000000000001,Medium
REC_004,Proactive Billing Intervention — Payment Risk Driver Detected,billing_recovery,CUST-e27bc8c7,Enterprise,Contact customer directly to confirm payment details and offer alternative payment methods before the subscription lapses.,1,499.0,998.0,Medium,0.8,Customer Success Manager,"Churn risk band: High. Drivers: Low NPS, Failed Payments.",798.4000000000001,Medium
REC_004,Proactive Billing Intervention — Payment Risk Driver Detected,billing_recovery,CUST-5dd48811,Startup,Contact customer directly to confirm payment details and offer alternative payment methods before the subscription lapses.,1,499.0,998.0,Medium,0.8,Customer Success Manager,"Churn risk band: High. Drivers: Low NPS, Failed Payments.",798.4000000000001,Medium
REC_004,Proactive Billing Intervention — Payment Risk Driver Detected,billing_recovery,CUST-0f1d4dfd,SMB,Contact customer directly to confirm payment details and offer alternative payment methods before the subscription lapses.,1,499.0,998.0,Medium,0.8,Customer Success Manager,"Churn risk band: High. Drivers: Failed Payments, High Support Burden.",798.4000000000001,Medium
REC_004,Proactive Billing Intervention — Payment Risk Driver Detected,billing_recovery,CUST-b9f38cfc,SMB,Contact customer directly to confirm payment details and offer alternative payment methods before the subscription lapses.,1,499.0,998.0,Medium,0.8,Customer Success Manager,"Churn risk band: High. Drivers: Failed Payments, High Support Burden.",798.4000000000001,Medium
REC_004,Proactive Billing Intervention — Payment Risk Driver Detected,billing_recovery,CUST-bd0209b9,Startup,Contact customer directly to confirm payment details and offer alternative payment methods before the subscription lapses.,1,499.0,998.0,Medium,0.8,Customer Success Manager,"Churn risk band: High. Drivers: Failed Payments, High Support Burden.",798.4000000000001,Medium
REC_004,Proactive Billing Intervention — Payment Risk Driver Detected,billing_recovery,CUST-9abc2eac,SMB,Contact customer directly to confirm payment details and offer alternative payment methods before the subscription lapses.,1,499.0,998.0,Medium,0.8,Customer Success Manager,Churn risk band: High. Drivers: Failed Payments.,798.4000000000001,Medium
REC_004,Proactive Billing Intervention — Payment Risk Driver Detected,billing_recovery,CUST-5230f224,SMB,Contact customer directly to confirm payment details and offer alternative payment methods before the subscription lapses.,1,499.0,998.0,Medium,0.8,Customer Success Manager,"Churn risk band: Critical. Drivers: Low NPS, Failed Payments, High Support Burden.",798.4000000000001,Medium
REC_004,Proactive Billing Intervention — Payment Risk Driver Detected,billing_recovery,CUST-2ed4f6e3,Startup,Contact customer directly to confirm payment details and offer alternative payment methods before the subscription lapses.,1,499.0,998.0,Medium,0.8,Customer Success Manager,"Churn risk band: High. Drivers: Failed Payments, High Support Burden.",798.4000000000001,Medium
REC_004,Proactive Billing Intervention — Payment Risk Driver Detected,billing_recovery,CUST-7e458078,Startup,Contact customer directly to confirm payment details and offer alternative payment methods before the subscription lapses.,1,499.0,998.0,Medium,0.8,Customer Success Manager,"Churn risk band: High. Drivers: Low NPS, Failed Payments.",798.4000000000001,Medium
REC_004,Proactive Billing Intervention — Payment Risk Driver Detected,billing_recovery,CUST-348957b0,Startup,Contact customer directly to confirm payment details and offer alternative payment methods before the subscription lapses.,1,499.0,998.0,Medium,0.8,Customer Success Manager,"Churn risk band: High. Drivers: Failed Payments, High Support Burden.",798.4000000000001,Medium
REC_004,Proactive Billing Intervention — Payment Risk Driver Detected,billing_recovery,CUST-6a0907da,SMB,Contact customer directly to confirm payment details and offer alternative payment methods before the subscription lapses.,1,499.0,998.0,Medium,0.8,Customer Success Manager,Churn risk band: High. Drivers: Failed Payments.,798.4000000000001,Medium
REC_004,Proactive Billing Intervention — Payment Risk Driver Detected,billing_recovery,CUST-97df0f7a,SMB,Contact customer directly to confirm payment details and offer alternative payment methods before the subscription lapses.,1,499.0,998.0,Medium,0.8,Customer Success Manager,"Churn risk band: High. Drivers: Failed Payments, High Support Burden.",798.4000000000001,Medium
REC_004,Proactive Billing Intervention — Payment Risk Driver Detected,billing_recovery,CUST-bc1ad9c5,Startup,Contact customer directly to confirm payment details and offer alternative payment methods before the subscription lapses.,1,499.0,998.0,Medium,0.8,Customer Success Manager,"Churn risk band: High. Drivers: Failed Payments, High Support Burden.",798.4000000000001,Medium
REC_004,Proactive Billing Intervention — Payment Risk Driver Detected,billing_recovery,CUST-c5744a48,Startup,Contact customer directly to confirm payment details and offer alternative payment methods before the subscription lapses.,1,499.0,998.0,Medium,0.8,Customer Success Manager,"Churn risk band: High. Drivers: Failed Payments, High Support Burden.",798.4000000000001,Medium
REC_004,Proactive Billing Intervention — Payment Risk Driver Detected,billing_recovery,CUST-6cd3f89c,Mid-Market,Contact customer directly to confirm payment details and offer alternative payment methods before the subscription lapses.,1,499.0,998.0,Medium,0.8,Customer Success Manager,Churn risk band: High. Drivers: Failed Payments.,798.4000000000001,Medium
REC_004,Proactive Billing Intervention — Payment Risk Driver Detected,billing_recovery,CUST-22642985,Enterprise,Contact customer directly to confirm payment details and offer alternative payment methods before the subscription lapses.,1,499.0,998.0,Medium,0.8,Customer Success Manager,"Churn risk band: High. Drivers: Failed Payments, High Support Burden.",798.4000000000001,Medium
REC_004,Proactive Billing Intervention — Payment Risk Driver Detected,billing_recovery,CUST-d4fda759,Startup,Contact customer directly to confirm payment details and offer alternative payment methods before the subscription lapses.,1,499.0,998.0,Medium,0.8,Customer Success Manager,"Churn risk band: High. Drivers: Failed Payments, High Support Burden.",798.4000000000001,Medium
REC_004,Proactive Billing Intervention — Payment Risk Driver Detected,billing_recovery,CUST-b26b120d,Startup,Contact customer directly to confirm payment details and offer alternative payment methods before the subscription lapses.,1,499.0,998.0,Medium,0.8,Customer Success Manager,Churn risk band: High. Drivers: Failed Payments.,798.4000000000001,Medium
REC_004,Proactive Billing Intervention — Payment Risk Driver Detected,billing_recovery,CUST-d7fad0c0,SMB,Contact customer directly to confirm payment details and offer alternative payment methods before the subscription lapses.,1,499.0,998.0,Medium,0.8,Customer Success Manager,"Churn risk band: Critical. Drivers: Low NPS, Failed Payments, High Support Burden.",798.4000000000001,Medium
REC_004,Proactive Billing Intervention — Payment Risk Driver Detected,billing_recovery,CUST-4aefa190,Startup,Contact customer directly to confirm payment details and offer alternative payment methods before the subscription lapses.,1,499.0,998.0,Medium,0.8,Customer Success Manager,Churn risk band: High. Drivers: Failed Payments.,798.4000000000001,Medium
REC_004,Proactive Billing Intervention — Payment Risk Driver Detected,billing_recovery,CUST-875d9921,SMB,Contact customer directly to confirm payment details and offer alternative payment methods before the subscription lapses.,1,499.0,998.0,Medium,0.8,Customer Success Manager,Churn risk band: High. Drivers: Failed Payments.,798.4000000000001,Medium
REC_004,Proactive Billing Intervention — Payment Risk Driver Detected,billing_recovery,CUST-62d3a63e,Startup,Contact customer directly to confirm payment details and offer alternative payment methods before the subscription lapses.,1,499.0,998.0,Medium,0.8,Customer Success Manager,"Churn risk band: High. Drivers: Failed Payments, High Support Burden.",798.4000000000001,Medium
REC_004,Proactive Billing Intervention — Payment Risk Driver Detected,billing_recovery,CUST-1b15aa7f,SMB,Contact customer directly to confirm payment details and offer alternative payment methods before the subscription lapses.,1,499.0,998.0,Medium,0.8,Customer Success Manager,Churn risk band: High. Drivers: Failed Payments.,798.4000000000001,Medium
REC_004,Proactive Billing Intervention — Payment Risk Driver Detected,billing_recovery,CUST-430aad97,Startup,Contact customer directly to confirm payment details and offer alternative payment methods before the subscription lapses.,1,499.0,998.0,Medium,0.8,Customer Success Manager,"Churn risk band: High. Drivers: Failed Payments, High Support Burden.",798.4000000000001,Medium
REC_004,Proactive Billing Intervention — Payment Risk Driver Detected,billing_recovery,CUST-2433fa8d,SMB,Contact customer directly to confirm payment details and offer alternative payment methods before the subscription lapses.,1,499.0,998.0,Medium,0.8,Customer Success Manager,Churn risk band: High. Drivers: Failed Payments.,798.4000000000001,Medium
REC_004,Proactive Billing Intervention — Payment Risk Driver Detected,billing_recovery,CUST-3ea7f603,SMB,Contact customer directly to confirm payment details and offer alternative payment methods before the subscription lapses.,1,499.0,998.0,Medium,0.8,Customer Success Manager,Churn risk band: High. Drivers: Failed Payments.,798.4000000000001,Medium
REC_004,Proactive Billing Intervention — Payment Risk Driver Detected,billing_recovery,CUST-6e8f035e,Enterprise,Contact customer directly to confirm payment details and offer alternative payment methods before the subscription lapses.,1,499.0,998.0,Medium,0.8,Customer Success Manager,Churn risk band: High. Drivers: Failed Payments.,798.4000000000001,Medium
REC_004,Proactive Billing Intervention — Payment Risk Driver Detected,billing_recovery,CUST-4de42404,Startup,Contact customer directly to confirm payment details and offer alternative payment methods before the subscription lapses.,1,499.0,998.0,Medium,0.8,Customer Success Manager,"Churn risk band: Critical. Drivers: Low NPS, Failed Payments, High Support Burden.",798.4000000000001,Medium
REC_004,Proactive Billing Intervention — Payment Risk Driver Detected,billing_recovery,CUST-16421084,Startup,Contact customer directly to confirm payment details and offer alternative payment methods before the subscription lapses.,1,499.0,998.0,Medium,0.8,Customer Success Manager,Churn risk band: High. Drivers: Failed Payments.,798.4000000000001,Medium
REC_004,Proactive Billing Intervention — Payment Risk Driver Detected,billing_recovery,CUST-505e4d39,SMB,Contact customer directly to confirm payment details and offer alternative payment methods before the subscription lapses.,1,499.0,998.0,Medium,0.8,Customer Success Manager,Churn risk band: High. Drivers: Failed Payments.,798.4000000000001,Medium
REC_004,Proactive Billing Intervention — Payment Risk Driver Detected,billing_recovery,CUST-cd38880d,SMB,Contact customer directly to confirm payment details and offer alternative payment methods before the subscription lapses.,1,499.0,998.0,Medium,0.8,Customer Success Manager,"Churn risk band: Critical. Drivers: Low NPS, Failed Payments, High Support Burden.",798.4000000000001,Medium
REC_004,Proactive Billing Intervention — Payment Risk Driver Detected,billing_recovery,CUST-3f31b20c,Startup,Contact customer directly to confirm payment details and offer alternative payment methods before the subscription lapses.,1,499.0,998.0,Medium,0.8,Customer Success Manager,"Churn risk band: Critical. Drivers: Low NPS, Failed Payments, High Support Burden.",798.4000000000001,Medium
REC_004,Proactive Billing Intervention — Payment Risk Driver Detected,billing_recovery,CUST-06216f1d,SMB,Contact customer directly to confirm payment details and offer alternative payment methods before the subscription lapses.,1,499.0,998.0,Medium,0.8,Customer Success Manager,Churn risk band: High. Drivers: Failed Payments.,798.4000000000001,Medium
REC_004,Proactive Billing Intervention — Payment Risk Driver Detected,billing_recovery,CUST-87cb156c,Startup,Contact customer directly to confirm payment details and offer alternative payment methods before the subscription lapses.,1,499.0,998.0,Medium,0.8,Customer Success Manager,"Churn risk band: High. Drivers: Failed Payments, High Support Burden.",798.4000000000001,Medium
REC_004,Proactive Billing Intervention — Payment Risk Driver Detected,billing_recovery,CUST-bcc19cc2,Startup,Contact customer directly to confirm payment details and offer alternative payment methods before the subscription lapses.,1,499.0,998.0,Medium,0.8,Customer Success Manager,Churn risk band: High. Drivers: Failed Payments.,798.4000000000001,Medium
REC_004,Proactive Billing Intervention — Payment Risk Driver Detected,billing_recovery,CUST-5e7b0284,Startup,Contact customer directly to confirm payment details and offer alternative payment methods before the subscription lapses.,1,499.0,998.0,Medium,0.8,Customer Success Manager,"Churn risk band: High. Drivers: Failed Payments, High Support Burden.",798.4000000000001,Medium
REC_004,Proactive Billing Intervention — Payment Risk Driver Detected,billing_recovery,CUST-69d8dd48,SMB,Contact customer directly to confirm payment details and offer alternative payment methods before the subscription lapses.,1,499.0,998.0,Medium,0.8,Customer Success Manager,"Churn risk band: High. Drivers: Failed Payments, High Support Burden.",798.4000000000001,Medium
REC_004,Proactive Billing Intervention — Payment Risk Driver Detected,billing_recovery,CUST-44524bcb,SMB,Contact customer directly to confirm payment details and offer alternative payment methods before the subscription lapses.,1,499.0,998.0,Medium,0.8,Customer Success Manager,Churn risk band: High. Drivers: Failed Payments.,798.4000000000001,Medium
REC_004,Proactive Billing Intervention — Payment Risk Driver Detected,billing_recovery,CUST-9ed4659e,SMB,Contact customer directly to confirm payment details and offer alternative payment methods before the subscription lapses.,1,499.0,998.0,Medium,0.8,Customer Success Manager,Churn risk band: High. Drivers: Failed Payments.,798.4000000000001,Medium
REC_002,Automated Payment Recovery — Failed Transaction,billing_recovery,CUST-03f9582d,SMB,"Trigger dunning sequence: retry payment after 3 days, send payment update email after 5 days, escalate to CSM after 10 days.",1,398.0,756.1999999999999,High,0.95,Billing Automation,2 failed transaction(s) totalling $398.00.,718.3899999999999,Medium
REC_002,Automated Payment Recovery — Failed Transaction,billing_recovery,CUST-133bbb48,Startup,"Trigger dunning sequence: retry payment after 3 days, send payment update email after 5 days, escalate to CSM after 10 days.",1,398.0,756.1999999999999,High,0.95,Billing Automation,2 failed transaction(s) totalling $398.00.,718.3899999999999,Medium
REC_002,Automated Payment Recovery — Failed Transaction,billing_recovery,CUST-175e6b48,SMB,"Trigger dunning sequence: retry payment after 3 days, send payment update email after 5 days, escalate to CSM after 10 days.",1,398.0,756.1999999999999,High,0.95,Billing Automation,2 failed transaction(s) totalling $398.00.,718.3899999999999,Medium
REC_002,Automated Payment Recovery — Failed Transaction,billing_recovery,CUST-1dc90449,SMB,"Trigger dunning sequence: retry payment after 3 days, send payment update email after 5 days, escalate to CSM after 10 days.",1,398.0,756.1999999999999,High,0.95,Billing Automation,2 failed transaction(s) totalling $398.00.,718.3899999999999,Medium
REC_002,Automated Payment Recovery — Failed Transaction,billing_recovery,CUST-1e37d8db,Startup,"Trigger dunning sequence: retry payment after 3 days, send payment update email after 5 days, escalate to CSM after 10 days.",1,398.0,756.1999999999999,High,0.95,Billing Automation,2 failed transaction(s) totalling $398.00.,718.3899999999999,Medium
REC_002,Automated Payment Recovery — Failed Transaction,billing_recovery,CUST-24b4e5cc,SMB,"Trigger dunning sequence: retry payment after 3 days, send payment update email after 5 days, escalate to CSM after 10 days.",1,398.0,756.1999999999999,High,0.95,Billing Automation,2 failed transaction(s) totalling $398.00.,718.3899999999999,Medium
REC_002,Automated Payment Recovery — Failed Transaction,billing_recovery,CUST-292439a9,SMB,"Trigger dunning sequence: retry payment after 3 days, send payment update email after 5 days, escalate to CSM after 10 days.",1,398.0,756.1999999999999,High,0.95,Billing Automation,2 failed transaction(s) totalling $398.00.,718.3899999999999,Medium
REC_002,Automated Payment Recovery — Failed Transaction,billing_recovery,CUST-2bf34f8f,Mid-Market,"Trigger dunning sequence: retry payment after 3 days, send payment update email after 5 days, escalate to CSM after 10 days.",1,398.0,756.1999999999999,High,0.95,Billing Automation,2 failed transaction(s) totalling $398.00.,718.3899999999999,Medium
REC_002,Automated Payment Recovery — Failed Transaction,billing_recovery,CUST-2f7e3f39,SMB,"Trigger dunning sequence: retry payment after 3 days, send payment update email after 5 days, escalate to CSM after 10 days.",1,398.0,756.1999999999999,High,0.95,Billing Automation,2 failed transaction(s) totalling $398.00.,718.3899999999999,Medium
REC_002,Automated Payment Recovery — Failed Transaction,billing_recovery,CUST-36e8bc93,SMB,"Trigger dunning sequence: retry payment after 3 days, send payment update email after 5 days, escalate to CSM after 10 days.",1,398.0,756.1999999999999,High,0.95,Billing Automation,2 failed transaction(s) totalling $398.00.,718.3899999999999,Medium
REC_002,Automated Payment Recovery — Failed Transaction,billing_recovery,CUST-3746975b,Startup,"Trigger dunning sequence: retry payment after 3 days, send payment update email after 5 days, escalate to CSM after 10 days.",1,398.0,756.1999999999999,High,0.95,Billing Automation,2 failed transaction(s) totalling $398.00.,718.3899999999999,Medium
REC_002,Automated Payment Recovery — Failed Transaction,billing_recovery,CUST-380c057f,SMB,"Trigger dunning sequence: retry payment after 3 days, send payment update email after 5 days, escalate to CSM after 10 days.",1,398.0,756.1999999999999,High,0.95,Billing Automation,2 failed transaction(s) totalling $398.00.,718.3899999999999,Medium
REC_002,Automated Payment Recovery — Failed Transaction,billing_recovery,CUST-5092f160,Mid-Market,"Trigger dunning sequence: retry payment after 3 days, send payment update email after 5 days, escalate to CSM after 10 days.",1,398.0,756.1999999999999,High,0.95,Billing Automation,2 failed transaction(s) totalling $398.00.,718.3899999999999,Medium
REC_002,Automated Payment Recovery — Failed Transaction,billing_recovery,CUST-5266d308,SMB,"Trigger dunning sequence: retry payment after 3 days, send payment update email after 5 days, escalate to CSM after 10 days.",1,398.0,756.1999999999999,High,0.95,Billing Automation,2 failed transaction(s) totalling $398.00.,718.3899999999999,Medium
REC_002,Automated Payment Recovery — Failed Transaction,billing_recovery,CUST-68eef416,Mid-Market,"Trigger dunning sequence: retry payment after 3 days, send payment update email after 5 days, escalate to CSM after 10 days.",1,398.0,756.1999999999999,High,0.95,Billing Automation,2 failed transaction(s) totalling $398.00.,718.3899999999999,Medium
REC_002,Automated Payment Recovery — Failed Transaction,billing_recovery,CUST-6a7271fb,Mid-Market,"Trigger dunning sequence: retry payment after 3 days, send payment update email after 5 days, escalate to CSM after 10 days.",1,398.0,756.1999999999999,High,0.95,Billing Automation,2 failed transaction(s) totalling $398.00.,718.3899999999999,Medium
REC_002,Automated Payment Recovery — Failed Transaction,billing_recovery,CUST-7367b27f,Mid-Market,"Trigger dunning sequence: retry payment after 3 days, send payment update email after 5 days, escalate to CSM after 10 days.",1,398.0,756.1999999999999,High,0.95,Billing Automation,2 failed transaction(s) totalling $398.00.,718.3899999999999,Medium
REC_002,Automated Payment Recovery — Failed Transaction,billing_recovery,CUST-7712f9cc,Enterprise,"Trigger dunning sequence: retry payment after 3 days, send payment update email after 5 days, escalate to CSM after 10 days.",1,398.0,756.1999999999999,High,0.95,Billing Automation,2 failed transaction(s) totalling $398.00.,718.3899999999999,Medium
REC_002,Automated Payment Recovery — Failed Transaction,billing_recovery,CUST-a104c9be,Startup,"Trigger dunning sequence: retry payment after 3 days, send payment update email after 5 days, escalate to CSM after 10 days.",1,398.0,756.1999999999999,High,0.95,Billing Automation,2 failed transaction(s) totalling $398.00.,718.3899999999999,Medium
REC_002,Automated Payment Recovery — Failed Transaction,billing_recovery,CUST-b12836c4,SMB,"Trigger dunning sequence: retry payment after 3 days, send payment update email after 5 days, escalate to CSM after 10 days.",1,398.0,756.1999999999999,High,0.95,Billing Automation,2 failed transaction(s) totalling $398.00.,718.3899999999999,Medium
REC_002,Automated Payment Recovery — Failed Transaction,billing_recovery,CUST-b8cfe16e,Startup,"Trigger dunning sequence: retry payment after 3 days, send payment update email after 5 days, escalate to CSM after 10 days.",1,398.0,756.1999999999999,High,0.95,Billing Automation,2 failed transaction(s) totalling $398.00.,718.3899999999999,Medium
REC_002,Automated Payment Recovery — Failed Transaction,billing_recovery,CUST-d71a8b66,Startup,"Trigger dunning sequence: retry payment after 3 days, send payment update email after 5 days, escalate to CSM after 10 days.",1,398.0,756.1999999999999,High,0.95,Billing Automation,2 failed transaction(s) totalling $398.00.,718.3899999999999,Medium
REC_002,Automated Payment Recovery — Failed Transaction,billing_recovery,CUST-f3bdc01c,SMB,"Trigger dunning sequence: retry payment after 3 days, send payment update email after 5 days, escalate to CSM after 10 days.",1,398.0,756.1999999999999,High,0.95,Billing Automation,2 failed transaction(s) totalling $398.00.,718.3899999999999,Medium
REC_002,Automated Payment Recovery — Failed Transaction,billing_recovery,CUST-f4320c23,Startup,"Trigger dunning sequence: retry payment after 3 days, send payment update email after 5 days, escalate to CSM after 10 days.",1,398.0,756.1999999999999,High,0.95,Billing Automation,2 failed transaction(s) totalling $398.00.,718.3899999999999,Medium
REC_002,Automated Payment Recovery — Failed Transaction,billing_recovery,CUST-ffdb48d8,SMB,"Trigger dunning sequence: retry payment after 3 days, send payment update email after 5 days, escalate to CSM after 10 days.",1,398.0,756.1999999999999,High,0.95,Billing Automation,2 failed transaction(s) totalling $398.00.,718.3899999999999,Medium
REC_006,Mid-Market Retention Escalation — Critical Risk,retention,CUST-56e037e3,Mid-Market,Immediate CSM outreach. Conduct health-check call and offer feature enablement session to re-establish value.,1,499.0,935.625,Medium,0.75,Customer Success Manager,"Churn risk band: Critical. Drivers: Low NPS, Failed Payments, High Support Burden.",701.71875,Medium
REC_002,Automated Payment Recovery — Failed Transaction,billing_recovery,CUST-84b29d58,SMB,"Trigger dunning sequence: retry payment after 3 days, send payment update email after 5 days, escalate to CSM after 10 days.",1,245.0,465.5,High,0.95,Billing Automation,5 failed transaction(s) totalling $245.00.,442.22499999999997,Medium
REC_002,Automated Payment Recovery — Failed Transaction,billing_recovery,CUST-04da6ffd,Startup,"Trigger dunning sequence: retry payment after 3 days, send payment update email after 5 days, escalate to CSM after 10 days.",1,199.0,378.09999999999997,High,0.95,Billing Automation,1 failed transaction(s) totalling $199.00.,359.19499999999994,Medium
REC_002,Automated Payment Recovery — Failed Transaction,billing_recovery,CUST-04ef897b,SMB,"Trigger dunning sequence: retry payment after 3 days, send payment update email after 5 days, escalate to CSM after 10 days.",1,199.0,378.09999999999997,High,0.95,Billing Automation,1 failed transaction(s) totalling $199.00.,359.19499999999994,Medium
REC_002,Automated Payment Recovery — Failed Transaction,billing_recovery,CUST-0e040031,SMB,"Trigger dunning sequence: retry payment after 3 days, send payment update email after 5 days, escalate to CSM after 10 days.",1,199.0,378.09999999999997,High,0.95,Billing Automation,1 failed transaction(s) totalling $199.00.,359.19499999999994,Medium
REC_002,Automated Payment Recovery — Failed Transaction,billing_recovery,CUST-10e51dd6,Mid-Market,"Trigger dunning sequence: retry payment after 3 days, send payment update email after 5 days, escalate to CSM after 10 days.",1,199.0,378.09999999999997,High,0.95,Billing Automation,1 failed transaction(s) totalling $199.00.,359.19499999999994,Medium
REC_002,Automated Payment Recovery — Failed Transaction,billing_recovery,CUST-11058525,SMB,"Trigger dunning sequence: retry payment after 3 days, send payment update email after 5 days, escalate to CSM after 10 days.",1,199.0,378.09999999999997,High,0.95,Billing Automation,1 failed transaction(s) totalling $199.00.,359.19499999999994,Medium
REC_002,Automated Payment Recovery — Failed Transaction,billing_recovery,CUST-185bc91c,SMB,"Trigger dunning sequence: retry payment after 3 days, send payment update email after 5 days, escalate to CSM after 10 days.",1,199.0,378.09999999999997,High,0.95,Billing Automation,1 failed transaction(s) totalling $199.00.,359.19499999999994,Medium
REC_002,Automated Payment Recovery — Failed Transaction,billing_recovery,CUST-19d125c6,SMB,"Trigger dunning sequence: retry payment after 3 days, send payment update email after 5 days, escalate to CSM after 10 days.",1,199.0,378.09999999999997,High,0.95,Billing Automation,1 failed transaction(s) totalling $199.00.,359.19499999999994,Medium
REC_002,Automated Payment Recovery — Failed Transaction,billing_recovery,CUST-1ce326ef,Startup,"Trigger dunning sequence: retry payment after 3 days, send payment update email after 5 days, escalate to CSM after 10 days.",1,199.0,378.09999999999997,High,0.95,Billing Automation,1 failed transaction(s) totalling $199.00.,359.19499999999994,Medium
REC_002,Automated Payment Recovery — Failed Transaction,billing_recovery,CUST-2174562f,Startup,"Trigger dunning sequence: retry payment after 3 days, send payment update email after 5 days, escalate to CSM after 10 days.",1,199.0,378.09999999999997,High,0.95,Billing Automation,1 failed transaction(s) totalling $199.00.,359.19499999999994,Medium
REC_002,Automated Payment Recovery — Failed Transaction,billing_recovery,CUST-22e76c3a,SMB,"Trigger dunning sequence: retry payment after 3 days, send payment update email after 5 days, escalate to CSM after 10 days.",1,199.0,378.09999999999997,High,0.95,Billing Automation,1 failed transaction(s) totalling $199.00.,359.19499999999994,Medium
REC_002,Automated Payment Recovery — Failed Transaction,billing_recovery,CUST-2817d8ed,Startup,"Trigger dunning sequence: retry payment after 3 days, send payment update email after 5 days, escalate to CSM after 10 days.",1,199.0,378.09999999999997,High,0.95,Billing Automation,1 failed transaction(s) totalling $199.00.,359.19499999999994,Medium
REC_002,Automated Payment Recovery — Failed Transaction,billing_recovery,CUST-2a765fdc,SMB,"Trigger dunning sequence: retry payment after 3 days, send payment update email after 5 days, escalate to CSM after 10 days.",1,199.0,378.09999999999997,High,0.95,Billing Automation,1 failed transaction(s) totalling $199.00.,359.19499999999994,Medium
REC_002,Automated Payment Recovery — Failed Transaction,billing_recovery,CUST-2b2462f8,Startup,"Trigger dunning sequence: retry payment after 3 days, send payment update email after 5 days, escalate to CSM after 10 days.",1,199.0,378.09999999999997,High,0.95,Billing Automation,1 failed transaction(s) totalling $199.00.,359.19499999999994,Medium
REC_002,Automated Payment Recovery — Failed Transaction,billing_recovery,CUST-363d8d57,SMB,"Trigger dunning sequence: retry payment after 3 days, send payment update email after 5 days, escalate to CSM after 10 days.",1,199.0,378.09999999999997,High,0.95,Billing Automation,1 failed transaction(s) totalling $199.00.,359.19499999999994,Medium
REC_002,Automated Payment Recovery — Failed Transaction,billing_recovery,CUST-3bab068a,Startup,"Trigger dunning sequence: retry payment after 3 days, send payment update email after 5 days, escalate to CSM after 10 days.",1,199.0,378.09999999999997,High,0.95,Billing Automation,1 failed transaction(s) totalling $199.00.,359.19499999999994,Medium
REC_002,Automated Payment Recovery — Failed Transaction,billing_recovery,CUST-3cb10dc9,SMB,"Trigger dunning sequence: retry payment after 3 days, send payment update email after 5 days, escalate to CSM after 10 days.",1,199.0,378.09999999999997,High,0.95,Billing Automation,1 failed transaction(s) totalling $199.00.,359.19499999999994,Medium
REC_002,Automated Payment Recovery — Failed Transaction,billing_recovery,CUST-3ccd4730,Startup,"Trigger dunning sequence: retry payment after 3 days, send payment update email after 5 days, escalate to CSM after 10 days.",1,199.0,378.09999999999997,High,0.95,Billing Automation,1 failed transaction(s) totalling $199.00.,359.19499999999994,Medium
REC_002,Automated Payment Recovery — Failed Transaction,billing_recovery,CUST-40d8b194,SMB,"Trigger dunning sequence: retry payment after 3 days, send payment update email after 5 days, escalate to CSM after 10 days.",1,199.0,378.09999999999997,High,0.95,Billing Automation,1 failed transaction(s) totalling $199.00.,359.19499999999994,Medium
REC_002,Automated Payment Recovery — Failed Transaction,billing_recovery,CUST-447dd15e,Startup,"Trigger dunning sequence: retry payment after 3 days, send payment update email after 5 days, escalate to CSM after 10 days.",1,199.0,378.09999999999997,High,0.95,Billing Automation,1 failed transaction(s) totalling $199.00.,359.19499999999994,Medium
REC_002,Automated Payment Recovery — Failed Transaction,billing_recovery,CUST-48d1892b,SMB,"Trigger dunning sequence: retry payment after 3 days, send payment update email after 5 days, escalate to CSM after 10 days.",1,199.0,378.09999999999997,High,0.95,Billing Automation,1 failed transaction(s) totalling $199.00.,359.19499999999994,Medium
REC_002,Automated Payment Recovery — Failed Transaction,billing_recovery,CUST-4c313265,SMB,"Trigger dunning sequence: retry payment after 3 days, send payment update email after 5 days, escalate to CSM after 10 days.",1,199.0,378.09999999999997,High,0.95,Billing Automation,1 failed transaction(s) totalling $199.00.,359.19499999999994,Medium
REC_002,Automated Payment Recovery — Failed Transaction,billing_recovery,CUST-4faa55ce,SMB,"Trigger dunning sequence: retry payment after 3 days, send payment update email after 5 days, escalate to CSM after 10 days.",1,199.0,378.09999999999997,High,0.95,Billing Automation,1 failed transaction(s) totalling $199.00.,359.19499999999994,Medium
REC_002,Automated Payment Recovery — Failed Transaction,billing_recovery,CUST-500b0bac,Startup,"Trigger dunning sequence: retry payment after 3 days, send payment update email after 5 days, escalate to CSM after 10 days.",1,199.0,378.09999999999997,High,0.95,Billing Automation,1 failed transaction(s) totalling $199.00.,359.19499999999994,Medium
REC_002,Automated Payment Recovery — Failed Transaction,billing_recovery,CUST-54226cf3,Mid-Market,"Trigger dunning sequence: retry payment after 3 days, send payment update email after 5 days, escalate to CSM after 10 days.",1,199.0,378.09999999999997,High,0.95,Billing Automation,1 failed transaction(s) totalling $199.00.,359.19499999999994,Medium
REC_002,Automated Payment Recovery — Failed Transaction,billing_recovery,CUST-57c05f2a,Startup,"Trigger dunning sequence: retry payment after 3 days, send payment update email after 5 days, escalate to CSM after 10 days.",1,199.0,378.09999999999997,High,0.95,Billing Automation,1 failed transaction(s) totalling $199.00.,359.19499999999994,Medium
REC_002,Automated Payment Recovery — Failed Transaction,billing_recovery,CUST-58ae0114,Enterprise,"Trigger dunning sequence: retry payment after 3 days, send payment update email after 5 days, escalate to CSM after 10 days.",1,199.0,378.09999999999997,High,0.95,Billing Automation,1 failed transaction(s) totalling $199.00.,359.19499999999994,Medium
REC_002,Automated Payment Recovery — Failed Transaction,billing_recovery,CUST-5919e110,Mid-Market,"Trigger dunning sequence: retry payment after 3 days, send payment update email after 5 days, escalate to CSM after 10 days.",1,199.0,378.09999999999997,High,0.95,Billing Automation,1 failed transaction(s) totalling $199.00.,359.19499999999994,Medium
REC_002,Automated Payment Recovery — Failed Transaction,billing_recovery,CUST-5971184e,Startup,"Trigger dunning sequence: retry payment after 3 days, send payment update email after 5 days, escalate to CSM after 10 days.",1,199.0,378.09999999999997,High,0.95,Billing Automation,1 failed transaction(s) totalling $199.00.,359.19499999999994,Medium
REC_002,Automated Payment Recovery — Failed Transaction,billing_recovery,CUST-5b2d5600,SMB,"Trigger dunning sequence: retry payment after 3 days, send payment update email after 5 days, escalate to CSM after 10 days.",1,199.0,378.09999999999997,High,0.95,Billing Automation,1 failed transaction(s) totalling $199.00.,359.19499999999994,Medium
REC_002,Automated Payment Recovery — Failed Transaction,billing_recovery,CUST-5c18d11f,SMB,"Trigger dunning sequence: retry payment after 3 days, send payment update email after 5 days, escalate to CSM after 10 days.",1,199.0,378.09999999999997,High,0.95,Billing Automation,1 failed transaction(s) totalling $199.00.,359.19499999999994,Medium
REC_002,Automated Payment Recovery — Failed Transaction,billing_recovery,CUST-5c814b6b,Enterprise,"Trigger dunning sequence: retry payment after 3 days, send payment update email after 5 days, escalate to CSM after 10 days.",1,199.0,378.09999999999997,High,0.95,Billing Automation,1 failed transaction(s) totalling $199.00.,359.19499999999994,Medium
REC_002,Automated Payment Recovery — Failed Transaction,billing_recovery,CUST-5e76105a,Startup,"Trigger dunning sequence: retry payment after 3 days, send payment update email after 5 days, escalate to CSM after 10 days.",1,199.0,378.09999999999997,High,0.95,Billing Automation,1 failed transaction(s) totalling $199.00.,359.19499999999994,Medium
REC_002,Automated Payment Recovery — Failed Transaction,billing_recovery,CUST-5f525322,Mid-Market,"Trigger dunning sequence: retry payment after 3 days, send payment update email after 5 days, escalate to CSM after 10 days.",1,199.0,378.09999999999997,High,0.95,Billing Automation,1 failed transaction(s) totalling $199.00.,359.19499999999994,Medium
REC_002,Automated Payment Recovery — Failed Transaction,billing_recovery,CUST-63490ee2,SMB,"Trigger dunning sequence: retry payment after 3 days, send payment update email after 5 days, escalate to CSM after 10 days.",1,199.0,378.09999999999997,High,0.95,Billing Automation,1 failed transaction(s) totalling $199.00.,359.19499999999994,Medium
REC_002,Automated Payment Recovery — Failed Transaction,billing_recovery,CUST-66e769ab,Startup,"Trigger dunning sequence: retry payment after 3 days, send payment update email after 5 days, escalate to CSM after 10 days.",1,199.0,378.09999999999997,High,0.95,Billing Automation,1 failed transaction(s) totalling $199.00.,359.19499999999994,Medium
REC_002,Automated Payment Recovery — Failed Transaction,billing_recovery,CUST-6ff6d7e7,Startup,"Trigger dunning sequence: retry payment after 3 days, send payment update email after 5 days, escalate to CSM after 10 days.",1,199.0,378.09999999999997,High,0.95,Billing Automation,1 failed transaction(s) totalling $199.00.,359.19499999999994,Medium
REC_002,Automated Payment Recovery — Failed Transaction,billing_recovery,CUST-7533722c,Startup,"Trigger dunning sequence: retry payment after 3 days, send payment update email after 5 days, escalate to CSM after 10 days.",1,199.0,378.09999999999997,High,0.95,Billing Automation,1 failed transaction(s) totalling $199.00.,359.19499999999994,Medium
REC_002,Automated Payment Recovery — Failed Transaction,billing_recovery,CUST-79b2549e,Enterprise,"Trigger dunning sequence: retry payment after 3 days, send payment update email after 5 days, escalate to CSM after 10 days.",1,199.0,378.09999999999997,High,0.95,Billing Automation,1 failed transaction(s) totalling $199.00.,359.19499999999994,Medium
REC_002,Automated Payment Recovery — Failed Transaction,billing_recovery,CUST-7a7195d5,SMB,"Trigger dunning sequence: retry payment after 3 days, send payment update email after 5 days, escalate to CSM after 10 days.",1,199.0,378.09999999999997,High,0.95,Billing Automation,1 failed transaction(s) totalling $199.00.,359.19499999999994,Medium
REC_002,Automated Payment Recovery — Failed Transaction,billing_recovery,CUST-7c0658a2,SMB,"Trigger dunning sequence: retry payment after 3 days, send payment update email after 5 days, escalate to CSM after 10 days.",1,199.0,378.09999999999997,High,0.95,Billing Automation,1 failed transaction(s) totalling $199.00.,359.19499999999994,Medium
REC_002,Automated Payment Recovery — Failed Transaction,billing_recovery,CUST-88b8e9c2,Startup,"Trigger dunning sequence: retry payment after 3 days, send payment update email after 5 days, escalate to CSM after 10 days.",1,199.0,378.09999999999997,High,0.95,Billing Automation,1 failed transaction(s) totalling $199.00.,359.19499999999994,Medium
REC_002,Automated Payment Recovery — Failed Transaction,billing_recovery,CUST-8da05055,SMB,"Trigger dunning sequence: retry payment after 3 days, send payment update email after 5 days, escalate to CSM after 10 days.",1,199.0,378.09999999999997,High,0.95,Billing Automation,1 failed transaction(s) totalling $199.00.,359.19499999999994,Medium
REC_002,Automated Payment Recovery — Failed Transaction,billing_recovery,CUST-8fa92fbe,SMB,"Trigger dunning sequence: retry payment after 3 days, send payment update email after 5 days, escalate to CSM after 10 days.",1,199.0,378.09999999999997,High,0.95,Billing Automation,1 failed transaction(s) totalling $199.00.,359.19499999999994,Medium
REC_002,Automated Payment Recovery — Failed Transaction,billing_recovery,CUST-9055781f,Mid-Market,"Trigger dunning sequence: retry payment after 3 days, send payment update email after 5 days, escalate to CSM after 10 days.",1,199.0,378.09999999999997,High,0.95,Billing Automation,1 failed transaction(s) totalling $199.00.,359.19499999999994,Medium
REC_002,Automated Payment Recovery — Failed Transaction,billing_recovery,CUST-a055c52e,Startup,"Trigger dunning sequence: retry payment after 3 days, send payment update email after 5 days, escalate to CSM after 10 days.",1,199.0,378.09999999999997,High,0.95,Billing Automation,1 failed transaction(s) totalling $199.00.,359.19499999999994,Medium
REC_002,Automated Payment Recovery — Failed Transaction,billing_recovery,CUST-a1d1e3f9,Startup,"Trigger dunning sequence: retry payment after 3 days, send payment update email after 5 days, escalate to CSM after 10 days.",1,199.0,378.09999999999997,High,0.95,Billing Automation,1 failed transaction(s) totalling $199.00.,359.19499999999994,Medium
REC_002,Automated Payment Recovery — Failed Transaction,billing_recovery,CUST-a4289523,Mid-Market,"Trigger dunning sequence: retry payment after 3 days, send payment update email after 5 days, escalate to CSM after 10 days.",1,199.0,378.09999999999997,High,0.95,Billing Automation,1 failed transaction(s) totalling $199.00.,359.19499999999994,Medium
REC_002,Automated Payment Recovery — Failed Transaction,billing_recovery,CUST-a5b98eea,SMB,"Trigger dunning sequence: retry payment after 3 days, send payment update email after 5 days, escalate to CSM after 10 days.",1,199.0,378.09999999999997,High,0.95,Billing Automation,1 failed transaction(s) totalling $199.00.,359.19499999999994,Medium
REC_002,Automated Payment Recovery — Failed Transaction,billing_recovery,CUST-a7caf856,Mid-Market,"Trigger dunning sequence: retry payment after 3 days, send payment update email after 5 days, escalate to CSM after 10 days.",1,199.0,378.09999999999997,High,0.95,Billing Automation,1 failed transaction(s) totalling $199.00.,359.19499999999994,Medium
REC_002,Automated Payment Recovery — Failed Transaction,billing_recovery,CUST-aaef60ec,Startup,"Trigger dunning sequence: retry payment after 3 days, send payment update email after 5 days, escalate to CSM after 10 days.",1,199.0,378.09999999999997,High,0.95,Billing Automation,1 failed transaction(s) totalling $199.00.,359.19499999999994,Medium
REC_002,Automated Payment Recovery — Failed Transaction,billing_recovery,CUST-adf95a1c,Startup,"Trigger dunning sequence: retry payment after 3 days, send payment update email after 5 days, escalate to CSM after 10 days.",1,199.0,378.09999999999997,High,0.95,Billing Automation,1 failed transaction(s) totalling $199.00.,359.19499999999994,Medium
REC_002,Automated Payment Recovery — Failed Transaction,billing_recovery,CUST-b3fdcb6d,Mid-Market,"Trigger dunning sequence: retry payment after 3 days, send payment update email after 5 days, escalate to CSM after 10 days.",1,199.0,378.09999999999997,High,0.95,Billing Automation,1 failed transaction(s) totalling $199.00.,359.19499999999994,Medium
REC_002,Automated Payment Recovery — Failed Transaction,billing_recovery,CUST-b8bb8f55,Mid-Market,"Trigger dunning sequence: retry payment after 3 days, send payment update email after 5 days, escalate to CSM after 10 days.",1,199.0,378.09999999999997,High,0.95,Billing Automation,1 failed transaction(s) totalling $199.00.,359.19499999999994,Medium
REC_002,Automated Payment Recovery — Failed Transaction,billing_recovery,CUST-b91aacba,SMB,"Trigger dunning sequence: retry payment after 3 days, send payment update email after 5 days, escalate to CSM after 10 days.",1,199.0,378.09999999999997,High,0.95,Billing Automation,1 failed transaction(s) totalling $199.00.,359.19499999999994,Medium
REC_002,Automated Payment Recovery — Failed Transaction,billing_recovery,CUST-b9c64dc7,Mid-Market,"Trigger dunning sequence: retry payment after 3 days, send payment update email after 5 days, escalate to CSM after 10 days.",1,199.0,378.09999999999997,High,0.95,Billing Automation,1 failed transaction(s) totalling $199.00.,359.19499999999994,Medium
REC_002,Automated Payment Recovery — Failed Transaction,billing_recovery,CUST-bb8c4432,SMB,"Trigger dunning sequence: retry payment after 3 days, send payment update email after 5 days, escalate to CSM after 10 days.",1,199.0,378.09999999999997,High,0.95,Billing Automation,1 failed transaction(s) totalling $199.00.,359.19499999999994,Medium
REC_002,Automated Payment Recovery — Failed Transaction,billing_recovery,CUST-bfb180b2,Mid-Market,"Trigger dunning sequence: retry payment after 3 days, send payment update email after 5 days, escalate to CSM after 10 days.",1,199.0,378.09999999999997,High,0.95,Billing Automation,1 failed transaction(s) totalling $199.00.,359.19499999999994,Medium
REC_002,Automated Payment Recovery — Failed Transaction,billing_recovery,CUST-c34ae956,Startup,"Trigger dunning sequence: retry payment after 3 days, send payment update email after 5 days, escalate to CSM after 10 days.",1,199.0,378.09999999999997,High,0.95,Billing Automation,1 failed transaction(s) totalling $199.00.,359.19499999999994,Medium
REC_002,Automated Payment Recovery — Failed Transaction,billing_recovery,CUST-c3e89c89,SMB,"Trigger dunning sequence: retry payment after 3 days, send payment update email after 5 days, escalate to CSM after 10 days.",1,199.0,378.09999999999997,High,0.95,Billing Automation,1 failed transaction(s) totalling $199.00.,359.19499999999994,Medium
REC_002,Automated Payment Recovery — Failed Transaction,billing_recovery,CUST-c6205156,Startup,"Trigger dunning sequence: retry payment after 3 days, send payment update email after 5 days, escalate to CSM after 10 days.",1,199.0,378.09999999999997,High,0.95,Billing Automation,1 failed transaction(s) totalling $199.00.,359.19499999999994,Medium
REC_002,Automated Payment Recovery — Failed Transaction,billing_recovery,CUST-c75bfc7d,Startup,"Trigger dunning sequence: retry payment after 3 days, send payment update email after 5 days, escalate to CSM after 10 days.",1,199.0,378.09999999999997,High,0.95,Billing Automation,1 failed transaction(s) totalling $199.00.,359.19499999999994,Medium
REC_002,Automated Payment Recovery — Failed Transaction,billing_recovery,CUST-caec1c82,Startup,"Trigger dunning sequence: retry payment after 3 days, send payment update email after 5 days, escalate to CSM after 10 days.",1,199.0,378.09999999999997,High,0.95,Billing Automation,1 failed transaction(s) totalling $199.00.,359.19499999999994,Medium
REC_002,Automated Payment Recovery — Failed Transaction,billing_recovery,CUST-cb8873af,Startup,"Trigger dunning sequence: retry payment after 3 days, send payment update email after 5 days, escalate to CSM after 10 days.",1,199.0,378.09999999999997,High,0.95,Billing Automation,1 failed transaction(s) totalling $199.00.,359.19499999999994,Medium
REC_002,Automated Payment Recovery — Failed Transaction,billing_recovery,CUST-cbe719e0,SMB,"Trigger dunning sequence: retry payment after 3 days, send payment update email after 5 days, escalate to CSM after 10 days.",1,199.0,378.09999999999997,High,0.95,Billing Automation,1 failed transaction(s) totalling $199.00.,359.19499999999994,Medium
REC_002,Automated Payment Recovery — Failed Transaction,billing_recovery,CUST-cde44b8b,SMB,"Trigger dunning sequence: retry payment after 3 days, send payment update email after 5 days, escalate to CSM after 10 days.",1,199.0,378.09999999999997,High,0.95,Billing Automation,1 failed transaction(s) totalling $199.00.,359.19499999999994,Medium
REC_002,Automated Payment Recovery — Failed Transaction,billing_recovery,CUST-d19e4b59,Mid-Market,"Trigger dunning sequence: retry payment after 3 days, send payment update email after 5 days, escalate to CSM after 10 days.",1,199.0,378.09999999999997,High,0.95,Billing Automation,1 failed transaction(s) totalling $199.00.,359.19499999999994,Medium
REC_002,Automated Payment Recovery — Failed Transaction,billing_recovery,CUST-d41c492f,SMB,"Trigger dunning sequence: retry payment after 3 days, send payment update email after 5 days, escalate to CSM after 10 days.",1,199.0,378.09999999999997,High,0.95,Billing Automation,1 failed transaction(s) totalling $199.00.,359.19499999999994,Medium
REC_002,Automated Payment Recovery — Failed Transaction,billing_recovery,CUST-d4af51eb,Startup,"Trigger dunning sequence: retry payment after 3 days, send payment update email after 5 days, escalate to CSM after 10 days.",1,199.0,378.09999999999997,High,0.95,Billing Automation,1 failed transaction(s) totalling $199.00.,359.19499999999994,Medium
REC_002,Automated Payment Recovery — Failed Transaction,billing_recovery,CUST-d90d0c05,SMB,"Trigger dunning sequence: retry payment after 3 days, send payment update email after 5 days, escalate to CSM after 10 days.",1,199.0,378.09999999999997,High,0.95,Billing Automation,1 failed transaction(s) totalling $199.00.,359.19499999999994,Medium
REC_002,Automated Payment Recovery — Failed Transaction,billing_recovery,CUST-e1305ba8,Startup,"Trigger dunning sequence: retry payment after 3 days, send payment update email after 5 days, escalate to CSM after 10 days.",1,199.0,378.09999999999997,High,0.95,Billing Automation,1 failed transaction(s) totalling $199.00.,359.19499999999994,Medium
REC_002,Automated Payment Recovery — Failed Transaction,billing_recovery,CUST-e8662e3e,Startup,"Trigger dunning sequence: retry payment after 3 days, send payment update email after 5 days, escalate to CSM after 10 days.",1,199.0,378.09999999999997,High,0.95,Billing Automation,1 failed transaction(s) totalling $199.00.,359.19499999999994,Medium
REC_002,Automated Payment Recovery — Failed Transaction,billing_recovery,CUST-e9d3d1e3,Startup,"Trigger dunning sequence: retry payment after 3 days, send payment update email after 5 days, escalate to CSM after 10 days.",1,199.0,378.09999999999997,High,0.95,Billing Automation,1 failed transaction(s) totalling $199.00.,359.19499999999994,Medium
REC_002,Automated Payment Recovery — Failed Transaction,billing_recovery,CUST-eba557a0,Startup,"Trigger dunning sequence: retry payment after 3 days, send payment update email after 5 days, escalate to CSM after 10 days.",1,199.0,378.09999999999997,High,0.95,Billing Automation,1 failed transaction(s) totalling $199.00.,359.19499999999994,Medium
REC_002,Automated Payment Recovery — Failed Transaction,billing_recovery,CUST-f9645bab,SMB,"Trigger dunning sequence: retry payment after 3 days, send payment update email after 5 days, escalate to CSM after 10 days.",1,199.0,378.09999999999997,High,0.95,Billing Automation,1 failed transaction(s) totalling $199.00.,359.19499999999994,Medium
REC_002,Automated Payment Recovery — Failed Transaction,billing_recovery,CUST-fadf25a9,Startup,"Trigger dunning sequence: retry payment after 3 days, send payment update email after 5 days, escalate to CSM after 10 days.",1,199.0,378.09999999999997,High,0.95,Billing Automation,1 failed transaction(s) totalling $199.00.,359.19499999999994,Medium
REC_002,Automated Payment Recovery — Failed Transaction,billing_recovery,CUST-fc3b2ebf,SMB,"Trigger dunning sequence: retry payment after 3 days, send payment update email after 5 days, escalate to CSM after 10 days.",1,199.0,378.09999999999997,High,0.95,Billing Automation,1 failed transaction(s) totalling $199.00.,359.19499999999994,Medium
REC_002,Automated Payment Recovery — Failed Transaction,billing_recovery,CUST-41144c2e,Startup,"Trigger dunning sequence: retry payment after 3 days, send payment update email after 5 days, escalate to CSM after 10 days.",1,196.0,372.4,High,0.95,Billing Automation,4 failed transaction(s) totalling $196.00.,353.78,Medium
REC_005,Past-Due Account Escalation,billing_recovery,CUST-e40f8c05,SMB,Escalate to finance for account hold review. Send formal payment demand notice and suspend non-critical features until resolved.,1,199.0,358.2,High,0.9,Finance Operations,Subscription SUB-820c9cb4 is Past Due — $199.00/month outstanding.,322.38,Medium
REC_005,Past-Due Account Escalation,billing_recovery,CUST-c517d236,Startup,Escalate to finance for account hold review. Send formal payment demand notice and suspend non-critical features until resolved.,1,199.0,358.2,High,0.9,Finance Operations,Subscription SUB-745d95d7 is Past Due — $199.00/month outstanding.,322.38,Medium
REC_005,Past-Due Account Escalation,billing_recovery,CUST-8ca42776,SMB,Escalate to finance for account hold review. Send formal payment demand notice and suspend non-critical features until resolved.,1,199.0,358.2,High,0.9,Finance Operations,Subscription SUB-2100d1ec is Past Due — $199.00/month outstanding.,322.38,Medium
REC_005,Past-Due Account Escalation,billing_recovery,CUST-40d8b194,SMB,Escalate to finance for account hold review. Send formal payment demand notice and suspend non-critical features until resolved.,1,199.0,358.2,High,0.9,Finance Operations,Subscription SUB-34708254 is Past Due — $199.00/month outstanding.,322.38,Medium
REC_005,Past-Due Account Escalation,billing_recovery,CUST-79c5436b,Startup,Escalate to finance for account hold review. Send formal payment demand notice and suspend non-critical features until resolved.,1,199.0,358.2,High,0.9,Finance Operations,Subscription SUB-9353e92a is Past Due — $199.00/month outstanding.,322.38,Medium
REC_005,Past-Due Account Escalation,billing_recovery,CUST-57f209bc,SMB,Escalate to finance for account hold review. Send formal payment demand notice and suspend non-critical features until resolved.,1,199.0,358.2,High,0.9,Finance Operations,Subscription SUB-19c2abe6 is Past Due — $199.00/month outstanding.,322.38,Medium
REC_005,Past-Due Account Escalation,billing_recovery,CUST-19d125c6,SMB,Escalate to finance for account hold review. Send formal payment demand notice and suspend non-critical features until resolved.,1,199.0,358.2,High,0.9,Finance Operations,Subscription SUB-3aadc656 is Past Due — $199.00/month outstanding.,322.38,Medium
REC_005,Past-Due Account Escalation,billing_recovery,CUST-678afb3c,SMB,Escalate to finance for account hold review. Send formal payment demand notice and suspend non-critical features until resolved.,1,199.0,358.2,High,0.9,Finance Operations,Subscription SUB-9b8fde33 is Past Due — $199.00/month outstanding.,322.38,Medium
REC_005,Past-Due Account Escalation,billing_recovery,CUST-f36b443f,SMB,Escalate to finance for account hold review. Send formal payment demand notice and suspend non-critical features until resolved.,1,199.0,358.2,High,0.9,Finance Operations,Subscription SUB-0e8ed528 is Past Due — $199.00/month outstanding.,322.38,Medium
REC_005,Past-Due Account Escalation,billing_recovery,CUST-902687ad,Startup,Escalate to finance for account hold review. Send formal payment demand notice and suspend non-critical features until resolved.,1,199.0,358.2,High,0.9,Finance Operations,Subscription SUB-ecbb22d6 is Past Due — $199.00/month outstanding.,322.38,Medium
REC_005,Past-Due Account Escalation,billing_recovery,CUST-c20b3a81,Enterprise,Escalate to finance for account hold review. Send formal payment demand notice and suspend non-critical features until resolved.,1,199.0,358.2,High,0.9,Finance Operations,Subscription SUB-fe6f72cd is Past Due — $199.00/month outstanding.,322.38,Medium
REC_005,Past-Due Account Escalation,billing_recovery,CUST-23c362fe,Mid-Market,Escalate to finance for account hold review. Send formal payment demand notice and suspend non-critical features until resolved.,1,199.0,358.2,High,0.9,Finance Operations,Subscription SUB-fafa7ae5 is Past Due — $199.00/month outstanding.,322.38,Medium
REC_005,Past-Due Account Escalation,billing_recovery,CUST-abcee1b2,SMB,Escalate to finance for account hold review. Send formal payment demand notice and suspend non-critical features until resolved.,1,199.0,358.2,High,0.9,Finance Operations,Subscription SUB-2274614e is Past Due — $199.00/month outstanding.,322.38,Medium
REC_005,Past-Due Account Escalation,billing_recovery,CUST-f1eceabe,SMB,Escalate to finance for account hold review. Send formal payment demand notice and suspend non-critical features until resolved.,1,199.0,358.2,High,0.9,Finance Operations,Subscription SUB-3985de47 is Past Due — $199.00/month outstanding.,322.38,Medium
REC_005,Past-Due Account Escalation,billing_recovery,CUST-0e040031,SMB,Escalate to finance for account hold review. Send formal payment demand notice and suspend non-critical features until resolved.,1,199.0,358.2,High,0.9,Finance Operations,Subscription SUB-ba9cb936 is Past Due — $199.00/month outstanding.,322.38,Medium
REC_005,Past-Due Account Escalation,billing_recovery,CUST-073695df,Startup,Escalate to finance for account hold review. Send formal payment demand notice and suspend non-critical features until resolved.,1,199.0,358.2,High,0.9,Finance Operations,Subscription SUB-3593730d is Past Due — $199.00/month outstanding.,322.38,Medium
REC_005,Past-Due Account Escalation,billing_recovery,CUST-c6205156,Startup,Escalate to finance for account hold review. Send formal payment demand notice and suspend non-critical features until resolved.,1,199.0,358.2,High,0.9,Finance Operations,Subscription SUB-a6a5423d is Past Due — $199.00/month outstanding.,322.38,Medium
REC_005,Past-Due Account Escalation,billing_recovery,CUST-f3bdc01c,SMB,Escalate to finance for account hold review. Send formal payment demand notice and suspend non-critical features until resolved.,1,199.0,358.2,High,0.9,Finance Operations,Subscription SUB-59cd9441 is Past Due — $199.00/month outstanding.,322.38,Medium
REC_004,Proactive Billing Intervention — Payment Risk Driver Detected,billing_recovery,CUST-54226cf3,Mid-Market,Contact customer directly to confirm payment details and offer alternative payment methods before the subscription lapses.,1,199.0,398.0,Medium,0.8,Customer Success Manager,Churn risk band: High. Drivers: Failed Payments.,318.40000000000003,Medium
REC_004,Proactive Billing Intervention — Payment Risk Driver Detected,billing_recovery,CUST-eba557a0,Startup,Contact customer directly to confirm payment details and offer alternative payment methods before the subscription lapses.,1,199.0,398.0,Medium,0.8,Customer Success Manager,Churn risk band: High. Drivers: Failed Payments.,318.40000000000003,Medium
REC_004,Proactive Billing Intervention — Payment Risk Driver Detected,billing_recovery,CUST-d41c492f,SMB,Contact customer directly to confirm payment details and offer alternative payment methods before the subscription lapses.,1,199.0,398.0,Medium,0.8,Customer Success Manager,Churn risk band: High. Drivers: Failed Payments.,318.40000000000003,Medium
REC_004,Proactive Billing Intervention — Payment Risk Driver Detected,billing_recovery,CUST-2b2462f8,Startup,Contact customer directly to confirm payment details and offer alternative payment methods before the subscription lapses.,1,199.0,398.0,Medium,0.8,Customer Success Manager,Churn risk band: High. Drivers: Failed Payments.,318.40000000000003,Medium
REC_004,Proactive Billing Intervention — Payment Risk Driver Detected,billing_recovery,CUST-5b2d5600,SMB,Contact customer directly to confirm payment details and offer alternative payment methods before the subscription lapses.,1,199.0,398.0,Medium,0.8,Customer Success Manager,Churn risk band: High. Drivers: Failed Payments.,318.40000000000003,Medium
REC_004,Proactive Billing Intervention — Payment Risk Driver Detected,billing_recovery,CUST-a055c52e,Startup,Contact customer directly to confirm payment details and offer alternative payment methods before the subscription lapses.,1,199.0,398.0,Medium,0.8,Customer Success Manager,"Churn risk band: High. Drivers: Failed Payments, High Support Burden.",318.40000000000003,Medium
REC_004,Proactive Billing Intervention — Payment Risk Driver Detected,billing_recovery,CUST-7c0658a2,SMB,Contact customer directly to confirm payment details and offer alternative payment methods before the subscription lapses.,1,199.0,398.0,Medium,0.8,Customer Success Manager,Churn risk band: High. Drivers: Failed Payments.,318.40000000000003,Medium
REC_004,Proactive Billing Intervention — Payment Risk Driver Detected,billing_recovery,CUST-d71a8b66,Startup,Contact customer directly to confirm payment details and offer alternative payment methods before the subscription lapses.,1,199.0,398.0,Medium,0.8,Customer Success Manager,"Churn risk band: High. Drivers: Low NPS, Failed Payments.",318.40000000000003,Medium
REC_004,Proactive Billing Intervention — Payment Risk Driver Detected,billing_recovery,CUST-c34ae956,Startup,Contact customer directly to confirm payment details and offer alternative payment methods before the subscription lapses.,1,199.0,398.0,Medium,0.8,Customer Success Manager,"Churn risk band: High. Drivers: Failed Payments, High Support Burden.",318.40000000000003,Medium
REC_004,Proactive Billing Intervention — Payment Risk Driver Detected,billing_recovery,CUST-2a765fdc,SMB,Contact customer directly to confirm payment details and offer alternative payment methods before the subscription lapses.,1,199.0,398.0,Medium,0.8,Customer Success Manager,Churn risk band: High. Drivers: Failed Payments.,318.40000000000003,Medium
REC_004,Proactive Billing Intervention — Payment Risk Driver Detected,billing_recovery,CUST-b3fdcb6d,Mid-Market,Contact customer directly to confirm payment details and offer alternative payment methods before the subscription lapses.,1,199.0,398.0,Medium,0.8,Customer Success Manager,"Churn risk band: High. Drivers: Failed Payments, High Support Burden.",318.40000000000003,Medium
REC_004,Proactive Billing Intervention — Payment Risk Driver Detected,billing_recovery,CUST-aaef60ec,Startup,Contact customer directly to confirm payment details and offer alternative payment methods before the subscription lapses.,1,199.0,398.0,Medium,0.8,Customer Success Manager,"Churn risk band: High. Drivers: Failed Payments, High Support Burden.",318.40000000000003,Medium
REC_004,Proactive Billing Intervention — Payment Risk Driver Detected,billing_recovery,CUST-2f7e3f39,SMB,Contact customer directly to confirm payment details and offer alternative payment methods before the subscription lapses.,1,199.0,398.0,Medium,0.8,Customer Success Manager,"Churn risk band: High. Drivers: Failed Payments, High Support Burden.",318.40000000000003,Medium
REC_004,Proactive Billing Intervention — Payment Risk Driver Detected,billing_recovery,CUST-f9645bab,SMB,Contact customer directly to confirm payment details and offer alternative payment methods before the subscription lapses.,1,199.0,398.0,Medium,0.8,Customer Success Manager,Churn risk band: High. Drivers: Failed Payments.,318.40000000000003,Medium
REC_004,Proactive Billing Intervention — Payment Risk Driver Detected,billing_recovery,CUST-f4320c23,Startup,Contact customer directly to confirm payment details and offer alternative payment methods before the subscription lapses.,1,199.0,398.0,Medium,0.8,Customer Success Manager,Churn risk band: High. Drivers: Failed Payments.,318.40000000000003,Medium
REC_004,Proactive Billing Intervention — Payment Risk Driver Detected,billing_recovery,CUST-380c057f,SMB,Contact customer directly to confirm payment details and offer alternative payment methods before the subscription lapses.,1,199.0,398.0,Medium,0.8,Customer Success Manager,"Churn risk band: High. Drivers: Failed Payments, High Support Burden.",318.40000000000003,Medium
REC_004,Proactive Billing Intervention — Payment Risk Driver Detected,billing_recovery,CUST-8fa92fbe,SMB,Contact customer directly to confirm payment details and offer alternative payment methods before the subscription lapses.,1,199.0,398.0,Medium,0.8,Customer Success Manager,Churn risk band: High. Drivers: Failed Payments.,318.40000000000003,Medium
REC_004,Proactive Billing Intervention — Payment Risk Driver Detected,billing_recovery,CUST-11058525,SMB,Contact customer directly to confirm payment details and offer alternative payment methods before the subscription lapses.,1,199.0,398.0,Medium,0.8,Customer Success Manager,"Churn risk band: High. Drivers: Low NPS, Failed Payments.",318.40000000000003,Medium
REC_004,Proactive Billing Intervention — Payment Risk Driver Detected,billing_recovery,CUST-b8bb8f55,Mid-Market,Contact customer directly to confirm payment details and offer alternative payment methods before the subscription lapses.,1,199.0,398.0,Medium,0.8,Customer Success Manager,"Churn risk band: High. Drivers: Failed Payments, High Support Burden.",318.40000000000003,Medium
REC_004,Proactive Billing Intervention — Payment Risk Driver Detected,billing_recovery,CUST-cbe719e0,SMB,Contact customer directly to confirm payment details and offer alternative payment methods before the subscription lapses.,1,199.0,398.0,Medium,0.8,Customer Success Manager,Churn risk band: High. Drivers: Failed Payments.,318.40000000000003,Medium
REC_004,Proactive Billing Intervention — Payment Risk Driver Detected,billing_recovery,CUST-5266d308,SMB,Contact customer directly to confirm payment details and offer alternative payment methods before the subscription lapses.,1,199.0,398.0,Medium,0.8,Customer Success Manager,"Churn risk band: High. Drivers: Failed Payments, High Support Burden.",318.40000000000003,Medium
REC_004,Proactive Billing Intervention — Payment Risk Driver Detected,billing_recovery,CUST-04da6ffd,Startup,Contact customer directly to confirm payment details and offer alternative payment methods before the subscription lapses.,1,199.0,398.0,Medium,0.8,Customer Success Manager,"Churn risk band: Critical. Drivers: Low NPS, Failed Payments, High Support Burden.",318.40000000000003,Medium
REC_004,Proactive Billing Intervention — Payment Risk Driver Detected,billing_recovery,CUST-c75bfc7d,Startup,Contact customer directly to confirm payment details and offer alternative payment methods before the subscription lapses.,1,199.0,398.0,Medium,0.8,Customer Success Manager,Churn risk band: High. Drivers: Failed Payments.,318.40000000000003,Medium
REC_004,Proactive Billing Intervention — Payment Risk Driver Detected,billing_recovery,CUST-bfb180b2,Mid-Market,Contact customer directly to confirm payment details and offer alternative payment methods before the subscription lapses.,1,199.0,398.0,Medium,0.8,Customer Success Manager,Churn risk band: High. Drivers: Failed Payments.,318.40000000000003,Medium
REC_004,Proactive Billing Intervention — Payment Risk Driver Detected,billing_recovery,CUST-3ccd4730,Startup,Contact customer directly to confirm payment details and offer alternative payment methods before the subscription lapses.,1,199.0,398.0,Medium,0.8,Customer Success Manager,Churn risk band: High. Drivers: Failed Payments.,318.40000000000003,Medium
REC_004,Proactive Billing Intervention — Payment Risk Driver Detected,billing_recovery,CUST-a1d1e3f9,Startup,Contact customer directly to confirm payment details and offer alternative payment methods before the subscription lapses.,1,199.0,398.0,Medium,0.8,Customer Success Manager,Churn risk band: High. Drivers: Failed Payments.,318.40000000000003,Medium
REC_004,Proactive Billing Intervention — Payment Risk Driver Detected,billing_recovery,CUST-3746975b,Startup,Contact customer directly to confirm payment details and offer alternative payment methods before the subscription lapses.,1,199.0,398.0,Medium,0.8,Customer Success Manager,Churn risk band: High. Drivers: Failed Payments.,318.40000000000003,Medium
REC_004,Proactive Billing Intervention — Payment Risk Driver Detected,billing_recovery,CUST-b8cfe16e,Startup,Contact customer directly to confirm payment details and offer alternative payment methods before the subscription lapses.,1,199.0,398.0,Medium,0.8,Customer Success Manager,"Churn risk band: High. Drivers: Failed Payments, High Support Burden.",318.40000000000003,Medium
REC_004,Proactive Billing Intervention — Payment Risk Driver Detected,billing_recovery,CUST-57c05f2a,Startup,Contact customer directly to confirm payment details and offer alternative payment methods before the subscription lapses.,1,199.0,398.0,Medium,0.8,Customer Success Manager,Churn risk band: High. Drivers: Failed Payments.,318.40000000000003,Medium
REC_004,Proactive Billing Intervention — Payment Risk Driver Detected,billing_recovery,CUST-36e8bc93,SMB,Contact customer directly to confirm payment details and offer alternative payment methods before the subscription lapses.,1,199.0,398.0,Medium,0.8,Customer Success Manager,Churn risk band: High. Drivers: Failed Payments.,318.40000000000003,Medium
REC_004,Proactive Billing Intervention — Payment Risk Driver Detected,billing_recovery,CUST-3bab068a,Startup,Contact customer directly to confirm payment details and offer alternative payment methods before the subscription lapses.,1,199.0,398.0,Medium,0.8,Customer Success Manager,Churn risk band: High. Drivers: Failed Payments.,318.40000000000003,Medium
REC_004,Proactive Billing Intervention — Payment Risk Driver Detected,billing_recovery,CUST-185bc91c,SMB,Contact customer directly to confirm payment details and offer alternative payment methods before the subscription lapses.,1,199.0,398.0,Medium,0.8,Customer Success Manager,Churn risk band: High. Drivers: Failed Payments.,318.40000000000003,Medium
REC_004,Proactive Billing Intervention — Payment Risk Driver Detected,billing_recovery,CUST-a7caf856,Mid-Market,Contact customer directly to confirm payment details and offer alternative payment methods before the subscription lapses.,1,199.0,398.0,Medium,0.8,Customer Success Manager,"Churn risk band: High. Drivers: Failed Payments, High Support Burden.",318.40000000000003,Medium
REC_004,Proactive Billing Intervention — Payment Risk Driver Detected,billing_recovery,CUST-1e37d8db,Startup,Contact customer directly to confirm payment details and offer alternative payment methods before the subscription lapses.,1,199.0,398.0,Medium,0.8,Customer Success Manager,Churn risk band: High. Drivers: Failed Payments.,318.40000000000003,Medium
REC_004,Proactive Billing Intervention — Payment Risk Driver Detected,billing_recovery,CUST-58ae0114,Enterprise,Contact customer directly to confirm payment details and offer alternative payment methods before the subscription lapses.,1,199.0,398.0,Medium,0.8,Customer Success Manager,"Churn risk band: High. Drivers: Failed Payments, High Support Burden.",318.40000000000003,Medium
REC_004,Proactive Billing Intervention — Payment Risk Driver Detected,billing_recovery,CUST-a4289523,Mid-Market,Contact customer directly to confirm payment details and offer alternative payment methods before the subscription lapses.,1,199.0,398.0,Medium,0.8,Customer Success Manager,Churn risk band: High. Drivers: Failed Payments.,318.40000000000003,Medium
REC_004,Proactive Billing Intervention — Payment Risk Driver Detected,billing_recovery,CUST-a104c9be,Startup,Contact customer directly to confirm payment details and offer alternative payment methods before the subscription lapses.,1,199.0,398.0,Medium,0.8,Customer Success Manager,Churn risk band: High. Drivers: Failed Payments.,318.40000000000003,Medium
REC_004,Proactive Billing Intervention — Payment Risk Driver Detected,billing_recovery,CUST-ffdb48d8,SMB,Contact customer directly to confirm payment details and offer alternative payment methods before the subscription lapses.,1,199.0,398.0,Medium,0.8,Customer Success Manager,Churn risk band: High. Drivers: Failed Payments.,318.40000000000003,Medium
REC_004,Proactive Billing Intervention — Payment Risk Driver Detected,billing_recovery,CUST-04ef897b,SMB,Contact customer directly to confirm payment details and offer alternative payment methods before the subscription lapses.,1,199.0,398.0,Medium,0.8,Customer Success Manager,"Churn risk band: High. Drivers: Failed Payments, High Support Burden.",318.40000000000003,Medium
REC_004,Proactive Billing Intervention — Payment Risk Driver Detected,billing_recovery,CUST-e8662e3e,Startup,Contact customer directly to confirm payment details and offer alternative payment methods before the subscription lapses.,1,199.0,398.0,Medium,0.8,Customer Success Manager,Churn risk band: High. Drivers: Failed Payments.,318.40000000000003,Medium
REC_004,Proactive Billing Intervention — Payment Risk Driver Detected,billing_recovery,CUST-1ce326ef,Startup,Contact customer directly to confirm payment details and offer alternative payment methods before the subscription lapses.,1,199.0,398.0,Medium,0.8,Customer Success Manager,"Churn risk band: High. Drivers: Failed Payments, High Support Burden.",318.40000000000003,Medium
REC_004,Proactive Billing Intervention — Payment Risk Driver Detected,billing_recovery,CUST-63490ee2,SMB,Contact customer directly to confirm payment details and offer alternative payment methods before the subscription lapses.,1,199.0,398.0,Medium,0.8,Customer Success Manager,Churn risk band: High. Drivers: Failed Payments.,318.40000000000003,Medium
REC_004,Proactive Billing Intervention — Payment Risk Driver Detected,billing_recovery,CUST-7712f9cc,Enterprise,Contact customer directly to confirm payment details and offer alternative payment methods before the subscription lapses.,1,199.0,398.0,Medium,0.8,Customer Success Manager,"Churn risk band: High. Drivers: Failed Payments, High Support Burden.",318.40000000000003,Medium
REC_004,Proactive Billing Intervention — Payment Risk Driver Detected,billing_recovery,CUST-34ff0f5b,SMB,Contact customer directly to confirm payment details and offer alternative payment methods before the subscription lapses.,1,199.0,398.0,Medium,0.8,Customer Success Manager,Churn risk band: High. Drivers: Failed Payments.,318.40000000000003,Medium
REC_004,Proactive Billing Intervention — Payment Risk Driver Detected,billing_recovery,CUST-caec1c82,Startup,Contact customer directly to confirm payment details and offer alternative payment methods before the subscription lapses.,1,199.0,398.0,Medium,0.8,Customer Success Manager,"Churn risk band: High. Drivers: Failed Payments, High Support Burden.",318.40000000000003,Medium
REC_004,Proactive Billing Intervention — Payment Risk Driver Detected,billing_recovery,CUST-c3e89c89,SMB,Contact customer directly to confirm payment details and offer alternative payment methods before the subscription lapses.,1,199.0,398.0,Medium,0.8,Customer Success Manager,"Churn risk band: High. Drivers: Failed Payments, High Support Burden.",318.40000000000003,Medium
REC_004,Proactive Billing Intervention — Payment Risk Driver Detected,billing_recovery,CUST-292439a9,SMB,Contact customer directly to confirm payment details and offer alternative payment methods before the subscription lapses.,1,199.0,398.0,Medium,0.8,Customer Success Manager,Churn risk band: High. Drivers: Failed Payments.,318.40000000000003,Medium
REC_004,Proactive Billing Intervention — Payment Risk Driver Detected,billing_recovery,CUST-e1305ba8,Startup,Contact customer directly to confirm payment details and offer alternative payment methods before the subscription lapses.,1,199.0,398.0,Medium,0.8,Customer Success Manager,Churn risk band: High. Drivers: Failed Payments.,318.40000000000003,Medium
REC_004,Proactive Billing Intervention — Payment Risk Driver Detected,billing_recovery,CUST-133bbb48,Startup,Contact customer directly to confirm payment details and offer alternative payment methods before the subscription lapses.,1,199.0,398.0,Medium,0.8,Customer Success Manager,Churn risk band: High. Drivers: Failed Payments.,318.40000000000003,Medium
REC_004,Proactive Billing Intervention — Payment Risk Driver Detected,billing_recovery,CUST-447dd15e,Startup,Contact customer directly to confirm payment details and offer alternative payment methods before the subscription lapses.,1,199.0,398.0,Medium,0.8,Customer Success Manager,Churn risk band: High. Drivers: Failed Payments.,318.40000000000003,Medium
REC_004,Proactive Billing Intervention — Payment Risk Driver Detected,billing_recovery,CUST-7533722c,Startup,Contact customer directly to confirm payment details and offer alternative payment methods before the subscription lapses.,1,199.0,398.0,Medium,0.8,Customer Success Manager,"Churn risk band: High. Drivers: Failed Payments, High Support Burden.",318.40000000000003,Medium
REC_004,Proactive Billing Intervention — Payment Risk Driver Detected,billing_recovery,CUST-68eef416,Mid-Market,Contact customer directly to confirm payment details and offer alternative payment methods before the subscription lapses.,1,199.0,398.0,Medium,0.8,Customer Success Manager,Churn risk band: High. Drivers: Failed Payments.,318.40000000000003,Medium
REC_004,Proactive Billing Intervention — Payment Risk Driver Detected,billing_recovery,CUST-cb8873af,Startup,Contact customer directly to confirm payment details and offer alternative payment methods before the subscription lapses.,1,199.0,398.0,Medium,0.8,Customer Success Manager,Churn risk band: High. Drivers: Failed Payments.,318.40000000000003,Medium
REC_004,Proactive Billing Intervention — Payment Risk Driver Detected,billing_recovery,CUST-24b4e5cc,SMB,Contact customer directly to confirm payment details and offer alternative payment methods before the subscription lapses.,1,199.0,398.0,Medium,0.8,Customer Success Manager,"Churn risk band: High. Drivers: Failed Payments, High Support Burden.",318.40000000000003,Medium
REC_004,Proactive Billing Intervention — Payment Risk Driver Detected,billing_recovery,CUST-b91aacba,SMB,Contact customer directly to confirm payment details and offer alternative payment methods before the subscription lapses.,1,199.0,398.0,Medium,0.8,Customer Success Manager,Churn risk band: High. Drivers: Failed Payments.,318.40000000000003,Medium
REC_004,Proactive Billing Intervention — Payment Risk Driver Detected,billing_recovery,CUST-7367b27f,Mid-Market,Contact customer directly to confirm payment details and offer alternative payment methods before the subscription lapses.,1,199.0,398.0,Medium,0.8,Customer Success Manager,"Churn risk band: High. Drivers: Failed Payments, High Support Burden.",318.40000000000003,Medium
REC_004,Proactive Billing Intervention — Payment Risk Driver Detected,billing_recovery,CUST-2fb722d2,Startup,Contact customer directly to confirm payment details and offer alternative payment methods before the subscription lapses.,1,199.0,398.0,Medium,0.8,Customer Success Manager,Churn risk band: High. Drivers: Failed Payments.,318.40000000000003,Medium
REC_004,Proactive Billing Intervention — Payment Risk Driver Detected,billing_recovery,CUST-1dc90449,SMB,Contact customer directly to confirm payment details and offer alternative payment methods before the subscription lapses.,1,199.0,398.0,Medium,0.8,Customer Success Manager,"Churn risk band: High. Drivers: Low NPS, Failed Payments.",318.40000000000003,Medium
REC_004,Proactive Billing Intervention — Payment Risk Driver Detected,billing_recovery,CUST-7c9239d0,SMB,Contact customer directly to confirm payment details and offer alternative payment methods before the subscription lapses.,1,199.0,398.0,Medium,0.8,Customer Success Manager,Churn risk band: High. Drivers: Failed Payments.,318.40000000000003,Medium
REC_004,Proactive Billing Intervention — Payment Risk Driver Detected,billing_recovery,CUST-5e76105a,Startup,Contact customer directly to confirm payment details and offer alternative payment methods before the subscription lapses.,1,199.0,398.0,Medium,0.8,Customer Success Manager,"Churn risk band: High. Drivers: Failed Payments, High Support Burden.",318.40000000000003,Medium
REC_004,Proactive Billing Intervention — Payment Risk Driver Detected,billing_recovery,CUST-8da05055,SMB,Contact customer directly to confirm payment details and offer alternative payment methods before the subscription lapses.,1,199.0,398.0,Medium,0.8,Customer Success Manager,Churn risk band: High. Drivers: Failed Payments.,318.40000000000003,Medium
REC_004,Proactive Billing Intervention — Payment Risk Driver Detected,billing_recovery,CUST-b12836c4,SMB,Contact customer directly to confirm payment details and offer alternative payment methods before the subscription lapses.,1,199.0,398.0,Medium,0.8,Customer Success Manager,"Churn risk band: High. Drivers: Failed Payments, High Support Burden.",318.40000000000003,Medium
REC_004,Proactive Billing Intervention — Payment Risk Driver Detected,billing_recovery,CUST-66e769ab,Startup,Contact customer directly to confirm payment details and offer alternative payment methods before the subscription lapses.,1,199.0,398.0,Medium,0.8,Customer Success Manager,"Churn risk band: High. Drivers: Failed Payments, High Support Burden.",318.40000000000003,Medium
REC_004,Proactive Billing Intervention — Payment Risk Driver Detected,billing_recovery,CUST-88b8e9c2,Startup,Contact customer directly to confirm payment details and offer alternative payment methods before the subscription lapses.,1,199.0,398.0,Medium,0.8,Customer Success Manager,Churn risk band: High. Drivers: Failed Payments.,318.40000000000003,Medium
REC_004,Proactive Billing Intervention — Payment Risk Driver Detected,billing_recovery,CUST-5f525322,Mid-Market,Contact customer directly to confirm payment details and offer alternative payment methods before the subscription lapses.,1,199.0,398.0,Medium,0.8,Customer Success Manager,Churn risk band: High. Drivers: Failed Payments.,318.40000000000003,Medium
REC_004,Proactive Billing Intervention — Payment Risk Driver Detected,billing_recovery,CUST-5c18d11f,SMB,Contact customer directly to confirm payment details and offer alternative payment methods before the subscription lapses.,1,199.0,398.0,Medium,0.8,Customer Success Manager,Churn risk band: High. Drivers: Failed Payments.,318.40000000000003,Medium
REC_004,Proactive Billing Intervention — Payment Risk Driver Detected,billing_recovery,CUST-2174562f,Startup,Contact customer directly to confirm payment details and offer alternative payment methods before the subscription lapses.,1,199.0,398.0,Medium,0.8,Customer Success Manager,"Churn risk band: High. Drivers: Failed Payments, High Support Burden.",318.40000000000003,Medium
REC_004,Proactive Billing Intervention — Payment Risk Driver Detected,billing_recovery,CUST-2bf34f8f,Mid-Market,Contact customer directly to confirm payment details and offer alternative payment methods before the subscription lapses.,1,199.0,398.0,Medium,0.8,Customer Success Manager,"Churn risk band: High. Drivers: Low NPS, Failed Payments.",318.40000000000003,Medium
REC_004,Proactive Billing Intervention — Payment Risk Driver Detected,billing_recovery,CUST-4faa55ce,SMB,Contact customer directly to confirm payment details and offer alternative payment methods before the subscription lapses.,1,199.0,398.0,Medium,0.8,Customer Success Manager,"Churn risk band: High. Drivers: Failed Payments, High Support Burden.",318.40000000000003,Medium
REC_004,Proactive Billing Intervention — Payment Risk Driver Detected,billing_recovery,CUST-500b0bac,Startup,Contact customer directly to confirm payment details and offer alternative payment methods before the subscription lapses.,1,199.0,398.0,Medium,0.8,Customer Success Manager,Churn risk band: High. Drivers: Failed Payments.,318.40000000000003,Medium
REC_004,Proactive Billing Intervention — Payment Risk Driver Detected,billing_recovery,CUST-9055781f,Mid-Market,Contact customer directly to confirm payment details and offer alternative payment methods before the subscription lapses.,1,199.0,398.0,Medium,0.8,Customer Success Manager,"Churn risk band: High. Drivers: Failed Payments, High Support Burden.",318.40000000000003,Medium
REC_003,SMB Re-engagement Offer — High Churn Risk,retention,CUST-268095d2,SMB,Send personalised in-app re-engagement campaign with 15% discount for 3-month commitment. Follow up with feature tutorial email sequence.,1,499.0,449.09999999999997,Medium,0.6,Marketing Automation,"Churn risk band: High. Drivers: Failed Payments, High Support Burden.",269.46,Medium
REC_003,SMB Re-engagement Offer — High Churn Risk,retention,CUST-04a3a1c8,SMB,Send personalised in-app re-engagement campaign with 15% discount for 3-month commitment. Follow up with feature tutorial email sequence.,1,499.0,449.09999999999997,Medium,0.6,Marketing Automation,"Churn risk band: High. Drivers: Failed Payments, High Support Burden.",269.46,Medium
REC_003,SMB Re-engagement Offer — High Churn Risk,retention,CUST-bef81749,SMB,Send personalised in-app re-engagement campaign with 15% discount for 3-month commitment. Follow up with feature tutorial email sequence.,1,499.0,449.09999999999997,Medium,0.6,Marketing Automation,Churn risk band: High. Drivers: Failed Payments.,269.46,Medium
REC_003,SMB Re-engagement Offer — High Churn Risk,retention,CUST-3dabf8c6,SMB,Send personalised in-app re-engagement campaign with 15% discount for 3-month commitment. Follow up with feature tutorial email sequence.,1,499.0,449.09999999999997,Medium,0.6,Marketing Automation,Churn risk band: High. Drivers: Failed Payments.,269.46,Medium
REC_003,SMB Re-engagement Offer — High Churn Risk,retention,CUST-aa20f81f,SMB,Send personalised in-app re-engagement campaign with 15% discount for 3-month commitment. Follow up with feature tutorial email sequence.,1,499.0,449.09999999999997,Medium,0.6,Marketing Automation,"Churn risk band: High. Drivers: Failed Payments, High Support Burden.",269.46,Medium
REC_003,SMB Re-engagement Offer — High Churn Risk,retention,CUST-4429c29d,SMB,Send personalised in-app re-engagement campaign with 15% discount for 3-month commitment. Follow up with feature tutorial email sequence.,1,499.0,449.09999999999997,Medium,0.6,Marketing Automation,Churn risk band: High. Drivers: Failed Payments.,269.46,Medium
REC_003,SMB Re-engagement Offer — High Churn Risk,retention,CUST-9717d1b4,SMB,Send personalised in-app re-engagement campaign with 15% discount for 3-month commitment. Follow up with feature tutorial email sequence.,1,499.0,449.09999999999997,Medium,0.6,Marketing Automation,"Churn risk band: High. Drivers: Failed Payments, High Support Burden.",269.46,Medium
REC_003,SMB Re-engagement Offer — High Churn Risk,retention,CUST-7cd02364,SMB,Send personalised in-app re-engagement campaign with 15% discount for 3-month commitment. Follow up with feature tutorial email sequence.,1,499.0,449.09999999999997,Medium,0.6,Marketing Automation,Churn risk band: High. Drivers: Failed Payments.,269.46,Medium
REC_003,SMB Re-engagement Offer — High Churn Risk,retention,CUST-4a5fa8e4,SMB,Send personalised in-app re-engagement campaign with 15% discount for 3-month commitment. Follow up with feature tutorial email sequence.,1,499.0,449.09999999999997,Medium,0.6,Marketing Automation,Churn risk band: High. Drivers: Failed Payments.,269.46,Medium
REC_003,SMB Re-engagement Offer — High Churn Risk,retention,CUST-0f1d4dfd,SMB,Send personalised in-app re-engagement campaign with 15% discount for 3-month commitment. Follow up with feature tutorial email sequence.,1,499.0,449.09999999999997,Medium,0.6,Marketing Automation,"Churn risk band: High. Drivers: Failed Payments, High Support Burden.",269.46,Medium
REC_003,SMB Re-engagement Offer — High Churn Risk,retention,CUST-b9f38cfc,SMB,Send personalised in-app re-engagement campaign with 15% discount for 3-month commitment. Follow up with feature tutorial email sequence.,1,499.0,449.09999999999997,Medium,0.6,Marketing Automation,"Churn risk band: High. Drivers: Failed Payments, High Support Burden.",269.46,Medium
REC_003,SMB Re-engagement Offer — High Churn Risk,retention,CUST-9abc2eac,SMB,Send personalised in-app re-engagement campaign with 15% discount for 3-month commitment. Follow up with feature tutorial email sequence.,1,499.0,449.09999999999997,Medium,0.6,Marketing Automation,Churn risk band: High. Drivers: Failed Payments.,269.46,Medium
REC_003,SMB Re-engagement Offer — High Churn Risk,retention,CUST-6a0907da,SMB,Send personalised in-app re-engagement campaign with 15% discount for 3-month commitment. Follow up with feature tutorial email sequence.,1,499.0,449.09999999999997,Medium,0.6,Marketing Automation,Churn risk band: High. Drivers: Failed Payments.,269.46,Medium
REC_003,SMB Re-engagement Offer — High Churn Risk,retention,CUST-97df0f7a,SMB,Send personalised in-app re-engagement campaign with 15% discount for 3-month commitment. Follow up with feature tutorial email sequence.,1,499.0,449.09999999999997,Medium,0.6,Marketing Automation,"Churn risk band: High. Drivers: Failed Payments, High Support Burden.",269.46,Medium
REC_003,SMB Re-engagement Offer — High Churn Risk,retention,CUST-875d9921,SMB,Send personalised in-app re-engagement campaign with 15% discount for 3-month commitment. Follow up with feature tutorial email sequence.,1,499.0,449.09999999999997,Medium,0.6,Marketing Automation,Churn risk band: High. Drivers: Failed Payments.,269.46,Medium
REC_003,SMB Re-engagement Offer — High Churn Risk,retention,CUST-1b15aa7f,SMB,Send personalised in-app re-engagement campaign with 15% discount for 3-month commitment. Follow up with feature tutorial email sequence.,1,499.0,449.09999999999997,Medium,0.6,Marketing Automation,Churn risk band: High. Drivers: Failed Payments.,269.46,Medium
REC_003,SMB Re-engagement Offer — High Churn Risk,retention,CUST-2433fa8d,SMB,Send personalised in-app re-engagement campaign with 15% discount for 3-month commitment. Follow up with feature tutorial email sequence.,1,499.0,449.09999999999997,Medium,0.6,Marketing Automation,Churn risk band: High. Drivers: Failed Payments.,269.46,Medium
REC_003,SMB Re-engagement Offer — High Churn Risk,retention,CUST-3ea7f603,SMB,Send personalised in-app re-engagement campaign with 15% discount for 3-month commitment. Follow up with feature tutorial email sequence.,1,499.0,449.09999999999997,Medium,0.6,Marketing Automation,Churn risk band: High. Drivers: Failed Payments.,269.46,Medium
REC_003,SMB Re-engagement Offer — High Churn Risk,retention,CUST-505e4d39,SMB,Send personalised in-app re-engagement campaign with 15% discount for 3-month commitment. Follow up with feature tutorial email sequence.,1,499.0,449.09999999999997,Medium,0.6,Marketing Automation,Churn risk band: High. Drivers: Failed Payments.,269.46,Medium
REC_003,SMB Re-engagement Offer — High Churn Risk,retention,CUST-06216f1d,SMB,Send personalised in-app re-engagement campaign with 15% discount for 3-month commitment. Follow up with feature tutorial email sequence.,1,499.0,449.09999999999997,Medium,0.6,Marketing Automation,Churn risk band: High. Drivers: Failed Payments.,269.46,Medium
REC_003,SMB Re-engagement Offer — High Churn Risk,retention,CUST-69d8dd48,SMB,Send personalised in-app re-engagement campaign with 15% discount for 3-month commitment. Follow up with feature tutorial email sequence.,1,499.0,449.09999999999997,Medium,0.6,Marketing Automation,"Churn risk band: High. Drivers: Failed Payments, High Support Burden.",269.46,Medium
REC_003,SMB Re-engagement Offer — High Churn Risk,retention,CUST-44524bcb,SMB,Send personalised in-app re-engagement campaign with 15% discount for 3-month commitment. Follow up with feature tutorial email sequence.,1,499.0,449.09999999999997,Medium,0.6,Marketing Automation,Churn risk band: High. Drivers: Failed Payments.,269.46,Medium
REC_003,SMB Re-engagement Offer — High Churn Risk,retention,CUST-9ed4659e,SMB,Send personalised in-app re-engagement campaign with 15% discount for 3-month commitment. Follow up with feature tutorial email sequence.,1,499.0,449.09999999999997,Medium,0.6,Marketing Automation,Churn risk band: High. Drivers: Failed Payments.,269.46,Medium
REC_002,Automated Payment Recovery — Failed Transaction,billing_recovery,CUST-1e21be8a,Startup,"Trigger dunning sequence: retry payment after 3 days, send payment update email after 5 days, escalate to CSM after 10 days.",1,147.0,279.3,High,0.95,Billing Automation,3 failed transaction(s) totalling $147.00.,265.335,Medium
REC_002,Automated Payment Recovery — Failed Transaction,billing_recovery,CUST-244b8374,Mid-Market,"Trigger dunning sequence: retry payment after 3 days, send payment update email after 5 days, escalate to CSM after 10 days.",1,147.0,279.3,High,0.95,Billing Automation,3 failed transaction(s) totalling $147.00.,265.335,Medium
REC_002,Automated Payment Recovery — Failed Transaction,billing_recovery,CUST-7bd86f61,Mid-Market,"Trigger dunning sequence: retry payment after 3 days, send payment update email after 5 days, escalate to CSM after 10 days.",1,147.0,279.3,High,0.95,Billing Automation,3 failed transaction(s) totalling $147.00.,265.335,Medium
REC_002,Automated Payment Recovery — Failed Transaction,billing_recovery,CUST-8609afdd,Startup,"Trigger dunning sequence: retry payment after 3 days, send payment update email after 5 days, escalate to CSM after 10 days.",1,147.0,279.3,High,0.95,Billing Automation,3 failed transaction(s) totalling $147.00.,265.335,Medium
REC_002,Automated Payment Recovery — Failed Transaction,billing_recovery,CUST-dfd73a14,Startup,"Trigger dunning sequence: retry payment after 3 days, send payment update email after 5 days, escalate to CSM after 10 days.",1,147.0,279.3,High,0.95,Billing Automation,3 failed transaction(s) totalling $147.00.,265.335,Medium
REC_002,Automated Payment Recovery — Failed Transaction,billing_recovery,CUST-eb4dc21d,SMB,"Trigger dunning sequence: retry payment after 3 days, send payment update email after 5 days, escalate to CSM after 10 days.",1,147.0,279.3,High,0.95,Billing Automation,3 failed transaction(s) totalling $147.00.,265.335,Medium
REC_002,Automated Payment Recovery — Failed Transaction,billing_recovery,CUST-eed2b6d4,SMB,"Trigger dunning sequence: retry payment after 3 days, send payment update email after 5 days, escalate to CSM after 10 days.",1,147.0,279.3,High,0.95,Billing Automation,3 failed transaction(s) totalling $147.00.,265.335,Medium
REC_002,Automated Payment Recovery — Failed Transaction,billing_recovery,CUST-0cbe500a,Startup,"Trigger dunning sequence: retry payment after 3 days, send payment update email after 5 days, escalate to CSM after 10 days.",1,98.0,186.2,High,0.95,Billing Automation,2 failed transaction(s) totalling $98.00.,176.89,Low
REC_002,Automated Payment Recovery — Failed Transaction,billing_recovery,CUST-0f88e66d,Mid-Market,"Trigger dunning sequence: retry payment after 3 days, send payment update email after 5 days, escalate to CSM after 10 days.",1,98.0,186.2,High,0.95,Billing Automation,2 failed transaction(s) totalling $98.00.,176.89,Low
REC_002,Automated Payment Recovery — Failed Transaction,billing_recovery,CUST-16061ccd,Startup,"Trigger dunning sequence: retry payment after 3 days, send payment update email after 5 days, escalate to CSM after 10 days.",1,98.0,186.2,High,0.95,Billing Automation,2 failed transaction(s) totalling $98.00.,176.89,Low
REC_002,Automated Payment Recovery — Failed Transaction,billing_recovery,CUST-1d9e13a0,Enterprise,"Trigger dunning sequence: retry payment after 3 days, send payment update email after 5 days, escalate to CSM after 10 days.",1,98.0,186.2,High,0.95,Billing Automation,2 failed transaction(s) totalling $98.00.,176.89,Low
REC_002,Automated Payment Recovery — Failed Transaction,billing_recovery,CUST-2263a0e5,Mid-Market,"Trigger dunning sequence: retry payment after 3 days, send payment update email after 5 days, escalate to CSM after 10 days.",1,98.0,186.2,High,0.95,Billing Automation,2 failed transaction(s) totalling $98.00.,176.89,Low
REC_002,Automated Payment Recovery — Failed Transaction,billing_recovery,CUST-2cde1130,Startup,"Trigger dunning sequence: retry payment after 3 days, send payment update email after 5 days, escalate to CSM after 10 days.",1,98.0,186.2,High,0.95,Billing Automation,2 failed transaction(s) totalling $98.00.,176.89,Low
REC_002,Automated Payment Recovery — Failed Transaction,billing_recovery,CUST-388c8e2f,Startup,"Trigger dunning sequence: retry payment after 3 days, send payment update email after 5 days, escalate to CSM after 10 days.",1,98.0,186.2,High,0.95,Billing Automation,2 failed transaction(s) totalling $98.00.,176.89,Low
REC_002,Automated Payment Recovery — Failed Transaction,billing_recovery,CUST-39b72066,Mid-Market,"Trigger dunning sequence: retry payment after 3 days, send payment update email after 5 days, escalate to CSM after 10 days.",1,98.0,186.2,High,0.95,Billing Automation,2 failed transaction(s) totalling $98.00.,176.89,Low
REC_002,Automated Payment Recovery — Failed Transaction,billing_recovery,CUST-3c06525b,Startup,"Trigger dunning sequence: retry payment after 3 days, send payment update email after 5 days, escalate to CSM after 10 days.",1,98.0,186.2,High,0.95,Billing Automation,2 failed transaction(s) totalling $98.00.,176.89,Low
REC_002,Automated Payment Recovery — Failed Transaction,billing_recovery,CUST-3e3d177c,SMB,"Trigger dunning sequence: retry payment after 3 days, send payment update email after 5 days, escalate to CSM after 10 days.",1,98.0,186.2,High,0.95,Billing Automation,2 failed transaction(s) totalling $98.00.,176.89,Low
REC_002,Automated Payment Recovery — Failed Transaction,billing_recovery,CUST-468c4e95,Enterprise,"Trigger dunning sequence: retry payment after 3 days, send payment update email after 5 days, escalate to CSM after 10 days.",1,98.0,186.2,High,0.95,Billing Automation,2 failed transaction(s) totalling $98.00.,176.89,Low
REC_002,Automated Payment Recovery — Failed Transaction,billing_recovery,CUST-4e65d2f5,Mid-Market,"Trigger dunning sequence: retry payment after 3 days, send payment update email after 5 days, escalate to CSM after 10 days.",1,98.0,186.2,High,0.95,Billing Automation,2 failed transaction(s) totalling $98.00.,176.89,Low
REC_002,Automated Payment Recovery — Failed Transaction,billing_recovery,CUST-53d3b89e,Startup,"Trigger dunning sequence: retry payment after 3 days, send payment update email after 5 days, escalate to CSM after 10 days.",1,98.0,186.2,High,0.95,Billing Automation,2 failed transaction(s) totalling $98.00.,176.89,Low
REC_002,Automated Payment Recovery — Failed Transaction,billing_recovery,CUST-5c99569c,SMB,"Trigger dunning sequence: retry payment after 3 days, send payment update email after 5 days, escalate to CSM after 10 days.",1,98.0,186.2,High,0.95,Billing Automation,2 failed transaction(s) totalling $98.00.,176.89,Low
REC_002,Automated Payment Recovery — Failed Transaction,billing_recovery,CUST-619cebe6,SMB,"Trigger dunning sequence: retry payment after 3 days, send payment update email after 5 days, escalate to CSM after 10 days.",1,98.0,186.2,High,0.95,Billing Automation,2 failed transaction(s) totalling $98.00.,176.89,Low
REC_002,Automated Payment Recovery — Failed Transaction,billing_recovery,CUST-66940a3e,SMB,"Trigger dunning sequence: retry payment after 3 days, send payment update email after 5 days, escalate to CSM after 10 days.",1,98.0,186.2,High,0.95,Billing Automation,2 failed transaction(s) totalling $98.00.,176.89,Low
REC_002,Automated Payment Recovery — Failed Transaction,billing_recovery,CUST-673ad9da,SMB,"Trigger dunning sequence: retry payment after 3 days, send payment update email after 5 days, escalate to CSM after 10 days.",1,98.0,186.2,High,0.95,Billing Automation,2 failed transaction(s) totalling $98.00.,176.89,Low
REC_002,Automated Payment Recovery — Failed Transaction,billing_recovery,CUST-674baad8,Startup,"Trigger dunning sequence: retry payment after 3 days, send payment update email after 5 days, escalate to CSM after 10 days.",1,98.0,186.2,High,0.95,Billing Automation,2 failed transaction(s) totalling $98.00.,176.89,Low
REC_002,Automated Payment Recovery — Failed Transaction,billing_recovery,CUST-6cbce331,Startup,"Trigger dunning sequence: retry payment after 3 days, send payment update email after 5 days, escalate to CSM after 10 days.",1,98.0,186.2,High,0.95,Billing Automation,2 failed transaction(s) totalling $98.00.,176.89,Low
REC_002,Automated Payment Recovery — Failed Transaction,billing_recovery,CUST-6eeb27f7,SMB,"Trigger dunning sequence: retry payment after 3 days, send payment update email after 5 days, escalate to CSM after 10 days.",1,98.0,186.2,High,0.95,Billing Automation,2 failed transaction(s) totalling $98.00.,176.89,Low
REC_002,Automated Payment Recovery — Failed Transaction,billing_recovery,CUST-729bafeb,SMB,"Trigger dunning sequence: retry payment after 3 days, send payment update email after 5 days, escalate to CSM after 10 days.",1,98.0,186.2,High,0.95,Billing Automation,2 failed transaction(s) totalling $98.00.,176.89,Low
REC_002,Automated Payment Recovery — Failed Transaction,billing_recovery,CUST-751b6f8f,Startup,"Trigger dunning sequence: retry payment after 3 days, send payment update email after 5 days, escalate to CSM after 10 days.",1,98.0,186.2,High,0.95,Billing Automation,2 failed transaction(s) totalling $98.00.,176.89,Low
REC_002,Automated Payment Recovery — Failed Transaction,billing_recovery,CUST-76c0a247,Enterprise,"Trigger dunning sequence: retry payment after 3 days, send payment update email after 5 days, escalate to CSM after 10 days.",1,98.0,186.2,High,0.95,Billing Automation,2 failed transaction(s) totalling $98.00.,176.89,Low
REC_002,Automated Payment Recovery — Failed Transaction,billing_recovery,CUST-810f75eb,Enterprise,"Trigger dunning sequence: retry payment after 3 days, send payment update email after 5 days, escalate to CSM after 10 days.",1,98.0,186.2,High,0.95,Billing Automation,2 failed transaction(s) totalling $98.00.,176.89,Low
REC_002,Automated Payment Recovery — Failed Transaction,billing_recovery,CUST-8800df1b,Mid-Market,"Trigger dunning sequence: retry payment after 3 days, send payment update email after 5 days, escalate to CSM after 10 days.",1,98.0,186.2,High,0.95,Billing Automation,2 failed transaction(s) totalling $98.00.,176.89,Low
REC_002,Automated Payment Recovery — Failed Transaction,billing_recovery,CUST-8abeac00,SMB,"Trigger dunning sequence: retry payment after 3 days, send payment update email after 5 days, escalate to CSM after 10 days.",1,98.0,186.2,High,0.95,Billing Automation,2 failed transaction(s) totalling $98.00.,176.89,Low
REC_002,Automated Payment Recovery — Failed Transaction,billing_recovery,CUST-8db62c5b,SMB,"Trigger dunning sequence: retry payment after 3 days, send payment update email after 5 days, escalate to CSM after 10 days.",1,98.0,186.2,High,0.95,Billing Automation,2 failed transaction(s) totalling $98.00.,176.89,Low
REC_002,Automated Payment Recovery — Failed Transaction,billing_recovery,CUST-9a099a07,SMB,"Trigger dunning sequence: retry payment after 3 days, send payment update email after 5 days, escalate to CSM after 10 days.",1,98.0,186.2,High,0.95,Billing Automation,2 failed transaction(s) totalling $98.00.,176.89,Low
REC_002,Automated Payment Recovery — Failed Transaction,billing_recovery,CUST-a1a294f4,Startup,"Trigger dunning sequence: retry payment after 3 days, send payment update email after 5 days, escalate to CSM after 10 days.",1,98.0,186.2,High,0.95,Billing Automation,2 failed transaction(s) totalling $98.00.,176.89,Low
REC_002,Automated Payment Recovery — Failed Transaction,billing_recovery,CUST-ab71471c,Startup,"Trigger dunning sequence: retry payment after 3 days, send payment update email after 5 days, escalate to CSM after 10 days.",1,98.0,186.2,High,0.95,Billing Automation,2 failed transaction(s) totalling $98.00.,176.89,Low
REC_002,Automated Payment Recovery — Failed Transaction,billing_recovery,CUST-b5b5a0df,SMB,"Trigger dunning sequence: retry payment after 3 days, send payment update email after 5 days, escalate to CSM after 10 days.",1,98.0,186.2,High,0.95,Billing Automation,2 failed transaction(s) totalling $98.00.,176.89,Low
REC_002,Automated Payment Recovery — Failed Transaction,billing_recovery,CUST-b84be5f2,Startup,"Trigger dunning sequence: retry payment after 3 days, send payment update email after 5 days, escalate to CSM after 10 days.",1,98.0,186.2,High,0.95,Billing Automation,2 failed transaction(s) totalling $98.00.,176.89,Low
REC_002,Automated Payment Recovery — Failed Transaction,billing_recovery,CUST-b895041d,SMB,"Trigger dunning sequence: retry payment after 3 days, send payment update email after 5 days, escalate to CSM after 10 days.",1,98.0,186.2,High,0.95,Billing Automation,2 failed transaction(s) totalling $98.00.,176.89,Low
REC_002,Automated Payment Recovery — Failed Transaction,billing_recovery,CUST-c08d761e,Startup,"Trigger dunning sequence: retry payment after 3 days, send payment update email after 5 days, escalate to CSM after 10 days.",1,98.0,186.2,High,0.95,Billing Automation,2 failed transaction(s) totalling $98.00.,176.89,Low
REC_002,Automated Payment Recovery — Failed Transaction,billing_recovery,CUST-c2d7d541,Startup,"Trigger dunning sequence: retry payment after 3 days, send payment update email after 5 days, escalate to CSM after 10 days.",1,98.0,186.2,High,0.95,Billing Automation,2 failed transaction(s) totalling $98.00.,176.89,Low
REC_002,Automated Payment Recovery — Failed Transaction,billing_recovery,CUST-ca9e334c,Startup,"Trigger dunning sequence: retry payment after 3 days, send payment update email after 5 days, escalate to CSM after 10 days.",1,98.0,186.2,High,0.95,Billing Automation,2 failed transaction(s) totalling $98.00.,176.89,Low
REC_002,Automated Payment Recovery — Failed Transaction,billing_recovery,CUST-d836d253,Mid-Market,"Trigger dunning sequence: retry payment after 3 days, send payment update email after 5 days, escalate to CSM after 10 days.",1,98.0,186.2,High,0.95,Billing Automation,2 failed transaction(s) totalling $98.00.,176.89,Low
REC_002,Automated Payment Recovery — Failed Transaction,billing_recovery,CUST-ee4e74fb,Enterprise,"Trigger dunning sequence: retry payment after 3 days, send payment update email after 5 days, escalate to CSM after 10 days.",1,98.0,186.2,High,0.95,Billing Automation,2 failed transaction(s) totalling $98.00.,176.89,Low
REC_002,Automated Payment Recovery — Failed Transaction,billing_recovery,CUST-f0453c1b,Startup,"Trigger dunning sequence: retry payment after 3 days, send payment update email after 5 days, escalate to CSM after 10 days.",1,98.0,186.2,High,0.95,Billing Automation,2 failed transaction(s) totalling $98.00.,176.89,Low
REC_002,Automated Payment Recovery — Failed Transaction,billing_recovery,CUST-f5997bdf,Startup,"Trigger dunning sequence: retry payment after 3 days, send payment update email after 5 days, escalate to CSM after 10 days.",1,98.0,186.2,High,0.95,Billing Automation,2 failed transaction(s) totalling $98.00.,176.89,Low
REC_002,Automated Payment Recovery — Failed Transaction,billing_recovery,CUST-fc4f73f7,SMB,"Trigger dunning sequence: retry payment after 3 days, send payment update email after 5 days, escalate to CSM after 10 days.",1,98.0,186.2,High,0.95,Billing Automation,2 failed transaction(s) totalling $98.00.,176.89,Low
REC_003,SMB Re-engagement Offer — High Churn Risk,retention,CUST-d41c492f,SMB,Send personalised in-app re-engagement campaign with 15% discount for 3-month commitment. Follow up with feature tutorial email sequence.,1,199.0,179.1,Medium,0.6,Marketing Automation,Churn risk band: High. Drivers: Failed Payments.,107.46,Low
REC_003,SMB Re-engagement Offer — High Churn Risk,retention,CUST-5b2d5600,SMB,Send personalised in-app re-engagement campaign with 15% discount for 3-month commitment. Follow up with feature tutorial email sequence.,1,199.0,179.1,Medium,0.6,Marketing Automation,Churn risk band: High. Drivers: Failed Payments.,107.46,Low
REC_003,SMB Re-engagement Offer — High Churn Risk,retention,CUST-7c0658a2,SMB,Send personalised in-app re-engagement campaign with 15% discount for 3-month commitment. Follow up with feature tutorial email sequence.,1,199.0,179.1,Medium,0.6,Marketing Automation,Churn risk band: High. Drivers: Failed Payments.,107.46,Low
REC_003,SMB Re-engagement Offer — High Churn Risk,retention,CUST-2a765fdc,SMB,Send personalised in-app re-engagement campaign with 15% discount for 3-month commitment. Follow up with feature tutorial email sequence.,1,199.0,179.1,Medium,0.6,Marketing Automation,Churn risk band: High. Drivers: Failed Payments.,107.46,Low
REC_003,SMB Re-engagement Offer — High Churn Risk,retention,CUST-2f7e3f39,SMB,Send personalised in-app re-engagement campaign with 15% discount for 3-month commitment. Follow up with feature tutorial email sequence.,1,199.0,179.1,Medium,0.6,Marketing Automation,"Churn risk band: High. Drivers: Failed Payments, High Support Burden.",107.46,Low
REC_003,SMB Re-engagement Offer — High Churn Risk,retention,CUST-f9645bab,SMB,Send personalised in-app re-engagement campaign with 15% discount for 3-month commitment. Follow up with feature tutorial email sequence.,1,199.0,179.1,Medium,0.6,Marketing Automation,Churn risk band: High. Drivers: Failed Payments.,107.46,Low
REC_003,SMB Re-engagement Offer — High Churn Risk,retention,CUST-380c057f,SMB,Send personalised in-app re-engagement campaign with 15% discount for 3-month commitment. Follow up with feature tutorial email sequence.,1,199.0,179.1,Medium,0.6,Marketing Automation,"Churn risk band: High. Drivers: Failed Payments, High Support Burden.",107.46,Low
REC_003,SMB Re-engagement Offer — High Churn Risk,retention,CUST-8fa92fbe,SMB,Send personalised in-app re-engagement campaign with 15% discount for 3-month commitment. Follow up with feature tutorial email sequence.,1,199.0,179.1,Medium,0.6,Marketing Automation,Churn risk band: High. Drivers: Failed Payments.,107.46,Low
REC_003,SMB Re-engagement Offer — High Churn Risk,retention,CUST-11058525,SMB,Send personalised in-app re-engagement campaign with 15% discount for 3-month commitment. Follow up with feature tutorial email sequence.,1,199.0,179.1,Medium,0.6,Marketing Automation,"Churn risk band: High. Drivers: Low NPS, Failed Payments.",107.46,Low
REC_003,SMB Re-engagement Offer — High Churn Risk,retention,CUST-cbe719e0,SMB,Send personalised in-app re-engagement campaign with 15% discount for 3-month commitment. Follow up with feature tutorial email sequence.,1,199.0,179.1,Medium,0.6,Marketing Automation,Churn risk band: High. Drivers: Failed Payments.,107.46,Low
REC_003,SMB Re-engagement Offer — High Churn Risk,retention,CUST-5266d308,SMB,Send personalised in-app re-engagement campaign with 15% discount for 3-month commitment. Follow up with feature tutorial email sequence.,1,199.0,179.1,Medium,0.6,Marketing Automation,"Churn risk band: High. Drivers: Failed Payments, High Support Burden.",107.46,Low
REC_003,SMB Re-engagement Offer — High Churn Risk,retention,CUST-d85c6ed7,SMB,Send personalised in-app re-engagement campaign with 15% discount for 3-month commitment. Follow up with feature tutorial email sequence.,1,199.0,179.1,Medium,0.6,Marketing Automation,"Churn risk band: High. Drivers: Low NPS, High Support Burden.",107.46,Low
REC_003,SMB Re-engagement Offer — High Churn Risk,retention,CUST-b2bdaa2c,SMB,Send personalised in-app re-engagement campaign with 15% discount for 3-month commitment. Follow up with feature tutorial email sequence.,1,199.0,179.1,Medium,0.6,Marketing Automation,"Churn risk band: High. Drivers: Low NPS, High Support Burden.",107.46,Low
REC_003,SMB Re-engagement Offer — High Churn Risk,retention,CUST-36e8bc93,SMB,Send personalised in-app re-engagement campaign with 15% discount for 3-month commitment. Follow up with feature tutorial email sequence.,1,199.0,179.1,Medium,0.6,Marketing Automation,Churn risk band: High. Drivers: Failed Payments.,107.46,Low
REC_003,SMB Re-engagement Offer — High Churn Risk,retention,CUST-185bc91c,SMB,Send personalised in-app re-engagement campaign with 15% discount for 3-month commitment. Follow up with feature tutorial email sequence.,1,199.0,179.1,Medium,0.6,Marketing Automation,Churn risk band: High. Drivers: Failed Payments.,107.46,Low
REC_003,SMB Re-engagement Offer — High Churn Risk,retention,CUST-ffdb48d8,SMB,Send personalised in-app re-engagement campaign with 15% discount for 3-month commitment. Follow up with feature tutorial email sequence.,1,199.0,179.1,Medium,0.6,Marketing Automation,Churn risk band: High. Drivers: Failed Payments.,107.46,Low
REC_003,SMB Re-engagement Offer — High Churn Risk,retention,CUST-04ef897b,SMB,Send personalised in-app re-engagement campaign with 15% discount for 3-month commitment. Follow up with feature tutorial email sequence.,1,199.0,179.1,Medium,0.6,Marketing Automation,"Churn risk band: High. Drivers: Failed Payments, High Support Burden.",107.46,Low
REC_003,SMB Re-engagement Offer — High Churn Risk,retention,CUST-63490ee2,SMB,Send personalised in-app re-engagement campaign with 15% discount for 3-month commitment. Follow up with feature tutorial email sequence.,1,199.0,179.1,Medium,0.6,Marketing Automation,Churn risk band: High. Drivers: Failed Payments.,107.46,Low
REC_003,SMB Re-engagement Offer — High Churn Risk,retention,CUST-34ff0f5b,SMB,Send personalised in-app re-engagement campaign with 15% discount for 3-month commitment. Follow up with feature tutorial email sequence.,1,199.0,179.1,Medium,0.6,Marketing Automation,Churn risk band: High. Drivers: Failed Payments.,107.46,Low
REC_003,SMB Re-engagement Offer — High Churn Risk,retention,CUST-c3e89c89,SMB,Send personalised in-app re-engagement campaign with 15% discount for 3-month commitment. Follow up with feature tutorial email sequence.,1,199.0,179.1,Medium,0.6,Marketing Automation,"Churn risk band: High. Drivers: Failed Payments, High Support Burden.",107.46,Low
REC_003,SMB Re-engagement Offer — High Churn Risk,retention,CUST-292439a9,SMB,Send personalised in-app re-engagement campaign with 15% discount for 3-month commitment. Follow up with feature tutorial email sequence.,1,199.0,179.1,Medium,0.6,Marketing Automation,Churn risk band: High. Drivers: Failed Payments.,107.46,Low
REC_003,SMB Re-engagement Offer — High Churn Risk,retention,CUST-24b4e5cc,SMB,Send personalised in-app re-engagement campaign with 15% discount for 3-month commitment. Follow up with feature tutorial email sequence.,1,199.0,179.1,Medium,0.6,Marketing Automation,"Churn risk band: High. Drivers: Failed Payments, High Support Burden.",107.46,Low
REC_003,SMB Re-engagement Offer — High Churn Risk,retention,CUST-b91aacba,SMB,Send personalised in-app re-engagement campaign with 15% discount for 3-month commitment. Follow up with feature tutorial email sequence.,1,199.0,179.1,Medium,0.6,Marketing Automation,Churn risk band: High. Drivers: Failed Payments.,107.46,Low
REC_003,SMB Re-engagement Offer — High Churn Risk,retention,CUST-dac7c0ee,SMB,Send personalised in-app re-engagement campaign with 15% discount for 3-month commitment. Follow up with feature tutorial email sequence.,1,199.0,179.1,Medium,0.6,Marketing Automation,"Churn risk band: High. Drivers: Usage Decline, Low Product Engagement.",107.46,Low
REC_003,SMB Re-engagement Offer — High Churn Risk,retention,CUST-1dc90449,SMB,Send personalised in-app re-engagement campaign with 15% discount for 3-month commitment. Follow up with feature tutorial email sequence.,1,199.0,179.1,Medium,0.6,Marketing Automation,"Churn risk band: High. Drivers: Low NPS, Failed Payments.",107.46,Low
REC_003,SMB Re-engagement Offer — High Churn Risk,retention,CUST-7c9239d0,SMB,Send personalised in-app re-engagement campaign with 15% discount for 3-month commitment. Follow up with feature tutorial email sequence.,1,199.0,179.1,Medium,0.6,Marketing Automation,Churn risk band: High. Drivers: Failed Payments.,107.46,Low
REC_003,SMB Re-engagement Offer — High Churn Risk,retention,CUST-8da05055,SMB,Send personalised in-app re-engagement campaign with 15% discount for 3-month commitment. Follow up with feature tutorial email sequence.,1,199.0,179.1,Medium,0.6,Marketing Automation,Churn risk band: High. Drivers: Failed Payments.,107.46,Low
REC_003,SMB Re-engagement Offer — High Churn Risk,retention,CUST-b12836c4,SMB,Send personalised in-app re-engagement campaign with 15% discount for 3-month commitment. Follow up with feature tutorial email sequence.,1,199.0,179.1,Medium,0.6,Marketing Automation,"Churn risk band: High. Drivers: Failed Payments, High Support Burden.",107.46,Low
REC_003,SMB Re-engagement Offer — High Churn Risk,retention,CUST-5c18d11f,SMB,Send personalised in-app re-engagement campaign with 15% discount for 3-month commitment. Follow up with feature tutorial email sequence.,1,199.0,179.1,Medium,0.6,Marketing Automation,Churn risk band: High. Drivers: Failed Payments.,107.46,Low
REC_003,SMB Re-engagement Offer — High Churn Risk,retention,CUST-4faa55ce,SMB,Send personalised in-app re-engagement campaign with 15% discount for 3-month commitment. Follow up with feature tutorial email sequence.,1,199.0,179.1,Medium,0.6,Marketing Automation,"Churn risk band: High. Drivers: Failed Payments, High Support Burden.",107.46,Low
REC_002,Automated Payment Recovery — Failed Transaction,billing_recovery,CUST-000e38fd,SMB,"Trigger dunning sequence: retry payment after 3 days, send payment update email after 5 days, escalate to CSM after 10 days.",1,49.0,93.1,High,0.95,Billing Automation,1 failed transaction(s) totalling $49.00.,88.445,Low
REC_002,Automated Payment Recovery — Failed Transaction,billing_recovery,CUST-10940ab7,Startup,"Trigger dunning sequence: retry payment after 3 days, send payment update email after 5 days, escalate to CSM after 10 days.",1,49.0,93.1,High,0.95,Billing Automation,1 failed transaction(s) totalling $49.00.,88.445,Low
REC_002,Automated Payment Recovery — Failed Transaction,billing_recovery,CUST-1176e602,SMB,"Trigger dunning sequence: retry payment after 3 days, send payment update email after 5 days, escalate to CSM after 10 days.",1,49.0,93.1,High,0.95,Billing Automation,1 failed transaction(s) totalling $49.00.,88.445,Low
REC_002,Automated Payment Recovery — Failed Transaction,billing_recovery,CUST-122a8e06,Enterprise,"Trigger dunning sequence: retry payment after 3 days, send payment update email after 5 days, escalate to CSM after 10 days.",1,49.0,93.1,High,0.95,Billing Automation,1 failed transaction(s) totalling $49.00.,88.445,Low
REC_002,Automated Payment Recovery — Failed Transaction,billing_recovery,CUST-18f2adb1,SMB,"Trigger dunning sequence: retry payment after 3 days, send payment update email after 5 days, escalate to CSM after 10 days.",1,49.0,93.1,High,0.95,Billing Automation,1 failed transaction(s) totalling $49.00.,88.445,Low
REC_002,Automated Payment Recovery — Failed Transaction,billing_recovery,CUST-1d7c731c,SMB,"Trigger dunning sequence: retry payment after 3 days, send payment update email after 5 days, escalate to CSM after 10 days.",1,49.0,93.1,High,0.95,Billing Automation,1 failed transaction(s) totalling $49.00.,88.445,Low
REC_002,Automated Payment Recovery — Failed Transaction,billing_recovery,CUST-1ddf2f32,Mid-Market,"Trigger dunning sequence: retry payment after 3 days, send payment update email after 5 days, escalate to CSM after 10 days.",1,49.0,93.1,High,0.95,Billing Automation,1 failed transaction(s) totalling $49.00.,88.445,Low
REC_002,Automated Payment Recovery — Failed Transaction,billing_recovery,CUST-1fffe30c,SMB,"Trigger dunning sequence: retry payment after 3 days, send payment update email after 5 days, escalate to CSM after 10 days.",1,49.0,93.1,High,0.95,Billing Automation,1 failed transaction(s) totalling $49.00.,88.445,Low
REC_002,Automated Payment Recovery — Failed Transaction,billing_recovery,CUST-224bfe2e,SMB,"Trigger dunning sequence: retry payment after 3 days, send payment update email after 5 days, escalate to CSM after 10 days.",1,49.0,93.1,High,0.95,Billing Automation,1 failed transaction(s) totalling $49.00.,88.445,Low
REC_002,Automated Payment Recovery — Failed Transaction,billing_recovery,CUST-22b39974,SMB,"Trigger dunning sequence: retry payment after 3 days, send payment update email after 5 days, escalate to CSM after 10 days.",1,49.0,93.1,High,0.95,Billing Automation,1 failed transaction(s) totalling $49.00.,88.445,Low
REC_002,Automated Payment Recovery — Failed Transaction,billing_recovery,CUST-22fce312,Mid-Market,"Trigger dunning sequence: retry payment after 3 days, send payment update email after 5 days, escalate to CSM after 10 days.",1,49.0,93.1,High,0.95,Billing Automation,1 failed transaction(s) totalling $49.00.,88.445,Low
REC_002,Automated Payment Recovery — Failed Transaction,billing_recovery,CUST-2314d004,SMB,"Trigger dunning sequence: retry payment after 3 days, send payment update email after 5 days, escalate to CSM after 10 days.",1,49.0,93.1,High,0.95,Billing Automation,1 failed transaction(s) totalling $49.00.,88.445,Low
REC_002,Automated Payment Recovery — Failed Transaction,billing_recovery,CUST-240a6442,Mid-Market,"Trigger dunning sequence: retry payment after 3 days, send payment update email after 5 days, escalate to CSM after 10 days.",1,49.0,93.1,High,0.95,Billing Automation,1 failed transaction(s) totalling $49.00.,88.445,Low
REC_002,Automated Payment Recovery — Failed Transaction,billing_recovery,CUST-24309931,SMB,"Trigger dunning sequence: retry payment after 3 days, send payment update email after 5 days, escalate to CSM after 10 days.",1,49.0,93.1,High,0.95,Billing Automation,1 failed transaction(s) totalling $49.00.,88.445,Low
REC_002,Automated Payment Recovery — Failed Transaction,billing_recovery,CUST-251ae562,Startup,"Trigger dunning sequence: retry payment after 3 days, send payment update email after 5 days, escalate to CSM after 10 days.",1,49.0,93.1,High,0.95,Billing Automation,1 failed transaction(s) totalling $49.00.,88.445,Low
REC_002,Automated Payment Recovery — Failed Transaction,billing_recovery,CUST-27644b58,SMB,"Trigger dunning sequence: retry payment after 3 days, send payment update email after 5 days, escalate to CSM after 10 days.",1,49.0,93.1,High,0.95,Billing Automation,1 failed transaction(s) totalling $49.00.,88.445,Low
REC_002,Automated Payment Recovery — Failed Transaction,billing_recovery,CUST-2d449763,Startup,"Trigger dunning sequence: retry payment after 3 days, send payment update email after 5 days, escalate to CSM after 10 days.",1,49.0,93.1,High,0.95,Billing Automation,1 failed transaction(s) totalling $49.00.,88.445,Low
REC_002,Automated Payment Recovery — Failed Transaction,billing_recovery,CUST-2e7de218,Startup,"Trigger dunning sequence: retry payment after 3 days, send payment update email after 5 days, escalate to CSM after 10 days.",1,49.0,93.1,High,0.95,Billing Automation,1 failed transaction(s) totalling $49.00.,88.445,Low
REC_002,Automated Payment Recovery — Failed Transaction,billing_recovery,CUST-3339778a,Startup,"Trigger dunning sequence: retry payment after 3 days, send payment update email after 5 days, escalate to CSM after 10 days.",1,49.0,93.1,High,0.95,Billing Automation,1 failed transaction(s) totalling $49.00.,88.445,Low
REC_002,Automated Payment Recovery — Failed Transaction,billing_recovery,CUST-36adc807,Mid-Market,"Trigger dunning sequence: retry payment after 3 days, send payment update email after 5 days, escalate to CSM after 10 days.",1,49.0,93.1,High,0.95,Billing Automation,1 failed transaction(s) totalling $49.00.,88.445,Low
REC_002,Automated Payment Recovery — Failed Transaction,billing_recovery,CUST-393cbe03,Startup,"Trigger dunning sequence: retry payment after 3 days, send payment update email after 5 days, escalate to CSM after 10 days.",1,49.0,93.1,High,0.95,Billing Automation,1 failed transaction(s) totalling $49.00.,88.445,Low
REC_002,Automated Payment Recovery — Failed Transaction,billing_recovery,CUST-43ee749d,Startup,"Trigger dunning sequence: retry payment after 3 days, send payment update email after 5 days, escalate to CSM after 10 days.",1,49.0,93.1,High,0.95,Billing Automation,1 failed transaction(s) totalling $49.00.,88.445,Low
REC_002,Automated Payment Recovery — Failed Transaction,billing_recovery,CUST-44ea7330,SMB,"Trigger dunning sequence: retry payment after 3 days, send payment update email after 5 days, escalate to CSM after 10 days.",1,49.0,93.1,High,0.95,Billing Automation,1 failed transaction(s) totalling $49.00.,88.445,Low
REC_002,Automated Payment Recovery — Failed Transaction,billing_recovery,CUST-4aaf22f0,Startup,"Trigger dunning sequence: retry payment after 3 days, send payment update email after 5 days, escalate to CSM after 10 days.",1,49.0,93.1,High,0.95,Billing Automation,1 failed transaction(s) totalling $49.00.,88.445,Low
REC_002,Automated Payment Recovery — Failed Transaction,billing_recovery,CUST-4b268b76,Mid-Market,"Trigger dunning sequence: retry payment after 3 days, send payment update email after 5 days, escalate to CSM after 10 days.",1,49.0,93.1,High,0.95,Billing Automation,1 failed transaction(s) totalling $49.00.,88.445,Low
REC_002,Automated Payment Recovery — Failed Transaction,billing_recovery,CUST-4c7dabd4,SMB,"Trigger dunning sequence: retry payment after 3 days, send payment update email after 5 days, escalate to CSM after 10 days.",1,49.0,93.1,High,0.95,Billing Automation,1 failed transaction(s) totalling $49.00.,88.445,Low
REC_002,Automated Payment Recovery — Failed Transaction,billing_recovery,CUST-569e29f2,Mid-Market,"Trigger dunning sequence: retry payment after 3 days, send payment update email after 5 days, escalate to CSM after 10 days.",1,49.0,93.1,High,0.95,Billing Automation,1 failed transaction(s) totalling $49.00.,88.445,Low
REC_002,Automated Payment Recovery — Failed Transaction,billing_recovery,CUST-573e9d94,Startup,"Trigger dunning sequence: retry payment after 3 days, send payment update email after 5 days, escalate to CSM after 10 days.",1,49.0,93.1,High,0.95,Billing Automation,1 failed transaction(s) totalling $49.00.,88.445,Low
REC_002,Automated Payment Recovery — Failed Transaction,billing_recovery,CUST-5c87089f,Startup,"Trigger dunning sequence: retry payment after 3 days, send payment update email after 5 days, escalate to CSM after 10 days.",1,49.0,93.1,High,0.95,Billing Automation,1 failed transaction(s) totalling $49.00.,88.445,Low
REC_002,Automated Payment Recovery — Failed Transaction,billing_recovery,CUST-60245512,Mid-Market,"Trigger dunning sequence: retry payment after 3 days, send payment update email after 5 days, escalate to CSM after 10 days.",1,49.0,93.1,High,0.95,Billing Automation,1 failed transaction(s) totalling $49.00.,88.445,Low
REC_002,Automated Payment Recovery — Failed Transaction,billing_recovery,CUST-6579b67c,SMB,"Trigger dunning sequence: retry payment after 3 days, send payment update email after 5 days, escalate to CSM after 10 days.",1,49.0,93.1,High,0.95,Billing Automation,1 failed transaction(s) totalling $49.00.,88.445,Low
REC_002,Automated Payment Recovery — Failed Transaction,billing_recovery,CUST-65e7c245,Startup,"Trigger dunning sequence: retry payment after 3 days, send payment update email after 5 days, escalate to CSM after 10 days.",1,49.0,93.1,High,0.95,Billing Automation,1 failed transaction(s) totalling $49.00.,88.445,Low
REC_002,Automated Payment Recovery — Failed Transaction,billing_recovery,CUST-673e98f7,SMB,"Trigger dunning sequence: retry payment after 3 days, send payment update email after 5 days, escalate to CSM after 10 days.",1,49.0,93.1,High,0.95,Billing Automation,1 failed transaction(s) totalling $49.00.,88.445,Low
REC_002,Automated Payment Recovery — Failed Transaction,billing_recovery,CUST-677df86d,SMB,"Trigger dunning sequence: retry payment after 3 days, send payment update email after 5 days, escalate to CSM after 10 days.",1,49.0,93.1,High,0.95,Billing Automation,1 failed transaction(s) totalling $49.00.,88.445,Low
REC_002,Automated Payment Recovery — Failed Transaction,billing_recovery,CUST-6844ef36,Startup,"Trigger dunning sequence: retry payment after 3 days, send payment update email after 5 days, escalate to CSM after 10 days.",1,49.0,93.1,High,0.95,Billing Automation,1 failed transaction(s) totalling $49.00.,88.445,Low
REC_002,Automated Payment Recovery — Failed Transaction,billing_recovery,CUST-69715244,Mid-Market,"Trigger dunning sequence: retry payment after 3 days, send payment update email after 5 days, escalate to CSM after 10 days.",1,49.0,93.1,High,0.95,Billing Automation,1 failed transaction(s) totalling $49.00.,88.445,Low
REC_002,Automated Payment Recovery — Failed Transaction,billing_recovery,CUST-6ad5a203,SMB,"Trigger dunning sequence: retry payment after 3 days, send payment update email after 5 days, escalate to CSM after 10 days.",1,49.0,93.1,High,0.95,Billing Automation,1 failed transaction(s) totalling $49.00.,88.445,Low
REC_002,Automated Payment Recovery — Failed Transaction,billing_recovery,CUST-6d3bb44e,SMB,"Trigger dunning sequence: retry payment after 3 days, send payment update email after 5 days, escalate to CSM after 10 days.",1,49.0,93.1,High,0.95,Billing Automation,1 failed transaction(s) totalling $49.00.,88.445,Low
REC_002,Automated Payment Recovery — Failed Transaction,billing_recovery,CUST-6ec9b0ec,SMB,"Trigger dunning sequence: retry payment after 3 days, send payment update email after 5 days, escalate to CSM after 10 days.",1,49.0,93.1,High,0.95,Billing Automation,1 failed transaction(s) totalling $49.00.,88.445,Low
REC_002,Automated Payment Recovery — Failed Transaction,billing_recovery,CUST-72f8a3bb,Startup,"Trigger dunning sequence: retry payment after 3 days, send payment update email after 5 days, escalate to CSM after 10 days.",1,49.0,93.1,High,0.95,Billing Automation,1 failed transaction(s) totalling $49.00.,88.445,Low
REC_002,Automated Payment Recovery — Failed Transaction,billing_recovery,CUST-786c3d70,Startup,"Trigger dunning sequence: retry payment after 3 days, send payment update email after 5 days, escalate to CSM after 10 days.",1,49.0,93.1,High,0.95,Billing Automation,1 failed transaction(s) totalling $49.00.,88.445,Low
REC_002,Automated Payment Recovery — Failed Transaction,billing_recovery,CUST-791efac0,SMB,"Trigger dunning sequence: retry payment after 3 days, send payment update email after 5 days, escalate to CSM after 10 days.",1,49.0,93.1,High,0.95,Billing Automation,1 failed transaction(s) totalling $49.00.,88.445,Low
REC_002,Automated Payment Recovery — Failed Transaction,billing_recovery,CUST-7944b720,Startup,"Trigger dunning sequence: retry payment after 3 days, send payment update email after 5 days, escalate to CSM after 10 days.",1,49.0,93.1,High,0.95,Billing Automation,1 failed transaction(s) totalling $49.00.,88.445,Low
REC_002,Automated Payment Recovery — Failed Transaction,billing_recovery,CUST-7a1d080a,Startup,"Trigger dunning sequence: retry payment after 3 days, send payment update email after 5 days, escalate to CSM after 10 days.",1,49.0,93.1,High,0.95,Billing Automation,1 failed transaction(s) totalling $49.00.,88.445,Low
REC_002,Automated Payment Recovery — Failed Transaction,billing_recovery,CUST-7ab81450,Enterprise,"Trigger dunning sequence: retry payment after 3 days, send payment update email after 5 days, escalate to CSM after 10 days.",1,49.0,93.1,High,0.95,Billing Automation,1 failed transaction(s) totalling $49.00.,88.445,Low
REC_002,Automated Payment Recovery — Failed Transaction,billing_recovery,CUST-7ad08069,SMB,"Trigger dunning sequence: retry payment after 3 days, send payment update email after 5 days, escalate to CSM after 10 days.",1,49.0,93.1,High,0.95,Billing Automation,1 failed transaction(s) totalling $49.00.,88.445,Low
REC_002,Automated Payment Recovery — Failed Transaction,billing_recovery,CUST-7b427b78,SMB,"Trigger dunning sequence: retry payment after 3 days, send payment update email after 5 days, escalate to CSM after 10 days.",1,49.0,93.1,High,0.95,Billing Automation,1 failed transaction(s) totalling $49.00.,88.445,Low
REC_002,Automated Payment Recovery — Failed Transaction,billing_recovery,CUST-7b505c44,SMB,"Trigger dunning sequence: retry payment after 3 days, send payment update email after 5 days, escalate to CSM after 10 days.",1,49.0,93.1,High,0.95,Billing Automation,1 failed transaction(s) totalling $49.00.,88.445,Low
REC_002,Automated Payment Recovery — Failed Transaction,billing_recovery,CUST-7cfeaa19,Startup,"Trigger dunning sequence: retry payment after 3 days, send payment update email after 5 days, escalate to CSM after 10 days.",1,49.0,93.1,High,0.95,Billing Automation,1 failed transaction(s) totalling $49.00.,88.445,Low
REC_002,Automated Payment Recovery — Failed Transaction,billing_recovery,CUST-835f2e63,Startup,"Trigger dunning sequence: retry payment after 3 days, send payment update email after 5 days, escalate to CSM after 10 days.",1,49.0,93.1,High,0.95,Billing Automation,1 failed transaction(s) totalling $49.00.,88.445,Low
REC_002,Automated Payment Recovery — Failed Transaction,billing_recovery,CUST-83722fe9,Mid-Market,"Trigger dunning sequence: retry payment after 3 days, send payment update email after 5 days, escalate to CSM after 10 days.",1,49.0,93.1,High,0.95,Billing Automation,1 failed transaction(s) totalling $49.00.,88.445,Low
REC_002,Automated Payment Recovery — Failed Transaction,billing_recovery,CUST-841421c0,Startup,"Trigger dunning sequence: retry payment after 3 days, send payment update email after 5 days, escalate to CSM after 10 days.",1,49.0,93.1,High,0.95,Billing Automation,1 failed transaction(s) totalling $49.00.,88.445,Low
REC_002,Automated Payment Recovery — Failed Transaction,billing_recovery,CUST-85b82ca9,Startup,"Trigger dunning sequence: retry payment after 3 days, send payment update email after 5 days, escalate to CSM after 10 days.",1,49.0,93.1,High,0.95,Billing Automation,1 failed transaction(s) totalling $49.00.,88.445,Low
REC_002,Automated Payment Recovery — Failed Transaction,billing_recovery,CUST-87c80669,SMB,"Trigger dunning sequence: retry payment after 3 days, send payment update email after 5 days, escalate to CSM after 10 days.",1,49.0,93.1,High,0.95,Billing Automation,1 failed transaction(s) totalling $49.00.,88.445,Low
REC_002,Automated Payment Recovery — Failed Transaction,billing_recovery,CUST-87e4f350,Startup,"Trigger dunning sequence: retry payment after 3 days, send payment update email after 5 days, escalate to CSM after 10 days.",1,49.0,93.1,High,0.95,Billing Automation,1 failed transaction(s) totalling $49.00.,88.445,Low
REC_002,Automated Payment Recovery — Failed Transaction,billing_recovery,CUST-8b2c25df,Startup,"Trigger dunning sequence: retry payment after 3 days, send payment update email after 5 days, escalate to CSM after 10 days.",1,49.0,93.1,High,0.95,Billing Automation,1 failed transaction(s) totalling $49.00.,88.445,Low
REC_002,Automated Payment Recovery — Failed Transaction,billing_recovery,CUST-8b37577c,SMB,"Trigger dunning sequence: retry payment after 3 days, send payment update email after 5 days, escalate to CSM after 10 days.",1,49.0,93.1,High,0.95,Billing Automation,1 failed transaction(s) totalling $49.00.,88.445,Low
REC_002,Automated Payment Recovery — Failed Transaction,billing_recovery,CUST-8bf5019e,Startup,"Trigger dunning sequence: retry payment after 3 days, send payment update email after 5 days, escalate to CSM after 10 days.",1,49.0,93.1,High,0.95,Billing Automation,1 failed transaction(s) totalling $49.00.,88.445,Low
REC_002,Automated Payment Recovery — Failed Transaction,billing_recovery,CUST-92874c7a,SMB,"Trigger dunning sequence: retry payment after 3 days, send payment update email after 5 days, escalate to CSM after 10 days.",1,49.0,93.1,High,0.95,Billing Automation,1 failed transaction(s) totalling $49.00.,88.445,Low
REC_002,Automated Payment Recovery — Failed Transaction,billing_recovery,CUST-93812d60,Startup,"Trigger dunning sequence: retry payment after 3 days, send payment update email after 5 days, escalate to CSM after 10 days.",1,49.0,93.1,High,0.95,Billing Automation,1 failed transaction(s) totalling $49.00.,88.445,Low
REC_002,Automated Payment Recovery — Failed Transaction,billing_recovery,CUST-981cbea5,Enterprise,"Trigger dunning sequence: retry payment after 3 days, send payment update email after 5 days, escalate to CSM after 10 days.",1,49.0,93.1,High,0.95,Billing Automation,1 failed transaction(s) totalling $49.00.,88.445,Low
REC_002,Automated Payment Recovery — Failed Transaction,billing_recovery,CUST-99bf10e0,Mid-Market,"Trigger dunning sequence: retry payment after 3 days, send payment update email after 5 days, escalate to CSM after 10 days.",1,49.0,93.1,High,0.95,Billing Automation,1 failed transaction(s) totalling $49.00.,88.445,Low
REC_002,Automated Payment Recovery — Failed Transaction,billing_recovery,CUST-9d06f901,Startup,"Trigger dunning sequence: retry payment after 3 days, send payment update email after 5 days, escalate to CSM after 10 days.",1,49.0,93.1,High,0.95,Billing Automation,1 failed transaction(s) totalling $49.00.,88.445,Low
REC_002,Automated Payment Recovery — Failed Transaction,billing_recovery,CUST-9dc2ef69,Startup,"Trigger dunning sequence: retry payment after 3 days, send payment update email after 5 days, escalate to CSM after 10 days.",1,49.0,93.1,High,0.95,Billing Automation,1 failed transaction(s) totalling $49.00.,88.445,Low
REC_002,Automated Payment Recovery — Failed Transaction,billing_recovery,CUST-9f5b6e8d,SMB,"Trigger dunning sequence: retry payment after 3 days, send payment update email after 5 days, escalate to CSM after 10 days.",1,49.0,93.1,High,0.95,Billing Automation,1 failed transaction(s) totalling $49.00.,88.445,Low
REC_002,Automated Payment Recovery — Failed Transaction,billing_recovery,CUST-a0012acb,SMB,"Trigger dunning sequence: retry payment after 3 days, send payment update email after 5 days, escalate to CSM after 10 days.",1,49.0,93.1,High,0.95,Billing Automation,1 failed transaction(s) totalling $49.00.,88.445,Low
REC_002,Automated Payment Recovery — Failed Transaction,billing_recovery,CUST-a0295b9f,Startup,"Trigger dunning sequence: retry payment after 3 days, send payment update email after 5 days, escalate to CSM after 10 days.",1,49.0,93.1,High,0.95,Billing Automation,1 failed transaction(s) totalling $49.00.,88.445,Low
REC_002,Automated Payment Recovery — Failed Transaction,billing_recovery,CUST-a094163e,Startup,"Trigger dunning sequence: retry payment after 3 days, send payment update email after 5 days, escalate to CSM after 10 days.",1,49.0,93.1,High,0.95,Billing Automation,1 failed transaction(s) totalling $49.00.,88.445,Low
REC_002,Automated Payment Recovery — Failed Transaction,billing_recovery,CUST-a810eda2,Enterprise,"Trigger dunning sequence: retry payment after 3 days, send payment update email after 5 days, escalate to CSM after 10 days.",1,49.0,93.1,High,0.95,Billing Automation,1 failed transaction(s) totalling $49.00.,88.445,Low
REC_002,Automated Payment Recovery — Failed Transaction,billing_recovery,CUST-ac11f9e4,SMB,"Trigger dunning sequence: retry payment after 3 days, send payment update email after 5 days, escalate to CSM after 10 days.",1,49.0,93.1,High,0.95,Billing Automation,1 failed transaction(s) totalling $49.00.,88.445,Low
REC_002,Automated Payment Recovery — Failed Transaction,billing_recovery,CUST-ae23e6c7,Startup,"Trigger dunning sequence: retry payment after 3 days, send payment update email after 5 days, escalate to CSM after 10 days.",1,49.0,93.1,High,0.95,Billing Automation,1 failed transaction(s) totalling $49.00.,88.445,Low
REC_002,Automated Payment Recovery — Failed Transaction,billing_recovery,CUST-b042819e,SMB,"Trigger dunning sequence: retry payment after 3 days, send payment update email after 5 days, escalate to CSM after 10 days.",1,49.0,93.1,High,0.95,Billing Automation,1 failed transaction(s) totalling $49.00.,88.445,Low
REC_002,Automated Payment Recovery — Failed Transaction,billing_recovery,CUST-b1a71a19,Enterprise,"Trigger dunning sequence: retry payment after 3 days, send payment update email after 5 days, escalate to CSM after 10 days.",1,49.0,93.1,High,0.95,Billing Automation,1 failed transaction(s) totalling $49.00.,88.445,Low
REC_002,Automated Payment Recovery — Failed Transaction,billing_recovery,CUST-b350e82d,SMB,"Trigger dunning sequence: retry payment after 3 days, send payment update email after 5 days, escalate to CSM after 10 days.",1,49.0,93.1,High,0.95,Billing Automation,1 failed transaction(s) totalling $49.00.,88.445,Low
REC_002,Automated Payment Recovery — Failed Transaction,billing_recovery,CUST-b489ed17,Startup,"Trigger dunning sequence: retry payment after 3 days, send payment update email after 5 days, escalate to CSM after 10 days.",1,49.0,93.1,High,0.95,Billing Automation,1 failed transaction(s) totalling $49.00.,88.445,Low
REC_002,Automated Payment Recovery — Failed Transaction,billing_recovery,CUST-ba5717c0,Mid-Market,"Trigger dunning sequence: retry payment after 3 days, send payment update email after 5 days, escalate to CSM after 10 days.",1,49.0,93.1,High,0.95,Billing Automation,1 failed transaction(s) totalling $49.00.,88.445,Low
REC_002,Automated Payment Recovery — Failed Transaction,billing_recovery,CUST-bb717b08,Mid-Market,"Trigger dunning sequence: retry payment after 3 days, send payment update email after 5 days, escalate to CSM after 10 days.",1,49.0,93.1,High,0.95,Billing Automation,1 failed transaction(s) totalling $49.00.,88.445,Low
REC_002,Automated Payment Recovery — Failed Transaction,billing_recovery,CUST-be84b8cc,Startup,"Trigger dunning sequence: retry payment after 3 days, send payment update email after 5 days, escalate to CSM after 10 days.",1,49.0,93.1,High,0.95,Billing Automation,1 failed transaction(s) totalling $49.00.,88.445,Low
REC_002,Automated Payment Recovery — Failed Transaction,billing_recovery,CUST-c21c37c0,Startup,"Trigger dunning sequence: retry payment after 3 days, send payment update email after 5 days, escalate to CSM after 10 days.",1,49.0,93.1,High,0.95,Billing Automation,1 failed transaction(s) totalling $49.00.,88.445,Low
REC_002,Automated Payment Recovery — Failed Transaction,billing_recovery,CUST-c298a483,SMB,"Trigger dunning sequence: retry payment after 3 days, send payment update email after 5 days, escalate to CSM after 10 days.",1,49.0,93.1,High,0.95,Billing Automation,1 failed transaction(s) totalling $49.00.,88.445,Low
REC_002,Automated Payment Recovery — Failed Transaction,billing_recovery,CUST-c7330a1c,SMB,"Trigger dunning sequence: retry payment after 3 days, send payment update email after 5 days, escalate to CSM after 10 days.",1,49.0,93.1,High,0.95,Billing Automation,1 failed transaction(s) totalling $49.00.,88.445,Low
REC_002,Automated Payment Recovery — Failed Transaction,billing_recovery,CUST-c7a4d0f4,Mid-Market,"Trigger dunning sequence: retry payment after 3 days, send payment update email after 5 days, escalate to CSM after 10 days.",1,49.0,93.1,High,0.95,Billing Automation,1 failed transaction(s) totalling $49.00.,88.445,Low
REC_002,Automated Payment Recovery — Failed Transaction,billing_recovery,CUST-c9272161,Startup,"Trigger dunning sequence: retry payment after 3 days, send payment update email after 5 days, escalate to CSM after 10 days.",1,49.0,93.1,High,0.95,Billing Automation,1 failed transaction(s) totalling $49.00.,88.445,Low
REC_002,Automated Payment Recovery — Failed Transaction,billing_recovery,CUST-ca3166ac,SMB,"Trigger dunning sequence: retry payment after 3 days, send payment update email after 5 days, escalate to CSM after 10 days.",1,49.0,93.1,High,0.95,Billing Automation,1 failed transaction(s) totalling $49.00.,88.445,Low
REC_002,Automated Payment Recovery — Failed Transaction,billing_recovery,CUST-ccd3e727,SMB,"Trigger dunning sequence: retry payment after 3 days, send payment update email after 5 days, escalate to CSM after 10 days.",1,49.0,93.1,High,0.95,Billing Automation,1 failed transaction(s) totalling $49.00.,88.445,Low
REC_002,Automated Payment Recovery — Failed Transaction,billing_recovery,CUST-cf86094d,SMB,"Trigger dunning sequence: retry payment after 3 days, send payment update email after 5 days, escalate to CSM after 10 days.",1,49.0,93.1,High,0.95,Billing Automation,1 failed transaction(s) totalling $49.00.,88.445,Low
REC_002,Automated Payment Recovery — Failed Transaction,billing_recovery,CUST-d0999e5b,Startup,"Trigger dunning sequence: retry payment after 3 days, send payment update email after 5 days, escalate to CSM after 10 days.",1,49.0,93.1,High,0.95,Billing Automation,1 failed transaction(s) totalling $49.00.,88.445,Low
REC_002,Automated Payment Recovery — Failed Transaction,billing_recovery,CUST-d2f532c2,Startup,"Trigger dunning sequence: retry payment after 3 days, send payment update email after 5 days, escalate to CSM after 10 days.",1,49.0,93.1,High,0.95,Billing Automation,1 failed transaction(s) totalling $49.00.,88.445,Low
REC_002,Automated Payment Recovery — Failed Transaction,billing_recovery,CUST-d3456621,Startup,"Trigger dunning sequence: retry payment after 3 days, send payment update email after 5 days, escalate to CSM after 10 days.",1,49.0,93.1,High,0.95,Billing Automation,1 failed transaction(s) totalling $49.00.,88.445,Low
REC_002,Automated Payment Recovery — Failed Transaction,billing_recovery,CUST-d444e79c,Startup,"Trigger dunning sequence: retry payment after 3 days, send payment update email after 5 days, escalate to CSM after 10 days.",1,49.0,93.1,High,0.95,Billing Automation,1 failed transaction(s) totalling $49.00.,88.445,Low
REC_002,Automated Payment Recovery — Failed Transaction,billing_recovery,CUST-d4c40afb,Startup,"Trigger dunning sequence: retry payment after 3 days, send payment update email after 5 days, escalate to CSM after 10 days.",1,49.0,93.1,High,0.95,Billing Automation,1 failed transaction(s) totalling $49.00.,88.445,Low
REC_002,Automated Payment Recovery — Failed Transaction,billing_recovery,CUST-d67ba111,SMB,"Trigger dunning sequence: retry payment after 3 days, send payment update email after 5 days, escalate to CSM after 10 days.",1,49.0,93.1,High,0.95,Billing Automation,1 failed transaction(s) totalling $49.00.,88.445,Low
REC_002,Automated Payment Recovery — Failed Transaction,billing_recovery,CUST-d9f83ad8,SMB,"Trigger dunning sequence: retry payment after 3 days, send payment update email after 5 days, escalate to CSM after 10 days.",1,49.0,93.1,High,0.95,Billing Automation,1 failed transaction(s) totalling $49.00.,88.445,Low
REC_002,Automated Payment Recovery — Failed Transaction,billing_recovery,CUST-db5c947b,SMB,"Trigger dunning sequence: retry payment after 3 days, send payment update email after 5 days, escalate to CSM after 10 days.",1,49.0,93.1,High,0.95,Billing Automation,1 failed transaction(s) totalling $49.00.,88.445,Low
REC_002,Automated Payment Recovery — Failed Transaction,billing_recovery,CUST-dcd7f4d3,SMB,"Trigger dunning sequence: retry payment after 3 days, send payment update email after 5 days, escalate to CSM after 10 days.",1,49.0,93.1,High,0.95,Billing Automation,1 failed transaction(s) totalling $49.00.,88.445,Low
REC_002,Automated Payment Recovery — Failed Transaction,billing_recovery,CUST-df8d022f,SMB,"Trigger dunning sequence: retry payment after 3 days, send payment update email after 5 days, escalate to CSM after 10 days.",1,49.0,93.1,High,0.95,Billing Automation,1 failed transaction(s) totalling $49.00.,88.445,Low
REC_002,Automated Payment Recovery — Failed Transaction,billing_recovery,CUST-e0c7a06a,Mid-Market,"Trigger dunning sequence: retry payment after 3 days, send payment update email after 5 days, escalate to CSM after 10 days.",1,49.0,93.1,High,0.95,Billing Automation,1 failed transaction(s) totalling $49.00.,88.445,Low
REC_002,Automated Payment Recovery — Failed Transaction,billing_recovery,CUST-e197c709,SMB,"Trigger dunning sequence: retry payment after 3 days, send payment update email after 5 days, escalate to CSM after 10 days.",1,49.0,93.1,High,0.95,Billing Automation,1 failed transaction(s) totalling $49.00.,88.445,Low
REC_002,Automated Payment Recovery — Failed Transaction,billing_recovery,CUST-e1fe86a2,Enterprise,"Trigger dunning sequence: retry payment after 3 days, send payment update email after 5 days, escalate to CSM after 10 days.",1,49.0,93.1,High,0.95,Billing Automation,1 failed transaction(s) totalling $49.00.,88.445,Low
REC_002,Automated Payment Recovery — Failed Transaction,billing_recovery,CUST-e2bd0c39,Enterprise,"Trigger dunning sequence: retry payment after 3 days, send payment update email after 5 days, escalate to CSM after 10 days.",1,49.0,93.1,High,0.95,Billing Automation,1 failed transaction(s) totalling $49.00.,88.445,Low
REC_002,Automated Payment Recovery — Failed Transaction,billing_recovery,CUST-e45b4211,SMB,"Trigger dunning sequence: retry payment after 3 days, send payment update email after 5 days, escalate to CSM after 10 days.",1,49.0,93.1,High,0.95,Billing Automation,1 failed transaction(s) totalling $49.00.,88.445,Low
REC_002,Automated Payment Recovery — Failed Transaction,billing_recovery,CUST-e79198a2,SMB,"Trigger dunning sequence: retry payment after 3 days, send payment update email after 5 days, escalate to CSM after 10 days.",1,49.0,93.1,High,0.95,Billing Automation,1 failed transaction(s) totalling $49.00.,88.445,Low
REC_002,Automated Payment Recovery — Failed Transaction,billing_recovery,CUST-e8155b1d,Startup,"Trigger dunning sequence: retry payment after 3 days, send payment update email after 5 days, escalate to CSM after 10 days.",1,49.0,93.1,High,0.95,Billing Automation,1 failed transaction(s) totalling $49.00.,88.445,Low
REC_002,Automated Payment Recovery — Failed Transaction,billing_recovery,CUST-e9a5c8ea,Startup,"Trigger dunning sequence: retry payment after 3 days, send payment update email after 5 days, escalate to CSM after 10 days.",1,49.0,93.1,High,0.95,Billing Automation,1 failed transaction(s) totalling $49.00.,88.445,Low
REC_002,Automated Payment Recovery — Failed Transaction,billing_recovery,CUST-eb87df10,SMB,"Trigger dunning sequence: retry payment after 3 days, send payment update email after 5 days, escalate to CSM after 10 days.",1,49.0,93.1,High,0.95,Billing Automation,1 failed transaction(s) totalling $49.00.,88.445,Low
REC_002,Automated Payment Recovery — Failed Transaction,billing_recovery,CUST-ec0683fa,Enterprise,"Trigger dunning sequence: retry payment after 3 days, send payment update email after 5 days, escalate to CSM after 10 days.",1,49.0,93.1,High,0.95,Billing Automation,1 failed transaction(s) totalling $49.00.,88.445,Low
REC_002,Automated Payment Recovery — Failed Transaction,billing_recovery,CUST-ef274601,SMB,"Trigger dunning sequence: retry payment after 3 days, send payment update email after 5 days, escalate to CSM after 10 days.",1,49.0,93.1,High,0.95,Billing Automation,1 failed transaction(s) totalling $49.00.,88.445,Low
REC_002,Automated Payment Recovery — Failed Transaction,billing_recovery,CUST-f4e35de5,Startup,"Trigger dunning sequence: retry payment after 3 days, send payment update email after 5 days, escalate to CSM after 10 days.",1,49.0,93.1,High,0.95,Billing Automation,1 failed transaction(s) totalling $49.00.,88.445,Low
REC_002,Automated Payment Recovery — Failed Transaction,billing_recovery,CUST-f6982a15,SMB,"Trigger dunning sequence: retry payment after 3 days, send payment update email after 5 days, escalate to CSM after 10 days.",1,49.0,93.1,High,0.95,Billing Automation,1 failed transaction(s) totalling $49.00.,88.445,Low
REC_002,Automated Payment Recovery — Failed Transaction,billing_recovery,CUST-f95aa66e,Startup,"Trigger dunning sequence: retry payment after 3 days, send payment update email after 5 days, escalate to CSM after 10 days.",1,49.0,93.1,High,0.95,Billing Automation,1 failed transaction(s) totalling $49.00.,88.445,Low
REC_002,Automated Payment Recovery — Failed Transaction,billing_recovery,CUST-f9a67dd6,Mid-Market,"Trigger dunning sequence: retry payment after 3 days, send payment update email after 5 days, escalate to CSM after 10 days.",1,49.0,93.1,High,0.95,Billing Automation,1 failed transaction(s) totalling $49.00.,88.445,Low
REC_002,Automated Payment Recovery — Failed Transaction,billing_recovery,CUST-fb25c84f,SMB,"Trigger dunning sequence: retry payment after 3 days, send payment update email after 5 days, escalate to CSM after 10 days.",1,49.0,93.1,High,0.95,Billing Automation,1 failed transaction(s) totalling $49.00.,88.445,Low
REC_002,Automated Payment Recovery — Failed Transaction,billing_recovery,CUST-fcfd957d,SMB,"Trigger dunning sequence: retry payment after 3 days, send payment update email after 5 days, escalate to CSM after 10 days.",1,49.0,93.1,High,0.95,Billing Automation,1 failed transaction(s) totalling $49.00.,88.445,Low
REC_005,Past-Due Account Escalation,billing_recovery,CUST-7c5ce154,SMB,Escalate to finance for account hold review. Send formal payment demand notice and suspend non-critical features until resolved.,1,49.0,88.2,High,0.9,Finance Operations,Subscription SUB-1c71db10 is Past Due — $49.00/month outstanding.,79.38000000000001,Low
REC_005,Past-Due Account Escalation,billing_recovery,CUST-690601f4,SMB,Escalate to finance for account hold review. Send formal payment demand notice and suspend non-critical features until resolved.,1,49.0,88.2,High,0.9,Finance Operations,Subscription SUB-3220faef is Past Due — $49.00/month outstanding.,79.38000000000001,Low
REC_005,Past-Due Account Escalation,billing_recovery,CUST-3ed19b9c,Startup,Escalate to finance for account hold review. Send formal payment demand notice and suspend non-critical features until resolved.,1,49.0,88.2,High,0.9,Finance Operations,Subscription SUB-8cf1f6e4 is Past Due — $49.00/month outstanding.,79.38000000000001,Low
REC_005,Past-Due Account Escalation,billing_recovery,CUST-1d9e13a0,Enterprise,Escalate to finance for account hold review. Send formal payment demand notice and suspend non-critical features until resolved.,1,49.0,88.2,High,0.9,Finance Operations,Subscription SUB-f2f1b401 is Past Due — $49.00/month outstanding.,79.38000000000001,Low
REC_005,Past-Due Account Escalation,billing_recovery,CUST-f13fc68e,Startup,Escalate to finance for account hold review. Send formal payment demand notice and suspend non-critical features until resolved.,1,49.0,88.2,High,0.9,Finance Operations,Subscription SUB-211f9c11 is Past Due — $49.00/month outstanding.,79.38000000000001,Low
REC_005,Past-Due Account Escalation,billing_recovery,CUST-76c0a247,Enterprise,Escalate to finance for account hold review. Send formal payment demand notice and suspend non-critical features until resolved.,1,49.0,88.2,High,0.9,Finance Operations,Subscription SUB-9eca31ea is Past Due — $49.00/month outstanding.,79.38000000000001,Low
REC_005,Past-Due Account Escalation,billing_recovery,CUST-0440668e,SMB,Escalate to finance for account hold review. Send formal payment demand notice and suspend non-critical features until resolved.,1,49.0,88.2,High,0.9,Finance Operations,Subscription SUB-53af7d81 is Past Due — $49.00/month outstanding.,79.38000000000001,Low
REC_005,Past-Due Account Escalation,billing_recovery,CUST-d2dfdd07,SMB,Escalate to finance for account hold review. Send formal payment demand notice and suspend non-critical features until resolved.,1,49.0,88.2,High,0.9,Finance Operations,Subscription SUB-e94994f4 is Past Due — $49.00/month outstanding.,79.38000000000001,Low
REC_005,Past-Due Account Escalation,billing_recovery,CUST-d41861a0,Enterprise,Escalate to finance for account hold review. Send formal payment demand notice and suspend non-critical features until resolved.,1,49.0,88.2,High,0.9,Finance Operations,Subscription SUB-22e38975 is Past Due — $49.00/month outstanding.,79.38000000000001,Low
REC_005,Past-Due Account Escalation,billing_recovery,CUST-801b3772,SMB,Escalate to finance for account hold review. Send formal payment demand notice and suspend non-critical features until resolved.,1,49.0,88.2,High,0.9,Finance Operations,Subscription SUB-edd92974 is Past Due — $49.00/month outstanding.,79.38000000000001,Low
REC_005,Past-Due Account Escalation,billing_recovery,CUST-a0295b9f,Startup,Escalate to finance for account hold review. Send formal payment demand notice and suspend non-critical features until resolved.,1,49.0,88.2,High,0.9,Finance Operations,Subscription SUB-782613ee is Past Due — $49.00/month outstanding.,79.38000000000001,Low
REC_005,Past-Due Account Escalation,billing_recovery,CUST-e8f4fbe9,Mid-Market,Escalate to finance for account hold review. Send formal payment demand notice and suspend non-critical features until resolved.,1,49.0,88.2,High,0.9,Finance Operations,Subscription SUB-b58dac63 is Past Due — $49.00/month outstanding.,79.38000000000001,Low
REC_005,Past-Due Account Escalation,billing_recovery,CUST-ccd3e727,SMB,Escalate to finance for account hold review. Send formal payment demand notice and suspend non-critical features until resolved.,1,49.0,88.2,High,0.9,Finance Operations,Subscription SUB-bf02b437 is Past Due — $49.00/month outstanding.,79.38000000000001,Low
REC_005,Past-Due Account Escalation,billing_recovery,CUST-532a74dd,SMB,Escalate to finance for account hold review. Send formal payment demand notice and suspend non-critical features until resolved.,1,49.0,88.2,High,0.9,Finance Operations,Subscription SUB-bfbf61ac is Past Due — $49.00/month outstanding.,79.38000000000001,Low
REC_005,Past-Due Account Escalation,billing_recovery,CUST-e4f81c7f,SMB,Escalate to finance for account hold review. Send formal payment demand notice and suspend non-critical features until resolved.,1,49.0,88.2,High,0.9,Finance Operations,Subscription SUB-6da46237 is Past Due — $49.00/month outstanding.,79.38000000000001,Low
REC_005,Past-Due Account Escalation,billing_recovery,CUST-62fd3da4,SMB,Escalate to finance for account hold review. Send formal payment demand notice and suspend non-critical features until resolved.,1,49.0,88.2,High,0.9,Finance Operations,Subscription SUB-2502a3f9 is Past Due — $49.00/month outstanding.,79.38000000000001,Low
REC_005,Past-Due Account Escalation,billing_recovery,CUST-1d7c731c,SMB,Escalate to finance for account hold review. Send formal payment demand notice and suspend non-critical features until resolved.,1,49.0,88.2,High,0.9,Finance Operations,Subscription SUB-295c1306 is Past Due — $49.00/month outstanding.,79.38000000000001,Low
REC_005,Past-Due Account Escalation,billing_recovery,CUST-992fb9a1,Startup,Escalate to finance for account hold review. Send formal payment demand notice and suspend non-critical features until resolved.,1,49.0,88.2,High,0.9,Finance Operations,Subscription SUB-2374f80d is Past Due — $49.00/month outstanding.,79.38000000000001,Low
REC_005,Past-Due Account Escalation,billing_recovery,CUST-26403acc,Startup,Escalate to finance for account hold review. Send formal payment demand notice and suspend non-critical features until resolved.,1,49.0,88.2,High,0.9,Finance Operations,Subscription SUB-4f917923 is Past Due — $49.00/month outstanding.,79.38000000000001,Low
REC_005,Past-Due Account Escalation,billing_recovery,CUST-122a8e06,Enterprise,Escalate to finance for account hold review. Send formal payment demand notice and suspend non-critical features until resolved.,1,49.0,88.2,High,0.9,Finance Operations,Subscription SUB-9d2fa3b4 is Past Due — $49.00/month outstanding.,79.38000000000001,Low
REC_005,Past-Due Account Escalation,billing_recovery,CUST-c3c5801b,Enterprise,Escalate to finance for account hold review. Send formal payment demand notice and suspend non-critical features until resolved.,1,49.0,88.2,High,0.9,Finance Operations,Subscription SUB-c636d29a is Past Due — $49.00/month outstanding.,79.38000000000001,Low
REC_005,Past-Due Account Escalation,billing_recovery,CUST-267016f1,Startup,Escalate to finance for account hold review. Send formal payment demand notice and suspend non-critical features until resolved.,1,49.0,88.2,High,0.9,Finance Operations,Subscription SUB-a9b83953 is Past Due — $49.00/month outstanding.,79.38000000000001,Low
REC_005,Past-Due Account Escalation,billing_recovery,CUST-0a15dc1c,SMB,Escalate to finance for account hold review. Send formal payment demand notice and suspend non-critical features until resolved.,1,49.0,88.2,High,0.9,Finance Operations,Subscription SUB-f4d93780 is Past Due — $49.00/month outstanding.,79.38000000000001,Low
REC_005,Past-Due Account Escalation,billing_recovery,CUST-83722fe9,Mid-Market,Escalate to finance for account hold review. Send formal payment demand notice and suspend non-critical features until resolved.,1,49.0,88.2,High,0.9,Finance Operations,Subscription SUB-75e10430 is Past Due — $49.00/month outstanding.,79.38000000000001,Low
REC_005,Past-Due Account Escalation,billing_recovery,CUST-2c2f906f,Startup,Escalate to finance for account hold review. Send formal payment demand notice and suspend non-critical features until resolved.,1,49.0,88.2,High,0.9,Finance Operations,Subscription SUB-12da06c8 is Past Due — $49.00/month outstanding.,79.38000000000001,Low
REC_005,Past-Due Account Escalation,billing_recovery,CUST-eb4dc21d,SMB,Escalate to finance for account hold review. Send formal payment demand notice and suspend non-critical features until resolved.,1,49.0,88.2,High,0.9,Finance Operations,Subscription SUB-d1f64a71 is Past Due — $49.00/month outstanding.,79.38000000000001,Low
REC_005,Past-Due Account Escalation,billing_recovery,CUST-917bad81,SMB,Escalate to finance for account hold review. Send formal payment demand notice and suspend non-critical features until resolved.,1,49.0,88.2,High,0.9,Finance Operations,Subscription SUB-48122c0b is Past Due — $49.00/month outstanding.,79.38000000000001,Low
REC_005,Past-Due Account Escalation,billing_recovery,CUST-f5f4673e,Mid-Market,Escalate to finance for account hold review. Send formal payment demand notice and suspend non-critical features until resolved.,1,49.0,88.2,High,0.9,Finance Operations,Subscription SUB-8211e372 is Past Due — $49.00/month outstanding.,79.38000000000001,Low
REC_004,Proactive Billing Intervention — Payment Risk Driver Detected,billing_recovery,CUST-ca3166ac,SMB,Contact customer directly to confirm payment details and offer alternative payment methods before the subscription lapses.,1,49.0,98.0,Medium,0.8,Customer Success Manager,Churn risk band: High. Drivers: Failed Payments.,78.4,Low
REC_004,Proactive Billing Intervention — Payment Risk Driver Detected,billing_recovery,CUST-65e7c245,Startup,Contact customer directly to confirm payment details and offer alternative payment methods before the subscription lapses.,1,49.0,98.0,Medium,0.8,Customer Success Manager,"Churn risk band: Critical. Drivers: Low NPS, Failed Payments, High Support Burden.",78.4,Low
REC_004,Proactive Billing Intervention — Payment Risk Driver Detected,billing_recovery,CUST-16061ccd,Startup,Contact customer directly to confirm payment details and offer alternative payment methods before the subscription lapses.,1,49.0,98.0,Medium,0.8,Customer Success Manager,"Churn risk band: High. Drivers: Low NPS, Failed Payments.",78.4,Low
REC_004,Proactive Billing Intervention — Payment Risk Driver Detected,billing_recovery,CUST-fb25c84f,SMB,Contact customer directly to confirm payment details and offer alternative payment methods before the subscription lapses.,1,49.0,98.0,Medium,0.8,Customer Success Manager,Churn risk band: High. Drivers: Failed Payments.,78.4,Low
REC_004,Proactive Billing Intervention — Payment Risk Driver Detected,billing_recovery,CUST-d2f532c2,Startup,Contact customer directly to confirm payment details and offer alternative payment methods before the subscription lapses.,1,49.0,98.0,Medium,0.8,Customer Success Manager,Churn risk band: High. Drivers: Failed Payments.,78.4,Low
REC_004,Proactive Billing Intervention — Payment Risk Driver Detected,billing_recovery,CUST-7ad08069,SMB,Contact customer directly to confirm payment details and offer alternative payment methods before the subscription lapses.,1,49.0,98.0,Medium,0.8,Customer Success Manager,Churn risk band: High. Drivers: Failed Payments.,78.4,Low
REC_004,Proactive Billing Intervention — Payment Risk Driver Detected,billing_recovery,CUST-10940ab7,Startup,Contact customer directly to confirm payment details and offer alternative payment methods before the subscription lapses.,1,49.0,98.0,Medium,0.8,Customer Success Manager,"Churn risk band: High. Drivers: Failed Payments, High Support Burden.",78.4,Low
REC_004,Proactive Billing Intervention — Payment Risk Driver Detected,billing_recovery,CUST-e8155b1d,Startup,Contact customer directly to confirm payment details and offer alternative payment methods before the subscription lapses.,1,49.0,98.0,Medium,0.8,Customer Success Manager,"Churn risk band: High. Drivers: Failed Payments, High Support Burden.",78.4,Low
REC_004,Proactive Billing Intervention — Payment Risk Driver Detected,billing_recovery,CUST-6eeb27f7,SMB,Contact customer directly to confirm payment details and offer alternative payment methods before the subscription lapses.,1,49.0,98.0,Medium,0.8,Customer Success Manager,"Churn risk band: High. Drivers: Failed Payments, High Support Burden.",78.4,Low
REC_004,Proactive Billing Intervention — Payment Risk Driver Detected,billing_recovery,CUST-619cebe6,SMB,Contact customer directly to confirm payment details and offer alternative payment methods before the subscription lapses.,1,49.0,98.0,Medium,0.8,Customer Success Manager,"Churn risk band: High. Drivers: Failed Payments, High Support Burden.",78.4,Low
REC_004,Proactive Billing Intervention — Payment Risk Driver Detected,billing_recovery,CUST-87c80669,SMB,Contact customer directly to confirm payment details and offer alternative payment methods before the subscription lapses.,1,49.0,98.0,Medium,0.8,Customer Success Manager,"Churn risk band: High. Drivers: Failed Payments, High Support Burden.",78.4,Low
REC_004,Proactive Billing Intervention — Payment Risk Driver Detected,billing_recovery,CUST-36adc807,Mid-Market,Contact customer directly to confirm payment details and offer alternative payment methods before the subscription lapses.,1,49.0,98.0,Medium,0.8,Customer Success Manager,"Churn risk band: High. Drivers: Low NPS, Failed Payments.",78.4,Low
REC_004,Proactive Billing Intervention — Payment Risk Driver Detected,billing_recovery,CUST-92874c7a,SMB,Contact customer directly to confirm payment details and offer alternative payment methods before the subscription lapses.,1,49.0,98.0,Medium,0.8,Customer Success Manager,"Churn risk band: High. Drivers: Failed Payments, High Support Burden.",78.4,Low
REC_004,Proactive Billing Intervention — Payment Risk Driver Detected,billing_recovery,CUST-eed2b6d4,SMB,Contact customer directly to confirm payment details and offer alternative payment methods before the subscription lapses.,1,49.0,98.0,Medium,0.8,Customer Success Manager,Churn risk band: High. Drivers: Failed Payments.,78.4,Low
REC_004,Proactive Billing Intervention — Payment Risk Driver Detected,billing_recovery,CUST-fc4f73f7,SMB,Contact customer directly to confirm payment details and offer alternative payment methods before the subscription lapses.,1,49.0,98.0,Medium,0.8,Customer Success Manager,"Churn risk band: High. Drivers: Failed Payments, High Support Burden.",78.4,Low
REC_004,Proactive Billing Intervention — Payment Risk Driver Detected,billing_recovery,CUST-93812d60,Startup,Contact customer directly to confirm payment details and offer alternative payment methods before the subscription lapses.,1,49.0,98.0,Medium,0.8,Customer Success Manager,"Churn risk band: High. Drivers: Failed Payments, High Support Burden.",78.4,Low
REC_004,Proactive Billing Intervention — Payment Risk Driver Detected,billing_recovery,CUST-ec0683fa,Enterprise,Contact customer directly to confirm payment details and offer alternative payment methods before the subscription lapses.,1,49.0,98.0,Medium,0.8,Customer Success Manager,"Churn risk band: High. Drivers: Failed Payments, High Support Burden.",78.4,Low
REC_004,Proactive Billing Intervention — Payment Risk Driver Detected,billing_recovery,CUST-6ec9b0ec,SMB,Contact customer directly to confirm payment details and offer alternative payment methods before the subscription lapses.,1,49.0,98.0,Medium,0.8,Customer Success Manager,"Churn risk band: High. Drivers: Failed Payments, High Support Burden.",78.4,Low
REC_004,Proactive Billing Intervention — Payment Risk Driver Detected,billing_recovery,CUST-2e7de218,Startup,Contact customer directly to confirm payment details and offer alternative payment methods before the subscription lapses.,1,49.0,98.0,Medium,0.8,Customer Success Manager,"Churn risk band: Critical. Drivers: Low NPS, Failed Payments, High Support Burden.",78.4,Low
REC_004,Proactive Billing Intervention — Payment Risk Driver Detected,billing_recovery,CUST-53d3b89e,Startup,Contact customer directly to confirm payment details and offer alternative payment methods before the subscription lapses.,1,49.0,98.0,Medium,0.8,Customer Success Manager,"Churn risk band: High. Drivers: Failed Payments, High Support Burden.",78.4,Low
REC_004,Proactive Billing Intervention — Payment Risk Driver Detected,billing_recovery,CUST-729bafeb,SMB,Contact customer directly to confirm payment details and offer alternative payment methods before the subscription lapses.,1,49.0,98.0,Medium,0.8,Customer Success Manager,"Churn risk band: High. Drivers: Failed Payments, High Support Burden.",78.4,Low
REC_004,Proactive Billing Intervention — Payment Risk Driver Detected,billing_recovery,CUST-d444e79c,Startup,Contact customer directly to confirm payment details and offer alternative payment methods before the subscription lapses.,1,49.0,98.0,Medium,0.8,Customer Success Manager,"Churn risk band: High. Drivers: Failed Payments, High Support Burden.",78.4,Low
REC_004,Proactive Billing Intervention — Payment Risk Driver Detected,billing_recovery,CUST-673ad9da,SMB,Contact customer directly to confirm payment details and offer alternative payment methods before the subscription lapses.,1,49.0,98.0,Medium,0.8,Customer Success Manager,"Churn risk band: High. Drivers: Failed Payments, High Support Burden.",78.4,Low
REC_004,Proactive Billing Intervention — Payment Risk Driver Detected,billing_recovery,CUST-8bf5019e,Startup,Contact customer directly to confirm payment details and offer alternative payment methods before the subscription lapses.,1,49.0,98.0,Medium,0.8,Customer Success Manager,Churn risk band: High. Drivers: Failed Payments.,78.4,Low
REC_004,Proactive Billing Intervention — Payment Risk Driver Detected,billing_recovery,CUST-0cbe500a,Startup,Contact customer directly to confirm payment details and offer alternative payment methods before the subscription lapses.,1,49.0,98.0,Medium,0.8,Customer Success Manager,Churn risk band: High. Drivers: Failed Payments.,78.4,Low
REC_004,Proactive Billing Intervention — Payment Risk Driver Detected,billing_recovery,CUST-c2d7d541,Startup,Contact customer directly to confirm payment details and offer alternative payment methods before the subscription lapses.,1,49.0,98.0,Medium,0.8,Customer Success Manager,"Churn risk band: High. Drivers: Failed Payments, High Support Burden.",78.4,Low
REC_004,Proactive Billing Intervention — Payment Risk Driver Detected,billing_recovery,CUST-2263a0e5,Mid-Market,Contact customer directly to confirm payment details and offer alternative payment methods before the subscription lapses.,1,49.0,98.0,Medium,0.8,Customer Success Manager,"Churn risk band: High. Drivers: Failed Payments, High Support Burden.",78.4,Low
REC_004,Proactive Billing Intervention — Payment Risk Driver Detected,billing_recovery,CUST-72f8a3bb,Startup,Contact customer directly to confirm payment details and offer alternative payment methods before the subscription lapses.,1,49.0,98.0,Medium,0.8,Customer Success Manager,Churn risk band: High. Drivers: Failed Payments.,78.4,Low
REC_004,Proactive Billing Intervention — Payment Risk Driver Detected,billing_recovery,CUST-8800df1b,Mid-Market,Contact customer directly to confirm payment details and offer alternative payment methods before the subscription lapses.,1,49.0,98.0,Medium,0.8,Customer Success Manager,Churn risk band: High. Drivers: Failed Payments.,78.4,Low
REC_004,Proactive Billing Intervention — Payment Risk Driver Detected,billing_recovery,CUST-18f2adb1,SMB,Contact customer directly to confirm payment details and offer alternative payment methods before the subscription lapses.,1,49.0,98.0,Medium,0.8,Customer Success Manager,"Churn risk band: High. Drivers: Failed Payments, High Support Burden.",78.4,Low
REC_004,Proactive Billing Intervention — Payment Risk Driver Detected,billing_recovery,CUST-751b6f8f,Startup,Contact customer directly to confirm payment details and offer alternative payment methods before the subscription lapses.,1,49.0,98.0,Medium,0.8,Customer Success Manager,Churn risk band: High. Drivers: Failed Payments.,78.4,Low
REC_004,Proactive Billing Intervention — Payment Risk Driver Detected,billing_recovery,CUST-5c87089f,Startup,Contact customer directly to confirm payment details and offer alternative payment methods before the subscription lapses.,1,49.0,98.0,Medium,0.8,Customer Success Manager,Churn risk band: High. Drivers: Failed Payments.,78.4,Low
REC_004,Proactive Billing Intervention — Payment Risk Driver Detected,billing_recovery,CUST-9d06f901,Startup,Contact customer directly to confirm payment details and offer alternative payment methods before the subscription lapses.,1,49.0,98.0,Medium,0.8,Customer Success Manager,"Churn risk band: Critical. Drivers: Low NPS, Failed Payments, High Support Burden.",78.4,Low
REC_004,Proactive Billing Intervention — Payment Risk Driver Detected,billing_recovery,CUST-1fffe30c,SMB,Contact customer directly to confirm payment details and offer alternative payment methods before the subscription lapses.,1,49.0,98.0,Medium,0.8,Customer Success Manager,"Churn risk band: High. Drivers: Failed Payments, High Support Burden.",78.4,Low
REC_004,Proactive Billing Intervention — Payment Risk Driver Detected,billing_recovery,CUST-eb87df10,SMB,Contact customer directly to confirm payment details and offer alternative payment methods before the subscription lapses.,1,49.0,98.0,Medium,0.8,Customer Success Manager,Churn risk band: High. Drivers: Failed Payments.,78.4,Low
REC_004,Proactive Billing Intervention — Payment Risk Driver Detected,billing_recovery,CUST-677df86d,SMB,Contact customer directly to confirm payment details and offer alternative payment methods before the subscription lapses.,1,49.0,98.0,Medium,0.8,Customer Success Manager,Churn risk band: High. Drivers: Failed Payments.,78.4,Low
REC_004,Proactive Billing Intervention — Payment Risk Driver Detected,billing_recovery,CUST-27644b58,SMB,Contact customer directly to confirm payment details and offer alternative payment methods before the subscription lapses.,1,49.0,98.0,Medium,0.8,Customer Success Manager,"Churn risk band: High. Drivers: Failed Payments, High Support Burden.",78.4,Low
REC_004,Proactive Billing Intervention — Payment Risk Driver Detected,billing_recovery,CUST-22b39974,SMB,Contact customer directly to confirm payment details and offer alternative payment methods before the subscription lapses.,1,49.0,98.0,Medium,0.8,Customer Success Manager,Churn risk band: High. Drivers: Failed Payments.,78.4,Low
REC_004,Proactive Billing Intervention — Payment Risk Driver Detected,billing_recovery,CUST-87e4f350,Startup,Contact customer directly to confirm payment details and offer alternative payment methods before the subscription lapses.,1,49.0,98.0,Medium,0.8,Customer Success Manager,"Churn risk band: High. Drivers: Failed Payments, High Support Burden.",78.4,Low
REC_004,Proactive Billing Intervention — Payment Risk Driver Detected,billing_recovery,CUST-f0453c1b,Startup,Contact customer directly to confirm payment details and offer alternative payment methods before the subscription lapses.,1,49.0,98.0,Medium,0.8,Customer Success Manager,Churn risk band: High. Drivers: Failed Payments.,78.4,Low
REC_004,Proactive Billing Intervention — Payment Risk Driver Detected,billing_recovery,CUST-e9a5c8ea,Startup,Contact customer directly to confirm payment details and offer alternative payment methods before the subscription lapses.,1,49.0,98.0,Medium,0.8,Customer Success Manager,"Churn risk band: High. Drivers: Low NPS, Failed Payments.",78.4,Low
REC_004,Proactive Billing Intervention — Payment Risk Driver Detected,billing_recovery,CUST-e45b4211,SMB,Contact customer directly to confirm payment details and offer alternative payment methods before the subscription lapses.,1,49.0,98.0,Medium,0.8,Customer Success Manager,"Churn risk band: High. Drivers: Failed Payments, High Support Burden.",78.4,Low
REC_004,Proactive Billing Intervention — Payment Risk Driver Detected,billing_recovery,CUST-251ae562,Startup,Contact customer directly to confirm payment details and offer alternative payment methods before the subscription lapses.,1,49.0,98.0,Medium,0.8,Customer Success Manager,"Churn risk band: High. Drivers: Low NPS, Failed Payments.",78.4,Low
REC_004,Proactive Billing Intervention — Payment Risk Driver Detected,billing_recovery,CUST-841421c0,Startup,Contact customer directly to confirm payment details and offer alternative payment methods before the subscription lapses.,1,49.0,98.0,Medium,0.8,Customer Success Manager,Churn risk band: High. Drivers: Failed Payments.,78.4,Low
REC_004,Proactive Billing Intervention — Payment Risk Driver Detected,billing_recovery,CUST-6d3bb44e,SMB,Contact customer directly to confirm payment details and offer alternative payment methods before the subscription lapses.,1,49.0,98.0,Medium,0.8,Customer Success Manager,Churn risk band: High. Drivers: Failed Payments.,78.4,Low
REC_004,Proactive Billing Intervention — Payment Risk Driver Detected,billing_recovery,CUST-3339778a,Startup,Contact customer directly to confirm payment details and offer alternative payment methods before the subscription lapses.,1,49.0,98.0,Medium,0.8,Customer Success Manager,"Churn risk band: High. Drivers: Low NPS, Failed Payments.",78.4,Low
REC_004,Proactive Billing Intervention — Payment Risk Driver Detected,billing_recovery,CUST-4b268b76,Mid-Market,Contact customer directly to confirm payment details and offer alternative payment methods before the subscription lapses.,1,49.0,98.0,Medium,0.8,Customer Success Manager,"Churn risk band: High. Drivers: Failed Payments, High Support Burden.",78.4,Low
REC_004,Proactive Billing Intervention — Payment Risk Driver Detected,billing_recovery,CUST-c21c37c0,Startup,Contact customer directly to confirm payment details and offer alternative payment methods before the subscription lapses.,1,49.0,98.0,Medium,0.8,Customer Success Manager,"Churn risk band: High. Drivers: Failed Payments, High Support Burden.",78.4,Low
REC_004,Proactive Billing Intervention — Payment Risk Driver Detected,billing_recovery,CUST-b895041d,SMB,Contact customer directly to confirm payment details and offer alternative payment methods before the subscription lapses.,1,49.0,98.0,Medium,0.8,Customer Success Manager,"Churn risk band: High. Drivers: Failed Payments, High Support Burden.",78.4,Low
REC_004,Proactive Billing Intervention — Payment Risk Driver Detected,billing_recovery,CUST-69715244,Mid-Market,Contact customer directly to confirm payment details and offer alternative payment methods before the subscription lapses.,1,49.0,98.0,Medium,0.8,Customer Success Manager,"Churn risk band: High. Drivers: Failed Payments, High Support Burden.",78.4,Low
REC_004,Proactive Billing Intervention — Payment Risk Driver Detected,billing_recovery,CUST-84b29d58,SMB,Contact customer directly to confirm payment details and offer alternative payment methods before the subscription lapses.,1,49.0,98.0,Medium,0.8,Customer Success Manager,"Churn risk band: Critical. Drivers: Low NPS, Failed Payments, High Support Burden.",78.4,Low
REC_004,Proactive Billing Intervention — Payment Risk Driver Detected,billing_recovery,CUST-f9a67dd6,Mid-Market,Contact customer directly to confirm payment details and offer alternative payment methods before the subscription lapses.,1,49.0,98.0,Medium,0.8,Customer Success Manager,Churn risk band: High. Drivers: Failed Payments.,78.4,Low
REC_004,Proactive Billing Intervention — Payment Risk Driver Detected,billing_recovery,CUST-ab71471c,Startup,Contact customer directly to confirm payment details and offer alternative payment methods before the subscription lapses.,1,49.0,98.0,Medium,0.8,Customer Success Manager,"Churn risk band: High. Drivers: Low NPS, Failed Payments.",78.4,Low
REC_004,Proactive Billing Intervention — Payment Risk Driver Detected,billing_recovery,CUST-9a099a07,SMB,Contact customer directly to confirm payment details and offer alternative payment methods before the subscription lapses.,1,49.0,98.0,Medium,0.8,Customer Success Manager,Churn risk band: High. Drivers: Failed Payments.,78.4,Low
REC_004,Proactive Billing Intervention — Payment Risk Driver Detected,billing_recovery,CUST-b1a71a19,Enterprise,Contact customer directly to confirm payment details and offer alternative payment methods before the subscription lapses.,1,49.0,98.0,Medium,0.8,Customer Success Manager,Churn risk band: High. Drivers: Failed Payments.,78.4,Low
REC_004,Proactive Billing Intervention — Payment Risk Driver Detected,billing_recovery,CUST-43ee749d,Startup,Contact customer directly to confirm payment details and offer alternative payment methods before the subscription lapses.,1,49.0,98.0,Medium,0.8,Customer Success Manager,Churn risk band: High. Drivers: Failed Payments.,78.4,Low
REC_004,Proactive Billing Intervention — Payment Risk Driver Detected,billing_recovery,CUST-41144c2e,Startup,Contact customer directly to confirm payment details and offer alternative payment methods before the subscription lapses.,1,49.0,98.0,Medium,0.8,Customer Success Manager,"Churn risk band: High. Drivers: Failed Payments, High Support Burden.",78.4,Low
REC_004,Proactive Billing Intervention — Payment Risk Driver Detected,billing_recovery,CUST-4e65d2f5,Mid-Market,Contact customer directly to confirm payment details and offer alternative payment methods before the subscription lapses.,1,49.0,98.0,Medium,0.8,Customer Success Manager,"Churn risk band: High. Drivers: Failed Payments, High Support Burden.",78.4,Low
REC_004,Proactive Billing Intervention — Payment Risk Driver Detected,billing_recovery,CUST-2314d004,SMB,Contact customer directly to confirm payment details and offer alternative payment methods before the subscription lapses.,1,49.0,98.0,Medium,0.8,Customer Success Manager,Churn risk band: High. Drivers: Failed Payments.,78.4,Low
REC_004,Proactive Billing Intervention — Payment Risk Driver Detected,billing_recovery,CUST-4c7dabd4,SMB,Contact customer directly to confirm payment details and offer alternative payment methods before the subscription lapses.,1,49.0,98.0,Medium,0.8,Customer Success Manager,Churn risk band: High. Drivers: Failed Payments.,78.4,Low
REC_004,Proactive Billing Intervention — Payment Risk Driver Detected,billing_recovery,CUST-1ddf2f32,Mid-Market,Contact customer directly to confirm payment details and offer alternative payment methods before the subscription lapses.,1,49.0,98.0,Medium,0.8,Customer Success Manager,"Churn risk band: High. Drivers: Failed Payments, High Support Burden.",78.4,Low
REC_004,Proactive Billing Intervention — Payment Risk Driver Detected,billing_recovery,CUST-b84be5f2,Startup,Contact customer directly to confirm payment details and offer alternative payment methods before the subscription lapses.,1,49.0,98.0,Medium,0.8,Customer Success Manager,"Churn risk band: High. Drivers: Failed Payments, High Support Burden.",78.4,Low
REC_004,Proactive Billing Intervention — Payment Risk Driver Detected,billing_recovery,CUST-f6982a15,SMB,Contact customer directly to confirm payment details and offer alternative payment methods before the subscription lapses.,1,49.0,98.0,Medium,0.8,Customer Success Manager,"Churn risk band: High. Drivers: Failed Payments, High Support Burden.",78.4,Low
REC_004,Proactive Billing Intervention — Payment Risk Driver Detected,billing_recovery,CUST-7cfeaa19,Startup,Contact customer directly to confirm payment details and offer alternative payment methods before the subscription lapses.,1,49.0,98.0,Medium,0.8,Customer Success Manager,Churn risk band: High. Drivers: Failed Payments.,78.4,Low
REC_004,Proactive Billing Intervention — Payment Risk Driver Detected,billing_recovery,CUST-d9f83ad8,SMB,Contact customer directly to confirm payment details and offer alternative payment methods before the subscription lapses.,1,49.0,98.0,Medium,0.8,Customer Success Manager,"Churn risk band: High. Drivers: Failed Payments, High Support Burden.",78.4,Low
REC_004,Proactive Billing Intervention — Payment Risk Driver Detected,billing_recovery,CUST-e197c709,SMB,Contact customer directly to confirm payment details and offer alternative payment methods before the subscription lapses.,1,49.0,98.0,Medium,0.8,Customer Success Manager,Churn risk band: High. Drivers: Failed Payments.,78.4,Low
REC_004,Proactive Billing Intervention — Payment Risk Driver Detected,billing_recovery,CUST-c7330a1c,SMB,Contact customer directly to confirm payment details and offer alternative payment methods before the subscription lapses.,1,49.0,98.0,Medium,0.8,Customer Success Manager,"Churn risk band: High. Drivers: Failed Payments, High Support Burden.",78.4,Low
REC_004,Proactive Billing Intervention — Payment Risk Driver Detected,billing_recovery,CUST-6579b67c,SMB,Contact customer directly to confirm payment details and offer alternative payment methods before the subscription lapses.,1,49.0,98.0,Medium,0.8,Customer Success Manager,Churn risk band: High. Drivers: Failed Payments.,78.4,Low
REC_004,Proactive Billing Intervention — Payment Risk Driver Detected,billing_recovery,CUST-c7a4d0f4,Mid-Market,Contact customer directly to confirm payment details and offer alternative payment methods before the subscription lapses.,1,49.0,98.0,Medium,0.8,Customer Success Manager,Churn risk band: High. Drivers: Failed Payments.,78.4,Low
REC_004,Proactive Billing Intervention — Payment Risk Driver Detected,billing_recovery,CUST-786c3d70,Startup,Contact customer directly to confirm payment details and offer alternative payment methods before the subscription lapses.,1,49.0,98.0,Medium,0.8,Customer Success Manager,Churn risk band: High. Drivers: Failed Payments.,78.4,Low
REC_004,Proactive Billing Intervention — Payment Risk Driver Detected,billing_recovery,CUST-db5c947b,SMB,Contact customer directly to confirm payment details and offer alternative payment methods before the subscription lapses.,1,49.0,98.0,Medium,0.8,Customer Success Manager,Churn risk band: High. Drivers: Failed Payments.,78.4,Low
REC_004,Proactive Billing Intervention — Payment Risk Driver Detected,billing_recovery,CUST-6cbce331,Startup,Contact customer directly to confirm payment details and offer alternative payment methods before the subscription lapses.,1,49.0,98.0,Medium,0.8,Customer Success Manager,"Churn risk band: High. Drivers: Failed Payments, High Support Burden.",78.4,Low
REC_004,Proactive Billing Intervention — Payment Risk Driver Detected,billing_recovery,CUST-b489ed17,Startup,Contact customer directly to confirm payment details and offer alternative payment methods before the subscription lapses.,1,49.0,98.0,Medium,0.8,Customer Success Manager,"Churn risk band: High. Drivers: Failed Payments, High Support Burden.",78.4,Low
REC_004,Proactive Billing Intervention — Payment Risk Driver Detected,billing_recovery,CUST-468c4e95,Enterprise,Contact customer directly to confirm payment details and offer alternative payment methods before the subscription lapses.,1,49.0,98.0,Medium,0.8,Customer Success Manager,Churn risk band: High. Drivers: Failed Payments.,78.4,Low
REC_004,Proactive Billing Intervention — Payment Risk Driver Detected,billing_recovery,CUST-810f75eb,Enterprise,Contact customer directly to confirm payment details and offer alternative payment methods before the subscription lapses.,1,49.0,98.0,Medium,0.8,Customer Success Manager,"Churn risk band: High. Drivers: Failed Payments, High Support Burden.",78.4,Low
REC_004,Proactive Billing Intervention — Payment Risk Driver Detected,billing_recovery,CUST-7b427b78,SMB,Contact customer directly to confirm payment details and offer alternative payment methods before the subscription lapses.,1,49.0,98.0,Medium,0.8,Customer Success Manager,"Churn risk band: High. Drivers: Failed Payments, High Support Burden.",78.4,Low
REC_004,Proactive Billing Intervention — Payment Risk Driver Detected,billing_recovery,CUST-7a1d080a,Startup,Contact customer directly to confirm payment details and offer alternative payment methods before the subscription lapses.,1,49.0,98.0,Medium,0.8,Customer Success Manager,Churn risk band: High. Drivers: Failed Payments.,78.4,Low
REC_004,Proactive Billing Intervention — Payment Risk Driver Detected,billing_recovery,CUST-b5b5a0df,SMB,Contact customer directly to confirm payment details and offer alternative payment methods before the subscription lapses.,1,49.0,98.0,Medium,0.8,Customer Success Manager,"Churn risk band: High. Drivers: Failed Payments, High Support Burden.",78.4,Low
REC_004,Proactive Billing Intervention — Payment Risk Driver Detected,billing_recovery,CUST-60245512,Mid-Market,Contact customer directly to confirm payment details and offer alternative payment methods before the subscription lapses.,1,49.0,98.0,Medium,0.8,Customer Success Manager,"Churn risk band: High. Drivers: Failed Payments, High Support Burden.",78.4,Low
REC_004,Proactive Billing Intervention — Payment Risk Driver Detected,billing_recovery,CUST-ba5717c0,Mid-Market,Contact customer directly to confirm payment details and offer alternative payment methods before the subscription lapses.,1,49.0,98.0,Medium,0.8,Customer Success Manager,Churn risk band: High. Drivers: Failed Payments.,78.4,Low
REC_004,Proactive Billing Intervention — Payment Risk Driver Detected,billing_recovery,CUST-981cbea5,Enterprise,Contact customer directly to confirm payment details and offer alternative payment methods before the subscription lapses.,1,49.0,98.0,Medium,0.8,Customer Success Manager,Churn risk band: High. Drivers: Failed Payments.,78.4,Low
REC_004,Proactive Billing Intervention — Payment Risk Driver Detected,billing_recovery,CUST-2d449763,Startup,Contact customer directly to confirm payment details and offer alternative payment methods before the subscription lapses.,1,49.0,98.0,Medium,0.8,Customer Success Manager,"Churn risk band: High. Drivers: Failed Payments, High Support Burden.",78.4,Low
REC_004,Proactive Billing Intervention — Payment Risk Driver Detected,billing_recovery,CUST-cf86094d,SMB,Contact customer directly to confirm payment details and offer alternative payment methods before the subscription lapses.,1,49.0,98.0,Medium,0.8,Customer Success Manager,Churn risk band: High. Drivers: Failed Payments.,78.4,Low
REC_004,Proactive Billing Intervention — Payment Risk Driver Detected,billing_recovery,CUST-674baad8,Startup,Contact customer directly to confirm payment details and offer alternative payment methods before the subscription lapses.,1,49.0,98.0,Medium,0.8,Customer Success Manager,Churn risk band: High. Drivers: Failed Payments.,78.4,Low
REC_004,Proactive Billing Intervention — Payment Risk Driver Detected,billing_recovery,CUST-2cde1130,Startup,Contact customer directly to confirm payment details and offer alternative payment methods before the subscription lapses.,1,49.0,98.0,Medium,0.8,Customer Success Manager,Churn risk band: High. Drivers: Failed Payments.,78.4,Low
REC_004,Proactive Billing Intervention — Payment Risk Driver Detected,billing_recovery,CUST-24309931,SMB,Contact customer directly to confirm payment details and offer alternative payment methods before the subscription lapses.,1,49.0,98.0,Medium,0.8,Customer Success Manager,Churn risk band: High. Drivers: Failed Payments.,78.4,Low
REC_004,Proactive Billing Intervention — Payment Risk Driver Detected,billing_recovery,CUST-569e29f2,Mid-Market,Contact customer directly to confirm payment details and offer alternative payment methods before the subscription lapses.,1,49.0,98.0,Medium,0.8,Customer Success Manager,"Churn risk band: High. Drivers: Failed Payments, High Support Burden.",78.4,Low
REC_004,Proactive Billing Intervention — Payment Risk Driver Detected,billing_recovery,CUST-8609afdd,Startup,Contact customer directly to confirm payment details and offer alternative payment methods before the subscription lapses.,1,49.0,98.0,Medium,0.8,Customer Success Manager,"Churn risk band: High. Drivers: Failed Payments, High Support Burden.",78.4,Low
REC_004,Proactive Billing Intervention — Payment Risk Driver Detected,billing_recovery,CUST-244b8374,Mid-Market,Contact customer directly to confirm payment details and offer alternative payment methods before the subscription lapses.,1,49.0,98.0,Medium,0.8,Customer Success Manager,Churn risk band: High. Drivers: Failed Payments.,78.4,Low
REC_004,Proactive Billing Intervention — Payment Risk Driver Detected,billing_recovery,CUST-393cbe03,Startup,Contact customer directly to confirm payment details and offer alternative payment methods before the subscription lapses.,1,49.0,98.0,Medium,0.8,Customer Success Manager,Churn risk band: High. Drivers: Failed Payments.,78.4,Low
REC_004,Proactive Billing Intervention — Payment Risk Driver Detected,billing_recovery,CUST-dfd73a14,Startup,Contact customer directly to confirm payment details and offer alternative payment methods before the subscription lapses.,1,49.0,98.0,Medium,0.8,Customer Success Manager,"Churn risk band: High. Drivers: Failed Payments, High Support Burden.",78.4,Low
REC_004,Proactive Billing Intervention — Payment Risk Driver Detected,billing_recovery,CUST-1e21be8a,Startup,Contact customer directly to confirm payment details and offer alternative payment methods before the subscription lapses.,1,49.0,98.0,Medium,0.8,Customer Success Manager,Churn risk band: High. Drivers: Failed Payments.,78.4,Low
REC_004,Proactive Billing Intervention — Payment Risk Driver Detected,billing_recovery,CUST-4aaf22f0,Startup,Contact customer directly to confirm payment details and offer alternative payment methods before the subscription lapses.,1,49.0,98.0,Medium,0.8,Customer Success Manager,"Churn risk band: High. Drivers: Failed Payments, High Support Burden.",78.4,Low
REC_004,Proactive Billing Intervention — Payment Risk Driver Detected,billing_recovery,CUST-85b82ca9,Startup,Contact customer directly to confirm payment details and offer alternative payment methods before the subscription lapses.,1,49.0,98.0,Medium,0.8,Customer Success Manager,"Churn risk band: High. Drivers: Failed Payments, High Support Burden.",78.4,Low
REC_004,Proactive Billing Intervention — Payment Risk Driver Detected,billing_recovery,CUST-ee4e74fb,Enterprise,Contact customer directly to confirm payment details and offer alternative payment methods before the subscription lapses.,1,49.0,98.0,Medium,0.8,Customer Success Manager,Churn risk band: High. Drivers: Failed Payments.,78.4,Low
REC_004,Proactive Billing Intervention — Payment Risk Driver Detected,billing_recovery,CUST-3c06525b,Startup,Contact customer directly to confirm payment details and offer alternative payment methods before the subscription lapses.,1,49.0,98.0,Medium,0.8,Customer Success Manager,Churn risk band: High. Drivers: Failed Payments.,78.4,Low
REC_004,Proactive Billing Intervention — Payment Risk Driver Detected,billing_recovery,CUST-ca9e334c,Startup,Contact customer directly to confirm payment details and offer alternative payment methods before the subscription lapses.,1,49.0,98.0,Medium,0.8,Customer Success Manager,Churn risk band: High. Drivers: Failed Payments.,78.4,Low
REC_004,Proactive Billing Intervention — Payment Risk Driver Detected,billing_recovery,CUST-c08d761e,Startup,Contact customer directly to confirm payment details and offer alternative payment methods before the subscription lapses.,1,49.0,98.0,Medium,0.8,Customer Success Manager,"Churn risk band: High. Drivers: Failed Payments, High Support Burden.",78.4,Low
REC_004,Proactive Billing Intervention — Payment Risk Driver Detected,billing_recovery,CUST-df8d022f,SMB,Contact customer directly to confirm payment details and offer alternative payment methods before the subscription lapses.,1,49.0,98.0,Medium,0.8,Customer Success Manager,Churn risk band: High. Drivers: Failed Payments.,78.4,Low
REC_004,Proactive Billing Intervention — Payment Risk Driver Detected,billing_recovery,CUST-5c99569c,SMB,Contact customer directly to confirm payment details and offer alternative payment methods before the subscription lapses.,1,49.0,98.0,Medium,0.8,Customer Success Manager,"Churn risk band: High. Drivers: Low NPS, Failed Payments.",78.4,Low
REC_004,Proactive Billing Intervention — Payment Risk Driver Detected,billing_recovery,CUST-835f2e63,Startup,Contact customer directly to confirm payment details and offer alternative payment methods before the subscription lapses.,1,49.0,98.0,Medium,0.8,Customer Success Manager,Churn risk band: High. Drivers: Failed Payments.,78.4,Low
REC_004,Proactive Billing Intervention — Payment Risk Driver Detected,billing_recovery,CUST-e2bd0c39,Enterprise,Contact customer directly to confirm payment details and offer alternative payment methods before the subscription lapses.,1,49.0,98.0,Medium,0.8,Customer Success Manager,Churn risk band: High. Drivers: Failed Payments.,78.4,Low
REC_004,Proactive Billing Intervention — Payment Risk Driver Detected,billing_recovery,CUST-6ad5a203,SMB,Contact customer directly to confirm payment details and offer alternative payment methods before the subscription lapses.,1,49.0,98.0,Medium,0.8,Customer Success Manager,"Churn risk band: High. Drivers: Failed Payments, High Support Burden.",78.4,Low
REC_004,Proactive Billing Intervention — Payment Risk Driver Detected,billing_recovery,CUST-d67ba111,SMB,Contact customer directly to confirm payment details and offer alternative payment methods before the subscription lapses.,1,49.0,98.0,Medium,0.8,Customer Success Manager,Churn risk band: High. Drivers: Failed Payments.,78.4,Low
REC_004,Proactive Billing Intervention — Payment Risk Driver Detected,billing_recovery,CUST-a094163e,Startup,Contact customer directly to confirm payment details and offer alternative payment methods before the subscription lapses.,1,49.0,98.0,Medium,0.8,Customer Success Manager,"Churn risk band: High. Drivers: Failed Payments, High Support Burden.",78.4,Low
REC_004,Proactive Billing Intervention — Payment Risk Driver Detected,billing_recovery,CUST-fcfd957d,SMB,Contact customer directly to confirm payment details and offer alternative payment methods before the subscription lapses.,1,49.0,98.0,Medium,0.8,Customer Success Manager,Churn risk band: High. Drivers: Failed Payments.,78.4,Low
REC_004,Proactive Billing Intervention — Payment Risk Driver Detected,billing_recovery,CUST-000e38fd,SMB,Contact customer directly to confirm payment details and offer alternative payment methods before the subscription lapses.,1,49.0,98.0,Medium,0.8,Customer Success Manager,"Churn risk band: High. Drivers: Failed Payments, High Support Burden.",78.4,Low
REC_004,Proactive Billing Intervention — Payment Risk Driver Detected,billing_recovery,CUST-224bfe2e,SMB,Contact customer directly to confirm payment details and offer alternative payment methods before the subscription lapses.,1,49.0,98.0,Medium,0.8,Customer Success Manager,Churn risk band: High. Drivers: Failed Payments.,78.4,Low
REC_004,Proactive Billing Intervention — Payment Risk Driver Detected,billing_recovery,CUST-d0999e5b,Startup,Contact customer directly to confirm payment details and offer alternative payment methods before the subscription lapses.,1,49.0,98.0,Medium,0.8,Customer Success Manager,"Churn risk band: High. Drivers: Low NPS, Failed Payments.",78.4,Low
REC_004,Proactive Billing Intervention — Payment Risk Driver Detected,billing_recovery,CUST-a0012acb,SMB,Contact customer directly to confirm payment details and offer alternative payment methods before the subscription lapses.,1,49.0,98.0,Medium,0.8,Customer Success Manager,Churn risk band: High. Drivers: Failed Payments.,78.4,Low
REC_004,Proactive Billing Intervention — Payment Risk Driver Detected,billing_recovery,CUST-1176e602,SMB,Contact customer directly to confirm payment details and offer alternative payment methods before the subscription lapses.,1,49.0,98.0,Medium,0.8,Customer Success Manager,Churn risk band: High. Drivers: Failed Payments.,78.4,Low
REC_004,Proactive Billing Intervention — Payment Risk Driver Detected,billing_recovery,CUST-d836d253,Mid-Market,Contact customer directly to confirm payment details and offer alternative payment methods before the subscription lapses.,1,49.0,98.0,Medium,0.8,Customer Success Manager,Churn risk band: High. Drivers: Failed Payments.,78.4,Low
REC_004,Proactive Billing Intervention — Payment Risk Driver Detected,billing_recovery,CUST-7944b720,Startup,Contact customer directly to confirm payment details and offer alternative payment methods before the subscription lapses.,1,49.0,98.0,Medium,0.8,Customer Success Manager,"Churn risk band: High. Drivers: Failed Payments, High Support Burden.",78.4,Low
REC_004,Proactive Billing Intervention — Payment Risk Driver Detected,billing_recovery,CUST-ef274601,SMB,Contact customer directly to confirm payment details and offer alternative payment methods before the subscription lapses.,1,49.0,98.0,Medium,0.8,Customer Success Manager,"Churn risk band: High. Drivers: Failed Payments, High Support Burden.",78.4,Low
REC_004,Proactive Billing Intervention — Payment Risk Driver Detected,billing_recovery,CUST-d4c40afb,Startup,Contact customer directly to confirm payment details and offer alternative payment methods before the subscription lapses.,1,49.0,98.0,Medium,0.8,Customer Success Manager,Churn risk band: High. Drivers: Failed Payments.,78.4,Low
REC_004,Proactive Billing Intervention — Payment Risk Driver Detected,billing_recovery,CUST-ac11f9e4,SMB,Contact customer directly to confirm payment details and offer alternative payment methods before the subscription lapses.,1,49.0,98.0,Medium,0.8,Customer Success Manager,Churn risk band: High. Drivers: Failed Payments.,78.4,Low
REC_004,Proactive Billing Intervention — Payment Risk Driver Detected,billing_recovery,CUST-8abeac00,SMB,Contact customer directly to confirm payment details and offer alternative payment methods before the subscription lapses.,1,49.0,98.0,Medium,0.8,Customer Success Manager,"Churn risk band: High. Drivers: Failed Payments, High Support Burden.",78.4,Low
REC_004,Proactive Billing Intervention — Payment Risk Driver Detected,billing_recovery,CUST-b350e82d,SMB,Contact customer directly to confirm payment details and offer alternative payment methods before the subscription lapses.,1,49.0,98.0,Medium,0.8,Customer Success Manager,"Churn risk band: High. Drivers: Failed Payments, High Support Burden.",78.4,Low
REC_004,Proactive Billing Intervention — Payment Risk Driver Detected,billing_recovery,CUST-a1a294f4,Startup,Contact customer directly to confirm payment details and offer alternative payment methods before the subscription lapses.,1,49.0,98.0,Medium,0.8,Customer Success Manager,"Churn risk band: High. Drivers: Failed Payments, High Support Burden.",78.4,Low
REC_004,Proactive Billing Intervention — Payment Risk Driver Detected,billing_recovery,CUST-7bd86f61,Mid-Market,Contact customer directly to confirm payment details and offer alternative payment methods before the subscription lapses.,1,49.0,98.0,Medium,0.8,Customer Success Manager,"Churn risk band: High. Drivers: Failed Payments, High Support Burden.",78.4,Low
REC_004,Proactive Billing Intervention — Payment Risk Driver Detected,billing_recovery,CUST-9dc2ef69,Startup,Contact customer directly to confirm payment details and offer alternative payment methods before the subscription lapses.,1,49.0,98.0,Medium,0.8,Customer Success Manager,"Churn risk band: High. Drivers: Failed Payments, High Support Burden.",78.4,Low
REC_004,Proactive Billing Intervention — Payment Risk Driver Detected,billing_recovery,CUST-be84b8cc,Startup,Contact customer directly to confirm payment details and offer alternative payment methods before the subscription lapses.,1,49.0,98.0,Medium,0.8,Customer Success Manager,Churn risk band: High. Drivers: Failed Payments.,78.4,Low
REC_003,SMB Re-engagement Offer — High Churn Risk,retention,CUST-ca3166ac,SMB,Send personalised in-app re-engagement campaign with 15% discount for 3-month commitment. Follow up with feature tutorial email sequence.,1,49.0,44.1,Medium,0.6,Marketing Automation,Churn risk band: High. Drivers: Failed Payments.,26.46,Low
REC_003,SMB Re-engagement Offer — High Churn Risk,retention,CUST-fb25c84f,SMB,Send personalised in-app re-engagement campaign with 15% discount for 3-month commitment. Follow up with feature tutorial email sequence.,1,49.0,44.1,Medium,0.6,Marketing Automation,Churn risk band: High. Drivers: Failed Payments.,26.46,Low
REC_003,SMB Re-engagement Offer — High Churn Risk,retention,CUST-7ad08069,SMB,Send personalised in-app re-engagement campaign with 15% discount for 3-month commitment. Follow up with feature tutorial email sequence.,1,49.0,44.1,Medium,0.6,Marketing Automation,Churn risk band: High. Drivers: Failed Payments.,26.46,Low
REC_003,SMB Re-engagement Offer — High Churn Risk,retention,CUST-6eeb27f7,SMB,Send personalised in-app re-engagement campaign with 15% discount for 3-month commitment. Follow up with feature tutorial email sequence.,1,49.0,44.1,Medium,0.6,Marketing Automation,"Churn risk band: High. Drivers: Failed Payments, High Support Burden.",26.46,Low
REC_003,SMB Re-engagement Offer — High Churn Risk,retention,CUST-619cebe6,SMB,Send personalised in-app re-engagement campaign with 15% discount for 3-month commitment. Follow up with feature tutorial email sequence.,1,49.0,44.1,Medium,0.6,Marketing Automation,"Churn risk band: High. Drivers: Failed Payments, High Support Burden.",26.46,Low
REC_003,SMB Re-engagement Offer — High Churn Risk,retention,CUST-87c80669,SMB,Send personalised in-app re-engagement campaign with 15% discount for 3-month commitment. Follow up with feature tutorial email sequence.,1,49.0,44.1,Medium,0.6,Marketing Automation,"Churn risk band: High. Drivers: Failed Payments, High Support Burden.",26.46,Low
REC_003,SMB Re-engagement Offer — High Churn Risk,retention,CUST-92874c7a,SMB,Send personalised in-app re-engagement campaign with 15% discount for 3-month commitment. Follow up with feature tutorial email sequence.,1,49.0,44.1,Medium,0.6,Marketing Automation,"Churn risk band: High. Drivers: Failed Payments, High Support Burden.",26.46,Low
REC_003,SMB Re-engagement Offer — High Churn Risk,retention,CUST-eed2b6d4,SMB,Send personalised in-app re-engagement campaign with 15% discount for 3-month commitment. Follow up with feature tutorial email sequence.,1,49.0,44.1,Medium,0.6,Marketing Automation,Churn risk band: High. Drivers: Failed Payments.,26.46,Low
REC_003,SMB Re-engagement Offer — High Churn Risk,retention,CUST-fc4f73f7,SMB,Send personalised in-app re-engagement campaign with 15% discount for 3-month commitment. Follow up with feature tutorial email sequence.,1,49.0,44.1,Medium,0.6,Marketing Automation,"Churn risk band: High. Drivers: Failed Payments, High Support Burden.",26.46,Low
REC_003,SMB Re-engagement Offer — High Churn Risk,retention,CUST-6ec9b0ec,SMB,Send personalised in-app re-engagement campaign with 15% discount for 3-month commitment. Follow up with feature tutorial email sequence.,1,49.0,44.1,Medium,0.6,Marketing Automation,"Churn risk band: High. Drivers: Failed Payments, High Support Burden.",26.46,Low
REC_003,SMB Re-engagement Offer — High Churn Risk,retention,CUST-729bafeb,SMB,Send personalised in-app re-engagement campaign with 15% discount for 3-month commitment. Follow up with feature tutorial email sequence.,1,49.0,44.1,Medium,0.6,Marketing Automation,"Churn risk band: High. Drivers: Failed Payments, High Support Burden.",26.46,Low
REC_003,SMB Re-engagement Offer — High Churn Risk,retention,CUST-673ad9da,SMB,Send personalised in-app re-engagement campaign with 15% discount for 3-month commitment. Follow up with feature tutorial email sequence.,1,49.0,44.1,Medium,0.6,Marketing Automation,"Churn risk band: High. Drivers: Failed Payments, High Support Burden.",26.46,Low
REC_003,SMB Re-engagement Offer — High Churn Risk,retention,CUST-18f2adb1,SMB,Send personalised in-app re-engagement campaign with 15% discount for 3-month commitment. Follow up with feature tutorial email sequence.,1,49.0,44.1,Medium,0.6,Marketing Automation,"Churn risk band: High. Drivers: Failed Payments, High Support Burden.",26.46,Low
REC_003,SMB Re-engagement Offer — High Churn Risk,retention,CUST-c8cbfe7c,SMB,Send personalised in-app re-engagement campaign with 15% discount for 3-month commitment. Follow up with feature tutorial email sequence.,1,49.0,44.1,Medium,0.6,Marketing Automation,"Churn risk band: High. Drivers: Usage Decline, Low Product Engagement.",26.46,Low
REC_003,SMB Re-engagement Offer — High Churn Risk,retention,CUST-1fffe30c,SMB,Send personalised in-app re-engagement campaign with 15% discount for 3-month commitment. Follow up with feature tutorial email sequence.,1,49.0,44.1,Medium,0.6,Marketing Automation,"Churn risk band: High. Drivers: Failed Payments, High Support Burden.",26.46,Low
REC_003,SMB Re-engagement Offer — High Churn Risk,retention,CUST-eb87df10,SMB,Send personalised in-app re-engagement campaign with 15% discount for 3-month commitment. Follow up with feature tutorial email sequence.,1,49.0,44.1,Medium,0.6,Marketing Automation,Churn risk band: High. Drivers: Failed Payments.,26.46,Low
REC_003,SMB Re-engagement Offer — High Churn Risk,retention,CUST-677df86d,SMB,Send personalised in-app re-engagement campaign with 15% discount for 3-month commitment. Follow up with feature tutorial email sequence.,1,49.0,44.1,Medium,0.6,Marketing Automation,Churn risk band: High. Drivers: Failed Payments.,26.46,Low
REC_003,SMB Re-engagement Offer — High Churn Risk,retention,CUST-27644b58,SMB,Send personalised in-app re-engagement campaign with 15% discount for 3-month commitment. Follow up with feature tutorial email sequence.,1,49.0,44.1,Medium,0.6,Marketing Automation,"Churn risk band: High. Drivers: Failed Payments, High Support Burden.",26.46,Low
REC_003,SMB Re-engagement Offer — High Churn Risk,retention,CUST-22b39974,SMB,Send personalised in-app re-engagement campaign with 15% discount for 3-month commitment. Follow up with feature tutorial email sequence.,1,49.0,44.1,Medium,0.6,Marketing Automation,Churn risk band: High. Drivers: Failed Payments.,26.46,Low
REC_003,SMB Re-engagement Offer — High Churn Risk,retention,CUST-e45b4211,SMB,Send personalised in-app re-engagement campaign with 15% discount for 3-month commitment. Follow up with feature tutorial email sequence.,1,49.0,44.1,Medium,0.6,Marketing Automation,"Churn risk band: High. Drivers: Failed Payments, High Support Burden.",26.46,Low
REC_003,SMB Re-engagement Offer — High Churn Risk,retention,CUST-6d3bb44e,SMB,Send personalised in-app re-engagement campaign with 15% discount for 3-month commitment. Follow up with feature tutorial email sequence.,1,49.0,44.1,Medium,0.6,Marketing Automation,Churn risk band: High. Drivers: Failed Payments.,26.46,Low
REC_003,SMB Re-engagement Offer — High Churn Risk,retention,CUST-b895041d,SMB,Send personalised in-app re-engagement campaign with 15% discount for 3-month commitment. Follow up with feature tutorial email sequence.,1,49.0,44.1,Medium,0.6,Marketing Automation,"Churn risk band: High. Drivers: Failed Payments, High Support Burden.",26.46,Low
REC_003,SMB Re-engagement Offer — High Churn Risk,retention,CUST-9a099a07,SMB,Send personalised in-app re-engagement campaign with 15% discount for 3-month commitment. Follow up with feature tutorial email sequence.,1,49.0,44.1,Medium,0.6,Marketing Automation,Churn risk band: High. Drivers: Failed Payments.,26.46,Low
REC_003,SMB Re-engagement Offer — High Churn Risk,retention,CUST-2314d004,SMB,Send personalised in-app re-engagement campaign with 15% discount for 3-month commitment. Follow up with feature tutorial email sequence.,1,49.0,44.1,Medium,0.6,Marketing Automation,Churn risk band: High. Drivers: Failed Payments.,26.46,Low
REC_003,SMB Re-engagement Offer — High Churn Risk,retention,CUST-4c7dabd4,SMB,Send personalised in-app re-engagement campaign with 15% discount for 3-month commitment. Follow up with feature tutorial email sequence.,1,49.0,44.1,Medium,0.6,Marketing Automation,Churn risk band: High. Drivers: Failed Payments.,26.46,Low
REC_003,SMB Re-engagement Offer — High Churn Risk,retention,CUST-f6982a15,SMB,Send personalised in-app re-engagement campaign with 15% discount for 3-month commitment. Follow up with feature tutorial email sequence.,1,49.0,44.1,Medium,0.6,Marketing Automation,"Churn risk band: High. Drivers: Failed Payments, High Support Burden.",26.46,Low
REC_003,SMB Re-engagement Offer — High Churn Risk,retention,CUST-d9f83ad8,SMB,Send personalised in-app re-engagement campaign with 15% discount for 3-month commitment. Follow up with feature tutorial email sequence.,1,49.0,44.1,Medium,0.6,Marketing Automation,"Churn risk band: High. Drivers: Failed Payments, High Support Burden.",26.46,Low
REC_003,SMB Re-engagement Offer — High Churn Risk,retention,CUST-e197c709,SMB,Send personalised in-app re-engagement campaign with 15% discount for 3-month commitment. Follow up with feature tutorial email sequence.,1,49.0,44.1,Medium,0.6,Marketing Automation,Churn risk band: High. Drivers: Failed Payments.,26.46,Low
REC_003,SMB Re-engagement Offer — High Churn Risk,retention,CUST-c7330a1c,SMB,Send personalised in-app re-engagement campaign with 15% discount for 3-month commitment. Follow up with feature tutorial email sequence.,1,49.0,44.1,Medium,0.6,Marketing Automation,"Churn risk band: High. Drivers: Failed Payments, High Support Burden.",26.46,Low
REC_003,SMB Re-engagement Offer — High Churn Risk,retention,CUST-6579b67c,SMB,Send personalised in-app re-engagement campaign with 15% discount for 3-month commitment. Follow up with feature tutorial email sequence.,1,49.0,44.1,Medium,0.6,Marketing Automation,Churn risk band: High. Drivers: Failed Payments.,26.46,Low
REC_003,SMB Re-engagement Offer — High Churn Risk,retention,CUST-db5c947b,SMB,Send personalised in-app re-engagement campaign with 15% discount for 3-month commitment. Follow up with feature tutorial email sequence.,1,49.0,44.1,Medium,0.6,Marketing Automation,Churn risk band: High. Drivers: Failed Payments.,26.46,Low
REC_003,SMB Re-engagement Offer — High Churn Risk,retention,CUST-7b427b78,SMB,Send personalised in-app re-engagement campaign with 15% discount for 3-month commitment. Follow up with feature tutorial email sequence.,1,49.0,44.1,Medium,0.6,Marketing Automation,"Churn risk band: High. Drivers: Failed Payments, High Support Burden.",26.46,Low
REC_003,SMB Re-engagement Offer — High Churn Risk,retention,CUST-b5b5a0df,SMB,Send personalised in-app re-engagement campaign with 15% discount for 3-month commitment. Follow up with feature tutorial email sequence.,1,49.0,44.1,Medium,0.6,Marketing Automation,"Churn risk band: High. Drivers: Failed Payments, High Support Burden.",26.46,Low
REC_003,SMB Re-engagement Offer — High Churn Risk,retention,CUST-cf86094d,SMB,Send personalised in-app re-engagement campaign with 15% discount for 3-month commitment. Follow up with feature tutorial email sequence.,1,49.0,44.1,Medium,0.6,Marketing Automation,Churn risk band: High. Drivers: Failed Payments.,26.46,Low
REC_003,SMB Re-engagement Offer — High Churn Risk,retention,CUST-24309931,SMB,Send personalised in-app re-engagement campaign with 15% discount for 3-month commitment. Follow up with feature tutorial email sequence.,1,49.0,44.1,Medium,0.6,Marketing Automation,Churn risk band: High. Drivers: Failed Payments.,26.46,Low
REC_003,SMB Re-engagement Offer — High Churn Risk,retention,CUST-df8d022f,SMB,Send personalised in-app re-engagement campaign with 15% discount for 3-month commitment. Follow up with feature tutorial email sequence.,1,49.0,44.1,Medium,0.6,Marketing Automation,Churn risk band: High. Drivers: Failed Payments.,26.46,Low
REC_003,SMB Re-engagement Offer — High Churn Risk,retention,CUST-5c99569c,SMB,Send personalised in-app re-engagement campaign with 15% discount for 3-month commitment. Follow up with feature tutorial email sequence.,1,49.0,44.1,Medium,0.6,Marketing Automation,"Churn risk band: High. Drivers: Low NPS, Failed Payments.",26.46,Low
REC_003,SMB Re-engagement Offer — High Churn Risk,retention,CUST-6ad5a203,SMB,Send personalised in-app re-engagement campaign with 15% discount for 3-month commitment. Follow up with feature tutorial email sequence.,1,49.0,44.1,Medium,0.6,Marketing Automation,"Churn risk band: High. Drivers: Failed Payments, High Support Burden.",26.46,Low
REC_003,SMB Re-engagement Offer — High Churn Risk,retention,CUST-d67ba111,SMB,Send personalised in-app re-engagement campaign with 15% discount for 3-month commitment. Follow up with feature tutorial email sequence.,1,49.0,44.1,Medium,0.6,Marketing Automation,Churn risk band: High. Drivers: Failed Payments.,26.46,Low
REC_003,SMB Re-engagement Offer — High Churn Risk,retention,CUST-fcfd957d,SMB,Send personalised in-app re-engagement campaign with 15% discount for 3-month commitment. Follow up with feature tutorial email sequence.,1,49.0,44.1,Medium,0.6,Marketing Automation,Churn risk band: High. Drivers: Failed Payments.,26.46,Low
REC_003,SMB Re-engagement Offer — High Churn Risk,retention,CUST-000e38fd,SMB,Send personalised in-app re-engagement campaign with 15% discount for 3-month commitment. Follow up with feature tutorial email sequence.,1,49.0,44.1,Medium,0.6,Marketing Automation,"Churn risk band: High. Drivers: Failed Payments, High Support Burden.",26.46,Low
REC_003,SMB Re-engagement Offer — High Churn Risk,retention,CUST-224bfe2e,SMB,Send personalised in-app re-engagement campaign with 15% discount for 3-month commitment. Follow up with feature tutorial email sequence.,1,49.0,44.1,Medium,0.6,Marketing Automation,Churn risk band: High. Drivers: Failed Payments.,26.46,Low
REC_003,SMB Re-engagement Offer — High Churn Risk,retention,CUST-a0012acb,SMB,Send personalised in-app re-engagement campaign with 15% discount for 3-month commitment. Follow up with feature tutorial email sequence.,1,49.0,44.1,Medium,0.6,Marketing Automation,Churn risk band: High. Drivers: Failed Payments.,26.46,Low
REC_003,SMB Re-engagement Offer — High Churn Risk,retention,CUST-1176e602,SMB,Send personalised in-app re-engagement campaign with 15% discount for 3-month commitment. Follow up with feature tutorial email sequence.,1,49.0,44.1,Medium,0.6,Marketing Automation,Churn risk band: High. Drivers: Failed Payments.,26.46,Low
REC_003,SMB Re-engagement Offer — High Churn Risk,retention,CUST-ef274601,SMB,Send personalised in-app re-engagement campaign with 15% discount for 3-month commitment. Follow up with feature tutorial email sequence.,1,49.0,44.1,Medium,0.6,Marketing Automation,"Churn risk band: High. Drivers: Failed Payments, High Support Burden.",26.46,Low
REC_003,SMB Re-engagement Offer — High Churn Risk,retention,CUST-ac11f9e4,SMB,Send personalised in-app re-engagement campaign with 15% discount for 3-month commitment. Follow up with feature tutorial email sequence.,1,49.0,44.1,Medium,0.6,Marketing Automation,Churn risk band: High. Drivers: Failed Payments.,26.46,Low
REC_003,SMB Re-engagement Offer — High Churn Risk,retention,CUST-8abeac00,SMB,Send personalised in-app re-engagement campaign with 15% discount for 3-month commitment. Follow up with feature tutorial email sequence.,1,49.0,44.1,Medium,0.6,Marketing Automation,"Churn risk band: High. Drivers: Failed Payments, High Support Burden.",26.46,Low
REC_003,SMB Re-engagement Offer — High Churn Risk,retention,CUST-b350e82d,SMB,Send personalised in-app re-engagement campaign with 15% discount for 3-month commitment. Follow up with feature tutorial email sequence.,1,49.0,44.1,Medium,0.6,Marketing Automation,"Churn risk band: High. Drivers: Failed Payments, High Support Burden.",26.46,Low
REC_004,Proactive Billing Intervention — Payment Risk Driver Detected,billing_recovery,CUST-e40f8c05,SMB,Contact customer directly to confirm payment details and offer alternative payment methods before the subscription lapses.,1,0.0,0.0,Medium,0.8,Customer Success Manager,"Churn risk band: Critical. Drivers: Low NPS, Failed Payments, High Support Burden.",0.0,Low
REC_004,Proactive Billing Intervention — Payment Risk Driver Detected,billing_recovery,CUST-1d9e13a0,Enterprise,Contact customer directly to confirm payment details and offer alternative payment methods before the subscription lapses.,1,0.0,0.0,Medium,0.8,Customer Success Manager,Churn risk band: High. Drivers: Failed Payments.,0.0,Low
REC_003,SMB Re-engagement Offer — High Churn Risk,retention,CUST-40d8b194,SMB,Send personalised in-app re-engagement campaign with 15% discount for 3-month commitment. Follow up with feature tutorial email sequence.,1,0.0,0.0,Medium,0.6,Marketing Automation,"Churn risk band: High. Drivers: Failed Payments, High Support Burden.",0.0,Low
REC_004,Proactive Billing Intervention — Payment Risk Driver Detected,billing_recovery,CUST-40d8b194,SMB,Contact customer directly to confirm payment details and offer alternative payment methods before the subscription lapses.,1,0.0,0.0,Medium,0.8,Customer Success Manager,"Churn risk band: High. Drivers: Failed Payments, High Support Burden.",0.0,Low
REC_004,Proactive Billing Intervention — Payment Risk Driver Detected,billing_recovery,CUST-76c0a247,Enterprise,Contact customer directly to confirm payment details and offer alternative payment methods before the subscription lapses.,1,0.0,0.0,Medium,0.8,Customer Success Manager,"Churn risk band: High. Drivers: Failed Payments, High Support Burden.",0.0,Low
REC_004,Proactive Billing Intervention — Payment Risk Driver Detected,billing_recovery,CUST-0b76f454,Startup,Contact customer directly to confirm payment details and offer alternative payment methods before the subscription lapses.,1,0.0,0.0,Medium,0.8,Customer Success Manager,Churn risk band: High. Drivers: Failed Payments.,0.0,Low
REC_003,SMB Re-engagement Offer — High Churn Risk,retention,CUST-19d125c6,SMB,Send personalised in-app re-engagement campaign with 15% discount for 3-month commitment. Follow up with feature tutorial email sequence.,1,0.0,0.0,Medium,0.6,Marketing Automation,Churn risk band: High. Drivers: Failed Payments.,0.0,Low
REC_004,Proactive Billing Intervention — Payment Risk Driver Detected,billing_recovery,CUST-19d125c6,SMB,Contact customer directly to confirm payment details and offer alternative payment methods before the subscription lapses.,1,0.0,0.0,Medium,0.8,Customer Success Manager,Churn risk band: High. Drivers: Failed Payments.,0.0,Low
REC_003,SMB Re-engagement Offer — High Churn Risk,retention,CUST-801b3772,SMB,Send personalised in-app re-engagement campaign with 15% discount for 3-month commitment. Follow up with feature tutorial email sequence.,1,0.0,0.0,Medium,0.6,Marketing Automation,"Churn risk band: High. Drivers: Low NPS, High Support Burden.",0.0,Low
REC_004,Proactive Billing Intervention — Payment Risk Driver Detected,billing_recovery,CUST-a0295b9f,Startup,Contact customer directly to confirm payment details and offer alternative payment methods before the subscription lapses.,1,0.0,0.0,Medium,0.8,Customer Success Manager,"Churn risk band: High. Drivers: Failed Payments, High Support Burden.",0.0,Low
REC_003,SMB Re-engagement Offer — High Churn Risk,retention,CUST-ccd3e727,SMB,Send personalised in-app re-engagement campaign with 15% discount for 3-month commitment. Follow up with feature tutorial email sequence.,1,0.0,0.0,Medium,0.6,Marketing Automation,"Churn risk band: High. Drivers: Failed Payments, High Support Burden.",0.0,Low
REC_004,Proactive Billing Intervention — Payment Risk Driver Detected,billing_recovery,CUST-ccd3e727,SMB,Contact customer directly to confirm payment details and offer alternative payment methods before the subscription lapses.,1,0.0,0.0,Medium,0.8,Customer Success Manager,"Churn risk band: High. Drivers: Failed Payments, High Support Burden.",0.0,Low
REC_003,SMB Re-engagement Offer — High Churn Risk,retention,CUST-1d7c731c,SMB,Send personalised in-app re-engagement campaign with 15% discount for 3-month commitment. Follow up with feature tutorial email sequence.,1,0.0,0.0,Medium,0.6,Marketing Automation,"Churn risk band: High. Drivers: Failed Payments, High Support Burden.",0.0,Low
REC_004,Proactive Billing Intervention — Payment Risk Driver Detected,billing_recovery,CUST-1d7c731c,SMB,Contact customer directly to confirm payment details and offer alternative payment methods before the subscription lapses.,1,0.0,0.0,Medium,0.8,Customer Success Manager,"Churn risk band: High. Drivers: Failed Payments, High Support Burden.",0.0,Low
REC_004,Proactive Billing Intervention — Payment Risk Driver Detected,billing_recovery,CUST-3500572a,Enterprise,Contact customer directly to confirm payment details and offer alternative payment methods before the subscription lapses.,1,0.0,0.0,Medium,0.8,Customer Success Manager,Churn risk band: High. Drivers: Failed Payments.,0.0,Low
REC_003,SMB Re-engagement Offer — High Churn Risk,retention,CUST-2ec354c1,SMB,Send personalised in-app re-engagement campaign with 15% discount for 3-month commitment. Follow up with feature tutorial email sequence.,1,0.0,0.0,Medium,0.6,Marketing Automation,Churn risk band: High. Drivers: Failed Payments.,0.0,Low
REC_004,Proactive Billing Intervention — Payment Risk Driver Detected,billing_recovery,CUST-2ec354c1,SMB,Contact customer directly to confirm payment details and offer alternative payment methods before the subscription lapses.,1,0.0,0.0,Medium,0.8,Customer Success Manager,Churn risk band: High. Drivers: Failed Payments.,0.0,Low
REC_001,Executive Retention Outreach — Critical Enterprise Account,retention,CUST-122a8e06,Enterprise,Schedule executive business review within 5 business days. Offer dedicated success resources and a customised roadmap review.,1,0.0,0.0,High,0.85,Account Executive,"Churn risk band: Critical. Drivers: Low NPS, Failed Payments, High Support Burden.",0.0,Low
REC_004,Proactive Billing Intervention — Payment Risk Driver Detected,billing_recovery,CUST-122a8e06,Enterprise,Contact customer directly to confirm payment details and offer alternative payment methods before the subscription lapses.,1,0.0,0.0,Medium,0.8,Customer Success Manager,"Churn risk band: Critical. Drivers: Low NPS, Failed Payments, High Support Burden.",0.0,Low
REC_004,Proactive Billing Intervention — Payment Risk Driver Detected,billing_recovery,CUST-6b5f3f75,Startup,Contact customer directly to confirm payment details and offer alternative payment methods before the subscription lapses.,1,0.0,0.0,Medium,0.8,Customer Success Manager,Churn risk band: High. Drivers: Failed Payments.,0.0,Low
REC_004,Proactive Billing Intervention — Payment Risk Driver Detected,billing_recovery,CUST-83722fe9,Mid-Market,Contact customer directly to confirm payment details and offer alternative payment methods before the subscription lapses.,1,0.0,0.0,Medium,0.8,Customer Success Manager,Churn risk band: High. Drivers: Failed Payments.,0.0,Low
REC_003,SMB Re-engagement Offer — High Churn Risk,retention,CUST-eb4dc21d,SMB,Send personalised in-app re-engagement campaign with 15% discount for 3-month commitment. Follow up with feature tutorial email sequence.,1,0.0,0.0,Medium,0.6,Marketing Automation,"Churn risk band: High. Drivers: Failed Payments, High Support Burden.",0.0,Low
REC_004,Proactive Billing Intervention — Payment Risk Driver Detected,billing_recovery,CUST-eb4dc21d,SMB,Contact customer directly to confirm payment details and offer alternative payment methods before the subscription lapses.,1,0.0,0.0,Medium,0.8,Customer Success Manager,"Churn risk band: High. Drivers: Failed Payments, High Support Burden.",0.0,Low
REC_003,SMB Re-engagement Offer — High Churn Risk,retention,CUST-0e040031,SMB,Send personalised in-app re-engagement campaign with 15% discount for 3-month commitment. Follow up with feature tutorial email sequence.,1,0.0,0.0,Medium,0.6,Marketing Automation,Churn risk band: High. Drivers: Failed Payments.,0.0,Low
REC_004,Proactive Billing Intervention — Payment Risk Driver Detected,billing_recovery,CUST-0e040031,SMB,Contact customer directly to confirm payment details and offer alternative payment methods before the subscription lapses.,1,0.0,0.0,Medium,0.8,Customer Success Manager,Churn risk band: High. Drivers: Failed Payments.,0.0,Low
REC_004,Proactive Billing Intervention — Payment Risk Driver Detected,billing_recovery,CUST-c6205156,Startup,Contact customer directly to confirm payment details and offer alternative payment methods before the subscription lapses.,1,0.0,0.0,Medium,0.8,Customer Success Manager,Churn risk band: High. Drivers: Failed Payments.,0.0,Low
REC_003,SMB Re-engagement Offer — High Churn Risk,retention,CUST-f3bdc01c,SMB,Send personalised in-app re-engagement campaign with 15% discount for 3-month commitment. Follow up with feature tutorial email sequence.,1,0.0,0.0,Medium,0.6,Marketing Automation,"Churn risk band: High. Drivers: Low NPS, Failed Payments.",0.0,Low
REC_004,Proactive Billing Intervention — Payment Risk Driver Detected,billing_recovery,CUST-f3bdc01c,SMB,Contact customer directly to confirm payment details and offer alternative payment methods before the subscription lapses.,1,0.0,0.0,Medium,0.8,Customer Success Manager,"Churn risk band: High. Drivers: Low NPS, Failed Payments.",0.0,Low
