leakage_type,customer_id,estimated_revenue_loss,estimated_loss,affected_customers,recommended_action,evidence
Failed Payment,CUST-002c5a55,1996.0,1996.0,1,"Trigger automated dunning sequence: retry payment, then request updated payment method.","4 failed transaction(s) totalling $1,996.00."
Failed Payment,CUST-0039353d,199.0,199.0,1,"Trigger automated dunning sequence: retry payment, then request updated payment method.",1 failed transaction(s) totalling $199.00.
Failed Payment,CUST-0063bc5d,1999.0,1999.0,1,"Trigger automated dunning sequence: retry payment, then request updated payment method.","1 failed transaction(s) totalling $1,999.00."
Failed Payment,CUST-006f8d23,199.0,199.0,1,"Trigger automated dunning sequence: retry payment, then request updated payment method.",1 failed transaction(s) totalling $199.00.
Failed Payment,CUST-01606f27,49.0,49.0,1,"Trigger automated dunning sequence: retry payment, then request updated payment method.",1 failed transaction(s) totalling $49.00.
Failed Payment,CUST-021c6b4e,1999.0,1999.0,1,"Trigger automated dunning sequence: retry payment, then request updated payment method.","1 failed transaction(s) totalling $1,999.00."
Failed Payment,CUST-03036de5,49.0,49.0,1,"Trigger automated dunning sequence: retry payment, then request updated payment method.",1 failed transaction(s) totalling $49.00.
Failed Payment,CUST-031ae2a1,398.0,398.0,1,"Trigger automated dunning sequence: retry payment, then request updated payment method.",2 failed transaction(s) totalling $398.00.
Failed Payment,CUST-036f64f2,147.0,147.0,1,"Trigger automated dunning sequence: retry payment, then request updated payment method.",3 failed transaction(s) totalling $147.00.
Failed Payment,CUST-04380d57,49.0,49.0,1,"Trigger automated dunning sequence: retry payment, then request updated payment method.",1 failed transaction(s) totalling $49.00.
Failed Payment,CUST-04c27452,199.0,199.0,1,"Trigger automated dunning sequence: retry payment, then request updated payment method.",1 failed transaction(s) totalling $199.00.
Failed Payment,CUST-053d4674,49.0,49.0,1,"Trigger automated dunning sequence: retry payment, then request updated payment method.",1 failed transaction(s) totalling $49.00.
Failed Payment,CUST-05869f56,98.0,98.0,1,"Trigger automated dunning sequence: retry payment, then request updated payment method.",2 failed transaction(s) totalling $98.00.
Failed Payment,CUST-05d2aa92,499.0,499.0,1,"Trigger automated dunning sequence: retry payment, then request updated payment method.",1 failed transaction(s) totalling $499.00.
Failed Payment,CUST-065ea90c,1999.0,1999.0,1,"Trigger automated dunning sequence: retry payment, then request updated payment method.","1 failed transaction(s) totalling $1,999.00."
Failed Payment,CUST-0735c152,499.0,499.0,1,"Trigger automated dunning sequence: retry payment, then request updated payment method.",1 failed transaction(s) totalling $499.00.
Failed Payment,CUST-085a7924,199.0,199.0,1,"Trigger automated dunning sequence: retry payment, then request updated payment method.",1 failed transaction(s) totalling $199.00.
Failed Payment,CUST-09615c72,199.0,199.0,1,"Trigger automated dunning sequence: retry payment, then request updated payment method.",1 failed transaction(s) totalling $199.00.
Failed Payment,CUST-09887606,49.0,49.0,1,"Trigger automated dunning sequence: retry payment, then request updated payment method.",1 failed transaction(s) totalling $49.00.
Failed Payment,CUST-09fc0fb3,49.0,49.0,1,"Trigger automated dunning sequence: retry payment, then request updated payment method.",1 failed transaction(s) totalling $49.00.
Failed Payment,CUST-0b95d393,49.0,49.0,1,"Trigger automated dunning sequence: retry payment, then request updated payment method.",1 failed transaction(s) totalling $49.00.
Failed Payment,CUST-0c2d91ad,199.0,199.0,1,"Trigger automated dunning sequence: retry payment, then request updated payment method.",1 failed transaction(s) totalling $199.00.
Failed Payment,CUST-0d0c0eaa,49.0,49.0,1,"Trigger automated dunning sequence: retry payment, then request updated payment method.",1 failed transaction(s) totalling $49.00.
Failed Payment,CUST-0d53101c,499.0,499.0,1,"Trigger automated dunning sequence: retry payment, then request updated payment method.",1 failed transaction(s) totalling $499.00.
Failed Payment,CUST-0f8dafb1,199.0,199.0,1,"Trigger automated dunning sequence: retry payment, then request updated payment method.",1 failed transaction(s) totalling $199.00.
Failed Payment,CUST-101127c9,98.0,98.0,1,"Trigger automated dunning sequence: retry payment, then request updated payment method.",2 failed transaction(s) totalling $98.00.
Failed Payment,CUST-1065c818,196.0,196.0,1,"Trigger automated dunning sequence: retry payment, then request updated payment method.",4 failed transaction(s) totalling $196.00.
Failed Payment,CUST-107242d5,499.0,499.0,1,"Trigger automated dunning sequence: retry payment, then request updated payment method.",1 failed transaction(s) totalling $499.00.
Failed Payment,CUST-10b2c1a1,499.0,499.0,1,"Trigger automated dunning sequence: retry payment, then request updated payment method.",1 failed transaction(s) totalling $499.00.
Failed Payment,CUST-10b817a1,49.0,49.0,1,"Trigger automated dunning sequence: retry payment, then request updated payment method.",1 failed transaction(s) totalling $49.00.
Failed Payment,CUST-120eb793,499.0,499.0,1,"Trigger automated dunning sequence: retry payment, then request updated payment method.",1 failed transaction(s) totalling $499.00.
Failed Payment,CUST-12536090,499.0,499.0,1,"Trigger automated dunning sequence: retry payment, then request updated payment method.",1 failed transaction(s) totalling $499.00.
Failed Payment,CUST-127420f7,199.0,199.0,1,"Trigger automated dunning sequence: retry payment, then request updated payment method.",1 failed transaction(s) totalling $199.00.
Failed Payment,CUST-1397da96,49.0,49.0,1,"Trigger automated dunning sequence: retry payment, then request updated payment method.",1 failed transaction(s) totalling $49.00.
Failed Payment,CUST-147bce1b,499.0,499.0,1,"Trigger automated dunning sequence: retry payment, then request updated payment method.",1 failed transaction(s) totalling $499.00.
Failed Payment,CUST-157aacdf,49.0,49.0,1,"Trigger automated dunning sequence: retry payment, then request updated payment method.",1 failed transaction(s) totalling $49.00.
Failed Payment,CUST-15a1b230,1999.0,1999.0,1,"Trigger automated dunning sequence: retry payment, then request updated payment method.","1 failed transaction(s) totalling $1,999.00."
Failed Payment,CUST-15a94920,98.0,98.0,1,"Trigger automated dunning sequence: retry payment, then request updated payment method.",2 failed transaction(s) totalling $98.00.
Failed Payment,CUST-1608192e,98.0,98.0,1,"Trigger automated dunning sequence: retry payment, then request updated payment method.",2 failed transaction(s) totalling $98.00.
Failed Payment,CUST-17269a71,597.0,597.0,1,"Trigger automated dunning sequence: retry payment, then request updated payment method.",3 failed transaction(s) totalling $597.00.
Failed Payment,CUST-1765ce50,98.0,98.0,1,"Trigger automated dunning sequence: retry payment, then request updated payment method.",2 failed transaction(s) totalling $98.00.
Failed Payment,CUST-1790fd5c,49.0,49.0,1,"Trigger automated dunning sequence: retry payment, then request updated payment method.",1 failed transaction(s) totalling $49.00.
Failed Payment,CUST-17918c1c,49.0,49.0,1,"Trigger automated dunning sequence: retry payment, then request updated payment method.",1 failed transaction(s) totalling $49.00.
Failed Payment,CUST-17cb34c0,199.0,199.0,1,"Trigger automated dunning sequence: retry payment, then request updated payment method.",1 failed transaction(s) totalling $199.00.
Failed Payment,CUST-1800dd8d,49.0,49.0,1,"Trigger automated dunning sequence: retry payment, then request updated payment method.",1 failed transaction(s) totalling $49.00.
Failed Payment,CUST-1893b60b,398.0,398.0,1,"Trigger automated dunning sequence: retry payment, then request updated payment method.",2 failed transaction(s) totalling $398.00.
Failed Payment,CUST-199c2696,597.0,597.0,1,"Trigger automated dunning sequence: retry payment, then request updated payment method.",3 failed transaction(s) totalling $597.00.
Failed Payment,CUST-1ac141c4,3998.0,3998.0,1,"Trigger automated dunning sequence: retry payment, then request updated payment method.","2 failed transaction(s) totalling $3,998.00."
Failed Payment,CUST-1be1bcb9,1999.0,1999.0,1,"Trigger automated dunning sequence: retry payment, then request updated payment method.","1 failed transaction(s) totalling $1,999.00."
Failed Payment,CUST-1c8c040e,98.0,98.0,1,"Trigger automated dunning sequence: retry payment, then request updated payment method.",2 failed transaction(s) totalling $98.00.
Failed Payment,CUST-1cbf3102,1996.0,1996.0,1,"Trigger automated dunning sequence: retry payment, then request updated payment method.","4 failed transaction(s) totalling $1,996.00."
Failed Payment,CUST-1d8f9187,199.0,199.0,1,"Trigger automated dunning sequence: retry payment, then request updated payment method.",1 failed transaction(s) totalling $199.00.
Failed Payment,CUST-1da61406,147.0,147.0,1,"Trigger automated dunning sequence: retry payment, then request updated payment method.",3 failed transaction(s) totalling $147.00.
Failed Payment,CUST-1dba7631,199.0,199.0,1,"Trigger automated dunning sequence: retry payment, then request updated payment method.",1 failed transaction(s) totalling $199.00.
Failed Payment,CUST-1dfc7f66,49.0,49.0,1,"Trigger automated dunning sequence: retry payment, then request updated payment method.",1 failed transaction(s) totalling $49.00.
Failed Payment,CUST-200cfc5b,49.0,49.0,1,"Trigger automated dunning sequence: retry payment, then request updated payment method.",1 failed transaction(s) totalling $49.00.
Failed Payment,CUST-20b2676e,499.0,499.0,1,"Trigger automated dunning sequence: retry payment, then request updated payment method.",1 failed transaction(s) totalling $499.00.
Failed Payment,CUST-2131a0cf,199.0,199.0,1,"Trigger automated dunning sequence: retry payment, then request updated payment method.",1 failed transaction(s) totalling $199.00.
Failed Payment,CUST-221d09b1,49.0,49.0,1,"Trigger automated dunning sequence: retry payment, then request updated payment method.",1 failed transaction(s) totalling $49.00.
Failed Payment,CUST-232711c2,98.0,98.0,1,"Trigger automated dunning sequence: retry payment, then request updated payment method.",2 failed transaction(s) totalling $98.00.
Failed Payment,CUST-23f47afb,499.0,499.0,1,"Trigger automated dunning sequence: retry payment, then request updated payment method.",1 failed transaction(s) totalling $499.00.
Failed Payment,CUST-2411f308,49.0,49.0,1,"Trigger automated dunning sequence: retry payment, then request updated payment method.",1 failed transaction(s) totalling $49.00.
Failed Payment,CUST-24820ce9,49.0,49.0,1,"Trigger automated dunning sequence: retry payment, then request updated payment method.",1 failed transaction(s) totalling $49.00.
Failed Payment,CUST-24e4a87d,499.0,499.0,1,"Trigger automated dunning sequence: retry payment, then request updated payment method.",1 failed transaction(s) totalling $499.00.
Failed Payment,CUST-256d010d,499.0,499.0,1,"Trigger automated dunning sequence: retry payment, then request updated payment method.",1 failed transaction(s) totalling $499.00.
Failed Payment,CUST-259df05d,49.0,49.0,1,"Trigger automated dunning sequence: retry payment, then request updated payment method.",1 failed transaction(s) totalling $49.00.
Failed Payment,CUST-25b5662e,49.0,49.0,1,"Trigger automated dunning sequence: retry payment, then request updated payment method.",1 failed transaction(s) totalling $49.00.
Failed Payment,CUST-262d7527,1999.0,1999.0,1,"Trigger automated dunning sequence: retry payment, then request updated payment method.","1 failed transaction(s) totalling $1,999.00."
Failed Payment,CUST-286b0f2c,398.0,398.0,1,"Trigger automated dunning sequence: retry payment, then request updated payment method.",2 failed transaction(s) totalling $398.00.
Failed Payment,CUST-2872acb4,998.0,998.0,1,"Trigger automated dunning sequence: retry payment, then request updated payment method.",2 failed transaction(s) totalling $998.00.
Failed Payment,CUST-2a2fb5d9,199.0,199.0,1,"Trigger automated dunning sequence: retry payment, then request updated payment method.",1 failed transaction(s) totalling $199.00.
Failed Payment,CUST-2adaf15e,995.0,995.0,1,"Trigger automated dunning sequence: retry payment, then request updated payment method.",5 failed transaction(s) totalling $995.00.
Failed Payment,CUST-2b2bfdba,398.0,398.0,1,"Trigger automated dunning sequence: retry payment, then request updated payment method.",2 failed transaction(s) totalling $398.00.
Failed Payment,CUST-2b62d18f,49.0,49.0,1,"Trigger automated dunning sequence: retry payment, then request updated payment method.",1 failed transaction(s) totalling $49.00.
Failed Payment,CUST-2d44be8d,199.0,199.0,1,"Trigger automated dunning sequence: retry payment, then request updated payment method.",1 failed transaction(s) totalling $199.00.
Failed Payment,CUST-2d544a89,199.0,199.0,1,"Trigger automated dunning sequence: retry payment, then request updated payment method.",1 failed transaction(s) totalling $199.00.
Failed Payment,CUST-2d55f928,1999.0,1999.0,1,"Trigger automated dunning sequence: retry payment, then request updated payment method.","1 failed transaction(s) totalling $1,999.00."
Failed Payment,CUST-2e119609,49.0,49.0,1,"Trigger automated dunning sequence: retry payment, then request updated payment method.",1 failed transaction(s) totalling $49.00.
Failed Payment,CUST-2e5375d1,199.0,199.0,1,"Trigger automated dunning sequence: retry payment, then request updated payment method.",1 failed transaction(s) totalling $199.00.
Failed Payment,CUST-2ef9a499,1999.0,1999.0,1,"Trigger automated dunning sequence: retry payment, then request updated payment method.","1 failed transaction(s) totalling $1,999.00."
Failed Payment,CUST-2f3eb2eb,49.0,49.0,1,"Trigger automated dunning sequence: retry payment, then request updated payment method.",1 failed transaction(s) totalling $49.00.
Failed Payment,CUST-2fa31bc6,398.0,398.0,1,"Trigger automated dunning sequence: retry payment, then request updated payment method.",2 failed transaction(s) totalling $398.00.
Failed Payment,CUST-2ff11590,1497.0,1497.0,1,"Trigger automated dunning sequence: retry payment, then request updated payment method.","3 failed transaction(s) totalling $1,497.00."
Failed Payment,CUST-30fd8ae7,49.0,49.0,1,"Trigger automated dunning sequence: retry payment, then request updated payment method.",1 failed transaction(s) totalling $49.00.
Failed Payment,CUST-312938fd,199.0,199.0,1,"Trigger automated dunning sequence: retry payment, then request updated payment method.",1 failed transaction(s) totalling $199.00.
Failed Payment,CUST-315ad390,49.0,49.0,1,"Trigger automated dunning sequence: retry payment, then request updated payment method.",1 failed transaction(s) totalling $49.00.
Failed Payment,CUST-323b2f3d,398.0,398.0,1,"Trigger automated dunning sequence: retry payment, then request updated payment method.",2 failed transaction(s) totalling $398.00.
Failed Payment,CUST-357b7960,49.0,49.0,1,"Trigger automated dunning sequence: retry payment, then request updated payment method.",1 failed transaction(s) totalling $49.00.
Failed Payment,CUST-35bc9068,998.0,998.0,1,"Trigger automated dunning sequence: retry payment, then request updated payment method.",2 failed transaction(s) totalling $998.00.
Failed Payment,CUST-35d006d6,499.0,499.0,1,"Trigger automated dunning sequence: retry payment, then request updated payment method.",1 failed transaction(s) totalling $499.00.
Failed Payment,CUST-372b3f0a,3998.0,3998.0,1,"Trigger automated dunning sequence: retry payment, then request updated payment method.","2 failed transaction(s) totalling $3,998.00."
Failed Payment,CUST-3895484d,98.0,98.0,1,"Trigger automated dunning sequence: retry payment, then request updated payment method.",2 failed transaction(s) totalling $98.00.
Failed Payment,CUST-3ab79b3f,499.0,499.0,1,"Trigger automated dunning sequence: retry payment, then request updated payment method.",1 failed transaction(s) totalling $499.00.
Failed Payment,CUST-3b20d8b3,998.0,998.0,1,"Trigger automated dunning sequence: retry payment, then request updated payment method.",2 failed transaction(s) totalling $998.00.
Failed Payment,CUST-3c6e03c7,98.0,98.0,1,"Trigger automated dunning sequence: retry payment, then request updated payment method.",2 failed transaction(s) totalling $98.00.
Failed Payment,CUST-3caa962d,499.0,499.0,1,"Trigger automated dunning sequence: retry payment, then request updated payment method.",1 failed transaction(s) totalling $499.00.
Failed Payment,CUST-3cf4e609,49.0,49.0,1,"Trigger automated dunning sequence: retry payment, then request updated payment method.",1 failed transaction(s) totalling $49.00.
Failed Payment,CUST-3e2fae54,49.0,49.0,1,"Trigger automated dunning sequence: retry payment, then request updated payment method.",1 failed transaction(s) totalling $49.00.
Failed Payment,CUST-3f158293,199.0,199.0,1,"Trigger automated dunning sequence: retry payment, then request updated payment method.",1 failed transaction(s) totalling $199.00.
Failed Payment,CUST-3f3c783a,49.0,49.0,1,"Trigger automated dunning sequence: retry payment, then request updated payment method.",1 failed transaction(s) totalling $49.00.
Failed Payment,CUST-40ad112c,1999.0,1999.0,1,"Trigger automated dunning sequence: retry payment, then request updated payment method.","1 failed transaction(s) totalling $1,999.00."
Failed Payment,CUST-414c7cec,49.0,49.0,1,"Trigger automated dunning sequence: retry payment, then request updated payment method.",1 failed transaction(s) totalling $49.00.
Failed Payment,CUST-426b75e1,49.0,49.0,1,"Trigger automated dunning sequence: retry payment, then request updated payment method.",1 failed transaction(s) totalling $49.00.
Failed Payment,CUST-434e0a68,49.0,49.0,1,"Trigger automated dunning sequence: retry payment, then request updated payment method.",1 failed transaction(s) totalling $49.00.
Failed Payment,CUST-445ef13a,499.0,499.0,1,"Trigger automated dunning sequence: retry payment, then request updated payment method.",1 failed transaction(s) totalling $499.00.
Failed Payment,CUST-44eb7a07,98.0,98.0,1,"Trigger automated dunning sequence: retry payment, then request updated payment method.",2 failed transaction(s) totalling $98.00.
Failed Payment,CUST-46b1c45c,147.0,147.0,1,"Trigger automated dunning sequence: retry payment, then request updated payment method.",3 failed transaction(s) totalling $147.00.
Failed Payment,CUST-47a35dc2,499.0,499.0,1,"Trigger automated dunning sequence: retry payment, then request updated payment method.",1 failed transaction(s) totalling $499.00.
Failed Payment,CUST-49f8906f,98.0,98.0,1,"Trigger automated dunning sequence: retry payment, then request updated payment method.",2 failed transaction(s) totalling $98.00.
Failed Payment,CUST-4ad5cbbd,199.0,199.0,1,"Trigger automated dunning sequence: retry payment, then request updated payment method.",1 failed transaction(s) totalling $199.00.
Failed Payment,CUST-4c613a85,49.0,49.0,1,"Trigger automated dunning sequence: retry payment, then request updated payment method.",1 failed transaction(s) totalling $49.00.
Failed Payment,CUST-4c846cd0,147.0,147.0,1,"Trigger automated dunning sequence: retry payment, then request updated payment method.",3 failed transaction(s) totalling $147.00.
Failed Payment,CUST-4cf37234,499.0,499.0,1,"Trigger automated dunning sequence: retry payment, then request updated payment method.",1 failed transaction(s) totalling $499.00.
Failed Payment,CUST-4e910dc2,199.0,199.0,1,"Trigger automated dunning sequence: retry payment, then request updated payment method.",1 failed transaction(s) totalling $199.00.
Failed Payment,CUST-4f0a5c3e,147.0,147.0,1,"Trigger automated dunning sequence: retry payment, then request updated payment method.",3 failed transaction(s) totalling $147.00.
Failed Payment,CUST-4f2289a0,199.0,199.0,1,"Trigger automated dunning sequence: retry payment, then request updated payment method.",1 failed transaction(s) totalling $199.00.
Failed Payment,CUST-4f63ae8b,49.0,49.0,1,"Trigger automated dunning sequence: retry payment, then request updated payment method.",1 failed transaction(s) totalling $49.00.
Failed Payment,CUST-4f9ad847,398.0,398.0,1,"Trigger automated dunning sequence: retry payment, then request updated payment method.",2 failed transaction(s) totalling $398.00.
Failed Payment,CUST-5116ee5c,98.0,98.0,1,"Trigger automated dunning sequence: retry payment, then request updated payment method.",2 failed transaction(s) totalling $98.00.
Failed Payment,CUST-5156ec81,199.0,199.0,1,"Trigger automated dunning sequence: retry payment, then request updated payment method.",1 failed transaction(s) totalling $199.00.
Failed Payment,CUST-51bd91fa,49.0,49.0,1,"Trigger automated dunning sequence: retry payment, then request updated payment method.",1 failed transaction(s) totalling $49.00.
Failed Payment,CUST-53072c9e,49.0,49.0,1,"Trigger automated dunning sequence: retry payment, then request updated payment method.",1 failed transaction(s) totalling $49.00.
Failed Payment,CUST-5370bd52,199.0,199.0,1,"Trigger automated dunning sequence: retry payment, then request updated payment method.",1 failed transaction(s) totalling $199.00.
Failed Payment,CUST-53d76630,49.0,49.0,1,"Trigger automated dunning sequence: retry payment, then request updated payment method.",1 failed transaction(s) totalling $49.00.
Failed Payment,CUST-549aeba3,49.0,49.0,1,"Trigger automated dunning sequence: retry payment, then request updated payment method.",1 failed transaction(s) totalling $49.00.
Failed Payment,CUST-5545121f,49.0,49.0,1,"Trigger automated dunning sequence: retry payment, then request updated payment method.",1 failed transaction(s) totalling $49.00.
Failed Payment,CUST-557b6976,199.0,199.0,1,"Trigger automated dunning sequence: retry payment, then request updated payment method.",1 failed transaction(s) totalling $199.00.
Failed Payment,CUST-5731e3de,49.0,49.0,1,"Trigger automated dunning sequence: retry payment, then request updated payment method.",1 failed transaction(s) totalling $49.00.
Failed Payment,CUST-58d7121b,199.0,199.0,1,"Trigger automated dunning sequence: retry payment, then request updated payment method.",1 failed transaction(s) totalling $199.00.
Failed Payment,CUST-58f73370,98.0,98.0,1,"Trigger automated dunning sequence: retry payment, then request updated payment method.",2 failed transaction(s) totalling $98.00.
Failed Payment,CUST-593f6c8d,199.0,199.0,1,"Trigger automated dunning sequence: retry payment, then request updated payment method.",1 failed transaction(s) totalling $199.00.
Failed Payment,CUST-59ba713d,398.0,398.0,1,"Trigger automated dunning sequence: retry payment, then request updated payment method.",2 failed transaction(s) totalling $398.00.
Failed Payment,CUST-5a2cdd40,98.0,98.0,1,"Trigger automated dunning sequence: retry payment, then request updated payment method.",2 failed transaction(s) totalling $98.00.
Failed Payment,CUST-5b12676e,398.0,398.0,1,"Trigger automated dunning sequence: retry payment, then request updated payment method.",2 failed transaction(s) totalling $398.00.
Failed Payment,CUST-5b90e60a,98.0,98.0,1,"Trigger automated dunning sequence: retry payment, then request updated payment method.",2 failed transaction(s) totalling $98.00.
Failed Payment,CUST-5bdd2e56,49.0,49.0,1,"Trigger automated dunning sequence: retry payment, then request updated payment method.",1 failed transaction(s) totalling $49.00.
Failed Payment,CUST-5c3501c1,49.0,49.0,1,"Trigger automated dunning sequence: retry payment, then request updated payment method.",1 failed transaction(s) totalling $49.00.
Failed Payment,CUST-5cbaa8ac,49.0,49.0,1,"Trigger automated dunning sequence: retry payment, then request updated payment method.",1 failed transaction(s) totalling $49.00.
Failed Payment,CUST-5d3253df,1999.0,1999.0,1,"Trigger automated dunning sequence: retry payment, then request updated payment method.","1 failed transaction(s) totalling $1,999.00."
Failed Payment,CUST-5d71d28c,49.0,49.0,1,"Trigger automated dunning sequence: retry payment, then request updated payment method.",1 failed transaction(s) totalling $49.00.
Failed Payment,CUST-5d9ccf03,1999.0,1999.0,1,"Trigger automated dunning sequence: retry payment, then request updated payment method.","1 failed transaction(s) totalling $1,999.00."
Failed Payment,CUST-5e627f58,499.0,499.0,1,"Trigger automated dunning sequence: retry payment, then request updated payment method.",1 failed transaction(s) totalling $499.00.
Failed Payment,CUST-60b2a797,499.0,499.0,1,"Trigger automated dunning sequence: retry payment, then request updated payment method.",1 failed transaction(s) totalling $499.00.
Failed Payment,CUST-61dcbe72,49.0,49.0,1,"Trigger automated dunning sequence: retry payment, then request updated payment method.",1 failed transaction(s) totalling $49.00.
Failed Payment,CUST-622fcdda,199.0,199.0,1,"Trigger automated dunning sequence: retry payment, then request updated payment method.",1 failed transaction(s) totalling $199.00.
Failed Payment,CUST-62cc3cb0,499.0,499.0,1,"Trigger automated dunning sequence: retry payment, then request updated payment method.",1 failed transaction(s) totalling $499.00.
Failed Payment,CUST-64992aa2,49.0,49.0,1,"Trigger automated dunning sequence: retry payment, then request updated payment method.",1 failed transaction(s) totalling $49.00.
Failed Payment,CUST-64ce0362,199.0,199.0,1,"Trigger automated dunning sequence: retry payment, then request updated payment method.",1 failed transaction(s) totalling $199.00.
Failed Payment,CUST-654f2566,49.0,49.0,1,"Trigger automated dunning sequence: retry payment, then request updated payment method.",1 failed transaction(s) totalling $49.00.
Failed Payment,CUST-658a2db2,499.0,499.0,1,"Trigger automated dunning sequence: retry payment, then request updated payment method.",1 failed transaction(s) totalling $499.00.
Failed Payment,CUST-6635a952,1999.0,1999.0,1,"Trigger automated dunning sequence: retry payment, then request updated payment method.","1 failed transaction(s) totalling $1,999.00."
Failed Payment,CUST-665ab41c,499.0,499.0,1,"Trigger automated dunning sequence: retry payment, then request updated payment method.",1 failed transaction(s) totalling $499.00.
Failed Payment,CUST-67682818,499.0,499.0,1,"Trigger automated dunning sequence: retry payment, then request updated payment method.",1 failed transaction(s) totalling $499.00.
Failed Payment,CUST-679ed425,499.0,499.0,1,"Trigger automated dunning sequence: retry payment, then request updated payment method.",1 failed transaction(s) totalling $499.00.
Failed Payment,CUST-69b830d2,49.0,49.0,1,"Trigger automated dunning sequence: retry payment, then request updated payment method.",1 failed transaction(s) totalling $49.00.
Failed Payment,CUST-6a554766,398.0,398.0,1,"Trigger automated dunning sequence: retry payment, then request updated payment method.",2 failed transaction(s) totalling $398.00.
Failed Payment,CUST-6a5f26f3,499.0,499.0,1,"Trigger automated dunning sequence: retry payment, then request updated payment method.",1 failed transaction(s) totalling $499.00.
Failed Payment,CUST-6a61bd4e,3998.0,3998.0,1,"Trigger automated dunning sequence: retry payment, then request updated payment method.","2 failed transaction(s) totalling $3,998.00."
Failed Payment,CUST-6a8bea0c,1999.0,1999.0,1,"Trigger automated dunning sequence: retry payment, then request updated payment method.","1 failed transaction(s) totalling $1,999.00."
Failed Payment,CUST-6b69d122,998.0,998.0,1,"Trigger automated dunning sequence: retry payment, then request updated payment method.",2 failed transaction(s) totalling $998.00.
Failed Payment,CUST-6bc876c4,49.0,49.0,1,"Trigger automated dunning sequence: retry payment, then request updated payment method.",1 failed transaction(s) totalling $49.00.
Failed Payment,CUST-6d0d4c61,98.0,98.0,1,"Trigger automated dunning sequence: retry payment, then request updated payment method.",2 failed transaction(s) totalling $98.00.
Failed Payment,CUST-6dd472b0,49.0,49.0,1,"Trigger automated dunning sequence: retry payment, then request updated payment method.",1 failed transaction(s) totalling $49.00.
Failed Payment,CUST-6dde2ce4,499.0,499.0,1,"Trigger automated dunning sequence: retry payment, then request updated payment method.",1 failed transaction(s) totalling $499.00.
Failed Payment,CUST-6e22c256,49.0,49.0,1,"Trigger automated dunning sequence: retry payment, then request updated payment method.",1 failed transaction(s) totalling $49.00.
Failed Payment,CUST-6f068a29,499.0,499.0,1,"Trigger automated dunning sequence: retry payment, then request updated payment method.",1 failed transaction(s) totalling $499.00.
Failed Payment,CUST-710834fd,199.0,199.0,1,"Trigger automated dunning sequence: retry payment, then request updated payment method.",1 failed transaction(s) totalling $199.00.
Failed Payment,CUST-714bd6b4,3998.0,3998.0,1,"Trigger automated dunning sequence: retry payment, then request updated payment method.","2 failed transaction(s) totalling $3,998.00."
Failed Payment,CUST-7286b1ef,199.0,199.0,1,"Trigger automated dunning sequence: retry payment, then request updated payment method.",1 failed transaction(s) totalling $199.00.
Failed Payment,CUST-7320bf8f,199.0,199.0,1,"Trigger automated dunning sequence: retry payment, then request updated payment method.",1 failed transaction(s) totalling $199.00.
Failed Payment,CUST-741688ce,3998.0,3998.0,1,"Trigger automated dunning sequence: retry payment, then request updated payment method.","2 failed transaction(s) totalling $3,998.00."
Failed Payment,CUST-743ab906,98.0,98.0,1,"Trigger automated dunning sequence: retry payment, then request updated payment method.",2 failed transaction(s) totalling $98.00.
Failed Payment,CUST-7569f702,98.0,98.0,1,"Trigger automated dunning sequence: retry payment, then request updated payment method.",2 failed transaction(s) totalling $98.00.
Failed Payment,CUST-75707daa,98.0,98.0,1,"Trigger automated dunning sequence: retry payment, then request updated payment method.",2 failed transaction(s) totalling $98.00.
Failed Payment,CUST-76fca5a2,49.0,49.0,1,"Trigger automated dunning sequence: retry payment, then request updated payment method.",1 failed transaction(s) totalling $49.00.
Failed Payment,CUST-77c1cf00,3998.0,3998.0,1,"Trigger automated dunning sequence: retry payment, then request updated payment method.","2 failed transaction(s) totalling $3,998.00."
Failed Payment,CUST-7837d6ea,49.0,49.0,1,"Trigger automated dunning sequence: retry payment, then request updated payment method.",1 failed transaction(s) totalling $49.00.
Failed Payment,CUST-7992eca5,199.0,199.0,1,"Trigger automated dunning sequence: retry payment, then request updated payment method.",1 failed transaction(s) totalling $199.00.
Failed Payment,CUST-79b6296a,49.0,49.0,1,"Trigger automated dunning sequence: retry payment, then request updated payment method.",1 failed transaction(s) totalling $49.00.
Failed Payment,CUST-7bcf372b,49.0,49.0,1,"Trigger automated dunning sequence: retry payment, then request updated payment method.",1 failed transaction(s) totalling $49.00.
Failed Payment,CUST-7d7661ce,1497.0,1497.0,1,"Trigger automated dunning sequence: retry payment, then request updated payment method.","3 failed transaction(s) totalling $1,497.00."
Failed Payment,CUST-7dc0724f,199.0,199.0,1,"Trigger automated dunning sequence: retry payment, then request updated payment method.",1 failed transaction(s) totalling $199.00.
Failed Payment,CUST-7e0a430a,199.0,199.0,1,"Trigger automated dunning sequence: retry payment, then request updated payment method.",1 failed transaction(s) totalling $199.00.
Failed Payment,CUST-80b10761,199.0,199.0,1,"Trigger automated dunning sequence: retry payment, then request updated payment method.",1 failed transaction(s) totalling $199.00.
Failed Payment,CUST-8108d030,199.0,199.0,1,"Trigger automated dunning sequence: retry payment, then request updated payment method.",1 failed transaction(s) totalling $199.00.
Failed Payment,CUST-8116f475,49.0,49.0,1,"Trigger automated dunning sequence: retry payment, then request updated payment method.",1 failed transaction(s) totalling $49.00.
Failed Payment,CUST-814d7b2f,398.0,398.0,1,"Trigger automated dunning sequence: retry payment, then request updated payment method.",2 failed transaction(s) totalling $398.00.
Failed Payment,CUST-826b669f,98.0,98.0,1,"Trigger automated dunning sequence: retry payment, then request updated payment method.",2 failed transaction(s) totalling $98.00.
Failed Payment,CUST-82c8d8be,199.0,199.0,1,"Trigger automated dunning sequence: retry payment, then request updated payment method.",1 failed transaction(s) totalling $199.00.
Failed Payment,CUST-837ee74e,398.0,398.0,1,"Trigger automated dunning sequence: retry payment, then request updated payment method.",2 failed transaction(s) totalling $398.00.
Failed Payment,CUST-83b80359,499.0,499.0,1,"Trigger automated dunning sequence: retry payment, then request updated payment method.",1 failed transaction(s) totalling $499.00.
Failed Payment,CUST-846142f0,49.0,49.0,1,"Trigger automated dunning sequence: retry payment, then request updated payment method.",1 failed transaction(s) totalling $49.00.
Failed Payment,CUST-849d9a28,49.0,49.0,1,"Trigger automated dunning sequence: retry payment, then request updated payment method.",1 failed transaction(s) totalling $49.00.
Failed Payment,CUST-84c09698,398.0,398.0,1,"Trigger automated dunning sequence: retry payment, then request updated payment method.",2 failed transaction(s) totalling $398.00.
Failed Payment,CUST-8536506a,199.0,199.0,1,"Trigger automated dunning sequence: retry payment, then request updated payment method.",1 failed transaction(s) totalling $199.00.
Failed Payment,CUST-8621543a,199.0,199.0,1,"Trigger automated dunning sequence: retry payment, then request updated payment method.",1 failed transaction(s) totalling $199.00.
Failed Payment,CUST-86446c0a,199.0,199.0,1,"Trigger automated dunning sequence: retry payment, then request updated payment method.",1 failed transaction(s) totalling $199.00.
Failed Payment,CUST-8814fd1f,398.0,398.0,1,"Trigger automated dunning sequence: retry payment, then request updated payment method.",2 failed transaction(s) totalling $398.00.
Failed Payment,CUST-8925dbd6,49.0,49.0,1,"Trigger automated dunning sequence: retry payment, then request updated payment method.",1 failed transaction(s) totalling $49.00.
Failed Payment,CUST-896d2db4,499.0,499.0,1,"Trigger automated dunning sequence: retry payment, then request updated payment method.",1 failed transaction(s) totalling $499.00.
Failed Payment,CUST-8980c909,499.0,499.0,1,"Trigger automated dunning sequence: retry payment, then request updated payment method.",1 failed transaction(s) totalling $499.00.
Failed Payment,CUST-8994c27b,98.0,98.0,1,"Trigger automated dunning sequence: retry payment, then request updated payment method.",2 failed transaction(s) totalling $98.00.
Failed Payment,CUST-89b542f1,199.0,199.0,1,"Trigger automated dunning sequence: retry payment, then request updated payment method.",1 failed transaction(s) totalling $199.00.
Failed Payment,CUST-89bcb53d,199.0,199.0,1,"Trigger automated dunning sequence: retry payment, then request updated payment method.",1 failed transaction(s) totalling $199.00.
Failed Payment,CUST-8aab79ce,147.0,147.0,1,"Trigger automated dunning sequence: retry payment, then request updated payment method.",3 failed transaction(s) totalling $147.00.
Failed Payment,CUST-8aad30ab,49.0,49.0,1,"Trigger automated dunning sequence: retry payment, then request updated payment method.",1 failed transaction(s) totalling $49.00.
Failed Payment,CUST-8ae1bfd4,199.0,199.0,1,"Trigger automated dunning sequence: retry payment, then request updated payment method.",1 failed transaction(s) totalling $199.00.
Failed Payment,CUST-8af1640a,199.0,199.0,1,"Trigger automated dunning sequence: retry payment, then request updated payment method.",1 failed transaction(s) totalling $199.00.
Failed Payment,CUST-8b20ecfb,199.0,199.0,1,"Trigger automated dunning sequence: retry payment, then request updated payment method.",1 failed transaction(s) totalling $199.00.
Failed Payment,CUST-8b51999d,49.0,49.0,1,"Trigger automated dunning sequence: retry payment, then request updated payment method.",1 failed transaction(s) totalling $49.00.
Failed Payment,CUST-8b690836,98.0,98.0,1,"Trigger automated dunning sequence: retry payment, then request updated payment method.",2 failed transaction(s) totalling $98.00.
Failed Payment,CUST-8b7b739e,49.0,49.0,1,"Trigger automated dunning sequence: retry payment, then request updated payment method.",1 failed transaction(s) totalling $49.00.
Failed Payment,CUST-8b965eeb,49.0,49.0,1,"Trigger automated dunning sequence: retry payment, then request updated payment method.",1 failed transaction(s) totalling $49.00.
Failed Payment,CUST-8ba43c90,1999.0,1999.0,1,"Trigger automated dunning sequence: retry payment, then request updated payment method.","1 failed transaction(s) totalling $1,999.00."
Failed Payment,CUST-8c03be60,49.0,49.0,1,"Trigger automated dunning sequence: retry payment, then request updated payment method.",1 failed transaction(s) totalling $49.00.
Failed Payment,CUST-8c9930c7,998.0,998.0,1,"Trigger automated dunning sequence: retry payment, then request updated payment method.",2 failed transaction(s) totalling $998.00.
Failed Payment,CUST-8cca6b6d,398.0,398.0,1,"Trigger automated dunning sequence: retry payment, then request updated payment method.",2 failed transaction(s) totalling $398.00.
Failed Payment,CUST-8d38755b,199.0,199.0,1,"Trigger automated dunning sequence: retry payment, then request updated payment method.",1 failed transaction(s) totalling $199.00.
Failed Payment,CUST-8dbb3806,49.0,49.0,1,"Trigger automated dunning sequence: retry payment, then request updated payment method.",1 failed transaction(s) totalling $49.00.
Failed Payment,CUST-9041ec25,1999.0,1999.0,1,"Trigger automated dunning sequence: retry payment, then request updated payment method.","1 failed transaction(s) totalling $1,999.00."
Failed Payment,CUST-910dae2c,499.0,499.0,1,"Trigger automated dunning sequence: retry payment, then request updated payment method.",1 failed transaction(s) totalling $499.00.
Failed Payment,CUST-92e22df9,49.0,49.0,1,"Trigger automated dunning sequence: retry payment, then request updated payment method.",1 failed transaction(s) totalling $49.00.
Failed Payment,CUST-938299d8,499.0,499.0,1,"Trigger automated dunning sequence: retry payment, then request updated payment method.",1 failed transaction(s) totalling $499.00.
Failed Payment,CUST-93bbdd37,49.0,49.0,1,"Trigger automated dunning sequence: retry payment, then request updated payment method.",1 failed transaction(s) totalling $49.00.
Failed Payment,CUST-93d203d1,49.0,49.0,1,"Trigger automated dunning sequence: retry payment, then request updated payment method.",1 failed transaction(s) totalling $49.00.
Failed Payment,CUST-93e562c0,49.0,49.0,1,"Trigger automated dunning sequence: retry payment, then request updated payment method.",1 failed transaction(s) totalling $49.00.
Failed Payment,CUST-94fa4e97,499.0,499.0,1,"Trigger automated dunning sequence: retry payment, then request updated payment method.",1 failed transaction(s) totalling $499.00.
Failed Payment,CUST-9508926d,3998.0,3998.0,1,"Trigger automated dunning sequence: retry payment, then request updated payment method.","2 failed transaction(s) totalling $3,998.00."
Failed Payment,CUST-965b3e1d,98.0,98.0,1,"Trigger automated dunning sequence: retry payment, then request updated payment method.",2 failed transaction(s) totalling $98.00.
Failed Payment,CUST-968702e4,398.0,398.0,1,"Trigger automated dunning sequence: retry payment, then request updated payment method.",2 failed transaction(s) totalling $398.00.
Failed Payment,CUST-96b7841d,98.0,98.0,1,"Trigger automated dunning sequence: retry payment, then request updated payment method.",2 failed transaction(s) totalling $98.00.
Failed Payment,CUST-97898471,499.0,499.0,1,"Trigger automated dunning sequence: retry payment, then request updated payment method.",1 failed transaction(s) totalling $499.00.
Failed Payment,CUST-97c45d61,499.0,499.0,1,"Trigger automated dunning sequence: retry payment, then request updated payment method.",1 failed transaction(s) totalling $499.00.
Failed Payment,CUST-98e44085,998.0,998.0,1,"Trigger automated dunning sequence: retry payment, then request updated payment method.",2 failed transaction(s) totalling $998.00.
Failed Payment,CUST-998d4c7e,98.0,98.0,1,"Trigger automated dunning sequence: retry payment, then request updated payment method.",2 failed transaction(s) totalling $98.00.
Failed Payment,CUST-9a654212,199.0,199.0,1,"Trigger automated dunning sequence: retry payment, then request updated payment method.",1 failed transaction(s) totalling $199.00.
Failed Payment,CUST-9b7a0c16,49.0,49.0,1,"Trigger automated dunning sequence: retry payment, then request updated payment method.",1 failed transaction(s) totalling $49.00.
Failed Payment,CUST-9b8f1b99,998.0,998.0,1,"Trigger automated dunning sequence: retry payment, then request updated payment method.",2 failed transaction(s) totalling $998.00.
Failed Payment,CUST-9be7d170,98.0,98.0,1,"Trigger automated dunning sequence: retry payment, then request updated payment method.",2 failed transaction(s) totalling $98.00.
Failed Payment,CUST-9be879fa,49.0,49.0,1,"Trigger automated dunning sequence: retry payment, then request updated payment method.",1 failed transaction(s) totalling $49.00.
Failed Payment,CUST-9ca4d98d,1999.0,1999.0,1,"Trigger automated dunning sequence: retry payment, then request updated payment method.","1 failed transaction(s) totalling $1,999.00."
Failed Payment,CUST-9d2ca3e2,49.0,49.0,1,"Trigger automated dunning sequence: retry payment, then request updated payment method.",1 failed transaction(s) totalling $49.00.
Failed Payment,CUST-9e3c6478,199.0,199.0,1,"Trigger automated dunning sequence: retry payment, then request updated payment method.",1 failed transaction(s) totalling $199.00.
Failed Payment,CUST-9f218537,199.0,199.0,1,"Trigger automated dunning sequence: retry payment, then request updated payment method.",1 failed transaction(s) totalling $199.00.
Failed Payment,CUST-9f829f30,1497.0,1497.0,1,"Trigger automated dunning sequence: retry payment, then request updated payment method.","3 failed transaction(s) totalling $1,497.00."
Failed Payment,CUST-a0218962,1999.0,1999.0,1,"Trigger automated dunning sequence: retry payment, then request updated payment method.","1 failed transaction(s) totalling $1,999.00."
Failed Payment,CUST-a02fe1c3,398.0,398.0,1,"Trigger automated dunning sequence: retry payment, then request updated payment method.",2 failed transaction(s) totalling $398.00.
Failed Payment,CUST-a0330957,199.0,199.0,1,"Trigger automated dunning sequence: retry payment, then request updated payment method.",1 failed transaction(s) totalling $199.00.
Failed Payment,CUST-a1f72ee9,499.0,499.0,1,"Trigger automated dunning sequence: retry payment, then request updated payment method.",1 failed transaction(s) totalling $499.00.
Failed Payment,CUST-a2554258,499.0,499.0,1,"Trigger automated dunning sequence: retry payment, then request updated payment method.",1 failed transaction(s) totalling $499.00.
Failed Payment,CUST-a3c5921b,49.0,49.0,1,"Trigger automated dunning sequence: retry payment, then request updated payment method.",1 failed transaction(s) totalling $49.00.
Failed Payment,CUST-a3c8567c,98.0,98.0,1,"Trigger automated dunning sequence: retry payment, then request updated payment method.",2 failed transaction(s) totalling $98.00.
Failed Payment,CUST-a3d6e5ec,499.0,499.0,1,"Trigger automated dunning sequence: retry payment, then request updated payment method.",1 failed transaction(s) totalling $499.00.
Failed Payment,CUST-a4bf3b9f,49.0,49.0,1,"Trigger automated dunning sequence: retry payment, then request updated payment method.",1 failed transaction(s) totalling $49.00.
Failed Payment,CUST-a529969e,98.0,98.0,1,"Trigger automated dunning sequence: retry payment, then request updated payment method.",2 failed transaction(s) totalling $98.00.
Failed Payment,CUST-a7c12151,597.0,597.0,1,"Trigger automated dunning sequence: retry payment, then request updated payment method.",3 failed transaction(s) totalling $597.00.
Failed Payment,CUST-ab3b69a7,499.0,499.0,1,"Trigger automated dunning sequence: retry payment, then request updated payment method.",1 failed transaction(s) totalling $499.00.
Failed Payment,CUST-abbc1a27,398.0,398.0,1,"Trigger automated dunning sequence: retry payment, then request updated payment method.",2 failed transaction(s) totalling $398.00.
Failed Payment,CUST-ac68aa70,49.0,49.0,1,"Trigger automated dunning sequence: retry payment, then request updated payment method.",1 failed transaction(s) totalling $49.00.
Failed Payment,CUST-ad6fca99,199.0,199.0,1,"Trigger automated dunning sequence: retry payment, then request updated payment method.",1 failed transaction(s) totalling $199.00.
Failed Payment,CUST-ad81ca19,998.0,998.0,1,"Trigger automated dunning sequence: retry payment, then request updated payment method.",2 failed transaction(s) totalling $998.00.
Failed Payment,CUST-ad91b077,398.0,398.0,1,"Trigger automated dunning sequence: retry payment, then request updated payment method.",2 failed transaction(s) totalling $398.00.
Failed Payment,CUST-adabdc5a,199.0,199.0,1,"Trigger automated dunning sequence: retry payment, then request updated payment method.",1 failed transaction(s) totalling $199.00.
Failed Payment,CUST-aec25cb8,49.0,49.0,1,"Trigger automated dunning sequence: retry payment, then request updated payment method.",1 failed transaction(s) totalling $49.00.
Failed Payment,CUST-af683561,499.0,499.0,1,"Trigger automated dunning sequence: retry payment, then request updated payment method.",1 failed transaction(s) totalling $499.00.
Failed Payment,CUST-aff07881,998.0,998.0,1,"Trigger automated dunning sequence: retry payment, then request updated payment method.",2 failed transaction(s) totalling $998.00.
Failed Payment,CUST-b23bbc1c,499.0,499.0,1,"Trigger automated dunning sequence: retry payment, then request updated payment method.",1 failed transaction(s) totalling $499.00.
Failed Payment,CUST-b3d22bb8,49.0,49.0,1,"Trigger automated dunning sequence: retry payment, then request updated payment method.",1 failed transaction(s) totalling $49.00.
Failed Payment,CUST-b4c3ec25,49.0,49.0,1,"Trigger automated dunning sequence: retry payment, then request updated payment method.",1 failed transaction(s) totalling $49.00.
Failed Payment,CUST-b4d2d6e4,49.0,49.0,1,"Trigger automated dunning sequence: retry payment, then request updated payment method.",1 failed transaction(s) totalling $49.00.
Failed Payment,CUST-b520298d,1497.0,1497.0,1,"Trigger automated dunning sequence: retry payment, then request updated payment method.","3 failed transaction(s) totalling $1,497.00."
Failed Payment,CUST-b73b08db,98.0,98.0,1,"Trigger automated dunning sequence: retry payment, then request updated payment method.",2 failed transaction(s) totalling $98.00.
Failed Payment,CUST-b87fc3b6,1497.0,1497.0,1,"Trigger automated dunning sequence: retry payment, then request updated payment method.","3 failed transaction(s) totalling $1,497.00."
Failed Payment,CUST-b8cd91f0,49.0,49.0,1,"Trigger automated dunning sequence: retry payment, then request updated payment method.",1 failed transaction(s) totalling $49.00.
Failed Payment,CUST-bb1f88f4,1999.0,1999.0,1,"Trigger automated dunning sequence: retry payment, then request updated payment method.","1 failed transaction(s) totalling $1,999.00."
Failed Payment,CUST-bb7bce3b,98.0,98.0,1,"Trigger automated dunning sequence: retry payment, then request updated payment method.",2 failed transaction(s) totalling $98.00.
Failed Payment,CUST-bbfe28ee,499.0,499.0,1,"Trigger automated dunning sequence: retry payment, then request updated payment method.",1 failed transaction(s) totalling $499.00.
Failed Payment,CUST-bc3fb2d0,998.0,998.0,1,"Trigger automated dunning sequence: retry payment, then request updated payment method.",2 failed transaction(s) totalling $998.00.
Failed Payment,CUST-bc86a76f,398.0,398.0,1,"Trigger automated dunning sequence: retry payment, then request updated payment method.",2 failed transaction(s) totalling $398.00.
Failed Payment,CUST-bd7a8297,1999.0,1999.0,1,"Trigger automated dunning sequence: retry payment, then request updated payment method.","1 failed transaction(s) totalling $1,999.00."
Failed Payment,CUST-bda53b39,199.0,199.0,1,"Trigger automated dunning sequence: retry payment, then request updated payment method.",1 failed transaction(s) totalling $199.00.
Failed Payment,CUST-c05b4b6d,1497.0,1497.0,1,"Trigger automated dunning sequence: retry payment, then request updated payment method.","3 failed transaction(s) totalling $1,497.00."
Failed Payment,CUST-c094c78f,49.0,49.0,1,"Trigger automated dunning sequence: retry payment, then request updated payment method.",1 failed transaction(s) totalling $49.00.
Failed Payment,CUST-c2971ccd,3998.0,3998.0,1,"Trigger automated dunning sequence: retry payment, then request updated payment method.","2 failed transaction(s) totalling $3,998.00."
Failed Payment,CUST-c30713a0,49.0,49.0,1,"Trigger automated dunning sequence: retry payment, then request updated payment method.",1 failed transaction(s) totalling $49.00.
Failed Payment,CUST-c377a12c,199.0,199.0,1,"Trigger automated dunning sequence: retry payment, then request updated payment method.",1 failed transaction(s) totalling $199.00.
Failed Payment,CUST-c391e66e,98.0,98.0,1,"Trigger automated dunning sequence: retry payment, then request updated payment method.",2 failed transaction(s) totalling $98.00.
Failed Payment,CUST-c4728ad9,499.0,499.0,1,"Trigger automated dunning sequence: retry payment, then request updated payment method.",1 failed transaction(s) totalling $499.00.
Failed Payment,CUST-c4c4e773,199.0,199.0,1,"Trigger automated dunning sequence: retry payment, then request updated payment method.",1 failed transaction(s) totalling $199.00.
Failed Payment,CUST-c4e0d532,398.0,398.0,1,"Trigger automated dunning sequence: retry payment, then request updated payment method.",2 failed transaction(s) totalling $398.00.
Failed Payment,CUST-c666c845,998.0,998.0,1,"Trigger automated dunning sequence: retry payment, then request updated payment method.",2 failed transaction(s) totalling $998.00.
Failed Payment,CUST-c6948307,499.0,499.0,1,"Trigger automated dunning sequence: retry payment, then request updated payment method.",1 failed transaction(s) totalling $499.00.
Failed Payment,CUST-c6ec3702,199.0,199.0,1,"Trigger automated dunning sequence: retry payment, then request updated payment method.",1 failed transaction(s) totalling $199.00.
Failed Payment,CUST-c722c0f5,49.0,49.0,1,"Trigger automated dunning sequence: retry payment, then request updated payment method.",1 failed transaction(s) totalling $49.00.
Failed Payment,CUST-c7643676,49.0,49.0,1,"Trigger automated dunning sequence: retry payment, then request updated payment method.",1 failed transaction(s) totalling $49.00.
Failed Payment,CUST-c7759aee,199.0,199.0,1,"Trigger automated dunning sequence: retry payment, then request updated payment method.",1 failed transaction(s) totalling $199.00.
Failed Payment,CUST-c8a35565,49.0,49.0,1,"Trigger automated dunning sequence: retry payment, then request updated payment method.",1 failed transaction(s) totalling $49.00.
Failed Payment,CUST-c94c5736,199.0,199.0,1,"Trigger automated dunning sequence: retry payment, then request updated payment method.",1 failed transaction(s) totalling $199.00.
Failed Payment,CUST-cb03f639,499.0,499.0,1,"Trigger automated dunning sequence: retry payment, then request updated payment method.",1 failed transaction(s) totalling $499.00.
Failed Payment,CUST-cb3c240f,199.0,199.0,1,"Trigger automated dunning sequence: retry payment, then request updated payment method.",1 failed transaction(s) totalling $199.00.
Failed Payment,CUST-ccb5e68c,49.0,49.0,1,"Trigger automated dunning sequence: retry payment, then request updated payment method.",1 failed transaction(s) totalling $49.00.
Failed Payment,CUST-cd0178e3,98.0,98.0,1,"Trigger automated dunning sequence: retry payment, then request updated payment method.",2 failed transaction(s) totalling $98.00.
Failed Payment,CUST-cdc31391,98.0,98.0,1,"Trigger automated dunning sequence: retry payment, then request updated payment method.",2 failed transaction(s) totalling $98.00.
Failed Payment,CUST-ce82e584,49.0,49.0,1,"Trigger automated dunning sequence: retry payment, then request updated payment method.",1 failed transaction(s) totalling $49.00.
Failed Payment,CUST-cf9cb99a,597.0,597.0,1,"Trigger automated dunning sequence: retry payment, then request updated payment method.",3 failed transaction(s) totalling $597.00.
Failed Payment,CUST-cfab551c,499.0,499.0,1,"Trigger automated dunning sequence: retry payment, then request updated payment method.",1 failed transaction(s) totalling $499.00.
Failed Payment,CUST-d014145a,49.0,49.0,1,"Trigger automated dunning sequence: retry payment, then request updated payment method.",1 failed transaction(s) totalling $49.00.
Failed Payment,CUST-d0f6339f,199.0,199.0,1,"Trigger automated dunning sequence: retry payment, then request updated payment method.",1 failed transaction(s) totalling $199.00.
Failed Payment,CUST-d11984dc,199.0,199.0,1,"Trigger automated dunning sequence: retry payment, then request updated payment method.",1 failed transaction(s) totalling $199.00.
Failed Payment,CUST-d137f591,49.0,49.0,1,"Trigger automated dunning sequence: retry payment, then request updated payment method.",1 failed transaction(s) totalling $49.00.
Failed Payment,CUST-d2a83c0c,499.0,499.0,1,"Trigger automated dunning sequence: retry payment, then request updated payment method.",1 failed transaction(s) totalling $499.00.
Failed Payment,CUST-d387ceae,199.0,199.0,1,"Trigger automated dunning sequence: retry payment, then request updated payment method.",1 failed transaction(s) totalling $199.00.
Failed Payment,CUST-d4d65cd5,98.0,98.0,1,"Trigger automated dunning sequence: retry payment, then request updated payment method.",2 failed transaction(s) totalling $98.00.
Failed Payment,CUST-d5214812,245.0,245.0,1,"Trigger automated dunning sequence: retry payment, then request updated payment method.",5 failed transaction(s) totalling $245.00.
Failed Payment,CUST-d5221ac4,49.0,49.0,1,"Trigger automated dunning sequence: retry payment, then request updated payment method.",1 failed transaction(s) totalling $49.00.
Failed Payment,CUST-d566978e,49.0,49.0,1,"Trigger automated dunning sequence: retry payment, then request updated payment method.",1 failed transaction(s) totalling $49.00.
Failed Payment,CUST-d5d86457,199.0,199.0,1,"Trigger automated dunning sequence: retry payment, then request updated payment method.",1 failed transaction(s) totalling $199.00.
Failed Payment,CUST-d5eb10ea,49.0,49.0,1,"Trigger automated dunning sequence: retry payment, then request updated payment method.",1 failed transaction(s) totalling $49.00.
Failed Payment,CUST-d72429e4,499.0,499.0,1,"Trigger automated dunning sequence: retry payment, then request updated payment method.",1 failed transaction(s) totalling $499.00.
Failed Payment,CUST-d9ea3633,499.0,499.0,1,"Trigger automated dunning sequence: retry payment, then request updated payment method.",1 failed transaction(s) totalling $499.00.
Failed Payment,CUST-da152191,49.0,49.0,1,"Trigger automated dunning sequence: retry payment, then request updated payment method.",1 failed transaction(s) totalling $49.00.
Failed Payment,CUST-da70f1c3,199.0,199.0,1,"Trigger automated dunning sequence: retry payment, then request updated payment method.",1 failed transaction(s) totalling $199.00.
Failed Payment,CUST-db4f6eda,49.0,49.0,1,"Trigger automated dunning sequence: retry payment, then request updated payment method.",1 failed transaction(s) totalling $49.00.
Failed Payment,CUST-dbae06c1,398.0,398.0,1,"Trigger automated dunning sequence: retry payment, then request updated payment method.",2 failed transaction(s) totalling $398.00.
Failed Payment,CUST-dc05df28,499.0,499.0,1,"Trigger automated dunning sequence: retry payment, then request updated payment method.",1 failed transaction(s) totalling $499.00.
Failed Payment,CUST-dc47ba13,49.0,49.0,1,"Trigger automated dunning sequence: retry payment, then request updated payment method.",1 failed transaction(s) totalling $49.00.
Failed Payment,CUST-dd41dc26,98.0,98.0,1,"Trigger automated dunning sequence: retry payment, then request updated payment method.",2 failed transaction(s) totalling $98.00.
Failed Payment,CUST-dd520177,1999.0,1999.0,1,"Trigger automated dunning sequence: retry payment, then request updated payment method.","1 failed transaction(s) totalling $1,999.00."
Failed Payment,CUST-dd61d47d,199.0,199.0,1,"Trigger automated dunning sequence: retry payment, then request updated payment method.",1 failed transaction(s) totalling $199.00.
Failed Payment,CUST-ddaa84de,98.0,98.0,1,"Trigger automated dunning sequence: retry payment, then request updated payment method.",2 failed transaction(s) totalling $98.00.
Failed Payment,CUST-ddb1e5a1,98.0,98.0,1,"Trigger automated dunning sequence: retry payment, then request updated payment method.",2 failed transaction(s) totalling $98.00.
Failed Payment,CUST-df703a20,98.0,98.0,1,"Trigger automated dunning sequence: retry payment, then request updated payment method.",2 failed transaction(s) totalling $98.00.
Failed Payment,CUST-df8afc93,499.0,499.0,1,"Trigger automated dunning sequence: retry payment, then request updated payment method.",1 failed transaction(s) totalling $499.00.
Failed Payment,CUST-e068850e,49.0,49.0,1,"Trigger automated dunning sequence: retry payment, then request updated payment method.",1 failed transaction(s) totalling $49.00.
Failed Payment,CUST-e09fb676,499.0,499.0,1,"Trigger automated dunning sequence: retry payment, then request updated payment method.",1 failed transaction(s) totalling $499.00.
Failed Payment,CUST-e25fe3c0,199.0,199.0,1,"Trigger automated dunning sequence: retry payment, then request updated payment method.",1 failed transaction(s) totalling $199.00.
Failed Payment,CUST-e2d06070,1999.0,1999.0,1,"Trigger automated dunning sequence: retry payment, then request updated payment method.","1 failed transaction(s) totalling $1,999.00."
Failed Payment,CUST-e32c940e,49.0,49.0,1,"Trigger automated dunning sequence: retry payment, then request updated payment method.",1 failed transaction(s) totalling $49.00.
Failed Payment,CUST-e3d9b691,49.0,49.0,1,"Trigger automated dunning sequence: retry payment, then request updated payment method.",1 failed transaction(s) totalling $49.00.
Failed Payment,CUST-e4aececd,1999.0,1999.0,1,"Trigger automated dunning sequence: retry payment, then request updated payment method.","1 failed transaction(s) totalling $1,999.00."
Failed Payment,CUST-e6104d3f,199.0,199.0,1,"Trigger automated dunning sequence: retry payment, then request updated payment method.",1 failed transaction(s) totalling $199.00.
Failed Payment,CUST-e6495725,49.0,49.0,1,"Trigger automated dunning sequence: retry payment, then request updated payment method.",1 failed transaction(s) totalling $49.00.
Failed Payment,CUST-e6c9bd46,499.0,499.0,1,"Trigger automated dunning sequence: retry payment, then request updated payment method.",1 failed transaction(s) totalling $499.00.
Failed Payment,CUST-e70bd133,1999.0,1999.0,1,"Trigger automated dunning sequence: retry payment, then request updated payment method.","1 failed transaction(s) totalling $1,999.00."
Failed Payment,CUST-e85ddc8f,98.0,98.0,1,"Trigger automated dunning sequence: retry payment, then request updated payment method.",2 failed transaction(s) totalling $98.00.
Failed Payment,CUST-e867116b,499.0,499.0,1,"Trigger automated dunning sequence: retry payment, then request updated payment method.",1 failed transaction(s) totalling $499.00.
Failed Payment,CUST-e902c373,199.0,199.0,1,"Trigger automated dunning sequence: retry payment, then request updated payment method.",1 failed transaction(s) totalling $199.00.
Failed Payment,CUST-e90c6e55,1999.0,1999.0,1,"Trigger automated dunning sequence: retry payment, then request updated payment method.","1 failed transaction(s) totalling $1,999.00."
Failed Payment,CUST-e94793ea,199.0,199.0,1,"Trigger automated dunning sequence: retry payment, then request updated payment method.",1 failed transaction(s) totalling $199.00.
Failed Payment,CUST-e998d1f7,49.0,49.0,1,"Trigger automated dunning sequence: retry payment, then request updated payment method.",1 failed transaction(s) totalling $49.00.
Failed Payment,CUST-e9e565a7,499.0,499.0,1,"Trigger automated dunning sequence: retry payment, then request updated payment method.",1 failed transaction(s) totalling $499.00.
Failed Payment,CUST-e9f5ab3a,5997.0,5997.0,1,"Trigger automated dunning sequence: retry payment, then request updated payment method.","3 failed transaction(s) totalling $5,997.00."
Failed Payment,CUST-eab4156b,49.0,49.0,1,"Trigger automated dunning sequence: retry payment, then request updated payment method.",1 failed transaction(s) totalling $49.00.
Failed Payment,CUST-eabef79d,49.0,49.0,1,"Trigger automated dunning sequence: retry payment, then request updated payment method.",1 failed transaction(s) totalling $49.00.
Failed Payment,CUST-eb5dfa56,398.0,398.0,1,"Trigger automated dunning sequence: retry payment, then request updated payment method.",2 failed transaction(s) totalling $398.00.
Failed Payment,CUST-eb79910c,499.0,499.0,1,"Trigger automated dunning sequence: retry payment, then request updated payment method.",1 failed transaction(s) totalling $499.00.
Failed Payment,CUST-ec32b4a3,49.0,49.0,1,"Trigger automated dunning sequence: retry payment, then request updated payment method.",1 failed transaction(s) totalling $49.00.
Failed Payment,CUST-ec4a6918,199.0,199.0,1,"Trigger automated dunning sequence: retry payment, then request updated payment method.",1 failed transaction(s) totalling $199.00.
Failed Payment,CUST-edb5e15d,49.0,49.0,1,"Trigger automated dunning sequence: retry payment, then request updated payment method.",1 failed transaction(s) totalling $49.00.
Failed Payment,CUST-edd3b552,98.0,98.0,1,"Trigger automated dunning sequence: retry payment, then request updated payment method.",2 failed transaction(s) totalling $98.00.
Failed Payment,CUST-edf2960f,398.0,398.0,1,"Trigger automated dunning sequence: retry payment, then request updated payment method.",2 failed transaction(s) totalling $398.00.
Failed Payment,CUST-ee5e0427,49.0,49.0,1,"Trigger automated dunning sequence: retry payment, then request updated payment method.",1 failed transaction(s) totalling $49.00.
Failed Payment,CUST-ef5bfb52,49.0,49.0,1,"Trigger automated dunning sequence: retry payment, then request updated payment method.",1 failed transaction(s) totalling $49.00.
Failed Payment,CUST-f0671929,499.0,499.0,1,"Trigger automated dunning sequence: retry payment, then request updated payment method.",1 failed transaction(s) totalling $499.00.
Failed Payment,CUST-f07a9d8a,398.0,398.0,1,"Trigger automated dunning sequence: retry payment, then request updated payment method.",2 failed transaction(s) totalling $398.00.
Failed Payment,CUST-f080fb6f,49.0,49.0,1,"Trigger automated dunning sequence: retry payment, then request updated payment method.",1 failed transaction(s) totalling $49.00.
Failed Payment,CUST-f0d9df4e,49.0,49.0,1,"Trigger automated dunning sequence: retry payment, then request updated payment method.",1 failed transaction(s) totalling $49.00.
Failed Payment,CUST-f1056bcb,499.0,499.0,1,"Trigger automated dunning sequence: retry payment, then request updated payment method.",1 failed transaction(s) totalling $499.00.
Failed Payment,CUST-f173365a,1996.0,1996.0,1,"Trigger automated dunning sequence: retry payment, then request updated payment method.","4 failed transaction(s) totalling $1,996.00."
Failed Payment,CUST-f195d056,49.0,49.0,1,"Trigger automated dunning sequence: retry payment, then request updated payment method.",1 failed transaction(s) totalling $49.00.
Failed Payment,CUST-f1c921e9,1497.0,1497.0,1,"Trigger automated dunning sequence: retry payment, then request updated payment method.","3 failed transaction(s) totalling $1,497.00."
Failed Payment,CUST-f32414c7,499.0,499.0,1,"Trigger automated dunning sequence: retry payment, then request updated payment method.",1 failed transaction(s) totalling $499.00.
Failed Payment,CUST-f3a8a357,49.0,49.0,1,"Trigger automated dunning sequence: retry payment, then request updated payment method.",1 failed transaction(s) totalling $49.00.
Failed Payment,CUST-f40e61e7,398.0,398.0,1,"Trigger automated dunning sequence: retry payment, then request updated payment method.",2 failed transaction(s) totalling $398.00.
Failed Payment,CUST-f462e572,199.0,199.0,1,"Trigger automated dunning sequence: retry payment, then request updated payment method.",1 failed transaction(s) totalling $199.00.
Failed Payment,CUST-f5a87457,49.0,49.0,1,"Trigger automated dunning sequence: retry payment, then request updated payment method.",1 failed transaction(s) totalling $49.00.
Failed Payment,CUST-f79505dc,998.0,998.0,1,"Trigger automated dunning sequence: retry payment, then request updated payment method.",2 failed transaction(s) totalling $998.00.
Failed Payment,CUST-f7b14f6c,98.0,98.0,1,"Trigger automated dunning sequence: retry payment, then request updated payment method.",2 failed transaction(s) totalling $98.00.
Failed Payment,CUST-f8402d43,499.0,499.0,1,"Trigger automated dunning sequence: retry payment, then request updated payment method.",1 failed transaction(s) totalling $499.00.
Failed Payment,CUST-f8572bc2,3998.0,3998.0,1,"Trigger automated dunning sequence: retry payment, then request updated payment method.","2 failed transaction(s) totalling $3,998.00."
Failed Payment,CUST-f91b5040,499.0,499.0,1,"Trigger automated dunning sequence: retry payment, then request updated payment method.",1 failed transaction(s) totalling $499.00.
Failed Payment,CUST-fac15203,1999.0,1999.0,1,"Trigger automated dunning sequence: retry payment, then request updated payment method.","1 failed transaction(s) totalling $1,999.00."
Failed Payment,CUST-fb0eee8f,199.0,199.0,1,"Trigger automated dunning sequence: retry payment, then request updated payment method.",1 failed transaction(s) totalling $199.00.
Failed Payment,CUST-fb538081,1999.0,1999.0,1,"Trigger automated dunning sequence: retry payment, then request updated payment method.","1 failed transaction(s) totalling $1,999.00."
Failed Payment,CUST-fd010587,199.0,199.0,1,"Trigger automated dunning sequence: retry payment, then request updated payment method.",1 failed transaction(s) totalling $199.00.
Failed Payment,CUST-fd71a399,49.0,49.0,1,"Trigger automated dunning sequence: retry payment, then request updated payment method.",1 failed transaction(s) totalling $49.00.
Failed Payment,CUST-fdc1c0ec,49.0,49.0,1,"Trigger automated dunning sequence: retry payment, then request updated payment method.",1 failed transaction(s) totalling $49.00.
Failed Payment,CUST-fde3832a,499.0,499.0,1,"Trigger automated dunning sequence: retry payment, then request updated payment method.",1 failed transaction(s) totalling $499.00.
Failed Payment,CUST-ff80b300,1999.0,1999.0,1,"Trigger automated dunning sequence: retry payment, then request updated payment method.","1 failed transaction(s) totalling $1,999.00."
Refund,CUST-0039353d,199.0,199.0,1,"Review refund reason. If product issue, escalate to engineering. If billing error, correct and re-invoice.",1 refunded transaction(s) totalling $199.00.
Refund,CUST-021c6b4e,1999.0,1999.0,1,"Review refund reason. If product issue, escalate to engineering. If billing error, correct and re-invoice.","1 refunded transaction(s) totalling $1,999.00."
Refund,CUST-036f64f2,49.0,49.0,1,"Review refund reason. If product issue, escalate to engineering. If billing error, correct and re-invoice.",1 refunded transaction(s) totalling $49.00.
Refund,CUST-04380d57,49.0,49.0,1,"Review refund reason. If product issue, escalate to engineering. If billing error, correct and re-invoice.",1 refunded transaction(s) totalling $49.00.
Refund,CUST-04eb2a9d,49.0,49.0,1,"Review refund reason. If product issue, escalate to engineering. If billing error, correct and re-invoice.",1 refunded transaction(s) totalling $49.00.
Refund,CUST-05869f56,49.0,49.0,1,"Review refund reason. If product issue, escalate to engineering. If billing error, correct and re-invoice.",1 refunded transaction(s) totalling $49.00.
Refund,CUST-072b1423,199.0,199.0,1,"Review refund reason. If product issue, escalate to engineering. If billing error, correct and re-invoice.",1 refunded transaction(s) totalling $199.00.
Refund,CUST-074ab72a,49.0,49.0,1,"Review refund reason. If product issue, escalate to engineering. If billing error, correct and re-invoice.",1 refunded transaction(s) totalling $49.00.
Refund,CUST-0baeaba0,1999.0,1999.0,1,"Review refund reason. If product issue, escalate to engineering. If billing error, correct and re-invoice.","1 refunded transaction(s) totalling $1,999.00."
Refund,CUST-0dfbb5b1,199.0,199.0,1,"Review refund reason. If product issue, escalate to engineering. If billing error, correct and re-invoice.",1 refunded transaction(s) totalling $199.00.
Refund,CUST-0ed81a6a,49.0,49.0,1,"Review refund reason. If product issue, escalate to engineering. If billing error, correct and re-invoice.",1 refunded transaction(s) totalling $49.00.
Refund,CUST-1065c818,49.0,49.0,1,"Review refund reason. If product issue, escalate to engineering. If billing error, correct and re-invoice.",1 refunded transaction(s) totalling $49.00.
Refund,CUST-11156cfe,49.0,49.0,1,"Review refund reason. If product issue, escalate to engineering. If billing error, correct and re-invoice.",1 refunded transaction(s) totalling $49.00.
Refund,CUST-1175391b,49.0,49.0,1,"Review refund reason. If product issue, escalate to engineering. If billing error, correct and re-invoice.",1 refunded transaction(s) totalling $49.00.
Refund,CUST-127420f7,199.0,199.0,1,"Review refund reason. If product issue, escalate to engineering. If billing error, correct and re-invoice.",1 refunded transaction(s) totalling $199.00.
Refund,CUST-12eb49e7,49.0,49.0,1,"Review refund reason. If product issue, escalate to engineering. If billing error, correct and re-invoice.",1 refunded transaction(s) totalling $49.00.
Refund,CUST-12ff4fea,1999.0,1999.0,1,"Review refund reason. If product issue, escalate to engineering. If billing error, correct and re-invoice.","1 refunded transaction(s) totalling $1,999.00."
Refund,CUST-14cf1de7,499.0,499.0,1,"Review refund reason. If product issue, escalate to engineering. If billing error, correct and re-invoice.",1 refunded transaction(s) totalling $499.00.
Refund,CUST-15a94920,49.0,49.0,1,"Review refund reason. If product issue, escalate to engineering. If billing error, correct and re-invoice.",1 refunded transaction(s) totalling $49.00.
Refund,CUST-18816421,998.0,998.0,1,"Review refund reason. If product issue, escalate to engineering. If billing error, correct and re-invoice.",2 refunded transaction(s) totalling $998.00.
Refund,CUST-1c8c040e,49.0,49.0,1,"Review refund reason. If product issue, escalate to engineering. If billing error, correct and re-invoice.",1 refunded transaction(s) totalling $49.00.
Refund,CUST-1d8f9187,398.0,398.0,1,"Review refund reason. If product issue, escalate to engineering. If billing error, correct and re-invoice.",2 refunded transaction(s) totalling $398.00.
Refund,CUST-1db3d44c,199.0,199.0,1,"Review refund reason. If product issue, escalate to engineering. If billing error, correct and re-invoice.",1 refunded transaction(s) totalling $199.00.
Refund,CUST-1dfc7f66,49.0,49.0,1,"Review refund reason. If product issue, escalate to engineering. If billing error, correct and re-invoice.",1 refunded transaction(s) totalling $49.00.
Refund,CUST-1e370c64,49.0,49.0,1,"Review refund reason. If product issue, escalate to engineering. If billing error, correct and re-invoice.",1 refunded transaction(s) totalling $49.00.
Refund,CUST-1fbea813,49.0,49.0,1,"Review refund reason. If product issue, escalate to engineering. If billing error, correct and re-invoice.",1 refunded transaction(s) totalling $49.00.
Refund,CUST-210f9436,49.0,49.0,1,"Review refund reason. If product issue, escalate to engineering. If billing error, correct and re-invoice.",1 refunded transaction(s) totalling $49.00.
Refund,CUST-221d09b1,49.0,49.0,1,"Review refund reason. If product issue, escalate to engineering. If billing error, correct and re-invoice.",1 refunded transaction(s) totalling $49.00.
Refund,CUST-23530c93,49.0,49.0,1,"Review refund reason. If product issue, escalate to engineering. If billing error, correct and re-invoice.",1 refunded transaction(s) totalling $49.00.
Refund,CUST-23f47afb,998.0,998.0,1,"Review refund reason. If product issue, escalate to engineering. If billing error, correct and re-invoice.",2 refunded transaction(s) totalling $998.00.
Refund,CUST-25c76e06,199.0,199.0,1,"Review refund reason. If product issue, escalate to engineering. If billing error, correct and re-invoice.",1 refunded transaction(s) totalling $199.00.
Refund,CUST-262d7527,1999.0,1999.0,1,"Review refund reason. If product issue, escalate to engineering. If billing error, correct and re-invoice.","1 refunded transaction(s) totalling $1,999.00."
Refund,CUST-26d979cf,49.0,49.0,1,"Review refund reason. If product issue, escalate to engineering. If billing error, correct and re-invoice.",1 refunded transaction(s) totalling $49.00.
Refund,CUST-2872acb4,499.0,499.0,1,"Review refund reason. If product issue, escalate to engineering. If billing error, correct and re-invoice.",1 refunded transaction(s) totalling $499.00.
Refund,CUST-2d44be8d,597.0,597.0,1,"Review refund reason. If product issue, escalate to engineering. If billing error, correct and re-invoice.",3 refunded transaction(s) totalling $597.00.
Refund,CUST-2d544a89,199.0,199.0,1,"Review refund reason. If product issue, escalate to engineering. If billing error, correct and re-invoice.",1 refunded transaction(s) totalling $199.00.
Refund,CUST-2d55f928,1999.0,1999.0,1,"Review refund reason. If product issue, escalate to engineering. If billing error, correct and re-invoice.","1 refunded transaction(s) totalling $1,999.00."
Refund,CUST-2da09d3b,499.0,499.0,1,"Review refund reason. If product issue, escalate to engineering. If billing error, correct and re-invoice.",1 refunded transaction(s) totalling $499.00.
Refund,CUST-2dfb800b,499.0,499.0,1,"Review refund reason. If product issue, escalate to engineering. If billing error, correct and re-invoice.",1 refunded transaction(s) totalling $499.00.
Refund,CUST-2e5375d1,199.0,199.0,1,"Review refund reason. If product issue, escalate to engineering. If billing error, correct and re-invoice.",1 refunded transaction(s) totalling $199.00.
Refund,CUST-2e7f630c,199.0,199.0,1,"Review refund reason. If product issue, escalate to engineering. If billing error, correct and re-invoice.",1 refunded transaction(s) totalling $199.00.
Refund,CUST-2edf2525,199.0,199.0,1,"Review refund reason. If product issue, escalate to engineering. If billing error, correct and re-invoice.",1 refunded transaction(s) totalling $199.00.
Refund,CUST-2ff11590,499.0,499.0,1,"Review refund reason. If product issue, escalate to engineering. If billing error, correct and re-invoice.",1 refunded transaction(s) totalling $499.00.
Refund,CUST-30fd8ae7,49.0,49.0,1,"Review refund reason. If product issue, escalate to engineering. If billing error, correct and re-invoice.",1 refunded transaction(s) totalling $49.00.
Refund,CUST-3174ac82,499.0,499.0,1,"Review refund reason. If product issue, escalate to engineering. If billing error, correct and re-invoice.",1 refunded transaction(s) totalling $499.00.
Refund,CUST-323b2f3d,199.0,199.0,1,"Review refund reason. If product issue, escalate to engineering. If billing error, correct and re-invoice.",1 refunded transaction(s) totalling $199.00.
Refund,CUST-3895484d,49.0,49.0,1,"Review refund reason. If product issue, escalate to engineering. If billing error, correct and re-invoice.",1 refunded transaction(s) totalling $49.00.
Refund,CUST-39164db8,398.0,398.0,1,"Review refund reason. If product issue, escalate to engineering. If billing error, correct and re-invoice.",2 refunded transaction(s) totalling $398.00.
Refund,CUST-3a3c4315,49.0,49.0,1,"Review refund reason. If product issue, escalate to engineering. If billing error, correct and re-invoice.",1 refunded transaction(s) totalling $49.00.
Refund,CUST-3ab79b3f,499.0,499.0,1,"Review refund reason. If product issue, escalate to engineering. If billing error, correct and re-invoice.",1 refunded transaction(s) totalling $499.00.
Refund,CUST-3b20d8b3,499.0,499.0,1,"Review refund reason. If product issue, escalate to engineering. If billing error, correct and re-invoice.",1 refunded transaction(s) totalling $499.00.
Refund,CUST-3b801d0e,499.0,499.0,1,"Review refund reason. If product issue, escalate to engineering. If billing error, correct and re-invoice.",1 refunded transaction(s) totalling $499.00.
Refund,CUST-3bc52bad,398.0,398.0,1,"Review refund reason. If product issue, escalate to engineering. If billing error, correct and re-invoice.",2 refunded transaction(s) totalling $398.00.
Refund,CUST-3cf4e609,49.0,49.0,1,"Review refund reason. If product issue, escalate to engineering. If billing error, correct and re-invoice.",1 refunded transaction(s) totalling $49.00.
Refund,CUST-3fac006b,49.0,49.0,1,"Review refund reason. If product issue, escalate to engineering. If billing error, correct and re-invoice.",1 refunded transaction(s) totalling $49.00.
Refund,CUST-43a3669c,49.0,49.0,1,"Review refund reason. If product issue, escalate to engineering. If billing error, correct and re-invoice.",1 refunded transaction(s) totalling $49.00.
Refund,CUST-43e0b0e0,98.0,98.0,1,"Review refund reason. If product issue, escalate to engineering. If billing error, correct and re-invoice.",2 refunded transaction(s) totalling $98.00.
Refund,CUST-46ddaab4,998.0,998.0,1,"Review refund reason. If product issue, escalate to engineering. If billing error, correct and re-invoice.",2 refunded transaction(s) totalling $998.00.
Refund,CUST-4c613a85,98.0,98.0,1,"Review refund reason. If product issue, escalate to engineering. If billing error, correct and re-invoice.",2 refunded transaction(s) totalling $98.00.
Refund,CUST-4d4b96cf,199.0,199.0,1,"Review refund reason. If product issue, escalate to engineering. If billing error, correct and re-invoice.",1 refunded transaction(s) totalling $199.00.
Refund,CUST-4d61ad94,49.0,49.0,1,"Review refund reason. If product issue, escalate to engineering. If billing error, correct and re-invoice.",1 refunded transaction(s) totalling $49.00.
Refund,CUST-4f0a5c3e,49.0,49.0,1,"Review refund reason. If product issue, escalate to engineering. If billing error, correct and re-invoice.",1 refunded transaction(s) totalling $49.00.
Refund,CUST-4f2289a0,398.0,398.0,1,"Review refund reason. If product issue, escalate to engineering. If billing error, correct and re-invoice.",2 refunded transaction(s) totalling $398.00.
Refund,CUST-4f59ecea,199.0,199.0,1,"Review refund reason. If product issue, escalate to engineering. If billing error, correct and re-invoice.",1 refunded transaction(s) totalling $199.00.
Refund,CUST-50e69591,49.0,49.0,1,"Review refund reason. If product issue, escalate to engineering. If billing error, correct and re-invoice.",1 refunded transaction(s) totalling $49.00.
Refund,CUST-513f13e0,199.0,199.0,1,"Review refund reason. If product issue, escalate to engineering. If billing error, correct and re-invoice.",1 refunded transaction(s) totalling $199.00.
Refund,CUST-51bd91fa,49.0,49.0,1,"Review refund reason. If product issue, escalate to engineering. If billing error, correct and re-invoice.",1 refunded transaction(s) totalling $49.00.
Refund,CUST-528e7eab,499.0,499.0,1,"Review refund reason. If product issue, escalate to engineering. If billing error, correct and re-invoice.",1 refunded transaction(s) totalling $499.00.
Refund,CUST-5370bd52,199.0,199.0,1,"Review refund reason. If product issue, escalate to engineering. If billing error, correct and re-invoice.",1 refunded transaction(s) totalling $199.00.
Refund,CUST-547054f5,199.0,199.0,1,"Review refund reason. If product issue, escalate to engineering. If billing error, correct and re-invoice.",1 refunded transaction(s) totalling $199.00.
Refund,CUST-5543aefe,49.0,49.0,1,"Review refund reason. If product issue, escalate to engineering. If billing error, correct and re-invoice.",1 refunded transaction(s) totalling $49.00.
Refund,CUST-578cba9f,199.0,199.0,1,"Review refund reason. If product issue, escalate to engineering. If billing error, correct and re-invoice.",1 refunded transaction(s) totalling $199.00.
Refund,CUST-593f6c8d,199.0,199.0,1,"Review refund reason. If product issue, escalate to engineering. If billing error, correct and re-invoice.",1 refunded transaction(s) totalling $199.00.
Refund,CUST-5a2cdd40,49.0,49.0,1,"Review refund reason. If product issue, escalate to engineering. If billing error, correct and re-invoice.",1 refunded transaction(s) totalling $49.00.
Refund,CUST-5a84f77e,49.0,49.0,1,"Review refund reason. If product issue, escalate to engineering. If billing error, correct and re-invoice.",1 refunded transaction(s) totalling $49.00.
Refund,CUST-5be71367,49.0,49.0,1,"Review refund reason. If product issue, escalate to engineering. If billing error, correct and re-invoice.",1 refunded transaction(s) totalling $49.00.
Refund,CUST-5eb3c3b8,49.0,49.0,1,"Review refund reason. If product issue, escalate to engineering. If billing error, correct and re-invoice.",1 refunded transaction(s) totalling $49.00.
Refund,CUST-604e12dd,49.0,49.0,1,"Review refund reason. If product issue, escalate to engineering. If billing error, correct and re-invoice.",1 refunded transaction(s) totalling $49.00.
Refund,CUST-60da49cd,49.0,49.0,1,"Review refund reason. If product issue, escalate to engineering. If billing error, correct and re-invoice.",1 refunded transaction(s) totalling $49.00.
Refund,CUST-654f2566,49.0,49.0,1,"Review refund reason. If product issue, escalate to engineering. If billing error, correct and re-invoice.",1 refunded transaction(s) totalling $49.00.
Refund,CUST-657e21b8,49.0,49.0,1,"Review refund reason. If product issue, escalate to engineering. If billing error, correct and re-invoice.",1 refunded transaction(s) totalling $49.00.
Refund,CUST-66502c44,199.0,199.0,1,"Review refund reason. If product issue, escalate to engineering. If billing error, correct and re-invoice.",1 refunded transaction(s) totalling $199.00.
Refund,CUST-66b806aa,398.0,398.0,1,"Review refund reason. If product issue, escalate to engineering. If billing error, correct and re-invoice.",2 refunded transaction(s) totalling $398.00.
Refund,CUST-67483be3,499.0,499.0,1,"Review refund reason. If product issue, escalate to engineering. If billing error, correct and re-invoice.",1 refunded transaction(s) totalling $499.00.
Refund,CUST-67e9cec6,499.0,499.0,1,"Review refund reason. If product issue, escalate to engineering. If billing error, correct and re-invoice.",1 refunded transaction(s) totalling $499.00.
Refund,CUST-6a554766,199.0,199.0,1,"Review refund reason. If product issue, escalate to engineering. If billing error, correct and re-invoice.",1 refunded transaction(s) totalling $199.00.
Refund,CUST-6a8bea0c,1999.0,1999.0,1,"Review refund reason. If product issue, escalate to engineering. If billing error, correct and re-invoice.","1 refunded transaction(s) totalling $1,999.00."
Refund,CUST-6b1b1fa5,499.0,499.0,1,"Review refund reason. If product issue, escalate to engineering. If billing error, correct and re-invoice.",1 refunded transaction(s) totalling $499.00.
Refund,CUST-6c893f3e,199.0,199.0,1,"Review refund reason. If product issue, escalate to engineering. If billing error, correct and re-invoice.",1 refunded transaction(s) totalling $199.00.
Refund,CUST-6e22c256,98.0,98.0,1,"Review refund reason. If product issue, escalate to engineering. If billing error, correct and re-invoice.",2 refunded transaction(s) totalling $98.00.
Refund,CUST-6fbccc54,499.0,499.0,1,"Review refund reason. If product issue, escalate to engineering. If billing error, correct and re-invoice.",1 refunded transaction(s) totalling $499.00.
Refund,CUST-70bb5d0f,49.0,49.0,1,"Review refund reason. If product issue, escalate to engineering. If billing error, correct and re-invoice.",1 refunded transaction(s) totalling $49.00.
Refund,CUST-71ddaf9d,49.0,49.0,1,"Review refund reason. If product issue, escalate to engineering. If billing error, correct and re-invoice.",1 refunded transaction(s) totalling $49.00.
Refund,CUST-74d4074a,499.0,499.0,1,"Review refund reason. If product issue, escalate to engineering. If billing error, correct and re-invoice.",1 refunded transaction(s) totalling $499.00.
Refund,CUST-7538e404,199.0,199.0,1,"Review refund reason. If product issue, escalate to engineering. If billing error, correct and re-invoice.",1 refunded transaction(s) totalling $199.00.
Refund,CUST-75a2d98b,199.0,199.0,1,"Review refund reason. If product issue, escalate to engineering. If billing error, correct and re-invoice.",1 refunded transaction(s) totalling $199.00.
Refund,CUST-77c1cf00,1999.0,1999.0,1,"Review refund reason. If product issue, escalate to engineering. If billing error, correct and re-invoice.","1 refunded transaction(s) totalling $1,999.00."
Refund,CUST-7a2f88e9,199.0,199.0,1,"Review refund reason. If product issue, escalate to engineering. If billing error, correct and re-invoice.",1 refunded transaction(s) totalling $199.00.
Refund,CUST-7bcf372b,49.0,49.0,1,"Review refund reason. If product issue, escalate to engineering. If billing error, correct and re-invoice.",1 refunded transaction(s) totalling $49.00.
Refund,CUST-7d8148a0,49.0,49.0,1,"Review refund reason. If product issue, escalate to engineering. If billing error, correct and re-invoice.",1 refunded transaction(s) totalling $49.00.
Refund,CUST-80002605,199.0,199.0,1,"Review refund reason. If product issue, escalate to engineering. If billing error, correct and re-invoice.",1 refunded transaction(s) totalling $199.00.
Refund,CUST-8144fd0d,1999.0,1999.0,1,"Review refund reason. If product issue, escalate to engineering. If billing error, correct and re-invoice.","1 refunded transaction(s) totalling $1,999.00."
Refund,CUST-843b49fc,499.0,499.0,1,"Review refund reason. If product issue, escalate to engineering. If billing error, correct and re-invoice.",1 refunded transaction(s) totalling $499.00.
Refund,CUST-843d21ee,998.0,998.0,1,"Review refund reason. If product issue, escalate to engineering. If billing error, correct and re-invoice.",2 refunded transaction(s) totalling $998.00.
Refund,CUST-849d9a28,49.0,49.0,1,"Review refund reason. If product issue, escalate to engineering. If billing error, correct and re-invoice.",1 refunded transaction(s) totalling $49.00.
Refund,CUST-849effe9,49.0,49.0,1,"Review refund reason. If product issue, escalate to engineering. If billing error, correct and re-invoice.",1 refunded transaction(s) totalling $49.00.
Refund,CUST-8536506a,199.0,199.0,1,"Review refund reason. If product issue, escalate to engineering. If billing error, correct and re-invoice.",1 refunded transaction(s) totalling $199.00.
Refund,CUST-85cef7dd,49.0,49.0,1,"Review refund reason. If product issue, escalate to engineering. If billing error, correct and re-invoice.",1 refunded transaction(s) totalling $49.00.
Refund,CUST-88710e47,49.0,49.0,1,"Review refund reason. If product issue, escalate to engineering. If billing error, correct and re-invoice.",1 refunded transaction(s) totalling $49.00.
Refund,CUST-893e1d87,499.0,499.0,1,"Review refund reason. If product issue, escalate to engineering. If billing error, correct and re-invoice.",1 refunded transaction(s) totalling $499.00.
Refund,CUST-89b542f1,199.0,199.0,1,"Review refund reason. If product issue, escalate to engineering. If billing error, correct and re-invoice.",1 refunded transaction(s) totalling $199.00.
Refund,CUST-8aad30ab,49.0,49.0,1,"Review refund reason. If product issue, escalate to engineering. If billing error, correct and re-invoice.",1 refunded transaction(s) totalling $49.00.
Refund,CUST-8af1640a,199.0,199.0,1,"Review refund reason. If product issue, escalate to engineering. If billing error, correct and re-invoice.",1 refunded transaction(s) totalling $199.00.
Refund,CUST-8cca6b6d,398.0,398.0,1,"Review refund reason. If product issue, escalate to engineering. If billing error, correct and re-invoice.",2 refunded transaction(s) totalling $398.00.
Refund,CUST-8dbb3806,49.0,49.0,1,"Review refund reason. If product issue, escalate to engineering. If billing error, correct and re-invoice.",1 refunded transaction(s) totalling $49.00.
Refund,CUST-8f72dc14,49.0,49.0,1,"Review refund reason. If product issue, escalate to engineering. If billing error, correct and re-invoice.",1 refunded transaction(s) totalling $49.00.
Refund,CUST-92c57a47,199.0,199.0,1,"Review refund reason. If product issue, escalate to engineering. If billing error, correct and re-invoice.",1 refunded transaction(s) totalling $199.00.
Refund,CUST-92e22df9,98.0,98.0,1,"Review refund reason. If product issue, escalate to engineering. If billing error, correct and re-invoice.",2 refunded transaction(s) totalling $98.00.
Refund,CUST-93bbdd37,49.0,49.0,1,"Review refund reason. If product issue, escalate to engineering. If billing error, correct and re-invoice.",1 refunded transaction(s) totalling $49.00.
Refund,CUST-97c45d61,499.0,499.0,1,"Review refund reason. If product issue, escalate to engineering. If billing error, correct and re-invoice.",1 refunded transaction(s) totalling $499.00.
Refund,CUST-97cbde60,199.0,199.0,1,"Review refund reason. If product issue, escalate to engineering. If billing error, correct and re-invoice.",1 refunded transaction(s) totalling $199.00.
Refund,CUST-97d3d8e4,199.0,199.0,1,"Review refund reason. If product issue, escalate to engineering. If billing error, correct and re-invoice.",1 refunded transaction(s) totalling $199.00.
Refund,CUST-99da3e5a,499.0,499.0,1,"Review refund reason. If product issue, escalate to engineering. If billing error, correct and re-invoice.",1 refunded transaction(s) totalling $499.00.
Refund,CUST-9b8f1b99,499.0,499.0,1,"Review refund reason. If product issue, escalate to engineering. If billing error, correct and re-invoice.",1 refunded transaction(s) totalling $499.00.
Refund,CUST-9ca4d98d,3998.0,3998.0,1,"Review refund reason. If product issue, escalate to engineering. If billing error, correct and re-invoice.","2 refunded transaction(s) totalling $3,998.00."
Refund,CUST-9d2ca3e2,49.0,49.0,1,"Review refund reason. If product issue, escalate to engineering. If billing error, correct and re-invoice.",1 refunded transaction(s) totalling $49.00.
Refund,CUST-9ebe17bf,49.0,49.0,1,"Review refund reason. If product issue, escalate to engineering. If billing error, correct and re-invoice.",1 refunded transaction(s) totalling $49.00.
Refund,CUST-a20ed4e4,199.0,199.0,1,"Review refund reason. If product issue, escalate to engineering. If billing error, correct and re-invoice.",1 refunded transaction(s) totalling $199.00.
Refund,CUST-a2554258,499.0,499.0,1,"Review refund reason. If product issue, escalate to engineering. If billing error, correct and re-invoice.",1 refunded transaction(s) totalling $499.00.
Refund,CUST-a529969e,49.0,49.0,1,"Review refund reason. If product issue, escalate to engineering. If billing error, correct and re-invoice.",1 refunded transaction(s) totalling $49.00.
Refund,CUST-a539d8a4,199.0,199.0,1,"Review refund reason. If product issue, escalate to engineering. If billing error, correct and re-invoice.",1 refunded transaction(s) totalling $199.00.
Refund,CUST-a6d9fd4c,1999.0,1999.0,1,"Review refund reason. If product issue, escalate to engineering. If billing error, correct and re-invoice.","1 refunded transaction(s) totalling $1,999.00."
Refund,CUST-a9074489,49.0,49.0,1,"Review refund reason. If product issue, escalate to engineering. If billing error, correct and re-invoice.",1 refunded transaction(s) totalling $49.00.
Refund,CUST-aaf94b57,499.0,499.0,1,"Review refund reason. If product issue, escalate to engineering. If billing error, correct and re-invoice.",1 refunded transaction(s) totalling $499.00.
Refund,CUST-ad91b077,398.0,398.0,1,"Review refund reason. If product issue, escalate to engineering. If billing error, correct and re-invoice.",2 refunded transaction(s) totalling $398.00.
Refund,CUST-aeb331e5,199.0,199.0,1,"Review refund reason. If product issue, escalate to engineering. If billing error, correct and re-invoice.",1 refunded transaction(s) totalling $199.00.
Refund,CUST-b2079426,199.0,199.0,1,"Review refund reason. If product issue, escalate to engineering. If billing error, correct and re-invoice.",1 refunded transaction(s) totalling $199.00.
Refund,CUST-b321b91d,199.0,199.0,1,"Review refund reason. If product issue, escalate to engineering. If billing error, correct and re-invoice.",1 refunded transaction(s) totalling $199.00.
Refund,CUST-b816b9ad,199.0,199.0,1,"Review refund reason. If product issue, escalate to engineering. If billing error, correct and re-invoice.",1 refunded transaction(s) totalling $199.00.
Refund,CUST-b95eeb34,998.0,998.0,1,"Review refund reason. If product issue, escalate to engineering. If billing error, correct and re-invoice.",2 refunded transaction(s) totalling $998.00.
Refund,CUST-bb1f88f4,1999.0,1999.0,1,"Review refund reason. If product issue, escalate to engineering. If billing error, correct and re-invoice.","1 refunded transaction(s) totalling $1,999.00."
Refund,CUST-bb5500cf,499.0,499.0,1,"Review refund reason. If product issue, escalate to engineering. If billing error, correct and re-invoice.",1 refunded transaction(s) totalling $499.00.
Refund,CUST-bc3fb2d0,499.0,499.0,1,"Review refund reason. If product issue, escalate to engineering. If billing error, correct and re-invoice.",1 refunded transaction(s) totalling $499.00.
Refund,CUST-bf6d8b31,49.0,49.0,1,"Review refund reason. If product issue, escalate to engineering. If billing error, correct and re-invoice.",1 refunded transaction(s) totalling $49.00.
Refund,CUST-c0ff1e61,199.0,199.0,1,"Review refund reason. If product issue, escalate to engineering. If billing error, correct and re-invoice.",1 refunded transaction(s) totalling $199.00.
Refund,CUST-c391e66e,49.0,49.0,1,"Review refund reason. If product issue, escalate to engineering. If billing error, correct and re-invoice.",1 refunded transaction(s) totalling $49.00.
Refund,CUST-c4728ad9,499.0,499.0,1,"Review refund reason. If product issue, escalate to engineering. If billing error, correct and re-invoice.",1 refunded transaction(s) totalling $499.00.
Refund,CUST-c6948307,499.0,499.0,1,"Review refund reason. If product issue, escalate to engineering. If billing error, correct and re-invoice.",1 refunded transaction(s) totalling $499.00.
Refund,CUST-c6ec3702,199.0,199.0,1,"Review refund reason. If product issue, escalate to engineering. If billing error, correct and re-invoice.",1 refunded transaction(s) totalling $199.00.
Refund,CUST-c7b40f76,199.0,199.0,1,"Review refund reason. If product issue, escalate to engineering. If billing error, correct and re-invoice.",1 refunded transaction(s) totalling $199.00.
Refund,CUST-c7fa1a97,199.0,199.0,1,"Review refund reason. If product issue, escalate to engineering. If billing error, correct and re-invoice.",1 refunded transaction(s) totalling $199.00.
Refund,CUST-c889d6b0,199.0,199.0,1,"Review refund reason. If product issue, escalate to engineering. If billing error, correct and re-invoice.",1 refunded transaction(s) totalling $199.00.
Refund,CUST-c88f1e95,49.0,49.0,1,"Review refund reason. If product issue, escalate to engineering. If billing error, correct and re-invoice.",1 refunded transaction(s) totalling $49.00.
Refund,CUST-c8a35565,98.0,98.0,1,"Review refund reason. If product issue, escalate to engineering. If billing error, correct and re-invoice.",2 refunded transaction(s) totalling $98.00.
Refund,CUST-c90923f3,49.0,49.0,1,"Review refund reason. If product issue, escalate to engineering. If billing error, correct and re-invoice.",1 refunded transaction(s) totalling $49.00.
Refund,CUST-cd00e746,1999.0,1999.0,1,"Review refund reason. If product issue, escalate to engineering. If billing error, correct and re-invoice.","1 refunded transaction(s) totalling $1,999.00."
Refund,CUST-cd0178e3,49.0,49.0,1,"Review refund reason. If product issue, escalate to engineering. If billing error, correct and re-invoice.",1 refunded transaction(s) totalling $49.00.
Refund,CUST-d0c05d39,199.0,199.0,1,"Review refund reason. If product issue, escalate to engineering. If billing error, correct and re-invoice.",1 refunded transaction(s) totalling $199.00.
Refund,CUST-d0f6339f,199.0,199.0,1,"Review refund reason. If product issue, escalate to engineering. If billing error, correct and re-invoice.",1 refunded transaction(s) totalling $199.00.
Refund,CUST-d2a83c0c,499.0,499.0,1,"Review refund reason. If product issue, escalate to engineering. If billing error, correct and re-invoice.",1 refunded transaction(s) totalling $499.00.
Refund,CUST-d5780f73,1999.0,1999.0,1,"Review refund reason. If product issue, escalate to engineering. If billing error, correct and re-invoice.","1 refunded transaction(s) totalling $1,999.00."
Refund,CUST-d5c013fe,98.0,98.0,1,"Review refund reason. If product issue, escalate to engineering. If billing error, correct and re-invoice.",2 refunded transaction(s) totalling $98.00.
Refund,CUST-d6b30fde,199.0,199.0,1,"Review refund reason. If product issue, escalate to engineering. If billing error, correct and re-invoice.",1 refunded transaction(s) totalling $199.00.
Refund,CUST-d8e1f3cd,199.0,199.0,1,"Review refund reason. If product issue, escalate to engineering. If billing error, correct and re-invoice.",1 refunded transaction(s) totalling $199.00.
Refund,CUST-da152191,98.0,98.0,1,"Review refund reason. If product issue, escalate to engineering. If billing error, correct and re-invoice.",2 refunded transaction(s) totalling $98.00.
Refund,CUST-dbae06c1,199.0,199.0,1,"Review refund reason. If product issue, escalate to engineering. If billing error, correct and re-invoice.",1 refunded transaction(s) totalling $199.00.
Refund,CUST-dc05df28,499.0,499.0,1,"Review refund reason. If product issue, escalate to engineering. If billing error, correct and re-invoice.",1 refunded transaction(s) totalling $499.00.
Refund,CUST-ddb1e5a1,49.0,49.0,1,"Review refund reason. If product issue, escalate to engineering. If billing error, correct and re-invoice.",1 refunded transaction(s) totalling $49.00.
Refund,CUST-e15d4838,199.0,199.0,1,"Review refund reason. If product issue, escalate to engineering. If billing error, correct and re-invoice.",1 refunded transaction(s) totalling $199.00.
Refund,CUST-e2fd37f4,49.0,49.0,1,"Review refund reason. If product issue, escalate to engineering. If billing error, correct and re-invoice.",1 refunded transaction(s) totalling $49.00.
Refund,CUST-e56b6a7e,49.0,49.0,1,"Review refund reason. If product issue, escalate to engineering. If billing error, correct and re-invoice.",1 refunded transaction(s) totalling $49.00.
Refund,CUST-e6e99c24,49.0,49.0,1,"Review refund reason. If product issue, escalate to engineering. If billing error, correct and re-invoice.",1 refunded transaction(s) totalling $49.00.
Refund,CUST-e867116b,499.0,499.0,1,"Review refund reason. If product issue, escalate to engineering. If billing error, correct and re-invoice.",1 refunded transaction(s) totalling $499.00.
Refund,CUST-e90c6e55,1999.0,1999.0,1,"Review refund reason. If product issue, escalate to engineering. If billing error, correct and re-invoice.","1 refunded transaction(s) totalling $1,999.00."
Refund,CUST-e998d1f7,147.0,147.0,1,"Review refund reason. If product issue, escalate to engineering. If billing error, correct and re-invoice.",3 refunded transaction(s) totalling $147.00.
Refund,CUST-e9f5ab3a,1999.0,1999.0,1,"Review refund reason. If product issue, escalate to engineering. If billing error, correct and re-invoice.","1 refunded transaction(s) totalling $1,999.00."
Refund,CUST-eb5dfa56,199.0,199.0,1,"Review refund reason. If product issue, escalate to engineering. If billing error, correct and re-invoice.",1 refunded transaction(s) totalling $199.00.
Refund,CUST-f080fb6f,49.0,49.0,1,"Review refund reason. If product issue, escalate to engineering. If billing error, correct and re-invoice.",1 refunded transaction(s) totalling $49.00.
Refund,CUST-f458a803,1999.0,1999.0,1,"Review refund reason. If product issue, escalate to engineering. If billing error, correct and re-invoice.","1 refunded transaction(s) totalling $1,999.00."
Refund,CUST-f5a87457,49.0,49.0,1,"Review refund reason. If product issue, escalate to engineering. If billing error, correct and re-invoice.",1 refunded transaction(s) totalling $49.00.
Refund,CUST-f9cd69e2,199.0,199.0,1,"Review refund reason. If product issue, escalate to engineering. If billing error, correct and re-invoice.",1 refunded transaction(s) totalling $199.00.
Refund,CUST-fd010587,199.0,199.0,1,"Review refund reason. If product issue, escalate to engineering. If billing error, correct and re-invoice.",1 refunded transaction(s) totalling $199.00.
Refund,CUST-fd71a399,98.0,98.0,1,"Review refund reason. If product issue, escalate to engineering. If billing error, correct and re-invoice.",2 refunded transaction(s) totalling $98.00.
Unpaid Active Subscription,CUST-17269a71,199.0,199.0,1,Escalate to finance for account hold review. Send formal payment demand notice.,Subscription SUB-834b46d5 is Past Due — $199.00/month outstanding.
Unpaid Active Subscription,CUST-7b8cf758,499.0,499.0,1,Escalate to finance for account hold review. Send formal payment demand notice.,Subscription SUB-5be79af9 is Past Due — $499.00/month outstanding.
Unpaid Active Subscription,CUST-f4d964ed,199.0,199.0,1,Escalate to finance for account hold review. Send formal payment demand notice.,Subscription SUB-17ba2da0 is Past Due — $199.00/month outstanding.
Unpaid Active Subscription,CUST-340e7725,499.0,499.0,1,Escalate to finance for account hold review. Send formal payment demand notice.,Subscription SUB-eb0a2084 is Past Due — $499.00/month outstanding.
Unpaid Active Subscription,CUST-094a36e5,49.0,49.0,1,Escalate to finance for account hold review. Send formal payment demand notice.,Subscription SUB-8faa4186 is Past Due — $49.00/month outstanding.
Unpaid Active Subscription,CUST-1457d3bd,49.0,49.0,1,Escalate to finance for account hold review. Send formal payment demand notice.,Subscription SUB-c4580ef7 is Past Due — $49.00/month outstanding.
Unpaid Active Subscription,CUST-3f245dee,49.0,49.0,1,Escalate to finance for account hold review. Send formal payment demand notice.,Subscription SUB-1b0e65bf is Past Due — $49.00/month outstanding.
Unpaid Active Subscription,CUST-610f92e4,1999.0,1999.0,1,Escalate to finance for account hold review. Send formal payment demand notice.,"Subscription SUB-6872f83b is Past Due — $1,999.00/month outstanding."
Unpaid Active Subscription,CUST-232711c2,49.0,49.0,1,Escalate to finance for account hold review. Send formal payment demand notice.,Subscription SUB-65a3e594 is Past Due — $49.00/month outstanding.
Unpaid Active Subscription,CUST-0f90ff0d,199.0,199.0,1,Escalate to finance for account hold review. Send formal payment demand notice.,Subscription SUB-0b823ac1 is Past Due — $199.00/month outstanding.
Unpaid Active Subscription,CUST-80b10761,199.0,199.0,1,Escalate to finance for account hold review. Send formal payment demand notice.,Subscription SUB-70431f73 is Past Due — $199.00/month outstanding.
Unpaid Active Subscription,CUST-bae02249,49.0,49.0,1,Escalate to finance for account hold review. Send formal payment demand notice.,Subscription SUB-2da3ed99 is Past Due — $49.00/month outstanding.
Unpaid Active Subscription,CUST-a20ed4e4,199.0,199.0,1,Escalate to finance for account hold review. Send formal payment demand notice.,Subscription SUB-f8e61905 is Past Due — $199.00/month outstanding.
Unpaid Active Subscription,CUST-cd0178e3,49.0,49.0,1,Escalate to finance for account hold review. Send formal payment demand notice.,Subscription SUB-9bce47eb is Past Due — $49.00/month outstanding.
Unpaid Active Subscription,CUST-43e0b0e0,49.0,49.0,1,Escalate to finance for account hold review. Send formal payment demand notice.,Subscription SUB-c2a40952 is Past Due — $49.00/month outstanding.
Unpaid Active Subscription,CUST-dc05df28,499.0,499.0,1,Escalate to finance for account hold review. Send formal payment demand notice.,Subscription SUB-57c658e5 is Past Due — $499.00/month outstanding.
Unpaid Active Subscription,CUST-072b1423,199.0,199.0,1,Escalate to finance for account hold review. Send formal payment demand notice.,Subscription SUB-960aaa66 is Past Due — $199.00/month outstanding.
Unpaid Active Subscription,CUST-96beef23,1999.0,1999.0,1,Escalate to finance for account hold review. Send formal payment demand notice.,"Subscription SUB-66134275 is Past Due — $1,999.00/month outstanding."
Unpaid Active Subscription,CUST-8108d030,199.0,199.0,1,Escalate to finance for account hold review. Send formal payment demand notice.,Subscription SUB-406475bd is Past Due — $199.00/month outstanding.
Unpaid Active Subscription,CUST-3027e654,49.0,49.0,1,Escalate to finance for account hold review. Send formal payment demand notice.,Subscription SUB-797bb411 is Past Due — $49.00/month outstanding.
Unpaid Active Subscription,CUST-5bcaafb6,49.0,49.0,1,Escalate to finance for account hold review. Send formal payment demand notice.,Subscription SUB-01acc3b1 is Past Due — $49.00/month outstanding.
Unpaid Active Subscription,CUST-f7be4774,49.0,49.0,1,Escalate to finance for account hold review. Send formal payment demand notice.,Subscription SUB-3aa42713 is Past Due — $49.00/month outstanding.
Unpaid Active Subscription,CUST-8b51999d,49.0,49.0,1,Escalate to finance for account hold review. Send formal payment demand notice.,Subscription SUB-83762705 is Past Due — $49.00/month outstanding.
Unpaid Active Subscription,CUST-23530c93,49.0,49.0,1,Escalate to finance for account hold review. Send formal payment demand notice.,Subscription SUB-96c884e0 is Past Due — $49.00/month outstanding.
Unpaid Active Subscription,CUST-e6495725,49.0,49.0,1,Escalate to finance for account hold review. Send formal payment demand notice.,Subscription SUB-e87ccd30 is Past Due — $49.00/month outstanding.
Unpaid Active Subscription,CUST-36deabfb,1999.0,1999.0,1,Escalate to finance for account hold review. Send formal payment demand notice.,"Subscription SUB-cfe811b4 is Past Due — $1,999.00/month outstanding."
Unpaid Active Subscription,CUST-3272677f,49.0,49.0,1,Escalate to finance for account hold review. Send formal payment demand notice.,Subscription SUB-c007b584 is Past Due — $49.00/month outstanding.
Unpaid Active Subscription,CUST-b15747f3,49.0,49.0,1,Escalate to finance for account hold review. Send formal payment demand notice.,Subscription SUB-12dadc8a is Past Due — $49.00/month outstanding.
Unpaid Active Subscription,CUST-d29ebc01,49.0,49.0,1,Escalate to finance for account hold review. Send formal payment demand notice.,Subscription SUB-e9f0482a is Past Due — $49.00/month outstanding.
Unpaid Active Subscription,CUST-0d90f12a,499.0,499.0,1,Escalate to finance for account hold review. Send formal payment demand notice.,Subscription SUB-dc88ba9f is Past Due — $499.00/month outstanding.
Unpaid Active Subscription,CUST-da55b209,499.0,499.0,1,Escalate to finance for account hold review. Send formal payment demand notice.,Subscription SUB-9474c2d5 is Past Due — $499.00/month outstanding.
Unpaid Active Subscription,CUST-2bd38945,499.0,499.0,1,Escalate to finance for account hold review. Send formal payment demand notice.,Subscription SUB-dcc4c2e2 is Past Due — $499.00/month outstanding.
Unpaid Active Subscription,CUST-d5e13a88,199.0,199.0,1,Escalate to finance for account hold review. Send formal payment demand notice.,Subscription SUB-6a047828 is Past Due — $199.00/month outstanding.
Unpaid Active Subscription,CUST-118b91d9,199.0,199.0,1,Escalate to finance for account hold review. Send formal payment demand notice.,Subscription SUB-4d3b7fb5 is Past Due — $199.00/month outstanding.
Unpaid Active Subscription,CUST-dc0be26b,1999.0,1999.0,1,Escalate to finance for account hold review. Send formal payment demand notice.,"Subscription SUB-0f64ae39 is Past Due — $1,999.00/month outstanding."
Unpaid Active Subscription,CUST-918bee6e,199.0,199.0,1,Escalate to finance for account hold review. Send formal payment demand notice.,Subscription SUB-0bca8545 is Past Due — $199.00/month outstanding.
Unpaid Active Subscription,CUST-843b49fc,499.0,499.0,1,Escalate to finance for account hold review. Send formal payment demand notice.,Subscription SUB-de21306a is Past Due — $499.00/month outstanding.
Unpaid Active Subscription,CUST-221d09b1,49.0,49.0,1,Escalate to finance for account hold review. Send formal payment demand notice.,Subscription SUB-5d962f0d is Past Due — $49.00/month outstanding.
Unpaid Active Subscription,CUST-2f356adc,499.0,499.0,1,Escalate to finance for account hold review. Send formal payment demand notice.,Subscription SUB-c9f4641b is Past Due — $499.00/month outstanding.
Unpaid Active Subscription,CUST-065ea90c,1999.0,1999.0,1,Escalate to finance for account hold review. Send formal payment demand notice.,"Subscription SUB-700becda is Past Due — $1,999.00/month outstanding."
Unpaid Active Subscription,CUST-37c5940e,199.0,199.0,1,Escalate to finance for account hold review. Send formal payment demand notice.,Subscription SUB-526d5c98 is Past Due — $199.00/month outstanding.
Unpaid Active Subscription,CUST-8144fd0d,1999.0,1999.0,1,Escalate to finance for account hold review. Send formal payment demand notice.,"Subscription SUB-697945ab is Past Due — $1,999.00/month outstanding."
Unpaid Active Subscription,CUST-86882a24,499.0,499.0,1,Escalate to finance for account hold review. Send formal payment demand notice.,Subscription SUB-1f9f669c is Past Due — $499.00/month outstanding.
Unpaid Active Subscription,CUST-08c53e14,49.0,49.0,1,Escalate to finance for account hold review. Send formal payment demand notice.,Subscription SUB-d7d7d5c0 is Past Due — $49.00/month outstanding.
Unpaid Active Subscription,CUST-938299d8,499.0,499.0,1,Escalate to finance for account hold review. Send formal payment demand notice.,Subscription SUB-2a324968 is Past Due — $499.00/month outstanding.
Unpaid Active Subscription,CUST-08925c36,49.0,49.0,1,Escalate to finance for account hold review. Send formal payment demand notice.,Subscription SUB-710f0cac is Past Due — $49.00/month outstanding.
Unpaid Active Subscription,CUST-fdc1c0ec,49.0,49.0,1,Escalate to finance for account hold review. Send formal payment demand notice.,Subscription SUB-4a074390 is Past Due — $49.00/month outstanding.
Unpaid Active Subscription,CUST-b78ed81a,49.0,49.0,1,Escalate to finance for account hold review. Send formal payment demand notice.,Subscription SUB-e99d664b is Past Due — $49.00/month outstanding.
Unpaid Active Subscription,CUST-04eb2a9d,49.0,49.0,1,Escalate to finance for account hold review. Send formal payment demand notice.,Subscription SUB-08ee948f is Past Due — $49.00/month outstanding.
Unpaid Active Subscription,CUST-8abd891d,499.0,499.0,1,Escalate to finance for account hold review. Send formal payment demand notice.,Subscription SUB-49ab6cd8 is Past Due — $499.00/month outstanding.
Unpaid Active Subscription,CUST-ae017018,49.0,49.0,1,Escalate to finance for account hold review. Send formal payment demand notice.,Subscription SUB-14e01685 is Past Due — $49.00/month outstanding.
Unpaid Active Subscription,CUST-97898471,499.0,499.0,1,Escalate to finance for account hold review. Send formal payment demand notice.,Subscription SUB-52b94dc7 is Past Due — $499.00/month outstanding.
Unpaid Active Subscription,CUST-9be879fa,49.0,49.0,1,Escalate to finance for account hold review. Send formal payment demand notice.,Subscription SUB-f9096aa4 is Past Due — $49.00/month outstanding.
Unpaid Active Subscription,CUST-507020f0,199.0,199.0,1,Escalate to finance for account hold review. Send formal payment demand notice.,Subscription SUB-a4217b91 is Past Due — $199.00/month outstanding.
Unpaid Active Subscription,CUST-80149380,499.0,499.0,1,Escalate to finance for account hold review. Send formal payment demand notice.,Subscription SUB-de2aae32 is Past Due — $499.00/month outstanding.
Unpaid Active Subscription,CUST-66502c44,199.0,199.0,1,Escalate to finance for account hold review. Send formal payment demand notice.,Subscription SUB-ae7d4624 is Past Due — $199.00/month outstanding.
Unpaid Active Subscription,CUST-0e2610e0,49.0,49.0,1,Escalate to finance for account hold review. Send formal payment demand notice.,Subscription SUB-e078e7a7 is Past Due — $49.00/month outstanding.
Unpaid Active Subscription,CUST-84aeccf2,499.0,499.0,1,Escalate to finance for account hold review. Send formal payment demand notice.,Subscription SUB-5e614415 is Past Due — $499.00/month outstanding.
Unpaid Active Subscription,CUST-8aab79ce,49.0,49.0,1,Escalate to finance for account hold review. Send formal payment demand notice.,Subscription SUB-72069635 is Past Due — $49.00/month outstanding.
Unpaid Active Subscription,CUST-ca7eff95,199.0,199.0,1,Escalate to finance for account hold review. Send formal payment demand notice.,Subscription SUB-da9a05bf is Past Due — $199.00/month outstanding.
Unpaid Active Subscription,CUST-e3ad43ab,49.0,49.0,1,Escalate to finance for account hold review. Send formal payment demand notice.,Subscription SUB-8849a2a3 is Past Due — $49.00/month outstanding.
Unpaid Active Subscription,CUST-9e3c6478,199.0,199.0,1,Escalate to finance for account hold review. Send formal payment demand notice.,Subscription SUB-48592fba is Past Due — $199.00/month outstanding.
Unpaid Active Subscription,CUST-fb326979,49.0,49.0,1,Escalate to finance for account hold review. Send formal payment demand notice.,Subscription SUB-aee934c8 is Past Due — $49.00/month outstanding.
Unpaid Active Subscription,CUST-16de82b8,499.0,499.0,1,Escalate to finance for account hold review. Send formal payment demand notice.,Subscription SUB-0ecd3355 is Past Due — $499.00/month outstanding.
Unpaid Active Subscription,CUST-50b81a0f,199.0,199.0,1,Escalate to finance for account hold review. Send formal payment demand notice.,Subscription SUB-2a2c2950 is Past Due — $199.00/month outstanding.
Unpaid Active Subscription,CUST-1d8f9187,199.0,199.0,1,Escalate to finance for account hold review. Send formal payment demand notice.,Subscription SUB-fd19d2f9 is Past Due — $199.00/month outstanding.
Unpaid Active Subscription,CUST-8814fd1f,199.0,199.0,1,Escalate to finance for account hold review. Send formal payment demand notice.,Subscription SUB-26d8bcdb is Past Due — $199.00/month outstanding.
Active Usage Without Billing,CUST-6eaac881,0.0,0.0,1,Audit account access. Revoke product access if subscription is Canceled/Expired and no grace period applies.,Customer CUST-6eaac881 has product usage records but no Active or Past Due subscription found.
Active Usage Without Billing,CUST-a686a9a0,0.0,0.0,1,Audit account access. Revoke product access if subscription is Canceled/Expired and no grace period applies.,Customer CUST-a686a9a0 has product usage records but no Active or Past Due subscription found.
Active Usage Without Billing,CUST-12b326ef,0.0,0.0,1,Audit account access. Revoke product access if subscription is Canceled/Expired and no grace period applies.,Customer CUST-12b326ef has product usage records but no Active or Past Due subscription found.
Active Usage Without Billing,CUST-18311f83,0.0,0.0,1,Audit account access. Revoke product access if subscription is Canceled/Expired and no grace period applies.,Customer CUST-18311f83 has product usage records but no Active or Past Due subscription found.
Active Usage Without Billing,CUST-36c8860d,0.0,0.0,1,Audit account access. Revoke product access if subscription is Canceled/Expired and no grace period applies.,Customer CUST-36c8860d has product usage records but no Active or Past Due subscription found.
Active Usage Without Billing,CUST-1800dd8d,0.0,0.0,1,Audit account access. Revoke product access if subscription is Canceled/Expired and no grace period applies.,Customer CUST-1800dd8d has product usage records but no Active or Past Due subscription found.
Active Usage Without Billing,CUST-1d11add5,0.0,0.0,1,Audit account access. Revoke product access if subscription is Canceled/Expired and no grace period applies.,Customer CUST-1d11add5 has product usage records but no Active or Past Due subscription found.
Active Usage Without Billing,CUST-400a8771,0.0,0.0,1,Audit account access. Revoke product access if subscription is Canceled/Expired and no grace period applies.,Customer CUST-400a8771 has product usage records but no Active or Past Due subscription found.
Active Usage Without Billing,CUST-fa9a87d4,0.0,0.0,1,Audit account access. Revoke product access if subscription is Canceled/Expired and no grace period applies.,Customer CUST-fa9a87d4 has product usage records but no Active or Past Due subscription found.
Active Usage Without Billing,CUST-9886d86e,0.0,0.0,1,Audit account access. Revoke product access if subscription is Canceled/Expired and no grace period applies.,Customer CUST-9886d86e has product usage records but no Active or Past Due subscription found.
Active Usage Without Billing,CUST-8f72dc14,0.0,0.0,1,Audit account access. Revoke product access if subscription is Canceled/Expired and no grace period applies.,Customer CUST-8f72dc14 has product usage records but no Active or Past Due subscription found.
Active Usage Without Billing,CUST-99da3e5a,0.0,0.0,1,Audit account access. Revoke product access if subscription is Canceled/Expired and no grace period applies.,Customer CUST-99da3e5a has product usage records but no Active or Past Due subscription found.
Active Usage Without Billing,CUST-f373ac37,0.0,0.0,1,Audit account access. Revoke product access if subscription is Canceled/Expired and no grace period applies.,Customer CUST-f373ac37 has product usage records but no Active or Past Due subscription found.
Active Usage Without Billing,CUST-80093d6e,0.0,0.0,1,Audit account access. Revoke product access if subscription is Canceled/Expired and no grace period applies.,Customer CUST-80093d6e has product usage records but no Active or Past Due subscription found.
Active Usage Without Billing,CUST-f1056bcb,0.0,0.0,1,Audit account access. Revoke product access if subscription is Canceled/Expired and no grace period applies.,Customer CUST-f1056bcb has product usage records but no Active or Past Due subscription found.
Active Usage Without Billing,CUST-89bcb53d,0.0,0.0,1,Audit account access. Revoke product access if subscription is Canceled/Expired and no grace period applies.,Customer CUST-89bcb53d has product usage records but no Active or Past Due subscription found.
Active Usage Without Billing,CUST-f1a7757f,0.0,0.0,1,Audit account access. Revoke product access if subscription is Canceled/Expired and no grace period applies.,Customer CUST-f1a7757f has product usage records but no Active or Past Due subscription found.
Active Usage Without Billing,CUST-067913d0,0.0,0.0,1,Audit account access. Revoke product access if subscription is Canceled/Expired and no grace period applies.,Customer CUST-067913d0 has product usage records but no Active or Past Due subscription found.
Active Usage Without Billing,CUST-b9956851,0.0,0.0,1,Audit account access. Revoke product access if subscription is Canceled/Expired and no grace period applies.,Customer CUST-b9956851 has product usage records but no Active or Past Due subscription found.
Active Usage Without Billing,CUST-57b0cd8d,0.0,0.0,1,Audit account access. Revoke product access if subscription is Canceled/Expired and no grace period applies.,Customer CUST-57b0cd8d has product usage records but no Active or Past Due subscription found.
Active Usage Without Billing,CUST-3b801d0e,0.0,0.0,1,Audit account access. Revoke product access if subscription is Canceled/Expired and no grace period applies.,Customer CUST-3b801d0e has product usage records but no Active or Past Due subscription found.
Active Usage Without Billing,CUST-385168c4,0.0,0.0,1,Audit account access. Revoke product access if subscription is Canceled/Expired and no grace period applies.,Customer CUST-385168c4 has product usage records but no Active or Past Due subscription found.
Active Usage Without Billing,CUST-1790fd5c,0.0,0.0,1,Audit account access. Revoke product access if subscription is Canceled/Expired and no grace period applies.,Customer CUST-1790fd5c has product usage records but no Active or Past Due subscription found.
Active Usage Without Billing,CUST-65cbdad0,0.0,0.0,1,Audit account access. Revoke product access if subscription is Canceled/Expired and no grace period applies.,Customer CUST-65cbdad0 has product usage records but no Active or Past Due subscription found.
Active Usage Without Billing,CUST-57b315d0,0.0,0.0,1,Audit account access. Revoke product access if subscription is Canceled/Expired and no grace period applies.,Customer CUST-57b315d0 has product usage records but no Active or Past Due subscription found.
Active Usage Without Billing,CUST-831fe88f,0.0,0.0,1,Audit account access. Revoke product access if subscription is Canceled/Expired and no grace period applies.,Customer CUST-831fe88f has product usage records but no Active or Past Due subscription found.
Active Usage Without Billing,CUST-44d79622,0.0,0.0,1,Audit account access. Revoke product access if subscription is Canceled/Expired and no grace period applies.,Customer CUST-44d79622 has product usage records but no Active or Past Due subscription found.
Active Usage Without Billing,CUST-593658d7,0.0,0.0,1,Audit account access. Revoke product access if subscription is Canceled/Expired and no grace period applies.,Customer CUST-593658d7 has product usage records but no Active or Past Due subscription found.
Active Usage Without Billing,CUST-b5233288,0.0,0.0,1,Audit account access. Revoke product access if subscription is Canceled/Expired and no grace period applies.,Customer CUST-b5233288 has product usage records but no Active or Past Due subscription found.
Active Usage Without Billing,CUST-5d3253df,0.0,0.0,1,Audit account access. Revoke product access if subscription is Canceled/Expired and no grace period applies.,Customer CUST-5d3253df has product usage records but no Active or Past Due subscription found.
Active Usage Without Billing,CUST-f462e572,0.0,0.0,1,Audit account access. Revoke product access if subscription is Canceled/Expired and no grace period applies.,Customer CUST-f462e572 has product usage records but no Active or Past Due subscription found.
Active Usage Without Billing,CUST-37cb0e9c,0.0,0.0,1,Audit account access. Revoke product access if subscription is Canceled/Expired and no grace period applies.,Customer CUST-37cb0e9c has product usage records but no Active or Past Due subscription found.
Active Usage Without Billing,CUST-378af3ab,0.0,0.0,1,Audit account access. Revoke product access if subscription is Canceled/Expired and no grace period applies.,Customer CUST-378af3ab has product usage records but no Active or Past Due subscription found.
Active Usage Without Billing,CUST-583c9016,0.0,0.0,1,Audit account access. Revoke product access if subscription is Canceled/Expired and no grace period applies.,Customer CUST-583c9016 has product usage records but no Active or Past Due subscription found.
Active Usage Without Billing,CUST-e4aececd,0.0,0.0,1,Audit account access. Revoke product access if subscription is Canceled/Expired and no grace period applies.,Customer CUST-e4aececd has product usage records but no Active or Past Due subscription found.
Active Usage Without Billing,CUST-17918c1c,0.0,0.0,1,Audit account access. Revoke product access if subscription is Canceled/Expired and no grace period applies.,Customer CUST-17918c1c has product usage records but no Active or Past Due subscription found.
Active Usage Without Billing,CUST-5cbaa8ac,0.0,0.0,1,Audit account access. Revoke product access if subscription is Canceled/Expired and no grace period applies.,Customer CUST-5cbaa8ac has product usage records but no Active or Past Due subscription found.
Active Usage Without Billing,CUST-151a80d5,0.0,0.0,1,Audit account access. Revoke product access if subscription is Canceled/Expired and no grace period applies.,Customer CUST-151a80d5 has product usage records but no Active or Past Due subscription found.
Active Usage Without Billing,CUST-ab53b700,0.0,0.0,1,Audit account access. Revoke product access if subscription is Canceled/Expired and no grace period applies.,Customer CUST-ab53b700 has product usage records but no Active or Past Due subscription found.
Active Usage Without Billing,CUST-7b2fff43,0.0,0.0,1,Audit account access. Revoke product access if subscription is Canceled/Expired and no grace period applies.,Customer CUST-7b2fff43 has product usage records but no Active or Past Due subscription found.
Active Usage Without Billing,CUST-161ee4c5,0.0,0.0,1,Audit account access. Revoke product access if subscription is Canceled/Expired and no grace period applies.,Customer CUST-161ee4c5 has product usage records but no Active or Past Due subscription found.
Active Usage Without Billing,CUST-04c27452,0.0,0.0,1,Audit account access. Revoke product access if subscription is Canceled/Expired and no grace period applies.,Customer CUST-04c27452 has product usage records but no Active or Past Due subscription found.
Active Usage Without Billing,CUST-de8f0cf8,0.0,0.0,1,Audit account access. Revoke product access if subscription is Canceled/Expired and no grace period applies.,Customer CUST-de8f0cf8 has product usage records but no Active or Past Due subscription found.
Active Usage Without Billing,CUST-89533620,0.0,0.0,1,Audit account access. Revoke product access if subscription is Canceled/Expired and no grace period applies.,Customer CUST-89533620 has product usage records but no Active or Past Due subscription found.
Active Usage Without Billing,CUST-d6f7d2a0,0.0,0.0,1,Audit account access. Revoke product access if subscription is Canceled/Expired and no grace period applies.,Customer CUST-d6f7d2a0 has product usage records but no Active or Past Due subscription found.
Active Usage Without Billing,CUST-3ac032b8,0.0,0.0,1,Audit account access. Revoke product access if subscription is Canceled/Expired and no grace period applies.,Customer CUST-3ac032b8 has product usage records but no Active or Past Due subscription found.
Active Usage Without Billing,CUST-19dba2e2,0.0,0.0,1,Audit account access. Revoke product access if subscription is Canceled/Expired and no grace period applies.,Customer CUST-19dba2e2 has product usage records but no Active or Past Due subscription found.
Active Usage Without Billing,CUST-e6e99c24,0.0,0.0,1,Audit account access. Revoke product access if subscription is Canceled/Expired and no grace period applies.,Customer CUST-e6e99c24 has product usage records but no Active or Past Due subscription found.
Active Usage Without Billing,CUST-741688ce,0.0,0.0,1,Audit account access. Revoke product access if subscription is Canceled/Expired and no grace period applies.,Customer CUST-741688ce has product usage records but no Active or Past Due subscription found.
Active Usage Without Billing,CUST-75707daa,0.0,0.0,1,Audit account access. Revoke product access if subscription is Canceled/Expired and no grace period applies.,Customer CUST-75707daa has product usage records but no Active or Past Due subscription found.
Active Usage Without Billing,CUST-20c3584e,0.0,0.0,1,Audit account access. Revoke product access if subscription is Canceled/Expired and no grace period applies.,Customer CUST-20c3584e has product usage records but no Active or Past Due subscription found.
Active Usage Without Billing,CUST-e489c556,0.0,0.0,1,Audit account access. Revoke product access if subscription is Canceled/Expired and no grace period applies.,Customer CUST-e489c556 has product usage records but no Active or Past Due subscription found.
Active Usage Without Billing,CUST-ee341a66,0.0,0.0,1,Audit account access. Revoke product access if subscription is Canceled/Expired and no grace period applies.,Customer CUST-ee341a66 has product usage records but no Active or Past Due subscription found.
Active Usage Without Billing,CUST-4d4b96cf,0.0,0.0,1,Audit account access. Revoke product access if subscription is Canceled/Expired and no grace period applies.,Customer CUST-4d4b96cf has product usage records but no Active or Past Due subscription found.
Active Usage Without Billing,CUST-cbc6c39b,0.0,0.0,1,Audit account access. Revoke product access if subscription is Canceled/Expired and no grace period applies.,Customer CUST-cbc6c39b has product usage records but no Active or Past Due subscription found.
Active Usage Without Billing,CUST-ab7cb2b9,0.0,0.0,1,Audit account access. Revoke product access if subscription is Canceled/Expired and no grace period applies.,Customer CUST-ab7cb2b9 has product usage records but no Active or Past Due subscription found.
Active Usage Without Billing,CUST-679ed425,0.0,0.0,1,Audit account access. Revoke product access if subscription is Canceled/Expired and no grace period applies.,Customer CUST-679ed425 has product usage records but no Active or Past Due subscription found.
Active Usage Without Billing,CUST-9c9d1f25,0.0,0.0,1,Audit account access. Revoke product access if subscription is Canceled/Expired and no grace period applies.,Customer CUST-9c9d1f25 has product usage records but no Active or Past Due subscription found.
Active Usage Without Billing,CUST-e04865e6,0.0,0.0,1,Audit account access. Revoke product access if subscription is Canceled/Expired and no grace period applies.,Customer CUST-e04865e6 has product usage records but no Active or Past Due subscription found.
Active Usage Without Billing,CUST-6efbb91b,0.0,0.0,1,Audit account access. Revoke product access if subscription is Canceled/Expired and no grace period applies.,Customer CUST-6efbb91b has product usage records but no Active or Past Due subscription found.
Active Usage Without Billing,CUST-fe8919af,0.0,0.0,1,Audit account access. Revoke product access if subscription is Canceled/Expired and no grace period applies.,Customer CUST-fe8919af has product usage records but no Active or Past Due subscription found.
Active Usage Without Billing,CUST-47d6d9f6,0.0,0.0,1,Audit account access. Revoke product access if subscription is Canceled/Expired and no grace period applies.,Customer CUST-47d6d9f6 has product usage records but no Active or Past Due subscription found.
Active Usage Without Billing,CUST-cac25f59,0.0,0.0,1,Audit account access. Revoke product access if subscription is Canceled/Expired and no grace period applies.,Customer CUST-cac25f59 has product usage records but no Active or Past Due subscription found.
Active Usage Without Billing,CUST-fde3832a,0.0,0.0,1,Audit account access. Revoke product access if subscription is Canceled/Expired and no grace period applies.,Customer CUST-fde3832a has product usage records but no Active or Past Due subscription found.
Active Usage Without Billing,CUST-6b1b1fa5,0.0,0.0,1,Audit account access. Revoke product access if subscription is Canceled/Expired and no grace period applies.,Customer CUST-6b1b1fa5 has product usage records but no Active or Past Due subscription found.
Active Usage Without Billing,CUST-e09fb676,0.0,0.0,1,Audit account access. Revoke product access if subscription is Canceled/Expired and no grace period applies.,Customer CUST-e09fb676 has product usage records but no Active or Past Due subscription found.
Active Usage Without Billing,CUST-5c09adc1,0.0,0.0,1,Audit account access. Revoke product access if subscription is Canceled/Expired and no grace period applies.,Customer CUST-5c09adc1 has product usage records but no Active or Past Due subscription found.
Active Usage Without Billing,CUST-6b83044a,0.0,0.0,1,Audit account access. Revoke product access if subscription is Canceled/Expired and no grace period applies.,Customer CUST-6b83044a has product usage records but no Active or Past Due subscription found.
Active Usage Without Billing,CUST-05d2aa92,0.0,0.0,1,Audit account access. Revoke product access if subscription is Canceled/Expired and no grace period applies.,Customer CUST-05d2aa92 has product usage records but no Active or Past Due subscription found.
Active Usage Without Billing,CUST-6a3a2bbc,0.0,0.0,1,Audit account access. Revoke product access if subscription is Canceled/Expired and no grace period applies.,Customer CUST-6a3a2bbc has product usage records but no Active or Past Due subscription found.
Active Usage Without Billing,CUST-ae0f44fc,0.0,0.0,1,Audit account access. Revoke product access if subscription is Canceled/Expired and no grace period applies.,Customer CUST-ae0f44fc has product usage records but no Active or Past Due subscription found.
Active Usage Without Billing,CUST-1e5ed6f6,0.0,0.0,1,Audit account access. Revoke product access if subscription is Canceled/Expired and no grace period applies.,Customer CUST-1e5ed6f6 has product usage records but no Active or Past Due subscription found.
Active Usage Without Billing,CUST-16dd4f66,0.0,0.0,1,Audit account access. Revoke product access if subscription is Canceled/Expired and no grace period applies.,Customer CUST-16dd4f66 has product usage records but no Active or Past Due subscription found.
Active Usage Without Billing,CUST-705d33ea,0.0,0.0,1,Audit account access. Revoke product access if subscription is Canceled/Expired and no grace period applies.,Customer CUST-705d33ea has product usage records but no Active or Past Due subscription found.
Active Usage Without Billing,CUST-eb79910c,0.0,0.0,1,Audit account access. Revoke product access if subscription is Canceled/Expired and no grace period applies.,Customer CUST-eb79910c has product usage records but no Active or Past Due subscription found.
Active Usage Without Billing,CUST-4c613a85,0.0,0.0,1,Audit account access. Revoke product access if subscription is Canceled/Expired and no grace period applies.,Customer CUST-4c613a85 has product usage records but no Active or Past Due subscription found.
Active Usage Without Billing,CUST-05f91b81,0.0,0.0,1,Audit account access. Revoke product access if subscription is Canceled/Expired and no grace period applies.,Customer CUST-05f91b81 has product usage records but no Active or Past Due subscription found.
Active Usage Without Billing,CUST-83184d71,0.0,0.0,1,Audit account access. Revoke product access if subscription is Canceled/Expired and no grace period applies.,Customer CUST-83184d71 has product usage records but no Active or Past Due subscription found.
Active Usage Without Billing,CUST-5ff529a8,0.0,0.0,1,Audit account access. Revoke product access if subscription is Canceled/Expired and no grace period applies.,Customer CUST-5ff529a8 has product usage records but no Active or Past Due subscription found.
Active Usage Without Billing,CUST-742e32b7,0.0,0.0,1,Audit account access. Revoke product access if subscription is Canceled/Expired and no grace period applies.,Customer CUST-742e32b7 has product usage records but no Active or Past Due subscription found.
Active Usage Without Billing,CUST-ca0c3d0a,0.0,0.0,1,Audit account access. Revoke product access if subscription is Canceled/Expired and no grace period applies.,Customer CUST-ca0c3d0a has product usage records but no Active or Past Due subscription found.
Active Usage Without Billing,CUST-299a503a,0.0,0.0,1,Audit account access. Revoke product access if subscription is Canceled/Expired and no grace period applies.,Customer CUST-299a503a has product usage records but no Active or Past Due subscription found.
Active Usage Without Billing,CUST-b984ef98,0.0,0.0,1,Audit account access. Revoke product access if subscription is Canceled/Expired and no grace period applies.,Customer CUST-b984ef98 has product usage records but no Active or Past Due subscription found.
Active Usage Without Billing,CUST-55d583ba,0.0,0.0,1,Audit account access. Revoke product access if subscription is Canceled/Expired and no grace period applies.,Customer CUST-55d583ba has product usage records but no Active or Past Due subscription found.
Active Usage Without Billing,CUST-fef128df,0.0,0.0,1,Audit account access. Revoke product access if subscription is Canceled/Expired and no grace period applies.,Customer CUST-fef128df has product usage records but no Active or Past Due subscription found.
Active Usage Without Billing,CUST-ca55489e,0.0,0.0,1,Audit account access. Revoke product access if subscription is Canceled/Expired and no grace period applies.,Customer CUST-ca55489e has product usage records but no Active or Past Due subscription found.
Active Usage Without Billing,CUST-549ec586,0.0,0.0,1,Audit account access. Revoke product access if subscription is Canceled/Expired and no grace period applies.,Customer CUST-549ec586 has product usage records but no Active or Past Due subscription found.
Active Usage Without Billing,CUST-ec89e273,0.0,0.0,1,Audit account access. Revoke product access if subscription is Canceled/Expired and no grace period applies.,Customer CUST-ec89e273 has product usage records but no Active or Past Due subscription found.
Active Usage Without Billing,CUST-64ce0362,0.0,0.0,1,Audit account access. Revoke product access if subscription is Canceled/Expired and no grace period applies.,Customer CUST-64ce0362 has product usage records but no Active or Past Due subscription found.
Active Usage Without Billing,CUST-04380d57,0.0,0.0,1,Audit account access. Revoke product access if subscription is Canceled/Expired and no grace period applies.,Customer CUST-04380d57 has product usage records but no Active or Past Due subscription found.
Active Usage Without Billing,CUST-5592705c,0.0,0.0,1,Audit account access. Revoke product access if subscription is Canceled/Expired and no grace period applies.,Customer CUST-5592705c has product usage records but no Active or Past Due subscription found.
Active Usage Without Billing,CUST-256d010d,0.0,0.0,1,Audit account access. Revoke product access if subscription is Canceled/Expired and no grace period applies.,Customer CUST-256d010d has product usage records but no Active or Past Due subscription found.
Active Usage Without Billing,CUST-856962a3,0.0,0.0,1,Audit account access. Revoke product access if subscription is Canceled/Expired and no grace period applies.,Customer CUST-856962a3 has product usage records but no Active or Past Due subscription found.
Active Usage Without Billing,CUST-a0218962,0.0,0.0,1,Audit account access. Revoke product access if subscription is Canceled/Expired and no grace period applies.,Customer CUST-a0218962 has product usage records but no Active or Past Due subscription found.
Active Usage Without Billing,CUST-24820ce9,0.0,0.0,1,Audit account access. Revoke product access if subscription is Canceled/Expired and no grace period applies.,Customer CUST-24820ce9 has product usage records but no Active or Past Due subscription found.
Active Usage Without Billing,CUST-a539d8a4,0.0,0.0,1,Audit account access. Revoke product access if subscription is Canceled/Expired and no grace period applies.,Customer CUST-a539d8a4 has product usage records but no Active or Past Due subscription found.
Active Usage Without Billing,CUST-77266baf,0.0,0.0,1,Audit account access. Revoke product access if subscription is Canceled/Expired and no grace period applies.,Customer CUST-77266baf has product usage records but no Active or Past Due subscription found.
Active Usage Without Billing,CUST-dbfc307d,0.0,0.0,1,Audit account access. Revoke product access if subscription is Canceled/Expired and no grace period applies.,Customer CUST-dbfc307d has product usage records but no Active or Past Due subscription found.
Active Usage Without Billing,CUST-6a61bd4e,0.0,0.0,1,Audit account access. Revoke product access if subscription is Canceled/Expired and no grace period applies.,Customer CUST-6a61bd4e has product usage records but no Active or Past Due subscription found.
Active Usage Without Billing,CUST-a16ff662,0.0,0.0,1,Audit account access. Revoke product access if subscription is Canceled/Expired and no grace period applies.,Customer CUST-a16ff662 has product usage records but no Active or Past Due subscription found.
Active Usage Without Billing,CUST-a0330957,0.0,0.0,1,Audit account access. Revoke product access if subscription is Canceled/Expired and no grace period applies.,Customer CUST-a0330957 has product usage records but no Active or Past Due subscription found.
Active Usage Without Billing,CUST-ee64003b,0.0,0.0,1,Audit account access. Revoke product access if subscription is Canceled/Expired and no grace period applies.,Customer CUST-ee64003b has product usage records but no Active or Past Due subscription found.
Active Usage Without Billing,CUST-8ae1bfd4,0.0,0.0,1,Audit account access. Revoke product access if subscription is Canceled/Expired and no grace period applies.,Customer CUST-8ae1bfd4 has product usage records but no Active or Past Due subscription found.
Active Usage Without Billing,CUST-d387ceae,0.0,0.0,1,Audit account access. Revoke product access if subscription is Canceled/Expired and no grace period applies.,Customer CUST-d387ceae has product usage records but no Active or Past Due subscription found.
Active Usage Without Billing,CUST-94135c46,0.0,0.0,1,Audit account access. Revoke product access if subscription is Canceled/Expired and no grace period applies.,Customer CUST-94135c46 has product usage records but no Active or Past Due subscription found.
Active Usage Without Billing,CUST-f40e61e7,0.0,0.0,1,Audit account access. Revoke product access if subscription is Canceled/Expired and no grace period applies.,Customer CUST-f40e61e7 has product usage records but no Active or Past Due subscription found.
Active Usage Without Billing,CUST-4f59ecea,0.0,0.0,1,Audit account access. Revoke product access if subscription is Canceled/Expired and no grace period applies.,Customer CUST-4f59ecea has product usage records but no Active or Past Due subscription found.
Active Usage Without Billing,CUST-f6514292,0.0,0.0,1,Audit account access. Revoke product access if subscription is Canceled/Expired and no grace period applies.,Customer CUST-f6514292 has product usage records but no Active or Past Due subscription found.
Active Usage Without Billing,CUST-eaaa9b3e,0.0,0.0,1,Audit account access. Revoke product access if subscription is Canceled/Expired and no grace period applies.,Customer CUST-eaaa9b3e has product usage records but no Active or Past Due subscription found.
Active Usage Without Billing,CUST-56142681,0.0,0.0,1,Audit account access. Revoke product access if subscription is Canceled/Expired and no grace period applies.,Customer CUST-56142681 has product usage records but no Active or Past Due subscription found.
Active Usage Without Billing,CUST-0786f9c9,0.0,0.0,1,Audit account access. Revoke product access if subscription is Canceled/Expired and no grace period applies.,Customer CUST-0786f9c9 has product usage records but no Active or Past Due subscription found.
Active Usage Without Billing,CUST-2b4efc04,0.0,0.0,1,Audit account access. Revoke product access if subscription is Canceled/Expired and no grace period applies.,Customer CUST-2b4efc04 has product usage records but no Active or Past Due subscription found.
Active Usage Without Billing,CUST-718109c8,0.0,0.0,1,Audit account access. Revoke product access if subscription is Canceled/Expired and no grace period applies.,Customer CUST-718109c8 has product usage records but no Active or Past Due subscription found.
Active Usage Without Billing,CUST-8d38755b,0.0,0.0,1,Audit account access. Revoke product access if subscription is Canceled/Expired and no grace period applies.,Customer CUST-8d38755b has product usage records but no Active or Past Due subscription found.
Active Usage Without Billing,CUST-c6872524,0.0,0.0,1,Audit account access. Revoke product access if subscription is Canceled/Expired and no grace period applies.,Customer CUST-c6872524 has product usage records but no Active or Past Due subscription found.
Active Usage Without Billing,CUST-8ae77d73,0.0,0.0,1,Audit account access. Revoke product access if subscription is Canceled/Expired and no grace period applies.,Customer CUST-8ae77d73 has product usage records but no Active or Past Due subscription found.
Active Usage Without Billing,CUST-5e40f4e9,0.0,0.0,1,Audit account access. Revoke product access if subscription is Canceled/Expired and no grace period applies.,Customer CUST-5e40f4e9 has product usage records but no Active or Past Due subscription found.
Active Usage Without Billing,CUST-da2d4335,0.0,0.0,1,Audit account access. Revoke product access if subscription is Canceled/Expired and no grace period applies.,Customer CUST-da2d4335 has product usage records but no Active or Past Due subscription found.
Active Usage Without Billing,CUST-9d106d5c,0.0,0.0,1,Audit account access. Revoke product access if subscription is Canceled/Expired and no grace period applies.,Customer CUST-9d106d5c has product usage records but no Active or Past Due subscription found.
Active Usage Without Billing,CUST-8e6001ba,0.0,0.0,1,Audit account access. Revoke product access if subscription is Canceled/Expired and no grace period applies.,Customer CUST-8e6001ba has product usage records but no Active or Past Due subscription found.
Active Usage Without Billing,CUST-97bf46a4,0.0,0.0,1,Audit account access. Revoke product access if subscription is Canceled/Expired and no grace period applies.,Customer CUST-97bf46a4 has product usage records but no Active or Past Due subscription found.
Active Usage Without Billing,CUST-122a2bd6,0.0,0.0,1,Audit account access. Revoke product access if subscription is Canceled/Expired and no grace period applies.,Customer CUST-122a2bd6 has product usage records but no Active or Past Due subscription found.
Active Usage Without Billing,CUST-e4dbd38d,0.0,0.0,1,Audit account access. Revoke product access if subscription is Canceled/Expired and no grace period applies.,Customer CUST-e4dbd38d has product usage records but no Active or Past Due subscription found.
Active Usage Without Billing,CUST-552704a2,0.0,0.0,1,Audit account access. Revoke product access if subscription is Canceled/Expired and no grace period applies.,Customer CUST-552704a2 has product usage records but no Active or Past Due subscription found.
Active Usage Without Billing,CUST-434e0a68,0.0,0.0,1,Audit account access. Revoke product access if subscription is Canceled/Expired and no grace period applies.,Customer CUST-434e0a68 has product usage records but no Active or Past Due subscription found.
Active Usage Without Billing,CUST-2fb17359,0.0,0.0,1,Audit account access. Revoke product access if subscription is Canceled/Expired and no grace period applies.,Customer CUST-2fb17359 has product usage records but no Active or Past Due subscription found.
Active Usage Without Billing,CUST-2565bfe6,0.0,0.0,1,Audit account access. Revoke product access if subscription is Canceled/Expired and no grace period applies.,Customer CUST-2565bfe6 has product usage records but no Active or Past Due subscription found.
Active Usage Without Billing,CUST-299bbbdc,0.0,0.0,1,Audit account access. Revoke product access if subscription is Canceled/Expired and no grace period applies.,Customer CUST-299bbbdc has product usage records but no Active or Past Due subscription found.
Active Usage Without Billing,CUST-437adb51,0.0,0.0,1,Audit account access. Revoke product access if subscription is Canceled/Expired and no grace period applies.,Customer CUST-437adb51 has product usage records but no Active or Past Due subscription found.
Active Usage Without Billing,CUST-286b0f2c,0.0,0.0,1,Audit account access. Revoke product access if subscription is Canceled/Expired and no grace period applies.,Customer CUST-286b0f2c has product usage records but no Active or Past Due subscription found.
Active Usage Without Billing,CUST-5e627f58,0.0,0.0,1,Audit account access. Revoke product access if subscription is Canceled/Expired and no grace period applies.,Customer CUST-5e627f58 has product usage records but no Active or Past Due subscription found.
Active Usage Without Billing,CUST-47a35dc2,0.0,0.0,1,Audit account access. Revoke product access if subscription is Canceled/Expired and no grace period applies.,Customer CUST-47a35dc2 has product usage records but no Active or Past Due subscription found.
Active Usage Without Billing,CUST-6dd6aa56,0.0,0.0,1,Audit account access. Revoke product access if subscription is Canceled/Expired and no grace period applies.,Customer CUST-6dd6aa56 has product usage records but no Active or Past Due subscription found.
Active Usage Without Billing,CUST-f0d9df4e,0.0,0.0,1,Audit account access. Revoke product access if subscription is Canceled/Expired and no grace period applies.,Customer CUST-f0d9df4e has product usage records but no Active or Past Due subscription found.
Active Usage Without Billing,CUST-0368b278,0.0,0.0,1,Audit account access. Revoke product access if subscription is Canceled/Expired and no grace period applies.,Customer CUST-0368b278 has product usage records but no Active or Past Due subscription found.
Active Usage Without Billing,CUST-be9f4199,0.0,0.0,1,Audit account access. Revoke product access if subscription is Canceled/Expired and no grace period applies.,Customer CUST-be9f4199 has product usage records but no Active or Past Due subscription found.
Active Usage Without Billing,CUST-84193de4,0.0,0.0,1,Audit account access. Revoke product access if subscription is Canceled/Expired and no grace period applies.,Customer CUST-84193de4 has product usage records but no Active or Past Due subscription found.
Active Usage Without Billing,CUST-578cba9f,0.0,0.0,1,Audit account access. Revoke product access if subscription is Canceled/Expired and no grace period applies.,Customer CUST-578cba9f has product usage records but no Active or Past Due subscription found.
Active Usage Without Billing,CUST-604e12dd,0.0,0.0,1,Audit account access. Revoke product access if subscription is Canceled/Expired and no grace period applies.,Customer CUST-604e12dd has product usage records but no Active or Past Due subscription found.
Active Usage Without Billing,CUST-433ef580,0.0,0.0,1,Audit account access. Revoke product access if subscription is Canceled/Expired and no grace period applies.,Customer CUST-433ef580 has product usage records but no Active or Past Due subscription found.
Active Usage Without Billing,CUST-8b965eeb,0.0,0.0,1,Audit account access. Revoke product access if subscription is Canceled/Expired and no grace period applies.,Customer CUST-8b965eeb has product usage records but no Active or Past Due subscription found.
Active Usage Without Billing,CUST-cb3e7dbd,0.0,0.0,1,Audit account access. Revoke product access if subscription is Canceled/Expired and no grace period applies.,Customer CUST-cb3e7dbd has product usage records but no Active or Past Due subscription found.
Active Usage Without Billing,CUST-3fac006b,0.0,0.0,1,Audit account access. Revoke product access if subscription is Canceled/Expired and no grace period applies.,Customer CUST-3fac006b has product usage records but no Active or Past Due subscription found.
Active Usage Without Billing,CUST-bda53b39,0.0,0.0,1,Audit account access. Revoke product access if subscription is Canceled/Expired and no grace period applies.,Customer CUST-bda53b39 has product usage records but no Active or Past Due subscription found.
Active Usage Without Billing,CUST-49195643,0.0,0.0,1,Audit account access. Revoke product access if subscription is Canceled/Expired and no grace period applies.,Customer CUST-49195643 has product usage records but no Active or Past Due subscription found.
Active Usage Without Billing,CUST-e0bba678,0.0,0.0,1,Audit account access. Revoke product access if subscription is Canceled/Expired and no grace period applies.,Customer CUST-e0bba678 has product usage records but no Active or Past Due subscription found.
Active Usage Without Billing,CUST-2bae8873,0.0,0.0,1,Audit account access. Revoke product access if subscription is Canceled/Expired and no grace period applies.,Customer CUST-2bae8873 has product usage records but no Active or Past Due subscription found.
Active Usage Without Billing,CUST-03417ac3,0.0,0.0,1,Audit account access. Revoke product access if subscription is Canceled/Expired and no grace period applies.,Customer CUST-03417ac3 has product usage records but no Active or Past Due subscription found.
Active Usage Without Billing,CUST-82c8d8be,0.0,0.0,1,Audit account access. Revoke product access if subscription is Canceled/Expired and no grace period applies.,Customer CUST-82c8d8be has product usage records but no Active or Past Due subscription found.
Active Usage Without Billing,CUST-4cf37234,0.0,0.0,1,Audit account access. Revoke product access if subscription is Canceled/Expired and no grace period applies.,Customer CUST-4cf37234 has product usage records but no Active or Past Due subscription found.
Active Usage Without Billing,CUST-7a2f88e9,0.0,0.0,1,Audit account access. Revoke product access if subscription is Canceled/Expired and no grace period applies.,Customer CUST-7a2f88e9 has product usage records but no Active or Past Due subscription found.
Active Usage Without Billing,CUST-76d4c4aa,0.0,0.0,1,Audit account access. Revoke product access if subscription is Canceled/Expired and no grace period applies.,Customer CUST-76d4c4aa has product usage records but no Active or Past Due subscription found.
Active Usage Without Billing,CUST-1524a146,0.0,0.0,1,Audit account access. Revoke product access if subscription is Canceled/Expired and no grace period applies.,Customer CUST-1524a146 has product usage records but no Active or Past Due subscription found.
Active Usage Without Billing,CUST-86c6d587,0.0,0.0,1,Audit account access. Revoke product access if subscription is Canceled/Expired and no grace period applies.,Customer CUST-86c6d587 has product usage records but no Active or Past Due subscription found.
Active Usage Without Billing,CUST-8994c27b,0.0,0.0,1,Audit account access. Revoke product access if subscription is Canceled/Expired and no grace period applies.,Customer CUST-8994c27b has product usage records but no Active or Past Due subscription found.
Active Usage Without Billing,CUST-8ff8a8c9,0.0,0.0,1,Audit account access. Revoke product access if subscription is Canceled/Expired and no grace period applies.,Customer CUST-8ff8a8c9 has product usage records but no Active or Past Due subscription found.
Active Usage Without Billing,CUST-93d203d1,0.0,0.0,1,Audit account access. Revoke product access if subscription is Canceled/Expired and no grace period applies.,Customer CUST-93d203d1 has product usage records but no Active or Past Due subscription found.
Active Usage Without Billing,CUST-6dd472b0,0.0,0.0,1,Audit account access. Revoke product access if subscription is Canceled/Expired and no grace period applies.,Customer CUST-6dd472b0 has product usage records but no Active or Past Due subscription found.
Active Usage Without Billing,CUST-0ed81a6a,0.0,0.0,1,Audit account access. Revoke product access if subscription is Canceled/Expired and no grace period applies.,Customer CUST-0ed81a6a has product usage records but no Active or Past Due subscription found.
Active Usage Without Billing,CUST-f2eb4c6d,0.0,0.0,1,Audit account access. Revoke product access if subscription is Canceled/Expired and no grace period applies.,Customer CUST-f2eb4c6d has product usage records but no Active or Past Due subscription found.
Active Usage Without Billing,CUST-f7383446,0.0,0.0,1,Audit account access. Revoke product access if subscription is Canceled/Expired and no grace period applies.,Customer CUST-f7383446 has product usage records but no Active or Past Due subscription found.
Active Usage Without Billing,CUST-ca3a43b8,0.0,0.0,1,Audit account access. Revoke product access if subscription is Canceled/Expired and no grace period applies.,Customer CUST-ca3a43b8 has product usage records but no Active or Past Due subscription found.
Active Usage Without Billing,CUST-57df11ea,0.0,0.0,1,Audit account access. Revoke product access if subscription is Canceled/Expired and no grace period applies.,Customer CUST-57df11ea has product usage records but no Active or Past Due subscription found.
Active Usage Without Billing,CUST-3f158293,0.0,0.0,1,Audit account access. Revoke product access if subscription is Canceled/Expired and no grace period applies.,Customer CUST-3f158293 has product usage records but no Active or Past Due subscription found.
Active Usage Without Billing,CUST-48f84fb2,0.0,0.0,1,Audit account access. Revoke product access if subscription is Canceled/Expired and no grace period applies.,Customer CUST-48f84fb2 has product usage records but no Active or Past Due subscription found.
Active Usage Without Billing,CUST-f67e2964,0.0,0.0,1,Audit account access. Revoke product access if subscription is Canceled/Expired and no grace period applies.,Customer CUST-f67e2964 has product usage records but no Active or Past Due subscription found.
Active Usage Without Billing,CUST-6bf6fa87,0.0,0.0,1,Audit account access. Revoke product access if subscription is Canceled/Expired and no grace period applies.,Customer CUST-6bf6fa87 has product usage records but no Active or Past Due subscription found.
Active Usage Without Billing,CUST-af3f30f7,0.0,0.0,1,Audit account access. Revoke product access if subscription is Canceled/Expired and no grace period applies.,Customer CUST-af3f30f7 has product usage records but no Active or Past Due subscription found.
Active Usage Without Billing,CUST-f1fec33c,0.0,0.0,1,Audit account access. Revoke product access if subscription is Canceled/Expired and no grace period applies.,Customer CUST-f1fec33c has product usage records but no Active or Past Due subscription found.
Active Usage Without Billing,CUST-144d5d26,0.0,0.0,1,Audit account access. Revoke product access if subscription is Canceled/Expired and no grace period applies.,Customer CUST-144d5d26 has product usage records but no Active or Past Due subscription found.
Active Usage Without Billing,CUST-3cbe5c79,0.0,0.0,1,Audit account access. Revoke product access if subscription is Canceled/Expired and no grace period applies.,Customer CUST-3cbe5c79 has product usage records but no Active or Past Due subscription found.
Active Usage Without Billing,CUST-d4d65cd5,0.0,0.0,1,Audit account access. Revoke product access if subscription is Canceled/Expired and no grace period applies.,Customer CUST-d4d65cd5 has product usage records but no Active or Past Due subscription found.
Active Usage Without Billing,CUST-df8afc93,0.0,0.0,1,Audit account access. Revoke product access if subscription is Canceled/Expired and no grace period applies.,Customer CUST-df8afc93 has product usage records but no Active or Past Due subscription found.
Active Usage Without Billing,CUST-6f9d9cde,0.0,0.0,1,Audit account access. Revoke product access if subscription is Canceled/Expired and no grace period applies.,Customer CUST-6f9d9cde has product usage records but no Active or Past Due subscription found.
Active Usage Without Billing,CUST-046c76ba,0.0,0.0,1,Audit account access. Revoke product access if subscription is Canceled/Expired and no grace period applies.,Customer CUST-046c76ba has product usage records but no Active or Past Due subscription found.
Active Usage Without Billing,CUST-790a5f2e,0.0,0.0,1,Audit account access. Revoke product access if subscription is Canceled/Expired and no grace period applies.,Customer CUST-790a5f2e has product usage records but no Active or Past Due subscription found.
Active Usage Without Billing,CUST-a23a93ca,0.0,0.0,1,Audit account access. Revoke product access if subscription is Canceled/Expired and no grace period applies.,Customer CUST-a23a93ca has product usage records but no Active or Past Due subscription found.
Active Usage Without Billing,CUST-fb538081,0.0,0.0,1,Audit account access. Revoke product access if subscription is Canceled/Expired and no grace period applies.,Customer CUST-fb538081 has product usage records but no Active or Past Due subscription found.
Active Usage Without Billing,CUST-139cee93,0.0,0.0,1,Audit account access. Revoke product access if subscription is Canceled/Expired and no grace period applies.,Customer CUST-139cee93 has product usage records but no Active or Past Due subscription found.
Active Usage Without Billing,CUST-e94793ea,0.0,0.0,1,Audit account access. Revoke product access if subscription is Canceled/Expired and no grace period applies.,Customer CUST-e94793ea has product usage records but no Active or Past Due subscription found.
Active Usage Without Billing,CUST-cb351f80,0.0,0.0,1,Audit account access. Revoke product access if subscription is Canceled/Expired and no grace period applies.,Customer CUST-cb351f80 has product usage records but no Active or Past Due subscription found.
Active Usage Without Billing,CUST-f080fb6f,0.0,0.0,1,Audit account access. Revoke product access if subscription is Canceled/Expired and no grace period applies.,Customer CUST-f080fb6f has product usage records but no Active or Past Due subscription found.
Active Usage Without Billing,CUST-93c7cce5,0.0,0.0,1,Audit account access. Revoke product access if subscription is Canceled/Expired and no grace period applies.,Customer CUST-93c7cce5 has product usage records but no Active or Past Due subscription found.
Active Usage Without Billing,CUST-ead84775,0.0,0.0,1,Audit account access. Revoke product access if subscription is Canceled/Expired and no grace period applies.,Customer CUST-ead84775 has product usage records but no Active or Past Due subscription found.
Active Usage Without Billing,CUST-98e44085,0.0,0.0,1,Audit account access. Revoke product access if subscription is Canceled/Expired and no grace period applies.,Customer CUST-98e44085 has product usage records but no Active or Past Due subscription found.
Active Usage Without Billing,CUST-edb5e15d,0.0,0.0,1,Audit account access. Revoke product access if subscription is Canceled/Expired and no grace period applies.,Customer CUST-edb5e15d has product usage records but no Active or Past Due subscription found.
Active Usage Without Billing,CUST-96daf4f7,0.0,0.0,1,Audit account access. Revoke product access if subscription is Canceled/Expired and no grace period applies.,Customer CUST-96daf4f7 has product usage records but no Active or Past Due subscription found.
Active Usage Without Billing,CUST-132ac675,0.0,0.0,1,Audit account access. Revoke product access if subscription is Canceled/Expired and no grace period applies.,Customer CUST-132ac675 has product usage records but no Active or Past Due subscription found.
Active Usage Without Billing,CUST-2eac505c,0.0,0.0,1,Audit account access. Revoke product access if subscription is Canceled/Expired and no grace period applies.,Customer CUST-2eac505c has product usage records but no Active or Past Due subscription found.
Active Usage Without Billing,CUST-a9789b72,0.0,0.0,1,Audit account access. Revoke product access if subscription is Canceled/Expired and no grace period applies.,Customer CUST-a9789b72 has product usage records but no Active or Past Due subscription found.
Active Usage Without Billing,CUST-cb3c240f,0.0,0.0,1,Audit account access. Revoke product access if subscription is Canceled/Expired and no grace period applies.,Customer CUST-cb3c240f has product usage records but no Active or Past Due subscription found.
Active Usage Without Billing,CUST-da70f1c3,0.0,0.0,1,Audit account access. Revoke product access if subscription is Canceled/Expired and no grace period applies.,Customer CUST-da70f1c3 has product usage records but no Active or Past Due subscription found.
Active Usage Without Billing,CUST-3f36a156,0.0,0.0,1,Audit account access. Revoke product access if subscription is Canceled/Expired and no grace period applies.,Customer CUST-3f36a156 has product usage records but no Active or Past Due subscription found.
Active Usage Without Billing,CUST-bb1f88f4,0.0,0.0,1,Audit account access. Revoke product access if subscription is Canceled/Expired and no grace period applies.,Customer CUST-bb1f88f4 has product usage records but no Active or Past Due subscription found.
Active Usage Without Billing,CUST-0063bc5d,0.0,0.0,1,Audit account access. Revoke product access if subscription is Canceled/Expired and no grace period applies.,Customer CUST-0063bc5d has product usage records but no Active or Past Due subscription found.
Active Usage Without Billing,CUST-e3d9b691,0.0,0.0,1,Audit account access. Revoke product access if subscription is Canceled/Expired and no grace period applies.,Customer CUST-e3d9b691 has product usage records but no Active or Past Due subscription found.
Active Usage Without Billing,CUST-315ad390,0.0,0.0,1,Audit account access. Revoke product access if subscription is Canceled/Expired and no grace period applies.,Customer CUST-315ad390 has product usage records but no Active or Past Due subscription found.
Active Usage Without Billing,CUST-79022429,0.0,0.0,1,Audit account access. Revoke product access if subscription is Canceled/Expired and no grace period applies.,Customer CUST-79022429 has product usage records but no Active or Past Due subscription found.
Active Usage Without Billing,CUST-006f8d23,0.0,0.0,1,Audit account access. Revoke product access if subscription is Canceled/Expired and no grace period applies.,Customer CUST-006f8d23 has product usage records but no Active or Past Due subscription found.
Active Usage Without Billing,CUST-e5fe2b23,0.0,0.0,1,Audit account access. Revoke product access if subscription is Canceled/Expired and no grace period applies.,Customer CUST-e5fe2b23 has product usage records but no Active or Past Due subscription found.
Active Usage Without Billing,CUST-147bce1b,0.0,0.0,1,Audit account access. Revoke product access if subscription is Canceled/Expired and no grace period applies.,Customer CUST-147bce1b has product usage records but no Active or Past Due subscription found.
Active Usage Without Billing,CUST-8536506a,0.0,0.0,1,Audit account access. Revoke product access if subscription is Canceled/Expired and no grace period applies.,Customer CUST-8536506a has product usage records but no Active or Past Due subscription found.
Active Usage Without Billing,CUST-9c3a5dc8,0.0,0.0,1,Audit account access. Revoke product access if subscription is Canceled/Expired and no grace period applies.,Customer CUST-9c3a5dc8 has product usage records but no Active or Past Due subscription found.
Active Usage Without Billing,CUST-7bc3be48,0.0,0.0,1,Audit account access. Revoke product access if subscription is Canceled/Expired and no grace period applies.,Customer CUST-7bc3be48 has product usage records but no Active or Past Due subscription found.
Active Usage Without Billing,CUST-c1c851c8,0.0,0.0,1,Audit account access. Revoke product access if subscription is Canceled/Expired and no grace period applies.,Customer CUST-c1c851c8 has product usage records but no Active or Past Due subscription found.
Active Usage Without Billing,CUST-893e1d87,0.0,0.0,1,Audit account access. Revoke product access if subscription is Canceled/Expired and no grace period applies.,Customer CUST-893e1d87 has product usage records but no Active or Past Due subscription found.
Active Usage Without Billing,CUST-69b830d2,0.0,0.0,1,Audit account access. Revoke product access if subscription is Canceled/Expired and no grace period applies.,Customer CUST-69b830d2 has product usage records but no Active or Past Due subscription found.
Active Usage Without Billing,CUST-93e562c0,0.0,0.0,1,Audit account access. Revoke product access if subscription is Canceled/Expired and no grace period applies.,Customer CUST-93e562c0 has product usage records but no Active or Past Due subscription found.
Active Usage Without Billing,CUST-174cc56b,0.0,0.0,1,Audit account access. Revoke product access if subscription is Canceled/Expired and no grace period applies.,Customer CUST-174cc56b has product usage records but no Active or Past Due subscription found.
Active Usage Without Billing,CUST-827eb435,0.0,0.0,1,Audit account access. Revoke product access if subscription is Canceled/Expired and no grace period applies.,Customer CUST-827eb435 has product usage records but no Active or Past Due subscription found.
Active Usage Without Billing,CUST-9041ec25,0.0,0.0,1,Audit account access. Revoke product access if subscription is Canceled/Expired and no grace period applies.,Customer CUST-9041ec25 has product usage records but no Active or Past Due subscription found.
Active Usage Without Billing,CUST-64fe35fd,0.0,0.0,1,Audit account access. Revoke product access if subscription is Canceled/Expired and no grace period applies.,Customer CUST-64fe35fd has product usage records but no Active or Past Due subscription found.
Active Usage Without Billing,CUST-080da586,0.0,0.0,1,Audit account access. Revoke product access if subscription is Canceled/Expired and no grace period applies.,Customer CUST-080da586 has product usage records but no Active or Past Due subscription found.
Active Usage Without Billing,CUST-abdc8129,0.0,0.0,1,Audit account access. Revoke product access if subscription is Canceled/Expired and no grace period applies.,Customer CUST-abdc8129 has product usage records but no Active or Past Due subscription found.
Active Usage Without Billing,CUST-691c8730,0.0,0.0,1,Audit account access. Revoke product access if subscription is Canceled/Expired and no grace period applies.,Customer CUST-691c8730 has product usage records but no Active or Past Due subscription found.
Active Usage Without Billing,CUST-f10cb580,0.0,0.0,1,Audit account access. Revoke product access if subscription is Canceled/Expired and no grace period applies.,Customer CUST-f10cb580 has product usage records but no Active or Past Due subscription found.
Active Usage Without Billing,CUST-93c40157,0.0,0.0,1,Audit account access. Revoke product access if subscription is Canceled/Expired and no grace period applies.,Customer CUST-93c40157 has product usage records but no Active or Past Due subscription found.
Active Usage Without Billing,CUST-35201a65,0.0,0.0,1,Audit account access. Revoke product access if subscription is Canceled/Expired and no grace period applies.,Customer CUST-35201a65 has product usage records but no Active or Past Due subscription found.
Active Usage Without Billing,CUST-064a2133,0.0,0.0,1,Audit account access. Revoke product access if subscription is Canceled/Expired and no grace period applies.,Customer CUST-064a2133 has product usage records but no Active or Past Due subscription found.
Active Usage Without Billing,CUST-c6ec3702,0.0,0.0,1,Audit account access. Revoke product access if subscription is Canceled/Expired and no grace period applies.,Customer CUST-c6ec3702 has product usage records but no Active or Past Due subscription found.
Active Usage Without Billing,CUST-5ca98895,0.0,0.0,1,Audit account access. Revoke product access if subscription is Canceled/Expired and no grace period applies.,Customer CUST-5ca98895 has product usage records but no Active or Past Due subscription found.
Active Usage Without Billing,CUST-9f4dca65,0.0,0.0,1,Audit account access. Revoke product access if subscription is Canceled/Expired and no grace period applies.,Customer CUST-9f4dca65 has product usage records but no Active or Past Due subscription found.
Active Usage Without Billing,CUST-95499959,0.0,0.0,1,Audit account access. Revoke product access if subscription is Canceled/Expired and no grace period applies.,Customer CUST-95499959 has product usage records but no Active or Past Due subscription found.
Active Usage Without Billing,CUST-f3a8a357,0.0,0.0,1,Audit account access. Revoke product access if subscription is Canceled/Expired and no grace period applies.,Customer CUST-f3a8a357 has product usage records but no Active or Past Due subscription found.
Active Usage Without Billing,CUST-6e5ce4d4,0.0,0.0,1,Audit account access. Revoke product access if subscription is Canceled/Expired and no grace period applies.,Customer CUST-6e5ce4d4 has product usage records but no Active or Past Due subscription found.
Active Usage Without Billing,CUST-9cf8f888,0.0,0.0,1,Audit account access. Revoke product access if subscription is Canceled/Expired and no grace period applies.,Customer CUST-9cf8f888 has product usage records but no Active or Past Due subscription found.
Active Usage Without Billing,CUST-7d8148a0,0.0,0.0,1,Audit account access. Revoke product access if subscription is Canceled/Expired and no grace period applies.,Customer CUST-7d8148a0 has product usage records but no Active or Past Due subscription found.
Active Usage Without Billing,CUST-00f7a941,0.0,0.0,1,Audit account access. Revoke product access if subscription is Canceled/Expired and no grace period applies.,Customer CUST-00f7a941 has product usage records but no Active or Past Due subscription found.
Active Usage Without Billing,CUST-e70bd133,0.0,0.0,1,Audit account access. Revoke product access if subscription is Canceled/Expired and no grace period applies.,Customer CUST-e70bd133 has product usage records but no Active or Past Due subscription found.
Active Usage Without Billing,CUST-35bc9068,0.0,0.0,1,Audit account access. Revoke product access if subscription is Canceled/Expired and no grace period applies.,Customer CUST-35bc9068 has product usage records but no Active or Past Due subscription found.
Active Usage Without Billing,CUST-d10f422b,0.0,0.0,1,Audit account access. Revoke product access if subscription is Canceled/Expired and no grace period applies.,Customer CUST-d10f422b has product usage records but no Active or Past Due subscription found.
Active Usage Without Billing,CUST-a3d6e5ec,0.0,0.0,1,Audit account access. Revoke product access if subscription is Canceled/Expired and no grace period applies.,Customer CUST-a3d6e5ec has product usage records but no Active or Past Due subscription found.
Active Usage Without Billing,CUST-4f63ae8b,0.0,0.0,1,Audit account access. Revoke product access if subscription is Canceled/Expired and no grace period applies.,Customer CUST-4f63ae8b has product usage records but no Active or Past Due subscription found.
Active Usage Without Billing,CUST-5e8d064b,0.0,0.0,1,Audit account access. Revoke product access if subscription is Canceled/Expired and no grace period applies.,Customer CUST-5e8d064b has product usage records but no Active or Past Due subscription found.
Active Usage Without Billing,CUST-97145da0,0.0,0.0,1,Audit account access. Revoke product access if subscription is Canceled/Expired and no grace period applies.,Customer CUST-97145da0 has product usage records but no Active or Past Due subscription found.
Active Usage Without Billing,CUST-f1fa2eaa,0.0,0.0,1,Audit account access. Revoke product access if subscription is Canceled/Expired and no grace period applies.,Customer CUST-f1fa2eaa has product usage records but no Active or Past Due subscription found.
Active Usage Without Billing,CUST-ad6fca99,0.0,0.0,1,Audit account access. Revoke product access if subscription is Canceled/Expired and no grace period applies.,Customer CUST-ad6fca99 has product usage records but no Active or Past Due subscription found.
Active Usage Without Billing,CUST-036e2285,0.0,0.0,1,Audit account access. Revoke product access if subscription is Canceled/Expired and no grace period applies.,Customer CUST-036e2285 has product usage records but no Active or Past Due subscription found.
Active Usage Without Billing,CUST-2872acb4,0.0,0.0,1,Audit account access. Revoke product access if subscription is Canceled/Expired and no grace period applies.,Customer CUST-2872acb4 has product usage records but no Active or Past Due subscription found.
Active Usage Without Billing,CUST-e433dd8c,0.0,0.0,1,Audit account access. Revoke product access if subscription is Canceled/Expired and no grace period applies.,Customer CUST-e433dd8c has product usage records but no Active or Past Due subscription found.
Active Usage Without Billing,CUST-830abdc0,0.0,0.0,1,Audit account access. Revoke product access if subscription is Canceled/Expired and no grace period applies.,Customer CUST-830abdc0 has product usage records but no Active or Past Due subscription found.
Active Usage Without Billing,CUST-91102861,0.0,0.0,1,Audit account access. Revoke product access if subscription is Canceled/Expired and no grace period applies.,Customer CUST-91102861 has product usage records but no Active or Past Due subscription found.
Active Usage Without Billing,CUST-3f6e870b,0.0,0.0,1,Audit account access. Revoke product access if subscription is Canceled/Expired and no grace period applies.,Customer CUST-3f6e870b has product usage records but no Active or Past Due subscription found.
Active Usage Without Billing,CUST-6e5f1e75,0.0,0.0,1,Audit account access. Revoke product access if subscription is Canceled/Expired and no grace period applies.,Customer CUST-6e5f1e75 has product usage records but no Active or Past Due subscription found.
Active Usage Without Billing,CUST-9a6226bd,0.0,0.0,1,Audit account access. Revoke product access if subscription is Canceled/Expired and no grace period applies.,Customer CUST-9a6226bd has product usage records but no Active or Past Due subscription found.
Active Usage Without Billing,CUST-8cd43467,0.0,0.0,1,Audit account access. Revoke product access if subscription is Canceled/Expired and no grace period applies.,Customer CUST-8cd43467 has product usage records but no Active or Past Due subscription found.
Active Usage Without Billing,CUST-c7b40f76,0.0,0.0,1,Audit account access. Revoke product access if subscription is Canceled/Expired and no grace period applies.,Customer CUST-c7b40f76 has product usage records but no Active or Past Due subscription found.
Active Usage Without Billing,CUST-1893b60b,0.0,0.0,1,Audit account access. Revoke product access if subscription is Canceled/Expired and no grace period applies.,Customer CUST-1893b60b has product usage records but no Active or Past Due subscription found.
Active Usage Without Billing,CUST-2e400e04,0.0,0.0,1,Audit account access. Revoke product access if subscription is Canceled/Expired and no grace period applies.,Customer CUST-2e400e04 has product usage records but no Active or Past Due subscription found.
Active Usage Without Billing,CUST-5be71367,0.0,0.0,1,Audit account access. Revoke product access if subscription is Canceled/Expired and no grace period applies.,Customer CUST-5be71367 has product usage records but no Active or Past Due subscription found.
Active Usage Without Billing,CUST-be68bc71,0.0,0.0,1,Audit account access. Revoke product access if subscription is Canceled/Expired and no grace period applies.,Customer CUST-be68bc71 has product usage records but no Active or Past Due subscription found.
Active Usage Without Billing,CUST-d6336b29,0.0,0.0,1,Audit account access. Revoke product access if subscription is Canceled/Expired and no grace period applies.,Customer CUST-d6336b29 has product usage records but no Active or Past Due subscription found.
Active Usage Without Billing,CUST-7ffacf3e,0.0,0.0,1,Audit account access. Revoke product access if subscription is Canceled/Expired and no grace period applies.,Customer CUST-7ffacf3e has product usage records but no Active or Past Due subscription found.
Active Usage Without Billing,CUST-25c76e06,0.0,0.0,1,Audit account access. Revoke product access if subscription is Canceled/Expired and no grace period applies.,Customer CUST-25c76e06 has product usage records but no Active or Past Due subscription found.
Active Usage Without Billing,CUST-c88f1e95,0.0,0.0,1,Audit account access. Revoke product access if subscription is Canceled/Expired and no grace period applies.,Customer CUST-c88f1e95 has product usage records but no Active or Past Due subscription found.
Active Usage Without Billing,CUST-d3520c1f,0.0,0.0,1,Audit account access. Revoke product access if subscription is Canceled/Expired and no grace period applies.,Customer CUST-d3520c1f has product usage records but no Active or Past Due subscription found.
Active Usage Without Billing,CUST-826b669f,0.0,0.0,1,Audit account access. Revoke product access if subscription is Canceled/Expired and no grace period applies.,Customer CUST-826b669f has product usage records but no Active or Past Due subscription found.
Active Usage Without Billing,CUST-00e08588,0.0,0.0,1,Audit account access. Revoke product access if subscription is Canceled/Expired and no grace period applies.,Customer CUST-00e08588 has product usage records but no Active or Past Due subscription found.
Active Usage Without Billing,CUST-e1cdc284,0.0,0.0,1,Audit account access. Revoke product access if subscription is Canceled/Expired and no grace period applies.,Customer CUST-e1cdc284 has product usage records but no Active or Past Due subscription found.
Active Usage Without Billing,CUST-7bcf372b,0.0,0.0,1,Audit account access. Revoke product access if subscription is Canceled/Expired and no grace period applies.,Customer CUST-7bcf372b has product usage records but no Active or Past Due subscription found.
Active Usage Without Billing,CUST-5514854b,0.0,0.0,1,Audit account access. Revoke product access if subscription is Canceled/Expired and no grace period applies.,Customer CUST-5514854b has product usage records but no Active or Past Due subscription found.
Active Usage Without Billing,CUST-dd520177,0.0,0.0,1,Audit account access. Revoke product access if subscription is Canceled/Expired and no grace period applies.,Customer CUST-dd520177 has product usage records but no Active or Past Due subscription found.
Active Usage Without Billing,CUST-2f3eb2eb,0.0,0.0,1,Audit account access. Revoke product access if subscription is Canceled/Expired and no grace period applies.,Customer CUST-2f3eb2eb has product usage records but no Active or Past Due subscription found.
Active Usage Without Billing,CUST-abbc1a27,0.0,0.0,1,Audit account access. Revoke product access if subscription is Canceled/Expired and no grace period applies.,Customer CUST-abbc1a27 has product usage records but no Active or Past Due subscription found.
Active Usage Without Billing,CUST-a82e02f2,0.0,0.0,1,Audit account access. Revoke product access if subscription is Canceled/Expired and no grace period applies.,Customer CUST-a82e02f2 has product usage records but no Active or Past Due subscription found.
Active Usage Without Billing,CUST-d137f591,0.0,0.0,1,Audit account access. Revoke product access if subscription is Canceled/Expired and no grace period applies.,Customer CUST-d137f591 has product usage records but no Active or Past Due subscription found.
Active Usage Without Billing,CUST-657e21b8,0.0,0.0,1,Audit account access. Revoke product access if subscription is Canceled/Expired and no grace period applies.,Customer CUST-657e21b8 has product usage records but no Active or Past Due subscription found.
Active Usage Without Billing,CUST-8c03be60,0.0,0.0,1,Audit account access. Revoke product access if subscription is Canceled/Expired and no grace period applies.,Customer CUST-8c03be60 has product usage records but no Active or Past Due subscription found.
Active Usage Without Billing,CUST-fccf0628,0.0,0.0,1,Audit account access. Revoke product access if subscription is Canceled/Expired and no grace period applies.,Customer CUST-fccf0628 has product usage records but no Active or Past Due subscription found.
Active Usage Without Billing,CUST-2411f308,0.0,0.0,1,Audit account access. Revoke product access if subscription is Canceled/Expired and no grace period applies.,Customer CUST-2411f308 has product usage records but no Active or Past Due subscription found.
Active Usage Without Billing,CUST-bcb7edf8,0.0,0.0,1,Audit account access. Revoke product access if subscription is Canceled/Expired and no grace period applies.,Customer CUST-bcb7edf8 has product usage records but no Active or Past Due subscription found.
Active Usage Without Billing,CUST-20246ddc,0.0,0.0,1,Audit account access. Revoke product access if subscription is Canceled/Expired and no grace period applies.,Customer CUST-20246ddc has product usage records but no Active or Past Due subscription found.
Active Usage Without Billing,CUST-c4c4e773,0.0,0.0,1,Audit account access. Revoke product access if subscription is Canceled/Expired and no grace period applies.,Customer CUST-c4c4e773 has product usage records but no Active or Past Due subscription found.
Active Usage Without Billing,CUST-a4bf3b9f,0.0,0.0,1,Audit account access. Revoke product access if subscription is Canceled/Expired and no grace period applies.,Customer CUST-a4bf3b9f has product usage records but no Active or Past Due subscription found.
Active Usage Without Billing,CUST-1c8c040e,0.0,0.0,1,Audit account access. Revoke product access if subscription is Canceled/Expired and no grace period applies.,Customer CUST-1c8c040e has product usage records but no Active or Past Due subscription found.
Active Usage Without Billing,CUST-976fa4cf,0.0,0.0,1,Audit account access. Revoke product access if subscription is Canceled/Expired and no grace period applies.,Customer CUST-976fa4cf has product usage records but no Active or Past Due subscription found.
Active Usage Without Billing,CUST-6f068a29,0.0,0.0,1,Audit account access. Revoke product access if subscription is Canceled/Expired and no grace period applies.,Customer CUST-6f068a29 has product usage records but no Active or Past Due subscription found.
Active Usage Without Billing,CUST-051bbe6e,0.0,0.0,1,Audit account access. Revoke product access if subscription is Canceled/Expired and no grace period applies.,Customer CUST-051bbe6e has product usage records but no Active or Past Due subscription found.
Active Usage Without Billing,CUST-1be1bcb9,0.0,0.0,1,Audit account access. Revoke product access if subscription is Canceled/Expired and no grace period applies.,Customer CUST-1be1bcb9 has product usage records but no Active or Past Due subscription found.
Active Usage Without Billing,CUST-4d4eeb2f,0.0,0.0,1,Audit account access. Revoke product access if subscription is Canceled/Expired and no grace period applies.,Customer CUST-4d4eeb2f has product usage records but no Active or Past Due subscription found.
Active Usage Without Billing,CUST-f111ef74,0.0,0.0,1,Audit account access. Revoke product access if subscription is Canceled/Expired and no grace period applies.,Customer CUST-f111ef74 has product usage records but no Active or Past Due subscription found.
Active Usage Without Billing,CUST-63748bb8,0.0,0.0,1,Audit account access. Revoke product access if subscription is Canceled/Expired and no grace period applies.,Customer CUST-63748bb8 has product usage records but no Active or Past Due subscription found.
Active Usage Without Billing,CUST-fd5f5c62,0.0,0.0,1,Audit account access. Revoke product access if subscription is Canceled/Expired and no grace period applies.,Customer CUST-fd5f5c62 has product usage records but no Active or Past Due subscription found.
Active Usage Without Billing,CUST-99abd6f7,0.0,0.0,1,Audit account access. Revoke product access if subscription is Canceled/Expired and no grace period applies.,Customer CUST-99abd6f7 has product usage records but no Active or Past Due subscription found.
Active Usage Without Billing,CUST-6467358e,0.0,0.0,1,Audit account access. Revoke product access if subscription is Canceled/Expired and no grace period applies.,Customer CUST-6467358e has product usage records but no Active or Past Due subscription found.
Active Usage Without Billing,CUST-28e383f7,0.0,0.0,1,Audit account access. Revoke product access if subscription is Canceled/Expired and no grace period applies.,Customer CUST-28e383f7 has product usage records but no Active or Past Due subscription found.
Active Usage Without Billing,CUST-3af3ee83,0.0,0.0,1,Audit account access. Revoke product access if subscription is Canceled/Expired and no grace period applies.,Customer CUST-3af3ee83 has product usage records but no Active or Past Due subscription found.
Active Usage Without Billing,CUST-ddb1e5a1,0.0,0.0,1,Audit account access. Revoke product access if subscription is Canceled/Expired and no grace period applies.,Customer CUST-ddb1e5a1 has product usage records but no Active or Past Due subscription found.
Active Usage Without Billing,CUST-d2a83c0c,0.0,0.0,1,Audit account access. Revoke product access if subscription is Canceled/Expired and no grace period applies.,Customer CUST-d2a83c0c has product usage records but no Active or Past Due subscription found.
Active Usage Without Billing,CUST-a8d6e9c1,0.0,0.0,1,Audit account access. Revoke product access if subscription is Canceled/Expired and no grace period applies.,Customer CUST-a8d6e9c1 has product usage records but no Active or Past Due subscription found.
Active Usage Without Billing,CUST-910dae2c,0.0,0.0,1,Audit account access. Revoke product access if subscription is Canceled/Expired and no grace period applies.,Customer CUST-910dae2c has product usage records but no Active or Past Due subscription found.
Active Usage Without Billing,CUST-09887606,0.0,0.0,1,Audit account access. Revoke product access if subscription is Canceled/Expired and no grace period applies.,Customer CUST-09887606 has product usage records but no Active or Past Due subscription found.
Active Usage Without Billing,CUST-7dc0724f,0.0,0.0,1,Audit account access. Revoke product access if subscription is Canceled/Expired and no grace period applies.,Customer CUST-7dc0724f has product usage records but no Active or Past Due subscription found.
Active Usage Without Billing,CUST-2131a0cf,0.0,0.0,1,Audit account access. Revoke product access if subscription is Canceled/Expired and no grace period applies.,Customer CUST-2131a0cf has product usage records but no Active or Past Due subscription found.
Active Usage Without Billing,CUST-2adaf15e,0.0,0.0,1,Audit account access. Revoke product access if subscription is Canceled/Expired and no grace period applies.,Customer CUST-2adaf15e has product usage records but no Active or Past Due subscription found.
Active Usage Without Billing,CUST-4d8ee3f9,0.0,0.0,1,Audit account access. Revoke product access if subscription is Canceled/Expired and no grace period applies.,Customer CUST-4d8ee3f9 has product usage records but no Active or Past Due subscription found.
Active Usage Without Billing,CUST-593f6c8d,0.0,0.0,1,Audit account access. Revoke product access if subscription is Canceled/Expired and no grace period applies.,Customer CUST-593f6c8d has product usage records but no Active or Past Due subscription found.
Active Usage Without Billing,CUST-fb0eee8f,0.0,0.0,1,Audit account access. Revoke product access if subscription is Canceled/Expired and no grace period applies.,Customer CUST-fb0eee8f has product usage records but no Active or Past Due subscription found.
